{"type":"FeatureCollection","features":[{"type":"Feature","properties":{"Electric_Facility_Type":"موزع كهرباء","Easting":"031° 33' 27.8\" E","Northing":"30° 15' 48.93\" N","Description":null,"ID":"D.P.1","sectors":"القطاع الثاني","Implementing":"شركة الكتروالهانى","SHAPE_Length":85.34993335316835,"SHAPE_Area":300.0385918245373,"__networkId":"electricity","__networkName":"شبكة الكهرباء","__layerId":"electricity_facilities","__layerName":"منشآت شبكة الكهرباء","__assetName":"منشآت الكهرباء","__geometryKind":"polygon","__featureIndex":1,"__length_m":85.35,"__area_m2":300.04,"__typeValue":"موزع كهرباء"},"geometry":{"type":"Polygon","coordinates":[[[31.559548623198353,30.26378897893188],[31.55954983861896,30.26371759335783],[31.559246252070373,30.26373049715472],[31.55924579752281,30.26379711178648],[31.559548623198353,30.26378897893188]]]}},{"type":"Feature","properties":{"Electric_Facility_Type":"كشك","Easting":"031° 33' 41.94\" E","Northing":"30° 15' 52.15\" N","Description":null,"ID":"TR7/4/2","sectors":"القطاع الثاني","Implementing":"شركة الكتروالهانى","SHAPE_Length":32.23146506824877,"SHAPE_Area":63.74505288839836,"__networkId":"electricity","__networkName":"شبكة الكهرباء","__layerId":"electricity_facilities","__layerName":"منشآت شبكة الكهرباء","__assetName":"منشآت الكهرباء","__geometryKind":"polygon","__featureIndex":2,"__length_m":32.23,"__area_m2":63.75,"__typeValue":"كشك"},"geometry":{"type":"Polygon","coordinates":[[[31.563378400867684,30.264641097784036],[31.56330298999451,30.264612937180182],[31.563278352799554,30.264662653306782],[31.563353762774394,30.264690814672214],[31.563378400867684,30.264641097784036]]]}},{"type":"Feature","properties":{"Electric_Facility_Type":"كشك","Easting":"031° 33' 45.86\" E","Northing":"30° 15' 53.73\" N","Description":null,"ID":"TR8/4/2","sectors":"القطاع الثاني","Implementing":"شركة الكتروالهانى","SHAPE_Length":32.23300009075454,"SHAPE_Area":63.74734582455243,"__networkId":"electricity","__networkName":"شبكة الكهرباء","__layerId":"electricity_facilities","__layerName":"منشآت شبكة الكهرباء","__assetName":"منشآت الكهرباء","__geometryKind":"polygon","__featureIndex":3,"__length_m":32.23,"__area_m2":63.75,"__typeValue":"كشك"},"geometry":{"type":"Polygon","coordinates":[[[31.56446611155642,30.265083575497183],[31.56439271201118,30.26505165977208],[31.56436478698224,30.265100050478036],[31.56443818652748,30.265131966187358],[31.56446611155642,30.265083575497183]]]}},{"type":"Feature","properties":{"Electric_Facility_Type":"كشك","Easting":"031° 33' 15.93\" E","Northing":"30° 15' 54.68\" N","Description":null,"ID":"TR4/2/1","sectors":"القطاع الثاني","Implementing":"شركة الكتروالهانى","SHAPE_Length":32.243082850436835,"SHAPE_Area":63.74765213010615,"__networkId":"electricity","__networkName":"شبكة الكهرباء","__layerId":"electricity_facilities","__layerName":"منشآت شبكة الكهرباء","__assetName":"منشآت الكهرباء","__geometryKind":"polygon","__featureIndex":4,"__length_m":32.24,"__area_m2":63.75,"__typeValue":"كشك"},"geometry":{"type":"Polygon","coordinates":[[[31.556150669279383,30.265341132341952],[31.556100245944172,30.26530929661584],[31.556051957904394,30.265366925541638],[31.556102378544647,30.265398761249124],[31.556150669279383,30.265341132341952]]]}},{"type":"Feature","properties":{"Electric_Facility_Type":"كشك","Easting":"031° 33' 27.33\" E","Northing":"30° 15' 57.56\" N","Description":null,"ID":"TR8/1/1","sectors":"القطاع الثاني","Implementing":"شركة الكتروالهانى","SHAPE_Length":32.23054272620011,"SHAPE_Area":63.748767320099816,"__networkId":"electricity","__networkName":"شبكة الكهرباء","__layerId":"electricity_facilities","__layerName":"منشآت شبكة الكهرباء","__assetName":"منشآت الكهرباء","__geometryKind":"polygon","__featureIndex":5,"__length_m":32.23,"__area_m2":63.75,"__typeValue":"كشك"},"geometry":{"type":"Polygon","coordinates":[[[31.559315743045776,30.266169906573346],[31.559298115404964,30.26611799317225],[31.559219369985467,30.266138137840674],[31.559236997626307,30.266190052782825],[31.559315743045776,30.266169906573346]]]}},{"type":"Feature","properties":{"Electric_Facility_Type":"كشك","Easting":"031° 33' 13.91\" E","Northing":"30° 15' 57.96\" N","Description":null,"ID":"TR6/2/1","sectors":"القطاع الثاني","Implementing":"شركة الكتروالهانى","SHAPE_Length":32.24819028513181,"SHAPE_Area":63.748647004363974,"__networkId":"electricity","__networkName":"شبكة الكهرباء","__layerId":"electricity_facilities","__layerName":"منشآت شبكة الكهرباء","__assetName":"منشآت الكهرباء","__geometryKind":"polygon","__featureIndex":6,"__length_m":32.25,"__area_m2":63.75,"__typeValue":"كشك"},"geometry":{"type":"Polygon","coordinates":[[[31.555583110089625,30.26624159916014],[31.555524569577507,30.266222969784057],[31.55549631037528,30.266289874451147],[31.555554849989104,30.266308504590416],[31.555583110089625,30.26624159916014]]]}},{"type":"Feature","properties":{"Electric_Facility_Type":"كشك","Easting":"031° 33' 34.21\" E","Northing":"30° 15' 58.7\" N","Description":null,"ID":"TR5/1/1","sectors":"القطاع الثاني","Implementing":"شركة الكتروالهانى","SHAPE_Length":32.232407063082164,"SHAPE_Area":63.74926985473252,"__networkId":"electricity","__networkName":"شبكة الكهرباء","__layerId":"electricity_facilities","__layerName":"منشآت شبكة الكهرباء","__assetName":"منشآت الكهرباء","__geometryKind":"polygon","__featureIndex":7,"__length_m":32.23,"__area_m2":63.75,"__typeValue":"كشك"},"geometry":{"type":"Polygon","coordinates":[[[31.561228799766432,30.26646188810238],[31.561153141856558,30.266434230006567],[31.56112894214115,30.266484110470476],[31.561204601847614,30.266511768552245],[31.561228799766432,30.26646188810238]]]}},{"type":"Feature","properties":{"Electric_Facility_Type":"كشك","Easting":"031° 33' 57.53\" E","Northing":"30° 16' 0.0\" N","Description":null,"ID":"TR6/4/2","sectors":"القطاع الثاني","Implementing":"شركة الكتروالهانى","SHAPE_Length":32.23727893819141,"SHAPE_Area":63.7498743702472,"__networkId":"electricity","__networkName":"شبكة الكهرباء","__layerId":"electricity_facilities","__layerName":"منشآت شبكة الكهرباء","__assetName":"منشآت الكهرباء","__geometryKind":"polygon","__featureIndex":8,"__length_m":32.24,"__area_m2":63.75,"__typeValue":"كشك"},"geometry":{"type":"Polygon","coordinates":[[[31.567708029907187,30.266832894386948],[31.56764265680901,30.26678979127246],[31.567604941041807,30.266832889731813],[31.567670316834906,30.26687599360325],[31.567708029907187,30.266832894386948]]]}},{"type":"Feature","properties":{"Electric_Facility_Type":"كشك","Easting":"031° 33' 48.05\" E","Northing":"30° 16' 0.2\" N","Description":null,"ID":"TR9/4/2","sectors":"القطاع الثاني","Implementing":"شركة الكتروالهانى","SHAPE_Length":32.24582295744523,"SHAPE_Area":63.750574145069436,"__networkId":"electricity","__networkName":"شبكة الكهرباء","__layerId":"electricity_facilities","__layerName":"منشآت شبكة الكهرباء","__assetName":"منشآت الكهرباء","__geometryKind":"polygon","__featureIndex":9,"__length_m":32.25,"__area_m2":63.75,"__typeValue":"كشك"},"geometry":{"type":"Polygon","coordinates":[[[31.565070576232998,30.26687149204427],[31.565016801283452,30.266844097081588],[31.564975248811674,30.26690555554266],[31.565029023761227,30.266932950488187],[31.565070576232998,30.26687149204427]]]}},{"type":"Feature","properties":{"Electric_Facility_Type":"كشك","Easting":"031° 33' 24.53\" E","Northing":"30° 16' 1.45\" N","Description":null,"ID":"TR7/1/1","sectors":"القطاع الثاني","Implementing":"شركة الكتروالهانى","SHAPE_Length":32.2484453687657,"SHAPE_Area":63.74852195762418,"__networkId":"electricity","__networkName":"شبكة الكهرباء","__layerId":"electricity_facilities","__layerName":"منشآت شبكة الكهرباء","__assetName":"منشآت الكهرباء","__geometryKind":"polygon","__featureIndex":10,"__length_m":32.25,"__area_m2":63.75,"__typeValue":"كشك"},"geometry":{"type":"Polygon","coordinates":[[[31.55853334456932,30.267211006929415],[31.558474540850817,30.26719301394316],[31.558447249134165,30.267260221310583],[31.558506052852668,30.267278213508657],[31.55853334456932,30.267211006929415]]]}},{"type":"Feature","properties":{"Electric_Facility_Type":"كشك","Easting":"031° 33' 23.28\" E","Northing":"30° 16' 1.46\" N","Description":null,"ID":"TR8/2/1","sectors":"القطاع الثاني","Implementing":"شركة الكتروالهانى","SHAPE_Length":32.248945840948004,"SHAPE_Area":63.74916963412499,"__networkId":"electricity","__networkName":"شبكة الكهرباء","__layerId":"electricity_facilities","__layerName":"منشآت شبكة الكهرباء","__assetName":"منشآت الكهرباء","__geometryKind":"polygon","__featureIndex":11,"__length_m":32.25,"__area_m2":63.75,"__typeValue":"كشك"},"geometry":{"type":"Polygon","coordinates":[[[31.55818587891235,30.267212915546622],[31.558126448169777,30.26719654721318],[31.558101619633664,30.267264470697224],[31.558161049477906,30.267280838243483],[31.55818587891235,30.267212915546622]]]}},{"type":"Feature","properties":{"Electric_Facility_Type":"كشك","Easting":"031° 33' 41.45\" E","Northing":"30° 16' 1.49\" N","Description":null,"ID":"TR10/4/2","sectors":"القطاع الثاني","Implementing":"شركة الكتروالهانى","SHAPE_Length":32.23333812281913,"SHAPE_Area":63.74882750407131,"__networkId":"electricity","__networkName":"شبكة الكهرباء","__layerId":"electricity_facilities","__layerName":"منشآت شبكة الكهرباء","__assetName":"منشآت الكهرباء","__geometryKind":"polygon","__featureIndex":12,"__length_m":32.23,"__area_m2":63.75,"__typeValue":"كشك"},"geometry":{"type":"Polygon","coordinates":[[[31.563240787949297,30.267237450584776],[31.563167509676628,30.267205320646454],[31.563139398696457,30.26725362804978],[31.563212674274162,30.267285757972296],[31.563240787949297,30.267237450584776]]]}},{"type":"Feature","properties":{"Electric_Facility_Type":"كشك","Easting":"031° 34' 0.68\" E","Northing":"30° 16' 2.16\" N","Description":null,"ID":"TR5/4/2","sectors":"القطاع الثاني","Implementing":"شركة الكتروالهانى","SHAPE_Length":32.2384384953482,"SHAPE_Area":63.74900331783941,"__networkId":"electricity","__networkName":"شبكة الكهرباء","__layerId":"electricity_facilities","__layerName":"منشآت شبكة الكهرباء","__assetName":"منشآت الكهرباء","__geometryKind":"polygon","__featureIndex":13,"__length_m":32.24,"__area_m2":63.75,"__typeValue":"كشك"},"geometry":{"type":"Polygon","coordinates":[[[31.568582988095574,30.267436606002473],[31.5685206584896,30.267390225923595],[31.568480079791584,30.267431316972363],[31.56854240670263,30.267477694704276],[31.568582988095574,30.267436606002473]]]}},{"type":"Feature","properties":{"Electric_Facility_Type":"كشك","Easting":"031° 33' 46.24\" E","Northing":"30° 16' 4.91\" N","Description":null,"ID":"TR10/5/2","sectors":"القطاع الثاني","Implementing":"شركة الكتروالهانى","SHAPE_Length":32.23541767238759,"SHAPE_Area":63.75123355734266,"__networkId":"electricity","__networkName":"شبكة الكهرباء","__layerId":"electricity_facilities","__layerName":"منشآت شبكة الكهرباء","__assetName":"منشآت الكهرباء","__geometryKind":"polygon","__featureIndex":14,"__length_m":32.24,"__area_m2":63.75,"__typeValue":"كشك"},"geometry":{"type":"Polygon","coordinates":[[[31.564572057064396,30.268190975347657],[31.564501850131677,30.268154040862573],[31.564469533239325,30.268200326702456],[31.56453974286701,30.26823726117012],[31.564572057064396,30.268190975347657]]]}},{"type":"Feature","properties":{"Electric_Facility_Type":"كشك","Easting":"031° 33' 16.17\" E","Northing":"30° 16' 6.21\" N","Description":null,"ID":"TR7/2/1","sectors":"القطاع الثاني","Implementing":"شركة الكتروالهانى","SHAPE_Length":32.23277216459803,"SHAPE_Area":63.75267199598464,"__networkId":"electricity","__networkName":"شبكة الكهرباء","__layerId":"electricity_facilities","__layerName":"منشآت شبكة الكهرباء","__assetName":"منشآت الكهرباء","__geometryKind":"polygon","__featureIndex":15,"__length_m":32.23,"__area_m2":63.75,"__typeValue":"كشك"},"geometry":{"type":"Polygon","coordinates":[[[31.556218934952778,30.268546644301317],[31.556142761409934,30.26852006444893],[31.556119505823876,30.268570280572014],[31.556195677570052,30.26859686041081],[31.556218934952778,30.268546644301317]]]}},{"type":"Feature","properties":{"Electric_Facility_Type":"كشك","Easting":"031° 33' 51.51\" E","Northing":"30° 16' 6.9\" N","Description":null,"ID":"TR2/4/2","sectors":"القطاع الثاني","Implementing":"شركة الكتروالهانى","SHAPE_Length":32.22511237033081,"SHAPE_Area":63.69615856844353,"__networkId":"electricity","__networkName":"شبكة الكهرباء","__layerId":"electricity_facilities","__layerName":"منشآت شبكة الكهرباء","__assetName":"منشآت الكهرباء","__geometryKind":"polygon","__featureIndex":16,"__length_m":32.23,"__area_m2":63.7,"__typeValue":"كشك"},"geometry":{"type":"Polygon","coordinates":[[[31.566037023341543,30.268747022128068],[31.565970276719277,30.268705531292017],[31.56593400454474,30.26874949475728],[31.566000751166975,30.268790985574814],[31.566037023341543,30.268747022128068]]]}},{"type":"Feature","properties":{"Electric_Facility_Type":"كشك","Easting":"031° 34' 6.44\" E","Northing":"30° 16' 6.91\" N","Description":null,"ID":"TR4/4/2","sectors":"القطاع الثاني","Implementing":"شركة الكتروالهانى","SHAPE_Length":32.2409716572931,"SHAPE_Area":63.7506124562139,"__networkId":"electricity","__networkName":"شبكة الكهرباء","__layerId":"electricity_facilities","__layerName":"منشآت شبكة الكهرباء","__assetName":"منشآت الكهرباء","__geometryKind":"polygon","__featureIndex":17,"__length_m":32.24,"__area_m2":63.75,"__typeValue":"كشك"},"geometry":{"type":"Polygon","coordinates":[[[31.57018454231336,30.268760501719406],[31.570127952942038,30.268708876752186],[31.57008278115799,30.268746182659964],[31.57013937142761,30.268797808383436],[31.57018454231336,30.268760501719406]]]}},{"type":"Feature","properties":{"Electric_Facility_Type":"كشك","Easting":"031° 33' 15.56\" E","Northing":"30° 16' 7.51\" N","Description":null,"ID":"TR6/1/3","sectors":"القطاع الثالث","Implementing":"شركة الكتروالهانى","SHAPE_Length":32.232772163353324,"SHAPE_Area":63.75182138255013,"__networkId":"electricity","__networkName":"شبكة الكهرباء","__layerId":"electricity_facilities","__layerName":"منشآت شبكة الكهرباء","__assetName":"منشآت الكهرباء","__geometryKind":"polygon","__featureIndex":18,"__length_m":32.23,"__area_m2":63.75,"__typeValue":"كشك"},"geometry":{"type":"Polygon","coordinates":[[[31.556049246788852,30.268907467471575],[31.555973075042676,30.268880887716882],[31.55594981765995,30.268931103655408],[31.556025991202798,30.268957683396508],[31.556049246788852,30.268907467471575]]]}},{"type":"Feature","properties":{"Electric_Facility_Type":"كشك","Easting":"031° 33' 36.37\" E","Northing":"30° 16' 7.53\" N","Description":null,"ID":"TR1/5/2","sectors":"القطاع الاول","Implementing":"شركة الكتروالهانى","SHAPE_Length":32.2536315324752,"SHAPE_Area":63.83133337456068,"__networkId":"electricity","__networkName":"شبكة الكهرباء","__layerId":"electricity_facilities","__layerName":"منشآت شبكة الكهرباء","__assetName":"منشآت الكهرباء","__geometryKind":"polygon","__featureIndex":19,"__length_m":32.25,"__area_m2":63.83,"__typeValue":"كشك"},"geometry":{"type":"Polygon","coordinates":[[[31.56182944570475,30.268913918641303],[31.561755101131833,30.268883587666004],[31.56172856130508,30.26893259871269],[31.5618029067763,30.2689629304487],[31.56182944570475,30.268913918641303]]]}},{"type":"Feature","properties":{"Electric_Facility_Type":"كشك","Easting":"031° 33' 24.4\" E","Northing":"30° 16' 9.18\" N","Description":null,"ID":"TR7/5/2","sectors":"القطاع الثاني","Implementing":"شركة الكتروالهانى","SHAPE_Length":32.23297477534646,"SHAPE_Area":63.753203161592374,"__networkId":"electricity","__networkName":"شبكة الكهرباء","__layerId":"electricity_facilities","__layerName":"منشآت شبكة الكهرباء","__assetName":"منشآت الكهرباء","__geometryKind":"polygon","__featureIndex":20,"__length_m":32.23,"__area_m2":63.75,"__typeValue":"كشك"},"geometry":{"type":"Polygon","coordinates":[[[31.558504835635436,30.26937087761597],[31.558428660295995,30.26934429953839],[31.558405406506534,30.269394516015673],[31.558481579151046,30.269421094079657],[31.558504835635436,30.26937087761597]]]}},{"type":"Feature","properties":{"Electric_Facility_Type":"كشك","Easting":"031° 33' 46.42\" E","Northing":"30° 16' 11.15\" N","Description":null,"ID":"TR1/4/2","sectors":"القطاع الثاني","Implementing":"شركة الكتروالهانى","SHAPE_Length":32.23743937274065,"SHAPE_Area":63.75221129463607,"__networkId":"electricity","__networkName":"شبكة الكهرباء","__layerId":"electricity_facilities","__layerName":"منشآت شبكة الكهرباء","__assetName":"منشآت الكهرباء","__geometryKind":"polygon","__featureIndex":21,"__length_m":32.24,"__area_m2":63.75,"__typeValue":"كشك"},"geometry":{"type":"Polygon","coordinates":[[[31.5646223088214,30.26992900704837],[31.564555960152806,30.269887038794668],[31.564519238820626,30.26993077984089],[31.564585587489216,30.26997274652419],[31.5646223088214,30.26992900704837]]]}},{"type":"Feature","properties":{"Electric_Facility_Type":"كشك","Easting":"031° 33' 56.25\" E","Northing":"30° 16' 11.29\" N","Description":null,"ID":"TR1/3/2","sectors":"القطاع الثاني","Implementing":"شركة الكتروالهانى","SHAPE_Length":32.23911585124771,"SHAPE_Area":63.7521777069939,"__networkId":"electricity","__networkName":"شبكة الكهرباء","__layerId":"electricity_facilities","__layerName":"منشآت شبكة الكهرباء","__assetName":"منشآت الكهرباء","__geometryKind":"polygon","__featureIndex":22,"__length_m":32.24,"__area_m2":63.75,"__typeValue":"كشك"},"geometry":{"type":"Polygon","coordinates":[[[31.567353160335642,30.269972827211458],[31.567290893611727,30.269926385487757],[31.567250257421527,30.26996743435555],[31.567312523247143,30.27001387605983],[31.567353160335642,30.269972827211458]]]}},{"type":"Feature","properties":{"Electric_Facility_Type":"كشك","Easting":"031° 33' 7.71\" E","Northing":"30° 16' 12.09\" N","Description":null,"ID":"TR7/1/3","sectors":"القطاع الثالث","Implementing":"شركة الكتروالهانى","SHAPE_Length":32.24842014258085,"SHAPE_Area":63.75341170687075,"__networkId":"electricity","__networkName":"شبكة الكهرباء","__layerId":"electricity_facilities","__layerName":"منشآت شبكة الكهرباء","__assetName":"منشآت الكهرباء","__geometryKind":"polygon","__featureIndex":23,"__length_m":32.25,"__area_m2":63.75,"__typeValue":"كشك"},"geometry":{"type":"Polygon","coordinates":[[[31.553863263020286,30.270170952199173],[31.55380614004969,30.27014925435584],[31.553773228472632,30.270214538727327],[31.553830348748274,30.27023623500453],[31.553863263020286,30.270170952199173]]]}},{"type":"Feature","properties":{"Electric_Facility_Type":"كشك","Easting":"031° 33' 46.01\" E","Northing":"30° 16' 12.43\" N","Description":null,"ID":"TR1/1/2","sectors":"القطاع الاول","Implementing":"شركة الكتروالهانى","SHAPE_Length":32.25818526654022,"SHAPE_Area":63.83339725858218,"__networkId":"electricity","__networkName":"شبكة الكهرباء","__layerId":"electricity_facilities","__layerName":"منشآت شبكة الكهرباء","__assetName":"منشآت الكهرباء","__geometryKind":"polygon","__featureIndex":24,"__length_m":32.26,"__area_m2":63.83,"__typeValue":"كشك"},"geometry":{"type":"Polygon","coordinates":[[[31.564510162242986,30.270284027312762],[31.564444232189345,30.27024148897086],[31.564407012292175,30.270284952885554],[31.564472942345848,30.27032749120862],[31.564510162242986,30.270284027312762]]]}},{"type":"Feature","properties":{"Electric_Facility_Type":"كشك","Easting":"031° 34' 11.37\" E","Northing":"30° 16' 14.2\" N","Description":null,"ID":"TR9/3/2","sectors":"القطاع الثاني","Implementing":"شركة الكتروالهانى","SHAPE_Length":32.2514038840132,"SHAPE_Area":63.75457086117404,"__networkId":"electricity","__networkName":"شبكة الكهرباء","__layerId":"electricity_facilities","__layerName":"منشآت شبكة الكهرباء","__assetName":"منشآت الكهرباء","__geometryKind":"polygon","__featureIndex":25,"__length_m":32.25,"__area_m2":63.75,"__typeValue":"كشك"},"geometry":{"type":"Polygon","coordinates":[[[31.57154005965291,30.270806893087727],[31.57152352705843,30.270737092987606],[31.57146245060224,30.270747991886093],[31.571478984993384,30.270817792754308],[31.57154005965291,30.270806893087727]]]}},{"type":"Feature","properties":{"Electric_Facility_Type":"كشك","Easting":"031° 33' 24.83\" E","Northing":"30° 16' 14.43\" N","Description":null,"ID":"TR6/5/2","sectors":"القطاع الثالث","Implementing":"شركة الكتروالهانى","SHAPE_Length":32.248561448228365,"SHAPE_Area":63.755800685829136,"__networkId":"electricity","__networkName":"شبكة الكهرباء","__layerId":"electricity_facilities","__layerName":"منشآت شبكة الكهرباء","__assetName":"منشآت الكهرباء","__geometryKind":"polygon","__featureIndex":26,"__length_m":32.25,"__area_m2":63.76,"__typeValue":"كشك"},"geometry":{"type":"Polygon","coordinates":[[[31.558619718482202,30.270820218781463],[31.5585634318431,30.270796933728725],[31.55852811008613,30.270861262620482],[31.558584397623527,30.270884548433802],[31.558619718482202,30.270820218781463]]]}},{"type":"Feature","properties":{"Electric_Facility_Type":"كشك","Easting":"031° 33' 35.59\" E","Northing":"30° 16' 14.4\" N","Description":null,"ID":"TR10/1/2","sectors":"القطاع الاول","Implementing":"شركة الكتروالهانى","SHAPE_Length":32.24265576812907,"SHAPE_Area":63.75436371867937,"__networkId":"electricity","__networkName":"شبكة الكهرباء","__layerId":"electricity_facilities","__layerName":"منشآت شبكة الكهرباء","__assetName":"منشآت الكهرباء","__geometryKind":"polygon","__featureIndex":27,"__length_m":32.24,"__area_m2":63.75,"__typeValue":"كشك"},"geometry":{"type":"Polygon","coordinates":[[[31.561612865483006,30.270824489737283],[31.56156656721157,30.27078823819964],[31.561511575044825,30.270841149954475],[31.561557872417932,30.27087740302426],[31.561612865483006,30.270824489737283]]]}},{"type":"Feature","properties":{"Electric_Facility_Type":"موزع كهرباء","Easting":"031° 33' 4.66\" E","Northing":"30° 16' 14.65\" N","Description":null,"ID":"D.P.4","sectors":"القطاع الثالث","Implementing":"شركة الكتروالهانى","SHAPE_Length":85.25614317516582,"SHAPE_Area":291.46740794016205,"__networkId":"electricity","__networkName":"شبكة الكهرباء","__layerId":"electricity_facilities","__layerName":"منشآت شبكة الكهرباء","__assetName":"منشآت الكهرباء","__geometryKind":"polygon","__featureIndex":28,"__length_m":85.26,"__area_m2":291.47,"__typeValue":"موزع كهرباء"},"geometry":{"type":"Polygon","coordinates":[[[31.553071487928857,30.27079635650948],[31.553001880172435,30.2707679827655],[31.55287228022639,30.27100805842411],[31.552942176342015,30.27103537541768],[31.553071487928857,30.27079635650948]]]}},{"type":"Feature","properties":{"Electric_Facility_Type":"كشك","Easting":"031° 33' 16.43\" E","Northing":"30° 16' 15.22\" N","Description":null,"ID":"TR10/1/3","sectors":"القطاع الثالث","Implementing":"شركة الكتروالهانى","SHAPE_Length":32.24749583080651,"SHAPE_Area":63.754666964544214,"__networkId":"electricity","__networkName":"شبكة الكهرباء","__layerId":"electricity_facilities","__layerName":"منشآت شبكة الكهرباء","__assetName":"منشآت الكهرباء","__geometryKind":"polygon","__featureIndex":29,"__length_m":32.25,"__area_m2":63.75,"__typeValue":"كشك"},"geometry":{"type":"Polygon","coordinates":[[[31.556287529409538,30.27104358137589],[31.556232577666993,30.271018004572625],[31.556193779429854,30.27108080571014],[31.556248730274103,30.271106381721182],[31.556287529409538,30.27104358137589]]]}},{"type":"Feature","properties":{"Electric_Facility_Type":"كشك","Easting":"031° 33' 50.29\" E","Northing":"30° 16' 15.51\" N","Description":null,"ID":"TR11/2/2","sectors":"القطاع الاول","Implementing":"شركة الكتروالهانى","SHAPE_Length":32.24066536052434,"SHAPE_Area":63.7543818663191,"__networkId":"electricity","__networkName":"شبكة الكهرباء","__layerId":"electricity_facilities","__layerName":"منشآت شبكة الكهرباء","__assetName":"منشآت الكهرباء","__geometryKind":"polygon","__featureIndex":30,"__length_m":32.24,"__area_m2":63.75,"__typeValue":"كشك"},"geometry":{"type":"Polygon","coordinates":[[[31.565697297569066,30.27114691804806],[31.565637304481143,30.27109827119531],[31.56559473960801,30.271137820670248],[31.565654732695965,30.271186466727553],[31.565697297569066,30.27114691804806]]]}},{"type":"Feature","properties":{"Electric_Facility_Type":"كشك","Easting":"031° 33' 54.85\" E","Northing":"30° 16' 17.79\" N","Description":null,"ID":"TR4/3/2","sectors":"القطاع الثاني","Implementing":"شركة الكتروالهانى","SHAPE_Length":32.2422556840095,"SHAPE_Area":63.755916378530245,"__networkId":"electricity","__networkName":"شبكة الكهرباء","__layerId":"electricity_facilities","__layerName":"منشآت شبكة الكهرباء","__assetName":"منشآت الكهرباء","__geometryKind":"polygon","__featureIndex":31,"__length_m":32.24,"__area_m2":63.76,"__typeValue":"كشك"},"geometry":{"type":"Polygon","coordinates":[[[31.566964885113663,30.27178135604847],[31.566908294844012,30.271729729566573],[31.56686312126334,30.271767036653877],[31.566919711532957,30.27181866311616],[31.566964885113663,30.27178135604847]]]}},{"type":"Feature","properties":{"Electric_Facility_Type":"كشك","Easting":"031° 33' 47.13\" E","Northing":"30° 16' 17.94\" N","Description":null,"ID":"TR10/2/2","sectors":"القطاع الاول","Implementing":"شركة الكتروالهانى","SHAPE_Length":32.2430756765623,"SHAPE_Area":63.755532484525524,"__networkId":"electricity","__networkName":"شبكة الكهرباء","__layerId":"electricity_facilities","__layerName":"منشآت شبكة الكهرباء","__assetName":"منشآت الكهرباء","__geometryKind":"polygon","__featureIndex":32,"__length_m":32.24,"__area_m2":63.76,"__typeValue":"كشك"},"geometry":{"type":"Polygon","coordinates":[[[31.564818433505796,30.27182564243084],[31.56476414561824,30.271772184250306],[31.564717370341373,30.271807971481632],[31.564771655534006,30.27186142964267],[31.564818433505796,30.27182564243084]]]}},{"type":"Feature","properties":{"Electric_Facility_Type":"كشك","Easting":"031° 34' 11.5\" E","Northing":"30° 16' 18.22\" N","Description":null,"ID":"TR8/3/2","sectors":"القطاع الثاني","Implementing":"شركة الكتروالهانى","SHAPE_Length":32.25227378057724,"SHAPE_Area":63.75544634756553,"__networkId":"electricity","__networkName":"شبكة الكهرباء","__layerId":"electricity_facilities","__layerName":"منشآت شبكة الكهرباء","__assetName":"منشآت الكهرباء","__geometryKind":"polygon","__featureIndex":33,"__length_m":32.25,"__area_m2":63.76,"__typeValue":"كشك"},"geometry":{"type":"Polygon","coordinates":[[[31.571573954885228,30.271859624300433],[31.571511848959727,30.271854798675506],[31.57150453038511,30.27192577412917],[31.571566635412275,30.271930600526407],[31.571573954885228,30.271859624300433]]]}},{"type":"Feature","properties":{"Electric_Facility_Type":"كشك","Easting":"031° 33' 16.3\" E","Northing":"30° 16' 19.03\" N","Description":null,"ID":"TR11/1/3","sectors":"القطاع الثالث","Implementing":"شركة الكتروالهانى","SHAPE_Length":32.25181156040318,"SHAPE_Area":63.755282630774985,"__networkId":"electricity","__networkName":"شبكة الكهرباء","__layerId":"electricity_facilities","__layerName":"منشآت شبكة الكهرباء","__assetName":"منشآت الكهرباء","__geometryKind":"polygon","__featureIndex":34,"__length_m":32.25,"__area_m2":63.76,"__typeValue":"كشك"},"geometry":{"type":"Polygon","coordinates":[[[31.55624381918444,30.272149809948615],[31.55622892511703,30.272079732283203],[31.556167607014057,30.272089550312455],[31.556182499284837,30.272159627970808],[31.55624381918444,30.272149809948615]]]}},{"type":"Feature","properties":{"Electric_Facility_Type":"كشك","Easting":"031° 33' 16.51\" E","Northing":"30° 16' 19.66\" N","Description":null,"ID":"TR9/5/3","sectors":"القطاع الثالث","Implementing":"شركة الكتروالهانى","SHAPE_Length":32.24986774715074,"SHAPE_Area":63.756039855163905,"__networkId":"electricity","__networkName":"شبكة الكهرباء","__layerId":"electricity_facilities","__layerName":"منشآت شبكة الكهرباء","__assetName":"منشآت الكهرباء","__geometryKind":"polygon","__featureIndex":35,"__length_m":32.25,"__area_m2":63.76,"__typeValue":"كشك"},"geometry":{"type":"Polygon","coordinates":[[[31.556307929251325,30.27231715918648],[31.55627862171519,30.27225059378155],[31.556220376748787,30.272269914045854],[31.556249684284953,30.272336479437698],[31.556307929251325,30.27231715918648]]]}},{"type":"Feature","properties":{"Electric_Facility_Type":"كشك","Easting":"031° 33' 6.15\" E","Northing":"30° 16' 19.91\" N","Description":null,"ID":"TR7/5/3","sectors":"القطاع الثالث","Implementing":"شركة الكتروالهانى","SHAPE_Length":32.251311972543185,"SHAPE_Area":63.751659959924865,"__networkId":"electricity","__networkName":"شبكة الكهرباء","__layerId":"electricity_facilities","__layerName":"منشآت شبكة الكهرباء","__assetName":"منشآت الكهرباء","__geometryKind":"polygon","__featureIndex":36,"__length_m":32.25,"__area_m2":63.75,"__typeValue":"كشك"},"geometry":{"type":"Polygon","coordinates":[[[31.553421991688115,30.27239623774276],[31.553411149022615,30.272325601662725],[31.55334934582941,30.272332748518522],[31.553360188494874,30.272403384593407],[31.553421991688115,30.27239623774276]]]}},{"type":"Feature","properties":{"Electric_Facility_Type":"كشك","Easting":"031° 33' 42.5\" E","Northing":"30° 16' 19.89\" N","Description":null,"ID":"TR2/1/2","sectors":"القطاع الاول","Implementing":"شركة الكتروالهانى","SHAPE_Length":32.24237334701576,"SHAPE_Area":63.75802842586003,"__networkId":"electricity","__networkName":"شبكة الكهرباء","__layerId":"electricity_facilities","__layerName":"منشآت شبكة الكهرباء","__assetName":"منشآت الكهرباء","__geometryKind":"polygon","__featureIndex":37,"__length_m":32.24,"__area_m2":63.76,"__typeValue":"كشك"},"geometry":{"type":"Polygon","coordinates":[[[31.56353411483903,30.272353008284725],[31.5634898027427,30.27231493103056],[31.563432041069934,30.272365574240848],[31.56347635586122,30.27240365069954],[31.56353411483903,30.272353008284725]]]}},{"type":"Feature","properties":{"Electric_Facility_Type":"كشك","Easting":"031° 33' 48.92\" E","Northing":"30° 16' 21.43\" N","Description":null,"ID":"TR1/2/2","sectors":"القطاع الاول","Implementing":"شركة الكتروالهانى","SHAPE_Length":32.23858951455793,"SHAPE_Area":63.74839244899947,"__networkId":"electricity","__networkName":"شبكة الكهرباء","__layerId":"electricity_facilities","__layerName":"منشآت شبكة الكهرباء","__assetName":"منشآت الكهرباء","__geometryKind":"polygon","__featureIndex":38,"__length_m":32.24,"__area_m2":63.75,"__typeValue":"كشك"},"geometry":{"type":"Polygon","coordinates":[[[31.56531620078449,30.272781197162683],[31.56527409225555,30.272741279060995],[31.565213548500374,30.272789393665107],[31.565255657029315,30.272829311747234],[31.56531620078449,30.272781197162683]]]}},{"type":"Feature","properties":{"Electric_Facility_Type":"كشك","Easting":"031° 34' 2.23\" E","Northing":"30° 16' 21.45\" N","Description":null,"ID":"TR3/3/2","sectors":"القطاع الثاني","Implementing":"شركة الكتروالهانى","SHAPE_Length":32.24247624822584,"SHAPE_Area":63.75781243035062,"__networkId":"electricity","__networkName":"شبكة الكهرباء","__layerId":"electricity_facilities","__layerName":"منشآت شبكة الكهرباء","__assetName":"منشآت الكهرباء","__geometryKind":"polygon","__featureIndex":39,"__length_m":32.24,"__area_m2":63.76,"__typeValue":"كشك"},"geometry":{"type":"Polygon","coordinates":[[[31.569013313456047,30.27278337332829],[31.568968701322394,30.27274556001884],[31.568911341196568,30.272796545142047],[31.568955953330185,30.272834356880267],[31.569013313456047,30.27278337332829]]]}},{"type":"Feature","properties":{"Electric_Facility_Type":"كشك","Easting":"031° 33' 41.66\" E","Northing":"30° 16' 22.02\" N","Description":null,"ID":"TR3/1/2","sectors":"القطاع الاول","Implementing":"شركة الكتروالهانى","SHAPE_Length":32.242376235855176,"SHAPE_Area":63.756214940934925,"__networkId":"electricity","__networkName":"شبكة الكهرباء","__layerId":"electricity_facilities","__layerName":"منشآت شبكة الكهرباء","__assetName":"منشآت الكهرباء","__geometryKind":"polygon","__featureIndex":40,"__length_m":32.24,"__area_m2":63.76,"__typeValue":"كشك"},"geometry":{"type":"Polygon","coordinates":[[[31.56330158053784,30.27294229690735],[31.563256662078704,30.272904757522046],[31.56319971877116,30.27295609167939],[31.563244635433662,30.27299362949346],[31.56330158053784,30.27294229690735]]]}},{"type":"Feature","properties":{"Electric_Facility_Type":"كشك","Easting":"031° 33' 30.66\" E","Northing":"30° 16' 22.11\" N","Description":null,"ID":"TR2/1/3","sectors":"القطاع الثالث","Implementing":"شركة الكتروالهانى","SHAPE_Length":32.24107725528908,"SHAPE_Area":63.7578589960552,"__networkId":"electricity","__networkName":"شبكة الكهرباء","__layerId":"electricity_facilities","__layerName":"منشآت شبكة الكهرباء","__assetName":"منشآت الكهرباء","__geometryKind":"polygon","__featureIndex":41,"__length_m":32.24,"__area_m2":63.76,"__typeValue":"كشك"},"geometry":{"type":"Polygon","coordinates":[[[31.56024438545391,30.27297800380308],[31.56018342488041,30.272930269440966],[31.560141658609595,30.272970455897873],[31.560202617386462,30.273018189464626],[31.56024438545391,30.27297800380308]]]}},{"type":"Feature","properties":{"Electric_Facility_Type":"كشك","Easting":"031° 33' 32.93\" E","Northing":"30° 16' 22.23\" N","Description":null,"ID":"TR6/1/2","sectors":"القطاع الاول","Implementing":"شركة الكتروالهانى","SHAPE_Length":32.24108382895472,"SHAPE_Area":63.757551909554955,"__networkId":"electricity","__networkName":"شبكة الكهرباء","__layerId":"electricity_facilities","__layerName":"منشآت شبكة الكهرباء","__assetName":"منشآت الكهرباء","__geometryKind":"polygon","__featureIndex":42,"__length_m":32.24,"__area_m2":63.76,"__typeValue":"كشك"},"geometry":{"type":"Polygon","coordinates":[[[31.56087581306373,30.27301255937671],[31.560814851591942,30.272964825807165],[31.560773085321127,30.273005011474098],[31.56083404499629,30.273052745024046],[31.56087581306373,30.27301255937671]]]}},{"type":"Feature","properties":{"Electric_Facility_Type":"كشك","Easting":"031° 33' 19.36\" E","Northing":"30° 16' 22.37\" N","Description":null,"ID":"TR10/5/3","sectors":"القطاع الثالث","Implementing":"شركة الكتروالهانى","SHAPE_Length":32.24103783504379,"SHAPE_Area":63.75774358774138,"__networkId":"electricity","__networkName":"شبكة الكهرباء","__layerId":"electricity_facilities","__layerName":"منشآت شبكة الكهرباء","__assetName":"منشآت الكهرباء","__geometryKind":"polygon","__featureIndex":43,"__length_m":32.24,"__area_m2":63.76,"__typeValue":"كشك"},"geometry":{"type":"Polygon","coordinates":[[[31.557107404701373,30.273050955995814],[31.557046654333664,30.273003023060546],[31.55700471109472,30.273043072168473],[31.55706546415739,30.273091004308355],[31.557107404701373,30.273050955995814]]]}},{"type":"Feature","properties":{"Electric_Facility_Type":"كشك","Easting":"031° 33' 39.58\" E","Northing":"30° 16' 22.53\" N","Description":null,"ID":"TR5/1/2","sectors":"القطاع الاول","Implementing":"شركة الكتروالهانى","SHAPE_Length":32.24357126148538,"SHAPE_Area":63.75924518396195,"__networkId":"electricity","__networkName":"شبكة الكهرباء","__layerId":"electricity_facilities","__layerName":"منشآت شبكة الكهرباء","__assetName":"منشآت الكهرباء","__geometryKind":"polygon","__featureIndex":44,"__length_m":32.24,"__area_m2":63.76,"__typeValue":"كشك"},"geometry":{"type":"Polygon","coordinates":[[[31.562721868040608,30.273082915669224],[31.562675864416583,30.273046380241734],[31.562620441058495,30.273098954851832],[31.562666445580817,30.2731354902598],[31.562721868040608,30.273082915669224]]]}},{"type":"Feature","properties":{"Electric_Facility_Type":"كشك","Easting":"031° 33' 18.57\" E","Northing":"30° 16' 23.02\" N","Description":null,"ID":"TR2/5/3","sectors":"القطاع الثالث","Implementing":"شركة الكتروالهانى","SHAPE_Length":32.24103110532511,"SHAPE_Area":63.75712443528846,"__networkId":"electricity","__networkName":"شبكة الكهرباء","__layerId":"electricity_facilities","__layerName":"منشآت شبكة الكهرباء","__assetName":"منشآت الكهرباء","__geometryKind":"polygon","__featureIndex":45,"__length_m":32.24,"__area_m2":63.76,"__typeValue":"كشك"},"geometry":{"type":"Polygon","coordinates":[[[31.55688565287854,30.273230584043468],[31.556824902510833,30.273182651195977],[31.55678295927189,30.273222699454735],[31.556843712334558,30.273270632282724],[31.55688565287854,30.273230584043468]]]}},{"type":"Feature","properties":{"Electric_Facility_Type":"كشك","Easting":"031° 33' 40.43\" E","Northing":"30° 16' 23.16\" N","Description":null,"ID":"TR4/1/2","sectors":"القطاع الاول","Implementing":"شركة الكتروالهانى","SHAPE_Length":32.24300940553849,"SHAPE_Area":63.7566948054008,"__networkId":"electricity","__networkName":"شبكة الكهرباء","__layerId":"electricity_facilities","__layerName":"منشآت شبكة الكهرباء","__assetName":"منشآت الكهرباء","__geometryKind":"polygon","__featureIndex":46,"__length_m":32.24,"__area_m2":63.76,"__typeValue":"كشك"},"geometry":{"type":"Polygon","coordinates":[[[31.56295956675635,30.27325811531869],[31.56291358379359,30.27322156133687],[31.562858133486053,30.273274111027114],[31.562904114652188,30.273310666541004],[31.56295956675635,30.27325811531869]]]}},{"type":"Feature","properties":{"Electric_Facility_Type":"كشك","Easting":"031° 34' 7.84\" E","Northing":"30° 16' 25.55\" N","Description":null,"ID":"TR6/3/2","sectors":"القطاع الثاني","Implementing":"شركة الكتروالهانى","SHAPE_Length":32.24252307364518,"SHAPE_Area":63.7586827369815,"__networkId":"electricity","__networkName":"شبكة الكهرباء","__layerId":"electricity_facilities","__layerName":"منشآت شبكة الكهرباء","__assetName":"منشآت الكهرباء","__geometryKind":"polygon","__featureIndex":47,"__length_m":32.24,"__area_m2":63.76,"__typeValue":"كشك"},"geometry":{"type":"Polygon","coordinates":[[[31.57057398714186,30.273923004091852],[31.57052975858883,30.273884854520812],[31.570471884626663,30.273935400720966],[31.570516114077986,30.273973550272412],[31.57057398714186,30.273923004091852]]]}},{"type":"Feature","properties":{"Electric_Facility_Type":"كشك","Easting":"031° 33' 54.64\" E","Northing":"30° 16' 27.02\" N","Description":null,"ID":"TR7/2/2","sectors":"القطاع الاول","Implementing":"شركة الكتروالهانى","SHAPE_Length":32.24140796775132,"SHAPE_Area":63.75887463319143,"__networkId":"electricity","__networkName":"شبكة الكهرباء","__layerId":"electricity_facilities","__layerName":"منشآت شبكة الكهرباء","__assetName":"منشآت الكهرباء","__geometryKind":"polygon","__featureIndex":48,"__length_m":32.24,"__area_m2":63.76,"__typeValue":"كشك"},"geometry":{"type":"Polygon","coordinates":[[[31.566906504501663,30.274334046276614],[31.56686439058284,30.274294132685473],[31.56680384323437,30.274342260492872],[31.566845956254866,30.274382172512865],[31.566906504501663,30.274334046276614]]]}},{"type":"Feature","properties":{"Electric_Facility_Type":"كشك","Easting":"031° 34' 3.35\" E","Northing":"30° 16' 28.02\" N","Description":null,"ID":"TR5/3/2","sectors":"القطاع الاول","Implementing":"شركة الكتروالهانى","SHAPE_Length":32.243954014193996,"SHAPE_Area":63.75897677483292,"__networkId":"electricity","__networkName":"شبكة الكهرباء","__layerId":"electricity_facilities","__layerName":"منشآت شبكة الكهرباء","__assetName":"منشآت الكهرباء","__geometryKind":"polygon","__featureIndex":49,"__length_m":32.24,"__area_m2":63.76,"__typeValue":"كشك"},"geometry":{"type":"Polygon","coordinates":[[[31.569324786314482,30.27462470948582],[31.569270699649543,30.274571099996635],[31.569223786930486,30.274606753545328],[31.56927787359543,30.27466036534242],[31.569324786314482,30.27462470948582]]]}},{"type":"Feature","properties":{"Electric_Facility_Type":"كشك","Easting":"031° 33' 12.43\" E","Northing":"30° 16' 28.87\" N","Description":null,"ID":"TR2/5/3","sectors":"القطاع الثالث","Implementing":"شركة الكتروالهانى","SHAPE_Length":32.241549422701986,"SHAPE_Area":63.759515002504166,"__networkId":"electricity","__networkName":"شبكة الكهرباء","__layerId":"electricity_facilities","__layerName":"منشآت شبكة الكهرباء","__assetName":"منشآت الكهرباء","__geometryKind":"polygon","__featureIndex":50,"__length_m":32.24,"__area_m2":63.76,"__typeValue":"كشك"},"geometry":{"type":"Polygon","coordinates":[[[31.55518176258362,30.274856661617417],[31.555120896333214,30.274808838176046],[31.555079047417397,30.274848961799783],[31.55513991366777,30.2748967844458],[31.55518176258362,30.274856661617417]]]}},{"type":"Feature","properties":{"Electric_Facility_Type":"كشك","Easting":"031° 33' 24.79\" E","Northing":"30° 16' 28.87\" N","Description":null,"ID":"TR1/3/3","sectors":"القطاع الثالث","Implementing":"شركة الكتروالهانى","SHAPE_Length":32.243662823735974,"SHAPE_Area":63.7591400347944,"__networkId":"electricity","__networkName":"شبكة الكهرباء","__layerId":"electricity_facilities","__layerName":"منشآت شبكة الكهرباء","__assetName":"منشآت الكهرباء","__geometryKind":"polygon","__featureIndex":51,"__length_m":32.24,"__area_m2":63.76,"__typeValue":"كشك"},"geometry":{"type":"Polygon","coordinates":[[[31.558615130786027,30.274843741439458],[31.55856898882145,30.274807336226054],[31.55851376578768,30.274860068931982],[31.558559906853926,30.274896471798396],[31.558615130786027,30.274843741439458]]]}},{"type":"Feature","properties":{"Electric_Facility_Type":"كشك","Easting":"031° 33' 39.34\" E","Northing":"30° 16' 28.92\" N","Description":null,"ID":"TR1/1/3","sectors":"القطاع الثالث","Implementing":"شركة الكتروالهانى","SHAPE_Length":32.2414164283632,"SHAPE_Area":63.75872024720749,"__networkId":"electricity","__networkName":"شبكة الكهرباء","__layerId":"electricity_facilities","__layerName":"منشآت شبكة الكهرباء","__assetName":"منشآت الكهرباء","__geometryKind":"polygon","__featureIndex":52,"__length_m":32.24,"__area_m2":63.76,"__typeValue":"كشك"},"geometry":{"type":"Polygon","coordinates":[[[31.562657151610917,30.274870771095287],[31.56259618834246,30.27482304075686],[31.562554422071646,30.274863227214578],[31.562615383543438,30.274910958309274],[31.562657151610917,30.274870771095287]]]}},{"type":"Feature","properties":{"Electric_Facility_Type":"كشك","Easting":"031° 33' 28.23\" E","Northing":"30° 16' 29.41\" N","Description":null,"ID":"TR1/2/3","sectors":"القطاع الثالث","Implementing":"شركة الكتروالهانى","SHAPE_Length":32.241494980319935,"SHAPE_Area":63.758940868158405,"__networkId":"electricity","__networkName":"شبكة الكهرباء","__layerId":"electricity_facilities","__layerName":"منشآت شبكة الكهرباء","__assetName":"منشآت الكهرباء","__geometryKind":"polygon","__featureIndex":53,"__length_m":32.24,"__area_m2":63.76,"__typeValue":"كشك"},"geometry":{"type":"Polygon","coordinates":[[[31.55957056365086,30.275005210958234],[31.559509808791564,30.274957279753142],[31.55946786824758,30.274997328839433],[31.559528621310243,30.275045260024974],[31.55957056365086,30.275005210958234]]]}},{"type":"Feature","properties":{"Electric_Facility_Type":"كشك","Easting":"031° 33' 11.21\" E","Northing":"30° 16' 30.03\" N","Description":null,"ID":"TR2/4/3","sectors":"القطاع الخامس","Implementing":"شركة الكتروالهانى","SHAPE_Length":39.43223450703871,"SHAPE_Area":96.09724418999659,"__networkId":"electricity","__networkName":"شبكة الكهرباء","__layerId":"electricity_facilities","__layerName":"منشآت شبكة الكهرباء","__assetName":"منشآت الكهرباء","__geometryKind":"polygon","__featureIndex":54,"__length_m":39.43,"__area_m2":96.1,"__typeValue":"كشك"},"geometry":{"type":"Polygon","coordinates":[[[31.554854341035586,30.27517757551483],[31.554781905382665,30.27512068470151],[31.554728909272463,30.27517151498303],[31.554801345823712,30.275228407318505],[31.554854341035586,30.27517757551483]]]}},{"type":"Feature","properties":{"Electric_Facility_Type":"كشك","Easting":"031° 33' 21.32\" E","Northing":"30° 16' 30.52\" N","Description":null,"ID":"TR1/4/3","sectors":"القطاع الثالث","Implementing":"شركة الكتروالهانى","SHAPE_Length":32.24379697406568,"SHAPE_Area":63.759564996465876,"__networkId":"electricity","__networkName":"شبكة الكهرباء","__layerId":"electricity_facilities","__layerName":"منشآت شبكة الكهرباء","__assetName":"منشآت الكهرباء","__geometryKind":"polygon","__featureIndex":55,"__length_m":32.24,"__area_m2":63.76,"__typeValue":"كشك"},"geometry":{"type":"Polygon","coordinates":[[[31.557648830102906,30.275302848144083],[31.557602689036624,30.275266445428382],[31.557547464206227,30.27531917556022],[31.557593606170805,30.275355580583785],[31.557648830102906,30.275302848144083]]]}},{"type":"Feature","properties":{"Electric_Facility_Type":"كشك","Easting":"031° 34' 0.0\" E","Northing":"30° 16' 30.62\" N","Description":null,"ID":"TR6/2/2","sectors":"القطاع الاول","Implementing":"شركة الكتروالهانى","SHAPE_Length":32.244371432268906,"SHAPE_Area":63.76098187389077,"__networkId":"electricity","__networkName":"شبكة الكهرباء","__layerId":"electricity_facilities","__layerName":"منشآت شبكة الكهرباء","__assetName":"منشآت الكهرباء","__geometryKind":"polygon","__featureIndex":56,"__length_m":32.24,"__area_m2":63.76,"__typeValue":"كشك"},"geometry":{"type":"Polygon","coordinates":[[[31.568393364518904,30.27534735016056],[31.568339072139757,30.275293893898038],[31.56829229686293,30.27532968450016],[31.56834658834374,30.27538313996738],[31.568393364518904,30.27534735016056]]]}},{"type":"Feature","properties":{"Electric_Facility_Type":"كشك","Easting":"031° 33' 31.23\" E","Northing":"30° 16' 31.78\" N","Description":null,"ID":"TR2/2/3","sectors":"القطاع الثالث","Implementing":"شركة الكتروالهانى","SHAPE_Length":32.24179094946112,"SHAPE_Area":63.760295394765336,"__networkId":"electricity","__networkName":"شبكة الكهرباء","__layerId":"electricity_facilities","__layerName":"منشآت شبكة الكهرباء","__assetName":"منشآت الكهرباء","__geometryKind":"polygon","__featureIndex":57,"__length_m":32.24,"__area_m2":63.76,"__typeValue":"كشك"},"geometry":{"type":"Polygon","coordinates":[[[31.560403554345847,30.275664493647128],[31.56034280038485,30.275616562764004],[31.56030085804424,30.27565661235709],[31.560361613801863,30.27570454322066],[31.560403554345847,30.275664493647128]]]}},{"type":"Feature","properties":{"Electric_Facility_Type":"كشك","Easting":"031° 33' 31.27\" E","Northing":"30° 16' 32.99\" N","Description":null,"ID":"TR11/2/3","sectors":"القطاع الثالث","Implementing":"شركة الكتروالهانى","SHAPE_Length":32.24179094476079,"SHAPE_Area":63.760172150726646,"__networkId":"electricity","__networkName":"شبكة الكهرباء","__layerId":"electricity_facilities","__layerName":"منشآت شبكة الكهرباء","__assetName":"منشآت الكهرباء","__geometryKind":"polygon","__featureIndex":58,"__length_m":32.24,"__area_m2":63.76,"__typeValue":"كشك"},"geometry":{"type":"Polygon","coordinates":[[[31.560414612606987,30.27600064687395],[31.560353856849364,30.275952716154986],[31.560311916305373,30.2759927656109],[31.56037267026637,30.276040696310304],[31.560414612606987,30.27600064687395]]]}},{"type":"Feature","properties":{"Electric_Facility_Type":"كشك","Easting":"031° 33' 55.95\" E","Northing":"30° 16' 33.78\" N","Description":null,"ID":"TR4/2/2","sectors":"القطاع الاول","Implementing":"شركة الكتروالهانى","SHAPE_Length":32.56190988258291,"SHAPE_Area":65.20616820477728,"__networkId":"electricity","__networkName":"شبكة الكهرباء","__layerId":"electricity_facilities","__layerName":"منشآت شبكة الكهرباء","__assetName":"منشآت الكهرباء","__geometryKind":"polygon","__featureIndex":59,"__length_m":32.56,"__area_m2":65.21,"__typeValue":"كشك"},"geometry":{"type":"Polygon","coordinates":[[[31.567269159771755,30.276220977531633],[31.56720978652136,30.276172666783236],[31.567166026888916,30.276212961298928],[31.567226587712106,30.2762620966913],[31.567269159771755,30.276220977531633]]]}},{"type":"Feature","properties":{"Electric_Facility_Type":"كشك","Easting":"031° 33' 46.06\" E","Northing":"30° 16' 34.17\" N","Description":null,"ID":"TR5/2/3","sectors":"القطاع الثالث","Implementing":"شركة الكتروالهانى","SHAPE_Length":32.241989387775206,"SHAPE_Area":63.76165671925659,"__networkId":"electricity","__networkName":"شبكة الكهرباء","__layerId":"electricity_facilities","__layerName":"منشآت شبكة الكهرباء","__assetName":"منشآت الكهرباء","__geometryKind":"polygon","__featureIndex":60,"__length_m":32.24,"__area_m2":63.76,"__typeValue":"كشك"},"geometry":{"type":"Polygon","coordinates":[[[31.56452282309861,30.276329311813935],[31.56446185893186,30.27628157985747],[31.564420092661045,30.276321767269536],[31.564481055929466,30.276369498430704],[31.56452282309861,30.276329311813935]]]}},{"type":"Feature","properties":{"Electric_Facility_Type":"كشك","Easting":"031° 33' 43.24\" E","Northing":"30° 16' 35.95\" N","Description":null,"ID":"TR4/2/3","sectors":"القطاع الثالث","Implementing":"شركة الكتروالهانى","SHAPE_Length":32.23919839757738,"SHAPE_Area":63.762549813681,"__networkId":"electricity","__networkName":"شبكة الكهرباء","__layerId":"electricity_facilities","__layerName":"منشآت شبكة الكهرباء","__assetName":"منشآت الكهرباء","__geometryKind":"polygon","__featureIndex":61,"__length_m":32.24,"__area_m2":63.76,"__typeValue":"كشك"},"geometry":{"type":"Polygon","coordinates":[[[31.563738490549333,30.276822901411286],[31.5637038586985,30.276777893476265],[31.56363558224531,30.276817470918324],[31.56367021499447,30.276862478835195],[31.563738490549333,30.276822901411286]]]}},{"type":"Feature","properties":{"Electric_Facility_Type":"كشك","Easting":"031° 33' 22.23\" E","Northing":"30° 16' 36.54\" N","Description":null,"ID":"TR2/3/3","sectors":"القطاع الثالث","Implementing":"شركة الكتروالهانى","SHAPE_Length":32.2419319893963,"SHAPE_Area":63.76089268620504,"__networkId":"electricity","__networkName":"شبكة الكهرباء","__layerId":"electricity_facilities","__layerName":"منشآت شبكة الكهرباء","__assetName":"منشآت الكهرباء","__geometryKind":"polygon","__featureIndex":62,"__length_m":32.24,"__area_m2":63.76,"__typeValue":"كشك"},"geometry":{"type":"Polygon","coordinates":[[[31.557902202623733,30.276987566228954],[31.5578415627488,30.276939526606476],[31.55779952428843,30.276979499632898],[31.557860164163365,30.27702753923582],[31.557902202623733,30.276987566228954]]]}},{"type":"Feature","properties":{"Electric_Facility_Type":"كشك","Easting":"031° 33' 36.97\" E","Northing":"30° 16' 36.72\" N","Description":null,"ID":"TR10/2/3","sectors":"القطاع الثالث","Implementing":"شركة الكتروالهانى","SHAPE_Length":32.23453343268678,"SHAPE_Area":63.763059859184395,"__networkId":"electricity","__networkName":"شبكة الكهرباء","__layerId":"electricity_facilities","__layerName":"منشآت شبكة الكهرباء","__assetName":"منشآت الكهرباء","__geometryKind":"polygon","__featureIndex":63,"__length_m":32.23,"__area_m2":63.76,"__typeValue":"كشك"},"geometry":{"type":"Polygon","coordinates":[[[31.561996136190558,30.27701705763014],[31.561917975574303,30.276995236399014],[31.56189888098463,30.277046758483827],[31.561977039804223,30.277068579703503],[31.561996136190558,30.27701705763014]]]}},{"type":"Feature","properties":{"Electric_Facility_Type":"كشك","Easting":"031° 33' 51.86\" E","Northing":"30° 16' 37.06\" N","Description":null,"ID":"TR6/2/3","sectors":"القطاع الاول","Implementing":"شركة الكتروالهانى","SHAPE_Length":32.24230094762283,"SHAPE_Area":63.76231975495777,"__networkId":"electricity","__networkName":"شبكة الكهرباء","__layerId":"electricity_facilities","__layerName":"منشآت شبكة الكهرباء","__assetName":"منشآت الكهرباء","__geometryKind":"polygon","__featureIndex":64,"__length_m":32.24,"__area_m2":63.76,"__typeValue":"كشك"},"geometry":{"type":"Polygon","coordinates":[[[31.566133199670787,30.27713165314823],[31.566072235504034,30.277083922357733],[31.566030468334894,30.277124110217105],[31.5660914342983,30.277171840987997],[31.566133199670787,30.27713165314823]]]}},{"type":"Feature","properties":{"Electric_Facility_Type":"كشك","Easting":"031° 33' 21.0\" E","Northing":"30° 16' 37.72\" N","Description":null,"ID":"TR8/3/3","sectors":"القطاع الخامس","Implementing":"شركة الكتروالهانى","SHAPE_Length":32.46535378395741,"SHAPE_Area":64.68064558715119,"__networkId":"electricity","__networkName":"شبكة الكهرباء","__layerId":"electricity_facilities","__layerName":"منشآت شبكة الكهرباء","__assetName":"منشآت الكهرباء","__geometryKind":"polygon","__featureIndex":65,"__length_m":32.47,"__area_m2":64.68,"__typeValue":"كشك"},"geometry":{"type":"Polygon","coordinates":[[[31.557561054818184,30.277315758516483],[31.557499950514217,30.277267163595347],[31.557458175260262,30.277308529015016],[31.557519274174318,30.27735614953538],[31.557561054818184,30.277315758516483]]]}},{"type":"Feature","properties":{"Electric_Facility_Type":"كشك","Easting":"031° 33' 48.76\" E","Northing":"30° 16' 40.54\" N","Description":null,"ID":"TR7/2/3","sectors":"القطاع الثالث","Implementing":"شركة الكتروالهانى","SHAPE_Length":32.243625368204924,"SHAPE_Area":63.76229793567305,"__networkId":"electricity","__networkName":"شبكة الكهرباء","__layerId":"electricity_facilities","__layerName":"منشآت شبكة الكهرباء","__assetName":"منشآت الكهرباء","__geometryKind":"polygon","__featureIndex":66,"__length_m":32.24,"__area_m2":63.76,"__typeValue":"كشك"},"geometry":{"type":"Polygon","coordinates":[[[31.565272442948714,30.27808791648258],[31.565227951189307,30.278049997384016],[31.565170425773477,30.27810084243964],[31.56521491663452,30.278138762294294],[31.565272442948714,30.27808791648258]]]}},{"type":"Feature","properties":{"Electric_Facility_Type":"كشك","Easting":"031° 33' 28.03\" E","Northing":"30° 16' 41.2\" N","Description":null,"ID":"TR3/3/3","sectors":"القطاع الثالث","Implementing":"شركة الكتروالهانى","SHAPE_Length":32.24296641679018,"SHAPE_Area":63.764415745792434,"__networkId":"electricity","__networkName":"شبكة الكهرباء","__layerId":"electricity_facilities","__layerName":"منشآت شبكة الكهرباء","__assetName":"منشآت الكهرباء","__geometryKind":"polygon","__featureIndex":67,"__length_m":32.24,"__area_m2":63.76,"__typeValue":"كشك"},"geometry":{"type":"Polygon","coordinates":[[[31.55951532175245,30.278281609389445],[31.559454678284265,30.2782335704004],[31.559412640722226,30.278273544451327],[31.559473284190446,30.278321584972314],[31.55951532175245,30.278281609389445]]]}},{"type":"Feature","properties":{"Electric_Facility_Type":"كشك","Easting":"031° 33' 26.92\" E","Northing":"30° 16' 42.37\" N","Description":null,"ID":"TR5/3/3","sectors":"القطاع الخامس","Implementing":"شركة الكتروالهانى","SHAPE_Length":39.4340209520776,"SHAPE_Area":96.10434337293282,"__networkId":"electricity","__networkName":"شبكة الكهرباء","__layerId":"electricity_facilities","__layerName":"منشآت شبكة الكهرباء","__assetName":"منشآت الكهرباء","__geometryKind":"polygon","__featureIndex":68,"__length_m":39.43,"__area_m2":96.1,"__typeValue":"كشك"},"geometry":{"type":"Polygon","coordinates":[[[31.559218835487894,30.278605300207417],[31.559146393546765,30.278548410605275],[31.55909339833486,30.278599244541876],[31.55916584027603,30.278656134114534],[31.559218835487894,30.278605300207417]]]}},{"type":"Feature","properties":{"Electric_Facility_Type":"كشك","Easting":"031° 33' 36.83\" E","Northing":"30° 16' 44.87\" N","Description":null,"ID":"TR9/2/3","sectors":"القطاع الثالث","Implementing":"شركة الكتروالهانى","SHAPE_Length":32.224563356107,"SHAPE_Area":63.72621142858543,"__networkId":"electricity","__networkName":"شبكة الكهرباء","__layerId":"electricity_facilities","__layerName":"منشآت شبكة الكهرباء","__assetName":"منشآت الكهرباء","__geometryKind":"polygon","__featureIndex":69,"__length_m":32.22,"__area_m2":63.73,"__typeValue":"كشك"},"geometry":{"type":"Polygon","coordinates":[[[31.56195236038843,30.27927330003626],[31.56187060381613,30.279266733182563],[31.561864863581448,30.279320592230416],[31.561946618357158,30.279327158304714],[31.56195236038843,30.27927330003626]]]}},{"type":"Feature","properties":{"Electric_Facility_Type":"كشك","Easting":"031° 33' 32.47\" E","Northing":"30° 16' 46.9\" N","Description":null,"ID":"TR6/3/3","sectors":"القطاع الخامس","Implementing":"شركة الكتروالهانى","SHAPE_Length":32.24432869254875,"SHAPE_Area":63.73585632331173,"__networkId":"electricity","__networkName":"شبكة الكهرباء","__layerId":"electricity_facilities","__layerName":"منشآت شبكة الكهرباء","__assetName":"منشآت الكهرباء","__geometryKind":"polygon","__featureIndex":70,"__length_m":32.24,"__area_m2":63.74,"__typeValue":"كشك"},"geometry":{"type":"Polygon","coordinates":[[[31.560741308316267,30.27988001723736],[31.560705379298152,30.279815945603083],[31.56064933969579,30.27983963113607],[31.5606852696122,30.27990370430642],[31.560741308316267,30.27988001723736]]]}},{"type":"Feature","properties":{"Electric_Facility_Type":"موزع كهرباء","Easting":"031° 33' 48.2\" E","Northing":"30° 16' 14.03\" N","Description":null,"ID":"D.P.2","sectors":"القطاع الاول","Implementing":"شركة الكتروالهانى","SHAPE_Length":85.49410732870511,"SHAPE_Area":290.4581386303448,"__networkId":"electricity","__networkName":"شبكة الكهرباء","__layerId":"electricity_facilities","__layerName":"منشآت شبكة الكهرباء","__assetName":"منشآت الكهرباء","__geometryKind":"polygon","__featureIndex":71,"__length_m":85.49,"__area_m2":290.46,"__typeValue":"موزع كهرباء"},"geometry":{"type":"Polygon","coordinates":[[[31.565208490985317,30.27079019252143],[31.564973402773777,30.270618608507405],[31.56492366305649,30.27066909354699],[31.56515966215972,30.270839943535734],[31.565208490985317,30.27079019252143]]]}},{"type":"Feature","properties":{"Electric_Facility_Type":"موزع كهرباء","Easting":"031° 33' 34.33\" E","Northing":"30° 16' 34.13\" N","Description":null,"ID":"D.P.3","sectors":"القطاع الثالث","Implementing":"شركة الكتروالهانى","SHAPE_Length":85.32352744167159,"SHAPE_Area":288.21696170263425,"__networkId":"electricity","__networkName":"شبكة الكهرباء","__layerId":"electricity_facilities","__layerName":"منشآت شبكة الكهرباء","__assetName":"منشآت الكهرباء","__geometryKind":"polygon","__featureIndex":72,"__length_m":85.32,"__area_m2":288.22,"__typeValue":"موزع كهرباء"},"geometry":{"type":"Polygon","coordinates":[[[31.56135068408251,30.27637724234898],[31.561122815630913,30.276198855892968],[31.561072779469583,30.276247392383084],[31.561300266137184,30.27642632180236],[31.56135068408251,30.27637724234898]]]}},{"type":"Feature","properties":{"Electric_Facility_Type":"كشك","Easting":"031° 33' 57.07\" E","Northing":"30° 16' 10.63\" N","Description":null,"ID":"TR3/4/2","sectors":"القطاع الثاني","Implementing":"شركة الكتروالهانى","SHAPE_Length":32.239459641740204,"SHAPE_Area":63.753242923287715,"__networkId":"electricity","__networkName":"شبكة الكهرباء","__layerId":"electricity_facilities","__layerName":"منشآت شبكة الكهرباء","__assetName":"منشآت الكهرباء","__geometryKind":"polygon","__featureIndex":73,"__length_m":32.24,"__area_m2":63.75,"__typeValue":"كشك"},"geometry":{"type":"Polygon","coordinates":[[[31.56751807395382,30.269741649465526],[31.56747735511862,30.26978263711918],[31.567539528417765,30.269829173563352],[31.56758024815126,30.26978818670498],[31.56751807395382,30.269741649465526]]]}},{"type":"Feature","properties":{"Electric_Facility_Type":"بيلر","Easting":"031° 33' 19.39\" E","Northing":"30° 15' 51.49\" N","Description":null,"ID":"4/2/1_1","sectors":"القطاع الثاني","Implementing":"شركة الكتروالهانى","SHAPE_Length":5.021212972552253,"SHAPE_Area":1.2442353409927625,"__networkId":"electricity","__networkName":"شبكة الكهرباء","__layerId":"electricity_facilities","__layerName":"منشآت شبكة الكهرباء","__assetName":"منشآت الكهرباء","__geometryKind":"polygon","__featureIndex":74,"__length_m":5.02,"__area_m2":1.24,"__typeValue":"بيلر"},"geometry":{"type":"Polygon","coordinates":[[[31.55707002490409,30.26447377037558],[31.557061366043065,30.26446169143932],[31.5570561953403,30.2644644931506],[31.557064854201325,30.264476572862364],[31.55707002490409,30.26447377037558]]]}},{"type":"Feature","properties":{"Electric_Facility_Type":"بيلر","Easting":"031° 33' 38.88\" E","Northing":"30° 15' 52.08\" N","Description":null,"ID":"7/4/2_3","sectors":"القطاع الثاني","Implementing":"شركة الكتروالهانى","SHAPE_Length":5.0217964544184115,"SHAPE_Area":1.2443609049059536,"__networkId":"electricity","__networkName":"شبكة الكهرباء","__layerId":"electricity_facilities","__layerName":"منشآت شبكة الكهرباء","__assetName":"منشآت الكهرباء","__geometryKind":"polygon","__featureIndex":75,"__length_m":5.02,"__area_m2":1.24,"__typeValue":"بيلر"},"geometry":{"type":"Polygon","coordinates":[[[31.562483938457817,30.26462675019207],[31.562478615041453,30.26462417116335],[31.562470605662366,30.264636582932557],[31.562475928180433,30.264639162736902],[31.562483938457817,30.26462675019207]]]}},{"type":"Feature","properties":{"Electric_Facility_Type":"بيلر","Easting":"031° 33' 42.76\" E","Northing":"30° 15' 52.49\" N","Description":null,"ID":"8/4/2_6","sectors":"القطاع الثاني","Implementing":"شركة الكتروالهانى","SHAPE_Length":5.0217579204217895,"SHAPE_Area":1.244297535234212,"__networkId":"electricity","__networkName":"شبكة الكهرباء","__layerId":"electricity_facilities","__layerName":"منشآت شبكة الكهرباء","__assetName":"منشآت الكهرباء","__geometryKind":"polygon","__featureIndex":76,"__length_m":5.02,"__area_m2":1.24,"__typeValue":"بيلر"},"geometry":{"type":"Polygon","coordinates":[[[31.563562508788515,30.26474248752919],[31.56355718627048,30.264739908503458],[31.563549175993096,30.264752320258097],[31.56355449851113,30.26475490005933],[31.563562508788515,30.26474248752919]]]}},{"type":"Feature","properties":{"Electric_Facility_Type":"بيلر","Easting":"031° 33' 40.34\" E","Northing":"30° 15' 52.56\" N","Description":null,"ID":"7/4/2_1","sectors":"القطاع الثاني","Implementing":"شركة الكتروالهانى","SHAPE_Length":5.021719509298891,"SHAPE_Area":1.2443125025615096,"__networkId":"electricity","__networkName":"شبكة الكهرباء","__layerId":"electricity_facilities","__layerName":"منشآت شبكة الكهرباء","__assetName":"منشآت الكهرباء","__geometryKind":"polygon","__featureIndex":77,"__length_m":5.02,"__area_m2":1.24,"__typeValue":"بيلر"},"geometry":{"type":"Polygon","coordinates":[[[31.562889862880205,30.26476148029804],[31.56288454036213,30.264758900496922],[31.562876530084747,30.26477131224909],[31.562881852602814,30.26477389204989],[31.562889862880205,30.26476148029804]]]}},{"type":"Feature","properties":{"Electric_Facility_Type":"بيلر","Easting":"031° 33' 33.61\" E","Northing":"30° 15' 52.69\" N","Description":null,"ID":"7/4/2_5","sectors":"القطاع الثاني","Implementing":"شركة الكتروالهانى","SHAPE_Length":5.023298820034116,"SHAPE_Area":1.2442621656472896,"__networkId":"electricity","__networkName":"شبكة الكهرباء","__layerId":"electricity_facilities","__layerName":"منشآت شبكة الكهرباء","__assetName":"منشآت الكهرباء","__geometryKind":"polygon","__featureIndex":78,"__length_m":5.02,"__area_m2":1.24,"__typeValue":"بيلر"},"geometry":{"type":"Polygon","coordinates":[[[31.561019676459864,30.264795695824976],[31.56101386256335,30.26479410604739],[31.561008913744434,30.26480766842465],[31.561014728539284,30.264809258202074],[31.561019676459864,30.264795695824976]]]}},{"type":"Feature","properties":{"Electric_Facility_Type":"بيلر","Easting":"031° 33' 17.51\" E","Northing":"30° 15' 52.89\" N","Description":null,"ID":"4/2/1_4","sectors":"القطاع الثاني","Implementing":"شركة الكتروالهانى","SHAPE_Length":5.021383214846617,"SHAPE_Area":1.2443721033075643,"__networkId":"electricity","__networkName":"شبكة الكهرباء","__layerId":"electricity_facilities","__layerName":"منشآت شبكة الكهرباء","__assetName":"منشآت الكهرباء","__geometryKind":"polygon","__featureIndex":79,"__length_m":5.02,"__area_m2":1.24,"__typeValue":"بيلر"},"geometry":{"type":"Polygon","coordinates":[[[31.556546627792002,30.264862260077788],[31.556537969829307,30.26485018041347],[31.556532798228222,30.26485298288951],[31.55654145708924,30.264865062553536],[31.556546627792002,30.264862260077788]]]}},{"type":"Feature","properties":{"Electric_Facility_Type":"بيلر","Easting":"031° 33' 45.02\" E","Northing":"30° 15' 53.42\" N","Description":null,"ID":"8/4/2_3","sectors":"القطاع الثاني","Implementing":"شركة الكتروالهانى","SHAPE_Length":5.021719148447134,"SHAPE_Area":1.2443349023553092,"__networkId":"electricity","__networkName":"شبكة الكهرباء","__layerId":"electricity_facilities","__layerName":"منشآت شبكة الكهرباء","__assetName":"منشآت الكهرباء","__geometryKind":"polygon","__featureIndex":80,"__length_m":5.02,"__area_m2":1.24,"__typeValue":"بيلر"},"geometry":{"type":"Polygon","coordinates":[[[31.56418933432918,30.264999029644216],[31.564184010912783,30.264996450625226],[31.564176000635392,30.265008861571545],[31.564181323153466,30.2650114413661],[31.56418933432918,30.264999029644216]]]}},{"type":"Feature","properties":{"Electric_Facility_Type":"بيلر","Easting":"031° 33' 36.14\" E","Northing":"30° 15' 53.55\" N","Description":null,"ID":"7/4/2_4","sectors":"القطاع الثاني","Implementing":"شركة الكتروالهانى","SHAPE_Length":5.023484494717784,"SHAPE_Area":1.2443425625447757,"__networkId":"electricity","__networkName":"شبكة الكهرباء","__layerId":"electricity_facilities","__layerName":"منشآت شبكة الكهرباء","__assetName":"منشآت الكهرباء","__geometryKind":"polygon","__featureIndex":81,"__length_m":5.02,"__area_m2":1.24,"__typeValue":"بيلر"},"geometry":{"type":"Polygon","coordinates":[[[31.561719991377277,30.265036120491793],[31.56171417748076,30.265034529942202],[31.56170922776352,30.265048093062145],[31.56171504255836,30.265049682835617],[31.561719991377277,30.265036120491793]]]}},{"type":"Feature","properties":{"Electric_Facility_Type":"بيلر","Easting":"031° 33' 21.71\" E","Northing":"30° 15' 53.72\" N","Description":null,"ID":"4/2/1_2","sectors":"القطاع الثاني","Implementing":"شركة الكتروالهانى","SHAPE_Length":5.021276923735325,"SHAPE_Area":1.244275716676085,"__networkId":"electricity","__networkName":"شبكة الكهرباء","__layerId":"electricity_facilities","__layerName":"منشآت شبكة الكهرباء","__assetName":"منشآت الكهرباء","__geometryKind":"polygon","__featureIndex":82,"__length_m":5.02,"__area_m2":1.24,"__typeValue":"بيلر"},"geometry":{"type":"Polygon","coordinates":[[[31.55771511948265,30.26509278516236],[31.557706460621628,30.265080705526344],[31.55770128991887,30.265083507219966],[31.55770994788156,30.265095586855583],[31.55771511948265,30.26509278516236]]]}},{"type":"Feature","properties":{"Electric_Facility_Type":"بيلر","Easting":"031° 33' 41.49\" E","Northing":"30° 15' 54.88\" N","Description":null,"ID":"8/4/2_5","sectors":"القطاع الثاني","Implementing":"شركة الكتروالهانى","SHAPE_Length":5.022068632798331,"SHAPE_Area":1.244531733911973,"__networkId":"electricity","__networkName":"شبكة الكهرباء","__layerId":"electricity_facilities","__layerName":"منشآت شبكة الكهرباء","__assetName":"منشآت الكهرباء","__geometryKind":"polygon","__featureIndex":83,"__length_m":5.02,"__area_m2":1.24,"__typeValue":"بيلر"},"geometry":{"type":"Polygon","coordinates":[[[31.563209769122555,30.265405505930126],[31.563204446604487,30.265402926145928],[31.563196435428768,30.265415338592575],[31.563201759743468,30.265417918376446],[31.563209769122555,30.265405505930126]]]}},{"type":"Feature","properties":{"Electric_Facility_Type":"بيلر","Easting":"031° 33' 19.79\" E","Northing":"30° 15' 55.14\" N","Description":null,"ID":"4/2/1_3","sectors":"القطاع الثاني","Implementing":"شركة الكتروالهانى","SHAPE_Length":5.021276923735014,"SHAPE_Area":1.244275716676085,"__networkId":"electricity","__networkName":"شبكة الكهرباء","__layerId":"electricity_facilities","__layerName":"منشآت شبكة الكهرباء","__assetName":"منشآت الكهرباء","__geometryKind":"polygon","__featureIndex":84,"__length_m":5.02,"__area_m2":1.24,"__typeValue":"بيلر"},"geometry":{"type":"Polygon","coordinates":[[[31.557180918332644,30.265487950365493],[31.55717225947162,30.265475870778147],[31.557167088768864,30.265478672460446],[31.557175746731552,30.26549075204749],[31.557180918332644,30.265487950365493]]]}},{"type":"Feature","properties":{"Electric_Facility_Type":"بيلر","Easting":"031° 33' 34.07\" E","Northing":"30° 15' 55.09\" N","Description":null,"ID":"5/1/1_2","sectors":"القطاع الثاني","Implementing":"شركة الكتروالهانى","SHAPE_Length":5.023549860791073,"SHAPE_Area":1.2443096364508623,"__networkId":"electricity","__networkName":"شبكة الكهرباء","__layerId":"electricity_facilities","__layerName":"منشآت شبكة الكهرباء","__assetName":"منشآت الكهرباء","__geometryKind":"polygon","__featureIndex":85,"__length_m":5.02,"__area_m2":1.24,"__typeValue":"بيلر"},"geometry":{"type":"Polygon","coordinates":[[[31.56114733245163,30.26546302772876],[31.561141518555115,30.265461437186087],[31.561136569736206,30.26547500102293],[31.561142383632717,30.265476590789557],[31.56114733245163,30.26546302772876]]]}},{"type":"Feature","properties":{"Electric_Facility_Type":"بيلر","Easting":"031° 33' 24.28\" E","Northing":"30° 15' 55.15\" N","Description":null,"ID":"8/1/1_4","sectors":"القطاع الثاني","Implementing":"شركة الكتروالهانى","SHAPE_Length":5.021245047897454,"SHAPE_Area":1.2442951255584909,"__networkId":"electricity","__networkName":"شبكة الكهرباء","__layerId":"electricity_facilities","__layerName":"منشآت شبكة الكهرباء","__assetName":"منشآت الكهرباء","__geometryKind":"polygon","__featureIndex":86,"__length_m":5.02,"__area_m2":1.24,"__typeValue":"بيلر"},"geometry":{"type":"Polygon","coordinates":[[[31.558427994644347,30.26549095455069],[31.558419335783324,30.265478874963666],[31.558414165080567,30.26548167742175],[31.55842282304326,30.26549375623255],[31.558427994644347,30.26549095455069]]]}},{"type":"Feature","properties":{"Electric_Facility_Type":"بيلر","Easting":"031° 33' 46.61\" E","Northing":"30° 15' 55.1\" N","Description":null,"ID":"8/4/2_2","sectors":"القطاع الثاني","Implementing":"شركة الكتروالهانى","SHAPE_Length":5.021970764645246,"SHAPE_Area":1.244442558803382,"__networkId":"electricity","__networkName":"شبكة الكهرباء","__layerId":"electricity_facilities","__layerName":"منشآت شبكة الكهرباء","__assetName":"منشآت الكهرباء","__geometryKind":"polygon","__featureIndex":87,"__length_m":5.02,"__area_m2":1.24,"__typeValue":"بيلر"},"geometry":{"type":"Polygon","coordinates":[[[31.56462995528109,30.265466083122433],[31.56462463186472,30.265463504115708],[31.564616621587337,30.265475916554713],[31.5646219450037,30.2654784955611],[31.56462995528109,30.265466083122433]]]}},{"type":"Feature","properties":{"Electric_Facility_Type":"بيلر","Easting":"031° 33' 38.47\" E","Northing":"30° 15' 55.33\" N","Description":null,"ID":"7/4/2_2","sectors":"القطاع الثاني","Implementing":"شركة الكتروالهانى","SHAPE_Length":5.0217579204217895,"SHAPE_Area":1.244297535234212,"__networkId":"electricity","__networkName":"شبكة الكهرباء","__layerId":"electricity_facilities","__layerName":"منشآت شبكة الكهرباء","__assetName":"منشآت الكهرباء","__geometryKind":"polygon","__featureIndex":88,"__length_m":5.02,"__area_m2":1.24,"__typeValue":"بيلر"},"geometry":{"type":"Polygon","coordinates":[[[31.562368514825263,30.265529401440055],[31.562363192307227,30.265526821659165],[31.562355182029844,30.26553923409016],[31.56236050454788,30.265541813094895],[31.562368514825263,30.265529401440055]]]}},{"type":"Feature","properties":{"Electric_Facility_Type":"بيلر","Easting":"031° 33' 27.9\" E","Northing":"30° 15' 55.46\" N","Description":null,"ID":"8/1/1_2","sectors":"القطاع الثاني","Implementing":"شركة الكتروالهانى","SHAPE_Length":5.024598235126583,"SHAPE_Area":1.2443868648261374,"__networkId":"electricity","__networkName":"شبكة الكهرباء","__layerId":"electricity_facilities","__layerName":"منشآت شبكة الكهرباء","__assetName":"منشآت الكهرباء","__geometryKind":"polygon","__featureIndex":89,"__length_m":5.02,"__area_m2":1.24,"__typeValue":"بيلر"},"geometry":{"type":"Polygon","coordinates":[[[31.559430280041163,30.26558008772045],[31.559429656610344,30.26556587138836],[31.559423565134395,30.265566080098388],[31.55942418856521,30.265580297206274],[31.559430280041163,30.26558008772045]]]}},{"type":"Feature","properties":{"Electric_Facility_Type":"بيلر","Easting":"031° 33' 30.22\" E","Northing":"30° 15' 55.46\" N","Description":null,"ID":"8/1/1_1","sectors":"القطاع الثاني","Implementing":"شركة الكتروالهانى","SHAPE_Length":5.024605824853566,"SHAPE_Area":1.244389564823399,"__networkId":"electricity","__networkName":"شبكة الكهرباء","__layerId":"electricity_facilities","__layerName":"منشآت شبكة الكهرباء","__assetName":"منشآت الكهرباء","__geometryKind":"polygon","__featureIndex":90,"__length_m":5.02,"__area_m2":1.24,"__typeValue":"بيلر"},"geometry":{"type":"Polygon","coordinates":[[[31.560075182380253,30.26557841804056],[31.560074558051138,30.265564200932346],[31.56006846657518,30.265564410418193],[31.5600690909043,30.265578626750553],[31.560075182380253,30.26557841804056]]]}},{"type":"Feature","properties":{"Electric_Facility_Type":"بيلر","Easting":"031° 33' 47.99\" E","Northing":"30° 15' 55.75\" N","Description":null,"ID":"8/4/2_1","sectors":"القطاع الثاني","Implementing":"شركة الكتروالهانى","SHAPE_Length":5.01575834491513,"SHAPE_Area":1.244290566092916,"__networkId":"electricity","__networkName":"شبكة الكهرباء","__layerId":"electricity_facilities","__layerName":"منشآت شبكة الكهرباء","__assetName":"منشآت الكهرباء","__geometryKind":"polygon","__featureIndex":91,"__length_m":5.02,"__area_m2":1.24,"__typeValue":"بيلر"},"geometry":{"type":"Polygon","coordinates":[[[31.56501645543207,30.26565316799876],[31.565002194676946,30.2656461564345],[31.564999197897166,30.26565076434427],[31.565013458652285,30.265657775908252],[31.56501645543207,30.26565316799876]]]}},{"type":"Feature","properties":{"Electric_Facility_Type":"بيلر","Easting":"031° 33' 43.67\" E","Northing":"30° 15' 56.19\" N","Description":null,"ID":"8/4/2_4","sectors":"القطاع الثاني","Implementing":"شركة الكتروالهانى","SHAPE_Length":5.021932246917027,"SHAPE_Area":1.244379192575959,"__networkId":"electricity","__networkName":"شبكة الكهرباء","__layerId":"electricity_facilities","__layerName":"منشآت شبكة الكهرباء","__assetName":"منشآت الكهرباء","__geometryKind":"polygon","__featureIndex":92,"__length_m":5.02,"__area_m2":1.24,"__typeValue":"بيلر"},"geometry":{"type":"Polygon","coordinates":[[[31.563813403755816,30.265769437150112],[31.56380808123775,30.265766858151352],[31.56380007006203,30.26577927055206],[31.563805393478432,30.265781849550425],[31.563813403755816,30.265769437150112]]]}},{"type":"Feature","properties":{"Electric_Facility_Type":"بيلر","Easting":"031° 33' 18.11\" E","Northing":"30° 15' 56.31\" N","Description":null,"ID":"4/2/1_5","sectors":"القطاع الثاني","Implementing":"شركة الكتروالهانى","SHAPE_Length":5.021521216738986,"SHAPE_Area":1.2443698840701385,"__networkId":"electricity","__networkName":"شبكة الكهرباء","__layerId":"electricity_facilities","__layerName":"منشآت شبكة الكهرباء","__assetName":"منشآت الكهرباء","__geometryKind":"polygon","__featureIndex":93,"__length_m":5.02,"__area_m2":1.24,"__typeValue":"بيلر"},"geometry":{"type":"Polygon","coordinates":[[[31.556714538189965,30.26581201855094],[31.55670587932894,30.265799937451703],[31.556700708626153,30.265802740676516],[31.55670936748717,30.2658148202237],[31.556714538189965,30.26581201855094]]]}},{"type":"Feature","properties":{"Electric_Facility_Type":"بيلر","Easting":"031° 33' 37.55\" E","Northing":"30° 15' 56.35\" N","Description":null,"ID":"10/4/2_2","sectors":"القطاع الثاني","Implementing":"شركة الكتروالهانى","SHAPE_Length":5.023615134903311,"SHAPE_Area":1.2443867932937909,"__networkId":"electricity","__networkName":"شبكة الكهرباء","__layerId":"electricity_facilities","__layerName":"منشآت شبكة الكهرباء","__assetName":"منشآت الكهرباء","__geometryKind":"polygon","__featureIndex":94,"__length_m":5.02,"__area_m2":1.24,"__typeValue":"بيلر"},"geometry":{"type":"Polygon","coordinates":[[[31.562112608157022,30.265813030287674],[31.562106794260508,30.265811439750674],[31.5621018454416,30.265825003539167],[31.562107660236443,30.26582659330007],[31.562112608157022,30.265813030287674]]]}},{"type":"Feature","properties":{"Electric_Facility_Type":"بيلر","Easting":"031° 33' 14.38\" E","Northing":"30° 15' 56.96\" N","Description":null,"ID":"6/2/1_1","sectors":"القطاع الثاني","Implementing":"شركة الكتروالهانى","SHAPE_Length":5.023253656150706,"SHAPE_Area":1.244275673279044,"__networkId":"electricity","__networkName":"شبكة الكهرباء","__layerId":"electricity_facilities","__layerName":"منشآت شبكة الكهرباء","__assetName":"منشآت الكهرباء","__geometryKind":"polygon","__featureIndex":95,"__length_m":5.02,"__area_m2":1.24,"__typeValue":"بيلر"},"geometry":{"type":"Polygon","coordinates":[[[31.555675554817192,30.26598280018136],[31.55566977864992,30.265981109559814],[31.55566451901392,30.2659945833239],[31.555670295181187,30.265996274721097],[31.555675554817192,30.26598280018136]]]}},{"type":"Feature","properties":{"Electric_Facility_Type":"بيلر","Easting":"031° 33' 23.93\" E","Northing":"30° 15' 56.99\" N","Description":null,"ID":"8/1/1_5","sectors":"القطاع الثاني","Implementing":"شركة الكتروالهانى","SHAPE_Length":5.021383222337645,"SHAPE_Area":1.2443721054341463,"__networkId":"electricity","__networkName":"شبكة الكهرباء","__layerId":"electricity_facilities","__layerName":"منشآت شبكة الكهرباء","__assetName":"منشآت الكهرباء","__geometryKind":"polygon","__featureIndex":96,"__length_m":5.02,"__area_m2":1.24,"__typeValue":"بيلر"},"geometry":{"type":"Polygon","coordinates":[[[31.558331327834956,30.26600111149621],[31.55832266897393,30.265989031971944],[31.558317498271137,30.26599183441548],[31.558326156233864,30.266003913939393],[31.558331327834956,30.26600111149621]]]}},{"type":"Feature","properties":{"Electric_Facility_Type":"بيلر","Easting":"031° 33' 36.03\" E","Northing":"30° 15' 57.33\" N","Description":null,"ID":"5/1/1_4","sectors":"القطاع الثاني","Implementing":"شركة الكتروالهانى","SHAPE_Length":5.023675341424947,"SHAPE_Area":1.2444796262271283,"__networkId":"electricity","__networkName":"شبكة الكهرباء","__layerId":"electricity_facilities","__layerName":"منشآت شبكة الكهرباء","__assetName":"منشآت الكهرباء","__geometryKind":"polygon","__featureIndex":97,"__length_m":5.02,"__area_m2":1.24,"__typeValue":"بيلر"},"geometry":{"type":"Polygon","coordinates":[[[31.561692025025838,30.26608617554298],[31.56168621023099,30.266084585786285],[31.56168126141211,30.266098147985286],[31.56168707620693,30.266099739293526],[31.561692025025838,30.26608617554298]]]}},{"type":"Feature","properties":{"Electric_Facility_Type":"بيلر","Easting":"031° 33' 26.62\" E","Northing":"30° 15' 57.62\" N","Description":null,"ID":"8/1/1_3","sectors":"القطاع الثاني","Implementing":"شركة الكتروالهانى","SHAPE_Length":5.021625845589714,"SHAPE_Area":1.244504130542527,"__networkId":"electricity","__networkName":"شبكة الكهرباء","__layerId":"electricity_facilities","__layerName":"منشآت شبكة الكهرباء","__assetName":"منشآت الكهرباء","__geometryKind":"polygon","__featureIndex":98,"__length_m":5.02,"__area_m2":1.24,"__typeValue":"بيلر"},"geometry":{"type":"Polygon","coordinates":[[[31.55907752869707,30.26617726491361],[31.559068868937718,30.266165185411015],[31.559063697336626,30.266167987849574],[31.559072357095978,30.266180067351762],[31.55907752869707,30.26617726491361]]]}},{"type":"Feature","properties":{"Electric_Facility_Type":"بيلر","Easting":"031° 33' 31.78\" E","Northing":"30° 15' 57.68\" N","Description":null,"ID":"5/1/1_1","sectors":"القطاع الثاني","Implementing":"شركة الكتروالهانى","SHAPE_Length":5.0246137743682615,"SHAPE_Area":1.244396512155948,"__networkId":"electricity","__networkName":"شبكة الكهرباء","__layerId":"electricity_facilities","__layerName":"منشآت شبكة الكهرباء","__assetName":"منشآت الكهرباء","__geometryKind":"polygon","__featureIndex":99,"__length_m":5.02,"__area_m2":1.24,"__typeValue":"بيلر"},"geometry":{"type":"Polygon","coordinates":[[[31.560506901926022,30.266194460493022],[31.560506277596904,30.26618024424989],[31.560500186120954,30.266180453734428],[31.560500810450073,30.266194670753418],[31.560506901926022,30.266194460493022]]]}},{"type":"Feature","properties":{"Electric_Facility_Type":"بيلر","Easting":"031° 33' 19.11\" E","Northing":"30° 15' 58.06\" N","Description":null,"ID":"8/2/1_5","sectors":"القطاع الثاني","Implementing":"شركة الكتروالهانى","SHAPE_Length":5.02350697175043,"SHAPE_Area":1.244471129520377,"__networkId":"electricity","__networkName":"شبكة الكهرباء","__layerId":"electricity_facilities","__layerName":"منشآت شبكة الكهرباء","__assetName":"منشآت الكهرباء","__geometryKind":"polygon","__featureIndex":100,"__length_m":5.02,"__area_m2":1.24,"__typeValue":"بيلر"},"geometry":{"type":"Polygon","coordinates":[[[31.55699132260371,30.26628805504082],[31.556985545538147,30.26628636442453],[31.556980285003846,30.26629983814679],[31.55698606206941,30.26630152953867],[31.55699132260371,30.26628805504082]]]}},{"type":"Feature","properties":{"Electric_Facility_Type":"بيلر","Easting":"031° 33' 33.23\" E","Northing":"30° 15' 58.19\" N","Description":null,"ID":"5/1/1_3","sectors":"القطاع الثاني","Implementing":"شركة الكتروالهانى","SHAPE_Length":5.023424558357966,"SHAPE_Area":1.2442843201972547,"__networkId":"electricity","__networkName":"شبكة الكهرباء","__layerId":"electricity_facilities","__layerName":"منشآت شبكة الكهرباء","__assetName":"منشآت الكهرباء","__geometryKind":"polygon","__featureIndex":101,"__length_m":5.02,"__area_m2":1.24,"__typeValue":"بيلر"},"geometry":{"type":"Polygon","coordinates":[[[31.560914020209413,30.26632414453216],[31.5609082063129,30.266322554003434],[31.560903258392287,30.266336116945443],[31.56090907228884,30.266337707473944],[31.560914020209413,30.26632414453216]]]}},{"type":"Feature","properties":{"Electric_Facility_Type":"بيلر","Easting":"031° 33' 45.78\" E","Northing":"30° 15' 58.27\" N","Description":null,"ID":"9/4/2_5","sectors":"القطاع الثاني","Implementing":"شركة الكتروالهانى","SHAPE_Length":5.015833798368029,"SHAPE_Area":1.2444159604282015,"__networkId":"electricity","__networkName":"شبكة الكهرباء","__layerId":"electricity_facilities","__layerName":"منشآت شبكة الكهرباء","__assetName":"منشآت الكهرباء","__geometryKind":"polygon","__featureIndex":102,"__length_m":5.02,"__area_m2":1.24,"__typeValue":"بيلر"},"geometry":{"type":"Polygon","coordinates":[[[31.56440292316102,30.266352667751146],[31.564388662405868,30.266345657788555],[31.564385665626077,30.266350265665544],[31.564399926381235,30.266357277179516],[31.56440292316102,30.266352667751146]]]}},{"type":"Feature","properties":{"Electric_Facility_Type":"بيلر","Easting":"031° 33' 20.49\" E","Northing":"30° 15' 58.52\" N","Description":null,"ID":"8/2/1_4","sectors":"القطاع الثاني","Implementing":"شركة الكتروالهانى","SHAPE_Length":5.022875808018113,"SHAPE_Area":1.245671656949633,"__networkId":"electricity","__networkName":"شبكة الكهرباء","__layerId":"electricity_facilities","__layerName":"منشآت شبكة الكهرباء","__assetName":"منشآت الكهرباء","__geometryKind":"polygon","__featureIndex":103,"__length_m":5.02,"__area_m2":1.25,"__typeValue":"بيلر"},"geometry":{"type":"Polygon","coordinates":[[[31.557376083616347,30.266416804036687],[31.557370778166256,30.266414184709866],[31.557362633141576,30.26642652875239],[31.557367938591664,30.266429147302997],[31.557376083616347,30.266416804036687]]]}},{"type":"Feature","properties":{"Electric_Facility_Type":"بيلر","Easting":"031° 33' 13.78\" E","Northing":"30° 15' 58.63\" N","Description":null,"ID":"6/2/1_2","sectors":"القطاع الثاني","Implementing":"شركة الكتروالهانى","SHAPE_Length":5.023442974089754,"SHAPE_Area":1.244376279170127,"__networkId":"electricity","__networkName":"شبكة الكهرباء","__layerId":"electricity_facilities","__layerName":"منشآت شبكة الكهرباء","__assetName":"منشآت الكهرباء","__geometryKind":"polygon","__featureIndex":104,"__length_m":5.02,"__area_m2":1.24,"__typeValue":"بيلر"},"geometry":{"type":"Polygon","coordinates":[[[31.555510304330767,30.266445348953052],[31.555504528163492,30.266443658339465],[31.555499267629195,30.26645713281596],[31.55550504469479,30.26645882342931],[31.555510304330767,30.266445348953052]]]}},{"type":"Feature","properties":{"Electric_Facility_Type":"بيلر","Easting":"031° 33' 39.68\" E","Northing":"30° 15' 58.73\" N","Description":null,"ID":"10/4/2_2","sectors":"القطاع الثاني","Implementing":"شركة الكتروالهانى","SHAPE_Length":5.015796061766624,"SHAPE_Area":1.244353257483006,"__networkId":"electricity","__networkName":"شبكة الكهرباء","__layerId":"electricity_facilities","__layerName":"منشآت شبكة الكهرباء","__assetName":"منشآت الكهرباء","__geometryKind":"polygon","__featureIndex":105,"__length_m":5.02,"__area_m2":1.24,"__typeValue":"بيلر"},"geometry":{"type":"Polygon","coordinates":[[[31.562706535595314,30.26648043519129],[31.562692274840195,30.26647342446193],[31.56268927806041,30.26647803233287],[31.562703538815533,30.266485043837775],[31.562706535595314,30.26648043519129]]]}},{"type":"Feature","properties":{"Electric_Facility_Type":"بيلر","Easting":"031° 33' 52.44\" E","Northing":"30° 15' 59.03\" N","Description":null,"ID":"6/4/2_1","sectors":"القطاع الثاني","Implementing":"شركة الكتروالهانى","SHAPE_Length":5.021932250571872,"SHAPE_Area":1.244379192145688,"__networkId":"electricity","__networkName":"شبكة الكهرباء","__layerId":"electricity_facilities","__layerName":"منشآت شبكة الكهرباء","__assetName":"منشآت الكهرباء","__geometryKind":"polygon","__featureIndex":106,"__length_m":5.02,"__area_m2":1.24,"__typeValue":"بيلر"},"geometry":{"type":"Polygon","coordinates":[[[31.566251739559043,30.266558443099264],[31.566246417041,30.266555864121234],[31.56623840586529,30.26656827642219],[31.566243729281652,30.266570855399888],[31.566251739559043,30.266558443099264]]]}},{"type":"Feature","properties":{"Electric_Facility_Type":"بيلر","Easting":"031° 33' 41.79\" E","Northing":"30° 15' 59.59\" N","Description":null,"ID":"10/4/2_3","sectors":"القطاع الثاني","Implementing":"شركة الكتروالهانى","SHAPE_Length":5.016069621989116,"SHAPE_Area":1.2444671918724155,"__networkId":"electricity","__networkName":"شبكة الكهرباء","__layerId":"electricity_facilities","__layerName":"منشآت شبكة الكهرباء","__assetName":"منشآت الكهرباء","__geometryKind":"polygon","__featureIndex":107,"__length_m":5.02,"__area_m2":1.24,"__typeValue":"بيلر"},"geometry":{"type":"Polygon","coordinates":[[[31.56329412272437,30.266720602800817],[31.563279861969207,30.266713590536906],[31.563276865189426,30.266718199172452],[31.56329112684288,30.266725211436082],[31.56329412272437,30.266720602800817]]]}},{"type":"Feature","properties":{"Electric_Facility_Type":"بيلر","Easting":"031° 33' 37.17\" E","Northing":"30° 15' 59.64\" N","Description":null,"ID":"10/4/2_1","sectors":"القطاع الثاني","Implementing":"شركة الكتروالهانى","SHAPE_Length":5.016106561812854,"SHAPE_Area":1.2445087303091724,"__networkId":"electricity","__networkName":"شبكة الكهرباء","__layerId":"electricity_facilities","__layerName":"منشآت شبكة الكهرباء","__assetName":"منشآت الكهرباء","__geometryKind":"polygon","__featureIndex":108,"__length_m":5.02,"__area_m2":1.24,"__typeValue":"بيلر"},"geometry":{"type":"Polygon","coordinates":[[[31.562010926053404,30.26673303990856],[31.56199666439995,30.266726029197237],[31.561993667620133,30.266730637056384],[31.562007929273584,30.26673764931913],[31.562010926053404,30.26673303990856]]]}},{"type":"Feature","properties":{"Electric_Facility_Type":"بيلر","Easting":"031° 33' 43.35\" E","Northing":"30° 15' 59.84\" N","Description":null,"ID":"10/4/2_5","sectors":"القطاع الثاني","Implementing":"شركة الكتروالهانى","SHAPE_Length":5.019497433059714,"SHAPE_Area":1.2444316937873963,"__networkId":"electricity","__networkName":"شبكة الكهرباء","__layerId":"electricity_facilities","__layerName":"منشآت شبكة الكهرباء","__assetName":"منشآت الكهرباء","__geometryKind":"polygon","__featureIndex":109,"__length_m":5.02,"__area_m2":1.24,"__typeValue":"بيلر"},"geometry":{"type":"Polygon","coordinates":[[[31.56372737030443,30.26678593522835],[31.563722850880232,30.26678238409866],[31.563711834839893,30.26679291878015],[31.56371635516239,30.26679646990946],[31.56372737030443,30.26678593522835]]]}},{"type":"Feature","properties":{"Electric_Facility_Type":"بيلر","Easting":"031° 33' 49.88\" E","Northing":"30° 16' 0.31\" N","Description":null,"ID":"9/4/2_3","sectors":"القطاع الثاني","Implementing":"شركة الكتروالهانى","SHAPE_Length":5.022068622908554,"SHAPE_Area":1.2445317291985494,"__networkId":"electricity","__networkName":"شبكة الكهرباء","__layerId":"electricity_facilities","__layerName":"منشآت شبكة الكهرباء","__assetName":"منشآت الكهرباء","__geometryKind":"polygon","__featureIndex":110,"__length_m":5.02,"__area_m2":1.24,"__typeValue":"بيلر"},"geometry":{"type":"Polygon","coordinates":[[[31.56553886080409,30.266913886759994],[31.565533537387726,30.266911307015427],[31.565525527110342,30.266923719271446],[31.565530850526706,30.266926299015633],[31.56553886080409,30.266913886759994]]]}},{"type":"Feature","properties":{"Electric_Facility_Type":"بيلر","Easting":"031° 33' 58.25\" E","Northing":"30° 16' 0.49\" N","Description":null,"ID":"6/4/2_4","sectors":"القطاع الثاني","Implementing":"شركة الكتروالهانى","SHAPE_Length":5.02200966759475,"SHAPE_Area":1.2444835228536664,"__networkId":"electricity","__networkName":"شبكة الكهرباء","__layerId":"electricity_facilities","__layerName":"منشآت شبكة الكهرباء","__assetName":"منشآت الكهرباء","__geometryKind":"polygon","__featureIndex":111,"__length_m":5.02,"__area_m2":1.24,"__typeValue":"بيلر"},"geometry":{"type":"Polygon","coordinates":[[[31.567864767059618,30.266964241808143],[31.567859443643254,30.266961662840828],[31.5678514342642,30.266974075090427],[31.567856757680563,30.266976654833286],[31.567864767059618,30.266964241808143]]]}},{"type":"Feature","properties":{"Electric_Facility_Type":"بيلر","Easting":"031° 33' 53.27\" E","Northing":"30° 16' 0.55\" N","Description":null,"ID":"6/4/2_2","sectors":"القطاع الثاني","Implementing":"شركة الكتروالهانى","SHAPE_Length":5.02183488165231,"SHAPE_Area":1.244345955181855,"__networkId":"electricity","__networkName":"شبكة الكهرباء","__layerId":"electricity_facilities","__layerName":"منشآت شبكة الكهرباء","__assetName":"منشآت الكهرباء","__geometryKind":"polygon","__featureIndex":112,"__length_m":5.02,"__area_m2":1.24,"__typeValue":"بيلر"},"geometry":{"type":"Polygon","coordinates":[[[31.566482203243524,30.266981562163565],[31.566476880725457,30.266978983196648],[31.566468870448066,30.26699139544412],[31.566474193864437,30.2669939744107],[31.566482203243524,30.266981562163565]]]}},{"type":"Feature","properties":{"Electric_Facility_Type":"بيلر","Easting":"031° 33' 45.57\" E","Northing":"30° 16' 0.87\" N","Description":null,"ID":"9/4/2_4","sectors":"القطاع الثاني","Implementing":"شركة الكتروالهانى","SHAPE_Length":5.019369835039612,"SHAPE_Area":1.2444352304658213,"__networkId":"electricity","__networkName":"شبكة الكهرباء","__layerId":"electricity_facilities","__layerName":"منشآت شبكة الكهرباء","__assetName":"منشآت الكهرباء","__geometryKind":"polygon","__featureIndex":113,"__length_m":5.02,"__area_m2":1.24,"__typeValue":"بيلر"},"geometry":{"type":"Polygon","coordinates":[[[31.56434280610556,30.267072483893216],[31.564338285783066,30.267068933549773],[31.564327270641062,30.267079467424644],[31.564331791861882,30.26708301854358],[31.56434280610556,30.267072483893216]]]}},{"type":"Feature","properties":{"Electric_Facility_Type":"بيلر","Easting":"031° 33' 17.69\" E","Northing":"30° 16' 1.01\" N","Description":null,"ID":"6/2/1_3","sectors":"القطاع الثاني","Implementing":"شركة الكتروالهانى","SHAPE_Length":5.023569654122876,"SHAPE_Area":1.2444740110386217,"__networkId":"electricity","__networkName":"شبكة الكهرباء","__layerId":"electricity_facilities","__layerName":"منشآت شبكة الكهرباء","__assetName":"منشآت الكهرباء","__geometryKind":"polygon","__featureIndex":114,"__length_m":5.02,"__area_m2":1.24,"__typeValue":"بيلر"},"geometry":{"type":"Polygon","coordinates":[[[31.55659580965549,30.26710632775305],[31.556590032589888,30.267104637926714],[31.556584772055587,30.26711811153669],[31.556590549121186,30.267119802914472],[31.55659580965549,30.26710632775305]]]}},{"type":"Feature","properties":{"Electric_Facility_Type":"بيلر","Easting":"031° 33' 21.96\" E","Northing":"30° 16' 1.57\" N","Description":null,"ID":"8/2/1_3","sectors":"القطاع الثاني","Implementing":"شركة الكتروالهانى","SHAPE_Length":5.015111562751559,"SHAPE_Area":1.2443503387784398,"__networkId":"electricity","__networkName":"شبكة الكهرباء","__layerId":"electricity_facilities","__layerName":"منشآت شبكة الكهرباء","__assetName":"منشآت الكهرباء","__geometryKind":"polygon","__featureIndex":115,"__length_m":5.02,"__area_m2":1.24,"__typeValue":"بيلر"},"geometry":{"type":"Polygon","coordinates":[[[31.557785015598277,30.26726998318404],[31.55777018800622,30.26726392293987],[31.557767599061552,30.267268713876764],[31.55778242755194,30.267274774120622],[31.557785015598277,30.26726998318404]]]}},{"type":"Feature","properties":{"Electric_Facility_Type":"بيلر","Easting":"031° 33' 15.66\" E","Northing":"30° 16' 1.6\" N","Description":null,"ID":"6/2/1_4","sectors":"القطاع الثاني","Implementing":"شركة الكتروالهانى","SHAPE_Length":5.023797929048385,"SHAPE_Area":1.2444945431471335,"__networkId":"electricity","__networkName":"شبكة الكهرباء","__layerId":"electricity_facilities","__layerName":"منشآت شبكة الكهرباء","__assetName":"منشآت الكهرباء","__geometryKind":"polygon","__featureIndex":116,"__length_m":5.02,"__area_m2":1.24,"__typeValue":"بيلر"},"geometry":{"type":"Polygon","coordinates":[[[31.55603309148679,30.267272300678446],[31.556027238064402,30.267270817233747],[31.556022623418777,30.267284468492807],[31.55602847504454,30.26728595116143],[31.55603309148679,30.267272300678446]]]}},{"type":"Feature","properties":{"Electric_Facility_Type":"بيلر","Easting":"031° 33' 49.05\" E","Northing":"30° 16' 1.47\" N","Description":null,"ID":"9/4/2_2","sectors":"القطاع الثاني","Implementing":"شركة الكتروالهانى","SHAPE_Length":5.019376755567423,"SHAPE_Area":1.2443179268614348,"__networkId":"electricity","__networkName":"شبكة الكهرباء","__layerId":"electricity_facilities","__layerName":"منشآت شبكة الكهرباء","__assetName":"منشآت الكهرباء","__geometryKind":"polygon","__featureIndex":117,"__length_m":5.02,"__area_m2":1.24,"__typeValue":"بيلر"},"geometry":{"type":"Polygon","coordinates":[[[31.565311162134073,30.267238941788538],[31.56530664181158,30.26723539145112],[31.565295626669535,30.267245926859875],[31.56530014699206,30.26724947642105],[31.565311162134073,30.267238941788538]]]}},{"type":"Feature","properties":{"Electric_Facility_Type":"بيلر","Easting":"031° 33' 19.06\" E","Northing":"30° 16' 1.86\" N","Description":null,"ID":"8/2/1_2","sectors":"القطاع الثاني","Implementing":"شركة الكتروالهانى","SHAPE_Length":5.023865784575667,"SHAPE_Area":1.24450143311768,"__networkId":"electricity","__networkName":"شبكة الكهرباء","__layerId":"electricity_facilities","__layerName":"منشآت شبكة الكهرباء","__assetName":"منشآت الكهرباء","__geometryKind":"polygon","__featureIndex":118,"__length_m":5.02,"__area_m2":1.24,"__typeValue":"بيلر"},"geometry":{"type":"Polygon","coordinates":[[[31.556976131193966,30.26734377521954],[31.556970279568205,30.267342292551795],[31.556965663125958,30.26735594380097],[31.556971516548344,30.267357426468504],[31.556976131193966,30.26734377521954]]]}},{"type":"Feature","properties":{"Electric_Facility_Type":"بيلر","Easting":"031° 33' 55.17\" E","Northing":"30° 16' 1.72\" N","Description":null,"ID":"6/4/2_3","sectors":"القطاع الثاني","Implementing":"شركة الكتروالهانى","SHAPE_Length":5.021893925428397,"SHAPE_Area":1.2444724681954968,"__networkId":"electricity","__networkName":"شبكة الكهرباء","__layerId":"electricity_facilities","__layerName":"منشآت شبكة الكهرباء","__assetName":"منشآت الكهرباء","__geometryKind":"polygon","__featureIndex":119,"__length_m":5.02,"__area_m2":1.24,"__typeValue":"بيلر"},"geometry":{"type":"Polygon","coordinates":[[[31.567007764397115,30.267306516106288],[31.56700244098075,30.2673039363721],[31.566994430703367,30.267316347802545],[31.56699975411973,30.267318927536472],[31.567007764397115,30.267306516106288]]]}},{"type":"Feature","properties":{"Electric_Facility_Type":"بيلر","Easting":"031° 33' 42.63\" E","Northing":"30° 16' 1.88\" N","Description":null,"ID":"10/4/2_4","sectors":"القطاع الثاني","Implementing":"شركة الكتروالهانى","SHAPE_Length":5.01949743331875,"SHAPE_Area":1.2444316954639632,"__networkId":"electricity","__networkName":"شبكة الكهرباء","__layerId":"electricity_facilities","__layerName":"منشآت شبكة الكهرباء","__assetName":"منشآت الكهرباء","__geometryKind":"polygon","__featureIndex":120,"__length_m":5.02,"__area_m2":1.24,"__typeValue":"بيلر"},"geometry":{"type":"Polygon","coordinates":[[[31.563527470899192,30.267351817004084],[31.56352295057666,30.267348265894878],[31.563511935434654,30.267358800515645],[31.563516454858853,30.26736235162448],[31.563527470899192,30.267351817004084]]]}},{"type":"Feature","properties":{"Electric_Facility_Type":"بيلر","Easting":"031° 33' 12.42\" E","Northing":"30° 16' 2.07\" N","Description":null,"ID":"6/2/1_5","sectors":"القطاع الثاني","Implementing":"شركة الكتروالهانى","SHAPE_Length":5.022775872294819,"SHAPE_Area":1.2445112584911862,"__networkId":"electricity","__networkName":"شبكة الكهرباء","__layerId":"electricity_facilities","__layerName":"منشآت شبكة الكهرباء","__assetName":"منشآت الكهرباء","__geometryKind":"polygon","__featureIndex":121,"__length_m":5.02,"__area_m2":1.24,"__typeValue":"بيلر"},"geometry":{"type":"Polygon","coordinates":[[[31.555134433046245,30.26740282510104],[31.555128888644294,30.267400623988646],[31.555122048871723,30.2674135529049],[31.555127593273646,30.267415754017005],[31.555134433046245,30.26740282510104]]]}},{"type":"Feature","properties":{"Electric_Facility_Type":"بيلر","Easting":"031° 33' 47.42\" E","Northing":"30° 16' 2.25\" N","Description":null,"ID":"9/4/2_1","sectors":"القطاع الثاني","Implementing":"شركة الكتروالهانى","SHAPE_Length":5.019362857701232,"SHAPE_Area":1.244309068388172,"__networkId":"electricity","__networkName":"شبكة الكهرباء","__layerId":"electricity_facilities","__layerName":"منشآت شبكة الكهرباء","__assetName":"منشآت الكهرباء","__geometryKind":"polygon","__featureIndex":122,"__length_m":5.02,"__area_m2":1.24,"__typeValue":"بيلر"},"geometry":{"type":"Polygon","coordinates":[[[31.564857845292256,30.26745386110243],[31.564853325868054,30.267450310772773],[31.564842309827718,30.267460845382594],[31.564846830150245,30.26746439571187],[31.564857845292256,30.26745386110243]]]}},{"type":"Feature","properties":{"Electric_Facility_Type":"بيلر","Easting":"031° 34' 1.34\" E","Northing":"30° 16' 2.71\" N","Description":null,"ID":"5/4/2_1","sectors":"القطاع الثاني","Implementing":"شركة الكتروالهانى","SHAPE_Length":5.021932615540502,"SHAPE_Area":1.2443567866677558,"__networkId":"electricity","__networkName":"شبكة الكهرباء","__layerId":"electricity_facilities","__layerName":"منشآت شبكة الكهرباء","__assetName":"منشآت الكهرباء","__geometryKind":"polygon","__featureIndex":123,"__length_m":5.02,"__area_m2":1.24,"__typeValue":"بيلر"},"geometry":{"type":"Polygon","coordinates":[[[31.56872369301518,30.2675802957376],[31.568718370497105,30.267577716786462],[31.568710360219722,30.267590128958172],[31.56871568273779,30.267592708684848],[31.56872369301518,30.2675802957376]]]}},{"type":"Feature","properties":{"Electric_Facility_Type":"بيلر","Easting":"031° 33' 22.2\" E","Northing":"30° 16' 3.45\" N","Description":null,"ID":"8/2/1_1","sectors":"القطاع الثاني","Implementing":"شركة الكتروالهانى","SHAPE_Length":5.016896108760286,"SHAPE_Area":1.2446070282203865,"__networkId":"electricity","__networkName":"شبكة الكهرباء","__layerId":"electricity_facilities","__layerName":"منشآت شبكة الكهرباء","__assetName":"منشآت الكهرباء","__geometryKind":"polygon","__featureIndex":124,"__length_m":5.02,"__area_m2":1.24,"__typeValue":"بيلر"},"geometry":{"type":"Polygon","coordinates":[[[31.557852316481057,30.267793561730837],[31.557838568663943,30.267785814807812],[31.557835256575476,30.267790258135665],[31.55784900439259,30.26779800505839],[31.557852316481057,30.267793561730837]]]}},{"type":"Feature","properties":{"Electric_Facility_Type":"بيلر","Easting":"031° 33' 58.17\" E","Northing":"30° 16' 3.79\" N","Description":null,"ID":"6/4/2_6","sectors":"القطاع الثاني","Implementing":"شركة الكتروالهانى","SHAPE_Length":5.021970874625577,"SHAPE_Area":1.2445208777683925,"__networkId":"electricity","__networkName":"شبكة الكهرباء","__layerId":"electricity_facilities","__layerName":"منشآت شبكة الكهرباء","__assetName":"منشآت الكهرباء","__geometryKind":"polygon","__featureIndex":125,"__length_m":5.02,"__area_m2":1.24,"__typeValue":"بيلر"},"geometry":{"type":"Polygon","coordinates":[[[31.567841651610742,30.267881584112924],[31.567836328194378,30.267879004393787],[31.567828317916987,30.2678914165274],[31.567833642231655,30.26789399547034],[31.567841651610742,30.267881584112924]]]}},{"type":"Feature","properties":{"Electric_Facility_Type":"بيلر","Easting":"031° 33' 50.54\" E","Northing":"30° 16' 3.95\" N","Description":null,"ID":"2/4/2_2","sectors":"القطاع الثاني","Implementing":"شركة الكتروالهانى","SHAPE_Length":5.019497428066028,"SHAPE_Area":1.244431692082331,"__networkId":"electricity","__networkName":"شبكة الكهرباء","__layerId":"electricity_facilities","__layerName":"منشآت شبكة الكهرباء","__assetName":"منشآت الكهرباء","__geometryKind":"polygon","__featureIndex":126,"__length_m":5.02,"__area_m2":1.24,"__typeValue":"بيلر"},"geometry":{"type":"Polygon","coordinates":[[[31.56572400538077,30.267927936804757],[31.565719485058274,30.267924385716377],[31.565708469916263,30.267934920275334],[31.565712989340465,30.26793847136334],[31.56572400538077,30.267927936804757]]]}},{"type":"Feature","properties":{"Electric_Facility_Type":"بيلر","Easting":"031° 34' 3.06\" E","Northing":"30° 16' 4.06\" N","Description":null,"ID":"5/4/2_4","sectors":"القطاع الثاني","Implementing":"شركة الكتروالهانى","SHAPE_Length":5.022068519249864,"SHAPE_Area":1.2444534039870736,"__networkId":"electricity","__networkName":"شبكة الكهرباء","__layerId":"electricity_facilities","__layerName":"منشآت شبكة الكهرباء","__assetName":"منشآت الكهرباء","__geometryKind":"polygon","__featureIndex":127,"__length_m":5.02,"__area_m2":1.24,"__typeValue":"بيلر"},"geometry":{"type":"Polygon","coordinates":[[[31.569199655486994,30.267956368782837],[31.56919433207063,30.26795378984154],[31.569186321793246,30.2679662019657],[31.56919164431128,30.267968781682544],[31.569199655486994,30.267956368782837]]]}},{"type":"Feature","properties":{"Electric_Facility_Type":"بيلر","Easting":"031° 33' 56.07\" E","Northing":"30° 16' 4.14\" N","Description":null,"ID":"6/4/2_5","sectors":"القطاع الثاني","Implementing":"شركة الكتروالهانى","SHAPE_Length":5.022068519249864,"SHAPE_Area":1.2444534039870736,"__networkId":"electricity","__networkName":"شبكة الكهرباء","__layerId":"electricity_facilities","__layerName":"منشآت شبكة الكهرباء","__assetName":"منشآت الكهرباء","__geometryKind":"polygon","__featureIndex":128,"__length_m":5.02,"__area_m2":1.24,"__typeValue":"بيلر"},"geometry":{"type":"Polygon","coordinates":[[[31.56725881028136,30.26797924253057],[31.567253486864995,30.267976663589867],[31.56724547658761,30.26798907571113],[31.567250799105643,30.26799165542738],[31.56725881028136,30.26797924253057]]]}},{"type":"Feature","properties":{"Electric_Facility_Type":"بيلر","Easting":"031° 33' 19.25\" E","Northing":"30° 16' 4.35\" N","Description":null,"ID":"7/2/1_4","sectors":"القطاع الثاني","Implementing":"شركة الكتروالهانى","SHAPE_Length":5.015403571692557,"SHAPE_Area":1.2444825262261316,"__networkId":"electricity","__networkName":"شبكة الكهرباء","__layerId":"electricity_facilities","__layerName":"منشآت شبكة الكهرباء","__assetName":"منشآت الكهرباء","__geometryKind":"polygon","__featureIndex":129,"__length_m":5.02,"__area_m2":1.24,"__typeValue":"بيلر"},"geometry":{"type":"Polygon","coordinates":[[[31.55703421446359,30.26804151492784],[31.557019442567057,30.268035349990956],[31.557016809604963,30.26804012226973],[31.557031579704873,30.268046287982123],[31.55703421446359,30.26804151492784]]]}},{"type":"Feature","properties":{"Electric_Facility_Type":"بيلر","Easting":"031° 33' 16.55\" E","Northing":"30° 16' 4.38\" N","Description":null,"ID":"7/2/1_3","sectors":"القطاع الثاني","Implementing":"شركة الكتروالهانى","SHAPE_Length":5.0211179643829515,"SHAPE_Area":1.2445556488454204,"__networkId":"electricity","__networkName":"شبكة الكهرباء","__layerId":"electricity_facilities","__layerName":"منشآت شبكة الكهرباء","__assetName":"منشآت الكهرباء","__geometryKind":"polygon","__featureIndex":130,"__length_m":5.02,"__area_m2":1.24,"__typeValue":"بيلر"},"geometry":{"type":"Polygon","coordinates":[[[31.556280441701944,30.268045284026968],[31.556275421916162,30.268042280695845],[31.556266100098444,30.268053982126556],[31.55627111988426,30.268056986233187],[31.556280441701944,30.268045284026968]]]}},{"type":"Feature","properties":{"Electric_Facility_Type":"بيلر","Easting":"031° 33' 42.71\" E","Northing":"30° 16' 4.5\" N","Description":null,"ID":"10/5/2_1","sectors":"القطاع الثاني","Implementing":"شركة الكتروالهانى","SHAPE_Length":5.022093632142738,"SHAPE_Area":1.2443829936393696,"__networkId":"electricity","__networkName":"شبكة الكهرباء","__layerId":"electricity_facilities","__layerName":"منشآت شبكة الكهرباء","__assetName":"منشآت الكهرباء","__geometryKind":"polygon","__featureIndex":131,"__length_m":5.02,"__area_m2":1.24,"__typeValue":"بيلر"},"geometry":{"type":"Polygon","coordinates":[[[31.563548840921474,30.268078236095494],[31.563543459114598,30.26807575103567],[31.56353573899308,30.268088300470534],[31.563541120799925,30.268090786305848],[31.563548840921474,30.268078236095494]]]}},{"type":"Feature","properties":{"Electric_Facility_Type":"بيلر","Easting":"031° 33' 16.36\" E","Northing":"30° 16' 4.71\" N","Description":null,"ID":"7/2/1_2","sectors":"القطاع الثاني","Implementing":"شركة الكتروالهانى","SHAPE_Length":5.0136544694115495,"SHAPE_Area":1.2444883561203548,"__networkId":"electricity","__networkName":"شبكة الكهرباء","__layerId":"electricity_facilities","__layerName":"منشآت شبكة الكهرباء","__assetName":"منشآت الكهرباء","__geometryKind":"polygon","__featureIndex":132,"__length_m":5.01,"__area_m2":1.24,"__typeValue":"بيلر"},"geometry":{"type":"Polygon","coordinates":[[[31.556229000575517,30.268138790690713],[31.556212906358887,30.268136103910606],[31.55621176280355,30.268141302127876],[31.55622785881681,30.268143988907894],[31.556229000575517,30.268138790690713]]]}},{"type":"Feature","properties":{"Electric_Facility_Type":"بيلر","Easting":"031° 33' 48.17\" E","Northing":"30° 16' 4.64\" N","Description":null,"ID":"2/4/2_1","sectors":"القطاع الثاني","Implementing":"شركة الكتروالهانى","SHAPE_Length":5.019504364636198,"SHAPE_Area":1.244395539851985,"__networkId":"electricity","__networkName":"شبكة الكهرباء","__layerId":"electricity_facilities","__layerName":"منشآت شبكة الكهرباء","__assetName":"منشآت الكهرباء","__geometryKind":"polygon","__featureIndex":133,"__length_m":5.02,"__area_m2":1.24,"__typeValue":"بيلر"},"geometry":{"type":"Polygon","coordinates":[[[31.56506514591711,30.268118367901344],[31.56506062649291,30.26811481681986],[31.565049610452572,30.268125352134245],[31.565054130775103,30.268128902439482],[31.56506514591711,30.268118367901344]]]}},{"type":"Feature","properties":{"Electric_Facility_Type":"بيلر","Easting":"031° 33' 59.31\" E","Northing":"30° 16' 4.65\" N","Description":null,"ID":"5/4/2_2","sectors":"القطاع الثاني","Implementing":"شركة الكتروالهانى","SHAPE_Length":5.021893832158102,"SHAPE_Area":1.2443941528291167,"__networkId":"electricity","__networkName":"شبكة الكهرباء","__layerId":"electricity_facilities","__layerName":"منشآت شبكة الكهرباء","__assetName":"منشآت الكهرباء","__geometryKind":"polygon","__featureIndex":134,"__length_m":5.02,"__area_m2":1.24,"__typeValue":"بيلر"},"geometry":{"type":"Polygon","coordinates":[[[31.56815874343132,30.268120378913565],[31.56815342001492,30.26811779997663],[31.568145409737536,30.268130211304186],[31.568150732255603,30.268132791016733],[31.56815874343132,30.268120378913565]]]}},{"type":"Feature","properties":{"Electric_Facility_Type":"بيلر","Easting":"031° 33' 14.37\" E","Northing":"30° 16' 4.92\" N","Description":null,"ID":"7/2/1_1","sectors":"القطاع الثاني","Implementing":"شركة الكتروالهانى","SHAPE_Length":5.015310061394065,"SHAPE_Area":1.244347413938879,"__networkId":"electricity","__networkName":"شبكة الكهرباء","__layerId":"electricity_facilities","__layerName":"منشآت شبكة الكهرباء","__assetName":"منشآت الكهرباء","__geometryKind":"polygon","__featureIndex":135,"__length_m":5.02,"__area_m2":1.24,"__typeValue":"بيلر"},"geometry":{"type":"Polygon","coordinates":[[[31.55567605338218,30.26819980300176],[31.55566128328227,30.26819363652314],[31.55565864852355,30.268198408794166],[31.555673420420085,30.268204574496675],[31.55567605338218,30.26819980300176]]]}},{"type":"Feature","properties":{"Electric_Facility_Type":"بيلر","Easting":"031° 33' 52.46\" E","Northing":"30° 16' 5.08\" N","Description":null,"ID":"2/4/2_3","sectors":"القطاع الثاني","Implementing":"شركة الكتروالهانى","SHAPE_Length":5.021692132352353,"SHAPE_Area":1.2444014017055245,"__networkId":"electricity","__networkName":"شبكة الكهرباء","__layerId":"electricity_facilities","__layerName":"منشآت شبكة الكهرباء","__assetName":"منشآت الكهرباء","__geometryKind":"polygon","__featureIndex":136,"__length_m":5.02,"__area_m2":1.24,"__typeValue":"بيلر"},"geometry":{"type":"Polygon","coordinates":[[[31.566255168428494,30.268238705031703],[31.566249909690818,30.268236026788678],[31.566241596681177,30.268248288361843],[31.56624685452052,30.268250965052797],[31.566255168428494,30.268238705031703]]]}},{"type":"Feature","properties":{"Electric_Facility_Type":"بيلر","Easting":"031° 33' 53.73\" E","Northing":"30° 16' 5.37\" N","Description":null,"ID":"2/4/2_5","sectors":"القطاع الثاني","Implementing":"شركة الكتروالهانى","SHAPE_Length":5.018171993811622,"SHAPE_Area":1.244576721377729,"__networkId":"electricity","__networkName":"شبكة الكهرباء","__layerId":"electricity_facilities","__layerName":"منشآت شبكة الكهرباء","__assetName":"منشآت الكهرباء","__geometryKind":"polygon","__featureIndex":137,"__length_m":5.02,"__area_m2":1.24,"__typeValue":"بيلر"},"geometry":{"type":"Polygon","coordinates":[[[31.566611336065613,30.268326387191543],[31.566598701261135,30.26831732368984],[31.566594824132366,30.26832140777425],[31.56660745893684,30.268330471275586],[31.566611336065613,30.268326387191543]]]}},{"type":"Feature","properties":{"Electric_Facility_Type":"بيلر","Easting":"031° 33' 44.9\" E","Northing":"30° 16' 5.58\" N","Description":null,"ID":"10/5/2_2","sectors":"القطاع الثاني","Implementing":"شركة الكتروالهانى","SHAPE_Length":5.02179732966362,"SHAPE_Area":1.2443372054591113,"__networkId":"electricity","__networkName":"شبكة الكهرباء","__layerId":"electricity_facilities","__layerName":"منشآت شبكة الكهرباء","__assetName":"منشآت الكهرباء","__geometryKind":"polygon","__featureIndex":138,"__length_m":5.02,"__area_m2":1.24,"__typeValue":"بيلر"},"geometry":{"type":"Polygon","coordinates":[[[31.564156975216,30.268379433719744],[31.564151675155824,30.268376819100414],[31.564143554385666,30.268389176861504],[31.564148853547508,30.268391791480497],[31.564156975216,30.268379433719744]]]}},{"type":"Feature","properties":{"Electric_Facility_Type":"بيلر","Easting":"031° 34' 1.03\" E","Northing":"30° 16' 6.01\" N","Description":null,"ID":"5/4/2_3","sectors":"القطاع الثاني","Implementing":"شركة الكتروالهانى","SHAPE_Length":5.02193234646786,"SHAPE_Area":1.2444575129423223,"__networkId":"electricity","__networkName":"شبكة الكهرباء","__layerId":"electricity_facilities","__layerName":"منشآت شبكة الكهرباء","__assetName":"منشآت الكهرباء","__geometryKind":"polygon","__featureIndex":139,"__length_m":5.02,"__area_m2":1.24,"__typeValue":"بيلر"},"geometry":{"type":"Polygon","coordinates":[[[31.568635913238868,30.2684986765809],[31.568630589822504,30.268496097653845],[31.56862257954512,30.268508508933635],[31.568627902961484,30.268511088636178],[31.568635913238868,30.2684986765809]]]}},{"type":"Feature","properties":{"Electric_Facility_Type":"بيلر","Easting":"031° 33' 46.23\" E","Northing":"30° 16' 6.28\" N","Description":null,"ID":"10/5/2_3","sectors":"القطاع الثاني","Implementing":"شركة الكتروالهانى","SHAPE_Length":5.0215578162220265,"SHAPE_Area":1.2445204862874246,"__networkId":"electricity","__networkName":"شبكة الكهرباء","__layerId":"electricity_facilities","__layerName":"منشآت شبكة الكهرباء","__assetName":"منشآت الكهرباء","__geometryKind":"polygon","__featureIndex":140,"__length_m":5.02,"__area_m2":1.24,"__typeValue":"بيلر"},"geometry":{"type":"Polygon","coordinates":[[[31.564524715848925,30.268572997598383],[31.564519587366966,30.268570137039777],[31.56451070572376,30.268582095213876],[31.564515835104025,30.26858495577213],[31.564524715848925,30.268572997598383]]]}},{"type":"Feature","properties":{"Electric_Facility_Type":"بيلر","Easting":"031° 33' 18.82\" E","Northing":"30° 16' 6.46\" N","Description":null,"ID":"7/2/1_5","sectors":"القطاع الثاني","Implementing":"شركة الكتروالهانى","SHAPE_Length":5.023593133513499,"SHAPE_Area":1.2445161473764585,"__networkId":"electricity","__networkName":"شبكة الكهرباء","__layerId":"electricity_facilities","__layerName":"منشآت شبكة الكهرباء","__assetName":"منشآت الكهرباء","__geometryKind":"polygon","__featureIndex":141,"__length_m":5.02,"__area_m2":1.24,"__typeValue":"بيلر"},"geometry":{"type":"Polygon","coordinates":[[[31.55691107250614,30.268622700857865],[31.556905300830426,30.26862099476475],[31.556899990888784,30.268634454201305],[31.556905761666165,30.268636160294136],[31.55691107250614,30.268622700857865]]]}},{"type":"Feature","properties":{"Electric_Facility_Type":"بيلر","Easting":"031° 33' 26.88\" E","Northing":"30° 16' 6.65\" N","Description":null,"ID":"7/5/2_2","sectors":"القطاع الثاني","Implementing":"شركة الكتروالهانى","SHAPE_Length":5.019932401014695,"SHAPE_Area":1.2444227991489811,"__networkId":"electricity","__networkName":"شبكة الكهرباء","__layerId":"electricity_facilities","__layerName":"منشآت شبكة الكهرباء","__assetName":"منشآت الكهرباء","__geometryKind":"polygon","__featureIndex":142,"__length_m":5.02,"__area_m2":1.24,"__typeValue":"بيلر"},"geometry":{"type":"Polygon","coordinates":[[[31.559150692883705,30.268675669640995],[31.55914602164423,30.268672269870258],[31.559135471829517,30.268683157360293],[31.559140143068994,30.268686557906516],[31.559150692883705,30.268675669640995]]]}},{"type":"Feature","properties":{"Electric_Facility_Type":"بيلر","Easting":"031° 34' 3.11\" E","Northing":"30° 16' 6.54\" N","Description":null,"ID":"5/4/2_5","sectors":"القطاع الثاني","Implementing":"شركة الكتروالهانى","SHAPE_Length":5.022243325177354,"SHAPE_Area":1.2445909949152116,"__networkId":"electricity","__networkName":"شبكة الكهرباء","__layerId":"electricity_facilities","__layerName":"منشآت شبكة الكهرباء","__assetName":"منشآت الكهرباء","__geometryKind":"polygon","__featureIndex":143,"__length_m":5.02,"__area_m2":1.24,"__typeValue":"بيلر"},"geometry":{"type":"Polygon","coordinates":[[[31.56921547931073,30.26864520204266],[31.569210155894368,30.26864262234359],[31.569202145616945,30.268655035156527],[31.569207469033348,30.26865761485527],[31.56921547931073,30.26864520204266]]]}},{"type":"Feature","properties":{"Electric_Facility_Type":"بيلر","Easting":"031° 33' 24.69\" E","Northing":"30° 16' 7.12\" N","Description":null,"ID":"7/5/2_4","sectors":"القطاع الثاني","Implementing":"شركة الكتروالهانى","SHAPE_Length":5.017940942425914,"SHAPE_Area":1.2444426524613112,"__networkId":"electricity","__networkName":"شبكة الكهرباء","__layerId":"electricity_facilities","__layerName":"منشآت شبكة الكهرباء","__assetName":"منشآت الكهرباء","__geometryKind":"polygon","__featureIndex":144,"__length_m":5.02,"__area_m2":1.24,"__typeValue":"بيلر"},"geometry":{"type":"Polygon","coordinates":[[[31.55854347397246,30.26880800535478],[31.558539522283525,30.268803975599965],[31.558527024921272,30.268813179485235],[31.558530976610204,30.268817209239682],[31.55854347397246,30.26880800535478]]]}},{"type":"Feature","properties":{"Electric_Facility_Type":"بيلر","Easting":"031° 33' 13.38\" E","Northing":"30° 16' 7.31\" N","Description":null,"ID":"6/1/3_5","sectors":"القطاع الثالث","Implementing":"شركة الكتروالهانى","SHAPE_Length":5.015356801773851,"SHAPE_Area":1.2444149704170364,"__networkId":"electricity","__networkName":"شبكة الكهرباء","__layerId":"electricity_facilities","__layerName":"منشآت شبكة الكهرباء","__assetName":"منشآت الكهرباء","__geometryKind":"polygon","__featureIndex":145,"__length_m":5.02,"__area_m2":1.24,"__typeValue":"بيلر"},"geometry":{"type":"Polygon","coordinates":[[[31.555401848929893,30.268864442076783],[31.555387077931687,30.268858276415774],[31.555384444071265,30.268863048654485],[31.555399215069475,30.268869214315252],[31.555401848929893,30.268864442076783]]]}},{"type":"Feature","properties":{"Electric_Facility_Type":"بيلر","Easting":"031° 33' 41.17\" E","Northing":"30° 16' 7.25\" N","Description":null,"ID":"1/4/2_1","sectors":"القطاع الثاني","Implementing":"شركة الكتروالهانى","SHAPE_Length":4.979459334079594,"SHAPE_Area":1.2048355263190282,"__networkId":"electricity","__networkName":"شبكة الكهرباء","__layerId":"electricity_facilities","__layerName":"منشآت شبكة الكهرباء","__assetName":"منشآت الكهرباء","__geometryKind":"polygon","__featureIndex":146,"__length_m":4.98,"__area_m2":1.2,"__typeValue":"بيلر"},"geometry":{"type":"Polygon","coordinates":[[[31.56311869702072,30.268840549071335],[31.56311332419701,30.268838428679324],[31.56310651406885,30.268851368268113],[31.563111886892553,30.2688534902115],[31.56311869702072,30.268840549071335]]]}},{"type":"Feature","properties":{"Electric_Facility_Type":"بيلر","Easting":"031° 33' 52.49\" E","Northing":"30° 16' 7.23\" N","Description":null,"ID":"2/4/2_4","sectors":"القطاع الثاني","Implementing":"شركة الكتروالهانى","SHAPE_Length":5.0193698187728,"SHAPE_Area":1.2443540805345013,"__networkId":"electricity","__networkName":"شبكة الكهرباء","__layerId":"electricity_facilities","__layerName":"منشآت شبكة الكهرباء","__assetName":"منشآت الكهرباء","__geometryKind":"polygon","__featureIndex":147,"__length_m":5.02,"__area_m2":1.24,"__typeValue":"بيلر"},"geometry":{"type":"Polygon","coordinates":[[[31.566265534986865,30.268838968669396],[31.566261014664374,30.26883541838978],[31.566249999522366,30.268845952851034],[31.566254519844854,30.268849503130212],[31.566265534986865,30.268838968669396]]]}},{"type":"Feature","properties":{"Electric_Facility_Type":"بيلر","Easting":"031° 33' 50.48\" E","Northing":"30° 16' 7.25\" N","Description":null,"ID":"10/5/2_5","sectors":"القطاع الثاني","Implementing":"شركة الكتروالهانى","SHAPE_Length":5.017307447832308,"SHAPE_Area":1.2444899537682739,"__networkId":"electricity","__networkName":"شبكة الكهرباء","__layerId":"electricity_facilities","__layerName":"منشآت شبكة الكهرباء","__assetName":"منشآت الكهرباء","__geometryKind":"polygon","__featureIndex":148,"__length_m":5.02,"__area_m2":1.24,"__typeValue":"بيلر"},"geometry":{"type":"Polygon","coordinates":[[[31.56570787073997,30.268847922728416],[31.565694608013086,30.26883956374461],[31.565691032718277,30.26884385030359],[31.565704296343448,30.26885220928697],[31.56570787073997,30.268847922728416]]]}},{"type":"Feature","properties":{"Electric_Facility_Type":"بيلر","Easting":"031° 33' 58.68\" E","Northing":"30° 16' 7.27\" N","Description":null,"ID":"3/4/2_3","sectors":"القطاع الثاني","Implementing":"شركة الكتروالهانى","SHAPE_Length":5.017916425173536,"SHAPE_Area":1.2444903967603205,"__networkId":"electricity","__networkName":"شبكة الكهرباء","__layerId":"electricity_facilities","__layerName":"منشآت شبكة الكهرباء","__assetName":"منشآت الكهرباء","__geometryKind":"polygon","__featureIndex":149,"__length_m":5.02,"__area_m2":1.24,"__typeValue":"بيلر"},"geometry":{"type":"Polygon","coordinates":[[[31.567985691974968,30.268855427503166],[31.56797305717049,30.268846365602016],[31.567969180041754,30.26885044966443],[31.567981814846192,30.268859511565196],[31.567985691974968,30.268855427503166]]]}},{"type":"Feature","properties":{"Electric_Facility_Type":"بيلر","Easting":"031° 33' 24.54\" E","Northing":"30° 16' 7.47\" N","Description":null,"ID":"7/5/2_5","sectors":"القطاع الثاني","Implementing":"شركة الكتروالهانى","SHAPE_Length":5.019956901400246,"SHAPE_Area":1.24435736047884,"__networkId":"electricity","__networkName":"شبكة الكهرباء","__layerId":"electricity_facilities","__layerName":"منشآت شبكة الكهرباء","__assetName":"منشآت الكهرباء","__geometryKind":"polygon","__featureIndex":150,"__length_m":5.02,"__area_m2":1.24,"__typeValue":"بيلر"},"geometry":{"type":"Polygon","coordinates":[[[31.558500537196824,30.26890402270972],[31.55849586595735,30.26890062294689],[31.558485316142637,30.268911511963264],[31.55848998738211,30.26891491094991],[31.558500537196824,30.26890402270972]]]}},{"type":"Feature","properties":{"Electric_Facility_Type":"بيلر","Easting":"031° 33' 48.52\" E","Northing":"30° 16' 7.57\" N","Description":null,"ID":"10/5/2_4","sectors":"القطاع الثاني","Implementing":"شركة الكتروالهانى","SHAPE_Length":5.021359143895149,"SHAPE_Area":1.2445017917809404,"__networkId":"electricity","__networkName":"شبكة الكهرباء","__layerId":"electricity_facilities","__layerName":"منشآت شبكة الكهرباء","__assetName":"منشآت الكهرباء","__geometryKind":"polygon","__featureIndex":151,"__length_m":5.02,"__area_m2":1.24,"__typeValue":"بيلر"},"geometry":{"type":"Polygon","coordinates":[[[31.56516119648223,30.26893024013762],[31.56515606710197,30.268927379589375],[31.565147185458734,30.268939336168298],[31.565152314839022,30.26894219671614],[31.56516119648223,30.26893024013762]]]}},{"type":"Feature","properties":{"Electric_Facility_Type":"بيلر","Easting":"031° 34' 4.19\" E","Northing":"30° 16' 7.53\" N","Description":null,"ID":"4/4/2_4","sectors":"القطاع الثاني","Implementing":"شركة الكتروالهانى","SHAPE_Length":5.021834979392876,"SHAPE_Area":1.2444242709786923,"__networkId":"electricity","__networkName":"شبكة الكهرباء","__layerId":"electricity_facilities","__layerName":"منشآت شبكة الكهرباء","__assetName":"منشآت الكهرباء","__geometryKind":"polygon","__featureIndex":152,"__length_m":5.02,"__area_m2":1.24,"__typeValue":"بيلر"},"geometry":{"type":"Polygon","coordinates":[[[31.569513829579535,30.26891850622575],[31.56950850616313,30.26891592653385],[31.569500496784077,30.268928338536426],[31.569505820200447,30.268930917452085],[31.569513829579535,30.26891850622575]]]}},{"type":"Feature","properties":{"Electric_Facility_Type":"بيلر","Easting":"031° 33' 23.0\" E","Northing":"30° 16' 8.1\" N","Description":null,"ID":"7/5/2_3","sectors":"القطاع الثاني","Implementing":"شركة الكتروالهانى","SHAPE_Length":5.01556253648928,"SHAPE_Area":1.244628914360664,"__networkId":"electricity","__networkName":"شبكة الكهرباء","__layerId":"electricity_facilities","__layerName":"منشآت شبكة الكهرباء","__assetName":"منشآت الكهرباء","__geometryKind":"polygon","__featureIndex":153,"__length_m":5.02,"__area_m2":1.24,"__typeValue":"بيلر"},"geometry":{"type":"Polygon","coordinates":[[[31.558074929788237,30.26908399195969],[31.55806004919555,30.26907802570483],[31.558057501573415,30.269082833621802],[31.55807238126777,30.269088799876368],[31.558074929788237,30.26908399195969]]]}},{"type":"Feature","properties":{"Electric_Facility_Type":"بيلر","Easting":"031° 33' 53.89\" E","Northing":"30° 16' 8.14\" N","Description":null,"ID":"2/4/2_6","sectors":"القطاع الثاني","Implementing":"شركة الكتروالهانى","SHAPE_Length":5.019504360036312,"SHAPE_Area":1.244395539851985,"__networkId":"electricity","__networkName":"شبكة الكهرباء","__layerId":"electricity_facilities","__layerName":"منشآت شبكة الكهرباء","__assetName":"منشآت الكهرباء","__geometryKind":"polygon","__featureIndex":154,"__length_m":5.02,"__area_m2":1.24,"__typeValue":"بيلر"},"geometry":{"type":"Polygon","coordinates":[[[31.566654934899613,30.269091100259182],[31.56665041547541,30.26908754998874],[31.566639399435076,30.269098084422872],[31.566643919757603,30.269101635468797],[31.566654934899613,30.269091100259182]]]}},{"type":"Feature","properties":{"Electric_Facility_Type":"بيلر","Easting":"031° 33' 38.74\" E","Northing":"30° 16' 8.28\" N","Description":null,"ID":"1/5/2_1","sectors":"القطاع الاول","Implementing":"شركة الكتروالهانى","SHAPE_Length":5.016679602393953,"SHAPE_Area":1.2444017821531306,"__networkId":"electricity","__networkName":"شبكة الكهرباء","__layerId":"electricity_facilities","__layerName":"منشآت شبكة الكهرباء","__assetName":"منشآت الكهرباء","__geometryKind":"polygon","__featureIndex":155,"__length_m":5.02,"__area_m2":1.24,"__typeValue":"بيلر"},"geometry":{"type":"Polygon","coordinates":[[[31.562447156938493,30.269135188462936],[31.56243343786749,30.269127403629337],[31.562430109609345,30.269131836810537],[31.562443828680387,30.26913962164378],[31.562447156938493,30.269135188462936]]]}},{"type":"Feature","properties":{"Electric_Facility_Type":"بيلر","Easting":"031° 33' 17.3\" E","Northing":"30° 16' 8.41\" N","Description":null,"ID":"6/1/3_1","sectors":"القطاع الثالث","Implementing":"شركة الكتروالهانى","SHAPE_Length":5.015310068504711,"SHAPE_Area":1.244347413938879,"__networkId":"electricity","__networkName":"شبكة الكهرباء","__layerId":"electricity_facilities","__layerName":"منشآت شبكة الكهرباء","__assetName":"منشآت الكهرباء","__geometryKind":"polygon","__featureIndex":156,"__length_m":5.02,"__area_m2":1.24,"__typeValue":"بيلر"},"geometry":{"type":"Polygon","coordinates":[[[31.556492462075315,30.26917037227222],[31.556477690178777,30.269164205854565],[31.556475057216687,30.269168978078405],[31.556489827316597,30.269175143719966],[31.556492462075315,30.26917037227222]]]}},{"type":"Feature","properties":{"Electric_Facility_Type":"بيلر","Easting":"031° 33' 14.54\" E","Northing":"30° 16' 8.6\" N","Description":null,"ID":"6/1/3_3","sectors":"القطاع الثالث","Implementing":"شركة الكتروالهانى","SHAPE_Length":5.023595562461909,"SHAPE_Area":1.244499522095244,"__networkId":"electricity","__networkName":"شبكة الكهرباء","__layerId":"electricity_facilities","__layerName":"منشآت شبكة الكهرباء","__assetName":"منشآت الكهرباء","__geometryKind":"polygon","__featureIndex":157,"__length_m":5.02,"__area_m2":1.24,"__typeValue":"بيلر"},"geometry":{"type":"Polygon","coordinates":[[[31.55572083889067,30.26921650789489],[31.55571506811329,30.26921480103624],[31.555709757273316,30.269228260391397],[31.5557155280507,30.269229967249753],[31.55572083889067,30.26921650789489]]]}},{"type":"Feature","properties":{"Electric_Facility_Type":"بيلر","Easting":"031° 33' 52.49\" E","Northing":"30° 16' 8.53\" N","Description":null,"ID":"1/3/2_1","sectors":"القطاع الثاني","Implementing":"شركة الكتروالهانى","SHAPE_Length":5.016627805914694,"SHAPE_Area":1.2444804062444255,"__networkId":"electricity","__networkName":"شبكة الكهرباء","__layerId":"electricity_facilities","__layerName":"منشآت شبكة الكهرباء","__assetName":"منشآت الكهرباء","__geometryKind":"polygon","__featureIndex":158,"__length_m":5.02,"__area_m2":1.24,"__typeValue":"بيلر"},"geometry":{"type":"Polygon","coordinates":[[[31.566267069309376,30.269205442795524],[31.56625335023837,30.269197658743305],[31.566250021980224,30.26920209347304],[31.566263741051262,30.2692098759732],[31.566267069309376,30.269205442795524]]]}},{"type":"Feature","properties":{"Electric_Facility_Type":"بيلر","Easting":"031° 34' 1.88\" E","Northing":"30° 16' 8.73\" N","Description":null,"ID":"4/4/2_5","sectors":"القطاع الثاني","Implementing":"شركة الكتروالهانى","SHAPE_Length":5.020433394633949,"SHAPE_Area":1.2444071891698767,"__networkId":"electricity","__networkName":"شبكة الكهرباء","__layerId":"electricity_facilities","__layerName":"منشآت شبكة الكهرباء","__assetName":"منشآت الكهرباء","__geometryKind":"polygon","__featureIndex":159,"__length_m":5.02,"__area_m2":1.24,"__typeValue":"بيلر"},"geometry":{"type":"Polygon","coordinates":[[[31.56887245582284,30.269262319192848],[31.568862449488908,30.269251051603256],[31.568857626434156,30.269254288426612],[31.568867633666425,30.26926555601583],[31.56887245582284,30.269262319192848]]]}},{"type":"Feature","properties":{"Electric_Facility_Type":"بيلر","Easting":"031° 33' 15.58\" E","Northing":"30° 16' 8.96\" N","Description":null,"ID":"6/1/3_2","sectors":"القطاع الثالث","Implementing":"شركة الكتروالهانى","SHAPE_Length":5.023471177771941,"SHAPE_Area":1.2443851631712803,"__networkId":"electricity","__networkName":"شبكة الكهرباء","__layerId":"electricity_facilities","__layerName":"منشآت شبكة الكهرباء","__assetName":"منشآت الكهرباء","__geometryKind":"polygon","__featureIndex":160,"__length_m":5.02,"__area_m2":1.24,"__typeValue":"بيلر"},"geometry":{"type":"Polygon","coordinates":[[[31.556011421427204,30.26931681604365],[31.556005651548116,30.26931510841094],[31.556000340708174,30.269328567752346],[31.55600611058723,30.26933027538482],[31.556011421427204,30.26931681604365]]]}},{"type":"Feature","properties":{"Electric_Facility_Type":"بيلر","Easting":"031° 33' 42.51\" E","Northing":"30° 16' 8.87\" N","Description":null,"ID":"1/4/2_2","sectors":"القطاع الثاني","Implementing":"شركة الكتروالهانى","SHAPE_Length":4.979724560999392,"SHAPE_Area":1.2049711486146062,"__networkId":"electricity","__networkName":"شبكة الكهرباء","__layerId":"electricity_facilities","__layerName":"منشآت شبكة الكهرباء","__assetName":"منشآت الكهرباء","__geometryKind":"polygon","__featureIndex":161,"__length_m":4.98,"__area_m2":1.2,"__typeValue":"بيلر"},"geometry":{"type":"Polygon","coordinates":[[[31.563491142130772,30.269290549064973],[31.563485769307068,30.269288427131023],[31.5634789591789,30.26930136821215],[31.563484332002613,30.269303490145884],[31.563491142130772,30.269290549064973]]]}},{"type":"Feature","properties":{"Electric_Facility_Type":"بيلر","Easting":"031° 33' 25.83\" E","Northing":"30° 16' 9.08\" N","Description":null,"ID":"7/5/2_1","sectors":"القطاع الثاني","Implementing":"شركة الكتروالهانى","SHAPE_Length":5.015483291178782,"SHAPE_Area":1.244559471759318,"__networkId":"electricity","__networkName":"شبكة الكهرباء","__layerId":"electricity_facilities","__layerName":"منشآت شبكة الكهرباء","__assetName":"منشآت الكهرباء","__geometryKind":"polygon","__featureIndex":162,"__length_m":5.02,"__area_m2":1.24,"__typeValue":"بيلر"},"geometry":{"type":"Polygon","coordinates":[[[31.558859656697937,30.269356901568443],[31.558844874021634,30.269350756110292],[31.558842249144384,30.269355532980146],[31.558857030922358,30.269361677662204],[31.558859656697937,30.269356901568443]]]}},{"type":"Feature","properties":{"Electric_Facility_Type":"بيلر","Easting":"031° 34' 5.77\" E","Northing":"30° 16' 8.96\" N","Description":null,"ID":"4/4/2_3","sectors":"القطاع الثاني","Implementing":"شركة الكتروالهانى","SHAPE_Length":5.022145464713773,"SHAPE_Area":1.2445018198064344,"__networkId":"electricity","__networkName":"شبكة الكهرباء","__layerId":"electricity_facilities","__layerName":"منشآت شبكة الكهرباء","__assetName":"منشآت الكهرباء","__geometryKind":"polygon","__featureIndex":163,"__length_m":5.02,"__area_m2":1.24,"__typeValue":"بيلر"},"geometry":{"type":"Polygon","coordinates":[[[31.56995301502361,30.269317498786375],[31.569947691607247,30.26931491988083],[31.569939681329863,30.269327332608757],[31.569945004746227,30.26932991151398],[31.56995301502361,30.269317498786375]]]}},{"type":"Feature","properties":{"Electric_Facility_Type":"بيلر","Easting":"031° 33' 12.88\" E","Northing":"30° 16' 9.41\" N","Description":null,"ID":"6/1/3_4","sectors":"القطاع الثالث","Implementing":"شركة الكتروالهانى","SHAPE_Length":5.015489875452731,"SHAPE_Area":1.2444854586498075,"__networkId":"electricity","__networkName":"شبكة الكهرباء","__layerId":"electricity_facilities","__layerName":"منشآت شبكة الكهرباء","__assetName":"منشآت الكهرباء","__geometryKind":"polygon","__featureIndex":164,"__length_m":5.02,"__area_m2":1.24,"__typeValue":"بيلر"},"geometry":{"type":"Polygon","coordinates":[[[31.555263264034377,30.269446868363076],[31.555248493036167,30.269440701962793],[31.55524585827745,30.269445474949052],[31.555260630173986,30.269451639797374],[31.555263264034377,30.269446868363076]]]}},{"type":"Feature","properties":{"Electric_Facility_Type":"بيلر","Easting":"031° 33' 55.52\" E","Northing":"30° 16' 9.26\" N","Description":null,"ID":"3/4/2_1","sectors":"القطاع الثاني","Implementing":"شركة الكتروالهانى","SHAPE_Length":5.019518254587006,"SHAPE_Area":1.2444043976370007,"__networkId":"electricity","__networkName":"شبكة الكهرباء","__layerId":"electricity_facilities","__layerName":"منشآت شبكة الكهرباء","__assetName":"منشآت الكهرباء","__geometryKind":"polygon","__featureIndex":165,"__length_m":5.02,"__area_m2":1.24,"__typeValue":"بيلر"},"geometry":{"type":"Polygon","coordinates":[[[31.56710711986415,30.269402969605093],[31.567102599541663,30.26939942012173],[31.567091584399652,30.269409954522402],[31.567096104722143,30.269413505557043],[31.56710711986415,30.269402969605093]]]}},{"type":"Feature","properties":{"Electric_Facility_Type":"بيلر","Easting":"031° 33' 8.97\" E","Northing":"30° 16' 9.82\" N","Description":null,"ID":"7/1/3_1","sectors":"القطاع الثالث","Implementing":"شركة الكتروالهانى","SHAPE_Length":5.015223746837821,"SHAPE_Area":1.244344478889246,"__networkId":"electricity","__networkName":"شبكة الكهرباء","__layerId":"electricity_facilities","__layerName":"منشآت شبكة الكهرباء","__assetName":"منشآت الكهرباء","__geometryKind":"polygon","__featureIndex":166,"__length_m":5.02,"__area_m2":1.24,"__typeValue":"بيلر"},"geometry":{"type":"Polygon","coordinates":[[[31.554178673194635,30.269562632603616],[31.554163903094725,30.26955646621054],[31.554161269234335,30.26956123919123],[31.55417604023254,30.26956740403224],[31.554178673194635,30.269562632603616]]]}},{"type":"Feature","properties":{"Electric_Facility_Type":"بيلر","Easting":"031° 33' 46.94\" E","Northing":"30° 16' 9.72\" N","Description":null,"ID":"1/4/2_3","sectors":"القطاع الثاني","Implementing":"شركة الكتروالهانى","SHAPE_Length":4.97278234683316,"SHAPE_Area":1.2049534700247186,"__networkId":"electricity","__networkName":"شبكة الكهرباء","__layerId":"electricity_facilities","__layerName":"منشآت شبكة الكهرباء","__assetName":"منشآت الكهرباء","__geometryKind":"polygon","__featureIndex":167,"__length_m":4.97,"__area_m2":1.2,"__typeValue":"بيلر"},"geometry":{"type":"Polygon","coordinates":[[[31.564724575728263,30.26953351369442],[31.56471032036302,30.269526493097132],[31.56470741521141,30.269530953414794],[31.56472167057665,30.26953797401176],[31.564724575728263,30.26953351369442]]]}},{"type":"Feature","properties":{"Electric_Facility_Type":"بيلر","Easting":"031° 33' 21.49\" E","Northing":"30° 16' 10.18\" N","Description":null,"ID":"6/5/2_3","sectors":"القطاع الثالث","Implementing":"شركة الكتروالهانى","SHAPE_Length":5.015616535593422,"SHAPE_Area":1.2445533663274368,"__networkId":"electricity","__networkName":"شبكة الكهرباء","__layerId":"electricity_facilities","__layerName":"منشآت شبكة الكهرباء","__assetName":"منشآت الكهرباء","__geometryKind":"polygon","__featureIndex":168,"__length_m":5.02,"__area_m2":1.24,"__typeValue":"بيلر"},"geometry":{"type":"Polygon","coordinates":[[[31.557654584710615,30.269662341449205],[31.557639802034277,30.26965619601019],[31.55763717625873,30.269660972089323],[31.55765195983336,30.269667117528112],[31.557654584710615,30.269662341449205]]]}},{"type":"Feature","properties":{"Electric_Facility_Type":"بيلر","Easting":"031° 34' 0.3\" E","Northing":"30° 16' 10.07\" N","Description":null,"ID":"3/4/2_4","sectors":"القطاع الثاني","Implementing":"شركة الكتروالهانى","SHAPE_Length":5.020452395726233,"SHAPE_Area":1.2444480064150223,"__networkId":"electricity","__networkName":"شبكة الكهرباء","__layerId":"electricity_facilities","__layerName":"منشآت شبكة الكهرباء","__assetName":"منشآت الكهرباء","__geometryKind":"polygon","__featureIndex":169,"__length_m":5.02,"__area_m2":1.24,"__typeValue":"بيلر"},"geometry":{"type":"Polygon","coordinates":[[[31.568433236242775,30.26963378427888],[31.568423230807134,30.26962251595607],[31.568418407752382,30.269625753543046],[31.568428414086352,30.269637021089626],[31.568433236242775,30.26963378427888]]]}},{"type":"Feature","properties":{"Electric_Facility_Type":"بيلر","Easting":"031° 33' 56.71\" E","Northing":"30° 16' 10.13\" N","Description":null,"ID":"3/4/2_2","sectors":"القطاع الثاني","Implementing":"شركة الكتروالهانى","SHAPE_Length":5.019652289137778,"SHAPE_Area":1.2444501584117378,"__networkId":"electricity","__networkName":"شبكة الكهرباء","__layerId":"electricity_facilities","__layerName":"منشآت شبكة الكهرباء","__assetName":"منشآت الكهرباء","__geometryKind":"polygon","__featureIndex":170,"__length_m":5.02,"__area_m2":1.24,"__typeValue":"بيلر"},"geometry":{"type":"Polygon","coordinates":[[[31.567437480699795,30.269642721972748],[31.567432960377296,30.269639171722254],[31.56742194433696,30.269649706873004],[31.567426464659448,30.269653257123174],[31.567437480699795,30.269642721972748]]]}},{"type":"Feature","properties":{"Electric_Facility_Type":"بيلر","Easting":"031° 33' 41.49\" E","Northing":"30° 16' 10.37\" N","Description":null,"ID":"1/1/2_5","sectors":"القطاع الاول","Implementing":"شركة الكتروالهانى","SHAPE_Length":4.978202141676378,"SHAPE_Area":1.204919264054448,"__networkId":"electricity","__networkName":"شبكة الكهرباء","__layerId":"electricity_facilities","__layerName":"منشآت شبكة الكهرباء","__assetName":"منشآت الكهرباء","__geometryKind":"polygon","__featureIndex":171,"__length_m":4.98,"__area_m2":1.2,"__typeValue":"بيلر"},"geometry":{"type":"Polygon","coordinates":[[[31.56320921665864,30.269708156418393],[31.563204270534687,30.269705360287652],[31.563195305348156,30.269717271772986],[31.563200252370432,30.269720066351734],[31.56320921665864,30.269708156418393]]]}},{"type":"Feature","properties":{"Electric_Facility_Type":"بيلر","Easting":"031° 33' 53.01\" E","Northing":"30° 16' 10.41\" N","Description":null,"ID":"1/3/2_2","sectors":"القطاع الثاني","Implementing":"شركة الكتروالهانى","SHAPE_Length":5.018055870075153,"SHAPE_Area":1.244588521882175,"__networkId":"electricity","__networkName":"شبكة الكهرباء","__layerId":"electricity_facilities","__layerName":"منشآت شبكة الكهرباء","__assetName":"منشآت الكهرباء","__geometryKind":"polygon","__featureIndex":172,"__length_m":5.02,"__area_m2":1.24,"__typeValue":"بيلر"},"geometry":{"type":"Polygon","coordinates":[[[31.566411036910065,30.26972774329648],[31.566398326647104,30.269718760611635],[31.56639448365432,30.269722868688756],[31.566407193917286,30.26973185214914],[31.566411036910065,30.26972774329648]]]}},{"type":"Feature","properties":{"Electric_Facility_Type":"بيلر","Easting":"031° 33' 18.72\" E","Northing":"30° 16' 11.0\" N","Description":null,"ID":"10/1/3_5","sectors":"القطاع الثالث","Implementing":"شركة الكتروالهانى","SHAPE_Length":5.015270754929016,"SHAPE_Area":1.244335499071747,"__networkId":"electricity","__networkName":"شبكة الكهرباء","__layerId":"electricity_facilities","__layerName":"منشآت شبكة الكهرباء","__assetName":"منشآت الكهرباء","__geometryKind":"polygon","__featureIndex":173,"__length_m":5.02,"__area_m2":1.24,"__typeValue":"بيلر"},"geometry":{"type":"Polygon","coordinates":[[[31.556885561250375,30.269888027990085],[31.556870790252166,30.269881862393305],[31.556868157290072,30.269886634582324],[31.55688292828828,30.26989280017874],[31.556885561250375,30.269888027990085]]]}},{"type":"Feature","properties":{"Electric_Facility_Type":"بيلر","Easting":"031° 34' 6.26\" E","Northing":"30° 16' 10.81\" N","Description":null,"ID":"4/4/2_1","sectors":"القطاع الثاني","Implementing":"شركة الكتروالهانى","SHAPE_Length":5.018479873092575,"SHAPE_Area":1.2444486506606103,"__networkId":"electricity","__networkName":"شبكة الكهرباء","__layerId":"electricity_facilities","__layerName":"منشآت شبكة الكهرباء","__assetName":"منشآت الكهرباء","__geometryKind":"polygon","__featureIndex":174,"__length_m":5.02,"__area_m2":1.24,"__typeValue":"بيلر"},"geometry":{"type":"Polygon","coordinates":[[[31.57009153793537,30.26983402256305],[31.570087392210326,30.269830142587455],[31.570075358378777,30.269839801794507],[31.570079505002145,30.26984368099387],[31.57009153793537,30.26983402256305]]]}},{"type":"Feature","properties":{"Electric_Facility_Type":"بيلر","Easting":"031° 34' 4.13\" E","Northing":"30° 16' 10.84\" N","Description":null,"ID":"4/4/2_2","sectors":"القطاع الثاني","Implementing":"شركة الكتروالهانى","SHAPE_Length":5.017830497906523,"SHAPE_Area":1.2445950831699875,"__networkId":"electricity","__networkName":"شبكة الكهرباء","__layerId":"electricity_facilities","__layerName":"منشآت شبكة الكهرباء","__assetName":"منشآت الكهرباء","__geometryKind":"polygon","__featureIndex":175,"__length_m":5.02,"__area_m2":1.24,"__typeValue":"بيلر"},"geometry":{"type":"Polygon","coordinates":[[[31.56949928136351,30.269845954980454],[31.569486433658287,30.26983712126766],[31.569482654445896,30.26984127433861],[31.569495502151085,30.269850108051035],[31.56949928136351,30.269845954980454]]]}},{"type":"Feature","properties":{"Electric_Facility_Type":"بيلر","Easting":"031° 33' 8.37\" E","Northing":"30° 16' 11.09\" N","Description":null,"ID":"7/1/3_2","sectors":"القطاع الثالث","Implementing":"شركة الكتروالهانى","SHAPE_Length":5.023533406781844,"SHAPE_Area":1.244387710607525,"__networkId":"electricity","__networkName":"شبكة الكهرباء","__layerId":"electricity_facilities","__layerName":"منشآت شبكة الكهرباء","__assetName":"منشآت الكهرباء","__geometryKind":"polygon","__featureIndex":176,"__length_m":5.02,"__area_m2":1.24,"__typeValue":"بيلر"},"geometry":{"type":"Polygon","coordinates":[[[31.55400831398922,30.269908403085065],[31.554002544110155,30.269906695462648],[31.55399723327018,30.26992015549873],[31.554003003149244,30.26992186234506],[31.55400831398922,30.269908403085065]]]}},{"type":"Feature","properties":{"Electric_Facility_Type":"بيلر","Easting":"031° 34' 10.12\" E","Northing":"30° 16' 11.14\" N","Description":null,"ID":"9/3/2_1","sectors":"القطاع الثاني","Implementing":"شركة الكتروالهانى","SHAPE_Length":5.014910813605245,"SHAPE_Area":1.2444670262842785,"__networkId":"electricity","__networkName":"شبكة الكهرباء","__layerId":"electricity_facilities","__layerName":"منشآت شبكة الكهرباء","__assetName":"منشآت الكهرباء","__geometryKind":"polygon","__featureIndex":177,"__length_m":5.01,"__area_m2":1.24,"__typeValue":"بيلر"},"geometry":{"type":"Polygon","coordinates":[[[31.57116230460121,30.26992751743711],[31.571159961794944,30.26992263120176],[31.571144820690836,30.26992807914472],[31.571147163497102,30.2699329638281],[31.57116230460121,30.26992751743711]]]}},{"type":"Feature","properties":{"Electric_Facility_Type":"بيلر","Easting":"031° 33' 46.99\" E","Northing":"30° 16' 11.54\" N","Description":null,"ID":"1/4/2_4","sectors":"القطاع الثاني","Implementing":"شركة الكتروالهانى","SHAPE_Length":4.976641093082229,"SHAPE_Area":1.2050068921133164,"__networkId":"electricity","__networkName":"شبكة الكهرباء","__layerId":"electricity_facilities","__layerName":"منشآت شبكة الكهرباء","__assetName":"منشآت الكهرباء","__geometryKind":"polygon","__featureIndex":178,"__length_m":4.98,"__area_m2":1.21,"__typeValue":"بيلر"},"geometry":{"type":"Polygon","coordinates":[[[31.564736764968377,30.270035691860492],[31.564732366816724,30.270032275068413],[31.564721417251732,30.270042862933995],[31.56472581630168,30.270046279725705],[31.564736764968377,30.270035691860492]]]}},{"type":"Feature","properties":{"Electric_Facility_Type":"بيلر","Easting":"031° 33' 25.24\" E","Northing":"30° 16' 11.72\" N","Description":null,"ID":"6/5/2_4","sectors":"القطاع الثالث","Implementing":"شركة الكتروالهانى","SHAPE_Length":5.020085334305827,"SHAPE_Area":1.2445631355320494,"__networkId":"electricity","__networkName":"شبكة الكهرباء","__layerId":"electricity_facilities","__layerName":"منشآت شبكة الكهرباء","__assetName":"منشآت الكهرباء","__geometryKind":"polygon","__featureIndex":179,"__length_m":5.02,"__area_m2":1.24,"__typeValue":"بيلر"},"geometry":{"type":"Polygon","coordinates":[[[31.55869576715918,30.270084409065255],[31.55869109502141,30.270081009343244],[31.558680545206702,30.27009189667704],[31.5586852173445,30.270095297174464],[31.55869576715918,30.270084409065255]]]}},{"type":"Feature","properties":{"Electric_Facility_Type":"بيلر","Easting":"031° 33' 11.92\" E","Northing":"30° 16' 11.85\" N","Description":null,"ID":"7/1/3_3","sectors":"القطاع الثالث","Implementing":"شركة الكتروالهانى","SHAPE_Length":5.023660379972675,"SHAPE_Area":1.2445586432868994,"__networkId":"electricity","__networkName":"شبكة الكهرباء","__layerId":"electricity_facilities","__layerName":"منشآت شبكة الكهرباء","__assetName":"منشآت الكهرباء","__geometryKind":"polygon","__featureIndex":180,"__length_m":5.02,"__area_m2":1.24,"__typeValue":"بيلر"},"geometry":{"type":"Polygon","coordinates":[[[31.554994707290312,30.270117841468643],[31.554988936512927,30.27011613384986],[31.554983625672953,30.27012959308145],[31.55498939645034,30.270131300699987],[31.554994707290312,30.270117841468643]]]}},{"type":"Feature","properties":{"Electric_Facility_Type":"بيلر","Easting":"031° 33' 54.98\" E","Northing":"30° 16' 11.8\" N","Description":null,"ID":"1/3/2_3","sectors":"القطاع الثاني","Implementing":"شركة الكتروالهانى","SHAPE_Length":5.02032406620525,"SHAPE_Area":1.2444899824842506,"__networkId":"electricity","__networkName":"شبكة الكهرباء","__layerId":"electricity_facilities","__layerName":"منشآت شبكة الكهرباء","__assetName":"منشآت الكهرباء","__geometryKind":"polygon","__featureIndex":181,"__length_m":5.02,"__area_m2":1.24,"__typeValue":"بيلر"},"geometry":{"type":"Polygon","coordinates":[[[31.566957156008968,30.270107635323313],[31.566952422785732,30.270104299996696],[31.566942073295337,30.27011533240953],[31.566946805620244,30.27011866773578],[31.566957156008968,30.270107635323313]]]}},{"type":"Feature","properties":{"Electric_Facility_Type":"بيلر","Easting":"031° 33' 20.89\" E","Northing":"30° 16' 12.26\" N","Description":null,"ID":"6/5/2_2","sectors":"القطاع الثالث","Implementing":"شركة الكتروالهانى","SHAPE_Length":5.014550803521404,"SHAPE_Area":1.244429475033039,"__networkId":"electricity","__networkName":"شبكة الكهرباء","__layerId":"electricity_facilities","__layerName":"منشآت شبكة الكهرباء","__assetName":"منشآت الكهرباء","__geometryKind":"polygon","__featureIndex":182,"__length_m":5.01,"__area_m2":1.24,"__typeValue":"بيلر"},"geometry":{"type":"Polygon","coordinates":[[[31.557489592040692,30.27023871069958],[31.557474136526228,30.270233974216193],[31.557472115316823,30.27023896594985],[31.557487570831288,30.270243703208834],[31.557489592040692,30.27023871069958]]]}},{"type":"Feature","properties":{"Electric_Facility_Type":"بيلر","Easting":"031° 33' 38.3\" E","Northing":"30° 16' 12.26\" N","Description":null,"ID":"10/1/2_1","sectors":"القطاع الاول","Implementing":"شركة الكتروالهانى","SHAPE_Length":4.976139133907507,"SHAPE_Area":1.2049159515711545,"__networkId":"electricity","__networkName":"شبكة الكهرباء","__layerId":"electricity_facilities","__layerName":"منشآت شبكة الكهرباء","__assetName":"منشآت الكهرباء","__geometryKind":"polygon","__featureIndex":183,"__length_m":4.98,"__area_m2":1.2,"__typeValue":"بيلر"},"geometry":{"type":"Polygon","coordinates":[[[31.562323897301727,30.270234535922043],[31.56231959437153,30.2702310291398],[31.562308357345636,30.270241386560418],[31.56231266117417,30.27024489334235],[31.562323897301727,30.270234535922043]]]}},{"type":"Feature","properties":{"Electric_Facility_Type":"بيلر","Easting":"031° 34' 7.34\" E","Northing":"30° 16' 12.15\" N","Description":null,"ID":"9/3/2_2","sectors":"القطاع الثاني","Implementing":"شركة الكتروالهانى","SHAPE_Length":5.0147803561631195,"SHAPE_Area":1.244325581813177,"__networkId":"electricity","__networkName":"شبكة الكهرباء","__layerId":"electricity_facilities","__layerName":"منشآت شبكة الكهرباء","__assetName":"منشآت الكهرباء","__geometryKind":"polygon","__featureIndex":184,"__length_m":5.01,"__area_m2":1.24,"__typeValue":"بيلر"},"geometry":{"type":"Polygon","coordinates":[[[31.57039170908925,30.27020658174349],[31.570389367181278,30.27020169629787],[31.57037422607717,30.270207144225285],[31.57037656798514,30.270212028894843],[31.57039170908925,30.27020658174349]]]}},{"type":"Feature","properties":{"Electric_Facility_Type":"بيلر","Easting":"031° 34' 1.45\" E","Northing":"30° 16' 12.38\" N","Description":null,"ID":"3/4/2_6","sectors":"القطاع الثاني","Implementing":"شركة الكتروالهانى","SHAPE_Length":5.0209804649269,"SHAPE_Area":1.244522674200358,"__networkId":"electricity","__networkName":"شبكة الكهرباء","__layerId":"electricity_facilities","__layerName":"منشآت شبكة الكهرباء","__assetName":"منشآت الكهرباء","__geometryKind":"polygon","__featureIndex":185,"__length_m":5.02,"__area_m2":1.24,"__typeValue":"بيلر"},"geometry":{"type":"Polygon","coordinates":[[[31.56875249120656,30.270266928653417],[31.56874751813313,30.27026386797832],[31.568738017550693,30.270275461302987],[31.568742991522424,30.27027852197773],[31.56875249120656,30.270266928653417]]]}},{"type":"Feature","properties":{"Electric_Facility_Type":"بيلر","Easting":"031° 33' 59.56\" E","Northing":"30° 16' 12.52\" N","Description":null,"ID":"3/4/2_5","sectors":"القطاع الثاني","Implementing":"شركة الكتروالهانى","SHAPE_Length":5.0195182498547215,"SHAPE_Area":1.2444043983252482,"__networkId":"electricity","__networkName":"شبكة الكهرباء","__layerId":"electricity_facilities","__layerName":"منشآت شبكة الكهرباء","__assetName":"منشآت الكهرباء","__geometryKind":"polygon","__featureIndex":186,"__length_m":5.02,"__area_m2":1.24,"__typeValue":"بيلر"},"geometry":{"type":"Polygon","coordinates":[[[31.568230205310485,30.270307555323893],[31.568225684987958,30.270304005097444],[31.568214669845947,30.27031454017689],[31.568219190168445,30.27031809040297],[31.568230205310485,30.270307555323893]]]}},{"type":"Feature","properties":{"Electric_Facility_Type":"بيلر","Easting":"031° 33' 56.14\" E","Northing":"30° 16' 12.65\" N","Description":null,"ID":"1/3/2_4","sectors":"القطاع الثاني","Implementing":"شركة الكتروالهانى","SHAPE_Length":5.018550078860747,"SHAPE_Area":1.2444697493275403,"__networkId":"electricity","__networkName":"شبكة الكهرباء","__layerId":"electricity_facilities","__layerName":"منشآت شبكة الكهرباء","__assetName":"منشآت الكهرباء","__geometryKind":"polygon","__featureIndex":187,"__length_m":5.02,"__area_m2":1.24,"__typeValue":"بيلر"},"geometry":{"type":"Polygon","coordinates":[[[31.567279326005806,30.270349992778527],[31.567267195156237,30.2703404259461],[31.567263101533463,30.270344347020835],[31.567275233281393,30.27035391462867],[31.567279326005806,30.270349992778527]]]}},{"type":"Feature","properties":{"Electric_Facility_Type":"بيلر","Easting":"031° 33' 41.07\" E","Northing":"30° 16' 12.72\" N","Description":null,"ID":"1/1/2_5","sectors":"القطاع الاول","Implementing":"شركة الكتروالهانى","SHAPE_Length":4.976533812006391,"SHAPE_Area":1.2048779149821718,"__networkId":"electricity","__networkName":"شبكة الكهرباء","__layerId":"electricity_facilities","__layerName":"منشآت شبكة الكهرباء","__assetName":"منشآت الكهرباء","__geometryKind":"polygon","__featureIndex":188,"__length_m":4.98,"__area_m2":1.2,"__typeValue":"بيلر"},"geometry":{"type":"Polygon","coordinates":[[[31.563091959564606,30.270363098196913],[31.563087529073627,30.270359713225456],[31.563076681018273,30.270370378639335],[31.563081111509227,30.270373763610365],[31.563091959564606,30.270363098196913]]]}},{"type":"Feature","properties":{"Electric_Facility_Type":"بيلر","Easting":"031° 33' 17.58\" E","Northing":"30° 16' 12.92\" N","Description":null,"ID":"10/1/3_4","sectors":"القطاع الثالث","Implementing":"شركة الكتروالهانى","SHAPE_Length":5.015403816254736,"SHAPE_Area":1.2444059902650064,"__networkId":"electricity","__networkName":"شبكة الكهرباء","__layerId":"electricity_facilities","__layerName":"منشآت شبكة الكهرباء","__assetName":"منشآت الكهرباء","__geometryKind":"polygon","__featureIndex":189,"__length_m":5.02,"__area_m2":1.24,"__typeValue":"بيلر"},"geometry":{"type":"Polygon","coordinates":[[[31.55656916382752,30.27042333716949],[31.556554392829312,30.270417171606383],[31.55655175896889,30.27042194376932],[31.556566530865428,30.270428109332183],[31.55656916382752,30.27042333716949]]]}},{"type":"Feature","properties":{"Electric_Facility_Type":"بيلر","Easting":"031° 33' 48.95\" E","Northing":"30° 16' 12.83\" N","Description":null,"ID":"1/4/2_5","sectors":"القطاع الثاني","Implementing":"شركة الكتروالهانى","SHAPE_Length":4.976500172357174,"SHAPE_Area":1.2049993116278748,"__networkId":"electricity","__networkName":"شبكة الكهرباء","__layerId":"electricity_facilities","__layerName":"منشآت شبكة الكهرباء","__assetName":"منشآت الكهرباء","__geometryKind":"polygon","__featureIndex":190,"__length_m":4.98,"__area_m2":1.2,"__typeValue":"بيلر"},"geometry":{"type":"Polygon","coordinates":[[[31.565283062832,30.270393845338766],[31.565278664680346,30.270390427783248],[31.565267716013686,30.27040101561026],[31.565272115063603,30.2704044323895],[31.565283062832,30.270393845338766]]]}},{"type":"Feature","properties":{"Electric_Facility_Type":"بيلر","Easting":"031° 33' 46.12\" E","Northing":"30° 16' 12.92\" N","Description":null,"ID":"1/1/2_2","sectors":"القطاع الاول","Implementing":"شركة الكتروالهانى","SHAPE_Length":4.9749117629937345,"SHAPE_Area":1.2050076306405317,"__networkId":"electricity","__networkName":"شبكة الكهرباء","__layerId":"electricity_facilities","__layerName":"منشآت شبكة الكهرباء","__assetName":"منشآت الكهرباء","__geometryKind":"polygon","__featureIndex":191,"__length_m":4.97,"__area_m2":1.21,"__typeValue":"بيلر"},"geometry":{"type":"Polygon","coordinates":[[[31.56449628327186,30.270418229069907],[31.56449248070325,30.27041431032568],[31.564479928543808,30.270423459751456],[31.564483732010714,30.27042737849539],[31.56449628327186,30.270418229069907]]]}},{"type":"Feature","properties":{"Electric_Facility_Type":"بيلر","Easting":"031° 33' 20.43\" E","Northing":"30° 16' 13.06\" N","Description":null,"ID":"6/5/2_1","sectors":"القطاع الثالث","Implementing":"شركة الكتروالهانى","SHAPE_Length":5.024272046860871,"SHAPE_Area":1.2444381862264597,"__networkId":"electricity","__networkName":"شبكة الكهرباء","__layerId":"electricity_facilities","__layerName":"منشآت شبكة الكهرباء","__assetName":"منشآت الكهرباء","__geometryKind":"polygon","__featureIndex":192,"__length_m":5.02,"__area_m2":1.24,"__typeValue":"بيلر"},"geometry":{"type":"Polygon","coordinates":[[[31.557356921652993,30.270454479968336],[31.5573509370766,30.27045346905529],[31.557347782193286,30.270467429429964],[31.557353765871422,30.27046844034287],[31.557356921652993,30.270454479968336]]]}},{"type":"Feature","properties":{"Electric_Facility_Type":"بيلر","Easting":"031° 33' 7.3\" E","Northing":"30° 16' 13.19\" N","Description":null,"ID":"7/1/3_5","sectors":"القطاع الثالث","Implementing":"شركة الكتروالهانى","SHAPE_Length":5.0237847649157,"SHAPE_Area":1.2446729967948498,"__networkId":"electricity","__networkName":"شبكة الكهرباء","__layerId":"electricity_facilities","__layerName":"منشآت شبكة الكهرباء","__assetName":"منشآت الكهرباء","__geometryKind":"polygon","__featureIndex":193,"__length_m":5.02,"__area_m2":1.24,"__typeValue":"بيلر"},"geometry":{"type":"Polygon","coordinates":[[[31.553711140513446,30.27049060904734],[31.55370536883773,30.270488902210893],[31.553700057997787,30.270502361391316],[31.553705829673472,30.270504068227517],[31.553711140513446,30.27049060904734]]]}},{"type":"Feature","properties":{"Electric_Facility_Type":"بيلر","Easting":"031° 34' 11.01\" E","Northing":"30° 16' 13.0\" N","Description":null,"ID":"9/3/2_4","sectors":"القطاع الثاني","Implementing":"شركة الكتروالهانى","SHAPE_Length":5.015053295335163,"SHAPE_Area":1.2443840582919916,"__networkId":"electricity","__networkName":"شبكة الكهرباء","__layerId":"electricity_facilities","__layerName":"منشآت شبكة الكهرباء","__assetName":"منشآت الكهرباء","__geometryKind":"polygon","__featureIndex":194,"__length_m":5.02,"__area_m2":1.24,"__typeValue":"بيلر"},"geometry":{"type":"Polygon","coordinates":[[[31.571411015764035,30.270442818391324],[31.571408518447534,30.270437991145094],[31.57139355610818,30.270443799822772],[31.571396054322978,30.270448626292854],[31.571411015764035,30.270442818391324]]]}},{"type":"Feature","properties":{"Electric_Facility_Type":"بيلر","Easting":"031° 33' 49.93\" E","Northing":"30° 16' 13.52\" N","Description":null,"ID":"1/4/2_6","sectors":"القطاع الثاني","Implementing":"شركة الكتروالهانى","SHAPE_Length":4.976648337971669,"SHAPE_Area":1.2049752612206395,"__networkId":"electricity","__networkName":"شبكة الكهرباء","__layerId":"electricity_facilities","__layerName":"منشآت شبكة الكهرباء","__assetName":"منشآت الكهرباء","__geometryKind":"polygon","__featureIndex":195,"__length_m":4.98,"__area_m2":1.2,"__typeValue":"بيلر"},"geometry":{"type":"Polygon","coordinates":[[[31.565553312900395,30.270586159256162],[31.565548913850442,30.27058274325909],[31.565537964285422,30.270593331065307],[31.56554236333537,30.270596747062065],[31.565553312900395,30.270586159256162]]]}},{"type":"Feature","properties":{"Electric_Facility_Type":"بيلر","Easting":"031° 33' 25.23\" E","Northing":"30° 16' 13.72\" N","Description":null,"ID":"6/5/2_5","sectors":"القطاع الثالث","Implementing":"شركة الكتروالهانى","SHAPE_Length":5.015950032549832,"SHAPE_Area":1.2444788994808555,"__networkId":"electricity","__networkName":"شبكة الكهرباء","__layerId":"electricity_facilities","__layerName":"منشآت شبكة الكهرباء","__assetName":"منشآت الكهرباء","__geometryKind":"polygon","__featureIndex":196,"__length_m":5.02,"__area_m2":1.24,"__typeValue":"بيلر"},"geometry":{"type":"Polygon","coordinates":[[[31.55869401544441,30.270645462436704],[31.55867964509481,30.27063862036061],[31.558676721078555,30.27064326372443],[31.55869109142815,30.270650105800197],[31.55869401544441,30.270645462436704]]]}},{"type":"Feature","properties":{"Electric_Facility_Type":"بيلر","Easting":"031° 33' 14.45\" E","Northing":"30° 16' 13.79\" N","Description":null,"ID":"10/1/3_2","sectors":"القطاع الثالث","Implementing":"شركة الكتروالهانى","SHAPE_Length":5.01562391697742,"SHAPE_Area":1.244505799328555,"__networkId":"electricity","__networkName":"شبكة الكهرباء","__layerId":"electricity_facilities","__layerName":"منشآت شبكة الكهرباء","__assetName":"منشآت الكهرباء","__geometryKind":"polygon","__featureIndex":197,"__length_m":5.02,"__area_m2":1.24,"__typeValue":"بيلر"},"geometry":{"type":"Polygon","coordinates":[[[31.555698329804574,30.27066548281863],[31.555683557009733,30.270659316494836],[31.55568092404764,30.27066408864605],[31.55569569504585,30.27067025496949],[31.555698329804574,30.27066548281863]]]}},{"type":"Feature","properties":{"Electric_Facility_Type":"بيلر","Easting":"031° 34' 6.36\" E","Northing":"30° 16' 13.78\" N","Description":null,"ID":"9/3/2_3","sectors":"القطاع الثاني","Implementing":"شركة الكتروالهانى","SHAPE_Length":5.022550337204304,"SHAPE_Area":1.2445551475925432,"__networkId":"electricity","__networkName":"شبكة الكهرباء","__layerId":"electricity_facilities","__layerName":"منشآت شبكة الكهرباء","__assetName":"منشآت الكهرباء","__geometryKind":"polygon","__featureIndex":198,"__length_m":5.02,"__area_m2":1.24,"__typeValue":"بيلر"},"geometry":{"type":"Polygon","coordinates":[[[31.570116485049127,30.270664758190254],[31.570108980523237,30.270652109778055],[31.570103564580403,30.270654539688415],[31.57011106910626,30.270667188100305],[31.570116485049127,30.270664758190254]]]}},{"type":"Feature","properties":{"Electric_Facility_Type":"بيلر","Easting":"031° 33' 36.37\" E","Northing":"30° 16' 14.06\" N","Description":null,"ID":"10/1/2_3","sectors":"القطاع الاول","Implementing":"شركة الكتروالهانى","SHAPE_Length":4.976383569192676,"SHAPE_Area":1.204828603856483,"__networkId":"electricity","__networkName":"شبكة الكهرباء","__layerId":"electricity_facilities","__layerName":"منشآت شبكة الكهرباء","__assetName":"منشآت الكهرباء","__geometryKind":"polygon","__featureIndex":199,"__length_m":4.98,"__area_m2":1.2,"__typeValue":"بيلر"},"geometry":{"type":"Polygon","coordinates":[[[31.561786334655945,30.27073369483989],[31.561781904164963,30.270730309881213],[31.561771056109578,30.270740974478986],[31.561775486600563,30.27074435943729],[31.561786334655945,30.27073369483989]]]}},{"type":"Feature","properties":{"Electric_Facility_Type":"بيلر","Easting":"031° 33' 16.85\" E","Northing":"30° 16' 14.3\" N","Description":null,"ID":"10/1/3_3","sectors":"القطاع الثالث","Implementing":"شركة الكتروالهانى","SHAPE_Length":5.015536890575988,"SHAPE_Area":1.2444764814582658,"__networkId":"electricity","__networkName":"شبكة الكهرباء","__layerId":"electricity_facilities","__layerName":"منشآت شبكة الكهرباء","__assetName":"منشآت الكهرباء","__geometryKind":"polygon","__featureIndex":200,"__length_m":5.02,"__area_m2":1.24,"__typeValue":"بيلر"},"geometry":{"type":"Polygon","coordinates":[[[31.556365380107028,30.27080508462277],[31.55635060731216,30.27079891908359],[31.556347974350068,30.27080369122802],[31.556362745348277,30.270809856766846],[31.556365380107028,30.27080508462277]]]}},{"type":"Feature","properties":{"Electric_Facility_Type":"بيلر","Easting":"031° 33' 6.76\" E","Northing":"30° 16' 14.46\" N","Description":null,"ID":"7/1/3_6","sectors":"القطاع الثالث","Implementing":"شركة الكتروالهانى","SHAPE_Length":5.015576900345214,"SHAPE_Area":1.244514779554058,"__networkId":"electricity","__networkName":"شبكة الكهرباء","__layerId":"electricity_facilities","__layerName":"منشآت شبكة الكهرباء","__assetName":"منشآت الكهرباء","__geometryKind":"polygon","__featureIndex":201,"__length_m":5.02,"__area_m2":1.24,"__typeValue":"بيلر"},"geometry":{"type":"Polygon","coordinates":[[[31.553564344117923,30.27085044907608],[31.553549573119685,30.27084428276396],[31.553546938360967,30.27084905490613],[31.5535617102575,30.27085522121795],[31.553564344117923,30.27085044907608]]]}},{"type":"Feature","properties":{"Electric_Facility_Type":"بيلر","Easting":"031° 33' 58.14\" E","Northing":"30° 16' 14.26\" N","Description":null,"ID":"1/3/2_5","sectors":"القطاع الثاني","Implementing":"شركة الكتروالهانى","SHAPE_Length":5.018699573672751,"SHAPE_Area":1.2446081682424213,"__networkId":"electricity","__networkName":"شبكة الكهرباء","__layerId":"electricity_facilities","__layerName":"منشآت شبكة الكهرباء","__assetName":"منشآت الكهرباء","__geometryKind":"polygon","__featureIndex":202,"__length_m":5.02,"__area_m2":1.24,"__typeValue":"بيلر"},"geometry":{"type":"Polygon","coordinates":[[[31.5678364117377,30.2707965861558],[31.567824280888104,30.270787019366953],[31.567820188163658,30.270790941199692],[31.567832319013263,30.27080050953985],[31.5678364117377,30.2707965861558]]]}},{"type":"Feature","properties":{"Electric_Facility_Type":"بيلر","Easting":"031° 33' 10.49\" E","Northing":"30° 16' 14.73\" N","Description":null,"ID":"7/1/3_4","sectors":"القطاع الثالث","Implementing":"شركة الكتروالهانى","SHAPE_Length":5.023403909386673,"SHAPE_Area":1.2443426644398636,"__networkId":"electricity","__networkName":"شبكة الكهرباء","__layerId":"electricity_facilities","__layerName":"منشآت شبكة الكهرباء","__assetName":"منشآت الكهرباء","__geometryKind":"polygon","__featureIndex":203,"__length_m":5.02,"__area_m2":1.24,"__typeValue":"بيلر"},"geometry":{"type":"Polygon","coordinates":[[[31.5545967042121,30.270918241244054],[31.554590934333042,30.27091653519089],[31.554585623493068,30.270929994312667],[31.55459139427046,30.270931700365658],[31.5545967042121,30.270918241244054]]]}},{"type":"Feature","properties":{"Electric_Facility_Type":"بيلر","Easting":"031° 33' 18.06\" E","Northing":"30° 16' 14.76\" N","Description":null,"ID":"11/1/3_4","sectors":"القطاع الثالث","Implementing":"شركة الكتروالهانى","SHAPE_Length":5.02301032498959,"SHAPE_Area":1.2446079072335476,"__networkId":"electricity","__networkName":"شبكة الكهرباء","__layerId":"electricity_facilities","__layerName":"منشآت شبكة الكهرباء","__assetName":"منشآت الكهرباء","__geometryKind":"polygon","__featureIndex":204,"__length_m":5.02,"__area_m2":1.24,"__typeValue":"بيلر"},"geometry":{"type":"Polygon","coordinates":[[[31.556699425831926,30.2709285737656],[31.556693867955286,30.270926397558867],[31.55668710813276,30.27093935859568],[31.556692666009436,30.27094153402633],[31.556699425831926,30.2709285737656]]]}},{"type":"Feature","properties":{"Electric_Facility_Type":"بيلر","Easting":"031° 34' 2.16\" E","Northing":"30° 16' 14.73\" N","Description":null,"ID":"1/3/2_6","sectors":"القطاع الثاني","Implementing":"شركة الكتروالهانى","SHAPE_Length":5.019666220485411,"SHAPE_Area":1.2445401872423416,"__networkId":"electricity","__networkName":"شبكة الكهرباء","__layerId":"electricity_facilities","__layerName":"منشآت شبكة الكهرباء","__assetName":"منشآت الكهرباء","__geometryKind":"polygon","__featureIndex":205,"__length_m":5.02,"__area_m2":1.24,"__typeValue":"بيلر"},"geometry":{"type":"Polygon","coordinates":[[[31.568950268791085,30.270920218838185],[31.56894574757026,30.27091666863389],[31.56893473242825,30.27092720364759],[31.568939253649077,30.270930753851502],[31.568950268791085,30.270920218838185]]]}},{"type":"Feature","properties":{"Electric_Facility_Type":"بيلر","Easting":"031° 33' 47.61\" E","Northing":"30° 16' 14.81\" N","Description":null,"ID":"1/1/2_1","sectors":"القطاع الاول","Implementing":"شركة الكتروالهانى","SHAPE_Length":4.974758486640487,"SHAPE_Area":1.2048679020194721,"__networkId":"electricity","__networkName":"شبكة الكهرباء","__layerId":"electricity_facilities","__layerName":"منشآت شبكة الكهرباء","__assetName":"منشآت الكهرباء","__geometryKind":"polygon","__featureIndex":206,"__length_m":4.97,"__area_m2":1.2,"__typeValue":"بيلر"},"geometry":{"type":"Polygon","coordinates":[[[31.564910170360918,30.27094418659309],[31.56490636779234,30.2709402686457],[31.56489381563286,30.270949418022465],[31.564897619099774,30.270953335969544],[31.564910170360918,30.27094418659309]]]}},{"type":"Feature","properties":{"Electric_Facility_Type":"بيلر","Easting":"031° 33' 14.05\" E","Northing":"30° 16' 15.03\" N","Description":null,"ID":"10/1/3_1","sectors":"القطاع الثالث","Implementing":"شركة الكتروالهانى","SHAPE_Length":5.015537353154103,"SHAPE_Area":1.2445794032003492,"__networkId":"electricity","__networkName":"شبكة الكهرباء","__layerId":"electricity_facilities","__layerName":"منشآت شبكة الكهرباء","__assetName":"منشآت الكهرباء","__geometryKind":"polygon","__featureIndex":207,"__length_m":5.02,"__area_m2":1.24,"__typeValue":"بيلر"},"geometry":{"type":"Polygon","coordinates":[[[31.555587391460254,30.271008791584112],[31.555572620462048,30.271002626833575],[31.555569986601625,30.271007398968106],[31.55558475759983,30.271013565269975],[31.555587391460254,30.271008791584112]]]}},{"type":"Feature","properties":{"Electric_Facility_Type":"بيلر","Easting":"031° 33' 43.58\" E","Northing":"30° 16' 14.92\" N","Description":null,"ID":"1/1/2_4","sectors":"القطاع الاول","Implementing":"شركة الكتروالهانى","SHAPE_Length":4.97505291121959,"SHAPE_Area":1.2050986616909913,"__networkId":"electricity","__networkName":"شبكة الكهرباء","__layerId":"electricity_facilities","__layerName":"منشآت شبكة الكهرباء","__assetName":"منشآت الكهرباء","__geometryKind":"polygon","__featureIndex":208,"__length_m":4.98,"__area_m2":1.21,"__typeValue":"بيلر"},"geometry":{"type":"Polygon","coordinates":[[[31.5637903098665,30.2709750584617],[31.563786506399556,30.270971138963844],[31.563773955138412,30.27098028911363],[31.563777757707022,30.27098420783527],[31.5637903098665,30.2709750584617]]]}},{"type":"Feature","properties":{"Electric_Facility_Type":"بيلر","Easting":"031° 33' 51.75\" E","Northing":"30° 16' 14.96\" N","Description":null,"ID":"4/3/2_1","sectors":"القطاع الثاني","Implementing":"شركة الكتروالهانى","SHAPE_Length":4.976507906144765,"SHAPE_Area":1.2050455224100234,"__networkId":"electricity","__networkName":"شبكة الكهرباء","__layerId":"electricity_facilities","__layerName":"منشآت شبكة الكهرباء","__assetName":"منشآت الكهرباء","__geometryKind":"polygon","__featureIndex":209,"__length_m":4.98,"__area_m2":1.21,"__typeValue":"بيلر"},"geometry":{"type":"Polygon","coordinates":[[[31.56605989175372,30.27098545925044],[31.566055492703764,30.270982042491347],[31.56604454493541,30.27099262947872],[31.566048943985358,30.27099604701321],[31.56605989175372,30.27098545925044]]]}},{"type":"Feature","properties":{"Electric_Facility_Type":"بيلر","Easting":"031° 33' 35.25\" E","Northing":"30° 16' 15.1\" N","Description":null,"ID":"10/1/2_4","sectors":"القطاع الاول","Implementing":"شركة الكتروالهانى","SHAPE_Length":4.9765333496083946,"SHAPE_Area":1.2048834297846378,"__networkId":"electricity","__networkName":"شبكة الكهرباء","__layerId":"electricity_facilities","__layerName":"منشآت شبكة الكهرباء","__assetName":"منشآت الكهرباء","__geometryKind":"polygon","__featureIndex":210,"__length_m":4.98,"__area_m2":1.2,"__typeValue":"بيلر"},"geometry":{"type":"Polygon","coordinates":[[[31.561477049195215,30.271024789210774],[31.561472617805897,30.271021404262136],[31.56146176975051,30.27103206960412],[31.5614662002415,30.271035453776552],[31.561477049195215,30.271024789210774]]]}},{"type":"Feature","properties":{"Electric_Facility_Type":"بيلر","Easting":"031° 33' 55.48\" E","Northing":"30° 16' 15.07\" N","Description":null,"ID":"4/3/2_2","sectors":"القطاع الثاني","Implementing":"شركة الكتروالهانى","SHAPE_Length":4.976515619931212,"SHAPE_Area":1.205009071793087,"__networkId":"electricity","__networkName":"شبكة الكهرباء","__layerId":"electricity_facilities","__layerName":"منشآت شبكة الكهرباء","__assetName":"منشآت الكهرباء","__geometryKind":"polygon","__featureIndex":211,"__length_m":4.98,"__area_m2":1.21,"__typeValue":"بيلر"},"geometry":{"type":"Polygon","coordinates":[[[31.56709588732985,30.271016359035972],[31.567091488279893,30.271012942277963],[31.567080540511537,30.27102353003784],[31.567084939561486,30.271026946795416],[31.56709588732985,30.271016359035972]]]}},{"type":"Feature","properties":{"Electric_Facility_Type":"بيلر","Easting":"031° 33' 39.44\" E","Northing":"30° 16' 15.28\" N","Description":null,"ID":"10/1/2_2","sectors":"القطاع الاول","Implementing":"شركة الكتروالهانى","SHAPE_Length":5.0186097138403145,"SHAPE_Area":1.2444595484571352,"__networkId":"electricity","__networkName":"شبكة الكهرباء","__layerId":"electricity_facilities","__layerName":"منشآت شبكة الكهرباء","__assetName":"منشآت الكهرباء","__geometryKind":"polygon","__featureIndex":212,"__length_m":5.02,"__area_m2":1.24,"__typeValue":"بيلر"},"geometry":{"type":"Polygon","coordinates":[[[31.562639416172253,30.271081010529276],[31.562627393120465,30.27107134213436],[31.562623256378604,30.27107522826752],[31.562635279430356,30.271084898213683],[31.562639416172253,30.271081010529276]]]}},{"type":"Feature","properties":{"Electric_Facility_Type":"بيلر","Easting":"031° 34' 9.57\" E","Northing":"30° 16' 15.29\" N","Description":null,"ID":"8/3/2_5","sectors":"القطاع الثاني","Implementing":"شركة الكتروالهانى","SHAPE_Length":5.013560761910822,"SHAPE_Area":1.2444644016997277,"__networkId":"electricity","__networkName":"شبكة الكهرباء","__layerId":"electricity_facilities","__layerName":"منشآت شبكة الكهرباء","__assetName":"منشآت الكهرباء","__geometryKind":"polygon","__featureIndex":213,"__length_m":5.01,"__area_m2":1.24,"__typeValue":"بيلر"},"geometry":{"type":"Polygon","coordinates":[[[31.571009933261035,30.27108203927991],[31.571008956792326,30.271076816391773],[31.570992773642484,30.27107907172985],[31.570993750111192,30.271084295393766],[31.571009933261035,30.27108203927991]]]}},{"type":"Feature","properties":{"Electric_Facility_Type":"بيلر","Easting":"031° 34' 5.81\" E","Northing":"30° 16' 15.44\" N","Description":null,"ID":"9/3/2_5","sectors":"القطاع الثاني","Implementing":"شركة الكتروالهانى","SHAPE_Length":5.0223723609606115,"SHAPE_Area":1.2444948603430532,"__networkId":"electricity","__networkName":"شبكة الكهرباء","__layerId":"electricity_facilities","__layerName":"منشآت شبكة الكهرباء","__assetName":"منشآت الكهرباء","__geometryKind":"polygon","__featureIndex":214,"__length_m":5.02,"__area_m2":1.24,"__typeValue":"بيلر"},"geometry":{"type":"Polygon","coordinates":[[[31.56996319383409,30.271126748029126],[31.569955689308202,30.271114101228132],[31.569950273365375,30.271116530351282],[31.569957777891258,30.27112917870365],[31.56996319383409,30.271126748029126]]]}},{"type":"Feature","properties":{"Electric_Facility_Type":"بيلر","Easting":"031° 33' 17.68\" E","Northing":"30° 16' 15.69\" N","Description":null,"ID":"11/1/3_2","sectors":"القطاع الثالث","Implementing":"شركة الكتروالهانى","SHAPE_Length":5.022041119782047,"SHAPE_Area":1.2444262630037048,"__networkId":"electricity","__networkName":"شبكة الكهرباء","__layerId":"electricity_facilities","__layerName":"منشآت شبكة الكهرباء","__assetName":"منشآت الكهرباء","__geometryKind":"polygon","__featureIndex":215,"__length_m":5.02,"__area_m2":1.24,"__typeValue":"بيلر"},"geometry":{"type":"Polygon","coordinates":[[[31.556593898938896,30.271187803481354],[31.55658856653936,30.271185239365654],[31.556580603872685,30.27119767513202],[31.556585937170524,30.2712002384715],[31.556593898938896,30.271187803481354]]]}},{"type":"Feature","properties":{"Electric_Facility_Type":"بيلر","Easting":"031° 34' 5.95\" E","Northing":"30° 16' 15.76\" N","Description":null,"ID":"8/3/2_4","sectors":"القطاع الثاني","Implementing":"شركة الكتروالهانى","SHAPE_Length":5.022415250523777,"SHAPE_Area":1.2444832349951187,"__networkId":"electricity","__networkName":"شبكة الكهرباء","__layerId":"electricity_facilities","__layerName":"منشآت شبكة الكهرباء","__assetName":"منشآت الكهرباء","__geometryKind":"polygon","__featureIndex":216,"__length_m":5.02,"__area_m2":1.24,"__typeValue":"بيلر"},"geometry":{"type":"Polygon","coordinates":[[[31.570003124846803,30.27121705999737],[31.56999562032092,30.271204412432173],[31.569990204378048,30.271206841553024],[31.569997708903937,30.27121948989375],[31.570003124846803,30.27121705999737]]]}},{"type":"Feature","properties":{"Electric_Facility_Type":"بيلر","Easting":"031° 33' 43.39\" E","Northing":"30° 16' 15.89\" N","Description":null,"ID":"2/1/2_5","sectors":"القطاع الاول","Implementing":"شركة الكتروالهانى","SHAPE_Length":4.974911763447799,"SHAPE_Area":1.2050076293847365,"__networkId":"electricity","__networkName":"شبكة الكهرباء","__layerId":"electricity_facilities","__layerName":"منشآت شبكة الكهرباء","__assetName":"منشآت الكهرباء","__geometryKind":"polygon","__featureIndex":217,"__length_m":4.97,"__area_m2":1.21,"__typeValue":"بيلر"},"geometry":{"type":"Polygon","coordinates":[[[31.563739392457855,30.27124535758031],[31.563735589889273,30.2712414388691],[31.563723037729797,30.27125058821779],[31.563726841196704,30.271254506928692],[31.563739392457855,30.27124535758031]]]}},{"type":"Feature","properties":{"Electric_Facility_Type":"بيلر","Easting":"031° 33' 50.14\" E","Northing":"30° 16' 15.99\" N","Description":null,"ID":"11/2/2_1","sectors":"القطاع الاول","Implementing":"شركة الكتروالهانى","SHAPE_Length":5.019520489491739,"SHAPE_Area":1.2445287689190663,"__networkId":"electricity","__networkName":"شبكة الكهرباء","__layerId":"electricity_facilities","__layerName":"منشآت شبكة الكهرباء","__assetName":"منشآت الكهرباء","__geometryKind":"polygon","__featureIndex":218,"__length_m":5.02,"__area_m2":1.24,"__typeValue":"بيلر"},"geometry":{"type":"Polygon","coordinates":[[[31.56561398960624,30.27127896958057],[31.56560278851297,30.27126858278785],[31.56559834364893,30.271272205131538],[31.565609544742205,30.271282591147976],[31.56561398960624,30.27127896958057]]]}},{"type":"Feature","properties":{"Electric_Facility_Type":"بيلر","Easting":"031° 34' 8.01\" E","Northing":"30° 16' 16.55\" N","Description":null,"ID":"8/3/2_3","sectors":"القطاع الثاني","Implementing":"شركة الكتروالهانى","SHAPE_Length":5.025027197700138,"SHAPE_Area":1.2447474567583137,"__networkId":"electricity","__networkName":"شبكة الكهرباء","__layerId":"electricity_facilities","__layerName":"منشآت شبكة الكهرباء","__assetName":"منشآت الكهرباء","__geometryKind":"polygon","__featureIndex":219,"__length_m":5.03,"__area_m2":1.24,"__typeValue":"بيلر"},"geometry":{"type":"Polygon","coordinates":[[[31.570572044085903,30.271423956306],[31.57056596338975,30.271423566064815],[31.570564730002868,30.271437752067275],[31.57057081159732,30.27143814308418],[31.570572044085903,30.271423956306]]]}},{"type":"Feature","properties":{"Electric_Facility_Type":"بيلر","Easting":"031° 33' 54.96\" E","Northing":"30° 16' 16.64\" N","Description":null,"ID":"4/3/2_3","sectors":"القطاع الثاني","Implementing":"شركة الكتروالهانى","SHAPE_Length":4.9765151096156695,"SHAPE_Area":1.204931233191524,"__networkId":"electricity","__networkName":"شبكة الكهرباء","__layerId":"electricity_facilities","__layerName":"منشآت شبكة الكهرباء","__assetName":"منشآت الكهرباء","__geometryKind":"polygon","__featureIndex":220,"__length_m":4.98,"__area_m2":1.2,"__typeValue":"بيلر"},"geometry":{"type":"Polygon","coordinates":[[[31.566951993391015,30.27145091552747],[31.566947594341066,30.271447499560434],[31.566936645674375,30.271458087273366],[31.566941044724324,30.27146150324004],[31.566951993391015,30.27145091552747]]]}},{"type":"Feature","properties":{"Electric_Facility_Type":"بيلر","Easting":"031° 33' 33.51\" E","Northing":"30° 16' 16.79\" N","Description":null,"ID":"10/1/2_5","sectors":"القطاع الاول","Implementing":"شركة الكتروالهانى","SHAPE_Length":5.0189798590918695,"SHAPE_Area":1.2445043077643387,"__networkId":"electricity","__networkName":"شبكة الكهرباء","__layerId":"electricity_facilities","__layerName":"منشآت شبكة الكهرباء","__assetName":"منشآت الكهرباء","__geometryKind":"polygon","__featureIndex":221,"__length_m":5.02,"__area_m2":1.24,"__typeValue":"بيلر"},"geometry":{"type":"Polygon","coordinates":[[[31.560994506563926,30.271494564329238],[31.56099021890508,30.27149080234499],[31.560978549789514,30.271500792666668],[31.560982837448393,30.27150455465053],[31.560994506563926,30.271494564329238]]]}},{"type":"Feature","properties":{"Electric_Facility_Type":"بيلر","Easting":"031° 33' 13.16\" E","Northing":"30° 16' 16.89\" N","Description":null,"ID":"11/1/3_3","sectors":"القطاع الثالث","Implementing":"شركة الكتروالهانى","SHAPE_Length":5.023593307247896,"SHAPE_Area":1.2444800821708748,"__networkId":"electricity","__networkName":"شبكة الكهرباء","__layerId":"electricity_facilities","__layerName":"منشآت شبكة الكهرباء","__assetName":"منشآت الكهرباء","__geometryKind":"polygon","__featureIndex":222,"__length_m":5.02,"__area_m2":1.24,"__typeValue":"بيلر"},"geometry":{"type":"Polygon","coordinates":[[[31.55533679383533,30.271519949379144],[31.555331023057942,30.271518243336445],[31.555325713116297,30.271531702375725],[31.55533148389369,30.27153340919403],[31.55533679383533,30.271519949379144]]]}},{"type":"Feature","properties":{"Electric_Facility_Type":"بيلر","Easting":"031° 33' 46.08\" E","Northing":"30° 16' 16.83\" N","Description":null,"ID":"1/1/2_3","sectors":"القطاع الاول","Implementing":"شركة الكتروالهانى","SHAPE_Length":4.975322966116186,"SHAPE_Area":1.2049906910285182,"__networkId":"electricity","__networkName":"شبكة الكهرباء","__layerId":"electricity_facilities","__layerName":"منشآت شبكة الكهرباء","__assetName":"منشآت الكهرباء","__geometryKind":"polygon","__featureIndex":223,"__length_m":4.98,"__area_m2":1.2,"__typeValue":"بيلر"},"geometry":{"type":"Polygon","coordinates":[[[31.564485142365694,30.27150381683936],[31.564481185286883,30.271500016064106],[31.56446900682656,30.271509538561347],[31.564472965702034,30.271513340112076],[31.564485142365694,30.27150381683936]]]}},{"type":"Feature","properties":{"Electric_Facility_Type":"بيلر","Easting":"031° 33' 16.95\" E","Northing":"30° 16' 17.08\" N","Description":null,"ID":"11/1/3_1","sectors":"القطاع الثالث","Implementing":"شركة الكتروالهانى","SHAPE_Length":5.017727570386126,"SHAPE_Area":1.2445427513240128,"__networkId":"electricity","__networkName":"شبكة الكهرباء","__layerId":"electricity_facilities","__layerName":"منشآت شبكة الكهرباء","__assetName":"منشآت الكهرباء","__geometryKind":"polygon","__featureIndex":224,"__length_m":5.02,"__area_m2":1.24,"__typeValue":"بيلر"},"geometry":{"type":"Polygon","coordinates":[[[31.5563948843742,30.271580323411442],[31.556381954024012,30.271571579850516],[31.556378215235792,30.271575760002015],[31.556391144687684,30.271584502786713],[31.5563948843742,30.271580323411442]]]}},{"type":"Feature","properties":{"Electric_Facility_Type":"بيلر","Easting":"031° 33' 51.91\" E","Northing":"30° 16' 16.95\" N","Description":null,"ID":"11/2/2_2","sectors":"القطاع الاول","Implementing":"شركة الكتروالهانى","SHAPE_Length":4.975337472375089,"SHAPE_Area":1.204999567770012,"__networkId":"electricity","__networkName":"شبكة الكهرباء","__layerId":"electricity_facilities","__layerName":"منشآت شبكة الكهرباء","__assetName":"منشآت الكهرباء","__geometryKind":"polygon","__featureIndex":225,"__length_m":4.98,"__area_m2":1.2,"__typeValue":"بيلر"},"geometry":{"type":"Polygon","coordinates":[[[31.566105216251373,30.271538805843058],[31.56610125917256,30.271535005069158],[31.56608908071224,30.271544526787224],[31.566093038689385,30.271548329112374],[31.566105216251373,30.271538805843058]]]}},{"type":"Feature","properties":{"Electric_Facility_Type":"بيلر","Easting":"031° 34' 11.66\" E","Northing":"30° 16' 16.9\" N","Description":null,"ID":"6/3/2_5","sectors":"القطاع الثاني","Implementing":"شركة الكتروالهانى","SHAPE_Length":5.013611705546232,"SHAPE_Area":1.2444544526143775,"__networkId":"electricity","__networkName":"شبكة الكهرباء","__layerId":"electricity_facilities","__layerName":"منشآت شبكة الكهرباء","__assetName":"منشآت الكهرباء","__geometryKind":"polygon","__featureIndex":226,"__length_m":5.01,"__area_m2":1.24,"__typeValue":"بيلر"},"geometry":{"type":"Polygon","coordinates":[[[31.571591556474885,30.27152796211606],[31.571590581802802,30.271522738475745],[31.571574397754627,30.271524994579476],[31.571575373325043,30.271530217443768],[31.571591556474885,30.27152796211606]]]}},{"type":"Feature","properties":{"Electric_Facility_Type":"بيلر","Easting":"031° 33' 8.12\" E","Northing":"30° 16' 17.3\" N","Description":null,"ID":"7/1/3_6","sectors":"القطاع الثالث","Implementing":"شركة الكتروالهانى","SHAPE_Length":5.024956696096758,"SHAPE_Area":1.244587461866134,"__networkId":"electricity","__networkName":"شبكة الكهرباء","__layerId":"electricity_facilities","__layerName":"منشآت شبكة الكهرباء","__assetName":"منشآت الكهرباء","__geometryKind":"polygon","__featureIndex":227,"__length_m":5.02,"__area_m2":1.24,"__typeValue":"بيلر"},"geometry":{"type":"Polygon","coordinates":[[[31.553937062315836,30.2716464043799],[31.553936460444582,30.27163218737457],[31.553930368070336,30.2716323898651],[31.553930969941558,30.271646607646183],[31.553937062315836,30.2716464043799]]]}},{"type":"Feature","properties":{"Electric_Facility_Type":"بيلر","Easting":"031° 33' 37.46\" E","Northing":"30° 16' 17.18\" N","Description":null,"ID":"2/1/2_6","sectors":"القطاع الاول","Implementing":"شركة الكتروالهانى","SHAPE_Length":5.018740501909814,"SHAPE_Area":1.2445428717494058,"__networkId":"electricity","__networkName":"شبكة الكهرباء","__layerId":"electricity_facilities","__layerName":"منشآت شبكة الكهرباء","__assetName":"منشآت الكهرباء","__geometryKind":"polygon","__featureIndex":228,"__length_m":5.02,"__area_m2":1.24,"__typeValue":"بيلر"},"geometry":{"type":"Polygon","coordinates":[[[31.56208975591453,30.271609237671232],[31.562077732862743,30.27159956777672],[31.562073596120875,30.271603454664817],[31.56208561827433,30.271613124558947],[31.56208975591453,30.271609237671232]]]}},{"type":"Feature","properties":{"Electric_Facility_Type":"بيلر","Easting":"031° 33' 47.94\" E","Northing":"30° 16' 17.67\" N","Description":null,"ID":"10/2/2_1","sectors":"القطاع الاول","Implementing":"شركة الكتروالهانى","SHAPE_Length":5.01989761770176,"SHAPE_Area":1.2445892980269313,"__networkId":"electricity","__networkName":"شبكة الكهرباء","__layerId":"electricity_facilities","__layerName":"منشآت شبكة الكهرباء","__assetName":"منشآت الكهرباء","__geometryKind":"polygon","__featureIndex":229,"__length_m":5.02,"__area_m2":1.24,"__typeValue":"بيلر"},"geometry":{"type":"Polygon","coordinates":[[[31.565002792056614,30.271744353865778],[31.564991952984368,30.271733681618805],[31.564987385949493,30.271737186795697],[31.564998223225082,30.27174785904235],[31.565002792056614,30.271744353865778]]]}},{"type":"Feature","properties":{"Electric_Facility_Type":"بيلر","Easting":"031° 33' 44.9\" E","Northing":"30° 16' 17.8\" N","Description":null,"ID":"2/1/2_4","sectors":"القطاع الاول","Implementing":"شركة الكتروالهانى","SHAPE_Length":4.975188730749222,"SHAPE_Area":1.2049466335653765,"__networkId":"electricity","__networkName":"شبكة الكهرباء","__layerId":"electricity_facilities","__layerName":"منشآت شبكة الكهرباء","__assetName":"منشآت الكهرباء","__geometryKind":"polygon","__featureIndex":230,"__length_m":4.98,"__area_m2":1.2,"__typeValue":"بيلر"},"geometry":{"type":"Polygon","coordinates":[[[31.564158531098073,30.271774458968057],[31.56415457312093,30.271770658203287],[31.564142395558946,30.271780179898492],[31.564146353536085,30.271783981438734],[31.564158531098073,30.271774458968057]]]}},{"type":"Feature","properties":{"Electric_Facility_Type":"بيلر","Easting":"031° 33' 25.22\" E","Northing":"30° 16' 17.89\" N","Description":null,"ID":"2/1/3_1","sectors":"القطاع الثالث","Implementing":"شركة الكتروالهانى","SHAPE_Length":5.018593265775703,"SHAPE_Area":1.2444090344837124,"__networkId":"electricity","__networkName":"شبكة الكهرباء","__layerId":"electricity_facilities","__layerName":"منشآت شبكة الكهرباء","__assetName":"منشآت الكهرباء","__geometryKind":"polygon","__featureIndex":231,"__length_m":5.02,"__area_m2":1.24,"__typeValue":"بيلر"},"geometry":{"type":"Polygon","coordinates":[[[31.55869185948771,30.27180490464799],[31.55867983733425,30.271795234772743],[31.558675699694053,30.271799120877255],[31.558687722745837,30.271808790752104],[31.55869185948771,30.27180490464799]]]}},{"type":"Feature","properties":{"Electric_Facility_Type":"بيلر","Easting":"031° 33' 19.24\" E","Northing":"30° 16' 18.02\" N","Description":null,"ID":"11/1/3_5","sectors":"القطاع الثالث","Implementing":"شركة الكتروالهانى","SHAPE_Length":5.020452940153555,"SHAPE_Area":1.2446383890291457,"__networkId":"electricity","__networkName":"شبكة الكهرباء","__layerId":"electricity_facilities","__layerName":"منشآت شبكة الكهرباء","__assetName":"منشآت الكهرباء","__geometryKind":"polygon","__featureIndex":232,"__length_m":5.02,"__area_m2":1.24,"__typeValue":"بيلر"},"geometry":{"type":"Polygon","coordinates":[[[31.557028379905844,30.271843312601035],[31.557017963940098,30.271832326931886],[31.557013262157923,30.271835695560213],[31.557023677225306,30.271846681229047],[31.557028379905844,30.271843312601035]]]}},{"type":"Feature","properties":{"Electric_Facility_Type":"بيلر","Easting":"031° 33' 41.05\" E","Northing":"30° 16' 17.94\" N","Description":null,"ID":"2/1/2_3","sectors":"القطاع الاول","Implementing":"شركة الكتروالهانى","SHAPE_Length":4.975851074550844,"SHAPE_Area":1.2049652351369255,"__networkId":"electricity","__networkName":"شبكة الكهرباء","__layerId":"electricity_facilities","__layerName":"منشآت شبكة الكهرباء","__assetName":"منشآت الكهرباء","__geometryKind":"polygon","__featureIndex":233,"__length_m":4.98,"__area_m2":1.2,"__typeValue":"بيلر"},"geometry":{"type":"Polygon","coordinates":[[[31.563089111006846,30.271819915296476],[31.56307740775533,30.271809954488585],[31.563073280894894,30.27181361793093],[31.563084985044746,30.271823578738452],[31.563089111006846,30.271819915296476]]]}},{"type":"Feature","properties":{"Electric_Facility_Type":"بيلر","Easting":"031° 33' 37.88\" E","Northing":"30° 16' 18.23\" N","Description":null,"ID":"5/1/2_6","sectors":"القطاع الاول","Implementing":"شركة الكتروالهانى","SHAPE_Length":4.976405792685199,"SHAPE_Area":1.2048766778656614,"__networkId":"electricity","__networkName":"شبكة الكهرباء","__layerId":"electricity_facilities","__layerName":"منشآت شبكة الكهرباء","__assetName":"منشآت الكهرباء","__geometryKind":"polygon","__featureIndex":234,"__length_m":4.98,"__area_m2":1.2,"__typeValue":"بيلر"},"geometry":{"type":"Polygon","coordinates":[[[31.56220683783706,30.2719008725223],[31.56219582089842,30.271890338388925],[31.56219145688279,30.27189378770096],[31.562202473821422,30.271904321833958],[31.56220683783706,30.2719008725223]]]}},{"type":"Feature","properties":{"Electric_Facility_Type":"بيلر","Easting":"031° 33' 53.2\" E","Northing":"30° 16' 18.23\" N","Description":null,"ID":"11/2/2_3","sectors":"القطاع الاول","Implementing":"شركة الكتروالهانى","SHAPE_Length":4.97533020668535,"SHAPE_Area":1.205036438394276,"__networkId":"electricity","__networkName":"شبكة الكهرباء","__layerId":"electricity_facilities","__layerName":"منشآت شبكة الكهرباء","__assetName":"منشآت الكهرباء","__geometryKind":"polygon","__featureIndex":235,"__length_m":4.98,"__area_m2":1.21,"__typeValue":"بيلر"},"geometry":{"type":"Polygon","coordinates":[[[31.566463614405315,30.271892639481923],[31.56645965552988,30.271888837945887],[31.566447478866188,30.27189836040547],[31.56645143594503,30.271902161941078],[31.566463614405315,30.271892639481923]]]}},{"type":"Feature","properties":{"Electric_Facility_Type":"بيلر","Easting":"031° 33' 30.41\" E","Northing":"30° 16' 18.42\" N","Description":null,"ID":"10/1/2_6","sectors":"القطاع الاول","Implementing":"شركة الكتروالهانى","SHAPE_Length":5.01926271350738,"SHAPE_Area":1.2446817625884616,"__networkId":"electricity","__networkName":"شبكة الكهرباء","__layerId":"electricity_facilities","__layerName":"منشآت شبكة الكهرباء","__assetName":"منشآت الكهرباء","__geometryKind":"polygon","__featureIndex":236,"__length_m":5.02,"__area_m2":1.24,"__typeValue":"بيلر"},"geometry":{"type":"Polygon","coordinates":[[[31.56013260448985,30.271947850957343],[31.560128316831005,30.271944088214628],[31.560116646817143,30.271954079266003],[31.56012093537429,30.271957841232556],[31.56013260448985,30.271947850957343]]]}},{"type":"Feature","properties":{"Electric_Facility_Type":"بيلر","Easting":"031° 33' 14.99\" E","Northing":"30° 16' 18.82\" N","Description":null,"ID":"9/5/3_4","sectors":"القطاع الثالث","Implementing":"شركة الكتروالهانى","SHAPE_Length":5.014369708860544,"SHAPE_Area":1.244511601596737,"__networkId":"electricity","__networkName":"شبكة الكهرباء","__layerId":"electricity_facilities","__layerName":"منشآت شبكة الكهرباء","__assetName":"منشآت الكهرباء","__geometryKind":"polygon","__featureIndex":237,"__length_m":5.01,"__area_m2":1.24,"__typeValue":"بيلر"},"geometry":{"type":"Polygon","coordinates":[[[31.555848423017206,30.27206033052011],[31.555846645251247,30.272055268279203],[31.555830959768095,30.272059399533276],[31.555832738432347,30.272064460222293],[31.555848423017206,30.27206033052011]]]}},{"type":"Feature","properties":{"Electric_Facility_Type":"بيلر","Easting":"031° 34' 9.11\" E","Northing":"30° 16' 18.72\" N","Description":null,"ID":"8/3/2_1","sectors":"القطاع الثاني","Implementing":"شركة الكتروالهانى","SHAPE_Length":5.013165185618838,"SHAPE_Area":1.244327646886069,"__networkId":"electricity","__networkName":"شبكة الكهرباء","__layerId":"electricity_facilities","__layerName":"منشآت شبكة الكهرباء","__assetName":"منشآت الكهرباء","__geometryKind":"polygon","__featureIndex":238,"__length_m":5.01,"__area_m2":1.24,"__typeValue":"بيلر"},"geometry":{"type":"Polygon","coordinates":[[[31.57088185865436,30.27203189895479],[31.570865482366706,30.27203129458901],[31.570865232635082,30.272036581043846],[31.57088160802437,30.27203718540959],[31.57088185865436,30.27203189895479]]]}},{"type":"Feature","properties":{"Electric_Facility_Type":"بيلر","Easting":"031° 34' 4.83\" E","Northing":"30° 16' 18.8\" N","Description":null,"ID":"3/3/2_6","sectors":"القطاع الثاني","Implementing":"شركة الكتروالهانى","SHAPE_Length":5.01393899934321,"SHAPE_Area":1.2444054350680631,"__networkId":"electricity","__networkName":"شبكة الكهرباء","__layerId":"electricity_facilities","__layerName":"منشآت شبكة الكهرباء","__assetName":"منشآت الكهرباء","__geometryKind":"polygon","__featureIndex":239,"__length_m":5.01,"__area_m2":1.24,"__typeValue":"بيلر"},"geometry":{"type":"Polygon","coordinates":[[[31.569693452212153,30.272054293846274],[31.569677583472657,30.27205073359731],[31.569676067116458,30.27205585945586],[31.569691936754282,30.27205941815303],[31.569693452212153,30.272054293846274]]]}},{"type":"Feature","properties":{"Electric_Facility_Type":"بيلر","Easting":"031° 33' 46.4\" E","Northing":"30° 16' 18.89\" N","Description":null,"ID":"10/2/2_6","sectors":"القطاع الاول","Implementing":"شركة الكتروالهانى","SHAPE_Length":4.545910055899173,"SHAPE_Area":1.024433348823683,"__networkId":"electricity","__networkName":"شبكة الكهرباء","__layerId":"electricity_facilities","__layerName":"منشآت شبكة الكهرباء","__assetName":"منشآت الكهرباء","__geometryKind":"polygon","__featureIndex":240,"__length_m":4.55,"__area_m2":1.02,"__typeValue":"بيلر"},"geometry":{"type":"Polygon","coordinates":[[[31.564573714456078,30.272076728299673],[31.564569549866434,30.272073538118686],[31.56455973217869,30.272083163744647],[31.564563896768362,30.27208635237366],[31.564573714456078,30.272076728299673]]]}},{"type":"Feature","properties":{"Electric_Facility_Type":"بيلر","Easting":"031° 33' 8.17\" E","Northing":"30° 16' 19.34\" N","Description":null,"ID":"7/5/3_2","sectors":"القطاع الثالث","Implementing":"شركة الكتروالهانى","SHAPE_Length":5.024949203265209,"SHAPE_Area":1.2445250892724329,"__networkId":"electricity","__networkName":"شبكة الكهرباء","__layerId":"electricity_facilities","__layerName":"منشآت شبكة الكهرباء","__assetName":"منشآت الكهرباء","__geometryKind":"polygon","__featureIndex":241,"__length_m":5.02,"__area_m2":1.24,"__typeValue":"بيلر"},"geometry":{"type":"Polygon","coordinates":[[[31.553949583932578,30.272211722046823],[31.55394898295965,30.272197504347524],[31.553942890585372,30.27219770683689],[31.553943492456625,30.272211924536098],[31.553949583932578,30.272211722046823]]]}},{"type":"Feature","properties":{"Electric_Facility_Type":"بيلر","Easting":"031° 33' 27.04\" E","Northing":"30° 16' 19.31\" N","Description":null,"ID":"2/1/3_2","sectors":"القطاع الثالث","Implementing":"شركة الكتروالهانى","SHAPE_Length":4.976358207227348,"SHAPE_Area":1.2048360502287316,"__networkId":"electricity","__networkName":"شبكة الكهرباء","__layerId":"electricity_facilities","__layerName":"منشآت شبكة الكهرباء","__assetName":"منشآت الكهرباء","__geometryKind":"polygon","__featureIndex":242,"__length_m":4.98,"__area_m2":1.2,"__typeValue":"بيلر"},"geometry":{"type":"Polygon","coordinates":[[[31.559196053313975,30.27219341732109],[31.559191655162348,30.272190001379887],[31.559180705597328,30.27220058823697],[31.559185104647284,30.272204004177798],[31.559196053313975,30.27219341732109]]]}},{"type":"Feature","properties":{"Electric_Facility_Type":"بيلر","Easting":"031° 33' 48.83\" E","Northing":"30° 16' 19.31\" N","Description":null,"ID":"10/2/2_2","sectors":"القطاع الاول","Implementing":"شركة الكتروالهانى","SHAPE_Length":4.97532296035703,"SHAPE_Area":1.2049906896548173,"__networkId":"electricity","__networkName":"شبكة الكهرباء","__layerId":"electricity_facilities","__layerName":"منشآت شبكة الكهرباء","__assetName":"منشآت الكهرباء","__geometryKind":"polygon","__featureIndex":243,"__length_m":4.98,"__area_m2":1.2,"__typeValue":"بيلر"},"geometry":{"type":"Polygon","coordinates":[[[31.56524990601487,30.272194275379444],[31.56524594803772,30.272190473855087],[31.565233770475736,30.272199997061183],[31.565237728452843,30.27220379780934],[31.56524990601487,30.272194275379444]]]}},{"type":"Feature","properties":{"Electric_Facility_Type":"بيلر","Easting":"031° 33' 42.94\" E","Northing":"30° 16' 19.35\" N","Description":null,"ID":"2/1/2_2","sectors":"القطاع الاول","Implementing":"شركة الكتروالهانى","SHAPE_Length":4.975329717917505,"SHAPE_Area":1.205032493537319,"__networkId":"electricity","__networkName":"شبكة الكهرباء","__layerId":"electricity_facilities","__layerName":"منشآت شبكة الكهرباء","__assetName":"منشآت الكهرباء","__geometryKind":"polygon","__featureIndex":244,"__length_m":4.98,"__area_m2":1.21,"__typeValue":"بيلر"},"geometry":{"type":"Polygon","coordinates":[[[31.56361169514359,30.272205676848287],[31.563607737166443,30.272201876100205],[31.563595558706158,30.27221139775353],[31.563599517581604,30.27221519927708],[31.56361169514359,30.272205676848287]]]}},{"type":"Feature","properties":{"Electric_Facility_Type":"بيلر","Easting":"031° 33' 56.37\" E","Northing":"30° 16' 19.58\" N","Description":null,"ID":"4/3/2_5","sectors":"القطاع الثاني","Implementing":"شركة الكتروالهانى","SHAPE_Length":4.976547869424132,"SHAPE_Area":1.2049309782653048,"__networkId":"electricity","__networkName":"شبكة الكهرباء","__layerId":"electricity_facilities","__layerName":"منشآت شبكة الكهرباء","__assetName":"منشآت الكهرباء","__geometryKind":"polygon","__featureIndex":245,"__length_m":4.98,"__area_m2":1.2,"__typeValue":"بيلر"},"geometry":{"type":"Polygon","coordinates":[[[31.56734435684585,30.272276371977007],[31.567333518671965,30.272265699787816],[31.567329096265823,30.272269093227557],[31.56733993443971,30.27227976541637],[31.56734435684585,30.272276371977007]]]}},{"type":"Feature","properties":{"Electric_Facility_Type":"بيلر","Easting":"031° 33' 44.55\" E","Northing":"30° 16' 19.75\" N","Description":null,"ID":"3/1/2_6","sectors":"القطاع الاول","Implementing":"شركة الكتروالهانى","SHAPE_Length":4.546096179106738,"SHAPE_Area":1.0247506838073408,"__networkId":"electricity","__networkName":"شبكة الكهرباء","__layerId":"electricity_facilities","__layerName":"منشآت شبكة الكهرباء","__assetName":"منشآت الكهرباء","__geometryKind":"polygon","__featureIndex":246,"__length_m":4.55,"__area_m2":1.02,"__typeValue":"بيلر"},"geometry":{"type":"Polygon","coordinates":[[[31.564059155868097,30.272323201274876],[31.564048738105726,30.27231405978432],[31.564044795399965,30.272317455549818],[31.564055211365677,30.27232659626422],[31.564059155868097,30.272323201274876]]]}},{"type":"Feature","properties":{"Electric_Facility_Type":"بيلر","Easting":"031° 33' 50.08\" E","Northing":"30° 16' 19.78\" N","Description":null,"ID":"10/2/2_3","sectors":"القطاع الاول","Implementing":"شركة الكتروالهانى","SHAPE_Length":4.976547873684197,"SHAPE_Area":1.204930982555349,"__networkId":"electricity","__networkName":"شبكة الكهرباء","__layerId":"electricity_facilities","__layerName":"منشآت شبكة الكهرباء","__assetName":"منشآت الكهرباء","__geometryKind":"polygon","__featureIndex":247,"__length_m":4.98,"__area_m2":1.2,"__typeValue":"بيلر"},"geometry":{"type":"Polygon","coordinates":[[[31.56559691173439,30.272329884966144],[31.56558607356048,30.272319212782833],[31.56558165115433,30.272322606220715],[31.565592489328246,30.272333278403718],[31.56559691173439,30.272329884966144]]]}},{"type":"Feature","properties":{"Electric_Facility_Type":"بيلر","Easting":"031° 33' 54.1\" E","Northing":"30° 16' 19.89\" N","Description":null,"ID":"11/2/2_4","sectors":"القطاع الاول","Implementing":"شركة الكتروالهانى","SHAPE_Length":4.976680723904453,"SHAPE_Area":1.205051631937201,"__networkId":"electricity","__networkName":"شبكة الكهرباء","__layerId":"electricity_facilities","__layerName":"منشآت شبكة الكهرباء","__assetName":"منشآت الكهرباء","__geometryKind":"polygon","__featureIndex":248,"__length_m":4.98,"__area_m2":1.21,"__typeValue":"بيلر"},"geometry":{"type":"Polygon","coordinates":[[[31.566712431569368,30.27236212416956],[31.56670159339545,30.272351451989703],[31.566697170989304,30.272354846202298],[31.56670800916322,30.272365518381797],[31.566712431569368,30.27236212416956]]]}},{"type":"Feature","properties":{"Electric_Facility_Type":"بيلر","Easting":"031° 33' 37.39\" E","Northing":"30° 16' 20.22\" N","Description":null,"ID":"5/1/2_5","sectors":"القطاع الاول","Implementing":"شركة الكتروالهانى","SHAPE_Length":4.9747584967020995,"SHAPE_Area":1.2048679100577173,"__networkId":"electricity","__networkName":"شبكة الكهرباء","__layerId":"electricity_facilities","__layerName":"منشآت شبكة الكهرباء","__assetName":"منشآت الكهرباء","__geometryKind":"polygon","__featureIndex":249,"__length_m":4.97,"__area_m2":1.2,"__typeValue":"بيلر"},"geometry":{"type":"Polygon","coordinates":[[[31.56207178332063,30.272447887924514],[31.56206798075202,30.272443970037084],[31.56205542859258,30.272453119273752],[31.562059232059486,30.27245703716082],[31.56207178332063,30.272447887924514]]]}},{"type":"Feature","properties":{"Electric_Facility_Type":"بيلر","Easting":"031° 33' 20.67\" E","Northing":"30° 16' 20.34\" N","Description":null,"ID":"10/5/3_2","sectors":"القطاع الثالث","Implementing":"شركة الكتروالهانى","SHAPE_Length":5.020214165603994,"SHAPE_Area":1.244599601634611,"__networkId":"electricity","__networkName":"شبكة الكهرباء","__layerId":"electricity_facilities","__layerName":"منشآت شبكة الكهرباء","__assetName":"منشآت الكهرباء","__geometryKind":"polygon","__featureIndex":250,"__length_m":5.02,"__area_m2":1.24,"__typeValue":"بيلر"},"geometry":{"type":"Polygon","coordinates":[[[31.557425358904595,30.272479252741142],[31.557420687665125,30.2724758523263],[31.557410136952118,30.272486740170265],[31.55741480908992,30.272490140584726],[31.557425358904595,30.272479252741142]]]}},{"type":"Feature","properties":{"Electric_Facility_Type":"بيلر","Easting":"031° 33' 11.72\" E","Northing":"30° 16' 20.39\" N","Description":null,"ID":"9/5/3_3","sectors":"القطاع الثالث","Implementing":"شركة الكتروالهانى","SHAPE_Length":5.024139151905857,"SHAPE_Area":1.2443729959223866,"__networkId":"electricity","__networkName":"شبكة الكهرباء","__layerId":"electricity_facilities","__layerName":"منشآت شبكة الكهرباء","__assetName":"منشآت الكهرباء","__geometryKind":"polygon","__featureIndex":251,"__length_m":5.02,"__area_m2":1.24,"__typeValue":"بيلر"},"geometry":{"type":"Polygon","coordinates":[[[31.554937357944244,30.27250419919874],[31.55493362544424,30.272490346176756],[31.55492769207181,30.272491559557583],[31.554931424571816,30.272505412579402],[31.554937357944244,30.27250419919874]]]}},{"type":"Feature","properties":{"Electric_Facility_Type":"بيلر","Easting":"031° 33' 41.9\" E","Northing":"30° 16' 20.28\" N","Description":null,"ID":"2/1/2_1","sectors":"القطاع الاول","Implementing":"شركة الكتروالهانى","SHAPE_Length":4.976381887915858,"SHAPE_Area":1.2048872024459272,"__networkId":"electricity","__networkName":"شبكة الكهرباء","__layerId":"electricity_facilities","__layerName":"منشآت شبكة الكهرباء","__assetName":"منشآت الكهرباء","__geometryKind":"polygon","__featureIndex":252,"__length_m":4.98,"__area_m2":1.2,"__typeValue":"بيلر"},"geometry":{"type":"Polygon","coordinates":[[[31.563324024945214,30.272463979190785],[31.563319625895257,30.272460563259003],[31.5633086781269,30.272471150862685],[31.563313077176858,30.27247456679409],[31.563324024945214,30.272463979190785]]]}},{"type":"Feature","properties":{"Electric_Facility_Type":"بيلر","Easting":"031° 33' 17.37\" E","Northing":"30° 16' 20.61\" N","Description":null,"ID":"9/5/3_5","sectors":"القطاع الثالث","Implementing":"شركة الكتروالهانى","SHAPE_Length":5.020226423136426,"SHAPE_Area":1.244566885595491,"__networkId":"electricity","__networkName":"شبكة الكهرباء","__layerId":"electricity_facilities","__layerName":"منشآت شبكة الكهرباء","__assetName":"منشآت الكهرباء","__geometryKind":"polygon","__featureIndex":253,"__length_m":5.02,"__area_m2":1.24,"__typeValue":"بيلر"},"geometry":{"type":"Polygon","coordinates":[[[31.556510168767872,30.272555110744594],[31.556505496630102,30.27255171033232],[31.556494946815388,30.272562598943754],[31.556499618054858,30.27256599857977],[31.556510168767872,30.272555110744594]]]}},{"type":"Feature","properties":{"Electric_Facility_Type":"بيلر","Easting":"031° 33' 13.56\" E","Northing":"30° 16' 20.88\" N","Description":null,"ID":"9/5/3_2","sectors":"القطاع الثالث","Implementing":"شركة الكتروالهانى","SHAPE_Length":5.024407695359965,"SHAPE_Area":1.2446071079199579,"__networkId":"electricity","__networkName":"شبكة الكهرباء","__layerId":"electricity_facilities","__layerName":"منشآت شبكة الكهرباء","__assetName":"منشآت الكهرباء","__geometryKind":"polygon","__featureIndex":254,"__length_m":5.02,"__area_m2":1.24,"__typeValue":"بيلر"},"geometry":{"type":"Polygon","coordinates":[[[31.55544806635296,30.27263800147775],[31.555444333852954,30.27262414847464],[31.55543839868387,30.27262536107799],[31.55544213208217,30.272639214080925],[31.55544806635296,30.27263800147775]]]}},{"type":"Feature","properties":{"Electric_Facility_Type":"بيلر","Easting":"031° 33' 44.12\" E","Northing":"30° 16' 20.85\" N","Description":null,"ID":"3/1/2_4","sectors":"القطاع الاول","Implementing":"شركة الكتروالهانى","SHAPE_Length":4.546725624045017,"SHAPE_Area":1.0247836862067308,"__networkId":"electricity","__networkName":"شبكة الكهرباء","__layerId":"electricity_facilities","__layerName":"منشآت شبكة الكهرباء","__assetName":"منشآت الكهرباء","__geometryKind":"polygon","__featureIndex":255,"__length_m":4.55,"__area_m2":1.02,"__typeValue":"بيلر"},"geometry":{"type":"Polygon","coordinates":[[[31.5639388561802,30.27262147810946],[31.563934696082107,30.27261828329126],[31.563924864021306,30.27262790110566],[31.5639290250177,30.27263109514767],[31.5639388561802,30.27262147810946]]]}},{"type":"Feature","properties":{"Electric_Facility_Type":"بيلر","Easting":"031° 33' 31.83\" E","Northing":"30° 16' 20.96\" N","Description":null,"ID":"6/1/2_1","sectors":"القطاع الاول","Implementing":"شركة الكتروالهانى","SHAPE_Length":5.0194026449430735,"SHAPE_Area":1.2446884075788223,"__networkId":"electricity","__networkName":"شبكة الكهرباء","__layerId":"electricity_facilities","__layerName":"منشآت شبكة الكهرباء","__assetName":"منشآت الكهرباء","__geometryKind":"polygon","__featureIndex":256,"__length_m":5.02,"__area_m2":1.24,"__typeValue":"بيلر"},"geometry":{"type":"Polygon","coordinates":[[[31.560526747507264,30.27265080790083],[31.560522459848418,30.272647045960895],[31.560510789834556,30.27265703771655],[31.560515078391738,30.272660799656105],[31.560526747507264,30.27265080790083]]]}},{"type":"Feature","properties":{"Electric_Facility_Type":"بيلر","Easting":"031° 34' 8.52\" E","Northing":"30° 16' 20.85\" N","Description":null,"ID":"6/3/2_6","sectors":"القطاع الثاني","Implementing":"شركة الكتروالهانى","SHAPE_Length":5.013469197625671,"SHAPE_Area":1.2446024729563634,"__networkId":"electricity","__networkName":"شبكة الكهرباء","__layerId":"electricity_facilities","__layerName":"منشآت شبكة الكهرباء","__assetName":"منشآت الكهرباء","__geometryKind":"polygon","__featureIndex":257,"__length_m":5.01,"__area_m2":1.24,"__typeValue":"بيلر"},"geometry":{"type":"Polygon","coordinates":[[[31.57071747324557,30.272623377311678],[31.57070109695792,30.272622772949543],[31.57070084722629,30.2726280601483],[31.570717222615585,30.27262866528623],[31.57071747324557,30.272623377311678]]]}},{"type":"Feature","properties":{"Electric_Facility_Type":"بيلر","Easting":"031° 33' 34.93\" E","Northing":"30° 16' 21.02\" N","Description":null,"ID":"6/1/2_4","sectors":"القطاع الاول","Implementing":"شركة الكتروالهانى","SHAPE_Length":5.018740501704592,"SHAPE_Area":1.2445428731378216,"__networkId":"electricity","__networkName":"شبكة الكهرباء","__layerId":"electricity_facilities","__layerName":"منشآت شبكة الكهرباء","__assetName":"منشآت الكهرباء","__geometryKind":"polygon","__featureIndex":258,"__length_m":5.02,"__area_m2":1.24,"__typeValue":"بيلر"},"geometry":{"type":"Polygon","coordinates":[[[31.561387460211915,30.272674411374812],[31.561375438058466,30.272664741585228],[31.561371300418266,30.272668628431145],[31.561383323470018,30.27267829822035],[31.561387460211915,30.272674411374812]]]}},{"type":"Feature","properties":{"Electric_Facility_Type":"بيلر","Easting":"031° 34' 4.48\" E","Northing":"30° 16' 20.91\" N","Description":null,"ID":"3/3/2_5","sectors":"القطاع الثاني","Implementing":"شركة الكتروالهانى","SHAPE_Length":5.014911155745749,"SHAPE_Area":1.2447799053290425,"__networkId":"electricity","__networkName":"شبكة الكهرباء","__layerId":"electricity_facilities","__layerName":"منشآت شبكة الكهرباء","__assetName":"منشآت الكهرباء","__geometryKind":"polygon","__featureIndex":259,"__length_m":5.01,"__area_m2":1.24,"__typeValue":"بيلر"},"geometry":{"type":"Polygon","coordinates":[[[31.56959773222707,30.27264049961091],[31.569582237186733,30.272635860220667],[31.569580257299833,30.27264086657274],[31.569595752340163,30.272645505186915],[31.56959773222707,30.27264049961091]]]}},{"type":"Feature","properties":{"Electric_Facility_Type":"بيلر","Easting":"031° 33' 33.2\" E","Northing":"30° 16' 21.23\" N","Description":null,"ID":"6/1/2_2","sectors":"القطاع الاول","Implementing":"شركة الكتروالهانى","SHAPE_Length":5.018746005244113,"SHAPE_Area":1.2445056038955093,"__networkId":"electricity","__networkName":"شبكة الكهرباء","__layerId":"electricity_facilities","__layerName":"منشآت شبكة الكهرباء","__assetName":"منشآت الكهرباء","__geometryKind":"polygon","__featureIndex":260,"__length_m":5.02,"__area_m2":1.24,"__typeValue":"بيلر"},"geometry":{"type":"Polygon","coordinates":[[[31.56090749215224,30.272733378916584],[31.56089546910049,30.272723709132812],[31.56089133235859,30.272727595976388],[31.560903355410343,30.27273726575978],[31.56090749215224,30.272733378916584]]]}},{"type":"Feature","properties":{"Electric_Facility_Type":"بيلر","Easting":"031° 33' 56.18\" E","Northing":"30° 16' 21.17\" N","Description":null,"ID":"11/2/2_5","sectors":"القطاع الاول","Implementing":"شركة الكتروالهانى","SHAPE_Length":4.975181492312666,"SHAPE_Area":1.2049008795082523,"__networkId":"electricity","__networkName":"شبكة الكهرباء","__layerId":"electricity_facilities","__layerName":"منشآت شبكة الكهرباء","__assetName":"منشآت الكهرباء","__geometryKind":"polygon","__featureIndex":261,"__length_m":4.98,"__area_m2":1.2,"__typeValue":"بيلر"},"geometry":{"type":"Polygon","coordinates":[[[31.56729036360571,30.272710475243947],[31.567286406526893,30.272706674515415],[31.567274228066577,30.272716196895598],[31.56727818694205,30.27271999762376],[31.56729036360571,30.272710475243947]]]}},{"type":"Feature","properties":{"Electric_Facility_Type":"بيلر","Easting":"031° 33' 21.32\" E","Northing":"30° 16' 21.4\" N","Description":null,"ID":"10/5/3_3","sectors":"القطاع الثالث","Implementing":"شركة الكتروالهانى","SHAPE_Length":5.019396695052109,"SHAPE_Area":1.2446090743111802,"__networkId":"electricity","__networkName":"شبكة الكهرباء","__layerId":"electricity_facilities","__layerName":"منشآت شبكة الكهرباء","__assetName":"منشآت الكهرباء","__geometryKind":"polygon","__featureIndex":262,"__length_m":5.02,"__area_m2":1.24,"__typeValue":"بيلر"},"geometry":{"type":"Polygon","coordinates":[[[31.557607936096204,30.272779962838374],[31.557596438558885,30.27276982291427],[31.557592099696073,30.27277354062795],[31.557603597233392,30.272783680551676],[31.557607936096204,30.272779962838374]]]}},{"type":"Feature","properties":{"Electric_Facility_Type":"بيلر","Easting":"031° 33' 58.11\" E","Northing":"30° 16' 21.3\" N","Description":null,"ID":"4/3/2_6","sectors":"القطاع الثاني","Implementing":"شركة الكتروالهانى","SHAPE_Length":4.976680734111689,"SHAPE_Area":1.2050516345978033,"__networkId":"electricity","__networkName":"شبكة الكهرباء","__layerId":"electricity_facilities","__layerName":"منشآت شبكة الكهرباء","__assetName":"منشآت الكهرباء","__geometryKind":"polygon","__featureIndex":263,"__length_m":4.98,"__area_m2":1.21,"__typeValue":"بيلر"},"geometry":{"type":"Polygon","coordinates":[[[31.567827259701573,30.27275427399411],[31.567816421527663,30.272743602632715],[31.56781199912152,30.272746996055982],[31.56782283729543,30.27275766896861],[31.567827259701573,30.27275427399411]]]}},{"type":"Feature","properties":{"Electric_Facility_Type":"بيلر","Easting":"031° 33' 16.43\" E","Northing":"30° 16' 21.48\" N","Description":null,"ID":"9/5/3_1","sectors":"القطاع الثالث","Implementing":"شركة الكتروالهانى","SHAPE_Length":5.020226428151164,"SHAPE_Area":1.244566887393316,"__networkId":"electricity","__networkName":"شبكة الكهرباء","__layerId":"electricity_facilities","__layerName":"منشآت شبكة الكهرباء","__assetName":"منشآت الكهرباء","__geometryKind":"polygon","__featureIndex":264,"__length_m":5.02,"__area_m2":1.24,"__typeValue":"بيلر"},"geometry":{"type":"Polygon","coordinates":[[[31.556248436525017,30.2727973426814],[31.55624376438722,30.272793943053415],[31.55623321457254,30.27280483086209],[31.556237885812013,30.272808231265596],[31.556248436525017,30.2727973426814]]]}},{"type":"Feature","properties":{"Electric_Facility_Type":"بيلر","Easting":"031° 33' 18.66\" E","Northing":"30° 16' 21.63\" N","Description":null,"ID":"10/5/3_1","sectors":"القطاع الثالث","Implementing":"شركة الكتروالهانى","SHAPE_Length":5.020354810726613,"SHAPE_Area":1.244691688193155,"__networkId":"electricity","__networkName":"شبكة الكهرباء","__layerId":"electricity_facilities","__layerName":"منشآت شبكة الكهرباء","__assetName":"منشآت الكهرباء","__geometryKind":"polygon","__featureIndex":265,"__length_m":5.02,"__area_m2":1.24,"__typeValue":"بيلر"},"geometry":{"type":"Polygon","coordinates":[[[31.55686719878767,30.272836595885824],[31.55686252664987,30.272833195483372],[31.556851975936855,30.272844083287694],[31.556856648074664,30.272847483689773],[31.55686719878767,30.272836595885824]]]}},{"type":"Feature","properties":{"Electric_Facility_Type":"بيلر","Easting":"031° 33' 51.87\" E","Northing":"30° 16' 21.55\" N","Description":null,"ID":"10/2/2_4","sectors":"القطاع الاول","Implementing":"شركة الكتروالهانى","SHAPE_Length":4.9766894708052405,"SHAPE_Area":1.2050159176647308,"__networkId":"electricity","__networkName":"شبكة الكهرباء","__layerId":"electricity_facilities","__layerName":"منشآت شبكة الكهرباء","__assetName":"منشآت الكهرباء","__geometryKind":"polygon","__featureIndex":266,"__length_m":4.98,"__area_m2":1.21,"__typeValue":"بيلر"},"geometry":{"type":"Polygon","coordinates":[[[31.566093858851236,30.272822953156954],[31.566083020677322,30.272812281027253],[31.56607859827118,30.272815674448086],[31.56608943644509,30.27282634735325],[31.566093858851236,30.272822953156954]]]}},{"type":"Feature","properties":{"Electric_Facility_Type":"بيلر","Easting":"031° 33' 45.58\" E","Northing":"30° 16' 21.59\" N","Description":null,"ID":"3/1/2_5","sectors":"القطاع الاول","Implementing":"شركة الكتروالهانى","SHAPE_Length":4.546734144020097,"SHAPE_Area":1.0247521245663362,"__networkId":"electricity","__networkName":"شبكة الكهرباء","__layerId":"electricity_facilities","__layerName":"منشآت شبكة الكهرباء","__assetName":"منشآت الكهرباء","__geometryKind":"polygon","__featureIndex":267,"__length_m":4.55,"__area_m2":1.02,"__typeValue":"بيلر"},"geometry":{"type":"Polygon","coordinates":[[[31.564344410496677,30.272825984271265],[31.564340249500262,30.27282279023554],[31.56433041833779,30.272832408029856],[31.56433457843588,30.272835602065268],[31.564344410496677,30.272825984271265]]]}},{"type":"Feature","properties":{"Electric_Facility_Type":"بيلر","Easting":"031° 33' 42.24\" E","Northing":"30° 16' 21.71\" N","Description":null,"ID":"3/1/2_3","sectors":"القطاع الاول","Implementing":"شركة الكتروالهانى","SHAPE_Length":4.546379016599872,"SHAPE_Area":1.0249114162023831,"__networkId":"electricity","__networkName":"شبكة الكهرباء","__layerId":"electricity_facilities","__layerName":"منشآت شبكة الكهرباء","__assetName":"منشآت الكهرباء","__geometryKind":"polygon","__featureIndex":268,"__length_m":4.55,"__area_m2":1.02,"__typeValue":"بيلر"},"geometry":{"type":"Polygon","coordinates":[[[31.563417875536206,30.272866935725354],[31.563407458672167,30.272857795061274],[31.563403514169778,30.27286119003219],[31.563413931932114,30.272870332247553],[31.563417875536206,30.272866935725354]]]}},{"type":"Feature","properties":{"Electric_Facility_Type":"بيلر","Easting":"031° 33' 40.08\" E","Northing":"30° 16' 21.94\" N","Description":null,"ID":"5/1/2_4","sectors":"القطاع الاول","Implementing":"شركة الكتروالهانى","SHAPE_Length":4.976515105228284,"SHAPE_Area":1.2049312288351697,"__networkId":"electricity","__networkName":"شبكة الكهرباء","__layerId":"electricity_facilities","__layerName":"منشآت شبكة الكهرباء","__assetName":"منشآت الكهرباء","__geometryKind":"polygon","__featureIndex":269,"__length_m":4.98,"__area_m2":1.2,"__typeValue":"بيلر"},"geometry":{"type":"Polygon","coordinates":[[[31.562819070245908,30.272925023376708],[31.562814671195955,30.27292160746097],[31.562803722529296,30.272932195014974],[31.562808121579252,30.27293561093029],[31.562819070245908,30.272925023376708]]]}},{"type":"Feature","properties":{"Electric_Facility_Type":"بيلر","Easting":"031° 33' 9.45\" E","Northing":"30° 16' 22.16\" N","Description":null,"ID":"7/5/3_3","sectors":"القطاع الثالث","Implementing":"شركة الكتروالهانى","SHAPE_Length":5.016228786923576,"SHAPE_Area":1.2443961557438636,"__networkId":"electricity","__networkName":"شبكة الكهرباء","__layerId":"electricity_facilities","__layerName":"منشآت شبكة الكهرباء","__assetName":"منشآت الكهرباء","__geometryKind":"polygon","__featureIndex":270,"__length_m":5.02,"__area_m2":1.24,"__typeValue":"بيلر"},"geometry":{"type":"Polygon","coordinates":[[[31.554311196258602,30.27298766657947],[31.554308120427073,30.272983098580607],[31.55429395669001,30.272990259353207],[31.554297032521536,30.272994827351734],[31.554311196258602,30.27298766657947]]]}},{"type":"Feature","properties":{"Electric_Facility_Type":"بيلر","Easting":"031° 33' 28.48\" E","Northing":"30° 16' 22.34\" N","Description":null,"ID":"2/1/3_3","sectors":"القطاع الثالث","Implementing":"شركة الكتروالهانى","SHAPE_Length":5.020226463069894,"SHAPE_Area":1.24464785565371,"__networkId":"electricity","__networkName":"شبكة الكهرباء","__layerId":"electricity_facilities","__layerName":"منشآت شبكة الكهرباء","__assetName":"منشآت الكهرباء","__geometryKind":"polygon","__featureIndex":271,"__length_m":5.02,"__area_m2":1.24,"__typeValue":"بيلر"},"geometry":{"type":"Polygon","coordinates":[[[31.55959471216233,30.273035090587836],[31.55959004002453,30.273031690968075],[31.559579490209853,30.273042577974557],[31.559584162347623,30.273045979145596],[31.55959471216233,30.273035090587836]]]}},{"type":"Feature","properties":{"Electric_Facility_Type":"بيلر","Easting":"031° 33' 17.59\" E","Northing":"30° 16' 22.41\" N","Description":null,"ID":"1/5/3_5","sectors":"القطاع الثالث","Implementing":"شركة الكتروالهانى","SHAPE_Length":5.018134593483857,"SHAPE_Area":1.2445949913581258,"__networkId":"electricity","__networkName":"شبكة الكهرباء","__layerId":"electricity_facilities","__layerName":"منشآت شبكة الكهرباء","__assetName":"منشآت الكهرباء","__geometryKind":"polygon","__featureIndex":272,"__length_m":5.02,"__area_m2":1.24,"__typeValue":"بيلر"},"geometry":{"type":"Polygon","coordinates":[[[31.55657088949121,30.273060002768386],[31.55655819809285,30.27305099944141],[31.556554347015222,30.27305510194846],[31.556567038413586,30.273064105275015],[31.55657088949121,30.273060002768386]]]}},{"type":"Feature","properties":{"Electric_Facility_Type":"بيلر","Easting":"031° 34' 6.39\" E","Northing":"30° 16' 22.31\" N","Description":null,"ID":"6/3/2_4","sectors":"القطاع الثاني","Implementing":"شركة الكتروالهانى","SHAPE_Length":5.017452284714606,"SHAPE_Area":1.2446131989798723,"__networkId":"electricity","__networkName":"شبكة الكهرباء","__layerId":"electricity_facilities","__layerName":"منشآت شبكة الكهرباء","__assetName":"منشآت الكهرباء","__geometryKind":"polygon","__featureIndex":273,"__length_m":5.02,"__area_m2":1.24,"__typeValue":"بيلر"},"geometry":{"type":"Polygon","coordinates":[[[31.57012597395347,30.27302904544007],[31.57012240494683,30.27302475440893],[31.570109099999183,30.27303306260837],[31.57011266720916,30.273037353639072],[31.57012597395347,30.27302904544007]]]}},{"type":"Feature","properties":{"Electric_Facility_Type":"بيلر","Easting":"031° 33' 42.16\" E","Northing":"30° 16' 22.53\" N","Description":null,"ID":"3/1/2_1","sectors":"القطاع الاول","Implementing":"شركة الكتروالهانى","SHAPE_Length":4.546051441070396,"SHAPE_Area":1.0245111782177507,"__networkId":"electricity","__networkName":"شبكة الكهرباء","__layerId":"electricity_facilities","__layerName":"منشآت شبكة الكهرباء","__assetName":"منشآت الكهرباء","__geometryKind":"polygon","__featureIndex":274,"__length_m":4.55,"__area_m2":1.02,"__typeValue":"بيلر"},"geometry":{"type":"Polygon","coordinates":[[[31.56339445196519,30.273088492997765],[31.563390287375512,30.273085303625486],[31.563380469687765,30.27309492837641],[31.563384634277448,30.273098118524196],[31.56339445196519,30.273088492997765]]]}},{"type":"Feature","properties":{"Electric_Facility_Type":"بيلر","Easting":"031° 34' 1.51\" E","Northing":"30° 16' 22.5\" N","Description":null,"ID":"3/3/2_3","sectors":"القطاع الثاني","Implementing":"شركة الكتروالهانى","SHAPE_Length":5.017527860849591,"SHAPE_Area":1.2445785485731755,"__networkId":"electricity","__networkName":"شبكة الكهرباء","__layerId":"electricity_facilities","__layerName":"منشآت شبكة الكهرباء","__assetName":"منشآت الكهرباء","__geometryKind":"polygon","__featureIndex":275,"__length_m":5.02,"__area_m2":1.24,"__typeValue":"بيلر"},"geometry":{"type":"Polygon","coordinates":[[[31.56877104590874,30.27308030738167],[31.56876744815603,30.27307603497235],[31.568754199802207,30.27308441299075],[31.568757797554948,30.273088684623875],[31.56877104590874,30.27308030738167]]]}},{"type":"Feature","properties":{"Electric_Facility_Type":"بيلر","Easting":"031° 33' 31.37\" E","Northing":"30° 16' 22.7\" N","Description":null,"ID":"2/1/3_4","sectors":"القطاع الثالث","Implementing":"شركة الكتروالهانى","SHAPE_Length":4.9766488524497525,"SHAPE_Area":1.20505311253865,"__networkId":"electricity","__networkName":"شبكة الكهرباء","__layerId":"electricity_facilities","__layerName":"منشآت شبكة الكهرباء","__assetName":"منشآت الكهرباء","__geometryKind":"polygon","__featureIndex":276,"__length_m":4.98,"__area_m2":1.21,"__typeValue":"بيلر"},"geometry":{"type":"Polygon","coordinates":[[[31.56039937448482,30.273134795906394],[31.56039497543487,30.273131379997956],[31.56038402676818,30.273141966753503],[31.56038842581813,30.27314538421317],[31.56039937448482,30.273134795906394]]]}},{"type":"Feature","properties":{"Electric_Facility_Type":"بيلر","Easting":"031° 33' 23.05\" E","Northing":"30° 16' 22.77\" N","Description":null,"ID":"10/5/3_4","sectors":"القطاع الثالث","Implementing":"شركة الكتروالهانى","SHAPE_Length":5.016937317510923,"SHAPE_Area":1.2446027111428388,"__networkId":"electricity","__networkName":"شبكة الكهرباء","__layerId":"electricity_facilities","__layerName":"منشآت شبكة الكهرباء","__assetName":"منشآت الكهرباء","__geometryKind":"polygon","__featureIndex":277,"__length_m":5.02,"__area_m2":1.24,"__typeValue":"بيلر"},"geometry":{"type":"Polygon","coordinates":[[[31.55808879528467,30.27315885001173],[31.558074983687163,30.273151188075783],[31.558071708429647,30.27315565133199],[31.558085520027117,30.273163313267588],[31.55808879528467,30.27315885001173]]]}},{"type":"Feature","properties":{"Electric_Facility_Type":"بيلر","Easting":"031° 33' 46.14\" E","Northing":"30° 16' 22.67\" N","Description":null,"ID":"3/1/2_2","sectors":"القطاع الاول","Implementing":"شركة الكتروالهانى","SHAPE_Length":4.545936167683637,"SHAPE_Area":1.0244119019154323,"__networkId":"electricity","__networkName":"شبكة الكهرباء","__layerId":"electricity_facilities","__layerName":"منشآت شبكة الكهرباء","__assetName":"منشآت الكهرباء","__geometryKind":"polygon","__featureIndex":278,"__length_m":4.55,"__area_m2":1.02,"__typeValue":"بيلر"},"geometry":{"type":"Polygon","coordinates":[[[31.564501693824813,30.273128188299655],[31.56449752833684,30.273124999704496],[31.564487711547425,30.273134625227353],[31.56449187613707,30.273137813822196],[31.564501693824813,30.273128188299655]]]}},{"type":"Feature","properties":{"Electric_Facility_Type":"بيلر","Easting":"031° 33' 38.97\" E","Northing":"30° 16' 23.03\" N","Description":null,"ID":"5/1/2_3","sectors":"القطاع الاول","Implementing":"شركة الكتروالهانى","SHAPE_Length":5.019120671177295,"SHAPE_Area":1.2445520352705186,"__networkId":"electricity","__networkName":"شبكة الكهرباء","__layerId":"electricity_facilities","__layerName":"منشآت شبكة الكهرباء","__assetName":"منشآت الكهرباء","__geometryKind":"polygon","__featureIndex":279,"__length_m":5.02,"__area_m2":1.24,"__typeValue":"بيلر"},"geometry":{"type":"Polygon","coordinates":[[[31.562510288740047,30.273227621213262],[31.5625060010812,30.273223858519597],[31.562494331965667,30.27323385021654],[31.562498619624513,30.27323761135817],[31.562510288740047,30.273227621213262]]]}},{"type":"Feature","properties":{"Electric_Facility_Type":"بيلر","Easting":"031° 33' 34.43\" E","Northing":"30° 16' 23.17\" N","Description":null,"ID":"6/1/2_5","sectors":"القطاع الاول","Implementing":"شركة الكتروالهانى","SHAPE_Length":5.019120184474932,"SHAPE_Area":1.2445518568848413,"__networkId":"electricity","__networkName":"شبكة الكهرباء","__layerId":"electricity_facilities","__layerName":"منشآت شبكة الكهرباء","__assetName":"منشآت الكهرباء","__geometryKind":"polygon","__featureIndex":280,"__length_m":5.02,"__area_m2":1.24,"__typeValue":"بيلر"},"geometry":{"type":"Polygon","coordinates":[[[31.561249682003528,30.27326507358407],[31.561245393446345,30.273261312443438],[31.56123372433082,30.273271302584977],[31.561238011989666,30.273275064500986],[31.561249682003528,30.27326507358407]]]}},{"type":"Feature","properties":{"Electric_Facility_Type":"بيلر","Easting":"031° 33' 50.46\" E","Northing":"30° 16' 23.12\" N","Description":null,"ID":"1/2/2_3","sectors":"القطاع الاول","Implementing":"شركة الكتروالهانى","SHAPE_Length":5.101747922912721,"SHAPE_Area":1.290275702559504,"__networkId":"electricity","__networkName":"شبكة الكهرباء","__layerId":"electricity_facilities","__layerName":"منشآت شبكة الكهرباء","__assetName":"منشآت الكهرباء","__geometryKind":"polygon","__featureIndex":281,"__length_m":5.1,"__area_m2":1.29,"__typeValue":"بيلر"},"geometry":{"type":"Polygon","coordinates":[[[31.565700025752584,30.2732590044002],[31.565690093080473,30.27324744401208],[31.565685097549185,30.273250684582738],[31.565695031119585,30.273262243418884],[31.565700025752584,30.2732590044002]]]}},{"type":"Feature","properties":{"Electric_Facility_Type":"بيلر","Easting":"031° 33' 48.61\" E","Northing":"30° 16' 23.18\" N","Description":null,"ID":"1/2/2_2","sectors":"القطاع الاول","Implementing":"شركة الكتروالهانى","SHAPE_Length":5.102940686669784,"SHAPE_Area":1.2911228723647865,"__networkId":"electricity","__networkName":"شبكة الكهرباء","__layerId":"electricity_facilities","__layerName":"منشآت شبكة الكهرباء","__assetName":"منشآت الكهرباء","__geometryKind":"polygon","__featureIndex":282,"__length_m":5.1,"__area_m2":1.29,"__typeValue":"بيلر"},"geometry":{"type":"Polygon","coordinates":[[[31.565187350033423,30.27326964001821],[31.565182883609822,30.273265864137297],[31.56517126569826,30.273276188653643],[31.565175732121826,30.273279964534105],[31.565187350033423,30.27326964001821]]]}},{"type":"Feature","properties":{"Electric_Facility_Type":"بيلر","Easting":"031° 33' 58.32\" E","Northing":"30° 16' 23.27\" N","Description":null,"ID":"3/3/2_1","sectors":"القطاع الاول","Implementing":"شركة الكتروالهانى","SHAPE_Length":4.975457205434957,"SHAPE_Area":1.2050347517743856,"__networkId":"electricity","__networkName":"شبكة الكهرباء","__layerId":"electricity_facilities","__layerName":"منشآت شبكة الكهرباء","__assetName":"منشآت الكهرباء","__geometryKind":"polygon","__featureIndex":283,"__length_m":4.98,"__area_m2":1.21,"__typeValue":"بيلر"},"geometry":{"type":"Polygon","coordinates":[[[31.56788432607832,30.27329271579079],[31.567880368101175,30.273288914308978],[31.567868190539187,30.27329843818433],[31.567872148516336,30.273302238889944],[31.56788432607832,30.27329271579079]]]}},{"type":"Feature","properties":{"Electric_Facility_Type":"بيلر","Easting":"031° 33' 24.55\" E","Northing":"30° 16' 23.41\" N","Description":null,"ID":"10/5/3_5","sectors":"القطاع الثالث","Implementing":"شركة الكتروالهانى","SHAPE_Length":5.0202136898028495,"SHAPE_Area":1.2446069578438113,"__networkId":"electricity","__networkName":"شبكة الكهرباء","__layerId":"electricity_facilities","__layerName":"منشآت شبكة الكهرباء","__assetName":"منشآت الكهرباء","__geometryKind":"polygon","__featureIndex":284,"__length_m":5.02,"__area_m2":1.24,"__typeValue":"بيلر"},"geometry":{"type":"Polygon","coordinates":[[[31.55850355284121,30.273333103034627],[31.55849888070344,30.273329702649363],[31.558488329990432,30.27334059039861],[31.558493002128202,30.273343990007724],[31.55850355284121,30.273333103034627]]]}},{"type":"Feature","properties":{"Electric_Facility_Type":"بيلر","Easting":"031° 33' 7.53\" E","Northing":"30° 16' 23.54\" N","Description":null,"ID":"7/5/3_5","sectors":"القطاع الثالث","Implementing":"شركة الكتروالهانى","SHAPE_Length":5.016365264003783,"SHAPE_Area":1.2445501683507953,"__networkId":"electricity","__networkName":"شبكة الكهرباء","__layerId":"electricity_facilities","__layerName":"منشآت شبكة الكهرباء","__assetName":"منشآت الكهرباء","__geometryKind":"polygon","__featureIndex":285,"__length_m":5.02,"__area_m2":1.24,"__typeValue":"بيلر"},"geometry":{"type":"Polygon","coordinates":[[[31.553778272512933,30.27337049252438],[31.553775195783075,30.273365924543345],[31.553761032046005,30.273373084512194],[31.55376410877587,30.27337765326872],[31.553778272512933,30.27337049252438]]]}},{"type":"Feature","properties":{"Electric_Facility_Type":"بيلر","Easting":"031° 33' 53.11\" E","Northing":"30° 16' 23.52\" N","Description":null,"ID":"10/2/2_5","sectors":"القطاع الاول","Implementing":"شركة الكتروالهانى","SHAPE_Length":4.9754711905512625,"SHAPE_Area":1.2051223052754128,"__networkId":"electricity","__networkName":"شبكة الكهرباء","__layerId":"electricity_facilities","__layerName":"منشآت شبكة الكهرباء","__assetName":"منشآت الكهرباء","__geometryKind":"polygon","__featureIndex":286,"__length_m":4.98,"__area_m2":1.21,"__typeValue":"بيلر"},"geometry":{"type":"Polygon","coordinates":[[[31.566438480441995,30.273362202973036],[31.566434521566553,30.273358401493905],[31.566422344004565,30.273367923810923],[31.566426301981682,30.27337172528962],[31.566438480441995,30.273362202973036]]]}},{"type":"Feature","properties":{"Electric_Facility_Type":"بيلر","Easting":"031° 33' 40.35\" E","Northing":"30° 16' 23.63\" N","Description":null,"ID":"4/1/2_1","sectors":"القطاع الاول","Implementing":"شركة الكتروالهانى","SHAPE_Length":5.018519994764121,"SHAPE_Area":1.2444745264249626,"__networkId":"electricity","__networkName":"شبكة الكهرباء","__layerId":"electricity_facilities","__layerName":"منشآت شبكة الكهرباء","__assetName":"منشآت الكهرباء","__geometryKind":"polygon","__featureIndex":287,"__length_m":5.02,"__area_m2":1.24,"__typeValue":"بيلر"},"geometry":{"type":"Polygon","coordinates":[[[31.56289246170631,30.27340063048783],[31.562880263483088,30.273391127569326],[31.56287619770809,30.273395070244952],[31.562888395931342,30.27340457316307],[31.56289246170631,30.27340063048783]]]}},{"type":"Feature","properties":{"Electric_Facility_Type":"بيلر","Easting":"031° 33' 35.66\" E","Northing":"30° 16' 23.68\" N","Description":null,"ID":"6/1/2_6","sectors":"القطاع الاول","Implementing":"شركة الكتروالهانى","SHAPE_Length":5.0192618400664575,"SHAPE_Area":1.2446406750726595,"__networkId":"electricity","__networkName":"شبكة الكهرباء","__layerId":"electricity_facilities","__layerName":"منشآت شبكة الكهرباء","__assetName":"منشآت الكهرباء","__geometryKind":"polygon","__featureIndex":288,"__length_m":5.02,"__area_m2":1.24,"__typeValue":"بيلر"},"geometry":{"type":"Polygon","coordinates":[[[31.56159104270982,30.273408369985514],[31.561586755050943,30.273404608074614],[31.56157508503708,30.273414598977332],[31.561579373594256,30.27341836088784],[31.56159104270982,30.273408369985514]]]}},{"type":"Feature","properties":{"Electric_Facility_Type":"بيلر","Easting":"031° 33' 42.05\" E","Northing":"30° 16' 24.28\" N","Description":null,"ID":"4/1/2_2","sectors":"القطاع الاول","Implementing":"شركة الكتروالهانى","SHAPE_Length":4.974793908852476,"SHAPE_Area":1.2049483351087458,"__networkId":"electricity","__networkName":"شبكة الكهرباء","__layerId":"electricity_facilities","__layerName":"منشآت شبكة الكهرباء","__assetName":"منشآت الكهرباء","__geometryKind":"polygon","__featureIndex":289,"__length_m":4.97,"__area_m2":1.2,"__typeValue":"بيلر"},"geometry":{"type":"Polygon","coordinates":[[[31.563351900566815,30.27357099239246],[31.56334817166006,30.273574963765807],[31.56336086036343,30.273583970147904],[31.56336458927018,30.27357999877498],[31.563351900566815,30.27357099239246]]]}},{"type":"Feature","properties":{"Electric_Facility_Type":"بيلر","Easting":"031° 34' 9.67\" E","Northing":"30° 16' 23.73\" N","Description":null,"ID":"6/3/2_5","sectors":"القطاع الثاني","Implementing":"شركة الكتروالهانى","SHAPE_Length":5.018657093421848,"SHAPE_Area":1.2446569450064777,"__networkId":"electricity","__networkName":"شبكة الكهرباء","__layerId":"electricity_facilities","__layerName":"منشآت شبكة الكهرباء","__assetName":"منشآت الكهرباء","__geometryKind":"polygon","__featureIndex":290,"__length_m":5.02,"__area_m2":1.24,"__typeValue":"بيلر"},"geometry":{"type":"Polygon","coordinates":[[[31.571037843018594,30.27342720126068],[31.571025510946374,30.273417828681097],[31.57102150176526,30.273421815576846],[31.57103383383748,30.273431188156042],[31.571037843018594,30.27342720126068]]]}},{"type":"Feature","properties":{"Electric_Facility_Type":"بيلر","Easting":"031° 33' 32.91\" E","Northing":"30° 16' 23.89\" N","Description":null,"ID":"2/1/3_5","sectors":"القطاع الثالث","Implementing":"شركة الكتروالهانى","SHAPE_Length":4.976774356092464,"SHAPE_Area":1.2051336122606837,"__networkId":"electricity","__networkName":"شبكة الكهرباء","__layerId":"electricity_facilities","__layerName":"منشآت شبكة الكهرباء","__assetName":"منشآت الكهرباء","__geometryKind":"polygon","__featureIndex":291,"__length_m":4.98,"__area_m2":1.21,"__typeValue":"بيلر"},"geometry":{"type":"Polygon","coordinates":[[[31.560825461593755,30.27346687392708],[31.560821062543805,30.27346345725437],[31.560810112978817,30.273474043974105],[31.560814512028774,30.27347746142221],[31.560825461593755,30.27346687392708]]]}},{"type":"Feature","properties":{"Electric_Facility_Type":"بيلر","Easting":"031° 33' 16.31\" E","Northing":"30° 16' 24.26\" N","Description":null,"ID":"1/5/3_4","sectors":"القطاع الثالث","Implementing":"شركة الكتروالهانى","SHAPE_Length":5.024407695359965,"SHAPE_Area":1.2446071079199579,"__networkId":"electricity","__networkName":"شبكة الكهرباء","__layerId":"electricity_facilities","__layerName":"منشآت شبكة الكهرباء","__assetName":"منشآت الكهرباء","__geometryKind":"polygon","__featureIndex":292,"__length_m":5.02,"__area_m2":1.24,"__typeValue":"بيلر"},"geometry":{"type":"Polygon","coordinates":[[[31.556211526546612,30.273579133746452],[31.55620779314831,30.27356528087617],[31.556201858877515,30.273566493467886],[31.556205591377527,30.273580346338],[31.556211526546612,30.273579133746452]]]}},{"type":"Feature","properties":{"Electric_Facility_Type":"بيلر","Easting":"031° 34' 6.92\" E","Northing":"30° 16' 24.09\" N","Description":null,"ID":"6/3/2_3","sectors":"القطاع الثاني","Implementing":"شركة الكتروالهانى","SHAPE_Length":5.018647671139104,"SHAPE_Area":1.2446106294504553,"__networkId":"electricity","__networkName":"شبكة الكهرباء","__layerId":"electricity_facilities","__layerName":"منشآت شبكة الكهرباء","__assetName":"منشآت الكهرباء","__geometryKind":"polygon","__featureIndex":293,"__length_m":5.02,"__area_m2":1.24,"__typeValue":"بيلر"},"geometry":{"type":"Polygon","coordinates":[[[31.57027492361073,30.273528376342256],[31.570262591538505,30.27351900299652],[31.570258582357397,30.273522989888207],[31.570270914429617,30.273532362457743],[31.57027492361073,30.273528376342256]]]}},{"type":"Feature","properties":{"Electric_Facility_Type":"بيلر","Easting":"031° 34' 3.19\" E","Northing":"30° 16' 24.16\" N","Description":null,"ID":"3/3/2_4","sectors":"القطاع الثاني","Implementing":"شركة الكتروالهانى","SHAPE_Length":5.017506067339095,"SHAPE_Area":1.244524836666053,"__networkId":"electricity","__networkName":"شبكة الكهرباء","__layerId":"electricity_facilities","__layerName":"منشآت شبكة الكهرباء","__assetName":"منشآت الكهرباء","__geometryKind":"polygon","__featureIndex":294,"__length_m":5.02,"__area_m2":1.24,"__typeValue":"بيلر"},"geometry":{"type":"Polygon","coordinates":[[[31.569237795259028,30.27354109032776],[31.569234197506283,30.273536818714327],[31.56922094915249,30.273545196693334],[31.5692245469052,30.273549468306467],[31.569237795259028,30.27354109032776]]]}},{"type":"Feature","properties":{"Electric_Facility_Type":"بيلر","Easting":"031° 33' 58.69\" E","Northing":"30° 16' 24.41\" N","Description":null,"ID":"5/3/2_5","sectors":"القطاع الاول","Implementing":"شركة الكتروالهانى","SHAPE_Length":4.97668067453576,"SHAPE_Area":1.2049690122858863,"__networkId":"electricity","__networkName":"شبكة الكهرباء","__layerId":"electricity_facilities","__layerName":"منشآت شبكة الكهرباء","__assetName":"منشآت الكهرباء","__geometryKind":"polygon","__featureIndex":295,"__length_m":4.98,"__area_m2":1.2,"__typeValue":"بيلر"},"geometry":{"type":"Polygon","coordinates":[[[31.567986521119987,30.27361685906827],[31.567975682047773,30.273606186248998],[31.567971260539927,30.27360958041821],[31.567982098713845,30.27362025246128],[31.567986521119987,30.27361685906827]]]}},{"type":"Feature","properties":{"Electric_Facility_Type":"بيلر","Easting":"031° 33' 8.28\" E","Northing":"30° 16' 24.73\" N","Description":null,"ID":"7/5/3_4","sectors":"القطاع الثالث","Implementing":"شركة الكتروالهانى","SHAPE_Length":5.022272307678856,"SHAPE_Area":1.244603441839782,"__networkId":"electricity","__networkName":"شبكة الكهرباء","__layerId":"electricity_facilities","__layerName":"منشآت شبكة الكهرباء","__assetName":"منشآت الكهرباء","__geometryKind":"polygon","__featureIndex":296,"__length_m":5.02,"__area_m2":1.24,"__typeValue":"بيلر"},"geometry":{"type":"Polygon","coordinates":[[[31.553982361660665,30.27370843409044],[31.553974367552932,30.273696014158382],[31.55396904952645,30.273698602258534],[31.553977043634188,30.273711022190263],[31.553982361660665,30.27370843409044]]]}},{"type":"Feature","properties":{"Electric_Facility_Type":"بيلر","Easting":"031° 33' 17.74\" E","Northing":"30° 16' 24.85\" N","Description":null,"ID":"1/5/3_3","sectors":"القطاع الثالث","Implementing":"شركة الكتروالهانى","SHAPE_Length":5.020061250029219,"SHAPE_Area":1.2444592655714606,"__networkId":"electricity","__networkName":"شبكة الكهرباء","__layerId":"electricity_facilities","__layerName":"منشآت شبكة الكهرباء","__assetName":"منشآت الكهرباء","__geometryKind":"polygon","__featureIndex":297,"__length_m":5.02,"__area_m2":1.24,"__typeValue":"بيلر"},"geometry":{"type":"Polygon","coordinates":[[[31.5566129728673,30.273732391079044],[31.556608301627826,30.273728990707557],[31.55659775181315,30.273739878412563],[31.556602422154292,30.273743278783616],[31.5566129728673,30.273732391079044]]]}},{"type":"Feature","properties":{"Electric_Facility_Type":"بيلر","Easting":"031° 33' 50.46\" E","Northing":"30° 16' 24.89\" N","Description":null,"ID":"1/2/2_5","sectors":"القطاع الاول","Implementing":"شركة الكتروالهانى","SHAPE_Length":5.101707752180222,"SHAPE_Area":1.2911193019148781,"__networkId":"electricity","__networkName":"شبكة الكهرباء","__layerId":"electricity_facilities","__layerName":"منشآت شبكة الكهرباء","__assetName":"منشآت الكهرباء","__geometryKind":"polygon","__featureIndex":298,"__length_m":5.1,"__area_m2":1.29,"__typeValue":"بيلر"},"geometry":{"type":"Polygon","coordinates":[[[31.565701797230325,30.273745356400223],[31.565697850931276,30.27374116703144],[31.56568496190359,30.273750284338934],[31.56568890730431,30.27375447448316],[31.565701797230325,30.273745356400223]]]}},{"type":"Feature","properties":{"Electric_Facility_Type":"بيلر","Easting":"031° 33' 34.26\" E","Northing":"30° 16' 24.97\" N","Description":null,"ID":"2/1/3_6","sectors":"القطاع الثالث","Implementing":"شركة الكتروالهانى","SHAPE_Length":5.018746005041557,"SHAPE_Area":1.2445055992366612,"__networkId":"electricity","__networkName":"شبكة الكهرباء","__layerId":"electricity_facilities","__layerName":"منشآت شبكة الكهرباء","__assetName":"منشآت الكهرباء","__geometryKind":"polygon","__featureIndex":299,"__length_m":5.02,"__area_m2":1.24,"__typeValue":"بيلر"},"geometry":{"type":"Polygon","coordinates":[[[31.56120044624111,30.273771935613606],[31.561188423189357,30.273762265932152],[31.561184286447457,30.27376615273454],[31.56119630949925,30.273775822415676],[31.56120044624111,30.273771935613606]]]}},{"type":"Feature","properties":{"Electric_Facility_Type":"بيلر","Easting":"031° 33' 46.58\" E","Northing":"30° 16' 24.98\" N","Description":null,"ID":"1/2/2_1","sectors":"القطاع الاول","Implementing":"شركة الكتروالهانى","SHAPE_Length":4.5460688584299085,"SHAPE_Area":1.0245211922198063,"__networkId":"electricity","__networkName":"شبكة الكهرباء","__layerId":"electricity_facilities","__layerName":"منشآت شبكة الكهرباء","__assetName":"منشآت الكهرباء","__geometryKind":"polygon","__featureIndex":300,"__length_m":4.55,"__area_m2":1.02,"__typeValue":"بيلر"},"geometry":{"type":"Polygon","coordinates":[[[31.564622605265438,30.27376737153024],[31.564618440675762,30.273764182180027],[31.564608622988047,30.27377380764026],[31.564612788475987,30.273776996990165],[31.564622605265438,30.27376737153024]]]}},{"type":"Feature","properties":{"Electric_Facility_Type":"بيلر","Easting":"031° 34' 4.02\" E","Northing":"30° 16' 24.97\" N","Description":null,"ID":"6/3/2_2","sectors":"القطاع الثاني","Implementing":"شركة الكتروالهانى","SHAPE_Length":5.017366942205725,"SHAPE_Area":1.2445357048767294,"__networkId":"electricity","__networkName":"شبكة الكهرباء","__layerId":"electricity_facilities","__layerName":"منشآت شبكة الكهرباء","__assetName":"منشآت الكهرباء","__geometryKind":"polygon","__featureIndex":301,"__length_m":5.02,"__area_m2":1.24,"__typeValue":"بيلر"},"geometry":{"type":"Polygon","coordinates":[[[31.56947017774491,30.273766120150597],[31.56946658089053,30.27376184777113],[31.569453333435035,30.273770225731],[31.569456931187744,30.27377449811004],[31.56947017774491,30.273766120150597]]]}},{"type":"Feature","properties":{"Electric_Facility_Type":"بيلر","Easting":"031° 33' 52.52\" E","Northing":"30° 16' 25.09\" N","Description":null,"ID":"1/2/2_4","sectors":"القطاع الاول","Implementing":"شركة الكتروالهانى","SHAPE_Length":5.102765653782358,"SHAPE_Area":1.2907441298083466,"__networkId":"electricity","__networkName":"شبكة الكهرباء","__layerId":"electricity_facilities","__layerName":"منشآت شبكة الكهرباء","__assetName":"منشآت الكهرباء","__geometryKind":"polygon","__featureIndex":302,"__length_m":5.1,"__area_m2":1.29,"__typeValue":"بيلر"},"geometry":{"type":"Polygon","coordinates":[[[31.5662736126379,30.273804936963156],[31.566262875075328,30.273793922808608],[31.56625812119082,30.27379742403288],[31.566268858753425,30.273808438187093],[31.5662736126379,30.273804936963156]]]}},{"type":"Feature","properties":{"Electric_Facility_Type":"بيلر","Easting":"031° 33' 23.27\" E","Northing":"30° 16' 25.25\" N","Description":null,"ID":"1/2/3_2","sectors":"القطاع الثالث","Implementing":"شركة الكتروالهانى","SHAPE_Length":5.018795569600632,"SHAPE_Area":1.2446914036443246,"__networkId":"electricity","__networkName":"شبكة الكهرباء","__layerId":"electricity_facilities","__layerName":"منشآت شبكة الكهرباء","__assetName":"منشآت الكهرباء","__geometryKind":"polygon","__featureIndex":303,"__length_m":5.02,"__area_m2":1.24,"__typeValue":"بيلر"},"geometry":{"type":"Polygon","coordinates":[[[31.55814941090508,30.2738499966891],[31.55813721268183,30.273840493038282],[31.55813314690686,30.273844436471617],[31.558145344231786,30.27385394012206],[31.55814941090508,30.2738499966891]]]}},{"type":"Feature","properties":{"Electric_Facility_Type":"بيلر","Easting":"031° 34' 0.44\" E","Northing":"30° 16' 25.38\" N","Description":null,"ID":"5/3/2_4","sectors":"القطاع الاول","Implementing":"شركة الكتروالهانى","SHAPE_Length":4.975189206984599,"SHAPE_Area":1.2049505669407177,"__networkId":"electricity","__networkName":"شبكة الكهرباء","__layerId":"electricity_facilities","__layerName":"منشآت شبكة الكهرباء","__assetName":"منشآت الكهرباء","__geometryKind":"polygon","__featureIndex":304,"__length_m":4.98,"__area_m2":1.2,"__typeValue":"بيلر"},"geometry":{"type":"Polygon","coordinates":[[[31.568472907642356,30.273881053061928],[31.568468949665213,30.273877251602904],[31.568456773001554,30.273886773869584],[31.568460730080368,30.27389057532819],[31.568472907642356,30.273881053061928]]]}},{"type":"Feature","properties":{"Electric_Facility_Type":"بيلر","Easting":"031° 33' 38.39\" E","Northing":"30° 16' 25.51\" N","Description":null,"ID":"5/1/2_2","sectors":"القطاع الاول","Implementing":"شركة الكتروالهانى","SHAPE_Length":5.018795569600632,"SHAPE_Area":1.2446914036443246,"__networkId":"electricity","__networkName":"شبكة الكهرباء","__layerId":"electricity_facilities","__layerName":"منشآت شبكة الكهرباء","__assetName":"منشآت الكهرباء","__geometryKind":"polygon","__featureIndex":305,"__length_m":5.02,"__area_m2":1.24,"__typeValue":"بيلر"},"geometry":{"type":"Polygon","coordinates":[[[31.562348151814426,30.27392249748951],[31.562335953591173,30.273912993845705],[31.562331887816207,30.273916937276127],[31.56234408514113,30.273926440919553],[31.562348151814426,30.27392249748951]]]}},{"type":"Feature","properties":{"Electric_Facility_Type":"بيلر","Easting":"031° 33' 42.74\" E","Northing":"30° 16' 25.5\" N","Description":null,"ID":"4/1/2_3","sectors":"القطاع الاول","Implementing":"شركة الكتروالهانى","SHAPE_Length":5.01866165003376,"SHAPE_Area":1.2445650448777321,"__networkId":"electricity","__networkName":"شبكة الكهرباء","__layerId":"electricity_facilities","__layerName":"منشآت شبكة الكهرباء","__assetName":"منشآت الكهرباء","__geometryKind":"polygon","__featureIndex":306,"__length_m":5.02,"__area_m2":1.24,"__typeValue":"بيلر"},"geometry":{"type":"Polygon","coordinates":[[[31.563557435103807,30.27391912893274],[31.563545236880557,30.273909625288667],[31.563541171105594,30.273913568719227],[31.563553369328847,30.273923071587152],[31.563557435103807,30.27391912893274]]]}},{"type":"Feature","properties":{"Electric_Facility_Type":"بيلر","Easting":"031° 33' 55.25\" E","Northing":"30° 16' 25.62\" N","Description":null,"ID":"6/2/2_5","sectors":"القطاع الاول","Implementing":"شركة الكتروالهانى","SHAPE_Length":4.975478952823822,"SHAPE_Area":1.205089379290278,"__networkId":"electricity","__networkName":"شبكة الكهرباء","__layerId":"electricity_facilities","__layerName":"منشآت شبكة الكهرباء","__assetName":"منشآت الكهرباء","__geometryKind":"polygon","__featureIndex":307,"__length_m":4.98,"__area_m2":1.21,"__typeValue":"بيلر"},"geometry":{"type":"Polygon","coordinates":[[[31.567032185098107,30.273946255043324],[31.567028227120968,30.273942452811063],[31.56701604955898,30.273951975847176],[31.56702000663779,30.27395577730331],[31.567032185098107,30.273946255043324]]]}},{"type":"Feature","properties":{"Electric_Facility_Type":"بيلر","Easting":"031° 33' 22.28\" E","Northing":"30° 16' 26.09\" N","Description":null,"ID":"1/5/3_1","sectors":"القطاع الثالث","Implementing":"شركة الكتروالهانى","SHAPE_Length":5.020061260157066,"SHAPE_Area":1.2444592626897624,"__networkId":"electricity","__networkName":"شبكة الكهرباء","__layerId":"electricity_facilities","__layerName":"منشآت شبكة الكهرباء","__assetName":"منشآت الكهرباء","__geometryKind":"polygon","__featureIndex":308,"__length_m":5.02,"__area_m2":1.24,"__typeValue":"بيلر"},"geometry":{"type":"Polygon","coordinates":[[[31.557874326103843,30.274077613893887],[31.55786965486437,30.274074214310236],[31.557859105049655,30.274085101201084],[31.557863775390828,30.274088502335985],[31.557874326103843,30.274077613893887]]]}},{"type":"Feature","properties":{"Electric_Facility_Type":"بيلر","Easting":"031° 33' 56.47\" E","Northing":"30° 16' 26.09\" N","Description":null,"ID":"6/2/2_4","sectors":"القطاع الاول","Implementing":"شركة الكتروالهانى","SHAPE_Length":4.97682229724432,"SHAPE_Area":1.2050539563847662,"__networkId":"electricity","__networkName":"شبكة الكهرباء","__layerId":"electricity_facilities","__layerName":"منشآت شبكة الكهرباء","__assetName":"منشآت الكهرباء","__geometryKind":"polygon","__featureIndex":309,"__length_m":4.98,"__area_m2":1.21,"__typeValue":"بيلر"},"geometry":{"type":"Polygon","coordinates":[[[31.56737200160043,30.27408307944976],[31.567361162528215,30.274072405905418],[31.56735674102037,30.274075800834332],[31.567367579194286,30.274086472826717],[31.56737200160043,30.27408307944976]]]}},{"type":"Feature","properties":{"Electric_Facility_Type":"بيلر","Easting":"031° 33' 19.57\" E","Northing":"30° 16' 26.28\" N","Description":null,"ID":"1/5/3_2","sectors":"القطاع الثالث","Implementing":"شركة الكتروالهانى","SHAPE_Length":5.018134596817883,"SHAPE_Area":1.2445949893881925,"__networkId":"electricity","__networkName":"شبكة الكهرباء","__layerId":"electricity_facilities","__layerName":"منشآت شبكة الكهرباء","__assetName":"منشآت الكهرباء","__geometryKind":"polygon","__featureIndex":310,"__length_m":5.02,"__area_m2":1.24,"__typeValue":"بيلر"},"geometry":{"type":"Polygon","coordinates":[[[31.55712151992943,30.274134675213297],[31.55710882853111,30.274125671209127],[31.557104977453488,30.274129774447022],[31.55711766885181,30.27413877689924],[31.55712151992943,30.274134675213297]]]}},{"type":"Feature","properties":{"Electric_Facility_Type":"بيلر","Easting":"031° 33' 24.56\" E","Northing":"30° 16' 26.29\" N","Description":null,"ID":"1/2/3_1","sectors":"القطاع الثالث","Implementing":"شركة الكتروالهانى","SHAPE_Length":5.020226423136426,"SHAPE_Area":1.244566885595491,"__networkId":"electricity","__networkName":"شبكة الكهرباء","__layerId":"electricity_facilities","__layerName":"منشآت شبكة الكهرباء","__assetName":"منشآت الكهرباء","__geometryKind":"polygon","__featureIndex":311,"__length_m":5.02,"__area_m2":1.24,"__typeValue":"بيلر"},"geometry":{"type":"Polygon","coordinates":[[[31.558507110169753,30.27413164258781],[31.558502438930276,30.274128243006036],[31.55849188821727,30.274139130666708],[31.55849656035504,30.274142531023983],[31.558507110169753,30.27413164258781]]]}},{"type":"Feature","properties":{"Electric_Facility_Type":"بيلر","Easting":"031° 33' 35.93\" E","Northing":"30° 16' 26.27\" N","Description":null,"ID":"1/1/3_1","sectors":"القطاع الثالث","Implementing":"شركة الكتروالهانى","SHAPE_Length":4.9766488179615695,"SHAPE_Area":1.204970437860886,"__networkId":"electricity","__networkName":"شبكة الكهرباء","__layerId":"electricity_facilities","__layerName":"منشآت شبكة الكهرباء","__assetName":"منشآت الكهرباء","__geometryKind":"polygon","__featureIndex":312,"__length_m":4.98,"__area_m2":1.2,"__typeValue":"بيلر"},"geometry":{"type":"Polygon","coordinates":[[[31.561664793496327,30.27412582481872],[31.56166039534467,30.27412240894477],[31.561649445779683,30.274132996369243],[31.56165384482963,30.274136413018585],[31.561664793496327,30.27412582481872]]]}},{"type":"Feature","properties":{"Electric_Facility_Type":"بيلر","Easting":"031° 33' 38.52\" E","Northing":"30° 16' 26.35\" N","Description":null,"ID":"5/1/2_1","sectors":"القطاع الاول","Implementing":"شركة الكتروالهانى","SHAPE_Length":4.976640590200978,"SHAPE_Area":1.2049290387979066,"__networkId":"electricity","__networkName":"شبكة الكهرباء","__layerId":"electricity_facilities","__layerName":"منشآت شبكة الكهرباء","__assetName":"منشآت الكهرباء","__geometryKind":"polygon","__featureIndex":313,"__length_m":4.98,"__area_m2":1.2,"__typeValue":"بيلر"},"geometry":{"type":"Polygon","coordinates":[[[31.562385455254894,30.274147948476276],[31.562381057103273,30.274144532603085],[31.562370106639957,30.27415512002518],[31.562374505689906,30.274158535897936],[31.562385455254894,30.274147948476276]]]}},{"type":"Feature","properties":{"Electric_Facility_Type":"بيلر","Easting":"031° 34' 0.81\" E","Northing":"30° 16' 26.5\" N","Description":null,"ID":"5/3/2_3","sectors":"القطاع الاول","Implementing":"شركة الكتروالهانى","SHAPE_Length":4.976680712701697,"SHAPE_Area":1.2050516282692803,"__networkId":"electricity","__networkName":"شبكة الكهرباء","__layerId":"electricity_facilities","__layerName":"منشآت شبكة الكهرباء","__assetName":"منشآت الكهرباء","__geometryKind":"polygon","__featureIndex":314,"__length_m":4.98,"__area_m2":1.21,"__typeValue":"بيلر"},"geometry":{"type":"Polygon","coordinates":[[[31.568576516632287,30.27419761012273],[31.56856567845837,30.27418693814249],[31.568561256052227,30.274190332291628],[31.568572094226138,30.274201004271493],[31.568576516632287,30.27419761012273]]]}},{"type":"Feature","properties":{"Electric_Facility_Type":"بيلر","Easting":"031° 33' 13.66\" E","Northing":"30° 16' 26.8\" N","Description":null,"ID":"2/5/3_3","sectors":"القطاع الثالث","Implementing":"شركة الكتروالهانى","SHAPE_Length":5.0203670732724355,"SHAPE_Area":1.2446589739522325,"__networkId":"electricity","__networkName":"شبكة الكهرباء","__layerId":"electricity_facilities","__layerName":"منشآت شبكة الكهرباء","__assetName":"منشآت الكهرباء","__geometryKind":"polygon","__featureIndex":315,"__length_m":5.02,"__area_m2":1.24,"__typeValue":"بيلر"},"geometry":{"type":"Polygon","coordinates":[[[31.55547782214842,30.27427244739064],[31.555473150010616,30.274269047813675],[31.555462599297602,30.274279935458786],[31.55546727143541,30.274283335811134],[31.55547782214842,30.27427244739064]]]}},{"type":"Feature","properties":{"Electric_Facility_Type":"بيلر","Easting":"031° 34' 5.69\" E","Northing":"30° 16' 26.62\" N","Description":null,"ID":"6/3/2_1","sectors":"القطاع الثاني","Implementing":"شركة الكتروالهانى","SHAPE_Length":5.017506450748439,"SHAPE_Area":1.2446172472653485,"__networkId":"electricity","__networkName":"شبكة الكهرباء","__layerId":"electricity_facilities","__layerName":"منشآت شبكة الكهرباء","__assetName":"منشآت الكهرباء","__geometryKind":"polygon","__featureIndex":316,"__length_m":5.02,"__area_m2":1.24,"__typeValue":"بيلر"},"geometry":{"type":"Polygon","coordinates":[[[31.569933900671007,30.274225183795973],[31.569930302918266,30.274220911436494],[31.56991705546277,30.27422928935717],[31.56992065321551,30.274233561716287],[31.569933900671007,30.274225183795973]]]}},{"type":"Feature","properties":{"Electric_Facility_Type":"بيلر","Easting":"031° 33' 10.5\" E","Northing":"30° 16' 27.16\" N","Description":null,"ID":"2/5/3_2","sectors":"القطاع الثالث","Implementing":"شركة الكتروالهانى","SHAPE_Length":5.0203670732724355,"SHAPE_Area":1.2446589739522325,"__networkId":"electricity","__networkName":"شبكة الكهرباء","__layerId":"electricity_facilities","__layerName":"منشآت شبكة الكهرباء","__assetName":"منشآت الكهرباء","__geometryKind":"polygon","__featureIndex":317,"__length_m":5.02,"__area_m2":1.24,"__typeValue":"بيلر"},"geometry":{"type":"Polygon","coordinates":[[[31.554600622663372,30.27437323835374],[31.55459595052557,30.274369838004507],[31.55458539981256,30.274380726414197],[31.554590071950365,30.27438412598728],[31.554600622663372,30.27437323835374]]]}},{"type":"Feature","properties":{"Electric_Facility_Type":"بيلر","Easting":"031° 33' 44.8\" E","Northing":"30° 16' 27.1\" N","Description":null,"ID":"4/1/2_5","sectors":"القطاع الاول","Implementing":"شركة الكتروالهانى","SHAPE_Length":5.018519995052682,"SHAPE_Area":1.2444745250900047,"__networkId":"electricity","__networkName":"شبكة الكهرباء","__layerId":"electricity_facilities","__layerName":"منشآت شبكة الكهرباء","__assetName":"منشآت الكهرباء","__geometryKind":"polygon","__featureIndex":318,"__length_m":5.02,"__area_m2":1.24,"__typeValue":"بيلر"},"geometry":{"type":"Polygon","coordinates":[[[31.564128361179257,30.27436275258556],[31.564116162956005,30.274353249760203],[31.56411209718104,30.274357192397176],[31.564124295404294,30.27436669522215],[31.564128361179257,30.27436275258556]]]}},{"type":"Feature","properties":{"Electric_Facility_Type":"بيلر","Easting":"031° 33' 29.57\" E","Northing":"30° 16' 27.37\" N","Description":null,"ID":"1/2/3_3","sectors":"القطاع الثالث","Implementing":"شركة الكتروالهانى","SHAPE_Length":5.020250972636292,"SHAPE_Area":1.2445824326565933,"__networkId":"electricity","__networkName":"شبكة الكهرباء","__layerId":"electricity_facilities","__layerName":"منشآت شبكة الكهرباء","__assetName":"منشآت الكهرباء","__geometryKind":"polygon","__featureIndex":319,"__length_m":5.02,"__area_m2":1.24,"__typeValue":"بيلر"},"geometry":{"type":"Polygon","coordinates":[[[31.559899168280104,30.274431955841965],[31.5598944961423,30.27442855627059],[31.55988394632762,30.27443944467376],[31.55988861846543,30.27444284424482],[31.559899168280104,30.274431955841965]]]}},{"type":"Feature","properties":{"Electric_Facility_Type":"بيلر","Easting":"031° 33' 40.79\" E","Northing":"30° 16' 27.39\" N","Description":null,"ID":"4/1/2_4","sectors":"القطاع الاول","Implementing":"شركة الكتروالهانى","SHAPE_Length":5.018944990329216,"SHAPE_Area":1.2447460992774206,"__networkId":"electricity","__networkName":"شبكة الكهرباء","__layerId":"electricity_facilities","__layerName":"منشآت شبكة الكهرباء","__assetName":"منشآت الكهرباء","__geometryKind":"polygon","__featureIndex":320,"__length_m":5.02,"__area_m2":1.24,"__typeValue":"بيلر"},"geometry":{"type":"Polygon","coordinates":[[[31.56301582195438,30.27444371314472],[31.563003623731163,30.274434209551373],[31.562999557956168,30.27443815296092],[31.56301175617942,30.274447657329628],[31.56301582195438,30.27444371314472]]]}},{"type":"Feature","properties":{"Electric_Facility_Type":"بيلر","Easting":"031° 34' 2.6\" E","Northing":"30° 16' 27.46\" N","Description":null,"ID":"5/3/2_2","sectors":"القطاع الاول","Implementing":"شركة الكتروالهانى","SHAPE_Length":4.975598207240683,"SHAPE_Area":1.205120628228113,"__networkId":"electricity","__networkName":"شبكة الكهرباء","__layerId":"electricity_facilities","__layerName":"منشآت شبكة الكهرباء","__assetName":"منشآت الكهرباء","__geometryKind":"polygon","__featureIndex":321,"__length_m":4.98,"__area_m2":1.21,"__typeValue":"بيلر"},"geometry":{"type":"Polygon","coordinates":[[[31.56907391560174,30.274459233092493],[31.569069957624592,30.274455431655856],[31.56905777916428,30.27446495541803],[31.569061738039753,30.274468756078477],[31.56907391560174,30.274459233092493]]]}},{"type":"Feature","properties":{"Electric_Facility_Type":"بيلر","Easting":"031° 33' 26.28\" E","Northing":"30° 16' 27.64\" N","Description":null,"ID":"1/2/3_4","sectors":"القطاع الثالث","Implementing":"شركة الكتروالهانى","SHAPE_Length":5.0202386808646775,"SHAPE_Area":1.2445341702699504,"__networkId":"electricity","__networkName":"شبكة الكهرباء","__layerId":"electricity_facilities","__layerName":"منشآت شبكة الكهرباء","__assetName":"منشآت الكهرباء","__geometryKind":"polygon","__featureIndex":322,"__length_m":5.02,"__area_m2":1.24,"__typeValue":"بيلر"},"geometry":{"type":"Polygon","coordinates":[[[31.558983328661444,30.2745079721517],[31.55897865742193,30.274504572582963],[31.558968106708924,30.274515460977703],[31.558972778846726,30.274518860546124],[31.558983328661444,30.2745079721517]]]}},{"type":"Feature","properties":{"Electric_Facility_Type":"بيلر","Easting":"031° 33' 55.07\" E","Northing":"30° 16' 27.64\" N","Description":null,"ID":"7/2/2_4","sectors":"القطاع الاول","Implementing":"شركة الكتروالهانى","SHAPE_Length":5.282149759898393,"SHAPE_Area":1.3850676950835763,"__networkId":"electricity","__networkName":"شبكة الكهرباء","__layerId":"electricity_facilities","__layerName":"منشآت شبكة الكهرباء","__assetName":"منشآت الكهرباء","__geometryKind":"polygon","__featureIndex":323,"__length_m":5.28,"__area_m2":1.39,"__typeValue":"بيلر"},"geometry":{"type":"Polygon","coordinates":[[[31.566981706965677,30.27450871381937],[31.566977556749052,30.274504413543365],[31.566964360497522,30.274513998589207],[31.56696851071415,30.27451829886479],[31.566981706965677,30.27450871381937]]]}},{"type":"Feature","properties":{"Electric_Facility_Type":"بيلر","Easting":"031° 33' 14.47\" E","Northing":"30° 16' 27.95\" N","Description":null,"ID":"2/5/3_4","sectors":"القطاع الثالث","Implementing":"شركة الكتروالهانى","SHAPE_Length":5.0179649473092525,"SHAPE_Area":1.244485301197332,"__networkId":"electricity","__networkName":"شبكة الكهرباء","__layerId":"electricity_facilities","__layerName":"منشآت شبكة الكهرباء","__assetName":"منشآت الكهرباء","__geometryKind":"polygon","__featureIndex":324,"__length_m":5.02,"__area_m2":1.24,"__typeValue":"بيلر"},"geometry":{"type":"Polygon","coordinates":[[[31.555705903500733,30.274599335324275],[31.555693213000737,30.27459033213855],[31.55568936102478,30.274594433805444],[31.55570205242311,30.274603436990798],[31.555705903500733,30.274599335324275]]]}},{"type":"Feature","properties":{"Electric_Facility_Type":"بيلر","Easting":"031° 33' 58.31\" E","Northing":"30° 16' 27.86\" N","Description":null,"ID":"6/2/2_3","sectors":"القطاع الاول","Implementing":"شركة الكتروالهانى","SHAPE_Length":4.976962966507276,"SHAPE_Area":1.2051446098432237,"__networkId":"electricity","__networkName":"شبكة الكهرباء","__layerId":"electricity_facilities","__layerName":"منشآت شبكة الكهرباء","__assetName":"منشآت الكهرباء","__geometryKind":"polygon","__featureIndex":325,"__length_m":4.98,"__area_m2":1.21,"__typeValue":"بيلر"},"geometry":{"type":"Polygon","coordinates":[[[31.567880651070492,30.274576047289],[31.567869811998253,30.274565373798275],[31.56786538959211,30.274568768710132],[31.56787622866435,30.274579440648857],[31.567880651070492,30.274576047289]]]}},{"type":"Feature","properties":{"Electric_Facility_Type":"بيلر","Easting":"031° 33' 11.65\" E","Northing":"30° 16' 28.07\" N","Description":null,"ID":"2/5/3_1","sectors":"القطاع الثالث","Implementing":"شركة الكتروالهانى","SHAPE_Length":5.020354822486459,"SHAPE_Area":1.244691685755325,"__networkId":"electricity","__networkName":"شبكة الكهرباء","__layerId":"electricity_facilities","__layerName":"منشآت شبكة الكهرباء","__assetName":"منشآت الكهرباء","__geometryKind":"polygon","__featureIndex":326,"__length_m":5.02,"__area_m2":1.24,"__typeValue":"بيلر"},"geometry":{"type":"Polygon","coordinates":[[[31.554921141556747,30.274625455807385],[31.554916469418938,30.274622054691132],[31.55490591870593,30.274632943072834],[31.554910590843733,30.274636342637134],[31.554921141556747,30.274625455807385]]]}},{"type":"Feature","properties":{"Electric_Facility_Type":"بيلر","Easting":"031° 33' 32.15\" E","Northing":"30° 16' 28.02\" N","Description":null,"ID":"2/2/3_1","sectors":"القطاع الثالث","Implementing":"شركة الكتروالهانى","SHAPE_Length":5.02022641307914,"SHAPE_Area":1.2445668810808115,"__networkId":"electricity","__networkName":"شبكة الكهرباء","__layerId":"electricity_facilities","__layerName":"منشآت شبكة الكهرباء","__assetName":"منشآت الكهرباء","__geometryKind":"polygon","__featureIndex":327,"__length_m":5.02,"__area_m2":1.24,"__typeValue":"بيلر"},"geometry":{"type":"Polygon","coordinates":[[[31.56061410956696,30.27461210968362],[31.560609438327482,30.274608710118475],[31.560598887614475,30.27461959772586],[31.560603559752277,30.274622998066423],[31.56061410956696,30.27461210968362]]]}},{"type":"Feature","properties":{"Electric_Facility_Type":"بيلر","Easting":"031° 33' 52.0\" E","Northing":"30° 16' 28.09\" N","Description":null,"ID":"7/2/2_2","sectors":"القطاع الاول","Implementing":"شركة الكتروالهانى","SHAPE_Length":5.103080082537754,"SHAPE_Area":1.2911715413757703,"__networkId":"electricity","__networkName":"شبكة الكهرباء","__layerId":"electricity_facilities","__layerName":"منشآت شبكة الكهرباء","__assetName":"منشآت الكهرباء","__geometryKind":"polygon","__featureIndex":328,"__length_m":5.1,"__area_m2":1.29,"__typeValue":"بيلر"},"geometry":{"type":"Polygon","coordinates":[[[31.566130789490874,30.274631579212883],[31.5661263239656,30.274627803384423],[31.566114704257416,30.274638127757463],[31.566119171579317,30.27464190358558],[31.566130789490874,30.274631579212883]]]}},{"type":"Feature","properties":{"Electric_Facility_Type":"بيلر","Easting":"031° 33' 58.63\" E","Northing":"30° 16' 28.18\" N","Description":null,"ID":"6/2/2_2","sectors":"القطاع الاول","Implementing":"شركة الكتروالهانى","SHAPE_Length":4.976547874336943,"SHAPE_Area":1.2049309798947465,"__networkId":"electricity","__networkName":"شبكة الكهرباء","__layerId":"electricity_facilities","__layerName":"منشآت شبكة الكهرباء","__assetName":"منشآت الكهرباء","__geometryKind":"polygon","__featureIndex":329,"__length_m":4.98,"__area_m2":1.2,"__typeValue":"بيلر"},"geometry":{"type":"Polygon","coordinates":[[[31.567970158307087,30.274665290132052],[31.567959320133177,30.274654618202607],[31.56795489772703,30.274658011559747],[31.567965735900945,30.274668683488827],[31.567970158307087,30.274665290132052]]]}},{"type":"Feature","properties":{"Electric_Facility_Type":"بيلر","Easting":"031° 34' 2.62\" E","Northing":"30° 16' 28.28\" N","Description":null,"ID":"5/3/2_1","sectors":"القطاع الاول","Implementing":"شركة الكتروالهانى","SHAPE_Length":4.976971708504966,"SHAPE_Area":1.2051088926088769,"__networkId":"electricity","__networkName":"شبكة الكهرباء","__layerId":"electricity_facilities","__layerName":"منشآت شبكة الكهرباء","__assetName":"منشآت الكهرباء","__geometryKind":"polygon","__featureIndex":330,"__length_m":4.98,"__area_m2":1.21,"__typeValue":"بيلر"},"geometry":{"type":"Polygon","coordinates":[[[31.569078505094506,30.27469160532379],[31.5690676660223,30.274680932621447],[31.569063243616156,30.27468432597768],[31.569074082688363,30.274694999455466],[31.569078505094506,30.27469160532379]]]}},{"type":"Feature","properties":{"Electric_Facility_Type":"بيلر","Easting":"031° 33' 38.76\" E","Northing":"30° 16' 28.47\" N","Description":null,"ID":"1/1/3_2","sectors":"القطاع الثالث","Implementing":"شركة الكتروالهانى","SHAPE_Length":4.976782064448132,"SHAPE_Area":1.205097151643595,"__networkId":"electricity","__networkName":"شبكة الكهرباء","__layerId":"electricity_facilities","__layerName":"منشآت شبكة الكهرباء","__assetName":"منشآت الكهرباء","__geometryKind":"polygon","__featureIndex":331,"__length_m":4.98,"__area_m2":1.21,"__typeValue":"بيلر"},"geometry":{"type":"Polygon","coordinates":[[[31.562450522027557,30.274739089797166],[31.5624461229776,30.274735673168745],[31.56243517341262,30.274746260527063],[31.56243957246257,30.274749677155057],[31.562450522027557,30.274739089797166]]]}},{"type":"Feature","properties":{"Electric_Facility_Type":"بيلر","Easting":"031° 33' 22.52\" E","Northing":"30° 16' 28.59\" N","Description":null,"ID":"1/4/3_5","sectors":"القطاع الثالث","Implementing":"شركة الكتروالهانى","SHAPE_Length":5.017979231616581,"SHAPE_Area":1.2444537069967323,"__networkId":"electricity","__networkName":"شبكة الكهرباء","__layerId":"electricity_facilities","__layerName":"منشآت شبكة الكهرباء","__assetName":"منشآت الكهرباء","__geometryKind":"polygon","__featureIndex":332,"__length_m":5.02,"__area_m2":1.24,"__typeValue":"بيلر"},"geometry":{"type":"Polygon","coordinates":[[[31.557940125003437,30.27477690932083],[31.557927433605116,30.274767906151396],[31.557923582527486,30.274772007810814],[31.557936273925815,30.274781010979936],[31.557940125003437,30.27477690932083]]]}},{"type":"Feature","properties":{"Electric_Facility_Type":"بيلر","Easting":"031° 33' 27.57\" E","Northing":"30° 16' 28.65\" N","Description":null,"ID":"1/2/3_5","sectors":"القطاع الثالث","Implementing":"شركة الكتروالهانى","SHAPE_Length":5.0203670684881025,"SHAPE_Area":1.244658966286144,"__networkId":"electricity","__networkName":"شبكة الكهرباء","__layerId":"electricity_facilities","__layerName":"منشآت شبكة الكهرباء","__assetName":"منشآت الكهرباء","__geometryKind":"polygon","__featureIndex":333,"__length_m":5.02,"__area_m2":1.24,"__typeValue":"بيلر"},"geometry":{"type":"Polygon","coordinates":[[[31.559341832816575,30.274788425308174],[31.559337160678805,30.274785024973337],[31.5593266099658,30.274795913337023],[31.55933128210357,30.274799312895674],[31.559341832816575,30.274788425308174]]]}},{"type":"Feature","properties":{"Electric_Facility_Type":"بيلر","Easting":"031° 33' 20.19\" E","Northing":"30° 16' 28.87\" N","Description":null,"ID":"1/4/3_4","sectors":"القطاع الثالث","Implementing":"شركة الكتروالهانى","SHAPE_Length":5.0243791109932046,"SHAPE_Area":1.244567202244538,"__networkId":"electricity","__networkName":"شبكة الكهرباء","__layerId":"electricity_facilities","__layerName":"منشآت شبكة الكهرباء","__assetName":"منشآت الكهرباء","__geometryKind":"polygon","__featureIndex":334,"__length_m":5.02,"__area_m2":1.24,"__typeValue":"بيلر"},"geometry":{"type":"Polygon","coordinates":[[[31.557290170539204,30.27485857629236],[31.55728643714087,30.274844723602666],[31.557280502870107,30.274845936954392],[31.557284236268416,30.27485978964392],[31.557290170539204,30.27485857629236]]]}},{"type":"Feature","properties":{"Electric_Facility_Type":"بيلر","Easting":"031° 33' 16.59\" E","Northing":"30° 16' 29.08\" N","Description":null,"ID":"2/5/3_5","sectors":"القطاع الثالث","Implementing":"شركة الكتروالهانى","SHAPE_Length":5.018261545850164,"SHAPE_Area":1.2446378620838219,"__networkId":"electricity","__networkName":"شبكة الكهرباء","__layerId":"electricity_facilities","__layerName":"منشآت شبكة الكهرباء","__assetName":"منشآت الكهرباء","__geometryKind":"polygon","__featureIndex":335,"__length_m":5.02,"__area_m2":1.24,"__typeValue":"بيلر"},"geometry":{"type":"Polygon","coordinates":[[[31.556294776118957,30.274913982376848],[31.556282084720596,30.274904978444173],[31.556278233642974,30.274909080873677],[31.556290925041335,30.274918084806036],[31.556294776118957,30.274913982376848]]]}},{"type":"Feature","properties":{"Electric_Facility_Type":"بيلر","Easting":"031° 33' 42.83\" E","Northing":"30° 16' 28.98\" N","Description":null,"ID":"1/1/3_5","sectors":"القطاع الاول","Implementing":"شركة الكتروالهانى","SHAPE_Length":5.018944994998826,"SHAPE_Area":1.2447460991336243,"__networkId":"electricity","__networkName":"شبكة الكهرباء","__layerId":"electricity_facilities","__layerName":"منشآت شبكة الكهرباء","__assetName":"منشآت الكهرباء","__geometryKind":"polygon","__featureIndex":336,"__length_m":5.02,"__area_m2":1.24,"__typeValue":"بيلر"},"geometry":{"type":"Polygon","coordinates":[[[31.563583677588216,30.27488540501191],[31.563571479364963,30.27487590146134],[31.563567413589965,30.27487984485308],[31.56357961181322,30.274889349179073],[31.563583677588216,30.27488540501191]]]}},{"type":"Feature","properties":{"Electric_Facility_Type":"بيلر","Easting":"031° 33' 47.2\" E","Northing":"30° 16' 28.97\" N","Description":null,"ID":"5/2/3_3","sectors":"القطاع الاول","Implementing":"شركة الكتروالهانى","SHAPE_Length":5.018669347984994,"SHAPE_Area":1.2446103086063587,"__networkId":"electricity","__networkName":"شبكة الكهرباء","__layerId":"electricity_facilities","__layerName":"منشآت شبكة الكهرباء","__assetName":"منشآت الكهرباء","__geometryKind":"polygon","__featureIndex":337,"__length_m":5.02,"__area_m2":1.24,"__typeValue":"بيلر"},"geometry":{"type":"Polygon","coordinates":[[[31.564796585579757,30.2748840535683],[31.564784387356536,30.274874550793413],[31.564780321581544,30.27487849418519],[31.564792519804794,30.274887996959702],[31.564796585579757,30.2748840535683]]]}},{"type":"Feature","properties":{"Electric_Facility_Type":"بيلر","Easting":"031° 33' 47.56\" E","Northing":"30° 16' 29.25\" N","Description":null,"ID":"5/2/3_2","sectors":"القطاع الاول","Implementing":"شركة الكتروالهانى","SHAPE_Length":5.018669347984994,"SHAPE_Area":1.2446103086063587,"__networkId":"electricity","__networkName":"شبكة الكهرباء","__layerId":"electricity_facilities","__layerName":"منشآت شبكة الكهرباء","__assetName":"منشآت الكهرباء","__geometryKind":"polygon","__featureIndex":338,"__length_m":5.02,"__area_m2":1.24,"__typeValue":"بيلر"},"geometry":{"type":"Polygon","coordinates":[[[31.56489540924418,30.274962087382146],[31.564883211020927,30.27495258461482],[31.564879145245964,30.27495652800347],[31.564891343469185,30.274966030770422],[31.56489540924418,30.274962087382146]]]}},{"type":"Feature","properties":{"Electric_Facility_Type":"بيلر","Easting":"031° 33' 56.05\" E","Northing":"30° 16' 29.24\" N","Description":null,"ID":"7/2/2_5","sectors":"القطاع الاول","Implementing":"شركة الكتروالهانى","SHAPE_Length":5.102626153611043,"SHAPE_Area":1.291304166980099,"__networkId":"electricity","__networkName":"شبكة الكهرباء","__layerId":"electricity_facilities","__layerName":"منشآت شبكة الكهرباء","__assetName":"منشآت الكهرباء","__geometryKind":"polygon","__featureIndex":339,"__length_m":5.1,"__area_m2":1.29,"__typeValue":"بيلر"},"geometry":{"type":"Polygon","coordinates":[[[31.56725619169232,30.274958330185555],[31.567243926993715,30.274948584592607],[31.5672397228782,30.274952581511627],[31.567251987576775,30.274962327104173],[31.56725619169232,30.274958330185555]]]}},{"type":"Feature","properties":{"Electric_Facility_Type":"بيلر","Easting":"031° 33' 52.03\" E","Northing":"30° 16' 29.31\" N","Description":null,"ID":"7/2/2_3","sectors":"القطاع الاول","Implementing":"شركة الكتروالهانى","SHAPE_Length":5.103256100261872,"SHAPE_Area":1.2909860820298922,"__networkId":"electricity","__networkName":"شبكة الكهرباء","__layerId":"electricity_facilities","__layerName":"منشآت شبكة الكهرباء","__assetName":"منشآت الكهرباء","__geometryKind":"polygon","__featureIndex":340,"__length_m":5.1,"__area_m2":1.29,"__typeValue":"بيلر"},"geometry":{"type":"Polygon","coordinates":[[[31.566139000990912,30.2749795033014],[31.566127700184623,30.274968915968234],[31.566123133149713,30.274972598687693],[31.566134433956,30.274983186020403],[31.566139000990912,30.2749795033014]]]}},{"type":"Feature","properties":{"Electric_Facility_Type":"بيلر","Easting":"031° 33' 19.2\" E","Northing":"30° 16' 29.77\" N","Description":null,"ID":"1/4/3_3","sectors":"القطاع الثالث","Implementing":"شركة الكتروالهانى","SHAPE_Length":5.018105208373745,"SHAPE_Area":1.244569762626996,"__networkId":"electricity","__networkName":"شبكة الكهرباء","__layerId":"electricity_facilities","__layerName":"منشآت شبكة الكهرباء","__assetName":"منشآت الكهرباء","__geometryKind":"polygon","__featureIndex":341,"__length_m":5.02,"__area_m2":1.24,"__typeValue":"بيلر"},"geometry":{"type":"Polygon","coordinates":[[[31.557019138936504,30.275106254854894],[31.55700644753818,30.27509725171567],[31.55700259556222,30.275101353361386],[31.557015286960546,30.27511035650024],[31.557019138936504,30.275106254854894]]]}},{"type":"Feature","properties":{"Electric_Facility_Type":"بيلر","Easting":"031° 33' 32.06\" E","Northing":"30° 16' 29.86\" N","Description":null,"ID":"2/2/3_2","sectors":"القطاع الثالث","Implementing":"شركة الكتروالهانى","SHAPE_Length":5.020520454633327,"SHAPE_Area":1.2447109872705977,"__networkId":"electricity","__networkName":"شبكة الكهرباء","__layerId":"electricity_facilities","__layerName":"منشآت شبكة الكهرباء","__assetName":"منشآت الكهرباء","__geometryKind":"polygon","__featureIndex":342,"__length_m":5.02,"__area_m2":1.24,"__typeValue":"بيلر"},"geometry":{"type":"Polygon","coordinates":[[[31.560591577124693,30.27512315251543],[31.56058690498689,30.275119752192122],[31.560576354273884,30.27513064129444],[31.560581026411686,30.275134040841554],[31.560591577124693,30.27512315251543]]]}},{"type":"Feature","properties":{"Electric_Facility_Type":"بيلر","Easting":"031° 34' 0.42\" E","Northing":"30° 16' 29.97\" N","Description":null,"ID":"6/2/2_1","sectors":"القطاع الاول","Implementing":"شركة الكتروالهانى","SHAPE_Length":4.97682134577257,"SHAPE_Area":1.205059661775521,"__networkId":"electricity","__networkName":"شبكة الكهرباء","__layerId":"electricity_facilities","__layerName":"منشآت شبكة الكهرباء","__assetName":"منشآت الكهرباء","__geometryKind":"polygon","__featureIndex":343,"__length_m":4.98,"__area_m2":1.21,"__typeValue":"بيلر"},"geometry":{"type":"Polygon","coordinates":[[[31.568468496914303,30.275160554511864],[31.568457657842096,30.275149881860518],[31.568453235435953,30.275153275976347],[31.56846407450816,30.275163947851517],[31.568468496914303,30.275160554511864]]]}},{"type":"Feature","properties":{"Electric_Facility_Type":"بيلر","Easting":"031° 33' 24.45\" E","Northing":"30° 16' 30.15\" N","Description":null,"ID":"1/3/3_3","sectors":"القطاع الثالث","Implementing":"شركة الكتروالهانى","SHAPE_Length":5.0181337060346705,"SHAPE_Area":1.2445873811197727,"__networkId":"electricity","__networkName":"شبكة الكهرباء","__layerId":"electricity_facilities","__layerName":"منشآت شبكة الكهرباء","__assetName":"منشآت الكهرباء","__geometryKind":"polygon","__featureIndex":344,"__length_m":5.02,"__area_m2":1.24,"__typeValue":"بيلر"},"geometry":{"type":"Polygon","coordinates":[[[31.558476862995818,30.275211204011935],[31.55846417159749,30.27520220088228],[31.558460319621535,30.275206303299424],[31.558473011918196,30.275215305652885],[31.558476862995818,30.275211204011935]]]}},{"type":"Feature","properties":{"Electric_Facility_Type":"بيلر","Easting":"031° 33' 58.26\" E","Northing":"30° 16' 30.4\" N","Description":null,"ID":"4/2/2_6","sectors":"القطاع الاول","Implementing":"شركة الكتروالهانى","SHAPE_Length":5.1013275429409894,"SHAPE_Area":1.2908136115208038,"__networkId":"electricity","__networkName":"شبكة الكهرباء","__layerId":"electricity_facilities","__layerName":"منشآت شبكة الكهرباء","__assetName":"منشآت الكهرباء","__geometryKind":"polygon","__featureIndex":345,"__length_m":5.1,"__area_m2":1.29,"__typeValue":"بيلر"},"geometry":{"type":"Polygon","coordinates":[[[31.56786762010897,30.275275282531574],[31.567863455519323,30.27527125536962],[31.567851063259962,30.275280873699828],[31.56785522874794,30.275284900085573],[31.56786762010897,30.275275282531574]]]}},{"type":"Feature","properties":{"Electric_Facility_Type":"بيلر","Easting":"031° 33' 33.57\" E","Northing":"30° 16' 30.52\" N","Description":null,"ID":"2/2/3_3","sectors":"القطاع الثالث","Implementing":"شركة الكتروالهانى","SHAPE_Length":5.0203920998339875,"SHAPE_Area":1.2446671544108627,"__networkId":"electricity","__networkName":"شبكة الكهرباء","__layerId":"electricity_facilities","__layerName":"منشآت شبكة الكهرباء","__assetName":"منشآت الكهرباء","__geometryKind":"polygon","__featureIndex":346,"__length_m":5.02,"__area_m2":1.24,"__typeValue":"بيلر"},"geometry":{"type":"Polygon","coordinates":[[[31.56100960275228,30.275308317510707],[31.561004930614477,30.27530491796968],[31.56099438079976,30.275315806275636],[31.560999052937568,30.275319206592084],[31.56100960275228,30.275308317510707]]]}},{"type":"Feature","properties":{"Electric_Facility_Type":"بيلر","Easting":"031° 33' 44.3\" E","Northing":"30° 16' 30.83\" N","Description":null,"ID":"5/2/3_4","sectors":"القطاع الاول","Implementing":"شركة الكتروالهانى","SHAPE_Length":4.976798011024676,"SHAPE_Area":1.2051020827213357,"__networkId":"electricity","__networkName":"شبكة الكهرباء","__layerId":"electricity_facilities","__layerName":"منشآت شبكة الكهرباء","__assetName":"منشآت الكهرباء","__geometryKind":"polygon","__featureIndex":347,"__length_m":4.98,"__area_m2":1.21,"__typeValue":"بيلر"},"geometry":{"type":"Polygon","coordinates":[[[31.5639903556971,30.27539197007789],[31.563985956647144,30.275388553472194],[31.56397500798049,30.27539914153584],[31.56397940703041,30.275402558141163],[31.5639903556971,30.27539197007789]]]}},{"type":"Feature","properties":{"Electric_Facility_Type":"بيلر","Easting":"031° 33' 49.97\" E","Northing":"30° 16' 31.13\" N","Description":null,"ID":"7/2/2_1","sectors":"القطاع الاول","Implementing":"شركة الكتروالهانى","SHAPE_Length":5.018669347984994,"SHAPE_Area":1.2446103086063587,"__networkId":"electricity","__networkName":"شبكة الكهرباء","__layerId":"electricity_facilities","__layerName":"منشآت شبكة الكهرباء","__assetName":"منشآت الكهرباء","__geometryKind":"polygon","__featureIndex":348,"__length_m":5.02,"__area_m2":1.24,"__typeValue":"بيلر"},"geometry":{"type":"Polygon","coordinates":[[[31.565565010761997,30.27548380023208],[31.565552812538776,30.27547429751526],[31.56554874676378,30.275478240882954],[31.565560944987034,30.275487743599395],[31.565565010761997,30.27548380023208]]]}},{"type":"Feature","properties":{"Electric_Facility_Type":"بيلر","Easting":"031° 33' 58.33\" E","Northing":"30° 16' 31.22\" N","Description":null,"ID":"4/2/2_5","sectors":"القطاع الاول","Implementing":"شركة الكتروالهانى","SHAPE_Length":5.101738071384955,"SHAPE_Area":1.290027253604956,"__networkId":"electricity","__networkName":"شبكة الكهرباء","__layerId":"electricity_facilities","__layerName":"منشآت شبكة الكهرباء","__assetName":"منشآت الكهرباء","__geometryKind":"polygon","__featureIndex":349,"__length_m":5.1,"__area_m2":1.29,"__typeValue":"بيلر"},"geometry":{"type":"Polygon","coordinates":[[[31.567886963532,30.275509760666022],[31.567875714828013,30.275499135376144],[31.56787113072509,30.27550279790499],[31.567882378530783,30.275513422418715],[31.567886963532,30.275509760666022]]]}},{"type":"Feature","properties":{"Electric_Facility_Type":"بيلر","Easting":"031° 33' 28.98\" E","Northing":"30° 16' 31.39\" N","Description":null,"ID":"1/3/3_1","sectors":"القطاع الثالث","Implementing":"شركة الكتروالهانى","SHAPE_Length":5.019551404157572,"SHAPE_Area":1.2446881171566146,"__networkId":"electricity","__networkName":"شبكة الكهرباء","__layerId":"electricity_facilities","__layerName":"منشآت شبكة الكهرباء","__assetName":"منشآت الكهرباء","__geometryKind":"polygon","__featureIndex":350,"__length_m":5.02,"__area_m2":1.24,"__typeValue":"بيلر"},"geometry":{"type":"Polygon","coordinates":[[[31.559734455884577,30.275556119065474],[31.559723020330992,30.2755459274499],[31.559718658111986,30.275549625663533],[31.559730095462164,30.275559817278776],[31.559734455884577,30.275556119065474]]]}},{"type":"Feature","properties":{"Electric_Facility_Type":"بيلر","Easting":"031° 33' 26.29\" E","Northing":"30° 16' 31.59\" N","Description":null,"ID":"1/3/3_2","sectors":"القطاع الثالث","Implementing":"شركة الكتروالهانى","SHAPE_Length":5.0203793147897136,"SHAPE_Area":1.2446262470855562,"__networkId":"electricity","__networkName":"شبكة الكهرباء","__layerId":"electricity_facilities","__layerName":"منشآت شبكة الكهرباء","__assetName":"منشآت الكهرباء","__geometryKind":"polygon","__featureIndex":351,"__length_m":5.02,"__area_m2":1.24,"__typeValue":"بيلر"},"geometry":{"type":"Polygon","coordinates":[[[31.55898689856637,30.275605704747388],[31.558982226428572,30.275602305216665],[31.558971675715558,30.27561319348963],[31.558976347853367,30.275616593019972],[31.55898689856637,30.275605704747388]]]}},{"type":"Feature","properties":{"Electric_Facility_Type":"بيلر","Easting":"031° 33' 19.26\" E","Northing":"30° 16' 31.72\" N","Description":null,"ID":"1/4/3_2","sectors":"القطاع الثالث","Implementing":"شركة الكتروالهانى","SHAPE_Length":5.020226368099729,"SHAPE_Area":1.2444858947099355,"__networkId":"electricity","__networkName":"شبكة الكهرباء","__layerId":"electricity_facilities","__layerName":"منشآت شبكة الكهرباء","__assetName":"منشآت الكهرباء","__geometryKind":"polygon","__featureIndex":352,"__length_m":5.02,"__area_m2":1.24,"__typeValue":"بيلر"},"geometry":{"type":"Polygon","coordinates":[[[31.557034482161562,30.275641264824944],[31.55702981092209,30.275637865295458],[31.557019260209074,30.275648753564475],[31.557023931448548,30.275652153093585],[31.557034482161562,30.275641264824944]]]}},{"type":"Feature","properties":{"Electric_Facility_Type":"بيلر","Easting":"031° 33' 16.36\" E","Northing":"30° 16' 31.77\" N","Description":null,"ID":"1/4/3_1","sectors":"القطاع الثالث","Implementing":"شركة الكتروالهانى","SHAPE_Length":5.020367062758163,"SHAPE_Area":1.2446589676393556,"__networkId":"electricity","__networkName":"شبكة الكهرباء","__layerId":"electricity_facilities","__layerName":"منشآت شبكة الكهرباء","__assetName":"منشآت الكهرباء","__geometryKind":"polygon","__featureIndex":353,"__length_m":5.02,"__area_m2":1.24,"__typeValue":"بيلر"},"geometry":{"type":"Polygon","coordinates":[[[31.55622902123679,30.27565489552516],[31.556224349098983,30.27565149599614],[31.556213798385976,30.275662383487845],[31.556218470523778,30.275665783792284],[31.55622902123679,30.27565489552516]]]}},{"type":"Feature","properties":{"Electric_Facility_Type":"بيلر","Easting":"031° 33' 45.75\" E","Northing":"30° 16' 31.95\" N","Description":null,"ID":"5/2/3_1","sectors":"القطاع الاول","Implementing":"شركة الكتروالهانى","SHAPE_Length":4.976798022418583,"SHAPE_Area":1.2051020800052268,"__networkId":"electricity","__networkName":"شبكة الكهرباء","__layerId":"electricity_facilities","__layerName":"منشآت شبكة الكهرباء","__assetName":"منشآت الكهرباء","__geometryKind":"polygon","__featureIndex":354,"__length_m":4.98,"__area_m2":1.21,"__typeValue":"بيلر"},"geometry":{"type":"Polygon","coordinates":[[[31.564392753333678,30.27570547882766],[31.56438835428373,30.27570206300868],[31.56437740561707,30.27571265026276],[31.564381804666986,30.275716067632917],[31.564392753333678,30.27570547882766]]]}},{"type":"Feature","properties":{"Electric_Facility_Type":"بيلر","Easting":"031° 33' 43.28\" E","Northing":"30° 16' 31.98\" N","Description":null,"ID":"1/1/3_4","sectors":"القطاع الثالث","Implementing":"شركة الكتروالهانى","SHAPE_Length":4.976656557694433,"SHAPE_Area":1.2050166562753928,"__networkId":"electricity","__networkName":"شبكة الكهرباء","__layerId":"electricity_facilities","__layerName":"منشآت شبكة الكهرباء","__assetName":"منشآت الكهرباء","__geometryKind":"polygon","__featureIndex":355,"__length_m":4.98,"__area_m2":1.21,"__typeValue":"بيلر"},"geometry":{"type":"Polygon","coordinates":[[[31.56370648267742,30.275711756548688],[31.563702083627504,30.27570833995413],[31.563691134960813,30.275718927983277],[31.563695534010762,30.275722343801668],[31.56370648267742,30.275711756548688]]]}},{"type":"Feature","properties":{"Electric_Facility_Type":"بيلر","Easting":"031° 33' 54.41\" E","Northing":"30° 16' 32.15\" N","Description":null,"ID":"4/2/2_3","sectors":"القطاع الاول","Implementing":"شركة الكتروالهانى","SHAPE_Length":5.103080082538423,"SHAPE_Area":1.2911715413757703,"__networkId":"electricity","__networkName":"شبكة الكهرباء","__layerId":"electricity_facilities","__layerName":"منشآت شبكة الكهرباء","__assetName":"منشآت الكهرباء","__geometryKind":"polygon","__featureIndex":356,"__length_m":5.1,"__area_m2":1.29,"__typeValue":"بيلر"},"geometry":{"type":"Polygon","coordinates":[[[31.56679872373555,30.27576090072569],[31.56679425641365,30.275757124940675],[31.566782638502083,30.275767449194912],[31.566787104027355,30.27577122497959],[31.56679872373555,30.27576090072569]]]}},{"type":"Feature","properties":{"Electric_Facility_Type":"بيلر","Easting":"031° 33' 32.15\" E","Northing":"30° 16' 32.27\" N","Description":null,"ID":"2/2/3_5","sectors":"القطاع الثالث","Implementing":"شركة الكتروالهانى","SHAPE_Length":5.020250961663386,"SHAPE_Area":1.2445824245460775,"__networkId":"electricity","__networkName":"شبكة الكهرباء","__layerId":"electricity_facilities","__layerName":"منشآت شبكة الكهرباء","__assetName":"منشآت الكهرباء","__geometryKind":"polygon","__featureIndex":357,"__length_m":5.02,"__area_m2":1.24,"__typeValue":"بيلر"},"geometry":{"type":"Polygon","coordinates":[[[31.56061560077034,30.27579330870078],[31.560610928632535,30.27578990917656],[31.560600378817856,30.275800797428715],[31.560605050955626,30.275804196952556],[31.56061560077034,30.27579330870078]]]}},{"type":"Feature","properties":{"Electric_Facility_Type":"بيلر","Easting":"031° 33' 30.38\" E","Northing":"30° 16' 32.5\" N","Description":null,"ID":"11/2/3_5","sectors":"القطاع الثالث","Implementing":"شركة الكتروالهانى","SHAPE_Length":5.019410455184126,"SHAPE_Area":1.2445986019102424,"__networkId":"electricity","__networkName":"شبكة الكهرباء","__layerId":"electricity_facilities","__layerName":"منشآت شبكة الكهرباء","__assetName":"منشآت الكهرباء","__geometryKind":"polygon","__featureIndex":358,"__length_m":5.02,"__area_m2":1.24,"__typeValue":"بيلر"},"geometry":{"type":"Polygon","coordinates":[[[31.56012422859815,30.275864451205027],[31.56011279304456,30.275854259621465],[31.56010843172385,30.275857957823533],[31.560119868175736,30.275868149406698],[31.56012422859815,30.275864451205027]]]}},{"type":"Feature","properties":{"Electric_Facility_Type":"بيلر","Easting":"031° 33' 52.0\" E","Northing":"30° 16' 32.72\" N","Description":null,"ID":"4/2/2_2","sectors":"القطاع الاول","Implementing":"شركة الكتروالهانى","SHAPE_Length":5.009714806955776,"SHAPE_Area":1.2381038763319356,"__networkId":"electricity","__networkName":"شبكة الكهرباء","__layerId":"electricity_facilities","__layerName":"منشآت شبكة الكهرباء","__assetName":"منشآت الكهرباء","__geometryKind":"polygon","__featureIndex":359,"__length_m":5.01,"__area_m2":1.24,"__typeValue":"بيلر"},"geometry":{"type":"Polygon","coordinates":[[[31.56613075984647,30.27592376593662],[31.56611797412505,30.27591487613801],[31.5661141625733,30.275918974646338],[31.56612694919305,30.275927864444636],[31.56613075984647,30.27592376593662]]]}},{"type":"Feature","properties":{"Electric_Facility_Type":"بيلر","Easting":"031° 33' 23.14\" E","Northing":"30° 16' 32.85\" N","Description":null,"ID":"1/3/3_4","sectors":"القطاع الثالث","Implementing":"شركة الكتروالهانى","SHAPE_Length":5.02022594528126,"SHAPE_Area":1.244574242517898,"__networkId":"electricity","__networkName":"شبكة الكهرباء","__layerId":"electricity_facilities","__layerName":"منشآت شبكة الكهرباء","__assetName":"منشآت الكهرباء","__geometryKind":"polygon","__featureIndex":360,"__length_m":5.02,"__area_m2":1.24,"__typeValue":"بيلر"},"geometry":{"type":"Polygon","coordinates":[[[31.558113351631256,30.27595317775099],[31.558108679493458,30.275949778232246],[31.558098128780443,30.2759606656909],[31.558102800918252,30.275964065209216],[31.558113351631256,30.27595317775099]]]}},{"type":"Feature","properties":{"Electric_Facility_Type":"بيلر","Easting":"031° 33' 21.57\" E","Northing":"30° 16' 32.99\" N","Description":null,"ID":"1/3/3_5","sectors":"القطاع الثالث","Implementing":"شركة الكتروالهانى","SHAPE_Length":5.020367563720166,"SHAPE_Area":1.244651607514977,"__networkId":"electricity","__networkName":"شبكة الكهرباء","__layerId":"electricity_facilities","__layerName":"منشآت شبكة الكهرباء","__assetName":"منشآت الكهرباء","__geometryKind":"polygon","__featureIndex":361,"__length_m":5.02,"__area_m2":1.24,"__typeValue":"بيلر"},"geometry":{"type":"Polygon","coordinates":[[[31.5576770479826,30.275991878105703],[31.557672376743124,30.275988477036755],[31.557661826030117,30.27599936604268],[31.55766649816792,30.276002765559642],[31.5576770479826,30.275991878105703]]]}},{"type":"Feature","properties":{"Electric_Facility_Type":"بيلر","Easting":"031° 33' 48.02\" E","Northing":"30° 16' 33.02\" N","Description":null,"ID":"6/2/3_6","sectors":"القطاع الاول","Implementing":"شركة الكتروالهانى","SHAPE_Length":4.990104824376002,"SHAPE_Area":1.2248109136673624,"__networkId":"electricity","__networkName":"شبكة الكهرباء","__layerId":"electricity_facilities","__layerName":"منشآت شبكة الكهرباء","__assetName":"منشآت الكهرباء","__geometryKind":"polygon","__featureIndex":362,"__length_m":4.99,"__area_m2":1.22,"__typeValue":"بيلر"},"geometry":{"type":"Polygon","coordinates":[[[31.565024611236552,30.276007445907677],[31.56501244984421,30.27599797117006],[31.565008364306316,30.276001807457565],[31.565020525698614,30.27601128141901],[31.565024611236552,30.276007445907677]]]}},{"type":"Feature","properties":{"Electric_Facility_Type":"بيلر","Easting":"031° 33' 56.25\" E","Northing":"30° 16' 33.01\" N","Description":null,"ID":"4/2/2_4","sectors":"القطاع الاول","Implementing":"شركة الكتروالهانى","SHAPE_Length":5.103011375083486,"SHAPE_Area":1.2910301547321466,"__networkId":"electricity","__networkName":"شبكة الكهرباء","__layerId":"electricity_facilities","__layerName":"منشآت شبكة الكهرباء","__assetName":"منشآت الكهرباء","__geometryKind":"polygon","__featureIndex":363,"__length_m":5.1,"__area_m2":1.29,"__typeValue":"بيلر"},"geometry":{"type":"Polygon","coordinates":[[[31.5673101229487,30.27600467400591],[31.567298645174315,30.27599423263213],[31.56729414102147,30.27599797349747],[31.56730561879588,30.2760084156466],[31.5673101229487,30.27600467400591]]]}},{"type":"Feature","properties":{"Electric_Facility_Type":"بيلر","Easting":"031° 33' 53.32\" E","Northing":"30° 16' 33.03\" N","Description":null,"ID":"4/2/2_1","sectors":"القطاع الاول","Implementing":"شركة الكتروالهانى","SHAPE_Length":5.022617729886149,"SHAPE_Area":1.2475846004188895,"__networkId":"electricity","__networkName":"شبكة الكهرباء","__layerId":"electricity_facilities","__layerName":"منشآت شبكة الكهرباء","__assetName":"منشآت الكهرباء","__geometryKind":"polygon","__featureIndex":364,"__length_m":5.02,"__area_m2":1.25,"__typeValue":"بيلر"},"geometry":{"type":"Polygon","coordinates":[[[31.56649550190299,30.276003795034562],[31.566491070513674,30.276000141833887],[31.566479788572025,30.276010460632047],[31.566484220859635,30.27601411383234],[31.56649550190299,30.276003795034562]]]}},{"type":"Feature","properties":{"Electric_Facility_Type":"بيلر","Easting":"031° 33' 33.45\" E","Northing":"30° 16' 33.29\" N","Description":null,"ID":"2/2/3_4","sectors":"القطاع الثالث","Implementing":"شركة الكتروالهانى","SHAPE_Length":5.02022687450088,"SHAPE_Area":1.2444785330160073,"__networkId":"electricity","__networkName":"شبكة الكهرباء","__layerId":"electricity_facilities","__layerName":"منشآت شبكة الكهرباء","__assetName":"منشآت الكهرباء","__geometryKind":"polygon","__featureIndex":365,"__length_m":5.02,"__area_m2":1.24,"__typeValue":"بيلر"},"geometry":{"type":"Polygon","coordinates":[[[31.560977639796153,30.27607609331419],[31.56097296855668,30.276072693799755],[31.560962418741966,30.276083582020537],[31.560967089083146,30.276086982310396],[31.560977639796153,30.27607609331419]]]}},{"type":"Feature","properties":{"Electric_Facility_Type":"بيلر","Easting":"031° 33' 32.04\" E","Northing":"30° 16' 33.79\" N","Description":null,"ID":"11/2/3_2","sectors":"القطاع الثالث","Implementing":"شركة الكتروالهانى","SHAPE_Length":5.020392094594683,"SHAPE_Area":1.2446671509802427,"__networkId":"electricity","__networkName":"شبكة الكهرباء","__layerId":"electricity_facilities","__layerName":"منشآت شبكة الكهرباء","__assetName":"منشآت الكهرباء","__geometryKind":"polygon","__featureIndex":366,"__length_m":5.02,"__area_m2":1.24,"__typeValue":"بيلر"},"geometry":{"type":"Polygon","coordinates":[[[31.560583617152947,30.2762155477811],[31.560578945015177,30.276212147495706],[31.560568395200466,30.27622303647681],[31.560573067338268,30.276226435986032],[31.560583617152947,30.2762155477811]]]}},{"type":"Feature","properties":{"Electric_Facility_Type":"بيلر","Easting":"031° 33' 27.43\" E","Northing":"30° 16' 34.39\" N","Description":null,"ID":"11/2/3_4","sectors":"القطاع الثالث","Implementing":"شركة الكتروالهانى","SHAPE_Length":5.0198359737198075,"SHAPE_Area":1.2448261974279957,"__networkId":"electricity","__networkName":"شبكة الكهرباء","__layerId":"electricity_facilities","__layerName":"منشآت شبكة الكهرباء","__assetName":"منشآت الكهرباء","__geometryKind":"polygon","__featureIndex":367,"__length_m":5.02,"__area_m2":1.24,"__typeValue":"بيلر"},"geometry":{"type":"Polygon","coordinates":[[[31.559303709214255,30.27638803744138],[31.559292271864045,30.27637784513639],[31.559287910543343,30.276381543318728],[31.559299346995218,30.276391735623335],[31.559303709214255,30.27638803744138]]]}},{"type":"Feature","properties":{"Electric_Facility_Type":"بيلر","Easting":"031° 33' 43.85\" E","Northing":"30° 16' 34.54\" N","Description":null,"ID":"5/2/3_5","sectors":"القطاع الثالث","Implementing":"شركة الكتروالهانى","SHAPE_Length":4.97665656294581,"SHAPE_Area":1.2050166596376535,"__networkId":"electricity","__networkName":"شبكة الكهرباء","__layerId":"electricity_facilities","__layerName":"منشآت شبكة الكهرباء","__assetName":"منشآت الكهرباء","__geometryKind":"polygon","__featureIndex":368,"__length_m":4.98,"__area_m2":1.21,"__typeValue":"بيلر"},"geometry":{"type":"Polygon","coordinates":[[[31.56386424031606,30.27642453128407],[31.563859841266105,30.276421114714328],[31.563848892599417,30.276431702666578],[31.563853291649366,30.27643511846016],[31.56386424031606,30.27642453128407]]]}},{"type":"Feature","properties":{"Electric_Facility_Type":"بيلر","Easting":"031° 33' 45.29\" E","Northing":"30° 16' 34.56\" N","Description":null,"ID":"4/2/3_1","sectors":"القطاع الثالث","Implementing":"شركة الكتروالهانى","SHAPE_Length":5.020625295135978,"SHAPE_Area":1.244666260124875,"__networkId":"electricity","__networkName":"شبكة الكهرباء","__layerId":"electricity_facilities","__layerName":"منشآت شبكة الكهرباء","__assetName":"منشآت الكهرباء","__geometryKind":"polygon","__featureIndex":369,"__length_m":5.02,"__area_m2":1.24,"__typeValue":"بيلر"},"geometry":{"type":"Polygon","coordinates":[[[31.56426413075467,30.276428307819227],[31.564259410107855,30.276424958743135],[31.564249017498334,30.27643596174145],[31.564253738145155,30.276439310041308],[31.56426413075467,30.276428307819227]]]}},{"type":"Feature","properties":{"Electric_Facility_Type":"بيلر","Easting":"031° 33' 49.13\" E","Northing":"30° 16' 34.55\" N","Description":null,"ID":"6/2/3_5","sectors":"القطاع الاول","Implementing":"شركة الكتروالهانى","SHAPE_Length":5.023154724334053,"SHAPE_Area":1.2487977970443787,"__networkId":"electricity","__networkName":"شبكة الكهرباء","__layerId":"electricity_facilities","__layerName":"منشآت شبكة الكهرباء","__assetName":"منشآت الكهرباء","__geometryKind":"polygon","__featureIndex":370,"__length_m":5.02,"__area_m2":1.25,"__typeValue":"بيلر"},"geometry":{"type":"Polygon","coordinates":[[[31.565331376024595,30.276425902101156],[31.56532682785432,30.27642234666544],[31.565315885475844,30.27643292763553],[31.565320433646114,30.276436483070796],[31.565331376024595,30.276425902101156]]]}},{"type":"Feature","properties":{"Electric_Facility_Type":"بيلر","Easting":"031° 33' 54.39\" E","Northing":"30° 16' 34.58\" N","Description":null,"ID":"6/2/3_2","sectors":"القطاع الاول","Implementing":"شركة الكتروالهانى","SHAPE_Length":5.112374907372691,"SHAPE_Area":1.2971371653773924,"__networkId":"electricity","__networkName":"شبكة الكهرباء","__layerId":"electricity_facilities","__layerName":"منشآت شبكة الكهرباء","__assetName":"منشآت الكهرباء","__geometryKind":"polygon","__featureIndex":371,"__length_m":5.11,"__area_m2":1.3,"__typeValue":"بيلر"},"geometry":{"type":"Polygon","coordinates":[[[31.56679423575238,30.276441481471178],[31.566782245039988,30.276431453638708],[31.566777912465355,30.27643536981537],[31.566789903177778,30.276445396871637],[31.56679423575238,30.276441481471178]]]}},{"type":"Feature","properties":{"Electric_Facility_Type":"بيلر","Easting":"031° 33' 33.19\" E","Northing":"30° 16' 34.72\" N","Description":null,"ID":"11/2/3_1","sectors":"القطاع الثالث","Implementing":"شركة الكتروالهانى","SHAPE_Length":5.019414816702348,"SHAPE_Area":1.2445632830835498,"__networkId":"electricity","__networkName":"شبكة الكهرباء","__layerId":"electricity_facilities","__layerName":"منشآت شبكة الكهرباء","__assetName":"منشآت الكهرباء","__geometryKind":"polygon","__featureIndex":372,"__length_m":5.02,"__area_m2":1.24,"__typeValue":"بيلر"},"geometry":{"type":"Polygon","coordinates":[[[31.56090491308904,30.276479553245554],[31.56089347663716,30.27646936095007],[31.56088911531649,30.276473058353158],[31.560900550870034,30.276483249872452],[31.56090491308904,30.276479553245554]]]}},{"type":"Feature","properties":{"Electric_Facility_Type":"بيلر","Easting":"031° 33' 50.4\" E","Northing":"30° 16' 34.87\" N","Description":null,"ID":"6/2/3_4","sectors":"القطاع الاول","Implementing":"شركة الكتروالهانى","SHAPE_Length":5.022128073415083,"SHAPE_Area":1.2489702598343098,"__networkId":"electricity","__networkName":"شبكة الكهرباء","__layerId":"electricity_facilities","__layerName":"منشآت شبكة الكهرباء","__assetName":"منشآت الكهرباء","__geometryKind":"polygon","__featureIndex":373,"__length_m":5.02,"__area_m2":1.25,"__typeValue":"بيلر"},"geometry":{"type":"Polygon","coordinates":[[[31.56568508407446,30.276522350324296],[31.56567268642522,30.27651305484318],[31.565668705091884,30.27651709048781],[31.565681102741124,30.276526385968538],[31.56568508407446,30.276522350324296]]]}},{"type":"Feature","properties":{"Electric_Facility_Type":"بيلر","Easting":"031° 33' 26.04\" E","Northing":"30° 16' 35.14\" N","Description":null,"ID":"2/3/3_2","sectors":"القطاع الثالث","Implementing":"شركة الكتروالهانى","SHAPE_Length":5.018430295944766,"SHAPE_Area":1.244739951842028,"__networkId":"electricity","__networkName":"شبكة الكهرباء","__layerId":"electricity_facilities","__layerName":"منشآت شبكة الكهرباء","__assetName":"منشآت الكهرباء","__geometryKind":"polygon","__featureIndex":374,"__length_m":5.02,"__area_m2":1.24,"__typeValue":"بيلر"},"geometry":{"type":"Polygon","coordinates":[[[31.55891757108431,30.276596333230213],[31.558904878787654,30.276587329451875],[31.558901027710032,30.27659143258686],[31.55891372000669,30.27660043558907],[31.55891757108431,30.276596333230213]]]}},{"type":"Feature","properties":{"Electric_Facility_Type":"بيلر","Easting":"031° 33' 21.59\" E","Northing":"30° 16' 35.86\" N","Description":null,"ID":"2/3/3_1","sectors":"القطاع الثالث","Implementing":"شركة الكتروالهانى","SHAPE_Length":5.020508195899983,"SHAPE_Area":1.2447436938452454,"__networkId":"electricity","__networkName":"شبكة الكهرباء","__layerId":"electricity_facilities","__layerName":"منشآت شبكة الكهرباء","__assetName":"منشآت الكهرباء","__geometryKind":"polygon","__featureIndex":375,"__length_m":5.02,"__area_m2":1.24,"__typeValue":"بيلر"},"geometry":{"type":"Polygon","coordinates":[[[31.557680766109552,30.27679183665993],[31.557676093971782,30.276788437170286],[31.55766554325877,30.27679932453586],[31.55767021539654,30.276802725576715],[31.557680766109552,30.27679183665993]]]}},{"type":"Feature","properties":{"Electric_Facility_Type":"بيلر","Easting":"031° 33' 42.74\" E","Northing":"30° 16' 36.44\" N","Description":null,"ID":"4/2/3_4","sectors":"القطاع الثالث","Implementing":"شركة الكتروالهانى","SHAPE_Length":5.022369481105159,"SHAPE_Area":1.2446368011616886,"__networkId":"electricity","__networkName":"شبكة الكهرباء","__layerId":"electricity_facilities","__layerName":"منشآت شبكة الكهرباء","__assetName":"منشآت الكهرباء","__geometryKind":"polygon","__featureIndex":376,"__length_m":5.02,"__area_m2":1.24,"__typeValue":"بيلر"},"geometry":{"type":"Polygon","coordinates":[[[31.56355738120488,30.276960727223074],[31.563549386198847,30.276948307702565],[31.563544068172366,30.276950895716958],[31.5635520631784,30.276963315237136],[31.56355738120488,30.276960727223074]]]}},{"type":"Feature","properties":{"Electric_Facility_Type":"بيلر","Easting":"031° 33' 51.51\" E","Northing":"30° 16' 36.44\" N","Description":null,"ID":"6/2/3_3","sectors":"القطاع الاول","Implementing":"شركة الكتروالهانى","SHAPE_Length":5.124476157577839,"SHAPE_Area":1.300839930942438,"__networkId":"electricity","__networkName":"شبكة الكهرباء","__layerId":"electricity_facilities","__layerName":"منشآت شبكة الكهرباء","__assetName":"منشآت الكهرباء","__geometryKind":"polygon","__featureIndex":377,"__length_m":5.12,"__area_m2":1.3,"__typeValue":"بيلر"},"geometry":{"type":"Polygon","coordinates":[[[31.56599243366578,30.27695296240467],[31.565987856749405,30.27694926501967],[31.565976458925064,30.276959864551724],[31.565981035841443,30.27696356193633],[31.56599243366578,30.27695296240467]]]}},{"type":"Feature","properties":{"Electric_Facility_Type":"بيلر","Easting":"031° 33' 52.45\" E","Northing":"30° 16' 36.47\" N","Description":null,"ID":"6/2/3_1","sectors":"القطاع الاول","Implementing":"شركة الكتروالهانى","SHAPE_Length":5.112510362269719,"SHAPE_Area":1.297223801672262,"__networkId":"electricity","__networkName":"شبكة الكهرباء","__layerId":"electricity_facilities","__layerName":"منشآت شبكة الكهرباء","__assetName":"منشآت الكهرباء","__geometryKind":"polygon","__featureIndex":378,"__length_m":5.11,"__area_m2":1.3,"__typeValue":"بيلر"},"geometry":{"type":"Polygon","coordinates":[[[31.566256102676377,30.27696802657071],[31.56624411196399,30.2769579980163],[31.566239778491052,30.276961914171952],[31.566251769203447,30.27697194117443],[31.566256102676377,30.27696802657071]]]}},{"type":"Feature","properties":{"Electric_Facility_Type":"بيلر","Easting":"031° 33' 30.35\" E","Northing":"30° 16' 36.7\" N","Description":null,"ID":"11/2/3_3","sectors":"القطاع الثالث","Implementing":"شركة الكتروالهانى","SHAPE_Length":5.0195513852927,"SHAPE_Area":1.244606885274818,"__networkId":"electricity","__networkName":"شبكة الكهرباء","__layerId":"electricity_facilities","__layerName":"منشآت شبكة الكهرباء","__assetName":"منشآت الكهرباء","__geometryKind":"polygon","__featureIndex":379,"__length_m":5.02,"__area_m2":1.24,"__typeValue":"بيلر"},"geometry":{"type":"Polygon","coordinates":[[[31.56011473430389,30.27702992476873],[31.560103296953713,30.277019733306208],[31.5600989365313,30.277023430688548],[31.560110372983182,30.277033622926492],[31.56011473430389,30.27702992476873]]]}},{"type":"Feature","properties":{"Electric_Facility_Type":"بيلر","Easting":"031° 33' 23.06\" E","Northing":"30° 16' 37.02\" N","Description":null,"ID":"2/3/3_3","sectors":"القطاع الثالث","Implementing":"شركة الكتروالهانى","SHAPE_Length":5.0205081907493385,"SHAPE_Area":1.2447436990736902,"__networkId":"electricity","__networkName":"شبكة الكهرباء","__layerId":"electricity_facilities","__layerName":"منشآت شبكة الكهرباء","__assetName":"منشآت الكهرباء","__geometryKind":"polygon","__featureIndex":380,"__length_m":5.02,"__area_m2":1.24,"__typeValue":"بيلر"},"geometry":{"type":"Polygon","coordinates":[[[31.558091387822557,30.27711225781422],[31.558086715684755,30.27710885755988],[31.55807616497174,30.277119745665708],[31.55808083710955,30.277123145919653],[31.558091387822557,30.27711225781422]]]}},{"type":"Feature","properties":{"Electric_Facility_Type":"بيلر","Easting":"031° 33' 41.12\" E","Northing":"30° 16' 36.97\" N","Description":null,"ID":"4/2/3_5","sectors":"القطاع الثالث","Implementing":"شركة الكتروالهانى","SHAPE_Length":5.023457020420278,"SHAPE_Area":1.2447234617661769,"__networkId":"electricity","__networkName":"شبكة الكهرباء","__layerId":"electricity_facilities","__layerName":"منشآت شبكة الكهرباء","__assetName":"منشآت الكهرباء","__geometryKind":"polygon","__featureIndex":381,"__length_m":5.02,"__area_m2":1.24,"__typeValue":"بيلر"},"geometry":{"type":"Polygon","coordinates":[[[31.563106055928063,30.27710895065373],[31.563099662618185,30.277095850790744],[31.56309405174092,30.27709792213007],[31.56310044505079,30.277111021992845],[31.563106055928063,30.27710895065373]]]}},{"type":"Feature","properties":{"Electric_Facility_Type":"بيلر","Easting":"031° 33' 37.76\" E","Northing":"30° 16' 37.07\" N","Description":null,"ID":"10/2/3_2","sectors":"القطاع الثالث","Implementing":"شركة الكتروالهانى","SHAPE_Length":5.024750416862511,"SHAPE_Area":1.2444616416562058,"__networkId":"electricity","__networkName":"شبكة الكهرباء","__layerId":"electricity_facilities","__layerName":"منشآت شبكة الكهرباء","__assetName":"منشآت الكهرباء","__geometryKind":"polygon","__featureIndex":382,"__length_m":5.02,"__area_m2":1.24,"__typeValue":"بيلر"},"geometry":{"type":"Polygon","coordinates":[[[31.562170241370705,30.277123567945278],[31.562164159776223,30.277123201000208],[31.562162997356246,30.27713739083357],[31.562169078950728,30.277137758554375],[31.562170241370705,30.277123567945278]]]}},{"type":"Feature","properties":{"Electric_Facility_Type":"بيلر","Easting":"031° 33' 39.5\" E","Northing":"30° 16' 37.2\" N","Description":null,"ID":"10/2/3_1","sectors":"القطاع الثالث","Implementing":"شركة الكتروالهانى","SHAPE_Length":5.025149343857489,"SHAPE_Area":1.2446587536697564,"__networkId":"electricity","__networkName":"شبكة الكهرباء","__layerId":"electricity_facilities","__layerName":"منشآت شبكة الكهرباء","__assetName":"منشآت الكهرباء","__geometryKind":"polygon","__featureIndex":383,"__length_m":5.03,"__area_m2":1.24,"__typeValue":"بيلر"},"geometry":{"type":"Polygon","coordinates":[[[31.562652586372632,30.277159061531385],[31.562646503879854,30.27715869381066],[31.562645342358174,30.27717288519046],[31.562651423952655,30.277173252911084],[31.562652586372632,30.277159061531385]]]}},{"type":"Feature","properties":{"Electric_Facility_Type":"بيلر","Easting":"031° 33' 49.98\" E","Northing":"30° 16' 37.46\" N","Description":null,"ID":"7/2/3_4","sectors":"القطاع الثالث","Implementing":"شركة الكتروالهانى","SHAPE_Length":5.018308134071151,"SHAPE_Area":1.2446944426441866,"__networkId":"electricity","__networkName":"شبكة الكهرباء","__layerId":"electricity_facilities","__layerName":"منشآت شبكة الكهرباء","__assetName":"منشآت الكهرباء","__geometryKind":"polygon","__featureIndex":384,"__length_m":5.02,"__area_m2":1.24,"__typeValue":"بيلر"},"geometry":{"type":"Polygon","coordinates":[[[31.56556893190823,30.277242214469403],[31.565556251289664,30.277233199113574],[31.565552395720488,30.277237298342698],[31.56556507544072,30.27724631369809],[31.56556893190823,30.277242214469403]]]}},{"type":"Feature","properties":{"Electric_Facility_Type":"بيلر","Easting":"031° 33' 33.09\" E","Northing":"30° 16' 37.54\" N","Description":null,"ID":"10/2/3_5","sectors":"القطاع الثالث","Implementing":"شركة الكتروالهانى","SHAPE_Length":5.022356776452917,"SHAPE_Area":1.2446663368673956,"__networkId":"electricity","__networkName":"شبكة الكهرباء","__layerId":"electricity_facilities","__layerName":"منشآت شبكة الكهرباء","__assetName":"منشآت الكهرباء","__geometryKind":"polygon","__featureIndex":385,"__length_m":5.02,"__area_m2":1.24,"__typeValue":"بيلر"},"geometry":{"type":"Polygon","coordinates":[[[31.56087434970813,30.27725619715197],[31.560869040664812,30.277253595181563],[31.560860959420527,30.27726597277123],[31.560866268463837,30.277268574741317],[31.56087434970813,30.27725619715197]]]}},{"type":"Feature","properties":{"Electric_Facility_Type":"بيلر","Easting":"031° 33' 45.38\" E","Northing":"30° 16' 37.52\" N","Description":null,"ID":"4/2/3_2","sectors":"القطاع الثالث","Implementing":"شركة الكتروالهانى","SHAPE_Length":5.0182931894336384,"SHAPE_Area":1.2446378147237325,"__networkId":"electricity","__networkName":"شبكة الكهرباء","__layerId":"electricity_facilities","__layerName":"منشآت شبكة الكهرباء","__assetName":"منشآت الكهرباء","__geometryKind":"polygon","__featureIndex":386,"__length_m":5.02,"__area_m2":1.24,"__typeValue":"بيلر"},"geometry":{"type":"Polygon","coordinates":[[[31.564290101947858,30.2772584647606],[31.56427742222763,30.277249449406263],[31.56427356486179,30.27725354785892],[31.564286246378643,30.277262563212876],[31.564290101947858,30.2772584647606]]]}},{"type":"Feature","properties":{"Electric_Facility_Type":"بيلر","Easting":"031° 33' 27.17\" E","Northing":"30° 16' 37.92\" N","Description":null,"ID":"2/3/3_5","sectors":"القطاع الثالث","Implementing":"شركة الكتروالهانى","SHAPE_Length":5.020367505587408,"SHAPE_Area":1.244570621144101,"__networkId":"electricity","__networkName":"شبكة الكهرباء","__layerId":"electricity_facilities","__layerName":"منشآت شبكة الكهرباء","__assetName":"منشآت الكهرباء","__geometryKind":"polygon","__featureIndex":387,"__length_m":5.02,"__area_m2":1.24,"__typeValue":"بيلر"},"geometry":{"type":"Polygon","coordinates":[[[31.559231799075743,30.277363887945352],[31.55922712783627,30.27736048847553],[31.559216577123255,30.277371376553443],[31.55922124836273,30.277374776798673],[31.559231799075743,30.277363887945352]]]}},{"type":"Feature","properties":{"Electric_Facility_Type":"بيلر","Easting":"031° 33' 24.49\" E","Northing":"30° 16' 38.15\" N","Description":null,"ID":"2/3/3_4","sectors":"القطاع الثالث","Implementing":"شركة الكتروالهانى","SHAPE_Length":5.0203675151903315,"SHAPE_Area":1.244570629894808,"__networkId":"electricity","__networkName":"شبكة الكهرباء","__layerId":"electricity_facilities","__layerName":"منشآت شبكة الكهرباء","__assetName":"منشآت الكهرباء","__geometryKind":"polygon","__featureIndex":388,"__length_m":5.02,"__area_m2":1.24,"__typeValue":"بيلر"},"geometry":{"type":"Polygon","coordinates":[[[31.558488798910982,30.277425633840856],[31.558484127671512,30.277422234373113],[31.558473576958498,30.277433122444176],[31.55847824819797,30.27743652268733],[31.558488798910982,30.277425633840856]]]}},{"type":"Feature","properties":{"Electric_Facility_Type":"بيلر","Easting":"031° 33' 44.07\" E","Northing":"30° 16' 38.27\" N","Description":null,"ID":"4/2/3_3","sectors":"القطاع الثالث","Implementing":"شركة الكتروالهانى","SHAPE_Length":5.023534700741389,"SHAPE_Area":1.2447501612235867,"__networkId":"electricity","__networkName":"شبكة الكهرباء","__layerId":"electricity_facilities","__layerName":"منشآت شبكة الكهرباء","__assetName":"منشآت الكهرباء","__geometryKind":"polygon","__featureIndex":389,"__length_m":5.02,"__area_m2":1.24,"__typeValue":"بيلر"},"geometry":{"type":"Polygon","coordinates":[[[31.56392466459532,30.277468084509316],[31.563918270387145,30.277454984694266],[31.563912659509878,30.27745705602602],[31.563919053718053,30.277470155840845],[31.56392466459532,30.277468084509316]]]}},{"type":"Feature","properties":{"Electric_Facility_Type":"بيلر","Easting":"031° 33' 35.27\" E","Northing":"30° 16' 38.67\" N","Description":null,"ID":"10/2/3_4","sectors":"القطاع الثالث","Implementing":"شركة الكتروالهانى","SHAPE_Length":5.017052186209403,"SHAPE_Area":1.2447559594224478,"__networkId":"electricity","__networkName":"شبكة الكهرباء","__layerId":"electricity_facilities","__layerName":"منشآت شبكة الكهرباء","__assetName":"منشآت الكهرباء","__geometryKind":"polygon","__featureIndex":390,"__length_m":5.02,"__area_m2":1.24,"__typeValue":"بيلر"},"geometry":{"type":"Polygon","coordinates":[[[31.561483584438896,30.277575322015423],[31.561469647077264,30.27756783342291],[31.561466444583274,30.277572336818753],[31.56148038284321,30.277579825410935],[31.561483584438896,30.277575322015423]]]}},{"type":"Feature","properties":{"Electric_Facility_Type":"بيلر","Easting":"031° 33' 37.06\" E","Northing":"30° 16' 39.14\" N","Description":null,"ID":"10/2/3_3","sectors":"القطاع الثالث","Implementing":"شركة الكتروالهانى","SHAPE_Length":5.024949848997592,"SHAPE_Area":1.244591052882862,"__networkId":"electricity","__networkName":"شبكة الكهرباء","__layerId":"electricity_facilities","__layerName":"منشآت شبكة الكهرباء","__assetName":"منشآت الكهرباء","__geometryKind":"polygon","__featureIndex":391,"__length_m":5.02,"__area_m2":1.24,"__typeValue":"بيلر"},"geometry":{"type":"Polygon","coordinates":[[[31.56197534109005,30.27769899503347],[31.561969258597234,30.277698627314834],[31.56196809707559,30.277712817840776],[31.561974178670074,30.27771318555937],[31.56197534109005,30.27769899503347]]]}},{"type":"Feature","properties":{"Electric_Facility_Type":"بيلر","Easting":"031° 33' 28.91\" E","Northing":"30° 16' 39.28\" N","Description":null,"ID":"3/3/3_3","sectors":"القطاع الثالث","Implementing":"شركة الكتروالهانى","SHAPE_Length":5.0195549154041395,"SHAPE_Area":1.2446093587574802,"__networkId":"electricity","__networkName":"شبكة الكهرباء","__layerId":"electricity_facilities","__layerName":"منشآت شبكة الكهرباء","__assetName":"منشآت الكهرباء","__geometryKind":"polygon","__featureIndex":392,"__length_m":5.02,"__area_m2":1.24,"__typeValue":"بيلر"},"geometry":{"type":"Polygon","coordinates":[[[31.55971630452592,30.27774695903379],[31.559704867175743,30.277736766869936],[31.55970050675333,30.277740464225275],[31.559711942306915,30.277750656388736],[31.55971630452592,30.27774695903379]]]}},{"type":"Feature","properties":{"Electric_Facility_Type":"بيلر","Easting":"031° 33' 30.32\" E","Northing":"30° 16' 39.94\" N","Description":null,"ID":"3/3/3_4","sectors":"القطاع الثالث","Implementing":"شركة الكتروالهانى","SHAPE_Length":5.020956598669302,"SHAPE_Area":1.2447595339641135,"__networkId":"electricity","__networkName":"شبكة الكهرباء","__layerId":"electricity_facilities","__layerName":"منشآت شبكة الكهرباء","__assetName":"منشآت الكهرباء","__geometryKind":"polygon","__featureIndex":393,"__length_m":5.02,"__area_m2":1.24,"__typeValue":"بيلر"},"geometry":{"type":"Polygon","coordinates":[[[31.560105740371284,30.277924437345305],[31.560100904740104,30.27792121399603],[31.56009090020277,30.277932482917734],[31.560095735833944,30.277935707042428],[31.560105740371284,30.277924437345305]]]}},{"type":"Feature","properties":{"Electric_Facility_Type":"بيلر","Easting":"031° 33' 49.25\" E","Northing":"30° 16' 40.14\" N","Description":null,"ID":"7/2/3_5","sectors":"القطاع الثالث","Implementing":"شركة الكتروالهانى","SHAPE_Length":5.020484385957568,"SHAPE_Area":1.2446630327183046,"__networkId":"electricity","__networkName":"شبكة الكهرباء","__layerId":"electricity_facilities","__layerName":"منشآت شبكة الكهرباء","__assetName":"منشآت الكهرباء","__geometryKind":"polygon","__featureIndex":394,"__length_m":5.02,"__area_m2":1.24,"__typeValue":"بيلر"},"geometry":{"type":"Polygon","coordinates":[[[31.56536445738324,30.27798022493213],[31.565359736736426,30.277976875909058],[31.565349344126904,30.277987877957596],[31.56535406567205,30.277991226204502],[31.56536445738324,30.27798022493213]]]}},{"type":"Feature","properties":{"Electric_Facility_Type":"بيلر","Easting":"031° 33' 48.29\" E","Northing":"30° 16' 40.93\" N","Description":null,"ID":"7/2/3_3","sectors":"القطاع الثالث","Implementing":"شركة الكتروالهانى","SHAPE_Length":5.020713401448374,"SHAPE_Area":1.2447274745329233,"__networkId":"electricity","__networkName":"شبكة الكهرباء","__layerId":"electricity_facilities","__layerName":"منشآت شبكة الكهرباء","__assetName":"منشآت الكهرباء","__geometryKind":"polygon","__featureIndex":395,"__length_m":5.02,"__area_m2":1.24,"__typeValue":"بيلر"},"geometry":{"type":"Polygon","coordinates":[[[31.565099599003187,30.278206915593646],[31.565089118358788,30.27819597563158],[31.56508443633951,30.27819936498747],[31.565094916983952,30.27821030494915],[31.565099599003187,30.278206915593646]]]}},{"type":"Feature","properties":{"Electric_Facility_Type":"بيلر","Easting":"031° 33' 29.05\" E","Northing":"30° 16' 41.77\" N","Description":null,"ID":"3/3/3_1","sectors":"القطاع الثالث","Implementing":"شركة الكتروالهانى","SHAPE_Length":5.02109706418295,"SHAPE_Area":1.2448421338142406,"__networkId":"electricity","__networkName":"شبكة الكهرباء","__layerId":"electricity_facilities","__layerName":"منشآت شبكة الكهرباء","__assetName":"منشآت الكهرباء","__geometryKind":"polygon","__featureIndex":396,"__length_m":5.02,"__area_m2":1.24,"__typeValue":"بيلر"},"geometry":{"type":"Polygon","coordinates":[[[31.559754510773274,30.278432871075523],[31.5597496751421,30.278429646967158],[31.55973967060479,30.278440916606268],[31.559744506235965,30.27844414071425],[31.559754510773274,30.278432871075523]]]}},{"type":"Feature","properties":{"Electric_Facility_Type":"بيلر","Easting":"031° 33' 44.57\" E","Northing":"30° 16' 41.95\" N","Description":null,"ID":"7/2/3_2","sectors":"القطاع الثالث","Implementing":"شركة الكتروالهانى","SHAPE_Length":5.022504979428707,"SHAPE_Area":1.2446552564739388,"__networkId":"electricity","__networkName":"شبكة الكهرباء","__layerId":"electricity_facilities","__layerName":"منشآت شبكة الكهرباء","__assetName":"منشآت الكهرباء","__geometryKind":"polygon","__featureIndex":397,"__length_m":5.02,"__area_m2":1.24,"__typeValue":"بيلر"},"geometry":{"type":"Polygon","coordinates":[[[31.56406572524777,30.278490782435735],[31.564057729343407,30.278478362333068],[31.564052411316926,30.278480950307113],[31.564060407221287,30.278493369633658],[31.56406572524777,30.278490782435735]]]}},{"type":"Feature","properties":{"Electric_Facility_Type":"بيلر","Easting":"031° 33' 46.46\" E","Northing":"30° 16' 42.33\" N","Description":null,"ID":"7/2/3_1","sectors":"القطاع الثالث","Implementing":"شركة الكتروالهانى","SHAPE_Length":5.020713397105343,"SHAPE_Area":1.2447274692808228,"__networkId":"electricity","__networkName":"شبكة الكهرباء","__layerId":"electricity_facilities","__layerName":"منشآت شبكة الكهرباء","__assetName":"منشآت الكهرباء","__geometryKind":"polygon","__featureIndex":398,"__length_m":5.02,"__area_m2":1.24,"__typeValue":"بيلر"},"geometry":{"type":"Polygon","coordinates":[[[31.564589761062027,30.278594915741557],[31.56457928041759,30.278583975822745],[31.56457459839832,30.278587365165173],[31.564585079042754,30.278598305083598],[31.564589761062027,30.278594915741557]]]}},{"type":"Feature","properties":{"Electric_Facility_Type":"بيلر","Easting":"031° 33' 36.22\" E","Northing":"30° 16' 42.57\" N","Description":null,"ID":"9/2/3_2","sectors":"القطاع الثالث","Implementing":"شركة الكتروالهانى","SHAPE_Length":5.024434978386632,"SHAPE_Area":1.2447663027732343,"__networkId":"electricity","__networkName":"شبكة الكهرباء","__layerId":"electricity_facilities","__layerName":"منشآت شبكة الكهرباء","__assetName":"منشآت الكهرباء","__geometryKind":"polygon","__featureIndex":399,"__length_m":5.02,"__area_m2":1.24,"__typeValue":"بيلر"},"geometry":{"type":"Polygon","coordinates":[[[31.561744256669705,30.278652350683195],[31.561738405942275,30.278650861204323],[31.56173376794046,30.27866450700197],[31.561739618667925,30.278665996480637],[31.561744256669705,30.278652350683195]]]}},{"type":"Feature","properties":{"Electric_Facility_Type":"بيلر","Easting":"031° 33' 30.56\" E","Northing":"30° 16' 42.78\" N","Description":null,"ID":"3/3/3_2","sectors":"القطاع الثالث","Implementing":"شركة الكتروالهانى","SHAPE_Length":5.017453453580266,"SHAPE_Area":1.2445800900210773,"__networkId":"electricity","__networkName":"شبكة الكهرباء","__layerId":"electricity_facilities","__layerName":"منشآت شبكة الكهرباء","__assetName":"منشآت الكهرباء","__geometryKind":"polygon","__featureIndex":400,"__length_m":5.02,"__area_m2":1.24,"__typeValue":"بيلر"},"geometry":{"type":"Polygon","coordinates":[[[31.560174821714945,30.27871840051422],[31.56016148173298,30.278710133911847],[31.560157945964,30.27871444408864],[31.560171285945966,30.278722711466365],[31.560174821714945,30.27871840051422]]]}},{"type":"Feature","properties":{"Electric_Facility_Type":"بيلر","Easting":"031° 33' 40.55\" E","Northing":"30° 16' 42.87\" N","Description":null,"ID":"9/2/3_4","sectors":"القطاع الثالث","Implementing":"شركة الكتروالهانى","SHAPE_Length":5.025232860690078,"SHAPE_Area":1.2447591518106966,"__networkId":"electricity","__networkName":"شبكة الكهرباء","__layerId":"electricity_facilities","__layerName":"منشآت شبكة الكهرباء","__assetName":"منشآت الكهرباء","__geometryKind":"polygon","__featureIndex":401,"__length_m":5.03,"__area_m2":1.24,"__typeValue":"بيلر"},"geometry":{"type":"Polygon","coordinates":[[[31.562944634959692,30.278749480946885],[31.562942987449485,30.278735325480483],[31.562936922024683,30.278735865416117],[31.562938569534897,30.27875002010671],[31.562944634959692,30.278749480946885]]]}},{"type":"Feature","properties":{"Electric_Facility_Type":"بيلر","Easting":"031° 33' 38.06\" E","Northing":"30° 16' 43.1\" N","Description":null,"ID":"9/2/3_3","sectors":"القطاع الثالث","Implementing":"شركة الكتروالهانى","SHAPE_Length":5.025253132469825,"SHAPE_Area":1.2447143263818428,"__networkId":"electricity","__networkName":"شبكة الكهرباء","__layerId":"electricity_facilities","__layerName":"منشآت شبكة الكهرباء","__assetName":"منشآت الكهرباء","__geometryKind":"polygon","__featureIndex":402,"__length_m":5.03,"__area_m2":1.24,"__typeValue":"بيلر"},"geometry":{"type":"Polygon","coordinates":[[[31.562253013937628,30.27881136173015],[31.562251366427382,30.27879720627268],[31.56224530100258,30.278797746207967],[31.562246949411122,30.278811901665367],[31.562253013937628,30.27881136173015]]]}},{"type":"Feature","properties":{"Electric_Facility_Type":"بيلر","Easting":"031° 33' 42.78\" E","Northing":"30° 16' 44.01\" N","Description":null,"ID":"9/2/3_5","sectors":"القطاع الثالث","Implementing":"شركة الكتروالهانى","SHAPE_Length":5.022330951445269,"SHAPE_Area":1.244573436199459,"__networkId":"electricity","__networkName":"شبكة الكهرباء","__layerId":"electricity_facilities","__layerName":"منشآت شبكة الكهرباء","__assetName":"منشآت الكهرباء","__geometryKind":"polygon","__featureIndex":403,"__length_m":5.02,"__area_m2":1.24,"__typeValue":"بيلر"},"geometry":{"type":"Polygon","coordinates":[[[31.56356586489444,30.279062738483482],[31.56355786899007,30.279050319229043],[31.563552551861918,30.279052907188],[31.563560546867958,30.27906532644217],[31.56356586489444,30.279062738483482]]]}},{"type":"Feature","properties":{"Electric_Facility_Type":"بيلر","Easting":"031° 33' 33.57\" E","Northing":"30° 16' 44.11\" N","Description":null,"ID":"3/3/3_5","sectors":"القطاع الثالث","Implementing":"شركة الكتروالهانى","SHAPE_Length":5.024051222191188,"SHAPE_Area":1.2445252743438717,"__networkId":"electricity","__networkName":"شبكة الكهرباء","__layerId":"electricity_facilities","__layerName":"منشآت شبكة الكهرباء","__assetName":"منشآت الكهرباء","__geometryKind":"polygon","__featureIndex":404,"__length_m":5.02,"__area_m2":1.24,"__typeValue":"بيلر"},"geometry":{"type":"Polygon","coordinates":[[[31.561008140294973,30.279079674251108],[31.561002290465836,30.27907818477879],[31.560997652464057,30.27909182974117],[31.561003502293154,30.27909331921335],[31.561008140294973,30.279079674251108]]]}},{"type":"Feature","properties":{"Electric_Facility_Type":"بيلر","Easting":"031° 33' 35.23\" E","Northing":"30° 16' 44.52\" N","Description":null,"ID":"9/2/3_1","sectors":"القطاع الثالث","Implementing":"شركة الكتروالهانى","SHAPE_Length":5.015381816620252,"SHAPE_Area":1.244897367508893,"__networkId":"electricity","__networkName":"شبكة الكهرباء","__layerId":"electricity_facilities","__layerName":"منشآت شبكة الكهرباء","__assetName":"منشآت الكهرباء","__geometryKind":"polygon","__featureIndex":405,"__length_m":5.02,"__area_m2":1.24,"__typeValue":"بيلر"},"geometry":{"type":"Polygon","coordinates":[[[31.561472330344994,30.279200205073042],[31.561456897288426,30.279195408512376],[31.561454850027907,30.27920039358417],[31.561470283084475,30.279205190144587],[31.561472330344994,30.279200205073042]]]}},{"type":"Feature","properties":{"Electric_Facility_Type":"كشك","Easting":"031° 33' 5.07\" E","Northing":"30° 16' 35.95\" N","Description":null,"ID":"TR3/4/3","sectors":"القطاع الخامس","Implementing":"شركة الكتروالهانى","SHAPE_Length":39.43323198059875,"SHAPE_Area":96.10107071252298,"__networkId":"electricity","__networkName":"شبكة الكهرباء","__layerId":"electricity_facilities","__layerName":"منشآت شبكة الكهرباء","__assetName":"منشآت الكهرباء","__geometryKind":"polygon","__featureIndex":406,"__length_m":39.43,"__area_m2":96.1,"__typeValue":"كشك"},"geometry":{"type":"Polygon","coordinates":[[[31.553147418926553,30.27682229862661],[31.55307483505161,30.276765548407987],[31.553021970993754,30.276816486447466],[31.55309455486873,30.276873235860833],[31.553147418926553,30.27682229862661]]]}},{"type":"Feature","properties":{"Electric_Facility_Type":"كشك","Easting":"031° 33' 14.87\" E","Northing":"30° 16' 43.61\" N","Description":null,"ID":"TR7/4/3","sectors":"القطاع الخامس","Implementing":"شركة الكتروالهانى","SHAPE_Length":39.433988062787506,"SHAPE_Area":96.10442602679527,"__networkId":"electricity","__networkName":"شبكة الكهرباء","__layerId":"electricity_facilities","__layerName":"منشآت شبكة الكهرباء","__assetName":"منشآت الكهرباء","__geometryKind":"polygon","__featureIndex":407,"__length_m":39.43,"__area_m2":96.1,"__typeValue":"كشك"},"geometry":{"type":"Polygon","coordinates":[[[31.555869360949853,30.278950335213093],[31.555796771684996,30.27889358700083],[31.555743908525464,30.27894452393577],[31.555816496891993,30.279001272118578],[31.555869360949853,30.278950335213093]]]}},{"type":"Feature","properties":{"Electric_Facility_Type":"كشك","Easting":"031° 33' 20.73\" E","Northing":"30° 16' 48.2\" N","Description":null,"ID":"TR4/3/3","sectors":"القطاع الخامس","Implementing":"شركة الكتروالهانى","SHAPE_Length":39.43486568875077,"SHAPE_Area":96.10860472307016,"__networkId":"electricity","__networkName":"شبكة الكهرباء","__layerId":"electricity_facilities","__layerName":"منشآت شبكة الكهرباء","__assetName":"منشآت الكهرباء","__geometryKind":"polygon","__featureIndex":408,"__length_m":39.43,"__area_m2":96.11,"__typeValue":"كشك"},"geometry":{"type":"Polygon","coordinates":[[[31.557498520396308,30.280223956269868],[31.55742592933482,30.280167206466817],[31.55737306617529,30.28021814584374],[31.55744565723678,30.280274893290024],[31.557498520396308,30.280223956269868]]]}},{"type":"Feature","properties":{"Electric_Facility_Type":"كشك","Easting":"031° 33' 13.97\" E","Northing":"30° 16' 37.74\" N","Description":null,"ID":"TR5/3/3","sectors":"القطاع الخامس","Implementing":"شركة الكتروالهانى","SHAPE_Length":39.436097184821,"SHAPE_Area":96.1035564665479,"__networkId":"electricity","__networkName":"شبكة الكهرباء","__layerId":"electricity_facilities","__layerName":"منشآت شبكة الكهرباء","__assetName":"منشآت الكهرباء","__geometryKind":"polygon","__featureIndex":409,"__length_m":39.44,"__area_m2":96.1,"__typeValue":"كشك"},"geometry":{"type":"Polygon","coordinates":[[[31.55556049500233,30.277262470119112],[31.55549471586567,30.27732516097933],[31.555553114443974,30.27737132224882],[31.55561889358064,30.277308631418084],[31.55556049500233,30.277262470119112]]]}},{"type":"Feature","properties":{"Electric_Facility_Type":"بيلر","Easting":"031° 33' 6.47\" E","Northing":"30° 16' 29.28\" N","Description":null,"ID":"6_2/4/3","sectors":"القطاع الخامس","Implementing":"شركة الكتروالهانى","SHAPE_Length":5.020601347866079,"SHAPE_Area":1.2448006819588688,"__networkId":"electricity","__networkName":"شبكة الكهرباء","__layerId":"electricity_facilities","__layerName":"منشآت شبكة الكهرباء","__assetName":"منشآت الكهرباء","__geometryKind":"polygon","__featureIndex":410,"__length_m":5.02,"__area_m2":1.24,"__typeValue":"بيلر"},"geometry":{"type":"Polygon","coordinates":[[[31.553480470216464,30.27496332633378],[31.55347580706183,30.274959917471172],[31.55346522939938,30.274970787196242],[31.553469894350634,30.274974196058466],[31.553480470216464,30.27496332633378]]]}},{"type":"Feature","properties":{"Electric_Facility_Type":"بيلر","Easting":"031° 33' 10.18\" E","Northing":"30° 16' 29.47\" N","Description":null,"ID":"4_2/4/3","sectors":"القطاع الخامس","Implementing":"شركة الكتروالهانى","SHAPE_Length":5.020589382491817,"SHAPE_Area":1.244833587171819,"__networkId":"electricity","__networkName":"شبكة الكهرباء","__layerId":"electricity_facilities","__layerName":"منشآت شبكة الكهرباء","__assetName":"منشآت الكهرباء","__geometryKind":"polygon","__featureIndex":411,"__length_m":5.02,"__area_m2":1.24,"__typeValue":"بيلر"},"geometry":{"type":"Polygon","coordinates":[[[31.554511523261926,30.275015811476],[31.554506859208963,30.275012402615275],[31.55449628244481,30.275023271558723],[31.554500946497768,30.275026681194888],[31.554511523261926,30.275015811476]]]}},{"type":"Feature","properties":{"Electric_Facility_Type":"بيلر","Easting":"031° 33' 8.5\" E","Northing":"30° 16' 29.75\" N","Description":null,"ID":"5_2/4/3","sectors":"القطاع الخامس","Implementing":"شركة الكتروالهانى","SHAPE_Length":5.020320018568871,"SHAPE_Area":1.24461663569926,"__networkId":"electricity","__networkName":"شبكة الكهرباء","__layerId":"electricity_facilities","__layerName":"منشآت شبكة الكهرباء","__assetName":"منشآت الكهرباء","__geometryKind":"polygon","__featureIndex":412,"__length_m":5.02,"__area_m2":1.24,"__typeValue":"بيلر"},"geometry":{"type":"Polygon","coordinates":[[[31.55404605221431,30.275093112831467],[31.55404138905965,30.27508970397337],[31.55403081319382,30.27510057368407],[31.554035476348453,30.2751039825418],[31.55404605221431,30.275093112831467]]]}},{"type":"Feature","properties":{"Electric_Facility_Type":"بيلر","Easting":"031° 33' 7.31\" E","Northing":"30° 16' 31.41\" N","Description":null,"ID":"3_2/4/3","sectors":"القطاع الخامس","Implementing":"شركة الكتروالهانى","SHAPE_Length":5.020331517276196,"SHAPE_Area":1.2446719164158468,"__networkId":"electricity","__networkName":"شبكة الكهرباء","__layerId":"electricity_facilities","__layerName":"منشآت شبكة الكهرباء","__assetName":"منشآت الكهرباء","__geometryKind":"polygon","__featureIndex":413,"__length_m":5.02,"__area_m2":1.24,"__typeValue":"بيلر"},"geometry":{"type":"Polygon","coordinates":[[[31.553716415420805,30.27555316018439],[31.55371175136784,30.27554975211808],[31.55370117550201,30.275560621002022],[31.55370583955494,30.27556402984377],[31.553716415420805,30.27555316018439]]]}},{"type":"Feature","properties":{"Electric_Facility_Type":"بيلر","Easting":"031° 33' 10.32\" E","Northing":"30° 16' 31.89\" N","Description":null,"ID":"2_2/4/3","sectors":"القطاع الخامس","Implementing":"شركة الكتروالهانى","SHAPE_Length":5.018898332351323,"SHAPE_Area":1.2447132678233046,"__networkId":"electricity","__networkName":"شبكة الكهرباء","__layerId":"electricity_facilities","__layerName":"منشآت شبكة الكهرباء","__assetName":"منشآت الكهرباء","__geometryKind":"polygon","__featureIndex":414,"__length_m":5.02,"__area_m2":1.24,"__typeValue":"بيلر"},"geometry":{"type":"Polygon","coordinates":[[[31.55455120544128,30.275695259299013],[31.554538927267984,30.27568583263046],[31.55453489473068,30.275689801590815],[31.554547172903973,30.27569922825905],[31.55455120544128,30.275695259299013]]]}},{"type":"Feature","properties":{"Electric_Facility_Type":"بيلر","Easting":"031° 33' 1.28\" E","Northing":"30° 16' 33.22\" N","Description":null,"ID":"6_5/4/3","sectors":"القطاع الخامس","Implementing":"شركة الكتروالهانى","SHAPE_Length":5.019704561989223,"SHAPE_Area":1.2446158914972252,"__networkId":"electricity","__networkName":"شبكة الكهرباء","__layerId":"electricity_facilities","__layerName":"منشآت شبكة الكهرباء","__assetName":"منشآت الكهرباء","__geometryKind":"polygon","__featureIndex":415,"__length_m":5.02,"__area_m2":1.24,"__typeValue":"بيلر"},"geometry":{"type":"Polygon","coordinates":[[[31.552041202942984,30.276062952196426],[31.552029994663197,30.27605257056471],[31.55202555249412,30.276056195834947],[31.552036760773902,30.276066575914733],[31.552041202942984,30.276062952196426]]]}},{"type":"Feature","properties":{"Electric_Facility_Type":"بيلر","Easting":"031° 33' 14.87\" E","Northing":"30° 16' 33.16\" N","Description":null,"ID":"5_8/4/3","sectors":"القطاع الخامس","Implementing":"شركة الكتروالهانى","SHAPE_Length":5.019721588064104,"SHAPE_Area":1.2444377597763443,"__networkId":"electricity","__networkName":"شبكة الكهرباء","__layerId":"electricity_facilities","__layerName":"منشآت شبكة الكهرباء","__assetName":"منشآت الكهرباء","__geometryKind":"polygon","__featureIndex":416,"__length_m":5.02,"__area_m2":1.24,"__typeValue":"بيلر"},"geometry":{"type":"Polygon","coordinates":[[[31.555816570553855,30.27604082121261],[31.555812001722316,30.276037317740954],[31.555801131209073,30.276047964694733],[31.555805699142283,30.276051468166003],[31.555816570553855,30.27604082121261]]]}},{"type":"Feature","properties":{"Electric_Facility_Type":"بيلر","Easting":"031° 33' 12.05\" E","Northing":"30° 16' 33.28\" N","Description":null,"ID":"1_2/4/3","sectors":"القطاع الخامس","Implementing":"شركة الكتروالهانى","SHAPE_Length":5.020136204657193,"SHAPE_Area":1.2447411801118204,"__networkId":"electricity","__networkName":"شبكة الكهرباء","__layerId":"electricity_facilities","__layerName":"منشآت شبكة الكهرباء","__assetName":"منشآت الكهرباء","__geometryKind":"polygon","__featureIndex":417,"__length_m":5.02,"__area_m2":1.24,"__typeValue":"بيلر"},"geometry":{"type":"Polygon","coordinates":[[[31.555030965990124,30.276073491312495],[31.55502639715858,30.276069987066254],[31.555015524848713,30.276080634016427],[31.555020094578552,30.27608413826235],[31.555030965990124,30.276073491312495]]]}},{"type":"Feature","properties":{"Electric_Facility_Type":"بيلر","Easting":"031° 33' 6.4\" E","Northing":"30° 16' 33.96\" N","Description":null,"ID":"3_5/4/3","sectors":"القطاع الخامس","Implementing":"شركة الكتروالهانى","SHAPE_Length":5.020166404280573,"SHAPE_Area":1.244571916514381,"__networkId":"electricity","__networkName":"شبكة الكهرباء","__layerId":"electricity_facilities","__layerName":"منشآت شبكة الكهرباء","__assetName":"منشآت الكهرباء","__geometryKind":"polygon","__featureIndex":418,"__length_m":5.02,"__area_m2":1.24,"__typeValue":"بيلر"},"geometry":{"type":"Polygon","coordinates":[[[31.553462473368082,30.276263607928488],[31.553457810213413,30.276260199111043],[31.55344723344929,30.276271067916305],[31.553451897502217,30.276274475957564],[31.553462473368082,30.276263607928488]]]}},{"type":"Feature","properties":{"Electric_Facility_Type":"بيلر","Easting":"031° 33' 3.09\" E","Northing":"30° 16' 34.25\" N","Description":null,"ID":"1_5/4/3","sectors":"القطاع الخامس","Implementing":"شركة الكتروالهانى","SHAPE_Length":5.020307580803184,"SHAPE_Area":1.2446567463782674,"__networkId":"electricity","__networkName":"شبكة الكهرباء","__layerId":"electricity_facilities","__layerName":"منشآت شبكة الكهرباء","__assetName":"منشآت الكهرباء","__geometryKind":"polygon","__featureIndex":419,"__length_m":5.02,"__area_m2":1.24,"__typeValue":"بيلر"},"geometry":{"type":"Polygon","coordinates":[[[31.552543766327013,30.276341997508226],[31.55253910317235,30.2763385879177],[31.552528526408192,30.27634945749009],[31.552533190461155,30.276352865528636],[31.552543766327013,30.276341997508226]]]}},{"type":"Feature","properties":{"Electric_Facility_Type":"بيلر","Easting":"031° 33' 7.09\" E","Northing":"30° 16' 35.03\" N","Description":null,"ID":"4_5/4/3","sectors":"القطاع الخامس","Implementing":"شركة الكتروالهانى","SHAPE_Length":5.01995853244077,"SHAPE_Area":1.2446506375855138,"__networkId":"electricity","__networkName":"شبكة الكهرباء","__layerId":"electricity_facilities","__layerName":"منشآت شبكة الكهرباء","__assetName":"منشآت الكهرباء","__geometryKind":"polygon","__featureIndex":420,"__length_m":5.02,"__area_m2":1.24,"__typeValue":"بيلر"},"geometry":{"type":"Polygon","coordinates":[[[31.55365440651336,30.276561616003107],[31.553649923920077,30.276558029540897],[31.553638795590366,30.276568476285174],[31.553643278183614,30.276572062747064],[31.55365440651336,30.276561616003107]]]}},{"type":"Feature","properties":{"Electric_Facility_Type":"بيلر","Easting":"031° 33' 4.38\" E","Northing":"30° 16' 35.24\" N","Description":null,"ID":"2_5/4/3","sectors":"القطاع الخامس","Implementing":"شركة الكتروالهانى","SHAPE_Length":5.0170705237462805,"SHAPE_Area":1.244503046183881,"__networkId":"electricity","__networkName":"شبكة الكهرباء","__layerId":"electricity_facilities","__layerName":"منشآت شبكة الكهرباء","__assetName":"منشآت الكهرباء","__geometryKind":"polygon","__featureIndex":421,"__length_m":5.02,"__area_m2":1.24,"__typeValue":"بيلر"},"geometry":{"type":"Polygon","coordinates":[[[31.552902943320316,30.276623844166647],[31.55288933384375,30.276615914079144],[31.552885943601872,30.276620311235945],[31.5528995521801,30.276628241323092],[31.552902943320316,30.276623844166647]]]}},{"type":"Feature","properties":{"Electric_Facility_Type":"بيلر","Easting":"031° 33' 14.98\" E","Northing":"30° 16' 35.57\" N","Description":null,"ID":"6_8/4/3","sectors":"القطاع الخامس","Implementing":"شركة الكتروالهانى","SHAPE_Length":5.020127583737036,"SHAPE_Area":1.244695152450955,"__networkId":"electricity","__networkName":"شبكة الكهرباء","__layerId":"electricity_facilities","__layerName":"منشآت شبكة الكهرباء","__assetName":"منشآت الكهرباء","__geometryKind":"polygon","__featureIndex":422,"__length_m":5.02,"__area_m2":1.24,"__typeValue":"بيلر"},"geometry":{"type":"Polygon","coordinates":[[[31.555846844677237,30.276710283010164],[31.555842275845695,30.2767067787866],[31.555831403535826,30.27671742566775],[31.555835972367365,30.276720929890935],[31.555846844677237,30.276710283010164]]]}},{"type":"Feature","properties":{"Electric_Facility_Type":"بيلر","Easting":"031° 33' 12.86\" E","Northing":"30° 16' 35.82\" N","Description":null,"ID":"4_8/4/3","sectors":"القطاع الخامس","Implementing":"شركة الكتروالهانى","SHAPE_Length":5.020127583737036,"SHAPE_Area":1.244695152450955,"__networkId":"electricity","__networkName":"شبكة الكهرباء","__layerId":"electricity_facilities","__layerName":"منشآت شبكة الكهرباء","__assetName":"منشآت الكهرباء","__geometryKind":"polygon","__featureIndex":423,"__length_m":5.02,"__area_m2":1.24,"__typeValue":"بيلر"},"geometry":{"type":"Polygon","coordinates":[[[31.55525739534064,30.276780453566882],[31.555252826509104,30.276776949345827],[31.55524195419923,30.276787596219368],[31.55524652303077,30.276791100440043],[31.55525739534064,30.276780453566882]]]}},{"type":"Feature","properties":{"Electric_Facility_Type":"بيلر","Easting":"031° 33' 18.81\" E","Northing":"30° 16' 36.25\" N","Description":null,"ID":"6_8/3/3","sectors":"القطاع الخامس","Implementing":"شركة الكتروالهانى","SHAPE_Length":5.019540534906179,"SHAPE_Area":1.2445082802672847,"__networkId":"electricity","__networkName":"شبكة الكهرباء","__layerId":"electricity_facilities","__layerName":"منشآت شبكة الكهرباء","__assetName":"منشآت الكهرباء","__geometryKind":"polygon","__featureIndex":424,"__length_m":5.02,"__area_m2":1.24,"__typeValue":"بيلر"},"geometry":{"type":"Polygon","coordinates":[[[31.556908979431537,30.276898621071282],[31.556904496838257,30.27689503462133],[31.556893370305136,30.276905480553996],[31.556897852898427,30.276909067003515],[31.556908979431537,30.276898621071282]]]}},{"type":"Feature","properties":{"Electric_Facility_Type":"بيلر","Easting":"031° 33' 8.81\" E","Northing":"30° 16' 36.39\" N","Description":null,"ID":"5_5/4/3","sectors":"القطاع الخامس","Implementing":"شركة الكتروالهانى","SHAPE_Length":5.019952903894307,"SHAPE_Area":1.2446876265646543,"__networkId":"electricity","__networkName":"شبكة الكهرباء","__layerId":"electricity_facilities","__layerName":"منشآت شبكة الكهرباء","__assetName":"منشآت الكهرباء","__geometryKind":"polygon","__featureIndex":425,"__length_m":5.02,"__area_m2":1.24,"__typeValue":"بيلر"},"geometry":{"type":"Polygon","coordinates":[[[31.554131648186143,30.276937518878057],[31.554127165592895,30.276933932429518],[31.55411603726315,30.27694437835805],[31.554120519856397,30.276947965581943],[31.554131648186143,30.276937518878057]]]}},{"type":"Feature","properties":{"Electric_Facility_Type":"بيلر","Easting":"031° 33' 11.92\" E","Northing":"30° 16' 36.72\" N","Description":null,"ID":"3_8/4/3","sectors":"القطاع الخامس","Implementing":"شركة الكتروالهانى","SHAPE_Length":5.019670297371756,"SHAPE_Area":1.2445103034056844,"__networkId":"electricity","__networkName":"شبكة الكهرباء","__layerId":"electricity_facilities","__layerName":"منشآت شبكة الكهرباء","__assetName":"منشآت الكهرباء","__geometryKind":"polygon","__featureIndex":426,"__length_m":5.02,"__area_m2":1.24,"__typeValue":"بيلر"},"geometry":{"type":"Polygon","coordinates":[[[31.554995991881164,30.27703004191199],[31.554991509287913,30.27702645546683],[31.554980381856467,30.277036901385515],[31.554984863551418,30.27704048783029],[31.554995991881164,30.27703004191199]]]}},{"type":"Feature","properties":{"Electric_Facility_Type":"بيلر","Easting":"031° 33' 19.96\" E","Northing":"30° 16' 37.15\" N","Description":null,"ID":"5_8/3/3","sectors":"القطاع الخامس","Implementing":"شركة الكتروالهانى","SHAPE_Length":5.019822646679468,"SHAPE_Area":1.2446079652324058,"__networkId":"electricity","__networkName":"شبكة الكهرباء","__layerId":"electricity_facilities","__layerName":"منشآت شبكة الكهرباء","__assetName":"منشآت الكهرباء","__geometryKind":"polygon","__featureIndex":427,"__length_m":5.02,"__area_m2":1.24,"__typeValue":"بيلر"},"geometry":{"type":"Polygon","coordinates":[[[31.55722891531829,30.27715017649932],[31.557224431826683,30.277146590834345],[31.557213304395265,30.277157036740245],[31.557217786988552,30.27716062318056],[31.55722891531829,30.27715017649932]]]}},{"type":"Feature","properties":{"Electric_Facility_Type":"بيلر","Easting":"031° 33' 21.58\" E","Northing":"30° 16' 38.43\" N","Description":null,"ID":"2_8/3/3","sectors":"القطاع الخامس","Implementing":"شركة الكتروالهانى","SHAPE_Length":5.020105744204175,"SHAPE_Area":1.2447817366838427,"__networkId":"electricity","__networkName":"شبكة الكهرباء","__layerId":"electricity_facilities","__layerName":"منشآت شبكة الكهرباء","__assetName":"منشآت الكهرباء","__geometryKind":"polygon","__featureIndex":428,"__length_m":5.02,"__area_m2":1.24,"__typeValue":"بيلر"},"geometry":{"type":"Polygon","coordinates":[[[31.55768023790016,30.277505570172103],[31.557675755306906,30.277501982968595],[31.557664626977168,30.277512430388196],[31.557669110468744,30.27751601681552],[31.55768023790016,30.277505570172103]]]}},{"type":"Feature","properties":{"Electric_Facility_Type":"بيلر","Easting":"031° 33' 8.83\" E","Northing":"30° 16' 38.73\" N","Description":null,"ID":"2_8/4/3","sectors":"القطاع الخامس","Implementing":"شركة الكتروالهانى","SHAPE_Length":5.019681604367332,"SHAPE_Area":1.2445987232554097,"__networkId":"electricity","__networkName":"شبكة الكهرباء","__layerId":"electricity_facilities","__layerName":"منشآت شبكة الكهرباء","__assetName":"منشآت الكهرباء","__geometryKind":"polygon","__featureIndex":429,"__length_m":5.02,"__area_m2":1.24,"__typeValue":"بيلر"},"geometry":{"type":"Polygon","coordinates":[[[31.554137768408168,30.277588185201967],[31.55413328581492,30.277584598777217],[31.55412215838347,30.277595044636488],[31.55412664187505,30.277598631060858],[31.554137768408168,30.277588185201967]]]}},{"type":"Feature","properties":{"Electric_Facility_Type":"بيلر","Easting":"031° 33' 11.88\" E","Northing":"30° 16' 38.79\" N","Description":null,"ID":"1_8/4/3","sectors":"القطاع الخامس","Implementing":"شركة الكتروالهانى","SHAPE_Length":5.019958064978729,"SHAPE_Area":1.244735387373016,"__networkId":"electricity","__networkName":"شبكة الكهرباء","__layerId":"electricity_facilities","__layerName":"منشآت شبكة الكهرباء","__assetName":"منشآت الكهرباء","__geometryKind":"polygon","__featureIndex":430,"__length_m":5.02,"__area_m2":1.24,"__typeValue":"بيلر"},"geometry":{"type":"Polygon","coordinates":[[[31.55498454824277,30.27760496218944],[31.554980064751188,30.277601375765357],[31.554968936421446,30.27761182162279],[31.55497341991303,30.277615408046557],[31.55498454824277,30.27760496218944]]]}},{"type":"Feature","properties":{"Electric_Facility_Type":"بيلر","Easting":"031° 33' 17.12\" E","Northing":"30° 16' 39.17\" N","Description":null,"ID":"4_8/3/3","sectors":"القطاع الخامس","Implementing":"شركة الكتروالهانى","SHAPE_Length":5.020105255088594,"SHAPE_Area":1.244785298217845,"__networkId":"electricity","__networkName":"شبكة الكهرباء","__layerId":"electricity_facilities","__layerName":"منشآت شبكة الكهرباء","__assetName":"منشآت الكهرباء","__geometryKind":"polygon","__featureIndex":431,"__length_m":5.02,"__area_m2":1.24,"__typeValue":"بيلر"},"geometry":{"type":"Polygon","coordinates":[[[31.556439791155267,30.277710071587812],[31.55643530766369,30.27770648516756],[31.556424179333945,30.277716931789605],[31.55642866282552,30.27772051820952],[31.556439791155267,30.277710071587812]]]}},{"type":"Feature","properties":{"Electric_Facility_Type":"بيلر","Easting":"031° 33' 22.87\" E","Northing":"30° 16' 39.46\" N","Description":null,"ID":"1_8/3/3","sectors":"القطاع الخامس","Implementing":"شركة الكتروالهانى","SHAPE_Length":5.0188949680745045,"SHAPE_Area":1.2448291462089303,"__networkId":"electricity","__networkName":"شبكة الكهرباء","__layerId":"electricity_facilities","__layerName":"منشآت شبكة الكهرباء","__assetName":"منشآت الكهرباء","__geometryKind":"polygon","__featureIndex":432,"__length_m":5.02,"__area_m2":1.24,"__typeValue":"بيلر"},"geometry":{"type":"Polygon","coordinates":[[[31.558038199472914,30.277796143307913],[31.558025809908514,30.27778682777725],[31.55802182408359,30.277790832338408],[31.558034213647993,30.277800148644477],[31.558038199472914,30.277796143307913]]]}},{"type":"Feature","properties":{"Electric_Facility_Type":"بيلر","Easting":"031° 33' 16.13\" E","Northing":"30° 16' 40.03\" N","Description":null,"ID":"2_7/4/3","sectors":"القطاع الخامس","Implementing":"شركة الكتروالهانى","SHAPE_Length":5.025370626964935,"SHAPE_Area":1.2448814787646574,"__networkId":"electricity","__networkName":"شبكة الكهرباء","__layerId":"electricity_facilities","__layerName":"منشآت شبكة الكهرباء","__assetName":"منشآت الكهرباء","__geometryKind":"polygon","__featureIndex":433,"__length_m":5.03,"__area_m2":1.24,"__typeValue":"بيلر"},"geometry":{"type":"Polygon","coordinates":[[[31.556161443672902,30.277958959370604],[31.556159965944246,30.277944790601996],[31.556153893332933,30.277945275461878],[31.556155371959886,30.27795944500621],[31.556161443672902,30.277958959370604]]]}},{"type":"Feature","properties":{"Electric_Facility_Type":"بيلر","Easting":"031° 33' 20.03\" E","Northing":"30° 16' 41.39\" N","Description":null,"ID":"3_8/3/3","sectors":"القطاع الخامس","Implementing":"شركة الكتروالهانى","SHAPE_Length":5.020105254668323,"SHAPE_Area":1.244785300973442,"__networkId":"electricity","__networkName":"شبكة الكهرباء","__layerId":"electricity_facilities","__layerName":"منشآت شبكة الكهرباء","__assetName":"منشآت الكهرباء","__geometryKind":"polygon","__featureIndex":434,"__length_m":5.02,"__area_m2":1.24,"__typeValue":"بيلر"},"geometry":{"type":"Polygon","coordinates":[[[31.55724845906561,30.278325538310703],[31.557243975574035,30.2783219519129],[31.55723284724429,30.278332398469413],[31.55723733073587,30.278335984866843],[31.55724845906561,30.278325538310703]]]}},{"type":"Feature","properties":{"Electric_Facility_Type":"بيلر","Easting":"031° 33' 23.02\" E","Northing":"30° 16' 41.86\" N","Description":null,"ID":"5_5/3/3","sectors":"القطاع الخامس","Implementing":"شركة الكتروالهانى","SHAPE_Length":5.0185933698163385,"SHAPE_Area":1.2446448965747015,"__networkId":"electricity","__networkName":"شبكة الكهرباء","__layerId":"electricity_facilities","__layerName":"منشآت شبكة الكهرباء","__assetName":"منشآت الكهرباء","__geometryKind":"polygon","__featureIndex":435,"__length_m":5.02,"__area_m2":1.24,"__typeValue":"بيلر"},"geometry":{"type":"Polygon","coordinates":[[[31.55808073200666,30.278463485359843],[31.558068343340583,30.27845416989252],[31.55806435841399,30.27845817365072],[31.55807674618173,30.278467490669176],[31.55808073200666,30.278463485359843]]]}},{"type":"Feature","properties":{"Electric_Facility_Type":"بيلر","Easting":"031° 33' 12.91\" E","Northing":"30° 16' 41.92\" N","Description":null,"ID":"1_7/4/3","sectors":"القطاع الخامس","Implementing":"شركة الكتروالهانى","SHAPE_Length":5.019511830257628,"SHAPE_Area":1.2447583024100037,"__networkId":"electricity","__networkName":"شبكة الكهرباء","__layerId":"electricity_facilities","__layerName":"منشآت شبكة الكهرباء","__assetName":"منشآت الكهرباء","__geometryKind":"polygon","__featureIndex":436,"__length_m":5.02,"__area_m2":1.24,"__typeValue":"بيلر"},"geometry":{"type":"Polygon","coordinates":[[[31.555272039676392,30.278473212761003],[31.55526774483103,30.278469456474603],[31.555256091885152,30.278479461601428],[31.55526038583221,30.278483218663222],[31.555272039676392,30.278473212761003]]]}},{"type":"Feature","properties":{"Electric_Facility_Type":"بيلر","Easting":"031° 33' 16.97\" E","Northing":"30° 16' 42.23\" N","Description":null,"ID":"4_7/4/3","sectors":"القطاع الخامس","Implementing":"شركة الكتروالهانى","SHAPE_Length":5.019509867463929,"SHAPE_Area":1.2447166667052574,"__networkId":"electricity","__networkName":"شبكة الكهرباء","__layerId":"electricity_facilities","__layerName":"منشآت شبكة الكهرباء","__assetName":"منشآت الكهرباء","__geometryKind":"polygon","__featureIndex":437,"__length_m":5.02,"__area_m2":1.24,"__typeValue":"بيلر"},"geometry":{"type":"Polygon","coordinates":[[[31.556397983561954,30.278561344259412],[31.55639368871656,30.27855758797639],[31.556382035770717,30.278567594645796],[31.55638633061607,30.278571350152646],[31.556397983561954,30.278561344259412]]]}},{"type":"Feature","properties":{"Electric_Facility_Type":"بيلر","Easting":"031° 33' 14.2\" E","Northing":"30° 16' 42.93\" N","Description":null,"ID":"3_7/4/3","sectors":"القطاع الخامس","Implementing":"شركة الكتروالهانى","SHAPE_Length":5.019368050468131,"SHAPE_Area":1.2446682541900427,"__networkId":"electricity","__networkName":"شبكة الكهرباء","__layerId":"electricity_facilities","__layerName":"منشآت شبكة الكهرباء","__assetName":"منشآت الكهرباء","__geometryKind":"polygon","__featureIndex":438,"__length_m":5.02,"__area_m2":1.24,"__typeValue":"بيلر"},"geometry":{"type":"Polygon","coordinates":[[[31.555628854100515,30.27875375621231],[31.55562455925513,30.278750000712442],[31.555612907207582,30.278760006586438],[31.555617202052968,30.278763762861708],[31.555628854100515,30.27875375621231]]]}},{"type":"Feature","properties":{"Electric_Facility_Type":"بيلر","Easting":"031° 33' 27.64\" E","Northing":"30° 16' 43.14\" N","Description":null,"ID":"3_5/3/3","sectors":"القطاع الخامس","Implementing":"شركة الكتروالهانى","SHAPE_Length":5.020582736869499,"SHAPE_Area":1.2446884499855966,"__networkId":"electricity","__networkName":"شبكة الكهرباء","__layerId":"electricity_facilities","__layerName":"منشآت شبكة الكهرباء","__assetName":"منشآت الكهرباء","__geometryKind":"polygon","__featureIndex":439,"__length_m":5.02,"__area_m2":1.24,"__typeValue":"بيلر"},"geometry":{"type":"Polygon","coordinates":[[[31.559361655041663,30.27881309479806],[31.559356934394817,30.27880974580341],[31.559346540887,30.27882074698279],[31.559351261533813,30.278824095977072],[31.559361655041663,30.27881309479806]]]}},{"type":"Feature","properties":{"Electric_Facility_Type":"بيلر","Easting":"031° 33' 24.76\" E","Northing":"30° 16' 43.22\" N","Description":null,"ID":"4_5/3/3","sectors":"القطاع الخامس","Implementing":"شركة الكتروالهانى","SHAPE_Length":5.018603544774239,"SHAPE_Area":1.244691670564658,"__networkId":"electricity","__networkName":"شبكة الكهرباء","__layerId":"electricity_facilities","__layerName":"منشآت شبكة الكهرباء","__assetName":"منشآت الكهرباء","__geometryKind":"polygon","__featureIndex":440,"__length_m":5.02,"__area_m2":1.24,"__typeValue":"بيلر"},"geometry":{"type":"Polygon","coordinates":[[[31.55856249040871,30.278842127171323],[31.55855010264094,30.27883281173995],[31.558546116816014,30.278836816258483],[31.55855850548209,30.2788461324652],[31.55856249040871,30.278842127171323]]]}},{"type":"Feature","properties":{"Electric_Facility_Type":"بيلر","Easting":"031° 33' 18.99\" E","Northing":"30° 16' 43.83\" N","Description":null,"ID":"5_7/4/3","sectors":"القطاع الخامس","Implementing":"شركة الكتروالهانى","SHAPE_Length":5.019560564827298,"SHAPE_Area":1.2444379760137987,"__networkId":"electricity","__networkName":"شبكة الكهرباء","__layerId":"electricity_facilities","__layerName":"منشآت شبكة الكهرباء","__assetName":"منشآت الكهرباء","__geometryKind":"polygon","__featureIndex":441,"__length_m":5.02,"__area_m2":1.24,"__typeValue":"بيلر"},"geometry":{"type":"Polygon","coordinates":[[[31.5569585421807,30.279003744489483],[31.556954098214987,30.279000123206966],[31.556942859392468,30.27901047970231],[31.55694730335818,30.279014100984444],[31.5569585421807,30.279003744489483]]]}},{"type":"Feature","properties":{"Electric_Facility_Type":"بيلر","Easting":"031° 33' 28.93\" E","Northing":"30° 16' 44.15\" N","Description":null,"ID":"1_5/3/3","sectors":"القطاع الخامس","Implementing":"شركة الكتروالهانى","SHAPE_Length":5.020639838332568,"SHAPE_Area":1.2447072061589446,"__networkId":"electricity","__networkName":"شبكة الكهرباء","__layerId":"electricity_facilities","__layerName":"منشآت شبكة الكهرباء","__assetName":"منشآت الكهرباء","__geometryKind":"polygon","__featureIndex":442,"__length_m":5.02,"__area_m2":1.24,"__typeValue":"بيلر"},"geometry":{"type":"Polygon","coordinates":[[[31.559721468940506,30.27909427650953],[31.559716748293692,30.27909092752448],[31.559706356582467,30.27910193022384],[31.55971107722928,30.279105279208515],[31.559721468940506,30.27909427650953]]]}},{"type":"Feature","properties":{"Electric_Facility_Type":"بيلر","Easting":"031° 33' 21.65\" E","Northing":"30° 16' 44.47\" N","Description":null,"ID":"2_7/3/3","sectors":"القطاع الخامس","Implementing":"شركة الكتروالهانى","SHAPE_Length":5.019638059172129,"SHAPE_Area":1.2447040097971314,"__networkId":"electricity","__networkName":"شبكة الكهرباء","__layerId":"electricity_facilities","__layerName":"منشآت شبكة الكهرباء","__assetName":"منشآت الكهرباء","__geometryKind":"polygon","__featureIndex":443,"__length_m":5.02,"__area_m2":1.24,"__typeValue":"بيلر"},"geometry":{"type":"Polygon","coordinates":[[[31.5576984233948,30.279181609962652],[31.5576940396162,30.279177932055802],[31.557682630113764,30.27918814656717],[31.557687013892362,30.279191824473696],[31.5576984233948,30.279181609962652]]]}},{"type":"Feature","properties":{"Electric_Facility_Type":"بيلر","Easting":"031° 33' 25.78\" E","Northing":"30° 16' 45.93\" N","Description":null,"ID":"2_5/3/3","sectors":"القطاع الخامس","Implementing":"شركة الكتروالهانى","SHAPE_Length":5.02045631811921,"SHAPE_Area":1.2446452808631672,"__networkId":"electricity","__networkName":"شبكة الكهرباء","__layerId":"electricity_facilities","__layerName":"منشآت شبكة الكهرباء","__assetName":"منشآت الكهرباء","__geometryKind":"polygon","__featureIndex":444,"__length_m":5.02,"__area_m2":1.24,"__typeValue":"بيلر"},"geometry":{"type":"Polygon","coordinates":[[[31.558846967994572,30.27958902049923],[31.558842248246055,30.279585671531063],[31.558831854738205,30.279596672623455],[31.558836576283348,30.279600021591254],[31.558846967994572,30.27958902049923]]]}},{"type":"Feature","properties":{"Electric_Facility_Type":"بيلر","Easting":"031° 33' 31.12\" E","Northing":"30° 16' 45.95\" N","Description":null,"ID":"1_6/3/3","sectors":"القطاع الخامس","Implementing":"شركة الكتروالهانى","SHAPE_Length":5.01923693133704,"SHAPE_Area":1.2448387321482939,"__networkId":"electricity","__networkName":"شبكة الكهرباء","__layerId":"electricity_facilities","__layerName":"منشآت شبكة الكهرباء","__assetName":"منشآت الكهرباء","__geometryKind":"polygon","__featureIndex":445,"__length_m":5.02,"__area_m2":1.24,"__typeValue":"بيلر"},"geometry":{"type":"Polygon","coordinates":[[[31.560330048799386,30.279599869541784],[31.560317997001558,30.27959022603466],[31.56031387014113,30.279594122691222],[31.560325922837283,30.279603765422188],[31.560330048799386,30.279599869541784]]]}},{"type":"Feature","properties":{"Electric_Facility_Type":"بيلر","Easting":"031° 33' 21.94\" E","Northing":"30° 16' 46.1\" N","Description":null,"ID":"3_7/3/3","sectors":"القطاع الخامس","Implementing":"شركة الكتروالهانى","SHAPE_Length":5.018744201559479,"SHAPE_Area":1.2446965139637296,"__networkId":"electricity","__networkName":"شبكة الكهرباء","__layerId":"electricity_facilities","__layerName":"منشآت شبكة الكهرباء","__assetName":"منشآت الكهرباء","__geometryKind":"polygon","__featureIndex":446,"__length_m":5.02,"__area_m2":1.24,"__typeValue":"بيلر"},"geometry":{"type":"Polygon","coordinates":[[[31.557780561751105,30.279641420161145],[31.5577681721867,30.27963210480564],[31.55776418726011,30.27963610851572],[31.557776575926177,30.279645425422387],[31.557780561751105,30.279641420161145]]]}},{"type":"Feature","properties":{"Electric_Facility_Type":"بيلر","Easting":"031° 33' 18.77\" E","Northing":"30° 16' 46.5\" N","Description":null,"ID":"1_7/3/3","sectors":"القطاع الخامس","Implementing":"شركة الكتروالهانى","SHAPE_Length":5.019776910369108,"SHAPE_Area":1.2447514188332578,"__networkId":"electricity","__networkName":"شبكة الكهرباء","__layerId":"electricity_facilities","__layerName":"منشآت شبكة الكهرباء","__assetName":"منشآت الكهرباء","__geometryKind":"polygon","__featureIndex":447,"__length_m":5.02,"__area_m2":1.24,"__typeValue":"بيلر"},"geometry":{"type":"Polygon","coordinates":[[[31.55690006095739,30.279745912975095],[31.55689567717879,30.279742235089394],[31.556884266778052,30.27975244954202],[31.556888650556658,30.279756127427397],[31.55690006095739,30.279745912975095]]]}},{"type":"Feature","properties":{"Electric_Facility_Type":"بيلر","Easting":"031° 33' 24.56\" E","Northing":"30° 16' 46.75\" N","Description":null,"ID":"5_7/3/3","sectors":"القطاع الخامس","Implementing":"شركة الكتروالهانى","SHAPE_Length":5.020752202368954,"SHAPE_Area":1.2447010507139236,"__networkId":"electricity","__networkName":"شبكة الكهرباء","__layerId":"electricity_facilities","__layerName":"منشآت شبكة الكهرباء","__assetName":"منشآت الكهرباء","__geometryKind":"polygon","__featureIndex":448,"__length_m":5.02,"__area_m2":1.24,"__typeValue":"بيلر"},"geometry":{"type":"Polygon","coordinates":[[[31.558505939664933,30.27981470903999],[31.55850121901812,30.279811360079524],[31.558490826408597,30.279822362698106],[31.558495546157083,30.27982571165825],[31.558505939664933,30.27981470903999]]]}},{"type":"Feature","properties":{"Electric_Facility_Type":"بيلر","Easting":"031° 33' 21.59\" E","Northing":"30° 16' 48.67\" N","Description":null,"ID":"4_7/3/3","sectors":"القطاع الخامس","Implementing":"شركة الكتروالهانى","SHAPE_Length":5.018937288032911,"SHAPE_Area":1.2447008335112464,"__networkId":"electricity","__networkName":"شبكة الكهرباء","__layerId":"electricity_facilities","__layerName":"منشآت شبكة الكهرباء","__assetName":"منشآت الكهرباء","__geometryKind":"polygon","__featureIndex":449,"__length_m":5.02,"__area_m2":1.24,"__typeValue":"بيلر"},"geometry":{"type":"Polygon","coordinates":[[[31.55768261663904,30.280356340026074],[31.557670418415817,30.280346836229516],[31.557666352640823,30.280350779401473],[31.557678550864075,30.2803602831976],[31.55768261663904,30.280356340026074]]]}},{"type":"Feature","properties":{"Electric_Facility_Type":"بيلر","Easting":"031° 33' 25.96\" E","Northing":"30° 16' 49.33\" N","Description":null,"ID":"3_6/3/3","sectors":"القطاع الخامس","Implementing":"شركة الكتروالهانى","SHAPE_Length":5.018943563765441,"SHAPE_Area":1.2446571328159375,"__networkId":"electricity","__networkName":"شبكة الكهرباء","__layerId":"electricity_facilities","__layerName":"منشآت شبكة الكهرباء","__assetName":"منشآت الكهرباء","__geometryKind":"polygon","__featureIndex":450,"__length_m":5.02,"__area_m2":1.24,"__typeValue":"بيلر"},"geometry":{"type":"Polygon","coordinates":[[[31.55889558481775,30.280540022764125],[31.558883533918188,30.280530379349397],[31.558879407956088,30.280534275192863],[31.558891458855648,30.2805439186072],[31.55889558481775,30.280540022764125]]]}},{"type":"Feature","properties":{"Electric_Facility_Type":"بيلر","Easting":"031° 33' 29.9\" E","Northing":"30° 16' 49.65\" N","Description":null,"ID":"2_6/3/3","sectors":"القطاع الخامس","Implementing":"شركة الكتروالهانى","SHAPE_Length":5.01908444167261,"SHAPE_Area":1.2446632360484073,"__networkId":"electricity","__networkName":"شبكة الكهرباء","__layerId":"electricity_facilities","__layerName":"منشآت شبكة الكهرباء","__assetName":"منشآت الكهرباء","__geometryKind":"polygon","__featureIndex":451,"__length_m":5.02,"__area_m2":1.24,"__typeValue":"بيلر"},"geometry":{"type":"Polygon","coordinates":[[[31.55999061318277,30.280627354154856],[31.55997856138491,30.280617709972947],[31.55997443542281,30.280621605812932],[31.559986487220673,30.280631249218697],[31.55999061318277,30.280627354154856]]]}},{"type":"Feature","properties":{"Electric_Facility_Type":"بيلر","Easting":"031° 33' 22.89\" E","Northing":"30° 16' 49.69\" N","Description":null,"ID":"6_7/3/3","sectors":"القطاع الخامس","Implementing":"شركة الكتروالهانى","SHAPE_Length":5.018795608927586,"SHAPE_Area":1.244610300234243,"__networkId":"electricity","__networkName":"شبكة الكهرباء","__layerId":"electricity_facilities","__layerName":"منشآت شبكة الكهرباء","__assetName":"منشآت الكهرباء","__geometryKind":"polygon","__featureIndex":452,"__length_m":5.02,"__area_m2":1.24,"__typeValue":"بيلر"},"geometry":{"type":"Polygon","coordinates":[[[31.558042196975933,30.280637639884766],[31.55802999875268,30.28062813611551],[31.55802593297772,30.280632079276113],[31.558038131200934,30.28064158226921],[31.558042196975933,30.280637639884766]]]}},{"type":"Feature","properties":{"Electric_Facility_Type":"بيلر","Easting":"031° 33' 29.87\" E","Northing":"30° 16' 53.09\" N","Description":null,"ID":"4_6/3/3","sectors":"القطاع الخامس","Implementing":"شركة الكتروالهانى","SHAPE_Length":5.020737706734558,"SHAPE_Area":1.2447410032278077,"__networkId":"electricity","__networkName":"شبكة الكهرباء","__layerId":"electricity_facilities","__layerName":"منشآت شبكة الكهرباء","__assetName":"منشآت الكهرباء","__geometryKind":"polygon","__featureIndex":453,"__length_m":5.02,"__area_m2":1.24,"__typeValue":"بيلر"},"geometry":{"type":"Polygon","coordinates":[[[31.559981826760996,30.28157563046606],[31.559977106114143,30.2815722815657],[31.559966712606332,30.281583283211074],[31.559971433253146,30.28158663211112],[31.559981826760996,30.28157563046606]]]}},{"type":"Feature","properties":{"Electric_Facility_Type":"بيلر","Easting":"031° 33' 25.0\" E","Northing":"30° 16' 5.22\" N","Description":null,"ID":"7/5/2_5","sectors":"القطاع الثاني","Implementing":"شركة الكتروالهانى","SHAPE_Length":5.015436322539315,"SHAPE_Area":1.2444918052852598,"__networkId":"electricity","__networkName":"شبكة الكهرباء","__layerId":"electricity_facilities","__layerName":"منشآت شبكة الكهرباء","__assetName":"منشآت الكهرباء","__geometryKind":"polygon","__featureIndex":454,"__length_m":5.02,"__area_m2":1.24,"__typeValue":"بيلر"},"geometry":{"type":"Polygon","coordinates":[[[31.55862669300207,30.268288398374352],[31.558629318777616,30.26828362222838],[31.558614536101313,30.268277476703044],[31.558611911224062,30.268282252849264],[31.55862669300207,30.268288398374352]]]}},{"type":"Feature","properties":{"Electric_Facility_Type":"بيلر","Easting":"031° 33' 23.77\" E","Northing":"30° 16' 2.29\" N","Description":null,"ID":"8/2/1_6","sectors":"القطاع الثاني","Implementing":"شركة الكتروالهانى","SHAPE_Length":5.024214854384066,"SHAPE_Area":1.244400736823166,"__networkId":"electricity","__networkName":"شبكة الكهرباء","__layerId":"electricity_facilities","__layerName":"منشآت شبكة الكهرباء","__assetName":"منشآت الكهرباء","__geometryKind":"polygon","__featureIndex":455,"__length_m":5.02,"__area_m2":1.24,"__typeValue":"بيلر"},"geometry":{"type":"Polygon","coordinates":[[[31.558274416866777,30.267474997044047],[31.558280382578562,30.267476085573605],[31.558283776413695,30.267462166669922],[31.55827781070191,30.267461078140208],[31.558274416866777,30.267474997044047]]]}},{"type":"Feature","properties":{"Electric_Facility_Type":"بيلر","Easting":"031° 33' 29.3\" E","Northing":"30° 16' 5.74\" N","Description":null,"ID":"7/5/2_6","sectors":"القطاع الثاني","Implementing":"شركة الكتروالهانى","SHAPE_Length":5.019944646119663,"SHAPE_Area":1.244390076518519,"__networkId":"electricity","__networkName":"شبكة الكهرباء","__layerId":"electricity_facilities","__layerName":"منشآت شبكة الكهرباء","__assetName":"منشآت الكهرباء","__geometryKind":"polygon","__featureIndex":456,"__length_m":5.02,"__area_m2":1.24,"__typeValue":"بيلر"},"geometry":{"type":"Polygon","coordinates":[[[31.559814002601286,30.268435312851242],[31.559824552415996,30.26842442378205],[31.55981988117649,30.268421024778476],[31.559809331361812,30.268431912296315],[31.559814002601286,30.268435312851242]]]}},{"type":"Feature","properties":{"Electric_Facility_Type":"بيلر","Easting":"031° 33' 34.38\" E","Northing":"30° 16' 0.3\" N","Description":null,"ID":"5/1/1_6","sectors":"القطاع الثاني","Implementing":"شركة الكتروالهانى","SHAPE_Length":5.01516962219176,"SHAPE_Area":1.244324535075713,"__networkId":"electricity","__networkName":"شبكة الكهرباء","__layerId":"electricity_facilities","__layerName":"منشآت شبكة الكهرباء","__assetName":"منشآت الكهرباء","__geometryKind":"polygon","__featureIndex":457,"__length_m":5.02,"__area_m2":1.24,"__typeValue":"بيلر"},"geometry":{"type":"Polygon","coordinates":[[[31.561233992927086,30.266922269183578],[31.561236617804337,30.266917492971196],[31.56122183602633,30.266911348136173],[31.56121921114908,30.26691612357303],[31.561233992927086,30.266922269183578]]]}},{"type":"Feature","properties":{"Electric_Facility_Type":"بيلر","Easting":"031° 33' 27.32\" E","Northing":"30° 16' 13.81\" N","Description":null,"ID":"6/5/2_6","sectors":"القطاع الاول","Implementing":"شركة الكتروالهانى","SHAPE_Length":5.015910468855409,"SHAPE_Area":1.2444151931491618,"__networkId":"electricity","__networkName":"شبكة الكهرباء","__layerId":"electricity_facilities","__layerName":"منشآت شبكة الكهرباء","__assetName":"منشآت الكهرباء","__geometryKind":"polygon","__featureIndex":458,"__length_m":5.02,"__area_m2":1.24,"__typeValue":"بيلر"},"geometry":{"type":"Polygon","coordinates":[[[31.55925956420456,30.270662208801745],[31.559256640188313,30.27066685138866],[31.55927101053791,30.27067369423857],[31.559273934554167,30.27066905087619],[31.55925956420456,30.270662208801745]]]}},{"type":"Feature","properties":{"Electric_Facility_Type":"بيلر","Easting":"031° 33' 32.62\" E","Northing":"30° 16' 10.91\" N","Description":null,"ID":"1/5/2_4","sectors":"القطاع الاول","Implementing":"شركة الكتروالهانى","SHAPE_Length":5.01598960674104,"SHAPE_Area":1.2445426105593138,"__networkId":"electricity","__networkName":"شبكة الكهرباء","__layerId":"electricity_facilities","__layerName":"منشآت شبكة الكهرباء","__assetName":"منشآت الكهرباء","__geometryKind":"polygon","__featureIndex":459,"__length_m":5.02,"__area_m2":1.24,"__typeValue":"بيلر"},"geometry":{"type":"Polygon","coordinates":[[[31.56074264500938,30.269868078050997],[31.56074556902563,30.269863433874647],[31.56073119867603,30.26985659251991],[31.560728274659777,30.269861235920718],[31.56074264500938,30.269868078050997]]]}},{"type":"Feature","properties":{"Electric_Facility_Type":"بيلر","Easting":"031° 33' 32.58\" E","Northing":"30° 16' 13.71\" N","Description":null,"ID":"1/5/2_3","sectors":"القطاع الاول","Implementing":"شركة الكتروالهانى","SHAPE_Length":5.016125194912227,"SHAPE_Area":1.244538755240962,"__networkId":"electricity","__networkName":"شبكة الكهرباء","__layerId":"electricity_facilities","__layerName":"منشآت شبكة الكهرباء","__assetName":"منشآت الكهرباء","__geometryKind":"polygon","__featureIndex":460,"__length_m":5.02,"__area_m2":1.24,"__typeValue":"بيلر"},"geometry":{"type":"Polygon","coordinates":[[[31.56072038296001,30.270635355652875],[31.560717458943756,30.270639998241055],[31.56073183019169,30.27064684109284],[31.560734754207946,30.27064219695335],[31.56072038296001,30.270635355652875]]]}},{"type":"Feature","properties":{"Electric_Facility_Type":"بيلر","Easting":"031° 33' 33.99\" E","Northing":"30° 16' 12.34\" N","Description":null,"ID":"1/5/2_2","sectors":"القطاع الاول","Implementing":"شركة الكتروالهانى","SHAPE_Length":5.015910468855971,"SHAPE_Area":1.2444151931491618,"__networkId":"electricity","__networkName":"شبكة الكهرباء","__layerId":"electricity_facilities","__layerName":"منشآت شبكة الكهرباء","__assetName":"منشآت الكهرباء","__geometryKind":"polygon","__featureIndex":461,"__length_m":5.02,"__area_m2":1.24,"__typeValue":"بيلر"},"geometry":{"type":"Polygon","coordinates":[[[31.561114056158544,30.270254422168023],[31.561111132142294,30.270259064774173],[31.561125502491894,30.270265907652565],[31.561128426508148,30.270261264270847],[31.561114056158544,30.270254422168023]]]}},{"type":"Feature","properties":{"Electric_Facility_Type":"بيلر","Easting":"031° 33' 34.17\" E","Northing":"30° 16' 18.79\" N","Description":null,"ID":"6/1/2_3","sectors":"القطاع الاول","Implementing":"شركة الكتروالهانى","SHAPE_Length":5.028827264019031,"SHAPE_Area":1.269828465343248,"__networkId":"electricity","__networkName":"شبكة الكهرباء","__layerId":"electricity_facilities","__layerName":"منشآت شبكة الكهرباء","__assetName":"منشآت الكهرباء","__geometryKind":"polygon","__featureIndex":462,"__length_m":5.03,"__area_m2":1.27,"__typeValue":"بيلر"},"geometry":{"type":"Polygon","coordinates":[[[31.561172863470336,30.272045060007862],[31.56116119435477,30.272055051048962],[31.561165921289795,30.272058862664245],[31.561177151129183,30.27204882119504],[31.561172863470336,30.272045060007862]]]}},{"type":"Feature","properties":{"Electric_Facility_Type":"بيلر","Easting":"031° 33' 57.84\" E","Northing":"30° 16' 15.88\" N","Description":null,"ID":"4/3/2_4","sectors":"القطاع الثاني","Implementing":"شركة الكتروالهانى","SHAPE_Length":5.018550974887836,"SHAPE_Area":1.2444731126565758,"__networkId":"electricity","__networkName":"شبكة الكهرباء","__layerId":"electricity_facilities","__layerName":"منشآت شبكة الكهرباء","__assetName":"منشآت الكهرباء","__geometryKind":"polygon","__featureIndex":463,"__length_m":5.02,"__area_m2":1.24,"__typeValue":"بيلر"},"geometry":{"type":"Polygon","coordinates":[[[31.567748570875963,30.271251707738635],[31.56775266360037,30.27124778592437],[31.5677405327508,30.27123821840365],[31.567736440026355,30.271242140218302],[31.567748570875963,30.271251707738635]]]}},{"type":"Feature","properties":{"Electric_Facility_Type":"بيلر","Easting":"031° 34' 2.12\" E","Northing":"30° 16' 20.32\" N","Description":null,"ID":"3/3/2_2","sectors":"القطاع الثاني","Implementing":"شركة الكتروالهانى","SHAPE_Length":4.976515110191208,"SHAPE_Area":1.204931230475415,"__networkId":"electricity","__networkName":"شبكة الكهرباء","__layerId":"electricity_facilities","__layerName":"منشآت شبكة الكهرباء","__assetName":"منشآت الكهرباء","__geometryKind":"polygon","__featureIndex":464,"__length_m":4.98,"__area_m2":1.2,"__typeValue":"بيلر"},"geometry":{"type":"Polygon","coordinates":[[[31.568924196088265,30.272479881154553],[31.568928595138217,30.272483297085603],[31.56893954380491,30.272472709483246],[31.568935144754953,30.27246929355176],[31.568924196088265,30.272479881154553]]]}},{"type":"Feature","properties":{"Electric_Facility_Type":"بيلر","Easting":"031° 33' 37.88\" E","Northing":"30° 16' 29.64\" N","Description":null,"ID":"1/1/3_3","sectors":"القطاع الثالث","Implementing":"شركة الكتروالهانى","SHAPE_Length":4.972584733158346,"SHAPE_Area":1.2050539749412328,"__networkId":"electricity","__networkName":"شبكة الكهرباء","__layerId":"electricity_facilities","__layerName":"منشآت شبكة الكهرباء","__assetName":"منشآت الكهرباء","__geometryKind":"polygon","__featureIndex":465,"__length_m":4.97,"__area_m2":1.21,"__typeValue":"بيلر"},"geometry":{"type":"Polygon","coordinates":[[[31.562207437911685,30.275068177892994],[31.56219276662646,30.27506183263637],[31.5621901426475,30.275066421485064],[31.562204813034434,30.27507276751719],[31.562207437911685,30.275068177892994]]]}},{"type":"Feature","properties":{"Electric_Facility_Type":"كشك","Easting":"031° 31' 3.68\" E","Northing":"30° 16' 21.38\" N","Description":null,"ID":"7/2/B","sectors":"القطاع الثالث عشر","Implementing":"شركة الكتروالهانى","SHAPE_Length":32.57205469701021,"SHAPE_Area":65.20403663536558,"__networkId":"electricity","__networkName":"شبكة الكهرباء","__layerId":"electricity_facilities","__layerName":"منشآت شبكة الكهرباء","__assetName":"منشآت الكهرباء","__geometryKind":"polygon","__featureIndex":466,"__length_m":32.57,"__area_m2":65.2,"__typeValue":"كشك"},"geometry":{"type":"Polygon","coordinates":[[[31.519415157188387,30.27275779853002],[31.51933763257938,30.272732911098917],[31.51931714290605,30.272785004870677],[31.51939418871304,30.272809938837536],[31.519415157188387,30.27275779853002]]]}},{"type":"Feature","properties":{"Electric_Facility_Type":"كشك","Easting":"031° 30' 58.12\" E","Northing":"30° 16' 23.59\" N","Description":null,"ID":"3/3/B","sectors":"القطاع الثالث عشر","Implementing":"شركة الكتروالهانى","SHAPE_Length":32.6882247760836,"SHAPE_Area":65.69965823964318,"__networkId":"electricity","__networkName":"شبكة الكهرباء","__layerId":"electricity_facilities","__layerName":"منشآت شبكة الكهرباء","__assetName":"منشآت الكهرباء","__geometryKind":"polygon","__featureIndex":467,"__length_m":32.69,"__area_m2":65.7,"__typeValue":"كشك"},"geometry":{"type":"Polygon","coordinates":[[[31.517865794190303,30.27336392139671],[31.517805920578294,30.27334382553553],[31.517776173765974,30.273410505019257],[31.517835713204693,30.27343052095818],[31.517865794190303,30.27336392139671]]]}},{"type":"Feature","properties":{"Electric_Facility_Type":"كشك","Easting":"031° 31' 5.28\" E","Northing":"30° 16' 23.81\" N","Description":null,"ID":"8/2/B","sectors":"القطاع الثالث عشر","Implementing":"شركة الكتروالهانى","SHAPE_Length":32.460701449987866,"SHAPE_Area":64.75125503053583,"__networkId":"electricity","__networkName":"شبكة الكهرباء","__layerId":"electricity_facilities","__layerName":"منشآت شبكة الكهرباء","__assetName":"منشآت الكهرباء","__geometryKind":"polygon","__featureIndex":468,"__length_m":32.46,"__area_m2":64.75,"__typeValue":"كشك"},"geometry":{"type":"Polygon","coordinates":[[[31.51985316404281,30.273424305156166],[31.5197950762816,30.273401544394094],[31.519765117466864,30.273467648962484],[31.519823424417037,30.27349009550575],[31.51985316404281,30.273424305156166]]]}},{"type":"Feature","properties":{"Electric_Facility_Type":"كشك","Easting":"031° 31' 18.91\" E","Northing":"30° 16' 26.52\" N","Description":null,"ID":"6/1/B","sectors":"القطاع الثالث عشر","Implementing":"شركة الكتروالهانى","SHAPE_Length":32.65147396550278,"SHAPE_Area":65.57116853723451,"__networkId":"electricity","__networkName":"شبكة الكهرباء","__layerId":"electricity_facilities","__layerName":"منشآت شبكة الكهرباء","__assetName":"منشآت الكهرباء","__geometryKind":"polygon","__featureIndex":469,"__length_m":32.65,"__area_m2":65.57,"__typeValue":"كشك"},"geometry":{"type":"Polygon","coordinates":[[[31.523647040541817,30.274186591357388],[31.52357042772279,30.274159900540283],[31.523546332211946,30.274211474540873],[31.523623116609176,30.274237634693286],[31.523647040541817,30.274186591357388]]]}},{"type":"Feature","properties":{"Electric_Facility_Type":"كشك","Easting":"031° 30' 56.74\" E","Northing":"30° 16' 26.62\" N","Description":null,"ID":"2/3/B","sectors":"القطاع الثالث عشر","Implementing":"شركة الكتروالهانى","SHAPE_Length":32.91170002566244,"SHAPE_Area":66.37864970537744,"__networkId":"electricity","__networkName":"شبكة الكهرباء","__layerId":"electricity_facilities","__layerName":"منشآت شبكة الكهرباء","__assetName":"منشآت الكهرباء","__geometryKind":"polygon","__featureIndex":470,"__length_m":32.91,"__area_m2":66.38,"__typeValue":"كشك"},"geometry":{"type":"Polygon","coordinates":[[[31.517483746988166,30.27420243020188],[31.51742317808014,30.274184420653512],[31.517391797232335,30.274250898632634],[31.517451468723397,30.274270129285714],[31.517483746988166,30.27420243020188]]]}},{"type":"Feature","properties":{"Electric_Facility_Type":"كشك","Easting":"031° 31' 13.29\" E","Northing":"30° 16' 26.63\" N","Description":null,"ID":"9/1/B","sectors":"القطاع الثالث عشر","Implementing":"شركة الكتروالهانى","SHAPE_Length":32.64337467181697,"SHAPE_Area":65.43057257344269,"__networkId":"electricity","__networkName":"شبكة الكهرباء","__layerId":"electricity_facilities","__layerName":"منشآت شبكة الكهرباء","__assetName":"منشآت الكهرباء","__geometryKind":"polygon","__featureIndex":471,"__length_m":32.64,"__area_m2":65.43,"__typeValue":"كشك"},"geometry":{"type":"Polygon","coordinates":[[[31.522080722741077,30.274206961681156],[31.522021699833616,30.274186720141152],[31.52198991833721,30.27425287615963],[31.522049105636338,30.274273297672757],[31.522080722741077,30.274206961681156]]]}},{"type":"Feature","properties":{"Electric_Facility_Type":"كشك","Easting":"031° 31' 8.1\" E","Northing":"30° 16' 26.85\" N","Description":null,"ID":"1/2/B","sectors":"القطاع الثالث عشر","Implementing":"شركة الكتروالهانى","SHAPE_Length":32.75422551094231,"SHAPE_Area":65.98120247025221,"__networkId":"electricity","__networkName":"شبكة الكهرباء","__layerId":"electricity_facilities","__layerName":"منشآت شبكة الكهرباء","__assetName":"منشآت الكهرباء","__geometryKind":"polygon","__featureIndex":472,"__length_m":32.75,"__area_m2":65.98,"__typeValue":"كشك"},"geometry":{"type":"Polygon","coordinates":[[[31.520642883788877,30.27427967246096],[31.520565672691887,30.27425324156378],[31.52054107412447,30.27430466578505],[31.52061788816611,30.274330755314445],[31.520642883788877,30.27427967246096]]]}},{"type":"Feature","properties":{"Electric_Facility_Type":"كشك","Easting":"031° 31' 3.32\" E","Northing":"30° 16' 27.97\" N","Description":null,"ID":"9/2/B","sectors":"القطاع الثالث عشر","Implementing":"شركة الكتروالهانى","SHAPE_Length":32.68871569318972,"SHAPE_Area":65.60944058455924,"__networkId":"electricity","__networkName":"شبكة الكهرباء","__layerId":"electricity_facilities","__layerName":"منشآت شبكة الكهرباء","__assetName":"منشآت الكهرباء","__geometryKind":"polygon","__featureIndex":473,"__length_m":32.69,"__area_m2":65.61,"__typeValue":"كشك"},"geometry":{"type":"Polygon","coordinates":[[[31.519310454948762,30.27457953607255],[31.51925033250342,30.274559866375906],[31.519219765529254,30.274626458919485],[31.51927875340239,30.27464599826805],[31.519310454948762,30.27457953607255]]]}},{"type":"Feature","properties":{"Electric_Facility_Type":"كشك","Easting":"031° 31' 23.0\" E","Northing":"30° 16' 27.97\" N","Description":null,"ID":"4/1/B","sectors":"القطاع الثالث عشر","Implementing":"شركة الكتروالهانى","SHAPE_Length":32.66149741574509,"SHAPE_Area":65.57731747783265,"__networkId":"electricity","__networkName":"شبكة الكهرباء","__layerId":"electricity_facilities","__layerName":"منشآت شبكة الكهرباء","__assetName":"منشآت الكهرباء","__geometryKind":"polygon","__featureIndex":474,"__length_m":32.66,"__area_m2":65.58,"__typeValue":"كشك"},"geometry":{"type":"Polygon","coordinates":[[[31.524782326007987,30.27459016689263],[31.52470612821066,30.274562661592547],[31.52468234172025,30.274614082548492],[31.52475888447067,30.274641460602634],[31.524782326007987,30.27459016689263]]]}},{"type":"Feature","properties":{"Electric_Facility_Type":"كشك","Easting":"031° 31' 13.8\" E","Northing":"30° 16' 28.87\" N","Description":null,"ID":"8/1/B","sectors":"القطاع الثالث عشر","Implementing":"شركة الكتروالهانى","SHAPE_Length":32.92530817758157,"SHAPE_Area":66.483598997152,"__networkId":"electricity","__networkName":"شبكة الكهرباء","__layerId":"electricity_facilities","__layerName":"منشآت شبكة الكهرباء","__assetName":"منشآت الكهرباء","__geometryKind":"polygon","__featureIndex":475,"__length_m":32.93,"__area_m2":66.48,"__typeValue":"كشك"},"geometry":{"type":"Polygon","coordinates":[[[31.522225519486756,30.27484121853674],[31.52215036014187,30.27481202981975],[31.522125062685173,30.274862743891088],[31.52220270048192,30.274893059830276],[31.522225519486756,30.27484121853674]]]}},{"type":"Feature","properties":{"Electric_Facility_Type":"كشك","Easting":"031° 30' 55.89\" E","Northing":"30° 16' 29.63\" N","Description":null,"ID":"9/3/B","sectors":"القطاع الثالث عشر","Implementing":"شركة الكتروالهانى","SHAPE_Length":32.65666229899846,"SHAPE_Area":65.54752846247892,"__networkId":"electricity","__networkName":"شبكة الكهرباء","__layerId":"electricity_facilities","__layerName":"منشآت شبكة الكهرباء","__assetName":"منشآت الكهرباء","__geometryKind":"polygon","__featureIndex":476,"__length_m":32.66,"__area_m2":65.55,"__typeValue":"كشك"},"geometry":{"type":"Polygon","coordinates":[[[31.51723780263644,30.27503199308973],[31.517174581901678,30.275023718418897],[31.517163302654957,30.27509460934652],[31.517226491948687,30.27510272186957],[31.51723780263644,30.27503199308973]]]}},{"type":"Feature","properties":{"Electric_Facility_Type":"كشك","Easting":"031° 31' 2.54\" E","Northing":"30° 16' 29.65\" N","Description":null,"ID":"1/3/B","sectors":"القطاع الثالث عشر","Implementing":"شركة الكتروالهانى","SHAPE_Length":32.69796298743637,"SHAPE_Area":65.6592514966295,"__networkId":"electricity","__networkName":"شبكة الكهرباء","__layerId":"electricity_facilities","__layerName":"منشآت شبكة الكهرباء","__assetName":"منشآت الكهرباء","__geometryKind":"polygon","__featureIndex":477,"__length_m":32.7,"__area_m2":65.66,"__typeValue":"كشك"},"geometry":{"type":"Polygon","coordinates":[[[31.519091374715597,30.275044090896227],[31.519031378932713,30.275026603615014],[31.519002903236522,30.275093972416038],[31.519063773978473,30.2751117816416],[31.519091374715597,30.275044090896227]]]}},{"type":"Feature","properties":{"Electric_Facility_Type":"كشك","Easting":"031° 31' 16.85\" E","Northing":"30° 16' 30.66\" N","Description":null,"ID":"7/1/B","sectors":"القطاع الثالث عشر","Implementing":"شركة الكتروالهانى","SHAPE_Length":32.73819317084798,"SHAPE_Area":65.90279658912523,"__networkId":"electricity","__networkName":"شبكة الكهرباء","__layerId":"electricity_facilities","__layerName":"منشآت شبكة الكهرباء","__assetName":"منشآت الكهرباء","__geometryKind":"polygon","__featureIndex":478,"__length_m":32.74,"__area_m2":65.9,"__typeValue":"كشك"},"geometry":{"type":"Polygon","coordinates":[[[31.523073561454318,30.27533676984931],[31.52299752086214,30.275309241484564],[31.522973332824797,30.27536100495128],[31.523050418157663,30.27538809807996],[31.523073561454318,30.27533676984931]]]}},{"type":"Feature","properties":{"Electric_Facility_Type":"كشك","Easting":"031° 31' 12.33\" E","Northing":"30° 16' 31.15\" N","Description":null,"ID":"1/1/B","sectors":"القطاع الثالث عشر","Implementing":"شركة الكتروالهانى","SHAPE_Length":32.62014595390678,"SHAPE_Area":65.4001694600751,"__networkId":"electricity","__networkName":"شبكة الكهرباء","__layerId":"electricity_facilities","__layerName":"منشآت شبكة الكهرباء","__assetName":"منشآت الكهرباء","__geometryKind":"polygon","__featureIndex":479,"__length_m":32.62,"__area_m2":65.4,"__typeValue":"كشك"},"geometry":{"type":"Polygon","coordinates":[[[31.521812751698555,30.275463207520072],[31.521753324549234,30.275443799443618],[31.521722822253757,30.2755103541493],[31.52178299410643,30.2755296086052],[31.521812751698555,30.275463207520072]]]}},{"type":"Feature","properties":{"Electric_Facility_Type":"كشك","Easting":"031° 31' 20.91\" E","Northing":"30° 16' 32.16\" N","Description":null,"ID":"3/1/B","sectors":"القطاع الثالث عشر","Implementing":"شركة الكتروالهانى","SHAPE_Length":32.63022603335194,"SHAPE_Area":65.44224811760117,"__networkId":"electricity","__networkName":"شبكة الكهرباء","__layerId":"electricity_facilities","__layerName":"منشآت شبكة الكهرباء","__assetName":"منشآت الكهرباء","__geometryKind":"polygon","__featureIndex":480,"__length_m":32.63,"__area_m2":65.44,"__typeValue":"كشك"},"geometry":{"type":"Polygon","coordinates":[[[31.524200966000524,30.2757549767695],[31.52412521736081,30.27572653075853],[31.524101473091232,30.27577797049952],[31.524177344800112,30.2758061628114],[31.524200966000524,30.2757549767695]]]}},{"type":"Feature","properties":{"Electric_Facility_Type":"كشك","Easting":"031° 31' 10.52\" E","Northing":"30° 16' 32.53\" N","Description":null,"ID":"10/1/B","sectors":"القطاع الثالث عشر","Implementing":"شركة الكتروالهانى","SHAPE_Length":32.689572930925664,"SHAPE_Area":65.61069819410392,"__networkId":"electricity","__networkName":"شبكة الكهرباء","__layerId":"electricity_facilities","__layerName":"منشآت شبكة الكهرباء","__assetName":"منشآت الكهرباء","__geometryKind":"polygon","__featureIndex":481,"__length_m":32.69,"__area_m2":65.61,"__typeValue":"كشك"},"geometry":{"type":"Polygon","coordinates":[[[31.521311268987827,30.27584960021247],[31.521254752380038,30.275824016903645],[31.52121830054245,30.275888233889944],[31.52127457999497,30.275914143014646],[31.521311268987827,30.27584960021247]]]}},{"type":"Feature","properties":{"Electric_Facility_Type":"كشك","Easting":"031° 31' 25.37\" E","Northing":"30° 16' 32.96\" N","Description":null,"ID":"3/5/A","sectors":"القطاع الثالث عشر","Implementing":"شركة الكتروالهانى","SHAPE_Length":32.727214172614026,"SHAPE_Area":66.0025260513432,"__networkId":"electricity","__networkName":"شبكة الكهرباء","__layerId":"electricity_facilities","__layerName":"منشآت شبكة الكهرباء","__assetName":"منشآت الكهرباء","__geometryKind":"polygon","__featureIndex":482,"__length_m":32.73,"__area_m2":66.0,"__typeValue":"كشك"},"geometry":{"type":"Polygon","coordinates":[[[31.52544106330078,30.275976400293025],[31.525365579664072,30.275949000889085],[31.52534082299317,30.276001554549634],[31.52541752654203,30.276027739826002],[31.52544106330078,30.275976400293025]]]}},{"type":"Feature","properties":{"Electric_Facility_Type":"كشك","Easting":"031° 31' 26.92\" E","Northing":"30° 16' 33.07\" N","Description":null,"ID":"2/5/A","sectors":"القطاع الثاني عشر","Implementing":"شركة الكتروالهانى","SHAPE_Length":32.960219551723675,"SHAPE_Area":66.91579083208764,"__networkId":"electricity","__networkName":"شبكة الكهرباء","__layerId":"electricity_facilities","__layerName":"منشآت شبكة الكهرباء","__assetName":"منشآت الكهرباء","__geometryKind":"polygon","__featureIndex":483,"__length_m":32.96,"__area_m2":66.92,"__typeValue":"كشك"},"geometry":{"type":"Polygon","coordinates":[[[31.525865758021016,30.275996004539312],[31.52580460610637,30.275974600456998],[31.52577432210152,30.276041049295117],[31.52583373667441,30.27606225320896],[31.525865758021016,30.275996004539312]]]}},{"type":"Feature","properties":{"Electric_Facility_Type":"كشك","Easting":"031° 30' 57.51\" E","Northing":"30° 16' 33.24\" N","Description":null,"ID":"4/4/B","sectors":"القطاع الثالث عشر","Implementing":"شركة الكتروالهانى","SHAPE_Length":32.51326396276066,"SHAPE_Area":65.2184729672893,"__networkId":"electricity","__networkName":"شبكة الكهرباء","__layerId":"electricity_facilities","__layerName":"منشآت شبكة الكهرباء","__assetName":"منشآت الكهرباء","__geometryKind":"polygon","__featureIndex":484,"__length_m":32.51,"__area_m2":65.22,"__typeValue":"كشك"},"geometry":{"type":"Polygon","coordinates":[[[31.517695137642512,30.276043891017054],[31.517615030377048,30.276034095105505],[31.517606421821693,30.276088955145628],[31.51768696207513,30.27610002102066],[31.517695137642512,30.276043891017054]]]}},{"type":"Feature","properties":{"Electric_Facility_Type":"كشك","Easting":"031° 31' 5.88\" E","Northing":"30° 16' 33.28\" N","Description":null,"ID":"9/5/B","sectors":"القطاع الثالث عشر","Implementing":"شركة الكتروالهانى","SHAPE_Length":32.599874994018464,"SHAPE_Area":65.44330649933106,"__networkId":"electricity","__networkName":"شبكة الكهرباء","__layerId":"electricity_facilities","__layerName":"منشآت شبكة الكهرباء","__assetName":"منشآت الكهرباء","__geometryKind":"polygon","__featureIndex":485,"__length_m":32.6,"__area_m2":65.44,"__typeValue":"كشك"},"geometry":{"type":"Polygon","coordinates":[[[31.52002093879518,30.27605577923531],[31.519939744568227,30.27604690030974],[31.5199326137415,30.27610200781987],[31.520014152921505,30.276111228088247],[31.52002093879518,30.27605577923531]]]}},{"type":"Feature","properties":{"Electric_Facility_Type":"كشك","Easting":"031° 30' 59.57\" E","Northing":"30° 16' 33.49\" N","Description":null,"ID":"3/4/B","sectors":"القطاع الثالث عشر","Implementing":"شركة الكتروالهانى","SHAPE_Length":32.62026727025526,"SHAPE_Area":65.50636321616624,"__networkId":"electricity","__networkName":"شبكة الكهرباء","__layerId":"electricity_facilities","__layerName":"منشآت شبكة الكهرباء","__assetName":"منشآت الكهرباء","__geometryKind":"polygon","__featureIndex":486,"__length_m":32.62,"__area_m2":65.51,"__typeValue":"كشك"},"geometry":{"type":"Polygon","coordinates":[[[31.51826900031064,30.276112967410096],[31.518187847406182,30.276104041942236],[31.518178602843587,30.276158589299932],[31.518260446552507,30.27616840459385],[31.51826900031064,30.276112967410096]]]}},{"type":"Feature","properties":{"Electric_Facility_Type":"كشك","Easting":"031° 31' 26.67\" E","Northing":"30° 16' 33.6\" N","Description":null,"ID":"5/5/A","sectors":"القطاع الثاني عشر","Implementing":"شركة الكتروالهانى","SHAPE_Length":32.54852153114152,"SHAPE_Area":65.18840107649378,"__networkId":"electricity","__networkName":"شبكة الكهرباء","__layerId":"electricity_facilities","__layerName":"منشآت شبكة الكهرباء","__assetName":"منشآت الكهرباء","__geometryKind":"polygon","__featureIndex":487,"__length_m":32.55,"__area_m2":65.19,"__typeValue":"كشك"},"geometry":{"type":"Polygon","coordinates":[[[31.525795887956537,30.27614465300843],[31.525736101481115,30.27612397432235],[31.525705190452193,30.276189875351847],[31.525764402005837,30.27621004277869],[31.525795887956537,30.27614465300843]]]}},{"type":"Feature","properties":{"Electric_Facility_Type":"كشك","Easting":"031° 31' 38.88\" E","Northing":"30° 16' 33.66\" N","Description":null,"ID":"8/5/A","sectors":"القطاع الثاني عشر","Implementing":"شركة الكتروالهانى","SHAPE_Length":32.679767051204934,"SHAPE_Area":65.61051046939156,"__networkId":"electricity","__networkName":"شبكة الكهرباء","__layerId":"electricity_facilities","__layerName":"منشآت شبكة الكهرباء","__assetName":"منشآت الكهرباء","__geometryKind":"polygon","__featureIndex":488,"__length_m":32.68,"__area_m2":65.61,"__typeValue":"كشك"},"geometry":{"type":"Polygon","coordinates":[[[31.52919289864449,30.276170995731963],[31.52911592470273,30.27614485859274],[31.529092357401247,30.276196027363937],[31.529169779602324,30.27622240653582],[31.52919289864449,30.276170995731963]]]}},{"type":"Feature","properties":{"Electric_Facility_Type":"كشك","Easting":"031° 31' 31.09\" E","Northing":"30° 16' 34.2\" N","Description":null,"ID":"6/5/A","sectors":"القطاع الثاني عشر","Implementing":"شركة الكتروالهانى","SHAPE_Length":33.94657257004629,"SHAPE_Area":70.2854198690145,"__networkId":"electricity","__networkName":"شبكة الكهرباء","__layerId":"electricity_facilities","__layerName":"منشآت شبكة الكهرباء","__assetName":"منشآت الكهرباء","__geometryKind":"polygon","__featureIndex":489,"__length_m":33.95,"__area_m2":70.29,"__typeValue":"كشك"},"geometry":{"type":"Polygon","coordinates":[[[31.52699367730186,30.27637651543542],[31.52702496652153,30.27630568749683],[31.526963452585818,30.276288389732795],[31.52693216246785,30.276359217683936],[31.52699367730186,30.27637651543542]]]}},{"type":"Feature","properties":{"Electric_Facility_Type":"موزع كهرباء","Easting":"031° 31' 9.22\" E","Northing":"30° 16' 34.51\" N","Description":null,"ID":"D.P B","sectors":"القطاع الثالث عشر","Implementing":"شركة الكتروالهانى","SHAPE_Length":85.36077453433704,"SHAPE_Area":291.6689114932996,"__networkId":"electricity","__networkName":"شبكة الكهرباء","__layerId":"electricity_facilities","__layerName":"منشآت شبكة الكهرباء","__assetName":"منشآت الكهرباء","__geometryKind":"polygon","__featureIndex":490,"__length_m":85.36,"__area_m2":291.67,"__typeValue":"موزع كهرباء"},"geometry":{"type":"Polygon","coordinates":[[[31.52106157147482,30.276405467847585],[31.5207566257752,30.27637058841325],[31.52074652511814,30.276435999755055],[31.521049446015105,30.276471248441],[31.52106157147482,30.276405467847585]]]}},{"type":"Feature","properties":{"Electric_Facility_Type":"كشك","Easting":"031° 30' 56.61\" E","Northing":"30° 16' 34.76\" N","Description":null,"ID":"5/4/B","sectors":"القطاع الثالث عشر","Implementing":"شركة الكتروالهانى","SHAPE_Length":32.7308335058241,"SHAPE_Area":65.9830822955104,"__networkId":"electricity","__networkName":"شبكة الكهرباء","__layerId":"electricity_facilities","__layerName":"منشآت شبكة الكهرباء","__assetName":"منشآت الكهرباء","__geometryKind":"polygon","__featureIndex":491,"__length_m":32.73,"__area_m2":65.98,"__typeValue":"كشك"},"geometry":{"type":"Polygon","coordinates":[[[31.51744711548753,30.27646736950356],[31.517365520611936,30.27645719194679],[31.51735581251867,30.27651270651475],[31.517437312172838,30.276522271194004],[31.51744711548753,30.27646736950356]]]}},{"type":"Feature","properties":{"Electric_Facility_Type":"كشك","Easting":"031° 31' 1.47\" E","Northing":"30° 16' 35.36\" N","Description":null,"ID":"2/4/B","sectors":"القطاع الثالث عشر","Implementing":"شركة الكتروالهانى","SHAPE_Length":32.41111072024922,"SHAPE_Area":64.44989953764532,"__networkId":"electricity","__networkName":"شبكة الكهرباء","__layerId":"electricity_facilities","__layerName":"منشآت شبكة الكهرباء","__assetName":"منشآت الكهرباء","__geometryKind":"polygon","__featureIndex":492,"__length_m":32.41,"__area_m2":64.45,"__typeValue":"كشك"},"geometry":{"type":"Polygon","coordinates":[[[31.51879728605449,30.27663265864983],[31.518715928334167,30.27662427550382],[31.51870426730345,30.276677794656152],[31.51878606609661,30.276686807735608],[31.51879728605449,30.27663265864983]]]}},{"type":"Feature","properties":{"Electric_Facility_Type":"كشك","Easting":"031° 31' 16.22\" E","Northing":"30° 16' 35.48\" N","Description":null,"ID":"2/1/B","sectors":"القطاع الثالث عشر","Implementing":"شركة الكتروالهانى","SHAPE_Length":32.52978944044051,"SHAPE_Area":65.13030535273852,"__networkId":"electricity","__networkName":"شبكة الكهرباء","__layerId":"electricity_facilities","__layerName":"منشآت شبكة الكهرباء","__assetName":"منشآت الكهرباء","__geometryKind":"polygon","__featureIndex":493,"__length_m":32.53,"__area_m2":65.13,"__typeValue":"كشك"},"geometry":{"type":"Polygon","coordinates":[[[31.522893722327694,30.27666589410063],[31.522812368200626,30.27665827200352],[31.522803597050196,30.276713071959286],[31.522885200010595,30.276720871707013],[31.522893722327694,30.27666589410063]]]}},{"type":"Feature","properties":{"Electric_Facility_Type":"كشك","Easting":"031° 31' 21.32\" E","Northing":"30° 16' 36.07\" N","Description":null,"ID":"4/5/A","sectors":"القطاع الثالث عشر","Implementing":"شركة الكتروالهانى","SHAPE_Length":32.60878298390184,"SHAPE_Area":65.38742497444332,"__networkId":"electricity","__networkName":"شبكة الكهرباء","__layerId":"electricity_facilities","__layerName":"منشآت شبكة الكهرباء","__assetName":"منشآت الكهرباء","__geometryKind":"polygon","__featureIndex":494,"__length_m":32.61,"__area_m2":65.39,"__typeValue":"كشك"},"geometry":{"type":"Polygon","coordinates":[[[31.524311094064455,30.276831191446156],[31.52422914615097,30.276821434402446],[31.524219853079366,30.27687597282782],[31.52430134464869,30.27688588502298],[31.524311094064455,30.276831191446156]]]}},{"type":"Feature","properties":{"Electric_Facility_Type":"كشك","Easting":"031° 31' 14.42\" E","Northing":"30° 16' 36.88\" N","Description":null,"ID":"5/6/A","sectors":"القطاع الثالث عشر","Implementing":"شركة الكتروالهانى","SHAPE_Length":32.945189967991865,"SHAPE_Area":66.74166078096044,"__networkId":"electricity","__networkName":"شبكة الكهرباء","__layerId":"electricity_facilities","__layerName":"منشآت شبكة الكهرباء","__assetName":"منشآت الكهرباء","__geometryKind":"polygon","__featureIndex":495,"__length_m":32.95,"__area_m2":66.74,"__typeValue":"كشك"},"geometry":{"type":"Polygon","coordinates":[[[31.5223956038077,30.27705394611235],[31.52231234345559,30.277047674683473],[31.522304165193244,30.27710282274814],[31.522386441890134,30.27710980091128],[31.5223956038077,30.27705394611235]]]}},{"type":"Feature","properties":{"Electric_Facility_Type":"كشك","Easting":"031° 31' 37.39\" E","Northing":"30° 16' 36.89\" N","Description":null,"ID":"7/5/A","sectors":"القطاع الثاني عشر","Implementing":"شركة الكتروالهانى","SHAPE_Length":32.53157199736556,"SHAPE_Area":65.06673060077628,"__networkId":"electricity","__networkName":"شبكة الكهرباء","__layerId":"electricity_facilities","__layerName":"منشآت شبكة الكهرباء","__assetName":"منشآت الكهرباء","__geometryKind":"polygon","__featureIndex":496,"__length_m":32.53,"__area_m2":65.07,"__typeValue":"كشك"},"geometry":{"type":"Polygon","coordinates":[[[31.528780995933882,30.277067694535372],[31.52870442623399,30.27704161814607],[31.528680526555878,30.2770928516154],[31.528757364852005,30.277118628539107],[31.528780995933882,30.277067694535372]]]}},{"type":"Feature","properties":{"Electric_Facility_Type":"كشك","Easting":"031° 31' 25.11\" E","Northing":"30° 16' 37.03\" N","Description":null,"ID":"3/6/A","sectors":"القطاع الثاني عشر","Implementing":"شركة الكتروالهانى","SHAPE_Length":32.75175923395755,"SHAPE_Area":65.95364583382943,"__networkId":"electricity","__networkName":"شبكة الكهرباء","__layerId":"electricity_facilities","__layerName":"منشآت شبكة الكهرباء","__assetName":"منشآت الكهرباء","__geometryKind":"polygon","__featureIndex":497,"__length_m":32.75,"__area_m2":65.95,"__typeValue":"كشك"},"geometry":{"type":"Polygon","coordinates":[[[31.525363058093088,30.277097026877033],[31.525302846714535,30.27707687592387],[31.52527275045758,30.277143693288004],[31.52533232403226,30.277163435390396],[31.525363058093088,30.277097026877033]]]}},{"type":"Feature","properties":{"Electric_Facility_Type":"كشك","Easting":"031° 31' 47.35\" E","Northing":"30° 16' 37.05\" N","Description":null,"ID":"10/1/A","sectors":"القطاع الثاني عشر","Implementing":"شركة الكتروالهانى","SHAPE_Length":32.525681799118345,"SHAPE_Area":64.61525800319001,"__networkId":"electricity","__networkName":"شبكة الكهرباء","__layerId":"electricity_facilities","__layerName":"منشآت شبكة الكهرباء","__assetName":"منشآت الكهرباء","__geometryKind":"polygon","__featureIndex":498,"__length_m":32.53,"__area_m2":64.62,"__typeValue":"كشك"},"geometry":{"type":"Polygon","coordinates":[[[31.531541300511368,30.277101412375572],[31.53148141522126,30.277081873515783],[31.531451508508823,30.277148412370746],[31.531506982172548,30.27716878983763],[31.531541300511368,30.277101412375572]]]}},{"type":"Feature","properties":{"Electric_Facility_Type":"كشك","Easting":"031° 31' 49.54\" E","Northing":"30° 16' 37.36\" N","Description":null,"ID":"9/1/A","sectors":"القطاع الثاني عشر","Implementing":"شركة الكتروالهانى","SHAPE_Length":32.656798257320276,"SHAPE_Area":65.57421209299591,"__networkId":"electricity","__networkName":"شبكة الكهرباء","__layerId":"electricity_facilities","__layerName":"منشآت شبكة الكهرباء","__assetName":"منشآت الكهرباء","__geometryKind":"polygon","__featureIndex":499,"__length_m":32.66,"__area_m2":65.57,"__typeValue":"كشك"},"geometry":{"type":"Polygon","coordinates":[[[31.532155098683752,30.277199690779735],[31.53207875895258,30.277172064413225],[31.53205616362826,30.277224050322555],[31.532132148524873,30.27725129964469],[31.532155098683752,30.277199690779735]]]}},{"type":"Feature","properties":{"Electric_Facility_Type":"كشك","Easting":"031° 31' 10.71\" E","Northing":"30° 16' 37.37\" N","Description":null,"ID":"6/6/A","sectors":"القطاع الثالث عشر","Implementing":"شركة الكتروالهانى","SHAPE_Length":32.65884817169686,"SHAPE_Area":65.02847368484,"__networkId":"electricity","__networkName":"شبكة الكهرباء","__layerId":"electricity_facilities","__layerName":"منشآت شبكة الكهرباء","__assetName":"منشآت الكهرباء","__geometryKind":"polygon","__featureIndex":500,"__length_m":32.66,"__area_m2":65.03,"__typeValue":"كشك"},"geometry":{"type":"Polygon","coordinates":[[[31.52135490375444,30.27717810465117],[31.521294385152043,30.27717410549545],[31.521282671120762,30.277244845144043],[31.52134544359617,30.277252407460413],[31.52135490375444,30.27717810465117]]]}},{"type":"Feature","properties":{"Electric_Facility_Type":"كشك","Easting":"031° 31' 19.23\" E","Northing":"30° 16' 37.45\" N","Description":null,"ID":"4/6/A","sectors":"القطاع الثالث عشر","Implementing":"شركة الكتروالهانى","SHAPE_Length":32.67649224817562,"SHAPE_Area":65.67140914516884,"__networkId":"electricity","__networkName":"شبكة الكهرباء","__layerId":"electricity_facilities","__layerName":"منشآت شبكة الكهرباء","__assetName":"منشآت الكهرباء","__geometryKind":"polygon","__featureIndex":501,"__length_m":32.68,"__area_m2":65.67,"__typeValue":"كشك"},"geometry":{"type":"Polygon","coordinates":[[[31.52373000534818,30.2772138069028],[31.52364793077227,30.27720386913994],[31.523639586321597,30.27725886428794],[31.523721222519658,30.27726857784444],[31.52373000534818,30.2772138069028]]]}},{"type":"Feature","properties":{"Electric_Facility_Type":"موزع كهرباء","Easting":"031° 31' 41.31\" E","Northing":"30° 16' 37.8\" N","Description":null,"ID":"D.P A","sectors":"القطاع الثاني عشر","Implementing":"شركة الكتروالهانى","SHAPE_Length":85.39332524655961,"SHAPE_Area":290.1949799991795,"__networkId":"electricity","__networkName":"شبكة الكهرباء","__layerId":"electricity_facilities","__layerName":"منشآت شبكة الكهرباء","__assetName":"منشآت الكهرباء","__geometryKind":"polygon","__featureIndex":502,"__length_m":85.39,"__area_m2":290.19,"__typeValue":"موزع كهرباء"},"geometry":{"type":"Polygon","coordinates":[[[31.529909869225552,30.277222628314984],[31.52983884123268,30.277198812594822],[31.529727018047797,30.27744611830768],[31.529798088261494,30.277469825358708],[31.529909869225552,30.277222628314984]]]}},{"type":"Feature","properties":{"Electric_Facility_Type":"كشك","Easting":"031° 31' 25.19\" E","Northing":"30° 16' 38.55\" N","Description":null,"ID":"2/6/A","sectors":"القطاع الثاني عشر","Implementing":"شركة الكتروالهانى","SHAPE_Length":32.61165188207866,"SHAPE_Area":65.32808581632364,"__networkId":"electricity","__networkName":"شبكة الكهرباء","__layerId":"electricity_facilities","__layerName":"منشآت شبكة الكهرباء","__assetName":"منشآت الكهرباء","__geometryKind":"polygon","__featureIndex":503,"__length_m":32.61,"__area_m2":65.33,"__typeValue":"كشك"},"geometry":{"type":"Polygon","coordinates":[[[31.525385552806103,30.277519815806293],[31.525304572378197,30.277508467707708],[31.525294729537634,30.2775630996205],[31.525377298186974,30.277574062150734],[31.525385552806103,30.277519815806293]]]}},{"type":"Feature","properties":{"Electric_Facility_Type":"كشك","Easting":"031° 31' 52.26\" E","Northing":"30° 16' 38.45\" N","Description":null,"ID":"1/1/A","sectors":"القطاع الثاني عشر","Implementing":"شركة الكتروالهانى","SHAPE_Length":31.888424187423603,"SHAPE_Area":62.55322888772662,"__networkId":"electricity","__networkName":"شبكة الكهرباء","__layerId":"electricity_facilities","__layerName":"منشآت شبكة الكهرباء","__assetName":"منشآت الكهرباء","__geometryKind":"polygon","__featureIndex":504,"__length_m":31.89,"__area_m2":62.55,"__typeValue":"كشك"},"geometry":{"type":"Polygon","coordinates":[[[31.532908389050093,30.277501349932646],[31.53283370401568,30.277475172807197],[31.532810353208195,30.277525357972642],[31.532885038242576,30.277551534308905],[31.532908389050093,30.277501349932646]]]}},{"type":"Feature","properties":{"Electric_Facility_Type":"كشك","Easting":"031° 31' 33.86\" E","Northing":"30° 16' 39.21\" N","Description":null,"ID":"1/6/A","sectors":"القطاع الثاني عشر","Implementing":"شركة الكتروالهانى","SHAPE_Length":32.44959126894863,"SHAPE_Area":64.7392233679464,"__networkId":"electricity","__networkName":"شبكة الكهرباء","__layerId":"electricity_facilities","__layerName":"منشآت شبكة الكهرباء","__assetName":"منشآت الكهرباء","__geometryKind":"polygon","__featureIndex":505,"__length_m":32.45,"__area_m2":64.74,"__typeValue":"كشك"},"geometry":{"type":"Polygon","coordinates":[[[31.527799493959485,30.27772134673997],[31.527756293977504,30.277681243685],[31.52769559481373,30.2777291339951],[31.527739085849902,30.27776937977354],[31.527799493959485,30.27772134673997]]]}},{"type":"Feature","properties":{"Electric_Facility_Type":"كشك","Easting":"031° 30' 59.21\" E","Northing":"30° 16' 39.7\" N","Description":null,"ID":"6/4/B","sectors":"القطاع الثالث عشر","Implementing":"شركة الكتروالهانى","SHAPE_Length":32.68829069725243,"SHAPE_Area":65.3177741065449,"__networkId":"electricity","__networkName":"شبكة الكهرباء","__layerId":"electricity_facilities","__layerName":"منشآت شبكة الكهرباء","__assetName":"منشآت الكهرباء","__geometryKind":"polygon","__featureIndex":506,"__length_m":32.69,"__area_m2":65.32,"__typeValue":"كشك"},"geometry":{"type":"Polygon","coordinates":[[[31.518171282472338,30.277842197298664],[31.51808716692409,30.27782948619769],[31.51807789092046,30.27788398837713],[31.518160050836364,30.277894352747985],[31.518171282472338,30.277842197298664]]]}},{"type":"Feature","properties":{"Electric_Facility_Type":"كشك","Easting":"031° 31' 55.6\" E","Northing":"30° 16' 39.49\" N","Description":null,"ID":"6/1/A","sectors":"القطاع الثاني عشر","Implementing":"شركة الكتروالهانى","SHAPE_Length":32.61883656840998,"SHAPE_Area":65.51778435450642,"__networkId":"electricity","__networkName":"شبكة الكهرباء","__layerId":"electricity_facilities","__layerName":"منشآت شبكة الكهرباء","__assetName":"منشآت الكهرباء","__geometryKind":"polygon","__featureIndex":507,"__length_m":32.62,"__area_m2":65.52,"__typeValue":"كشك"},"geometry":{"type":"Polygon","coordinates":[[[31.533839062549063,30.27779005500982],[31.533762389542932,30.277764369804174],[31.533738409914715,30.277815730899395],[31.533814700238548,30.27784175122713],[31.533839062549063,30.27779005500982]]]}},{"type":"Feature","properties":{"Electric_Facility_Type":"كشك","Easting":"031° 31' 46.12\" E","Northing":"30° 16' 39.77\" N","Description":null,"ID":"9/5/A","sectors":"القطاع الثاني عشر","Implementing":"شركة الكتروالهانى","SHAPE_Length":32.50396395455985,"SHAPE_Area":64.8333095550372,"__networkId":"electricity","__networkName":"شبكة الكهرباء","__layerId":"electricity_facilities","__layerName":"منشآت شبكة الكهرباء","__assetName":"منشآت الكهرباء","__geometryKind":"polygon","__featureIndex":508,"__length_m":32.5,"__area_m2":64.83,"__typeValue":"كشك"},"geometry":{"type":"Polygon","coordinates":[[[31.5311980416649,30.27785721400585],[31.531139339456008,30.277837423169125],[31.531108496699066,30.27790378541066],[31.53116746930082,30.27792370734011],[31.5311980416649,30.27785721400585]]]}},{"type":"Feature","properties":{"Electric_Facility_Type":"كشك","Easting":"031° 31' 3.64\" E","Northing":"30° 16' 40.25\" N","Description":null,"ID":"7/4/B","sectors":"القطاع الثالث عشر","Implementing":"شركة الكتروالهانى","SHAPE_Length":32.7650453946533,"SHAPE_Area":66.14213964466309,"__networkId":"electricity","__networkName":"شبكة الكهرباء","__layerId":"electricity_facilities","__layerName":"منشآت شبكة الكهرباء","__assetName":"منشآت الكهرباء","__geometryKind":"polygon","__featureIndex":509,"__length_m":32.77,"__area_m2":66.14,"__typeValue":"كشك"},"geometry":{"type":"Polygon","coordinates":[[[31.519398595847804,30.277989896525394],[31.51931709080375,30.277981496428264],[31.519308599927683,30.27803693410806],[31.519390615214817,30.278045503319365],[31.519398595847804,30.277989896525394]]]}},{"type":"Feature","properties":{"Electric_Facility_Type":"كشك","Easting":"031° 31' 23.32\" E","Northing":"30° 16' 40.38\" N","Description":null,"ID":"8/6/A","sectors":"القطاع الثالث عشر","Implementing":"شركة الكتروالهانى","SHAPE_Length":32.57910865475563,"SHAPE_Area":65.27411220946661,"__networkId":"electricity","__networkName":"شبكة الكهرباء","__layerId":"electricity_facilities","__layerName":"منشآت شبكة الكهرباء","__assetName":"منشآت الكهرباء","__geometryKind":"polygon","__featureIndex":510,"__length_m":32.58,"__area_m2":65.27,"__typeValue":"كشك"},"geometry":{"type":"Polygon","coordinates":[[[31.52485860645035,30.278018853891993],[31.52479493655795,30.278010314157793],[31.52478476044243,30.278080922097676],[31.524847568850454,30.27808927563984],[31.52485860645035,30.278018853891993]]]}},{"type":"Feature","properties":{"Electric_Facility_Type":"كشك","Easting":"031° 31' 7.36\" E","Northing":"30° 16' 40.69\" N","Description":null,"ID":"8/4/B","sectors":"القطاع الثالث عشر","Implementing":"شركة الكتروالهانى","SHAPE_Length":32.5544922213197,"SHAPE_Area":65.1526047753423,"__networkId":"electricity","__networkName":"شبكة الكهرباء","__layerId":"electricity_facilities","__layerName":"منشآت شبكة الكهرباء","__assetName":"منشآت الكهرباء","__geometryKind":"polygon","__featureIndex":511,"__length_m":32.55,"__area_m2":65.15,"__typeValue":"كشك"},"geometry":{"type":"Polygon","coordinates":[[[31.520433283476883,30.27811317260022],[31.520351627515893,30.278103704272073],[31.520342550938253,30.278158352144754],[31.520424372189282,30.278167565237972],[31.520433283476883,30.27811317260022]]]}},{"type":"Feature","properties":{"Electric_Facility_Type":"كشك","Easting":"031° 31' 43.36\" E","Northing":"30° 16' 40.73\" N","Description":null,"ID":"10/5/A","sectors":"القطاع الثاني عشر","Implementing":"شركة الكتروالهانى","SHAPE_Length":32.504224384254464,"SHAPE_Area":64.83442177148234,"__networkId":"electricity","__networkName":"شبكة الكهرباء","__layerId":"electricity_facilities","__layerName":"منشآت شبكة الكهرباء","__assetName":"منشآت الكهرباء","__geometryKind":"polygon","__featureIndex":512,"__length_m":32.5,"__area_m2":64.83,"__typeValue":"كشك"},"geometry":{"type":"Polygon","coordinates":[[[31.53043201228952,30.27812443762101],[31.530373309182327,30.278104646838166],[31.530342465527053,30.27817100889895],[31.53040143902714,30.278190930774212],[31.53043201228952,30.27812443762101]]]}},{"type":"Feature","properties":{"Electric_Facility_Type":"كشك","Easting":"031° 31' 59.94\" E","Northing":"30° 16' 41.0\" N","Description":null,"ID":"2/1/A","sectors":"القطاع الثاني عشر","Implementing":"شركة الكتروالهانى","SHAPE_Length":32.89453194638114,"SHAPE_Area":66.63441466382974,"__networkId":"electricity","__networkName":"شبكة الكهرباء","__layerId":"electricity_facilities","__layerName":"منشآت شبكة الكهرباء","__assetName":"منشآت الكهرباء","__geometryKind":"polygon","__featureIndex":513,"__length_m":32.89,"__area_m2":66.63,"__typeValue":"كشك"},"geometry":{"type":"Polygon","coordinates":[[[31.5350426954353,30.27821105977698],[31.534966074531475,30.278183543855032],[31.53494283960665,30.278236164587078],[31.53501916765969,30.27826320339365],[31.5350426954353,30.27821105977698]]]}},{"type":"Feature","properties":{"Electric_Facility_Type":"كشك","Easting":"031° 31' 15.06\" E","Northing":"30° 16' 41.51\" N","Description":null,"ID":"7/6/A","sectors":"القطاع الثالث عشر","Implementing":"شركة الكتروالهانى","SHAPE_Length":32.68339531824317,"SHAPE_Area":65.40794944680037,"__networkId":"electricity","__networkName":"شبكة الكهرباء","__layerId":"electricity_facilities","__layerName":"منشآت شبكة الكهرباء","__assetName":"منشآت الكهرباء","__geometryKind":"polygon","__featureIndex":514,"__length_m":32.68,"__area_m2":65.41,"__typeValue":"كشك"},"geometry":{"type":"Polygon","coordinates":[[[31.522571409498717,30.27834054641039],[31.522486523195926,30.278333506272933],[31.52248228674105,30.278387431773634],[31.522564079246003,30.278394996329254],[31.522571409498717,30.27834054641039]]]}},{"type":"Feature","properties":{"Electric_Facility_Type":"كشك","Easting":"031° 32' 1.82\" E","Northing":"30° 16' 41.67\" N","Description":null,"ID":"3/1/A","sectors":"القطاع الثاني عشر","Implementing":"شركة الكتروالهانى","SHAPE_Length":32.96574320673131,"SHAPE_Area":66.9161639831156,"__networkId":"electricity","__networkName":"شبكة الكهرباء","__layerId":"electricity_facilities","__layerName":"منشآت شبكة الكهرباء","__assetName":"منشآت الكهرباء","__geometryKind":"polygon","__featureIndex":515,"__length_m":32.97,"__area_m2":66.92,"__typeValue":"كشك"},"geometry":{"type":"Polygon","coordinates":[[[31.535566484212858,30.278394751961017],[31.535489545305385,30.27836803125741],[31.535465114722925,30.278420413728465],[31.535542518957726,30.27844662706304],[31.535566484212858,30.278394751961017]]]}},{"type":"Feature","properties":{"Electric_Facility_Type":"كشك","Easting":"031° 31' 37.39\" E","Northing":"30° 16' 42.29\" N","Description":null,"ID":"10/6/A","sectors":"القطاع الثاني عشر","Implementing":"شركة الكتروالهانى","SHAPE_Length":33.09011275303818,"SHAPE_Area":67.4494959576232,"__networkId":"electricity","__networkName":"شبكة الكهرباء","__layerId":"electricity_facilities","__layerName":"منشآت شبكة الكهرباء","__assetName":"منشآت الكهرباء","__geometryKind":"polygon","__featureIndex":516,"__length_m":33.09,"__area_m2":67.45,"__typeValue":"كشك"},"geometry":{"type":"Polygon","coordinates":[[[31.528774124720254,30.27855680056887],[31.528713649237027,30.278537740649647],[31.528681890198477,30.27860425912327],[31.528744768675107,30.278623652610854],[31.528774124720254,30.27855680056887]]]}},{"type":"Feature","properties":{"Electric_Facility_Type":"كشك","Easting":"031° 31' 28.89\" E","Northing":"30° 16' 42.94\" N","Description":null,"ID":"9/6/A","sectors":"القطاع الثاني عشر","Implementing":"شركة الكتروالهانى","SHAPE_Length":32.5590537910847,"SHAPE_Area":65.24178707908816,"__networkId":"electricity","__networkName":"شبكة الكهرباء","__layerId":"electricity_facilities","__layerName":"منشآت شبكة الكهرباء","__assetName":"منشآت الكهرباء","__geometryKind":"polygon","__featureIndex":517,"__length_m":32.56,"__area_m2":65.24,"__typeValue":"كشك"},"geometry":{"type":"Polygon","coordinates":[[[31.526412594873825,30.278739539460737],[31.526331432986204,30.278729509535843],[31.52632154792481,30.27878398794232],[31.526402972120483,30.278794458498556],[31.526412594873825,30.278739539460737]]]}},{"type":"Feature","properties":{"Electric_Facility_Type":"كشك","Easting":"031° 31' 49.3\" E","Northing":"30° 16' 45.59\" N","Description":null,"ID":"8/1/A","sectors":"القطاع الثاني عشر","Implementing":"شركة الكتروالهانى","SHAPE_Length":32.75231017720318,"SHAPE_Area":66.00035871474137,"__networkId":"electricity","__networkName":"شبكة الكهرباء","__layerId":"electricity_facilities","__layerName":"منشآت شبكة الكهرباء","__assetName":"منشآت الكهرباء","__geometryKind":"polygon","__featureIndex":518,"__length_m":32.75,"__area_m2":66.0,"__typeValue":"كشك"},"geometry":{"type":"Polygon","coordinates":[[[31.532083090628884,30.27947368699629],[31.532000981018655,30.27946340347165],[31.53199277580687,30.279518524578567],[31.532074356309373,30.2795288290431],[31.532083090628884,30.27947368699629]]]}},{"type":"Feature","properties":{"Electric_Facility_Type":"كشك","Easting":"031° 31' 53.04\" E","Northing":"30° 16' 45.98\" N","Description":null,"ID":"7/1/A","sectors":"القطاع الثاني عشر","Implementing":"شركة الكتروالهانى","SHAPE_Length":32.65946708710218,"SHAPE_Area":65.54049771177588,"__networkId":"electricity","__networkName":"شبكة الكهرباء","__layerId":"electricity_facilities","__layerName":"منشآت شبكة الكهرباء","__assetName":"منشآت الكهرباء","__geometryKind":"polygon","__featureIndex":519,"__length_m":32.66,"__area_m2":65.54,"__typeValue":"كشك"},"geometry":{"type":"Polygon","coordinates":[[[31.533121639217065,30.279582585546397],[31.53303949097929,30.279574362459535],[31.533031073765056,30.27962900330715],[31.53311350497218,30.279637291553485],[31.533121639217065,30.279582585546397]]]}},{"type":"Feature","properties":{"Electric_Facility_Type":"كشك","Easting":"031° 31' 58.07\" E","Northing":"30° 16' 46.61\" N","Description":null,"ID":"5/1/A","sectors":"القطاع الثاني عشر","Implementing":"شركة الكتروالهانى","SHAPE_Length":32.73415657600478,"SHAPE_Area":65.85430114690969,"__networkId":"electricity","__networkName":"شبكة الكهرباء","__layerId":"electricity_facilities","__layerName":"منشآت شبكة الكهرباء","__assetName":"منشآت الكهرباء","__geometryKind":"polygon","__featureIndex":520,"__length_m":32.73,"__area_m2":65.85,"__typeValue":"كشك"},"geometry":{"type":"Polygon","coordinates":[[[31.53451851948387,30.279758977575113],[31.534436452992765,30.279749127731076],[31.534428934992157,30.279804237041123],[31.53451122875703,30.279813806054097],[31.53451851948387,30.279758977575113]]]}},{"type":"Feature","properties":{"Electric_Facility_Type":"محطة الكهرباء","Easting":"031° 29' 7.52\" E","Northing":"30° 16' 37.67\" N","Description":null,"ID":"1","sectors":"القطاع الخامس عشر","Implementing":"شركة الكتروالهانى","SHAPE_Length":751.0469785455166,"SHAPE_Area":35043.50029321884,"__networkId":"electricity","__networkName":"شبكة الكهرباء","__layerId":"electricity_facilities","__layerName":"منشآت شبكة الكهرباء","__assetName":"منشآت الكهرباء","__geometryKind":"polygon","__featureIndex":521,"__length_m":751.05,"__area_m2":35043.5,"__typeValue":"محطة الكهرباء"},"geometry":{"type":"Polygon","coordinates":[[[31.488031038602305,30.27779344903435],[31.488063481477635,30.277711257950497],[31.48808917176568,30.27762730471559],[31.48810798302728,30.277542002515933],[31.48811982267993,30.277455771176875],[31.48812463245409,30.27736903509837],[31.488122388676985,30.277282221163567],[31.488113102392553,30.2771957566437],[31.488096819302537,30.27711006708764],[31.488073619548032,30.277025574233708],[31.488043617311114,30.27694269393062],[31.48800696025156,30.27686183409081],[31.487963828784007,30.276783392686255],[31.487914435184855,30.27670775578315],[31.48785902255563,30.276635295648646],[31.487797863616144,30.276566368913564],[31.487731259370154,30.276501314822003],[31.487659537621592,30.276440453552453],[31.486331391050435,30.276833438894208],[31.485876020659884,30.27803182950779],[31.488031038602305,30.27779344903435]]]}},{"type":"Feature","properties":{"Electric_Facility_Type":"كشك","Easting":"031° 31' 45.98\" E","Northing":"30° 16' 8.65\" N","Description":null,"ID":"4/2/A","sectors":"القطاع السادس عشر","Implementing":"شركة الكتروالهانى","SHAPE_Length":33.24071454483572,"SHAPE_Area":68.09011734261688,"__networkId":"electricity","__networkName":"شبكة الكهرباء","__layerId":"electricity_facilities","__layerName":"منشآت شبكة الكهرباء","__assetName":"منشآت الكهرباء","__geometryKind":"polygon","__featureIndex":522,"__length_m":33.24,"__area_m2":68.09,"__typeValue":"كشك"},"geometry":{"type":"Polygon","coordinates":[[[31.5311464496215,30.269271105630864],[31.53114994855953,30.269199000179277],[31.53108158586808,30.269200277995857],[31.531082645880126,30.2692718333729],[31.5311464496215,30.269271105630864]]]}},{"type":"Feature","properties":{"Electric_Facility_Type":"كشك","Easting":"031° 31' 52.32\" E","Northing":"30° 16' 9.41\" N","Description":null,"ID":"3/2/A","sectors":"القطاع السادس عشر","Implementing":"شركة الكتروالهانى","SHAPE_Length":32.60312294466734,"SHAPE_Area":65.29267473996744,"__networkId":"electricity","__networkName":"شبكة الكهرباء","__layerId":"electricity_facilities","__layerName":"منشآت شبكة الكهرباء","__assetName":"منشآت الكهرباء","__geometryKind":"polygon","__featureIndex":523,"__length_m":32.6,"__area_m2":65.29,"__typeValue":"كشك"},"geometry":{"type":"Polygon","coordinates":[[[31.532909127465246,30.269481818531975],[31.532909043921915,30.269410340116508],[31.53284543421664,30.269410589938055],[31.532845497997037,30.269482166885357],[31.532909127465246,30.269481818531975]]]}},{"type":"Feature","properties":{"Electric_Facility_Type":"كشك","Easting":"031° 30' 39.82\" E","Northing":"30° 16' 10.81\" N","Description":null,"ID":"4/2/B","sectors":"القطاع الرابع عشر","Implementing":"شركة الكتروالهانى","SHAPE_Length":32.5617038258158,"SHAPE_Area":65.22612458922518,"__networkId":"electricity","__networkName":"شبكة الكهرباء","__layerId":"electricity_facilities","__layerName":"منشآت شبكة الكهرباء","__assetName":"منشآت الكهرباء","__geometryKind":"polygon","__featureIndex":524,"__length_m":32.56,"__area_m2":65.23,"__typeValue":"كشك"},"geometry":{"type":"Polygon","coordinates":[[[31.51278699086509,30.269852088770037],[31.512766733855447,30.26979944337114],[31.512688897531042,30.2698217844632],[31.512708487990743,30.269874135031046],[31.51278699086509,30.269852088770037]]]}},{"type":"Feature","properties":{"Electric_Facility_Type":"كشك","Easting":"031° 31' 49.57\" E","Northing":"30° 16' 11.36\" N","Description":null,"ID":"5/2/A","sectors":"القطاع السادس عشر","Implementing":"شركة الكتروالهانى","SHAPE_Length":33.05642003430432,"SHAPE_Area":66.92835647851211,"__networkId":"electricity","__networkName":"شبكة الكهرباء","__layerId":"electricity_facilities","__layerName":"منشآت شبكة الكهرباء","__assetName":"منشآت الكهرباء","__geometryKind":"polygon","__featureIndex":525,"__length_m":33.06,"__area_m2":66.93,"__typeValue":"كشك"},"geometry":{"type":"Polygon","coordinates":[[[31.532153567056202,30.270014892408263],[31.532153298459907,30.269959137534254],[31.532070771133093,30.26996066360944],[31.53206728387316,30.270015476614653],[31.532153567056202,30.270014892408263]]]}},{"type":"Feature","properties":{"Electric_Facility_Type":"كشك","Easting":"031° 31' 52.34\" E","Northing":"30° 16' 12.56\" N","Description":null,"ID":"6/2/A","sectors":"القطاع السادس عشر","Implementing":"شركة الكتروالهانى","SHAPE_Length":32.73703202636081,"SHAPE_Area":65.86764264938392,"__networkId":"electricity","__networkName":"شبكة الكهرباء","__layerId":"electricity_facilities","__layerName":"منشآت شبكة الكهرباء","__assetName":"منشآت الكهرباء","__geometryKind":"polygon","__featureIndex":526,"__length_m":32.74,"__area_m2":65.87,"__typeValue":"كشك"},"geometry":{"type":"Polygon","coordinates":[[[31.532914445491727,30.2703580444027],[31.53291445357657,30.270286448698066],[31.532850481850232,30.270286997990198],[31.53285030757706,30.270358737999896],[31.532914445491727,30.2703580444027]]]}},{"type":"Feature","properties":{"Electric_Facility_Type":"كشك","Easting":"031° 31' 40.06\" E","Northing":"30° 16' 13.69\" N","Description":null,"ID":"6/3/A","sectors":"القطاع السادس عشر","Implementing":"شركة الكتروالهانى","SHAPE_Length":32.85709644301542,"SHAPE_Area":66.47655187621268,"__networkId":"electricity","__networkName":"شبكة الكهرباء","__layerId":"electricity_facilities","__layerName":"منشآت شبكة الكهرباء","__assetName":"منشآت الكهرباء","__geometryKind":"polygon","__featureIndex":527,"__length_m":32.86,"__area_m2":66.48,"__typeValue":"كشك"},"geometry":{"type":"Polygon","coordinates":[[[31.529522291994553,30.27062297567538],[31.52944503149022,30.270597010845552],[31.52942247030185,30.270649420739197],[31.52949933554746,30.270675450725154],[31.529522291994553,30.27062297567538]]]}},{"type":"Feature","properties":{"Electric_Facility_Type":"كشك","Easting":"031° 30' 44.55\" E","Northing":"30° 16' 13.99\" N","Description":null,"ID":"3/2/B","sectors":"القطاع الرابع عشر","Implementing":"شركة الكتروالهانى","SHAPE_Length":32.60391756380865,"SHAPE_Area":65.38246841480264,"__networkId":"electricity","__networkName":"شبكة الكهرباء","__layerId":"electricity_facilities","__layerName":"منشآت شبكة الكهرباء","__assetName":"منشآت الكهرباء","__geometryKind":"polygon","__featureIndex":528,"__length_m":32.6,"__area_m2":65.38,"__typeValue":"كشك"},"geometry":{"type":"Polygon","coordinates":[[[31.51410132583878,30.27072693655993],[31.514044896367576,30.27067502013768],[31.513999830584723,30.27071415548831],[31.514055637523438,30.27076616576564],[31.51410132583878,30.27072693655993]]]}},{"type":"Feature","properties":{"Electric_Facility_Type":"كشك","Easting":"031° 31' 22.41\" E","Northing":"30° 16' 14.19\" N","Description":null,"ID":"7/4/A","sectors":"القطاع السابع عشر","Implementing":"شركة الكتروالهانى","SHAPE_Length":31.885406213932328,"SHAPE_Area":62.54539676282829,"__networkId":"electricity","__networkName":"شبكة الكهرباء","__layerId":"electricity_facilities","__layerName":"منشآت شبكة الكهرباء","__assetName":"منشآت الكهرباء","__geometryKind":"polygon","__featureIndex":529,"__length_m":31.89,"__area_m2":62.55,"__typeValue":"كشك"},"geometry":{"type":"Polygon","coordinates":[[[31.52461576218464,30.270789630818765],[31.524597106871116,30.270737987522814],[31.524520255998567,30.270758904748366],[31.524538913108717,30.270810548809223],[31.52461576218464,30.270789630818765]]]}},{"type":"Feature","properties":{"Electric_Facility_Type":"كشك","Easting":"031° 30' 35.69\" E","Northing":"30° 16' 14.4\" N","Description":null,"ID":"3/2/C","sectors":"القطاع الرابع عشر","Implementing":"شركة الكتروالهانى","SHAPE_Length":32.81569188498782,"SHAPE_Area":66.29404751309916,"__networkId":"electricity","__networkName":"شبكة الكهرباء","__layerId":"electricity_facilities","__layerName":"منشآت شبكة الكهرباء","__assetName":"منشآت الكهرباء","__geometryKind":"polygon","__featureIndex":530,"__length_m":32.82,"__area_m2":66.29,"__typeValue":"كشك"},"geometry":{"type":"Polygon","coordinates":[[[31.51163976229724,30.270849840823864],[31.51162155883632,30.270796267288752],[31.51154242624294,30.270817277601765],[31.511560813858498,30.27087088060705],[31.51163976229724,30.270849840823864]]]}},{"type":"Feature","properties":{"Electric_Facility_Type":"كشك","Easting":"031° 31' 35.18\" E","Northing":"30° 16' 14.87\" N","Description":null,"ID":"7/3/A","sectors":"القطاع السادس عشر","Implementing":"شركة الكتروالهانى","SHAPE_Length":32.53037231281607,"SHAPE_Area":64.93020974035782,"__networkId":"electricity","__networkName":"شبكة الكهرباء","__layerId":"electricity_facilities","__layerName":"منشآت شبكة الكهرباء","__assetName":"منشآت الكهرباء","__geometryKind":"polygon","__featureIndex":531,"__length_m":32.53,"__area_m2":64.93,"__typeValue":"كشك"},"geometry":{"type":"Polygon","coordinates":[[[31.528158958413723,30.270940012621345],[31.528100493360057,30.27091972618526],[31.528071036703565,30.270986571015992],[31.52812990689742,30.271007088635788],[31.528158958413723,30.270940012621345]]]}},{"type":"Feature","properties":{"Electric_Facility_Type":"كشك","Easting":"031° 31' 28.3\" E","Northing":"30° 16' 15.44\" N","Description":null,"ID":"5/4/A","sectors":"القطاع السابع عشر","Implementing":"شركة الكتروالهانى","SHAPE_Length":32.78183632743722,"SHAPE_Area":66.17564264487311,"__networkId":"electricity","__networkName":"شبكة الكهرباء","__layerId":"electricity_facilities","__layerName":"منشآت شبكة الكهرباء","__assetName":"منشآت الكهرباء","__geometryKind":"polygon","__featureIndex":532,"__length_m":32.78,"__area_m2":66.18,"__typeValue":"كشك"},"geometry":{"type":"Polygon","coordinates":[[[31.526255486717158,30.271109848904803],[31.526179069730873,30.27108348465134],[31.52615409387104,30.27113559636665],[31.52623134090061,30.271161184776734],[31.526255486717158,30.271109848904803]]]}},{"type":"Feature","properties":{"Electric_Facility_Type":"كشك","Easting":"031° 30' 39.73\" E","Northing":"30° 16' 16.01\" N","Description":null,"ID":"2/2/C","sectors":"القطاع الرابع عشر","Implementing":"شركة الكتروالهانى","SHAPE_Length":31.902076492694167,"SHAPE_Area":62.545001150867286,"__networkId":"electricity","__networkName":"شبكة الكهرباء","__layerId":"electricity_facilities","__layerName":"منشآت شبكة الكهرباء","__assetName":"منشآت الكهرباء","__geometryKind":"polygon","__featureIndex":533,"__length_m":31.9,"__area_m2":62.55,"__typeValue":"كشك"},"geometry":{"type":"Polygon","coordinates":[[[31.512753816081652,30.271305219734753],[31.512730176914964,30.27123839141346],[31.512670569204296,30.271254276507534],[31.512694209269313,30.271321105593856],[31.512753816081652,30.271305219734753]]]}},{"type":"Feature","properties":{"Electric_Facility_Type":"كشك","Easting":"031° 30' 51.41\" E","Northing":"30° 16' 16.91\" N","Description":null,"ID":"2/2/B","sectors":"القطاع الرابع عشر","Implementing":"شركة الكتروالهانى","SHAPE_Length":32.68596228830588,"SHAPE_Area":65.75335503870215,"__networkId":"electricity","__networkName":"شبكة الكهرباء","__layerId":"electricity_facilities","__layerName":"منشآت شبكة الكهرباء","__assetName":"منشآت الكهرباء","__geometryKind":"polygon","__featureIndex":534,"__length_m":32.69,"__area_m2":65.75,"__typeValue":"كشك"},"geometry":{"type":"Polygon","coordinates":[[[31.51600811411535,30.271518023777485],[31.51593132971812,30.271491272496032],[31.515907966334204,30.271542763333745],[31.51598388834876,30.271569805536007],[31.51600811411535,30.271518023777485]]]}},{"type":"Feature","properties":{"Electric_Facility_Type":"كشك","Easting":"031° 31' 18.25\" E","Northing":"30° 16' 17.94\" N","Description":null,"ID":"8/4/A","sectors":"القطاع السابع عشر","Implementing":"شركة الكتروالهانى","SHAPE_Length":32.76607789780336,"SHAPE_Area":66.02056342152089,"__networkId":"electricity","__networkName":"شبكة الكهرباء","__layerId":"electricity_facilities","__layerName":"منشآت شبكة الكهرباء","__assetName":"منشآت الكهرباء","__geometryKind":"polygon","__featureIndex":535,"__length_m":32.77,"__area_m2":66.02,"__typeValue":"كشك"},"geometry":{"type":"Polygon","coordinates":[[[31.5234567288556,30.271793003501628],[31.523397254993895,30.27177184443915],[31.52336633588013,30.27183821388528],[31.523425633672034,30.271859455170794],[31.5234567288556,30.271793003501628]]]}},{"type":"Feature","properties":{"Electric_Facility_Type":"كشك","Easting":"031° 31' 33.75\" E","Northing":"30° 16' 18.02\" N","Description":null,"ID":"9/3/A","sectors":"القطاع السادس عشر","Implementing":"شركة الكتروالهانى","SHAPE_Length":32.63445393174333,"SHAPE_Area":65.42772863196238,"__networkId":"electricity","__networkName":"شبكة الكهرباء","__layerId":"electricity_facilities","__layerName":"منشآت شبكة الكهرباء","__assetName":"منشآت الكهرباء","__geometryKind":"polygon","__featureIndex":536,"__length_m":32.63,"__area_m2":65.43,"__typeValue":"كشك"},"geometry":{"type":"Polygon","coordinates":[[[31.52776380658819,30.27181670571156],[31.52770478368077,30.271796502469876],[31.52767472784802,30.271862880433364],[31.527733995097183,30.271883739232436],[31.52776380658819,30.27181670571156]]]}},{"type":"Feature","properties":{"Electric_Facility_Type":"كشك","Easting":"031° 31' 45.44\" E","Northing":"30° 16' 18.1\" N","Description":null,"ID":"5/3/A","sectors":"القطاع السادس عشر","Implementing":"شركة الكتروالهانى","SHAPE_Length":32.15566317670887,"SHAPE_Area":63.338063367426,"__networkId":"electricity","__networkName":"شبكة الكهرباء","__layerId":"electricity_facilities","__layerName":"منشآت شبكة الكهرباء","__assetName":"منشآت الكهرباء","__geometryKind":"polygon","__featureIndex":537,"__length_m":32.16,"__area_m2":63.34,"__typeValue":"كشك"},"geometry":{"type":"Polygon","coordinates":[[[31.531007725487097,30.271839549854313],[31.53095338909053,30.271815450427916],[31.530921224911754,30.271883279944813],[31.530981566546018,30.27190326826551],[31.531007725487097,30.271839549854313]]]}},{"type":"Feature","properties":{"Electric_Facility_Type":"كشك","Easting":"031° 30' 45.65\" E","Northing":"30° 16' 19.04\" N","Description":null,"ID":"5/2/B","sectors":"القطاع الرابع عشر","Implementing":"شركة الكتروالهانى","SHAPE_Length":32.62197207311216,"SHAPE_Area":65.41660888470528,"__networkId":"electricity","__networkName":"شبكة الكهرباء","__layerId":"electricity_facilities","__layerName":"منشآت شبكة الكهرباء","__assetName":"منشآت الكهرباء","__geometryKind":"polygon","__featureIndex":538,"__length_m":32.62,"__area_m2":65.42,"__typeValue":"كشك"},"geometry":{"type":"Polygon","coordinates":[[[31.514406807832604,30.272108451664575],[31.51432963715982,30.27208313659088],[31.514305397918502,30.27213426015441],[31.51438262069359,30.27215956668091],[31.514406807832604,30.272108451664575]]]}},{"type":"Feature","properties":{"Electric_Facility_Type":"كشك","Easting":"031° 30' 19.71\" E","Northing":"30° 16' 19.21\" N","Description":null,"ID":"3/3/C","sectors":"القطاع الرابع عشر","Implementing":"شركة الكتروالهانى","SHAPE_Length":31.399222387723327,"SHAPE_Area":60.737542902009686,"__networkId":"electricity","__networkName":"شبكة الكهرباء","__layerId":"electricity_facilities","__layerName":"منشآت شبكة الكهرباء","__assetName":"منشآت الكهرباء","__geometryKind":"polygon","__featureIndex":539,"__length_m":31.4,"__area_m2":60.74,"__typeValue":"كشك"},"geometry":{"type":"Polygon","coordinates":[[[31.5071922401565,30.272192528229866],[31.507168454564383,30.272129983049016],[31.50710778324842,30.272143107625276],[31.50713302770452,30.272209493112612],[31.5071922401565,30.272192528229866]]]}},{"type":"Feature","properties":{"Electric_Facility_Type":"كشك","Easting":"031° 30' 10.22\" E","Northing":"30° 16' 20.07\" N","Description":null,"ID":"9/3/C","sectors":"القطاع الخامس عشر","Implementing":"شركة الكتروالهانى","SHAPE_Length":32.63665628496983,"SHAPE_Area":65.58924149189858,"__networkId":"electricity","__networkName":"شبكة الكهرباء","__layerId":"electricity_facilities","__layerName":"منشآت شبكة الكهرباء","__assetName":"منشآت الكهرباء","__geometryKind":"polygon","__featureIndex":540,"__length_m":32.64,"__area_m2":65.59,"__typeValue":"كشك"},"geometry":{"type":"Polygon","coordinates":[[[31.50456460596668,30.27242285688824],[31.504542878414888,30.27237014769916],[31.504465811048366,30.27239425940252],[31.50448685677883,30.27244646895108],[31.50456460596668,30.27242285688824]]]}},{"type":"Feature","properties":{"Electric_Facility_Type":"كشك","Easting":"031° 30' 41.26\" E","Northing":"30° 16' 20.3\" N","Description":null,"ID":"1/2/C","sectors":"القطاع الرابع عشر","Implementing":"شركة الكتروالهانى","SHAPE_Length":32.86732710341549,"SHAPE_Area":66.46458549787627,"__networkId":"electricity","__networkName":"شبكة الكهرباء","__layerId":"electricity_facilities","__layerName":"منشآت شبكة الكهرباء","__assetName":"منشآت الكهرباء","__geometryKind":"polygon","__featureIndex":541,"__length_m":32.87,"__area_m2":66.46,"__typeValue":"كشك"},"geometry":{"type":"Polygon","coordinates":[[[31.513180322703832,30.27249696003297],[31.513156230786244,30.272428570798507],[31.513094252421535,30.27244513997263],[31.51311901088907,30.272513797628815],[31.513180322703832,30.27249696003297]]]}},{"type":"Feature","properties":{"Electric_Facility_Type":"كشك","Easting":"031° 31' 42.22\" E","Northing":"30° 16' 20.35\" N","Description":null,"ID":"4/3/A","sectors":"القطاع السادس عشر","Implementing":"شركة الكتروالهانى","SHAPE_Length":32.770269361435766,"SHAPE_Area":66.13323610188493,"__networkId":"electricity","__networkName":"شبكة الكهرباء","__layerId":"electricity_facilities","__layerName":"منشآت شبكة الكهرباء","__assetName":"منشآت الكهرباء","__geometryKind":"polygon","__featureIndex":542,"__length_m":32.77,"__area_m2":66.13,"__typeValue":"كشك"},"geometry":{"type":"Polygon","coordinates":[[[31.530120245681935,30.272473440304807],[31.53004380444116,30.272445465816702],[31.530020107782295,30.27249779869322],[31.53009576748876,30.27252487942328],[31.530120245681935,30.272473440304807]]]}},{"type":"Feature","properties":{"Electric_Facility_Type":"كشك","Easting":"031° 30' 48.92\" E","Northing":"30° 16' 20.93\" N","Description":null,"ID":"6/2/B","sectors":"القطاع الرابع عشر","Implementing":"شركة الكتروالهانى","SHAPE_Length":32.57641148872161,"SHAPE_Area":65.20291899186898,"__networkId":"electricity","__networkName":"شبكة الكهرباء","__layerId":"electricity_facilities","__layerName":"منشآت شبكة الكهرباء","__assetName":"منشآت الكهرباء","__geometryKind":"polygon","__featureIndex":543,"__length_m":32.58,"__area_m2":65.2,"__typeValue":"كشك"},"geometry":{"type":"Polygon","coordinates":[[[31.51531515729843,30.27263392765854],[31.515238168983657,30.272607746131605],[31.515215093060654,30.27265875770418],[31.515291793016228,30.272685265060844],[31.51531515729843,30.27263392765854]]]}},{"type":"Feature","properties":{"Electric_Facility_Type":"كشك","Easting":"031° 31' 52.39\" E","Northing":"30° 16' 21.03\" N","Description":null,"ID":"2/2/A","sectors":"القطاع السادس عشر","Implementing":"شركة الكتروالهانى","SHAPE_Length":32.68541707024276,"SHAPE_Area":65.62976779195927,"__networkId":"electricity","__networkName":"شبكة الكهرباء","__layerId":"electricity_facilities","__layerName":"منشآت شبكة الكهرباء","__assetName":"منشآت الكهرباء","__geometryKind":"polygon","__featureIndex":544,"__length_m":32.69,"__area_m2":65.63,"__typeValue":"كشك"},"geometry":{"type":"Polygon","coordinates":[[[31.532927130601838,30.27263901547156],[31.53286322624919,30.272638796690952],[31.532863323267243,30.27271068936948],[31.532927038075375,30.272710484553738],[31.532927130601838,30.27263901547156]]]}},{"type":"Feature","properties":{"Electric_Facility_Type":"كشك","Easting":"031° 30' 42.13\" E","Northing":"30° 16' 21.41\" N","Description":null,"ID":"4/3/B","sectors":"القطاع الرابع عشر","Implementing":"شركة الكتروالهانى","SHAPE_Length":32.593079363707496,"SHAPE_Area":65.22393940113605,"__networkId":"electricity","__networkName":"شبكة الكهرباء","__layerId":"electricity_facilities","__layerName":"منشآت شبكة الكهرباء","__assetName":"منشآت الكهرباء","__geometryKind":"polygon","__featureIndex":545,"__length_m":32.59,"__area_m2":65.22,"__typeValue":"كشك"},"geometry":{"type":"Polygon","coordinates":[[[31.513415563628982,30.27274843209305],[31.51335278845861,30.27274150637534],[31.513341632281094,30.27281252308196],[31.51340482337145,30.27281936655812],[31.513415563628982,30.27274843209305]]]}},{"type":"Feature","properties":{"Electric_Facility_Type":"كشك","Easting":"031° 31' 30.93\" E","Northing":"30° 16' 21.45\" N","Description":null,"ID":"4/4/A","sectors":"القطاع السابع عشر","Implementing":"شركة الكتروالهانى","SHAPE_Length":31.90140664360706,"SHAPE_Area":62.54599519875863,"__networkId":"electricity","__networkName":"شبكة الكهرباء","__layerId":"electricity_facilities","__layerName":"منشآت شبكة الكهرباء","__assetName":"منشآت الكهرباء","__geometryKind":"polygon","__featureIndex":546,"__length_m":31.9,"__area_m2":62.55,"__typeValue":"كشك"},"geometry":{"type":"Polygon","coordinates":[[[31.526978581113536,30.272769396215075],[31.526920549946173,30.272749597370037],[31.526891084306552,30.272814658128663],[31.526949115473876,30.27283445851217],[31.526978581113536,30.272769396215075]]]}},{"type":"Feature","properties":{"Electric_Facility_Type":"كشك","Easting":"031° 31' 18.17\" E","Northing":"30° 16' 21.56\" N","Description":null,"ID":"5/1/B","sectors":"القطاع السابع عشر","Implementing":"شركة الكتروالهانى","SHAPE_Length":32.61312491068802,"SHAPE_Area":65.34877672546192,"__networkId":"electricity","__networkName":"شبكة الكهرباء","__layerId":"electricity_facilities","__layerName":"منشآت شبكة الكهرباء","__assetName":"منشآت الكهرباء","__geometryKind":"polygon","__featureIndex":547,"__length_m":32.61,"__area_m2":65.35,"__typeValue":"كشك"},"geometry":{"type":"Polygon","coordinates":[[[31.523440105531275,30.272810118826932],[31.523364147584104,30.272782837239006],[31.523340058361473,30.272833997677346],[31.52341707632065,30.27286124821834],[31.523440105531275,30.272810118826932]]]}},{"type":"Feature","properties":{"Electric_Facility_Type":"كشك","Easting":"031° 29' 56.43\" E","Northing":"30° 16' 22.56\" N","Description":null,"ID":"4/4/C","sectors":"القطاع الخامس عشر","Implementing":"شركة الكتروالهانى","SHAPE_Length":32.748410168403105,"SHAPE_Area":66.0330470891517,"__networkId":"electricity","__networkName":"شبكة الكهرباء","__layerId":"electricity_facilities","__layerName":"منشآت شبكة الكهرباء","__assetName":"منشآت الكهرباء","__geometryKind":"polygon","__featureIndex":548,"__length_m":32.75,"__area_m2":66.03,"__typeValue":"كشك"},"geometry":{"type":"Polygon","coordinates":[[[31.500734661210718,30.273116762111897],[31.500715351923677,30.273063461349075],[31.500637375462095,30.273085751270308],[31.50065609275935,30.27313918003033],[31.500734661210718,30.273116762111897]]]}},{"type":"Feature","properties":{"Electric_Facility_Type":"كشك","Easting":"031° 30' 12.65\" E","Northing":"30° 16' 22.5\" N","Description":null,"ID":"10/3/C","sectors":"القطاع الخامس عشر","Implementing":"شركة الكتروالهانى","SHAPE_Length":32.31217706615108,"SHAPE_Area":64.4172321899333,"__networkId":"electricity","__networkName":"شبكة الكهرباء","__layerId":"electricity_facilities","__layerName":"منشآت شبكة الكهرباء","__assetName":"منشآت الكهرباء","__geometryKind":"polygon","__featureIndex":549,"__length_m":32.31,"__area_m2":64.42,"__typeValue":"كشك"},"geometry":{"type":"Polygon","coordinates":[[[31.50523443026671,30.273106813848663],[31.50520876090745,30.27304264934954],[31.505146280384498,30.27305797323778],[31.50517369606865,30.273125079613344],[31.50523443026671,30.273106813848663]]]}},{"type":"Feature","properties":{"Electric_Facility_Type":"كشك","Easting":"031° 30' 25.33\" E","Northing":"30° 16' 22.96\" N","Description":null,"ID":"4/3/C","sectors":"القطاع الرابع عشر","Implementing":"شركة الكتروالهانى","SHAPE_Length":32.759884543104256,"SHAPE_Area":66.09609845248272,"__networkId":"electricity","__networkName":"شبكة الكهرباء","__layerId":"electricity_facilities","__layerName":"منشآت شبكة الكهرباء","__assetName":"منشآت الكهرباء","__geometryKind":"polygon","__featureIndex":550,"__length_m":32.76,"__area_m2":66.1,"__typeValue":"كشك"},"geometry":{"type":"Polygon","coordinates":[[[31.508755670771897,30.273187232374372],[31.50867415494808,30.273177770553318],[31.50866648153891,30.2732335282541],[31.50874843124902,30.27324251061733],[31.508755670771897,30.273187232374372]]]}},{"type":"Feature","properties":{"Electric_Facility_Type":"كشك","Easting":"031° 31' 39.92\" E","Northing":"30° 16' 22.97\" N","Description":null,"ID":"11/3/A","sectors":"القطاع السادس عشر","Implementing":"شركة الكتروالهانى","SHAPE_Length":32.6204375809992,"SHAPE_Area":65.42674324489212,"__networkId":"electricity","__networkName":"شبكة الكهرباء","__layerId":"electricity_facilities","__layerName":"منشآت شبكة الكهرباء","__assetName":"منشآت الكهرباء","__geometryKind":"polygon","__featureIndex":551,"__length_m":32.62,"__area_m2":65.43,"__typeValue":"كشك"},"geometry":{"type":"Polygon","coordinates":[[[31.52948053291025,30.27320061282767],[31.529403976685103,30.273174352318954],[31.52938153766761,30.273226168115254],[31.52945841728627,30.273252419300427],[31.52948053291025,30.27320061282767]]]}},{"type":"Feature","properties":{"Electric_Facility_Type":"كشك","Easting":"031° 31' 49.87\" E","Northing":"30° 16' 23.04\" N","Description":null,"ID":"8/2/A","sectors":"القطاع السادس عشر","Implementing":"شركة الكتروالهانى","SHAPE_Length":32.59871227024986,"SHAPE_Area":65.2831541933323,"__networkId":"electricity","__networkName":"شبكة الكهرباء","__layerId":"electricity_facilities","__layerName":"منشآت شبكة الكهرباء","__assetName":"منشآت الكهرباء","__geometryKind":"polygon","__featureIndex":552,"__length_m":32.6,"__area_m2":65.28,"__typeValue":"كشك"},"geometry":{"type":"Polygon","coordinates":[[[31.532248442624915,30.273220496921173],[31.5321719932993,30.27319325811708],[31.532146146971947,30.27324339969904],[31.53222243100756,30.273270918557632],[31.532248442624915,30.273220496921173]]]}},{"type":"Feature","properties":{"Electric_Facility_Type":"كشك","Easting":"031° 30' 23.98\" E","Northing":"30° 16' 23.78\" N","Description":null,"ID":"10/4/C","sectors":"القطاع الرابع عشر","Implementing":"شركة الكتروالهانى","SHAPE_Length":32.378709688279514,"SHAPE_Area":64.49692375376097,"__networkId":"electricity","__networkName":"شبكة الكهرباء","__layerId":"electricity_facilities","__layerName":"منشآت شبكة الكهرباء","__assetName":"منشآت الكهرباء","__geometryKind":"polygon","__featureIndex":553,"__length_m":32.38,"__area_m2":64.5,"__typeValue":"كشك"},"geometry":{"type":"Polygon","coordinates":[[[31.508381561981942,30.273416062158034],[31.50830017821047,30.273406148060847],[31.50829332765811,30.273460233758584],[31.508373397194326,30.273471379838515],[31.508381561981942,30.273416062158034]]]}},{"type":"Feature","properties":{"Electric_Facility_Type":"كشك","Easting":"031° 31' 23.87\" E","Northing":"30° 16' 23.56\" N","Description":null,"ID":"9/4/A","sectors":"القطاع السابع عشر","Implementing":"شركة الكتروالهانى","SHAPE_Length":32.584154892135274,"SHAPE_Area":65.21489281349895,"__networkId":"electricity","__networkName":"شبكة الكهرباء","__layerId":"electricity_facilities","__layerName":"منشآت شبكة الكهرباء","__assetName":"منشآت الكهرباء","__geometryKind":"polygon","__featureIndex":554,"__length_m":32.58,"__area_m2":65.21,"__typeValue":"كشك"},"geometry":{"type":"Polygon","coordinates":[[[31.524999403896388,30.273417178550947],[31.52502283465395,30.27336702309314],[31.52494742827236,30.27333857483849],[31.52492238593721,30.27339000186638],[31.524999403896388,30.273417178550947]]]}},{"type":"Feature","properties":{"Electric_Facility_Type":"كشك","Easting":"031° 30' 31.43\" E","Northing":"30° 16' 24.66\" N","Description":null,"ID":"7/2/C","sectors":"القطاع الرابع عشر","Implementing":"شركة الكتروالهانى","SHAPE_Length":32.86198433491732,"SHAPE_Area":66.49635761823185,"__networkId":"electricity","__networkName":"شبكة الكهرباء","__layerId":"electricity_facilities","__layerName":"منشآت شبكة الكهرباء","__assetName":"منشآت الكهرباء","__geometryKind":"polygon","__featureIndex":555,"__length_m":32.86,"__area_m2":66.5,"__typeValue":"كشك"},"geometry":{"type":"Polygon","coordinates":[[[31.510450817764173,30.27366157752429],[31.510369254329646,30.273652039719593],[31.510360768843466,30.273707476741727],[31.51044318118595,30.273717286074245],[31.510450817764173,30.27366157752429]]]}},{"type":"Feature","properties":{"Electric_Facility_Type":"كشك","Easting":"031° 31' 43.97\" E","Northing":"30° 16' 24.39\" N","Description":null,"ID":"3/3/A","sectors":"القطاع السادس عشر","Implementing":"شركة الكتروالهانى","SHAPE_Length":32.58314062358579,"SHAPE_Area":65.14909752881671,"__networkId":"electricity","__networkName":"شبكة الكهرباء","__layerId":"electricity_facilities","__layerName":"منشآت شبكة الكهرباء","__assetName":"منشآت الكهرباء","__geometryKind":"polygon","__featureIndex":556,"__length_m":32.58,"__area_m2":65.15,"__typeValue":"كشك"},"geometry":{"type":"Polygon","coordinates":[[[31.530606848698305,30.273595029323076],[31.530529420209017,30.273569228975386],[31.53050559598936,30.273620678380954],[31.53058349878912,30.273645214145123],[31.530606848698305,30.273595029323076]]]}},{"type":"Feature","properties":{"Electric_Facility_Type":"كشك","Easting":"031° 30' 11.3\" E","Northing":"30° 16' 24.8\" N","Description":null,"ID":"1/4/C","sectors":"القطاع الخامس عشر","Implementing":"شركة الكتروالهانى","SHAPE_Length":31.884809608903982,"SHAPE_Area":62.54857047806945,"__networkId":"electricity","__networkName":"شبكة الكهرباء","__layerId":"electricity_facilities","__layerName":"منشآت شبكة الكهرباء","__assetName":"منشآت الكهرباء","__geometryKind":"polygon","__featureIndex":557,"__length_m":31.88,"__area_m2":62.55,"__typeValue":"كشك"},"geometry":{"type":"Polygon","coordinates":[[[31.504858215825696,30.27374532691944],[31.504849202130153,30.273691773584073],[31.504769505394766,30.273701878501495],[31.50477851909034,30.273755432607235],[31.504858215825696,30.27374532691944]]]}},{"type":"Feature","properties":{"Electric_Facility_Type":"كشك","Easting":"031° 30' 40.26\" E","Northing":"30° 16' 24.73\" N","Description":null,"ID":"5/3/B","sectors":"القطاع الرابع عشر","Implementing":"شركة الكتروالهانى","SHAPE_Length":32.707383064160574,"SHAPE_Area":65.90336517206518,"__networkId":"electricity","__networkName":"شبكة الكهرباء","__layerId":"electricity_facilities","__layerName":"منشآت شبكة الكهرباء","__assetName":"منشآت الكهرباء","__geometryKind":"polygon","__featureIndex":558,"__length_m":32.71,"__area_m2":65.9,"__typeValue":"كشك"},"geometry":{"type":"Polygon","coordinates":[[[31.512903122370094,30.273678165885496],[31.51282196497406,30.27366987791171],[31.512813831627465,30.2737247175507],[31.512895806490434,30.27373425689992],[31.512903122370094,30.273678165885496]]]}},{"type":"Feature","properties":{"Electric_Facility_Type":"كشك","Easting":"031° 31' 29.5\" E","Northing":"30° 16' 24.61\" N","Description":null,"ID":"10/4/A","sectors":"القطاع السابع عشر","Implementing":"شركة الكتروالهانى","SHAPE_Length":32.61996771961347,"SHAPE_Area":65.49153188466882,"__networkId":"electricity","__networkName":"شبكة الكهرباء","__layerId":"electricity_facilities","__layerName":"منشآت شبكة الكهرباء","__assetName":"منشآت الكهرباء","__geometryKind":"polygon","__featureIndex":559,"__length_m":32.62,"__area_m2":65.49,"__typeValue":"كشك"},"geometry":{"type":"Polygon","coordinates":[[[31.526580857411354,30.273645785916916],[31.526520752932324,30.273625649771336],[31.526491997860106,30.273692165367827],[31.526551623537078,30.273712266588333],[31.526580857411354,30.273645785916916]]]}},{"type":"Feature","properties":{"Electric_Facility_Type":"كشك","Easting":"031° 30' 15.7\" E","Northing":"30° 16' 24.94\" N","Description":null,"ID":"9/4/C","sectors":"القطاع الخامس عشر","Implementing":"شركة الكتروالهانى","SHAPE_Length":32.58404409452909,"SHAPE_Area":65.38982425595937,"__networkId":"electricity","__networkName":"شبكة الكهرباء","__layerId":"electricity_facilities","__layerName":"منشآت شبكة الكهرباء","__assetName":"منشآت الكهرباء","__geometryKind":"polygon","__featureIndex":560,"__length_m":32.58,"__area_m2":65.39,"__typeValue":"كشك"},"geometry":{"type":"Polygon","coordinates":[[[31.506083875402737,30.273784224424368],[31.506074210428597,30.273729398783193],[31.505992671248556,30.2737399156514],[31.50600326238577,30.27379486386446],[31.506083875402737,30.273784224424368]]]}},{"type":"Feature","properties":{"Electric_Facility_Type":"كشك","Easting":"031° 30' 27.19\" E","Northing":"30° 16' 25.1\" N","Description":null,"ID":"8/2/C","sectors":"القطاع الرابع عشر","Implementing":"شركة الكتروالهانى","SHAPE_Length":33.03180873542635,"SHAPE_Area":67.01705233613505,"__networkId":"electricity","__networkName":"شبكة الكهرباء","__layerId":"electricity_facilities","__layerName":"منشآت شبكة الكهرباء","__assetName":"منشآت الكهرباء","__geometryKind":"polygon","__featureIndex":561,"__length_m":33.03,"__area_m2":67.02,"__typeValue":"كشك"},"geometry":{"type":"Polygon","coordinates":[[[31.509266049498912,30.273773810743492],[31.50920170137846,30.27376632961901],[31.509190254146812,30.273837942956483],[31.509253595255785,30.273845662248682],[31.509266049498912,30.273773810743492]]]}},{"type":"Feature","properties":{"Electric_Facility_Type":"كشك","Easting":"031° 31' 40.94\" E","Northing":"30° 16' 24.93\" N","Description":null,"ID":"2/4/A","sectors":"القطاع السادس عشر","Implementing":"شركة الكتروالهانى","SHAPE_Length":32.17847657364861,"SHAPE_Area":63.60285386238479,"__networkId":"electricity","__networkName":"شبكة الكهرباء","__layerId":"electricity_facilities","__layerName":"منشآت شبكة الكهرباء","__assetName":"منشآت الكهرباء","__geometryKind":"polygon","__featureIndex":562,"__length_m":32.18,"__area_m2":63.6,"__typeValue":"كشك"},"geometry":{"type":"Polygon","coordinates":[[[31.529759768826406,30.2737347712614],[31.529700400067597,30.273714245677816],[31.529671778844346,30.273779306572802],[31.529728414928048,30.273800818971292],[31.529759768826406,30.2737347712614]]]}},{"type":"Feature","properties":{"Electric_Facility_Type":"كشك","Easting":"031° 30' 45.85\" E","Northing":"30° 16' 25.39\" N","Description":null,"ID":"8/3/B","sectors":"القطاع الرابع عشر","Implementing":"شركة الكتروالهانى","SHAPE_Length":32.52450709395003,"SHAPE_Area":65.08246844639127,"__networkId":"electricity","__networkName":"شبكة الكهرباء","__layerId":"electricity_facilities","__layerName":"منشآت شبكة الكهرباء","__assetName":"منشآت الكهرباء","__geometryKind":"polygon","__featureIndex":563,"__length_m":32.52,"__area_m2":65.08,"__typeValue":"كشك"},"geometry":{"type":"Polygon","coordinates":[[[31.514458643319454,30.273862631500517],[31.514377259547977,30.27385289045365],[31.514367641286224,30.273907765677514],[31.514449043024,30.273916972187486],[31.514458643319454,30.273862631500517]]]}},{"type":"Feature","properties":{"Electric_Facility_Type":"كشك","Easting":"031° 30' 26.34\" E","Northing":"30° 16' 25.46\" N","Description":null,"ID":"8/1/C","sectors":"القطاع الرابع عشر","Implementing":"شركة الكتروالهانى","SHAPE_Length":32.07977154795245,"SHAPE_Area":63.204845389786186,"__networkId":"electricity","__networkName":"شبكة الكهرباء","__layerId":"electricity_facilities","__layerName":"منشآت شبكة الكهرباء","__assetName":"منشآت الكهرباء","__geometryKind":"polygon","__featureIndex":564,"__length_m":32.08,"__area_m2":63.2,"__typeValue":"كشك"},"geometry":{"type":"Polygon","coordinates":[[[31.50902910177471,30.2738735409133],[31.50896658172589,30.273867667270707],[31.508955786671134,30.273936319277066],[31.509017473083354,30.273944252684363],[31.50902910177471,30.2738735409133]]]}},{"type":"Feature","properties":{"Electric_Facility_Type":"كشك","Easting":"031° 31' 41.66\" E","Northing":"30° 16' 25.18\" N","Description":null,"ID":"2/3/A","sectors":"القطاع السادس عشر","Implementing":"شركة الكتروالهانى","SHAPE_Length":32.59129051894103,"SHAPE_Area":65.25415469942932,"__networkId":"electricity","__networkName":"شبكة الكهرباء","__layerId":"electricity_facilities","__layerName":"منشآت شبكة الكهرباء","__assetName":"منشآت الكهرباء","__geometryKind":"polygon","__featureIndex":565,"__length_m":32.59,"__area_m2":65.25,"__typeValue":"كشك"},"geometry":{"type":"Polygon","coordinates":[[[31.529961280707568,30.27380423563227],[31.529902256003513,30.273783970734907],[31.529872359172547,30.27385037373191],[31.529931469216557,30.273871098669648],[31.529961280707568,30.27380423563227]]]}},{"type":"Feature","properties":{"Electric_Facility_Type":"كشك","Easting":"031° 30' 40.11\" E","Northing":"30° 16' 25.69\" N","Description":null,"ID":"6/3/B","sectors":"القطاع الرابع عشر","Implementing":"شركة الكتروالهانى","SHAPE_Length":32.095144542796746,"SHAPE_Area":63.328981566181106,"__networkId":"electricity","__networkName":"شبكة الكهرباء","__layerId":"electricity_facilities","__layerName":"منشآت شبكة الكهرباء","__assetName":"منشآت الكهرباء","__geometryKind":"polygon","__featureIndex":566,"__length_m":32.1,"__area_m2":63.33,"__typeValue":"كشك"},"geometry":{"type":"Polygon","coordinates":[[[31.512857711634155,30.273945439669728],[31.512778782958346,30.27394006487565],[31.512773807189994,30.27399268322811],[31.512855438896498,30.27400210618024],[31.512857711634155,30.273945439669728]]]}},{"type":"Feature","properties":{"Electric_Facility_Type":"كشك","Easting":"031° 31' 30.69\" E","Northing":"30° 16' 25.92\" N","Description":null,"ID":"3/4/A","sectors":"القطاع السادس عشر","Implementing":"شركة الكتروالهانى","SHAPE_Length":33.01561943050501,"SHAPE_Area":67.21801606165984,"__networkId":"electricity","__networkName":"شبكة الكهرباء","__layerId":"electricity_facilities","__layerName":"منشآت شبكة الكهرباء","__assetName":"منشآت الكهرباء","__geometryKind":"polygon","__featureIndex":567,"__length_m":33.02,"__area_m2":67.22,"__typeValue":"كشك"},"geometry":{"type":"Polygon","coordinates":[[[31.526917720253014,30.274021425323976],[31.526841597015846,30.273992666936117],[31.52681710444962,30.274045913663766],[31.526892919564652,30.274073293427975],[31.526917720253014,30.274021425323976]]]}},{"type":"Feature","properties":{"Electric_Facility_Type":"كشك","Easting":"031° 29' 46.58\" E","Northing":"30° 16' 27.14\" N","Description":null,"ID":"5/4/C","sectors":"القطاع الخامس عشر","Implementing":"شركة الكتروالهانى","SHAPE_Length":32.73309012388149,"SHAPE_Area":65.66231281641242,"__networkId":"electricity","__networkName":"شبكة الكهرباء","__layerId":"electricity_facilities","__layerName":"منشآت شبكة الكهرباء","__assetName":"منشآت الكهرباء","__geometryKind":"polygon","__featureIndex":568,"__length_m":32.73,"__area_m2":65.66,"__typeValue":"كشك"},"geometry":{"type":"Polygon","coordinates":[[[31.49799203188476,30.27439607802254],[31.497964973730088,30.274328752963264],[31.497904361702933,30.274345003736865],[31.497932407106084,30.274414174422056],[31.49799203188476,30.27439607802254]]]}},{"type":"Feature","properties":{"Electric_Facility_Type":"كشك","Easting":"031° 30' 19.13\" E","Northing":"30° 16' 27.17\" N","Description":null,"ID":"1/1/C","sectors":"القطاع الخامس عشر","Implementing":"شركة الكتروالهانى","SHAPE_Length":32.73764412993575,"SHAPE_Area":65.94946977138162,"__networkId":"electricity","__networkName":"شبكة الكهرباء","__layerId":"electricity_facilities","__layerName":"منشآت شبكة الكهرباء","__assetName":"منشآت الكهرباء","__geometryKind":"polygon","__featureIndex":569,"__length_m":32.74,"__area_m2":65.95,"__typeValue":"كشك"},"geometry":{"type":"Polygon","coordinates":[[[31.50702692319475,30.2743489805095],[31.50696309789381,30.274342182136646],[31.506952590299928,30.274412943221495],[31.507016551246465,30.274419849426195],[31.50702692319475,30.2743489805095]]]}},{"type":"Feature","properties":{"Electric_Facility_Type":"كشك","Easting":"031° 30' 26.86\" E","Northing":"30° 16' 27.22\" N","Description":null,"ID":"7/1/C","sectors":"القطاع الرابع عشر","Implementing":"شركة الكتروالهانى","SHAPE_Length":32.44831122748183,"SHAPE_Area":65.22528228371954,"__networkId":"electricity","__networkName":"شبكة الكهرباء","__layerId":"electricity_facilities","__layerName":"منشآت شبكة الكهرباء","__assetName":"منشآت الكهرباء","__geometryKind":"polygon","__featureIndex":570,"__length_m":32.45,"__area_m2":65.23,"__typeValue":"كشك"},"geometry":{"type":"Polygon","coordinates":[[[31.509175854152808,30.27436441047902],[31.5091088101882,30.274355078330746],[31.5091004639409,30.274423404158632],[31.509164411412712,30.274432159878355],[31.509175854152808,30.27436441047902]]]}},{"type":"Feature","properties":{"Electric_Facility_Type":"كشك","Easting":"031° 30' 41.14\" E","Northing":"30° 16' 27.71\" N","Description":null,"ID":"7/3/B","sectors":"القطاع الرابع عشر","Implementing":"شركة الكتروالهانى","SHAPE_Length":32.619617520798315,"SHAPE_Area":65.38942894122796,"__networkId":"electricity","__networkName":"شبكة الكهرباء","__layerId":"electricity_facilities","__layerName":"منشآت شبكة الكهرباء","__assetName":"منشآت الكهرباء","__geometryKind":"polygon","__featureIndex":571,"__length_m":32.62,"__area_m2":65.39,"__typeValue":"كشك"},"geometry":{"type":"Polygon","coordinates":[[[31.51314214969414,30.274499036452443],[31.513078876857115,30.27449166632312],[31.513067977597764,30.27456246531453],[31.51313111119594,30.27456987655608],[31.51314214969414,30.274499036452443]]]}},{"type":"Feature","properties":{"Electric_Facility_Type":"كشك","Easting":"031° 31' 35.26\" E","Northing":"30° 16' 27.57\" N","Description":null,"ID":"1/4/A","sectors":"القطاع السادس عشر","Implementing":"شركة الكتروالهانى","SHAPE_Length":32.74084450547404,"SHAPE_Area":65.90598480533886,"__networkId":"electricity","__networkName":"شبكة الكهرباء","__layerId":"electricity_facilities","__layerName":"منشآت شبكة الكهرباء","__assetName":"منشآت الكهرباء","__geometryKind":"polygon","__featureIndex":572,"__length_m":32.74,"__area_m2":65.91,"__typeValue":"كشك"},"geometry":{"type":"Polygon","coordinates":[[[31.528188890278972,30.274478773250223],[31.528111795064643,30.274451146893565],[31.528087916946095,30.274502542306465],[31.528163940470254,30.274529848242047],[31.528188890278972,30.274478773250223]]]}},{"type":"Feature","properties":{"Electric_Facility_Type":"كشك","Easting":"031° 29' 55.04\" E","Northing":"30° 16' 28.18\" N","Description":null,"ID":"5/5/C","sectors":"القطاع الخامس عشر","Implementing":"شركة الكتروالهانى","SHAPE_Length":32.60045110100111,"SHAPE_Area":65.36218723765032,"__networkId":"electricity","__networkName":"شبكة الكهرباء","__layerId":"electricity_facilities","__layerName":"منشآت شبكة الكهرباء","__assetName":"منشآت الكهرباء","__geometryKind":"polygon","__featureIndex":573,"__length_m":32.6,"__area_m2":65.36,"__typeValue":"كشك"},"geometry":{"type":"Polygon","coordinates":[[[31.500344795072348,30.274682086238453],[31.500334028763668,30.274627588487256],[31.500252520126367,30.274638317828973],[31.500263334045755,30.27469278686953],[31.500344795072348,30.274682086238453]]]}},{"type":"Feature","properties":{"Electric_Facility_Type":"كشك","Easting":"031° 29' 59.86\" E","Northing":"30° 16' 28.23\" N","Description":null,"ID":"6/4/C","sectors":"القطاع الخامس عشر","Implementing":"شركة الكتروالهانى","SHAPE_Length":32.535200793387396,"SHAPE_Area":65.1417623985257,"__networkId":"electricity","__networkName":"شبكة الكهرباء","__layerId":"electricity_facilities","__layerName":"منشآت شبكة الكهرباء","__assetName":"منشآت الكهرباء","__geometryKind":"polygon","__featureIndex":574,"__length_m":32.54,"__area_m2":65.14,"__typeValue":"كشك"},"geometry":{"type":"Polygon","coordinates":[[[31.50168032399852,30.274699192662556],[31.50165235135887,30.27463244888692],[31.501591649500206,30.27465128070304],[31.50162045128484,30.274717606308936],[31.50168032399852,30.274699192662556]]]}},{"type":"Feature","properties":{"Electric_Facility_Type":"كشك","Easting":"031° 31' 38.35\" E","Northing":"30° 16' 28.68\" N","Description":null,"ID":"1/3/A","sectors":"القطاع السادس عشر","Implementing":"شركة الكتروالهانى","SHAPE_Length":32.644572510965915,"SHAPE_Area":65.49926570084217,"__networkId":"electricity","__networkName":"شبكة الكهرباء","__layerId":"electricity_facilities","__layerName":"منشآت شبكة الكهرباء","__assetName":"منشآت الكهرباء","__geometryKind":"polygon","__featureIndex":575,"__length_m":32.64,"__area_m2":65.5,"__typeValue":"كشك"},"geometry":{"type":"Polygon","coordinates":[[[31.52904792942223,30.27478738263197],[31.52897135972237,30.274759559308734],[31.52894690129213,30.274810494510344],[31.529022863730855,30.274838142488235],[31.52904792942223,30.27478738263197]]]}},{"type":"Feature","properties":{"Electric_Facility_Type":"كشك","Easting":"031° 30' 5.85\" E","Northing":"30° 16' 29.24\" N","Description":null,"ID":"7/4/C","sectors":"القطاع الخامس عشر","Implementing":"شركة الكتروالهانى","SHAPE_Length":32.75412917577453,"SHAPE_Area":66.03205117571136,"__networkId":"electricity","__networkName":"شبكة الكهرباء","__layerId":"electricity_facilities","__layerName":"منشآت شبكة الكهرباء","__assetName":"منشآت الكهرباء","__geometryKind":"polygon","__featureIndex":576,"__length_m":32.75,"__area_m2":66.03,"__typeValue":"كشك"},"geometry":{"type":"Polygon","coordinates":[[[31.503345762806017,30.274931989463916],[31.503263825672335,30.274921822609134],[31.503255450678925,30.274977131682988],[31.50333709496186,30.27498710923706],[31.503345762806017,30.274931989463916]]]}},{"type":"Feature","properties":{"Electric_Facility_Type":"كشك","Easting":"031° 30' 40.08\" E","Northing":"30° 16' 29.42\" N","Description":null,"ID":"3/5/B","sectors":"القطاع الرابع عشر","Implementing":"شركة الكتروالهانى","SHAPE_Length":32.723721950294696,"SHAPE_Area":65.86931539673444,"__networkId":"electricity","__networkName":"شبكة الكهرباء","__layerId":"electricity_facilities","__layerName":"منشآت شبكة الكهرباء","__assetName":"منشآت الكهرباء","__geometryKind":"polygon","__featureIndex":577,"__length_m":32.72,"__area_m2":65.87,"__typeValue":"كشك"},"geometry":{"type":"Polygon","coordinates":[[[31.512848281120323,30.2749732596687],[31.51278449354863,30.274966500129068],[31.512773791918644,30.275037136635987],[31.512837495947004,30.275044301913546],[31.512848281120323,30.2749732596687]]]}},{"type":"Feature","properties":{"Electric_Facility_Type":"كشك","Easting":"031° 30' 40.86\" E","Northing":"30° 16' 29.51\" N","Description":null,"ID":"2/5/B","sectors":"القطاع الرابع عشر","Implementing":"شركة الكتروالهانى","SHAPE_Length":32.67180841796875,"SHAPE_Area":65.59377509424671,"__networkId":"electricity","__networkName":"شبكة الكهرباء","__layerId":"electricity_facilities","__layerName":"منشآت شبكة الكهرباء","__assetName":"منشآت الكهرباء","__geometryKind":"polygon","__featureIndex":578,"__length_m":32.67,"__area_m2":65.59,"__typeValue":"كشك"},"geometry":{"type":"Polygon","coordinates":[[[31.51306408519764,30.27499943203084],[31.513000760258315,30.274991173649028],[31.512990746737838,30.275062284926943],[31.513053935133268,30.27507026479111],[31.51306408519764,30.27499943203084]]]}},{"type":"Feature","properties":{"Electric_Facility_Type":"كشك","Easting":"031° 30' 0.46\" E","Northing":"30° 16' 30.27\" N","Description":null,"ID":"8/5/C","sectors":"القطاع الخامس عشر","Implementing":"شركة الكتروالهانى","SHAPE_Length":32.55110225610056,"SHAPE_Area":65.19989568102197,"__networkId":"electricity","__networkName":"شبكة الكهرباء","__layerId":"electricity_facilities","__layerName":"منشآت شبكة الكهرباء","__assetName":"منشآت الكهرباء","__geometryKind":"polygon","__featureIndex":579,"__length_m":32.55,"__area_m2":65.2,"__typeValue":"كشك"},"geometry":{"type":"Polygon","coordinates":[[[31.501838282859772,30.27527408547688],[31.501831685632318,30.27520287582614],[31.501768013044988,30.27520781920766],[31.501774325506496,30.275278110311337],[31.501838282859772,30.27527408547688]]]}},{"type":"Feature","properties":{"Electric_Facility_Type":"كشك","Easting":"031° 30' 18.65\" E","Northing":"30° 16' 30.29\" N","Description":null,"ID":"10/5/C","sectors":"القطاع الخامس عشر","Implementing":"شركة الكتروالهانى","SHAPE_Length":32.64314385457467,"SHAPE_Area":65.4760060039081,"__networkId":"electricity","__networkName":"شبكة الكهرباء","__layerId":"electricity_facilities","__layerName":"منشآت شبكة الكهرباء","__assetName":"منشآت الكهرباء","__geometryKind":"polygon","__featureIndex":580,"__length_m":32.64,"__area_m2":65.48,"__typeValue":"كشك"},"geometry":{"type":"Polygon","coordinates":[[[31.50689302570839,30.27521652753378],[31.506830073569898,30.27520909461871],[31.506818752102376,30.275279895419985],[31.506882196517644,30.275287497453373],[31.50689302570839,30.27521652753378]]]}},{"type":"Feature","properties":{"Electric_Facility_Type":"موزع كهرباء","Easting":"031° 30' 24.82\" E","Northing":"30° 16' 31.1\" N","Description":null,"ID":"D.P.C","sectors":"القطاع الرابع عشر","Implementing":"شركة الكتروالهانى","SHAPE_Length":84.91470121257626,"SHAPE_Area":286.42322671150885,"__networkId":"electricity","__networkName":"شبكة الكهرباء","__layerId":"electricity_facilities","__layerName":"منشآت شبكة الكهرباء","__assetName":"منشآت الكهرباء","__geometryKind":"polygon","__featureIndex":581,"__length_m":84.91,"__area_m2":286.42,"__typeValue":"موزع كهرباء"},"geometry":{"type":"Polygon","coordinates":[[[31.50871782474898,30.27542462798099],[31.50867500026275,30.275370842823023],[31.50842136363724,30.27551839991958],[31.508464189021772,30.275572185772486],[31.50871782474898,30.27542462798099]]]}},{"type":"Feature","properties":{"Electric_Facility_Type":"كشك","Easting":"031° 29' 48.24\" E","Northing":"30° 16' 31.51\" N","Description":null,"ID":"6/5/C","sectors":"القطاع الخامس عشر","Implementing":"شركة الكتروالهانى","SHAPE_Length":32.659336305893206,"SHAPE_Area":65.67193083482108,"__networkId":"electricity","__networkName":"شبكة الكهرباء","__layerId":"electricity_facilities","__layerName":"منشآت شبكة الكهرباء","__assetName":"منشآت الكهرباء","__geometryKind":"polygon","__featureIndex":582,"__length_m":32.66,"__area_m2":65.67,"__typeValue":"كشك"},"geometry":{"type":"Polygon","coordinates":[[[31.498452547825256,30.275610343997258],[31.49842602865978,30.275543122951692],[31.49836511120541,30.27556054962892],[31.498391236010495,30.275627995642903],[31.498452547825256,30.275610343997258]]]}},{"type":"Feature","properties":{"Electric_Facility_Type":"كشك","Easting":"031° 30' 47.02\" E","Northing":"30° 16' 31.37\" N","Description":null,"ID":"1/5/B","sectors":"القطاع الرابع عشر","Implementing":"شركة الكتروالهانى","SHAPE_Length":32.551021901804674,"SHAPE_Area":65.06855529795644,"__networkId":"electricity","__networkName":"شبكة الكهرباء","__layerId":"electricity_facilities","__layerName":"منشآت شبكة الكهرباء","__assetName":"منشآت الكهرباء","__geometryKind":"polygon","__featureIndex":583,"__length_m":32.55,"__area_m2":65.07,"__typeValue":"كشك"},"geometry":{"type":"Polygon","coordinates":[[[31.514774907791637,30.275515582232075],[31.514711958348098,30.275508110549936],[31.514702342781302,30.275578973974824],[31.514765207783213,30.275586575209303],[31.514774907791637,30.275515582232075]]]}},{"type":"Feature","properties":{"Electric_Facility_Type":"كشك","Easting":"031° 29' 56.42\" E","Northing":"30° 16' 32.73\" N","Description":null,"ID":"7/5/C","sectors":"القطاع الخامس عشر","Implementing":"شركة الكتروالهانى","SHAPE_Length":32.076776240896876,"SHAPE_Area":63.317987884506465,"__networkId":"electricity","__networkName":"شبكة الكهرباء","__layerId":"electricity_facilities","__layerName":"منشآت شبكة الكهرباء","__assetName":"منشآت الكهرباء","__geometryKind":"polygon","__featureIndex":584,"__length_m":32.08,"__area_m2":63.32,"__typeValue":"كشك"},"geometry":{"type":"Polygon","coordinates":[[[31.50072673627329,30.275945813161304],[31.500714797663164,30.27589264426786],[31.500636257957872,30.275901119019817],[31.50064528602647,30.27595584802553],[31.50072673627329,30.275945813161304]]]}},{"type":"Feature","properties":{"Electric_Facility_Type":"كشك","Easting":"031° 30' 32.88\" E","Northing":"30° 16' 32.92\" N","Description":null,"ID":"4/5/B","sectors":"القطاع الرابع عشر","Implementing":"شركة الكتروالهانى","SHAPE_Length":32.56000493446395,"SHAPE_Area":65.08446244226204,"__networkId":"electricity","__networkName":"شبكة الكهرباء","__layerId":"electricity_facilities","__layerName":"منشآت شبكة الكهرباء","__assetName":"منشآت الكهرباء","__geometryKind":"polygon","__featureIndex":585,"__length_m":32.56,"__area_m2":65.08,"__typeValue":"كشك"},"geometry":{"type":"Polygon","coordinates":[[[31.510847463488,30.275946294927913],[31.5107849452358,30.275939213501733],[31.510773494410873,30.276010086700705],[31.510836679213014,30.27601723716718],[31.510847463488,30.275946294927913]]]}},{"type":"Feature","properties":{"Electric_Facility_Type":"كشك","Easting":"031° 30' 7.94\" E","Northing":"30° 16' 33.69\" N","Description":null,"ID":"2/5/C","sectors":"القطاع الخامس عشر","Implementing":"شركة الكتروالهانى","SHAPE_Length":32.80244399871538,"SHAPE_Area":66.36675602949555,"__networkId":"electricity","__networkName":"شبكة الكهرباء","__layerId":"electricity_facilities","__layerName":"منشآت شبكة الكهرباء","__assetName":"منشآت الكهرباء","__geometryKind":"polygon","__featureIndex":586,"__length_m":32.8,"__area_m2":66.37,"__typeValue":"كشك"},"geometry":{"type":"Polygon","coordinates":[[[31.503926422127584,30.27616800118311],[31.503844850608214,30.276159824357563],[31.50383673432961,30.276215414345312],[31.503918186373063,30.276224193954643],[31.503926422127584,30.27616800118311]]]}},{"type":"Feature","properties":{"Electric_Facility_Type":"كشك","Easting":"031° 30' 46.53\" E","Northing":"30° 16' 34.52\" N","Description":null,"ID":"8/5/B","sectors":"القطاع الرابع عشر","Implementing":"شركة الكتروالهانى","SHAPE_Length":32.70169026756267,"SHAPE_Area":65.7230954258189,"__networkId":"electricity","__networkName":"شبكة الكهرباء","__layerId":"electricity_facilities","__layerName":"منشآت شبكة الكهرباء","__assetName":"منشآت الكهرباء","__geometryKind":"polygon","__featureIndex":587,"__length_m":32.7,"__area_m2":65.72,"__typeValue":"كشك"},"geometry":{"type":"Polygon","coordinates":[[[31.51463924511574,30.27639038730361],[31.51457602887257,30.27638316626761],[31.514565767417086,30.27645429670744],[31.514629408563387,30.276461408352212],[31.51463924511574,30.27639038730361]]]}},{"type":"Feature","properties":{"Electric_Facility_Type":"كشك","Easting":"031° 30' 17.06\" E","Northing":"30° 16' 34.78\" N","Description":null,"ID":"9/5/C","sectors":"القطاع الخامس عشر","Implementing":"شركة الكتروالهانى","SHAPE_Length":32.62207721812843,"SHAPE_Area":65.48138219360654,"__networkId":"electricity","__networkName":"شبكة الكهرباء","__layerId":"electricity_facilities","__layerName":"منشآت شبكة الكهرباء","__assetName":"منشآت الكهرباء","__geometryKind":"polygon","__featureIndex":588,"__length_m":32.62,"__area_m2":65.48,"__typeValue":"كشك"},"geometry":{"type":"Polygon","coordinates":[[[31.506460514746845,30.27647058979744],[31.506378591087877,30.276461211302134],[31.506370496368866,30.27651624100093],[31.506451930446012,30.276525406925305],[31.506460514746845,30.27647058979744]]]}},{"type":"Feature","properties":{"Electric_Facility_Type":"كشك","Easting":"031° 30' 32.62\" E","Northing":"30° 16' 34.73\" N","Description":null,"ID":"5/5/B","sectors":"القطاع الرابع عشر","Implementing":"شركة الكتروالهانى","SHAPE_Length":32.73194202126314,"SHAPE_Area":65.85272459550573,"__networkId":"electricity","__networkName":"شبكة الكهرباء","__layerId":"electricity_facilities","__layerName":"منشآت شبكة الكهرباء","__assetName":"منشآت الكهرباء","__geometryKind":"polygon","__featureIndex":589,"__length_m":32.73,"__area_m2":65.85,"__typeValue":"كشك"},"geometry":{"type":"Polygon","coordinates":[[[31.51077458316899,30.276446849146186],[31.510711441486002,30.27644093841978],[31.510699626843376,30.276511587829702],[31.51076397137054,30.27651802143237],[31.51077458316899,30.276446849146186]]]}},{"type":"Feature","properties":{"Electric_Facility_Type":"كشك","Easting":"031° 30' 21.85\" E","Northing":"30° 16' 35.34\" N","Description":null,"ID":"2/1/C","sectors":"القطاع الرابع عشر","Implementing":"شركة الكتروالهانى","SHAPE_Length":32.710699559602915,"SHAPE_Area":65.80030886488635,"__networkId":"electricity","__networkName":"شبكة الكهرباء","__layerId":"electricity_facilities","__layerName":"منشآت شبكة الكهرباء","__assetName":"منشآت الكهرباء","__geometryKind":"polygon","__featureIndex":590,"__length_m":32.71,"__area_m2":65.8,"__typeValue":"كشك"},"geometry":{"type":"Polygon","coordinates":[[[31.5077907876303,30.276626166870713],[31.507708553154234,30.2766170312114],[31.507700348840746,30.276671767575763],[31.507782236567095,30.276681287243928],[31.5077907876303,30.276626166870713]]]}},{"type":"Feature","properties":{"Electric_Facility_Type":"كشك","Easting":"031° 30' 37.1\" E","Northing":"30° 16' 37.15\" N","Description":null,"ID":"6/5/B","sectors":"القطاع الرابع عشر","Implementing":"شركة الكتروالهانى","SHAPE_Length":31.885952672447765,"SHAPE_Area":62.553430836338244,"__networkId":"electricity","__networkName":"شبكة الكهرباء","__layerId":"electricity_facilities","__layerName":"منشآت شبكة الكهرباء","__assetName":"منشآت الكهرباء","__geometryKind":"polygon","__featureIndex":591,"__length_m":31.89,"__area_m2":62.55,"__typeValue":"كشك"},"geometry":{"type":"Polygon","coordinates":[[[31.51202484131344,30.277130474734978],[31.511945026000436,30.27712108621757],[31.51193665100706,30.277174718363135],[31.512016466320034,30.277184107651212],[31.51202484131344,30.277130474734978]]]}},{"type":"Feature","properties":{"Electric_Facility_Type":"كشك","Easting":"031° 30' 41.47\" E","Northing":"30° 16' 37.66\" N","Description":null,"ID":"7/5/B","sectors":"القطاع الرابع عشر","Implementing":"شركة الكتروالهانى","SHAPE_Length":32.642063409733254,"SHAPE_Area":65.4998600987018,"__networkId":"electricity","__networkName":"شبكة الكهرباء","__layerId":"electricity_facilities","__layerName":"منشآت شبكة الكهرباء","__assetName":"منشآت الكهرباء","__geometryKind":"polygon","__featureIndex":592,"__length_m":32.64,"__area_m2":65.5,"__typeValue":"كشك"},"geometry":{"type":"Polygon","coordinates":[[[31.513242565173258,30.277271260495663],[31.513160382799462,30.27726229091362],[31.513151728430024,30.277316881071332],[31.513233579325455,30.277326032181094],[31.513242565173258,30.277271260495663]]]}},{"type":"Feature","properties":{"Electric_Facility_Type":"كشك","Easting":"031° 30' 29.04\" E","Northing":"30° 16' 30.63\" N","Description":null,"ID":"6/1/C","sectors":"القطاع الرابع عشر","Implementing":"شركة الكتروالهانى","SHAPE_Length":32.535619590193804,"SHAPE_Area":65.19411365042845,"__networkId":"electricity","__networkName":"شبكة الكهرباء","__layerId":"electricity_facilities","__layerName":"منشآت شبكة الكهرباء","__assetName":"منشآت الكهرباء","__geometryKind":"polygon","__featureIndex":593,"__length_m":32.54,"__area_m2":65.19,"__typeValue":"كشك"},"geometry":{"type":"Polygon","coordinates":[[[31.50970753912168,30.27530899322959],[31.509698253236586,30.275363483620257],[31.509779780738526,30.27537476679998],[31.50978872885708,30.275320320635984],[31.50970753912168,30.27530899322959]]]}},{"type":"Feature","properties":{"Electric_Facility_Type":"كشك","Easting":"031° 30' 30.17\" E","Northing":"30° 16' 36.32\" N","Description":null,"ID":"3/1/C","sectors":"القطاع الرابع عشر","Implementing":"شركة الكتروالهانى","SHAPE_Length":32.338179131719684,"SHAPE_Area":64.2851504403862,"__networkId":"electricity","__networkName":"شبكة الكهرباء","__layerId":"electricity_facilities","__layerName":"منشآت شبكة الكهرباء","__assetName":"منشآت الكهرباء","__geometryKind":"polygon","__featureIndex":594,"__length_m":32.34,"__area_m2":64.29,"__typeValue":"كشك"},"geometry":{"type":"Polygon","coordinates":[[[31.51002170153612,30.276891137081787],[31.510013884396518,30.276946046293034],[31.510094607906257,30.27695558455342],[31.51010303949351,30.27690195927017],[31.51002170153612,30.276891137081787]]]}},{"type":"Feature","properties":{"Electric_Facility_Type":"كشك","Easting":"031° 30' 12.73\" E","Northing":"30° 16' 30.18\" N","Description":null,"ID":"1/5/C","sectors":"القطاع الخامس عشر","Implementing":"شركة الكتروالهانى","SHAPE_Length":32.59546083775976,"SHAPE_Area":65.21649475590175,"__networkId":"electricity","__networkName":"شبكة الكهرباء","__layerId":"electricity_facilities","__layerName":"منشآت شبكة الكهرباء","__assetName":"منشآت الكهرباء","__geometryKind":"polygon","__featureIndex":595,"__length_m":32.6,"__area_m2":65.22,"__typeValue":"كشك"},"geometry":{"type":"Polygon","coordinates":[[[31.50517580171968,30.27518369733427],[31.505168455297284,30.27523880455332],[31.505250135512803,30.27524753770216],[31.505258571591643,30.27519391303724],[31.50517580171968,30.27518369733427]]]}},{"type":"Feature","properties":{"Electric_Facility_Type":"كشك","Easting":"031° 29' 59.46\" E","Northing":"30° 16' 24.5\" N","Description":null,"ID":"3/4/C","sectors":"القطاع الخامس عشر","Implementing":"شركة الكتروالهانى","SHAPE_Length":32.85996569268574,"SHAPE_Area":66.51773684611906,"__networkId":"electricity","__networkName":"شبكة الكهرباء","__layerId":"electricity_facilities","__layerName":"منشآت شبكة الكهرباء","__assetName":"منشآت الكهرباء","__geometryKind":"polygon","__featureIndex":596,"__length_m":32.86,"__area_m2":66.52,"__typeValue":"كشك"},"geometry":{"type":"Polygon","coordinates":[[[31.501574342557923,30.27365269139978],[31.501552314968826,30.273599354464867],[31.501475011345374,30.27362537668623],[31.501497184461527,30.273677511878017],[31.501574342557923,30.27365269139978]]]}},{"type":"Feature","properties":{"Electric_Facility_Type":"كشك","Easting":"031° 30' 6.14\" E","Northing":"30° 16' 20.1\" N","Description":null,"ID":"8/3/C","sectors":"القطاع الخامس عشر","Implementing":"شركة الكتروالهانى","SHAPE_Length":32.51766055076296,"SHAPE_Area":65.03497268227446,"__networkId":"electricity","__networkName":"شبكة الكهرباء","__layerId":"electricity_facilities","__layerName":"منشآت شبكة الكهرباء","__assetName":"منشآت الكهرباء","__geometryKind":"polygon","__featureIndex":597,"__length_m":32.52,"__area_m2":65.03,"__typeValue":"كشك"},"geometry":{"type":"Polygon","coordinates":[[[31.503417556163548,30.272447302956763],[31.503407122231526,30.272376578470023],[31.50334405960026,30.27238404495989],[31.503354072222407,30.272454257400568],[31.503417556163548,30.272447302956763]]]}},{"type":"Feature","properties":{"Electric_Facility_Type":"كشك","Easting":"031° 30' 25.75\" E","Northing":"30° 16' 14.63\" N","Description":null,"ID":"6/3/C","sectors":"القطاع الرابع عشر","Implementing":"شركة الكتروالهانى","SHAPE_Length":32.6631150061181,"SHAPE_Area":65.7538272664657,"__networkId":"electricity","__networkName":"شبكة الكهرباء","__layerId":"electricity_facilities","__layerName":"منشآت شبكة الكهرباء","__assetName":"منشآت الكهرباء","__geometryKind":"polygon","__featureIndex":598,"__length_m":32.66,"__area_m2":65.75,"__typeValue":"كشك"},"geometry":{"type":"Polygon","coordinates":[[[31.508801103965727,30.27093393010466],[31.508878949273303,30.270911970974755],[31.5088590075723,30.27085881719856],[31.508780952957274,30.27088080582195],[31.508801103965727,30.27093393010466]]]}},{"type":"Feature","properties":{"Electric_Facility_Type":"كشك","Easting":"031° 31' 50.82\" E","Northing":"30° 16' 27.02\" N","Description":null,"ID":"9/2/A","sectors":"القطاع السادس عشر","Implementing":"شركة الكتروالهانى","SHAPE_Length":32.65272535972078,"SHAPE_Area":65.49322054986962,"__networkId":"electricity","__networkName":"شبكة الكهرباء","__layerId":"electricity_facilities","__layerName":"منشآت شبكة الكهرباء","__assetName":"منشآت الكهرباء","__geometryKind":"polygon","__featureIndex":599,"__length_m":32.65,"__area_m2":65.49,"__typeValue":"كشك"},"geometry":{"type":"Polygon","coordinates":[[[31.532444431663723,30.27429396588747],[31.532414517764742,30.274360712220677],[31.532473878438743,30.274381524716553],[31.532503261433373,30.274314582118933],[31.532444431663723,30.27429396588747]]]}},{"type":"Feature","properties":{"Electric_Facility_Type":"كشك","Easting":"031° 31' 49.4\" E","Northing":"30° 16' 30.15\" N","Description":null,"ID":"10/2/A","sectors":"القطاع السادس عشر","Implementing":"شركة الكتروالهانى","SHAPE_Length":32.59627824835532,"SHAPE_Area":65.27174358905395,"__networkId":"electricity","__networkName":"شبكة الكهرباء","__layerId":"electricity_facilities","__layerName":"منشآت شبكة الكهرباء","__assetName":"منشآت الكهرباء","__geometryKind":"polygon","__featureIndex":600,"__length_m":32.6,"__area_m2":65.27,"__typeValue":"كشك"},"geometry":{"type":"Polygon","coordinates":[[[31.53205007215231,30.275164587884724],[31.532019948047576,30.27523100158462],[31.53207872481659,30.27525141125726],[31.53210951367464,30.275184886632072],[31.53205007215231,30.275164587884724]]]}},{"type":"Feature","properties":{"Electric_Facility_Type":"كشك","Easting":"031° 30' 31.83\" E","Northing":"30° 16' 14.08\" N","Description":null,"ID":"6/2/C","sectors":"القطاع الرابع عشر","Implementing":"شركة الكتروالهانى","SHAPE_Length":32.654466971401376,"SHAPE_Area":65.47496790724891,"__networkId":"electricity","__networkName":"شبكة الكهرباء","__layerId":"electricity_facilities","__layerName":"منشآت شبكة الكهرباء","__assetName":"منشآت الكهرباء","__geometryKind":"polygon","__featureIndex":601,"__length_m":32.65,"__area_m2":65.47,"__typeValue":"كشك"},"geometry":{"type":"Polygon","coordinates":[[[31.510536291565163,30.27070248773549],[31.510475658876743,30.27071984467137],[31.510500118205275,30.27078736693985],[31.510560989845562,30.270771917012294],[31.510536291565163,30.27070248773549]]]}},{"type":"Feature","properties":{"Electric_Facility_Type":"كشك","Easting":"031° 30' 4.16\" E","Northing":"30° 16' 25.65\" N","Description":null,"ID":"2/4/C","sectors":"القطاع الخامس عشر","Implementing":"شركة الكتروالهانى","SHAPE_Length":32.870299829581924,"SHAPE_Area":66.23126514335799,"__networkId":"electricity","__networkName":"شبكة الكهرباء","__layerId":"electricity_facilities","__layerName":"منشآت شبكة الكهرباء","__assetName":"منشآت الكهرباء","__geometryKind":"polygon","__featureIndex":602,"__length_m":32.87,"__area_m2":66.23,"__typeValue":"كشك"},"geometry":{"type":"Polygon","coordinates":[[[31.502794596971892,30.273928058478344],[31.502807425812442,30.27399824343715],[31.50287105438235,30.27398890659925],[31.502856113602526,30.27391624991052],[31.502794596971892,30.273928058478344]]]}},{"type":"Feature","properties":{"Electric_Facility_Type":"كشك","Easting":"031° 30' 7.46\" E","Northing":"30° 16' 26.41\" N","Description":null,"ID":"8/4/C","sectors":"القطاع الخامس عشر","Implementing":"شركة الكتروالهانى","SHAPE_Length":32.96294091766929,"SHAPE_Area":66.82015799325846,"__networkId":"electricity","__networkName":"شبكة الكهرباء","__layerId":"electricity_facilities","__layerName":"منشآت شبكة الكهرباء","__assetName":"منشآت الكهرباء","__geometryKind":"polygon","__featureIndex":603,"__length_m":32.96,"__area_m2":66.82,"__typeValue":"كشك"},"geometry":{"type":"Polygon","coordinates":[[[31.503788142659282,30.274139420818113],[31.50372439820671,30.274130032014636],[31.503708127021984,30.274199998051884],[31.503771711574405,30.274210610293718],[31.503788142659282,30.274139420818113]]]}},{"type":"Feature","properties":{"Electric_Facility_Type":"ولاعة اعمدة الانارة","Easting":"031° 31' 52.39\" E","Northing":"30° 16' 7.71\" N","Description":null,"ID":"1","sectors":"القطاع السادس عشر","Implementing":"شركة الكتروالهانى","SHAPE_Length":16.253785418719865,"SHAPE_Area":13.450056127120927,"__networkId":"electricity","__networkName":"شبكة الكهرباء","__layerId":"electricity_facilities","__layerName":"منشآت شبكة الكهرباء","__assetName":"منشآت الكهرباء","__geometryKind":"polygon","__featureIndex":604,"__length_m":16.25,"__area_m2":13.45,"__typeValue":"ولاعة اعمدة الانارة"},"geometry":{"type":"Polygon","coordinates":[[[31.532907844671023,30.26899743157471],[31.532904993418303,30.268952397551725],[31.53288424053862,30.26895338753236],[31.532887091791345,30.26899842155489],[31.532907844671023,30.26899743157471]]]}},{"type":"Feature","properties":{"Electric_Facility_Type":"ولاعة اعمدة الانارة","Easting":"031° 30' 25.53\" E","Northing":"30° 16' 14.55\" N","Description":null,"ID":"2","sectors":"القطاع الرابع عشر","Implementing":"شركة الكتروالهانى","SHAPE_Length":16.22271656884502,"SHAPE_Area":13.450327091180894,"__networkId":"electricity","__networkName":"شبكة الكهرباء","__layerId":"electricity_facilities","__layerName":"منشآت شبكة الكهرباء","__assetName":"منشآت الكهرباء","__geometryKind":"polygon","__featureIndex":605,"__length_m":16.22,"__area_m2":13.45,"__typeValue":"ولاعة اعمدة الانارة"},"geometry":{"type":"Polygon","coordinates":[[[31.50879671300062,30.2708761027303],[31.508790116671467,30.270858994864067],[31.508740841383208,30.270873308184527],[31.50874743861066,30.27089041604827],[31.50879671300062,30.2708761027303]]]}},{"type":"Feature","properties":{"Electric_Facility_Type":"ولاعة اعمدة الانارة","Easting":"031° 30' 51.05\" E","Northing":"30° 16' 16.83\" N","Description":null,"ID":"3","sectors":"القطاع الرابع عشر","Implementing":"شركة الكتروالهانى","SHAPE_Length":16.226016507283443,"SHAPE_Area":13.45014128924657,"__networkId":"electricity","__networkName":"شبكة الكهرباء","__layerId":"electricity_facilities","__layerName":"منشآت شبكة الكهرباء","__assetName":"منشآت الكهرباء","__geometryKind":"polygon","__featureIndex":606,"__length_m":16.23,"__area_m2":13.45,"__typeValue":"ولاعة اعمدة الانارة"},"geometry":{"type":"Polygon","coordinates":[[[31.515884746680765,30.271509847340344],[31.51583812771076,30.2714899272123],[31.51582894872519,30.271506112510604],[31.515875566796858,30.27152603263543],[31.515884746680765,30.271509847340344]]]}},{"type":"Feature","properties":{"Electric_Facility_Type":"ولاعة اعمدة الانارة","Easting":"031° 31' 18.33\" E","Northing":"30° 16' 17.99\" N","Description":null,"ID":"4","sectors":"القطاع السابع عشر","Implementing":"شركة الكتروالهانى","SHAPE_Length":16.24871029981611,"SHAPE_Area":13.450718842891265,"__networkId":"electricity","__networkName":"شبكة الكهرباء","__layerId":"electricity_facilities","__layerName":"منشآت شبكة الكهرباء","__assetName":"منشآت الكهرباء","__geometryKind":"polygon","__featureIndex":607,"__length_m":16.25,"__area_m2":13.45,"__typeValue":"ولاعة اعمدة الانارة"},"geometry":{"type":"Polygon","coordinates":[[[31.52345429981108,30.271814339447534],[31.523435243848947,30.27180713747045],[31.523414500850738,30.271848489674806],[31.523433558609494,30.271855691648852],[31.52345429981108,30.271814339447534]]]}},{"type":"Feature","properties":{"Electric_Facility_Type":"ولاعة اعمدة الانارة","Easting":"031° 30' 45.56\" E","Northing":"30° 16' 19.0\" N","Description":null,"ID":"5","sectors":"القطاع الرابع عشر","Implementing":"شركة الكتروالهانى","SHAPE_Length":16.226150112297063,"SHAPE_Area":13.450373951377625,"__networkId":"electricity","__networkName":"شبكة الكهرباء","__layerId":"electricity_facilities","__layerName":"منشآت شبكة الكهرباء","__assetName":"منشآت الكهرباء","__geometryKind":"polygon","__featureIndex":608,"__length_m":16.23,"__area_m2":13.45,"__typeValue":"ولاعة اعمدة الانارة"},"geometry":{"type":"Polygon","coordinates":[[[31.51436098476996,30.27211411050978],[31.514314365799994,30.272094190504365],[31.514305185916086,30.272110375703036],[31.514351804886086,30.27213029570517],[31.51436098476996,30.27211411050978]]]}},{"type":"Feature","properties":{"Electric_Facility_Type":"ولاعة اعمدة الانارة","Easting":"031° 31' 31.26\" E","Northing":"30° 16' 21.31\" N","Description":null,"ID":"6","sectors":"القطاع السابع عشر","Implementing":"شركة الكتروالهانى","SHAPE_Length":16.249399057025244,"SHAPE_Area":13.450802816873097,"__networkId":"electricity","__networkName":"شبكة الكهرباء","__layerId":"electricity_facilities","__layerName":"منشآت شبكة الكهرباء","__assetName":"منشآت الكهرباء","__geometryKind":"polygon","__featureIndex":609,"__length_m":16.25,"__area_m2":13.45,"__typeValue":"ولاعة اعمدة الانارة"},"geometry":{"type":"Polygon","coordinates":[[[31.52704598350592,30.272733936729036],[31.527026734406018,30.272727129710304],[31.52700712957326,30.27276889814067],[31.527026377774835,30.272775704380685],[31.52704598350592,30.272733936729036]]]}},{"type":"Feature","properties":{"Electric_Facility_Type":"ولاعة اعمدة الانارة","Easting":"031° 31' 40.27\" E","Northing":"30° 16' 23.01\" N","Description":null,"ID":"7","sectors":"القطاع السادس عشر","Implementing":"شركة الكتروالهانى","SHAPE_Length":16.22560125187749,"SHAPE_Area":13.451210362548393,"__networkId":"electricity","__networkName":"شبكة الكهرباء","__layerId":"electricity_facilities","__layerName":"منشآت شبكة الكهرباء","__assetName":"منشآت الكهرباء","__geometryKind":"polygon","__featureIndex":610,"__length_m":16.23,"__area_m2":13.45,"__typeValue":"ولاعة اعمدة الانارة"},"geometry":{"type":"Polygon","coordinates":[[[31.52955809704513,30.273225644441435],[31.52951068845601,30.273207180863086],[31.529502178715337,30.273223640516115],[31.52954958820275,30.27324210409137],[31.52955809704513,30.273225644441435]]]}},{"type":"Feature","properties":{"Electric_Facility_Type":"ولاعة اعمدة الانارة","Easting":"031° 31' 51.67\" E","Northing":"30° 16' 23.86\" N","Description":null,"ID":"8","sectors":"القطاع السادس عشر","Implementing":"شركة الكتروالهانى","SHAPE_Length":16.24964183940641,"SHAPE_Area":13.451189115200066,"__networkId":"electricity","__networkName":"شبكة الكهرباء","__layerId":"electricity_facilities","__layerName":"منشآت شبكة الكهرباء","__assetName":"منشآت الكهرباء","__geometryKind":"polygon","__featureIndex":611,"__length_m":16.25,"__area_m2":13.45,"__typeValue":"ولاعة اعمدة الانارة"},"geometry":{"type":"Polygon","coordinates":[[[31.53271687272307,30.27344358950217],[31.532697629013082,30.2734367724471],[31.53267799453589,30.273478531265777],[31.53269723914424,30.273485347542124],[31.53271687272307,30.27344358950217]]]}},{"type":"Feature","properties":{"Electric_Facility_Type":"ولاعة اعمدة الانارة","Easting":"031° 30' 40.22\" E","Northing":"30° 16' 24.7\" N","Description":null,"ID":"9","sectors":"القطاع الرابع عشر","Implementing":"شركة الكتروالهانى","SHAPE_Length":16.22005329966644,"SHAPE_Area":13.450877856785416,"__networkId":"electricity","__networkName":"شبكة الكهرباء","__layerId":"electricity_facilities","__layerName":"منشآت شبكة الكهرباء","__assetName":"منشآت الكهرباء","__geometryKind":"polygon","__featureIndex":612,"__length_m":16.22,"__area_m2":13.45,"__typeValue":"ولاعة اعمدة الانارة"},"geometry":{"type":"Polygon","coordinates":[[[31.512874522706404,30.27368874792719],[31.5128228785607,30.27368376102379],[31.512820581568526,30.273701690755637],[31.512872225714226,30.273706677658126],[31.512874522706404,30.27368874792719]]]}},{"type":"Feature","properties":{"Electric_Facility_Type":"ولاعة اعمدة الانارة","Easting":"031° 30' 32.14\" E","Northing":"30° 16' 24.85\" N","Description":null,"ID":"10","sectors":"القطاع الرابع عشر","Implementing":"شركة الكتروالهانى","SHAPE_Length":16.219699469008038,"SHAPE_Area":13.451068274633554,"__networkId":"electricity","__networkName":"شبكة الكهرباء","__layerId":"electricity_facilities","__layerName":"منشآت شبكة الكهرباء","__assetName":"منشآت الكهرباء","__geometryKind":"polygon","__featureIndex":613,"__length_m":16.22,"__area_m2":13.45,"__typeValue":"ولاعة اعمدة الانارة"},"geometry":{"type":"Polygon","coordinates":[[[31.51062899949911,30.273745791629047],[31.510628555731348,30.273727755619397],[31.510576605260173,30.273728716071144],[31.51057704812961,30.273746752856443],[31.51062899949911,30.273745791629047]]]}},{"type":"Feature","properties":{"Electric_Facility_Type":"ولاعة اعمدة الانارة","Easting":"031° 30' 7.9\" E","Northing":"30° 16' 26.15\" N","Description":null,"ID":"11","sectors":"القطاع الخامس عشر","Implementing":"شركة الكتروالهانى","SHAPE_Length":16.22011911661759,"SHAPE_Area":13.451287065052039,"__networkId":"electricity","__networkName":"شبكة الكهرباء","__layerId":"electricity_facilities","__layerName":"منشآت شبكة الكهرباء","__assetName":"منشآت الكهرباء","__geometryKind":"polygon","__featureIndex":614,"__length_m":16.22,"__area_m2":13.45,"__typeValue":"ولاعة اعمدة الانارة"},"geometry":{"type":"Polygon","coordinates":[[[31.503896533381454,30.274102751569394],[31.503894379221418,30.2740848079463],[31.503842696448178,30.27408948217936],[31.503844850608214,30.274107425801603],[31.503896533381454,30.274102751569394]]]}},{"type":"Feature","properties":{"Electric_Facility_Type":"ولاعة اعمدة الانارة","Easting":"031° 31' 13.38\" E","Northing":"30° 16' 26.17\" N","Description":null,"ID":"12","sectors":"القطاع الثالث عشر","Implementing":"شركة الكتروالهانى","SHAPE_Length":16.247884898813552,"SHAPE_Area":13.451424440625313,"__networkId":"electricity","__networkName":"شبكة الكهرباء","__layerId":"electricity_facilities","__layerName":"منشآت شبكة الكهرباء","__assetName":"منشآت الكهرباء","__geometryKind":"polygon","__featureIndex":615,"__length_m":16.25,"__area_m2":13.45,"__typeValue":"ولاعة اعمدة الانارة"},"geometry":{"type":"Polygon","coordinates":[[[31.522081683938403,30.27408538747361],[31.522063034913128,30.274077419942298],[31.52204008744917,30.274117885995484],[31.522058736474484,30.274125851971927],[31.522081683938403,30.27408538747361]]]}},{"type":"Feature","properties":{"Electric_Facility_Type":"ولاعة اعمدة الانارة","Easting":"031° 31' 19.04\" E","Northing":"30° 16' 26.52\" N","Description":null,"ID":"13","sectors":"القطاع الثالث عشر","Implementing":"شركة الكتروالهانى","SHAPE_Length":16.22660460894869,"SHAPE_Area":13.451139859552939,"__networkId":"electricity","__networkName":"شبكة الكهرباء","__layerId":"electricity_facilities","__layerName":"منشآت شبكة الكهرباء","__assetName":"منشآت الكهرباء","__geometryKind":"polygon","__featureIndex":616,"__length_m":16.23,"__area_m2":13.45,"__typeValue":"ولاعة اعمدة الانارة"},"geometry":{"type":"Polygon","coordinates":[[[31.523659089644717,30.274201091161736],[31.52361246708146,30.274181174683058],[31.523603288994213,30.274197360313373],[31.523649910659138,30.27421727756463],[31.523659089644717,30.274201091161736]]]}},{"type":"Feature","properties":{"Electric_Facility_Type":"ولاعة اعمدة الانارة","Easting":"031° 29' 55.05\" E","Northing":"30° 16' 28.2\" N","Description":null,"ID":"14","sectors":"القطاع الخامس عشر","Implementing":"شركة الكتروالهانى","SHAPE_Length":16.220276491253177,"SHAPE_Area":13.451624298004793,"__networkId":"electricity","__networkName":"شبكة الكهرباء","__layerId":"electricity_facilities","__layerName":"منشآت شبكة الكهرباء","__assetName":"منشآت الكهرباء","__geometryKind":"polygon","__featureIndex":617,"__length_m":16.22,"__area_m2":13.45,"__typeValue":"ولاعة اعمدة الانارة"},"geometry":{"type":"Polygon","coordinates":[[[31.50032688086897,30.274673737836917],[31.50032472760722,30.27465579431821],[31.500273043935653,30.27466046697243],[31.50027519809572,30.274678411266112],[31.50032688086897,30.274673737836917]]]}},{"type":"Feature","properties":{"Electric_Facility_Type":"ولاعة اعمدة الانارة","Easting":"031° 29' 27.92\" E","Northing":"30° 16' 29.87\" N","Description":null,"ID":"15","sectors":"القطاع الخامس عشر","Implementing":"شركة الكتروالهانى","SHAPE_Length":16.222685194268234,"SHAPE_Area":13.45188857899394,"__networkId":"electricity","__networkName":"شبكة الكهرباء","__layerId":"electricity_facilities","__layerName":"منشآت شبكة الكهرباء","__assetName":"منشآت الكهرباء","__geometryKind":"polygon","__featureIndex":618,"__length_m":16.22,"__area_m2":13.45,"__typeValue":"ولاعة اعمدة الانارة"},"geometry":{"type":"Polygon","coordinates":[[[31.492793736457113,30.275133484594352],[31.492788006103893,30.27511614240329],[31.49273805707915,30.27512857611996],[31.492743786534035,30.275145918308837],[31.492793736457113,30.275133484594352]]]}},{"type":"Feature","properties":{"Electric_Facility_Type":"ولاعة اعمدة الانارة","Easting":"031° 31' 1.77\" E","Northing":"30° 16' 29.59\" N","Description":null,"ID":"16","sectors":"القطاع الثالث عشر","Implementing":"شركة الكتروالهانى","SHAPE_Length":16.25189586505538,"SHAPE_Area":13.451974367839728,"__networkId":"electricity","__networkName":"شبكة الكهرباء","__layerId":"electricity_facilities","__layerName":"منشآت شبكة الكهرباء","__assetName":"منشآت الكهرباء","__geometryKind":"polygon","__featureIndex":619,"__length_m":16.25,"__area_m2":13.45,"__typeValue":"ولاعة اعمدة الانارة"},"geometry":{"type":"Polygon","coordinates":[[[31.518852805532305,30.275034626150997],[31.518832975222413,30.275029220384603],[31.51881740382529,30.275072250059598],[31.518837235033512,30.27507765582362],[31.518852805532305,30.275034626150997]]]}},{"type":"Feature","properties":{"Electric_Facility_Type":"ولاعة اعمدة الانارة","Easting":"031° 30' 39.97\" E","Northing":"30° 16' 29.81\" N","Description":null,"ID":"17","sectors":"القطاع الرابع عشر","Implementing":"شركة الكتروالهانى","SHAPE_Length":16.25445419506227,"SHAPE_Area":13.451425236648946,"__networkId":"electricity","__networkName":"شبكة الكهرباء","__layerId":"electricity_facilities","__layerName":"منشآت شبكة الكهرباء","__assetName":"منشآت الكهرباء","__geometryKind":"polygon","__featureIndex":620,"__length_m":16.25,"__area_m2":13.45,"__typeValue":"ولاعة اعمدة الانارة"},"geometry":{"type":"Polygon","coordinates":[[[31.512791707918655,30.275091506928824],[31.512770993666518,30.275090016620158],[31.512766699719457,30.275134963265426],[31.51278741397159,30.275136454349223],[31.512791707918655,30.275091506928824]]]}},{"type":"Feature","properties":{"Electric_Facility_Type":"ولاعة اعمدة الانارة","Easting":"031° 30' 18.88\" E","Northing":"30° 16' 30.29\" N","Description":null,"ID":"18","sectors":"القطاع الخامس عشر","Implementing":"شركة الكتروالهانى","SHAPE_Length":16.254387615068126,"SHAPE_Area":13.45156680993002,"__networkId":"electricity","__networkName":"شبكة الكهرباء","__layerId":"electricity_facilities","__layerName":"منشآت شبكة الكهرباء","__assetName":"منشآت الكهرباء","__geometryKind":"polygon","__featureIndex":621,"__length_m":16.25,"__area_m2":13.45,"__typeValue":"ولاعة اعمدة الانارة"},"geometry":{"type":"Polygon","coordinates":[[[31.50693360889796,30.2752258464116],[31.506912968307688,30.275223722278515],[31.506906849882288,30.275268510599947],[31.506927490472567,30.27527063473207],[31.50693360889796,30.2752258464116]]]}},{"type":"Feature","properties":{"Electric_Facility_Type":"ولاعة اعمدة الانارة","Easting":"031° 31' 49.14\" E","Northing":"30° 16' 30.26\" N","Description":null,"ID":"19","sectors":"القطاع السادس عشر","Implementing":"شركة الكتروالهانى","SHAPE_Length":16.250441735322934,"SHAPE_Area":13.451503509605555,"__networkId":"electricity","__networkName":"شبكة الكهرباء","__layerId":"electricity_facilities","__layerName":"منشآت شبكة الكهرباء","__assetName":"منشآت الكهرباء","__geometryKind":"polygon","__featureIndex":622,"__length_m":16.25,"__area_m2":13.45,"__typeValue":"ولاعة اعمدة الانارة"},"geometry":{"type":"Polygon","coordinates":[[[31.532012209959706,30.275221719945556],[31.531992765027066,30.275215346770157],[31.531974406157627,30.275257539278456],[31.53199385109026,30.27526391322692],[31.532012209959706,30.275221719945556]]]}},{"type":"Feature","properties":{"Electric_Facility_Type":"ولاعة اعمدة الانارة","Easting":"031° 31' 17.43\" E","Northing":"30° 16' 30.97\" N","Description":null,"ID":"20","sectors":"القطاع الثالث عشر","Implementing":"شركة الكتروالهانى","SHAPE_Length":16.221794085354276,"SHAPE_Area":13.451695365396743,"__networkId":"electricity","__networkName":"شبكة الكهرباء","__layerId":"electricity_facilities","__layerName":"منشآت شبكة الكهرباء","__assetName":"منشآت الكهرباء","__geometryKind":"polygon","__featureIndex":623,"__length_m":16.22,"__area_m2":13.45,"__typeValue":"ولاعة اعمدة الانارة"},"geometry":{"type":"Polygon","coordinates":[[[31.523212842544186,30.275432360336918],[31.523162232359375,30.275422134573475],[31.523157519797405,30.275439705570186],[31.52320812998221,30.275449931331792],[31.523212842544186,30.275432360336918]]]}},{"type":"Feature","properties":{"Electric_Facility_Type":"ولاعة اعمدة الانارة","Easting":"031° 30' 8.04\" E","Northing":"30° 16' 33.81\" N","Description":null,"ID":"21","sectors":"القطاع الخامس عشر","Implementing":"شركة الكتروالهانى","SHAPE_Length":16.220082352258512,"SHAPE_Area":13.451844493672771,"__networkId":"electricity","__networkName":"شبكة الكهرباء","__layerId":"electricity_facilities","__layerName":"منشآت شبكة الكهرباء","__assetName":"منشآت الكهرباء","__geometryKind":"polygon","__featureIndex":624,"__length_m":16.22,"__area_m2":13.45,"__typeValue":"ولاعة اعمدة الانارة"},"geometry":{"type":"Polygon","coordinates":[[[31.50393574125034,30.27623318845683],[31.50393530017753,30.27621515212847],[31.503883347909728,30.27621611100427],[31.503883789880835,30.276234148108266],[31.50393574125034,30.27623318845683]]]}},{"type":"Feature","properties":{"Electric_Facility_Type":"ولاعة اعمدة الانارة","Easting":"031° 31' 38.69\" E","Northing":"30° 16' 33.55\" N","Description":null,"ID":"22","sectors":"القطاع الثاني عشر","Implementing":"شركة الكتروالهانى","SHAPE_Length":16.22369247571909,"SHAPE_Area":13.452016133712128,"__networkId":"electricity","__networkName":"شبكة الكهرباء","__layerId":"electricity_facilities","__layerName":"منشآت شبكة الكهرباء","__assetName":"منشآت الكهرباء","__geometryKind":"polygon","__featureIndex":625,"__length_m":16.22,"__area_m2":13.45,"__typeValue":"ولاعة اعمدة الانارة"},"geometry":{"type":"Polygon","coordinates":[[[31.52911738446505,30.276151580037556],[31.5290681397195,30.276137182925662],[31.5290615047628,30.2761542797867],[31.529110749508387,30.27616867767188],[31.52911738446505,30.276151580037556]]]}},{"type":"Feature","properties":{"Electric_Facility_Type":"ولاعة اعمدة الانارة","Easting":"031° 29' 30.06\" E","Northing":"30° 16' 35.93\" N","Description":null,"ID":"23","sectors":"القطاع الخامس عشر","Implementing":"شركة الكتروالهانى","SHAPE_Length":16.220971996452544,"SHAPE_Area":13.452339346279194,"__networkId":"electricity","__networkName":"شبكة الكهرباء","__layerId":"electricity_facilities","__layerName":"منشآت شبكة الكهرباء","__assetName":"منشآت الكهرباء","__geometryKind":"polygon","__featureIndex":626,"__length_m":16.22,"__area_m2":13.45,"__typeValue":"ولاعة اعمدة الانارة"},"geometry":{"type":"Polygon","coordinates":[[[31.493387450994693,30.27682126295402],[31.493384862948353,30.276803362496118],[31.493333302345988,30.276808978402446],[31.493335890392327,30.276826878859318],[31.493387450994693,30.27682126295402]]]}},{"type":"Feature","properties":{"Electric_Facility_Type":"ولاعة اعمدة الانارة","Easting":"031° 30' 36.99\" E","Northing":"30° 16' 37.17\" N","Description":null,"ID":"24","sectors":"القطاع الرابع عشر","Implementing":"شركة الكتروالهانى","SHAPE_Length":16.220300681942437,"SHAPE_Area":13.452377689041946,"__networkId":"electricity","__networkName":"شبكة الكهرباء","__layerId":"electricity_facilities","__layerName":"منشآت شبكة الكهرباء","__assetName":"منشآت الكهرباء","__geometryKind":"polygon","__featureIndex":627,"__length_m":16.22,"__area_m2":13.45,"__typeValue":"ولاعة اعمدة الانارة"},"geometry":{"type":"Polygon","coordinates":[[[31.511976501171368,30.277149812657477],[31.511924537225436,30.277149799469186],[31.511924530937257,30.277167841056237],[31.51197649488315,30.277167853468782],[31.511976501171368,30.277149812657477]]]}},{"type":"Feature","properties":{"Electric_Facility_Type":"ولاعة اعمدة الانارة","Easting":"031° 31' 4.11\" E","Northing":"30° 16' 40.37\" N","Description":null,"ID":"25","sectors":"القطاع الثالث عشر","Implementing":"شركة الكتروالهانى","SHAPE_Length":16.22102648696071,"SHAPE_Area":13.452665316765266,"__networkId":"electricity","__networkName":"شبكة الكهرباء","__layerId":"electricity_facilities","__layerName":"منشآت شبكة الكهرباء","__assetName":"منشآت الكهرباء","__geometryKind":"polygon","__featureIndex":628,"__length_m":16.22,"__area_m2":13.45,"__typeValue":"ولاعة اعمدة الانارة"},"geometry":{"type":"Polygon","coordinates":[[[31.519510878970102,30.278039796718076],[31.519459327350905,30.27803412269905],[31.519456712355122,30.278052020605156],[31.519508263974316,30.278057694623207],[31.519510878970102,30.278039796718076]]]}},{"type":"Feature","properties":{"Electric_Facility_Type":"ولاعة اعمدة الانارة","Easting":"031° 31' 15.0\" E","Northing":"30° 16' 41.44\" N","Description":null,"ID":"26","sectors":"القطاع الثالث عشر","Implementing":"شركة الكتروالهانى","SHAPE_Length":16.220590546121905,"SHAPE_Area":13.451937520985373,"__networkId":"electricity","__networkName":"شبكة الكهرباء","__layerId":"electricity_facilities","__layerName":"منشآت شبكة الكهرباء","__assetName":"منشآت الكهرباء","__geometryKind":"polygon","__featureIndex":629,"__length_m":16.22,"__area_m2":13.45,"__typeValue":"ولاعة اعمدة الانارة"},"geometry":{"type":"Polygon","coordinates":[[[31.522535610736323,30.278337939814076],[31.52248392975971,30.278333239407097],[31.52248176392157,30.278351181477692],[31.522533445796483,30.27835588188386],[31.522535610736323,30.278337939814076]]]}},{"type":"Feature","properties":{"Electric_Facility_Type":"ولاعة اعمدة الانارة","Easting":"031° 32' 0.7\" E","Northing":"30° 16' 41.23\" N","Description":null,"ID":"27","sectors":"القطاع الثاني عشر","Implementing":"شركة الكتروالهانى","SHAPE_Length":16.228636838326498,"SHAPE_Area":13.452703867627083,"__networkId":"electricity","__networkName":"شبكة الكهرباء","__layerId":"electricity_facilities","__layerName":"منشآت شبكة الكهرباء","__assetName":"منشآت الكهرباء","__geometryKind":"polygon","__featureIndex":630,"__length_m":16.23,"__area_m2":13.45,"__typeValue":"ولاعة اعمدة الانارة"},"geometry":{"type":"Polygon","coordinates":[[[31.535233352074577,30.27829018633715],[31.535187820066096,30.27826845149993],[31.535177802054026,30.27828425943054],[31.535223334960843,30.278305994264187],[31.535233352074577,30.27829018633715]]]}},{"type":"Feature","properties":{"Electric_Facility_Type":"ولاعة اعمدة الانارة","Easting":"031° 31' 28.49\" E","Northing":"30° 16' 42.96\" N","Description":null,"ID":"28","sectors":"القطاع الثاني عشر","Implementing":"شركة الكتروالهانى","SHAPE_Length":16.22113345694317,"SHAPE_Area":13.45293848501423,"__networkId":"electricity","__networkName":"شبكة الكهرباء","__layerId":"electricity_facilities","__layerName":"منشآت شبكة الكهرباء","__assetName":"منشآت الكهرباء","__geometryKind":"polygon","__featureIndex":631,"__length_m":16.22,"__area_m2":13.45,"__typeValue":"ولاعة اعمدة الانارة"},"geometry":{"type":"Polygon","coordinates":[[[31.526284655912743,30.27875943639594],[31.526233016258633,30.278754393894825],[31.526230692316975,30.27877232192456],[31.526282331971085,30.27877736442476],[31.526284655912743,30.27875943639594]]]}},{"type":"Feature","properties":{"Electric_Facility_Type":"ولاعة اعمدة الانارة","Easting":"031° 31' 49.01\" E","Northing":"30° 16' 45.53\" N","Description":null,"ID":"29","sectors":"القطاع الثاني عشر","Implementing":"شركة الكتروالهانى","SHAPE_Length":16.22150465493842,"SHAPE_Area":13.452944113961944,"__networkId":"electricity","__networkName":"شبكة الكهرباء","__layerId":"electricity_facilities","__layerName":"منشآت شبكة الكهرباء","__assetName":"منشآت الكهرباء","__geometryKind":"polygon","__featureIndex":632,"__length_m":16.22,"__area_m2":13.45,"__typeValue":"ولاعة اعمدة الانارة"},"geometry":{"type":"Polygon","coordinates":[[[31.531984469085412,30.279474359583443],[31.531933056705093,30.27946779662204],[31.531930031179204,30.2794856453936],[31.53198144445785,30.279492208353812],[31.531984469085412,30.279474359583443]]]}},{"type":"Feature","properties":{"Electric_Facility_Type":"كشك","Easting":"031° 33' 17.03\" E","Northing":"30° 15' 47.21\" N","Description":null,"ID":"TR4/2/1","sectors":"القطاع الثاني","Implementing":"شركة الكتروالهانى","SHAPE_Length":21.911378464259897,"SHAPE_Area":27.645729356138283,"__networkId":"electricity","__networkName":"شبكة الكهرباء","__layerId":"electricity_facilities","__layerName":"منشآت شبكة الكهرباء","__assetName":"منشآت الكهرباء","__geometryKind":"polygon","__featureIndex":633,"__length_m":21.91,"__area_m2":27.65,"__typeValue":"كشك"},"geometry":{"type":"Polygon","coordinates":[[[31.556436844681123,30.263262172269005],[31.55640539376471,30.263248020000347],[31.556376934238198,30.263296725831292],[31.556408430968695,30.26331059411664],[31.556436844681123,30.263262172269005]]]}},{"type":"Feature","properties":{"Electric_Facility_Type":"كشك","Easting":"031° 33' 12.14\" E","Northing":"30° 16' 1.99\" N","Description":null,"ID":"TR6/2/1","sectors":"القطاع الثاني","Implementing":"شركة الكتروالهانى","SHAPE_Length":24.800468230651283,"SHAPE_Area":37.50849809312827,"__networkId":"electricity","__networkName":"شبكة الكهرباء","__layerId":"electricity_facilities","__layerName":"منشآت شبكة الكهرباء","__assetName":"منشآت الكهرباء","__geometryKind":"polygon","__featureIndex":634,"__length_m":24.8,"__area_m2":37.51,"__typeValue":"كشك"},"geometry":{"type":"Polygon","coordinates":[[[31.55503830163272,30.267353638722316],[31.555017734704307,30.26740632267403],[31.555062245328326,30.26741941451991],[31.55508281135844,30.2673667313511],[31.55503830163272,30.267353638722316]]]}},{"type":"Feature","properties":{"Electric_Facility_Type":"كشك","Easting":"031° 33' 38.98\" E","Northing":"30° 16' 52.19\" N","Description":null,"ID":"TR6/3/3","sectors":"القطاع الثالث","Implementing":"شركة الكتروالهانى","SHAPE_Length":21.914065171472206,"SHAPE_Area":27.682491746973614,"__networkId":"electricity","__networkName":"شبكة الكهرباء","__layerId":"electricity_facilities","__layerName":"منشآت شبكة الكهرباء","__assetName":"منشآت الكهرباء","__geometryKind":"polygon","__featureIndex":635,"__length_m":21.91,"__area_m2":27.68,"__typeValue":"كشك"},"geometry":{"type":"Polygon","coordinates":[[[31.56253834761795,30.28134147634842],[31.562533472460903,30.28131111275321],[31.562471149143107,30.281318651483762],[31.56247602519849,30.281349015076692],[31.56253834761795,30.28134147634842]]]}},{"type":"Feature","properties":{"Electric_Facility_Type":"كشك","Easting":"031° 33' 1.32\" E","Northing":"30° 16' 23.25\" N","Description":null,"ID":"TR2/4/3","sectors":"القطاع الخامس","Implementing":"شركة الكتروالهانى","SHAPE_Length":20.52753310105941,"SHAPE_Area":24.013138728741144,"__networkId":"electricity","__networkName":"شبكة الكهرباء","__layerId":"electricity_facilities","__layerName":"منشآت شبكة الكهرباء","__assetName":"منشآت الكهرباء","__geometryKind":"polygon","__featureIndex":636,"__length_m":20.53,"__area_m2":24.01,"__typeValue":"كشك"},"geometry":{"type":"Polygon","coordinates":[[[31.552010847072896,30.273297669354076],[31.552031758954396,30.273319053073294],[31.55207724694545,30.27328553952397],[31.55205633506396,30.273264155797513],[31.552010847072896,30.273297669354076]]]}},{"type":"Feature","properties":{"Electric_Facility_Type":"كشك","Easting":"031° 33' 15.32\" E","Northing":"30° 16' 18.48\" N","Description":null,"ID":"TR11/1/3","sectors":"القطاع الثالث","Implementing":"شركة الكتروالهانى","SHAPE_Length":21.919250008380857,"SHAPE_Area":27.650538638107033,"__networkId":"electricity","__networkName":"شبكة الكهرباء","__layerId":"electricity_facilities","__layerName":"منشآت شبكة الكهرباء","__assetName":"منشآت الكهرباء","__geometryKind":"polygon","__featureIndex":637,"__length_m":21.92,"__area_m2":27.65,"__typeValue":"كشك"},"geometry":{"type":"Polygon","coordinates":[[[31.555952061651535,30.27199284016011],[31.555949945220707,30.27193825945433],[31.555914645023332,30.271939290523495],[31.55591664287651,30.271993603569847],[31.555952061651535,30.27199284016011]]]}},{"type":"Feature","properties":{"Electric_Facility_Type":"كشك","Easting":"031° 33' 56.9\" E","Northing":"30° 16' 33.66\" N","Description":null,"ID":"TR4/2/2","sectors":"القطاع الاول","Implementing":"شركة الكتروالهانى","SHAPE_Length":21.927305240785977,"SHAPE_Area":27.67949861503349,"__networkId":"electricity","__networkName":"شبكة الكهرباء","__layerId":"electricity_facilities","__layerName":"منشآت شبكة الكهرباء","__assetName":"منشآت الكهرباء","__geometryKind":"polygon","__featureIndex":638,"__length_m":21.93,"__area_m2":27.68,"__typeValue":"كشك"},"geometry":{"type":"Polygon","coordinates":[[[31.567493545455008,30.276152381428613],[31.567448367382717,30.276190394355147],[31.56747295337374,30.2762124058336],[31.5675181305477,30.276174392915635],[31.567493545455008,30.276152381428613]]]}},{"type":"Feature","properties":{"Electric_Facility_Type":"كشك","Easting":"031° 33' 33.53\" E","Northing":"30° 16' 22.9\" N","Description":null,"ID":"TR6/1/2","sectors":"القطاع الاول","Implementing":"شركة الكتروالهانى","SHAPE_Length":21.92438111334327,"SHAPE_Area":27.677388667941848,"__networkId":"electricity","__networkName":"شبكة الكهرباء","__layerId":"electricity_facilities","__layerName":"منشآت شبكة الكهرباء","__assetName":"منشآت الكهرباء","__geometryKind":"polygon","__featureIndex":639,"__length_m":21.92,"__area_m2":27.68,"__typeValue":"كشك"},"geometry":{"type":"Polygon","coordinates":[[[31.56097838000793,30.273165072812816],[31.56095561939357,30.273188514793944],[31.561003732261884,30.273223708011848],[31.56102649377457,30.273200266039137],[31.56097838000793,30.273165072812816]]]}},{"type":"Feature","properties":{"Electric_Facility_Type":"كشك","Easting":"031° 33' 5.84\" E","Northing":"30° 16' 19.47\" N","Description":null,"ID":"TR7/5/3","sectors":"القطاع الثالث","Implementing":"شركة الكتروالهانى","SHAPE_Length":23.961402211383366,"SHAPE_Area":33.497004027545586,"__networkId":"electricity","__networkName":"شبكة الكهرباء","__layerId":"electricity_facilities","__layerName":"منشآت شبكة الكهرباء","__assetName":"منشآت الكهرباء","__geometryKind":"polygon","__featureIndex":640,"__length_m":23.96,"__area_m2":33.5,"__typeValue":"كشك"},"geometry":{"type":"Polygon","coordinates":[[[31.55328708539368,30.272274503800908],[31.553326322906965,30.272268098625467],[31.553313872257128,30.272210635121375],[31.553274633845547,30.272217039524733],[31.55328708539368,30.272274503800908]]]}},{"type":"Feature","properties":{"Electric_Facility_Type":"بيلر","Easting":"031° 29' 49.31\" E","Northing":"30° 16' 32.5\" N","Description":null,"ID":"1_6/5/C","sectors":"القطاع الخامس عشر","Implementing":"شركة الكتروالهانى","SHAPE_Length":5.8525405416056655,"SHAPE_Area":1.6518518980061023,"__networkId":"electricity","__networkName":"شبكة الكهرباء","__layerId":"electricity_facilities","__layerName":"منشآت شبكة الكهرباء","__assetName":"منشآت الكهرباء","__geometryKind":"polygon","__featureIndex":641,"__length_m":5.85,"__area_m2":1.65,"__typeValue":"بيلر"},"geometry":{"type":"Polygon","coordinates":[[[31.49871114943939,30.275869738229215],[31.49870795413191,30.275853192131216],[31.498701187122876,30.27585417583587],[31.498704382430354,30.275870723485312],[31.49871114943939,30.275869738229215]]]}},{"type":"Feature","properties":{"Electric_Facility_Type":"بيلر","Easting":"031° 29' 50.43\" E","Northing":"30° 16' 31.33\" N","Description":null,"ID":"2_6/5/C","sectors":"القطاع الخامس عشر","Implementing":"شركة الكتروالهانى","SHAPE_Length":5.839246367029604,"SHAPE_Area":1.6519459427463787,"__networkId":"electricity","__networkName":"شبكة الكهرباء","__layerId":"electricity_facilities","__layerName":"منشآت شبكة الكهرباء","__assetName":"منشآت الكهرباء","__geometryKind":"polygon","__featureIndex":642,"__length_m":5.84,"__area_m2":1.65,"__typeValue":"بيلر"},"geometry":{"type":"Polygon","coordinates":[[[31.499027792102286,30.27553290185453],[31.499008626545713,30.275535084941346],[31.499009521267716,30.27554099029171],[31.499028686824325,30.275538806429267],[31.499027792102286,30.27553290185453]]]}},{"type":"Feature","properties":{"Electric_Facility_Type":"بيلر","Easting":"031° 29' 48.04\" E","Northing":"30° 16' 29.13\" N","Description":null,"ID":"3_5/4/C","sectors":"القطاع الخامس عشر","Implementing":"شركة الكتروالهانى","SHAPE_Length":5.852409090922558,"SHAPE_Area":1.6518019508188992,"__networkId":"electricity","__networkName":"شبكة الكهرباء","__layerId":"electricity_facilities","__layerName":"منشآت شبكة الكهرباء","__assetName":"منشآت الكهرباء","__geometryKind":"polygon","__featureIndex":643,"__length_m":5.85,"__area_m2":1.65,"__typeValue":"بيلر"},"geometry":{"type":"Polygon","coordinates":[[[31.498358426841367,30.274931579065946],[31.498355229737268,30.27491503203397],[31.498348462728234,30.274916017299653],[31.498351659832334,30.2749325627799],[31.498358426841367,30.274931579065946]]]}},{"type":"Feature","properties":{"Electric_Facility_Type":"بيلر","Easting":"031° 29' 50.65\" E","Northing":"30° 16' 28.78\" N","Description":null,"ID":"2_5/5/C","sectors":"القطاع الخامس عشر","Implementing":"شركة الكتروالهانى","SHAPE_Length":5.852507654838528,"SHAPE_Area":1.651839211922773,"__networkId":"electricity","__networkName":"شبكة الكهرباء","__layerId":"electricity_facilities","__layerName":"منشآت شبكة الكهرباء","__assetName":"منشآت الكهرباء","__geometryKind":"polygon","__featureIndex":644,"__length_m":5.85,"__area_m2":1.65,"__typeValue":"بيلر"},"geometry":{"type":"Polygon","coordinates":[[[31.499082578554834,30.27483531081684],[31.499079384145688,30.274818762992815],[31.49907261713665,30.274819748259468],[31.499075811545797,30.274836294531756],[31.499082578554834,30.27483531081684]]]}},{"type":"Feature","properties":{"Electric_Facility_Type":"بيلر","Easting":"031° 29' 51.89\" E","Northing":"30° 16' 28.61\" N","Description":null,"ID":"1_5/5/C","sectors":"القطاع الخامس عشر","Implementing":"شركة الكتروالهانى","SHAPE_Length":5.852458526211731,"SHAPE_Area":1.6518320157155353,"__networkId":"electricity","__networkName":"شبكة الكهرباء","__layerId":"electricity_facilities","__layerName":"منشآت شبكة الكهرباء","__assetName":"منشآت الكهرباء","__geometryKind":"polygon","__featureIndex":645,"__length_m":5.85,"__area_m2":1.65,"__typeValue":"بيلر"},"geometry":{"type":"Polygon","coordinates":[[[31.499428508990963,30.274789777528916],[31.49942531368352,30.274773229697278],[31.499418546674484,30.2747742157402],[31.499421741981926,30.27479076124429],[31.499428508990963,30.274789777528916]]]}},{"type":"Feature","properties":{"Electric_Facility_Type":"بيلر","Easting":"031° 29' 51.82\" E","Northing":"30° 16' 32.17\" N","Description":null,"ID":"3_6/5/C","sectors":"القطاع الخامس عشر","Implementing":"شركة الكتروالهانى","SHAPE_Length":5.852310047119197,"SHAPE_Area":1.651741000260055,"__networkId":"electricity","__networkName":"شبكة الكهرباء","__layerId":"electricity_facilities","__layerName":"منشآت شبكة الكهرباء","__assetName":"منشآت الكهرباء","__geometryKind":"polygon","__featureIndex":646,"__length_m":5.85,"__area_m2":1.65,"__typeValue":"بيلر"},"geometry":{"type":"Polygon","coordinates":[[[31.499408578069758,30.275778487177636],[31.499405382762284,30.27576194106425],[31.499398615753247,30.27576292476982],[31.49940181106072,30.2757794708831],[31.499408578069758,30.275778487177636]]]}},{"type":"Feature","properties":{"Electric_Facility_Type":"بيلر","Easting":"031° 29' 52.88\" E","Northing":"30° 16' 32.35\" N","Description":null,"ID":"2_7/5/C","sectors":"القطاع الخامس عشر","Implementing":"شركة الكتروالهانى","SHAPE_Length":5.852540542855426,"SHAPE_Area":1.6518519001835346,"__networkId":"electricity","__networkName":"شبكة الكهرباء","__layerId":"electricity_facilities","__layerName":"منشآت شبكة الكهرباء","__assetName":"منشآت الكهرباء","__geometryKind":"polygon","__featureIndex":647,"__length_m":5.85,"__area_m2":1.65,"__typeValue":"بيلر"},"geometry":{"type":"Polygon","coordinates":[[[31.4997030053957,30.2758283008302],[31.499699810088263,30.275811753173606],[31.499693043079226,30.27581273843034],[31.49969623838667,30.275829284535163],[31.4997030053957,30.2758283008302]]]}},{"type":"Feature","properties":{"Electric_Facility_Type":"بيلر","Easting":"031° 29' 51.83\" E","Northing":"30° 16' 33.34\" N","Description":null,"ID":"1_7/5/C","sectors":"القطاع الخامس عشر","Implementing":"شركة الكتروالهانى","SHAPE_Length":5.852688666352329,"SHAPE_Area":1.6520580014173016,"__networkId":"electricity","__networkName":"شبكة الكهرباء","__layerId":"electricity_facilities","__layerName":"منشآت شبكة الكهرباء","__assetName":"منشآت الكهرباء","__geometryKind":"polygon","__featureIndex":648,"__length_m":5.85,"__area_m2":1.65,"__typeValue":"بيلر"},"geometry":{"type":"Polygon","coordinates":[[[31.499410494176267,30.276101369344378],[31.499407297072167,30.276084824061165],[31.499400530063134,30.276085807763554],[31.49940372537061,30.276102355373954],[31.499410494176267,30.276101369344378]]]}},{"type":"Feature","properties":{"Electric_Facility_Type":"بيلر","Easting":"031° 29' 55.76\" E","Northing":"30° 16' 32.82\" N","Description":null,"ID":"1_8/5/C","sectors":"القطاع الخامس عشر","Implementing":"شركة الكتروالهانى","SHAPE_Length":5.8525734472072894,"SHAPE_Area":1.6518645903985834,"__networkId":"electricity","__networkName":"شبكة الكهرباء","__layerId":"electricity_facilities","__layerName":"منشآت شبكة الكهرباء","__assetName":"منشآت الكهرباء","__geometryKind":"polygon","__featureIndex":649,"__length_m":5.85,"__area_m2":1.65,"__typeValue":"بيلر"},"geometry":{"type":"Polygon","coordinates":[[[31.50050324351542,30.27595741590018],[31.50050004730965,30.275940869816957],[31.500493280300613,30.27594185352079],[31.500496476506385,30.275958401155457],[31.50050324351542,30.27595741590018]]]}},{"type":"Feature","properties":{"Electric_Facility_Type":"بيلر","Easting":"031° 29' 57.34\" E","Northing":"30° 16' 31.44\" N","Description":null,"ID":"2_8/5/C","sectors":"القطاع الخامس عشر","Implementing":"شركة الكتروالهانى","SHAPE_Length":5.85303110354738,"SHAPE_Area":1.6518354041939884,"__networkId":"electricity","__networkName":"شبكة الكهرباء","__layerId":"electricity_facilities","__layerName":"منشآت شبكة الكهرباء","__assetName":"منشآت الكهرباء","__geometryKind":"polygon","__featureIndex":650,"__length_m":5.85,"__area_m2":1.65,"__typeValue":"بيلر"},"geometry":{"type":"Polygon","coordinates":[[[31.500941295285628,30.275575762961267],[31.50094235978926,30.275559009676485],[31.500935509236893,30.275558682291134],[31.50093444473326,30.275575435575973],[31.500941295285628,30.275575762961267]]]}},{"type":"Feature","properties":{"Electric_Facility_Type":"بيلر","Easting":"031° 29' 59.87\" E","Northing":"30° 16' 31.64\" N","Description":null,"ID":"5_8/5/C","sectors":"القطاع الخامس عشر","Implementing":"شركة الكتروالهانى","SHAPE_Length":5.852673652336245,"SHAPE_Area":1.6517077037326573,"__networkId":"electricity","__networkName":"شبكة الكهرباء","__layerId":"electricity_facilities","__layerName":"منشآت شبكة الكهرباء","__assetName":"منشآت الكهرباء","__geometryKind":"polygon","__featureIndex":651,"__length_m":5.85,"__area_m2":1.65,"__typeValue":"بيلر"},"geometry":{"type":"Polygon","coordinates":[[[31.501643755379945,30.27563071169817],[31.501645476552014,30.275614001091423],[31.501638643965958,30.275613469672376],[31.501636920997257,30.275630181054968],[31.501643755379945,30.27563071169817]]]}},{"type":"Feature","properties":{"Electric_Facility_Type":"بيلر","Easting":"031° 29' 58.76\" E","Northing":"30° 16' 30.54\" N","Description":null,"ID":"4_8/5/C","sectors":"القطاع الخامس عشر","Implementing":"شركة الكتروالهانى","SHAPE_Length":5.838941107056838,"SHAPE_Area":1.6516870396709262,"__networkId":"electricity","__networkName":"شبكة الكهرباء","__layerId":"electricity_facilities","__layerName":"منشآت شبكة الكهرباء","__assetName":"منشآت الكهرباء","__geometryKind":"polygon","__featureIndex":652,"__length_m":5.84,"__area_m2":1.65,"__typeValue":"بيلر"},"geometry":{"type":"Polygon","coordinates":[[[31.501340850652657,30.27531372481334],[31.501321603349385,30.27531216778951],[31.50132096644384,30.275318096427178],[31.50134021284879,30.27531965422672],[31.501340850652657,30.27531372481334]]]}},{"type":"Feature","properties":{"Electric_Facility_Type":"بيلر","Easting":"031° 29' 59.95\" E","Northing":"30° 16' 29.27\" N","Description":null,"ID":"3_8/5/C","sectors":"القطاع الخامس عشر","Implementing":"شركة الكتروالهانى","SHAPE_Length":5.84049209775076,"SHAPE_Area":1.651851225247854,"__networkId":"electricity","__networkName":"شبكة الكهرباء","__layerId":"electricity_facilities","__layerName":"منشآت شبكة الكهرباء","__assetName":"منشآت الكهرباء","__geometryKind":"polygon","__featureIndex":653,"__length_m":5.84,"__area_m2":1.65,"__typeValue":"بيلر"},"geometry":{"type":"Polygon","coordinates":[[[31.50165458546898,30.274969687888582],[31.50167280689621,30.274964088944596],[31.501670517090574,30.274958473708455],[31.50165229566335,30.274964074980193],[31.50165458546898,30.274969687888582]]]}},{"type":"Feature","properties":{"Electric_Facility_Type":"بيلر","Easting":"031° 29' 54.31\" E","Northing":"30° 16' 28.3\" N","Description":null,"ID":"5_5/5/C","sectors":"القطاع الخامس عشر","Implementing":"شركة الكتروالهانى","SHAPE_Length":5.852343317459825,"SHAPE_Area":1.6516386043956275,"__networkId":"electricity","__networkName":"شبكة الكهرباء","__layerId":"electricity_facilities","__layerName":"منشآت شبكة الكهرباء","__assetName":"منشآت الكهرباء","__geometryKind":"polygon","__featureIndex":654,"__length_m":5.85,"__area_m2":1.65,"__typeValue":"بيلر"},"geometry":{"type":"Polygon","coordinates":[[[31.500100032005204,30.274703099598742],[31.50009683669773,30.27468655330406],[31.500090070587024,30.27468753702041],[31.5000932658945,30.274704084866556],[31.500100032005204,30.274703099598742]]]}},{"type":"Feature","properties":{"Electric_Facility_Type":"بيلر","Easting":"031° 29' 53.87\" E","Northing":"30° 16' 30.87\" N","Description":null,"ID":"3_7/5/C","sectors":"القطاع الخامس عشر","Implementing":"شركة الكتروالهانى","SHAPE_Length":5.83936487323248,"SHAPE_Area":1.6516751270338548,"__networkId":"electricity","__networkName":"شبكة الكهرباء","__layerId":"electricity_facilities","__layerName":"منشآت شبكة الكهرباء","__assetName":"منشآت الكهرباء","__geometryKind":"polygon","__featureIndex":655,"__length_m":5.84,"__area_m2":1.65,"__typeValue":"بيلر"},"geometry":{"type":"Polygon","coordinates":[[[31.499965031387667,30.275413552720327],[31.499984038840786,30.27541049608469],[31.49998278928423,30.27540464115319],[31.49996378183111,30.275407697789017],[31.499965031387667,30.275413552720327]]]}},{"type":"Feature","properties":{"Electric_Facility_Type":"بيلر","Easting":"031° 29' 47.41\" E","Northing":"30° 16' 28.14\" N","Description":null,"ID":"2_5/4/C","sectors":"القطاع الخامس عشر","Implementing":"شركة الكتروالهانى","SHAPE_Length":5.8511567932979816,"SHAPE_Area":1.6516858252101074,"__networkId":"electricity","__networkName":"شبكة الكهرباء","__layerId":"electricity_facilities","__layerName":"منشآت شبكة الكهرباء","__assetName":"منشآت الكهرباء","__geometryKind":"polygon","__featureIndex":656,"__length_m":5.85,"__area_m2":1.65,"__typeValue":"بيلر"},"geometry":{"type":"Polygon","coordinates":[[[31.498185726626314,30.274655797421403],[31.498179221925334,30.27463999821601],[31.498172761241843,30.27464200211242],[31.49817926594279,30.27465780131748],[31.498185726626314,30.274655797421403]]]}},{"type":"Feature","properties":{"Electric_Facility_Type":"بيلر","Easting":"031° 29' 49.3\" E","Northing":"30° 16' 27.34\" N","Description":null,"ID":"1_5/4/C","sectors":"القطاع الخامس عشر","Implementing":"شركة الكتروالهانى","SHAPE_Length":5.8524621940601325,"SHAPE_Area":1.6518158421280869,"__networkId":"electricity","__networkName":"شبكة الكهرباء","__layerId":"electricity_facilities","__layerName":"منشآت شبكة الكهرباء","__assetName":"منشآت الكهرباء","__geometryKind":"polygon","__featureIndex":657,"__length_m":5.85,"__area_m2":1.65,"__typeValue":"بيلر"},"geometry":{"type":"Polygon","coordinates":[[[31.49870774841771,30.274435630047705],[31.498704910639713,30.2744190356081],[31.49869812207111,30.27441990916305],[31.498700962544035,30.27443650515414],[31.49870774841771,30.274435630047705]]]}},{"type":"Feature","properties":{"Electric_Facility_Type":"بيلر","Easting":"031° 29' 46.49\" E","Northing":"30° 16' 26.38\" N","Description":null,"ID":"5_5/4/C","sectors":"القطاع الخامس عشر","Implementing":"شركة الكتروالهانى","SHAPE_Length":5.851434614715367,"SHAPE_Area":1.6518625866121184,"__networkId":"electricity","__networkName":"شبكة الكهرباء","__layerId":"electricity_facilities","__layerName":"منشآت شبكة الكهرباء","__assetName":"منشآت الكهرباء","__geometryKind":"polygon","__featureIndex":658,"__length_m":5.85,"__area_m2":1.65,"__typeValue":"بيلر"},"geometry":{"type":"Polygon","coordinates":[[[31.49792983433113,30.274168306395126],[31.49792374914339,30.27415238298232],[31.497917236357566,30.274154257329112],[31.497923321545304,30.27417018229325],[31.49792983433113,30.274168306395126]]]}},{"type":"Feature","properties":{"Electric_Facility_Type":"بيلر","Easting":"031° 29' 48.58\" E","Northing":"30° 16' 25.2\" N","Description":null,"ID":"4_5/4/C","sectors":"القطاع الخامس عشر","Implementing":"شركة الكتروالهانى","SHAPE_Length":5.851728274465934,"SHAPE_Area":1.6519682464049308,"__networkId":"electricity","__networkName":"شبكة الكهرباء","__layerId":"electricity_facilities","__layerName":"منشآت شبكة الكهرباء","__assetName":"منشآت الكهرباء","__geometryKind":"polygon","__featureIndex":659,"__length_m":5.85,"__area_m2":1.65,"__typeValue":"بيلر"},"geometry":{"type":"Polygon","coordinates":[[[31.49850904736507,30.273840631132177],[31.49850333228323,30.273824603707922],[31.498496777276614,30.27382636556876],[31.498502492358444,30.273842392992734],[31.49850904736507,30.273840631132177]]]}},{"type":"Feature","properties":{"Electric_Facility_Type":"بيلر","Easting":"031° 29' 50.27\" E","Northing":"30° 16' 25.36\" N","Description":null,"ID":"4_4/4/C","sectors":"القطاع الخامس عشر","Implementing":"شركة الكتروالهانى","SHAPE_Length":5.851378376703622,"SHAPE_Area":1.651743613190154,"__networkId":"electricity","__networkName":"شبكة الكهرباء","__layerId":"electricity_facilities","__layerName":"منشآت شبكة الكهرباء","__assetName":"منشآت الكهرباء","__geometryKind":"polygon","__featureIndex":660,"__length_m":5.85,"__area_m2":1.65,"__typeValue":"بيلر"},"geometry":{"type":"Polygon","coordinates":[[[31.49898042932725,30.273886212184635],[31.498974252511374,30.273870312776115],[31.49896775230198,30.273872215833215],[31.49897392642293,30.27388811368978],[31.49898042932725,30.273886212184635]]]}},{"type":"Feature","properties":{"Electric_Facility_Type":"بيلر","Easting":"031° 29' 52.62\" E","Northing":"30° 16' 24.17\" N","Description":null,"ID":"5_4/4/C","sectors":"القطاع الخامس عشر","Implementing":"شركة الكتروالهانى","SHAPE_Length":5.8511932205554595,"SHAPE_Area":1.6515423605270083,"__networkId":"electricity","__networkName":"شبكة الكهرباء","__layerId":"electricity_facilities","__layerName":"منشآت شبكة الكهرباء","__assetName":"منشآت الكهرباء","__geometryKind":"polygon","__featureIndex":661,"__length_m":5.85,"__area_m2":1.65,"__typeValue":"بيلر"},"geometry":{"type":"Polygon","coordinates":[[[31.499632086098984,30.27355560108876],[31.499626193150725,30.273539623269865],[31.49961965970367,30.273541437890913],[31.4996255517536,30.27355741726122],[31.499632086098984,30.27355560108876]]]}},{"type":"Feature","properties":{"Electric_Facility_Type":"بيلر","Easting":"031° 29' 54.27\" E","Northing":"30° 16' 25.19\" N","Description":null,"ID":"3_4/4/C","sectors":"القطاع الخامس عشر","Implementing":"شركة الكتروالهانى","SHAPE_Length":5.852146044247801,"SHAPE_Area":1.651563289507254,"__networkId":"electricity","__networkName":"شبكة الكهرباء","__layerId":"electricity_facilities","__layerName":"منشآت شبكة الكهرباء","__assetName":"منشآت الكهرباء","__geometryKind":"polygon","__featureIndex":662,"__length_m":5.85,"__area_m2":1.65,"__typeValue":"بيلر"},"geometry":{"type":"Polygon","coordinates":[[[31.50008918305152,30.273837109738388],[31.500085987744047,30.273820564073525],[31.50007922163334,30.27382154779862],[31.50008241694078,30.27383809501494],[31.50008918305152,30.273837109738388]]]}},{"type":"Feature","properties":{"Electric_Facility_Type":"بيلر","Easting":"031° 29' 55.42\" E","Northing":"30° 16' 23.43\" N","Description":null,"ID":"1_4/4/C","sectors":"القطاع الخامس عشر","Implementing":"شركة الكتروالهانى","SHAPE_Length":5.851713277851038,"SHAPE_Area":1.6517833190113531,"__networkId":"electricity","__networkName":"شبكة الكهرباء","__layerId":"electricity_facilities","__layerName":"منشآت شبكة الكهرباء","__assetName":"منشآت الكهرباء","__geometryKind":"polygon","__featureIndex":663,"__length_m":5.85,"__area_m2":1.65,"__typeValue":"بيلر"},"geometry":{"type":"Polygon","coordinates":[[[31.50040913870121,30.2733480288859],[31.50040348739974,30.273331983537506],[31.500396926104905,30.273333724460255],[31.500402577406383,30.273349769808355],[31.50040913870121,30.2733480288859]]]}},{"type":"Feature","properties":{"Electric_Facility_Type":"بيلر","Easting":"031° 29' 58.5\" E","Northing":"30° 16' 24.98\" N","Description":null,"ID":"4_3/4/C","sectors":"القطاع الخامس عشر","Implementing":"شركة الكتروالهانى","SHAPE_Length":5.840305733384375,"SHAPE_Area":1.6518547149667433,"__networkId":"electricity","__networkName":"شبكة الكهرباء","__layerId":"electricity_facilities","__layerName":"منشآت شبكة الكهرباء","__assetName":"منشآت الكهرباء","__geometryKind":"polygon","__featureIndex":664,"__length_m":5.84,"__area_m2":1.65,"__typeValue":"بيلر"},"geometry":{"type":"Polygon","coordinates":[[[31.50125045318561,30.273777886842794],[31.50126873569827,30.273772440665145],[31.501266507876366,30.273766807517262],[31.50124822536371,30.27377225369523],[31.50125045318561,30.273777886842794]]]}},{"type":"Feature","properties":{"Electric_Facility_Type":"بيلر","Easting":"031° 29' 58.38\" E","Northing":"30° 16' 26.76\" N","Description":null,"ID":"5_3/4/C","sectors":"القطاع الخامس عشر","Implementing":"شركة الكتروالهانى","SHAPE_Length":5.839157078157046,"SHAPE_Area":1.6516840442682719,"__networkId":"electricity","__networkName":"شبكة الكهرباء","__layerId":"electricity_facilities","__layerName":"منشآت شبكة الكهرباء","__assetName":"منشآت الكهرباء","__geometryKind":"polygon","__featureIndex":665,"__length_m":5.84,"__area_m2":1.65,"__typeValue":"بيلر"},"geometry":{"type":"Polygon","coordinates":[[[31.501235524982206,30.274263019809613],[31.501216486088097,30.274265912786102],[31.501217667372675,30.274271778646856],[31.501236708961752,30.274268885670487],[31.501235524982206,30.274263019809613]]]}},{"type":"Feature","properties":{"Electric_Facility_Type":"بيلر","Easting":"031° 29' 55.93\" E","Northing":"30° 16' 26.22\" N","Description":null,"ID":"2_4/4/C","sectors":"القطاع الخامس عشر","Implementing":"شركة الكتروالهانى","SHAPE_Length":5.852499114995191,"SHAPE_Area":1.6517809418815799,"__networkId":"electricity","__networkName":"شبكة الكهرباء","__layerId":"electricity_facilities","__layerName":"منشآت شبكة الكهرباء","__assetName":"منشآت الكهرباء","__geometryKind":"polygon","__featureIndex":666,"__length_m":5.85,"__area_m2":1.65,"__typeValue":"بيلر"},"geometry":{"type":"Polygon","coordinates":[[[31.500550333202636,30.2741244803469],[31.50054758256122,30.274107873441757],[31.500540792195995,30.274108722173715],[31.500543541040745,30.274125329078668],[31.500550333202636,30.2741244803469]]]}},{"type":"Feature","properties":{"Electric_Facility_Type":"بيلر","Easting":"031° 29' 53.25\" E","Northing":"30° 16' 26.89\" N","Description":null,"ID":"4_5/5/C","sectors":"القطاع الخامس عشر","Implementing":"شركة الكتروالهانى","SHAPE_Length":5.852524345415936,"SHAPE_Area":1.6518574061452265,"__networkId":"electricity","__networkName":"شبكة الكهرباء","__layerId":"electricity_facilities","__layerName":"منشآت شبكة الكهرباء","__assetName":"منشآت الكهرباء","__geometryKind":"polygon","__featureIndex":667,"__length_m":5.85,"__area_m2":1.65,"__typeValue":"بيلر"},"geometry":{"type":"Polygon","coordinates":[[[31.499805899326674,30.27431032683104],[31.499802702222567,30.27429377891856],[31.499795935213534,30.274294764966296],[31.49979913231764,30.27431131055121],[31.499805899326674,30.27431032683104]]]}},{"type":"Feature","properties":{"Electric_Facility_Type":"بيلر","Easting":"031° 29' 51.71\" E","Northing":"30° 16' 27.52\" N","Description":null,"ID":"3_5/5/C","sectors":"القطاع الخامس عشر","Implementing":"شركة الكتروالهانى","SHAPE_Length":5.8522942099915545,"SHAPE_Area":1.6516314223204476,"__networkId":"electricity","__networkName":"شبكة الكهرباء","__layerId":"electricity_facilities","__layerName":"منشآت شبكة الكهرباء","__assetName":"منشآت الكهرباء","__geometryKind":"polygon","__featureIndex":668,"__length_m":5.85,"__area_m2":1.65,"__typeValue":"بيلر"},"geometry":{"type":"Polygon","coordinates":[[[31.499378285081736,30.27448547696559],[31.499375089774293,30.27446892908265],[31.49936832276526,30.274469915128627],[31.499371519869367,30.274486460684017],[31.499378285081736,30.27448547696559]]]}},{"type":"Feature","properties":{"Electric_Facility_Type":"بيلر","Easting":"031° 29' 57.79\" E","Northing":"30° 16' 23.5\" N","Description":null,"ID":"3_3/4/C","sectors":"القطاع الخامس عشر","Implementing":"شركة الكتروالهانى","SHAPE_Length":5.851089877009419,"SHAPE_Area":1.6518096161840978,"__networkId":"electricity","__networkName":"شبكة الكهرباء","__layerId":"electricity_facilities","__layerName":"منشآت شبكة الكهرباء","__assetName":"منشآت الكهرباء","__geometryKind":"polygon","__featureIndex":669,"__length_m":5.85,"__area_m2":1.65,"__typeValue":"بيلر"},"geometry":{"type":"Polygon","coordinates":[[[31.50106234057522,30.273368815994683],[31.50106877161434,30.27336674147341],[31.501062042334553,30.273351014211062],[31.501055609498803,30.273353087956835],[31.50106234057522,30.273368815994683]]]}},{"type":"Feature","properties":{"Electric_Facility_Type":"بيلر","Easting":"031° 29' 58.75\" E","Northing":"30° 16' 22.82\" N","Description":null,"ID":"2_3/4/C","sectors":"القطاع الخامس عشر","Implementing":"شركة الكتروالهانى","SHAPE_Length":5.8509718475753925,"SHAPE_Area":1.651633633061367,"__networkId":"electricity","__networkName":"شبكة الكهرباء","__layerId":"electricity_facilities","__layerName":"منشآت شبكة الكهرباء","__assetName":"منشآت الكهرباء","__geometryKind":"polygon","__featureIndex":670,"__length_m":5.85,"__area_m2":1.65,"__typeValue":"بيلر"},"geometry":{"type":"Polygon","coordinates":[[[31.501329671118945,30.27318067675067],[31.50133610215807,30.273178603001192],[31.50132937108162,30.273162874932876],[31.501322940042495,30.273164949458508],[31.501329671118945,30.27318067675067]]]}},{"type":"Feature","properties":{"Electric_Facility_Type":"بيلر","Easting":"031° 30' 2.0\" E","Northing":"30° 16' 22.78\" N","Description":null,"ID":"2_2/4/C","sectors":"القطاع الخامس عشر","Implementing":"شركة الكتروالهانى","SHAPE_Length":5.852649361641367,"SHAPE_Area":1.6519166535509018,"__networkId":"electricity","__networkName":"شبكة الكهرباء","__layerId":"electricity_facilities","__layerName":"منشآت شبكة الكهرباء","__assetName":"منشآت الكهرباء","__geometryKind":"polygon","__featureIndex":671,"__length_m":5.85,"__area_m2":1.65,"__typeValue":"بيلر"},"geometry":{"type":"Polygon","coordinates":[[[31.502229566539626,30.27317070754689],[31.50223633983688,30.273169761054326],[31.502233272988484,30.27315319665743],[31.502226496996315,30.273154140822726],[31.502229566539626,30.27317070754689]]]}},{"type":"Feature","properties":{"Electric_Facility_Type":"بيلر","Easting":"031° 30' 7.96\" E","Northing":"30° 16' 23.06\" N","Description":null,"ID":"4_1/4/C","sectors":"القطاع الخامس عشر","Implementing":"شركة الكتروالهانى","SHAPE_Length":5.8521770697227335,"SHAPE_Area":1.651503586011242,"__networkId":"electricity","__networkName":"شبكة الكهرباء","__layerId":"electricity_facilities","__layerName":"منشآت شبكة الكهرباء","__assetName":"منشآت الكهرباء","__geometryKind":"polygon","__featureIndex":672,"__length_m":5.85,"__area_m2":1.65,"__typeValue":"بيلر"},"geometry":{"type":"Polygon","coordinates":[[[31.503886633048715,30.273248231462194],[31.503893391074577,30.273247209716523],[31.503890078986142,30.27323068102013],[31.503883320061952,30.27323170043849],[31.503886633048715,30.273248231462194]]]}},{"type":"Feature","properties":{"Electric_Facility_Type":"بيلر","Easting":"031° 30' 9.67\" E","Northing":"30° 16' 23.88\" N","Description":null,"ID":"5_1/4/C","sectors":"القطاع الخامس عشر","Implementing":"شركة الكتروالهانى","SHAPE_Length":5.852552504091454,"SHAPE_Area":1.651806102878669,"__networkId":"electricity","__networkName":"شبكة الكهرباء","__layerId":"electricity_facilities","__layerName":"منشآت شبكة الكهرباء","__assetName":"منشآت الكهرباء","__geometryKind":"polygon","__featureIndex":673,"__length_m":5.85,"__area_m2":1.65,"__typeValue":"بيلر"},"geometry":{"type":"Polygon","coordinates":[[[31.504359340924246,30.273475811271894],[31.50436614476423,30.273475047097914],[31.50436366541404,30.273458408274664],[31.50435685977743,30.273459172448767],[31.504359340924246,30.273475811271894]]]}},{"type":"Feature","properties":{"Electric_Facility_Type":"بيلر","Easting":"031° 30' 8.82\" E","Northing":"30° 16' 22.04\" N","Description":null,"ID":"3_9/3/C","sectors":"القطاع الخامس عشر","Implementing":"شركة الكتروالهانى","SHAPE_Length":5.853105207216529,"SHAPE_Area":1.6521510736034617,"__networkId":"electricity","__networkName":"شبكة الكهرباء","__layerId":"electricity_facilities","__layerName":"منشآت شبكة الكهرباء","__assetName":"منشآت الكهرباء","__geometryKind":"polygon","__featureIndex":674,"__length_m":5.85,"__area_m2":1.65,"__typeValue":"بيلر"},"geometry":{"type":"Polygon","coordinates":[[[31.50412350890768,30.272963455717576],[31.504130353171796,30.27296302591596],[31.504128952698284,30.272946290804807],[31.504122107535803,30.272946722933916],[31.50412350890768,30.272963455717576]]]}},{"type":"Feature","properties":{"Electric_Facility_Type":"بيلر","Easting":"031° 30' 9.63\" E","Northing":"30° 16' 20.97\" N","Description":null,"ID":"1_9/3/C","sectors":"القطاع الخامس عشر","Implementing":"شركة الكتروالهانى","SHAPE_Length":5.851031059370259,"SHAPE_Area":1.6518112817941468,"__networkId":"electricity","__networkName":"شبكة الكهرباء","__layerId":"electricity_facilities","__layerName":"منشآت شبكة الكهرباء","__assetName":"منشآت الكهرباء","__geometryKind":"polygon","__featureIndex":675,"__length_m":5.85,"__area_m2":1.65,"__typeValue":"بيلر"},"geometry":{"type":"Polygon","coordinates":[[[31.50435232687851,30.27266598134169],[31.50435875791763,30.272663906805505],[31.504352028637843,30.27264817943054],[31.504345595802093,30.272650253967058],[31.50435232687851,30.27266598134169]]]}},{"type":"Feature","properties":{"Electric_Facility_Type":"بيلر","Easting":"031° 30' 10.95\" E","Northing":"30° 16' 22.02\" N","Description":null,"ID":"2_1/4/C","sectors":"القطاع الخامس عشر","Implementing":"شركة الكتروالهانى","SHAPE_Length":5.851030873800285,"SHAPE_Area":1.651721625276707,"__networkId":"electricity","__networkName":"شبكة الكهرباء","__layerId":"electricity_facilities","__layerName":"منشآت شبكة الكهرباء","__assetName":"منشآت الكهرباء","__geometryKind":"polygon","__featureIndex":676,"__length_m":5.85,"__area_m2":1.65,"__typeValue":"بيلر"},"geometry":{"type":"Polygon","coordinates":[[[31.50471861673226,30.27295825232491],[31.504725046873048,30.272956177794907],[31.504718317593255,30.27294045046677],[31.504711884757512,30.27294252422128],[31.50471861673226,30.27295825232491]]]}},{"type":"Feature","properties":{"Electric_Facility_Type":"بيلر","Easting":"031° 30' 11.44\" E","Northing":"30° 16' 23.75\" N","Description":null,"ID":"1_1/4/C","sectors":"القطاع الخامس عشر","Implementing":"شركة الكتروالهانى","SHAPE_Length":5.8510193394000325,"SHAPE_Area":1.6516864946819219,"__networkId":"electricity","__networkName":"شبكة الكهرباء","__layerId":"electricity_facilities","__layerName":"منشآت شبكة الكهرباء","__assetName":"منشآت الكهرباء","__geometryKind":"polygon","__featureIndex":677,"__length_m":5.85,"__area_m2":1.65,"__typeValue":"بيلر"},"geometry":{"type":"Polygon","coordinates":[[[31.504853422415355,30.273440747704942],[31.504859853454473,30.27343867473678],[31.50485312327635,30.273422947485955],[31.504846690440605,30.27342501967862],[31.504853422415355,30.273440747704942]]]}},{"type":"Feature","properties":{"Electric_Facility_Type":"بيلر","Easting":"031° 30' 6.48\" E","Northing":"30° 16' 25.27\" N","Description":null,"ID":"3_7/4/C","sectors":"القطاع الخامس عشر","Implementing":"شركة الكتروالهانى","SHAPE_Length":5.852705824702596,"SHAPE_Area":1.652036821275987,"__networkId":"electricity","__networkName":"شبكة الكهرباء","__layerId":"electricity_facilities","__layerName":"منشآت شبكة الكهرباء","__assetName":"منشآت الكهرباء","__geometryKind":"polygon","__featureIndex":678,"__length_m":5.85,"__area_m2":1.65,"__typeValue":"بيلر"},"geometry":{"type":"Polygon","coordinates":[[[31.503475033968666,30.273860961961496],[31.503481828825475,30.27386012796776],[31.50347912489648,30.273843515587256],[31.503472330039667,30.273844349581122],[31.503475033968666,30.273860961961496]]]}},{"type":"Feature","properties":{"Electric_Facility_Type":"بيلر","Easting":"031° 30' 4.87\" E","Northing":"30° 16' 24.8\" N","Description":null,"ID":"5_2/4/C","sectors":"القطاع الخامس عشر","Implementing":"شركة الكتروالهانى","SHAPE_Length":5.85252651688417,"SHAPE_Area":1.6517706117667326,"__networkId":"electricity","__networkName":"شبكة الكهرباء","__layerId":"electricity_facilities","__layerName":"منشآت شبكة الكهرباء","__assetName":"منشآت الكهرباء","__geometryKind":"polygon","__featureIndex":679,"__length_m":5.85,"__area_m2":1.65,"__typeValue":"بيلر"},"geometry":{"type":"Polygon","coordinates":[[[31.503026126058263,30.27373083946076],[31.503032918220118,30.27372999770787],[31.503030185545047,30.273713387632746],[31.50302339338316,30.27371423093742],[31.503026126058263,30.27373083946076]]]}},{"type":"Feature","properties":{"Electric_Facility_Type":"بيلر","Easting":"031° 30' 3.44\" E","Northing":"30° 16' 23.65\" N","Description":null,"ID":"4_2/4/C","sectors":"القطاع الخامس عشر","Implementing":"شركة الكتروالهانى","SHAPE_Length":5.852357810788185,"SHAPE_Area":1.6516565195261572,"__networkId":"electricity","__networkName":"شبكة الكهرباء","__layerId":"electricity_facilities","__layerName":"منشآت شبكة الكهرباء","__assetName":"منشآت الكهرباء","__geometryKind":"polygon","__featureIndex":680,"__length_m":5.85,"__area_m2":1.65,"__typeValue":"بيلر"},"geometry":{"type":"Polygon","coordinates":[[[31.502629474046255,30.273410760261278],[31.50263626620811,30.273409918505592],[31.50263353982122,30.27339330992795],[31.502626747659363,30.273394149356314],[31.502629474046255,30.273410760261278]]]}},{"type":"Feature","properties":{"Electric_Facility_Type":"بيلر","Easting":"031° 30' 4.07\" E","Northing":"30° 16' 20.89\" N","Description":null,"ID":"3_8/3/C","sectors":"القطاع الخامس عشر","Implementing":"شركة الكتروالهانى","SHAPE_Length":5.851946576707165,"SHAPE_Area":1.6518971824040112,"__networkId":"electricity","__networkName":"شبكة الكهرباء","__layerId":"electricity_facilities","__layerName":"منشآت شبكة الكهرباء","__assetName":"منشآت الكهرباء","__geometryKind":"polygon","__featureIndex":681,"__length_m":5.85,"__area_m2":1.65,"__typeValue":"بيلر"},"geometry":{"type":"Polygon","coordinates":[[[31.502807103317284,30.272645077711395],[31.50281372390092,30.272643509783776],[31.50280863674146,30.27262732312135],[31.502802017954444,30.27262889104923],[31.502807103317284,30.272645077711395]]]}},{"type":"Feature","properties":{"Electric_Facility_Type":"بيلر","Easting":"031° 30' 5.53\" E","Northing":"30° 16' 23.0\" N","Description":null,"ID":"1_8/3/C","sectors":"القطاع الخامس عشر","Implementing":"شركة الكتروالهانى","SHAPE_Length":5.85244192833442,"SHAPE_Area":1.651804742841837,"__networkId":"electricity","__networkName":"شبكة الكهرباء","__layerId":"electricity_facilities","__layerName":"منشآت شبكة الكهرباء","__assetName":"منشآت الكهرباء","__geometryKind":"polygon","__featureIndex":682,"__length_m":5.85,"__area_m2":1.65,"__typeValue":"بيلر"},"geometry":{"type":"Polygon","coordinates":[[[31.503211279618114,30.27323172759194],[31.50321808076311,30.273230938590036],[31.50321552056458,30.273214309035147],[31.503208719419554,30.27321509881301],[31.503211279618114,30.27323172759194]]]}},{"type":"Feature","properties":{"Electric_Facility_Type":"بيلر","Easting":"031° 29' 59.95\" E","Northing":"30° 16' 24.81\" N","Description":null,"ID":"1_3/4/C","sectors":"القطاع الخامس عشر","Implementing":"شركة الكتروالهانى","SHAPE_Length":5.851185039675194,"SHAPE_Area":1.6519292494362667,"__networkId":"electricity","__networkName":"شبكة الكهرباء","__layerId":"electricity_facilities","__layerName":"منشآت شبكة الكهرباء","__assetName":"منشآت الكهرباء","__geometryKind":"polygon","__featureIndex":683,"__length_m":5.85,"__area_m2":1.65,"__typeValue":"بيلر"},"geometry":{"type":"Polygon","coordinates":[[[31.50166336470425,30.273734266985436],[31.501669783166975,30.2737321606637],[31.501662946089336,30.273716467595513],[31.50165652762664,30.27371857391758],[31.50166336470425,30.273734266985436]]]}},{"type":"Feature","properties":{"Electric_Facility_Type":"بيلر","Easting":"031° 30' 2.32\" E","Northing":"30° 16' 25.13\" N","Description":null,"ID":"1_2/4/C","sectors":"القطاع الخامس عشر","Implementing":"شركة الكتروالهانى","SHAPE_Length":5.852413971319491,"SHAPE_Area":1.6516781894896007,"__networkId":"electricity","__networkName":"شبكة الكهرباء","__layerId":"electricity_facilities","__layerName":"منشآت شبكة الكهرباء","__assetName":"منشآت الكهرباء","__geometryKind":"polygon","__featureIndex":684,"__length_m":5.85,"__area_m2":1.65,"__typeValue":"بيلر"},"geometry":{"type":"Polygon","coordinates":[[[31.502318655161307,30.27382321035603],[31.50232544732316,30.27382237093134],[31.50232271913964,30.27380576009603],[31.50231592697779,30.27380660184832],[31.502318655161307,30.27382321035603]]]}},{"type":"Feature","properties":{"Electric_Facility_Type":"بيلر","Easting":"031° 30' 8.86\" E","Northing":"30° 16' 19.44\" N","Description":null,"ID":"2_9/3/C","sectors":"القطاع الخامس عشر","Implementing":"شركة الكتروالهانى","SHAPE_Length":5.850972052020682,"SHAPE_Area":1.6517232889966285,"__networkId":"electricity","__networkName":"شبكة الكهرباء","__layerId":"electricity_facilities","__layerName":"منشآت شبكة الكهرباء","__assetName":"منشآت الكهرباء","__geometryKind":"polygon","__featureIndex":685,"__length_m":5.85,"__area_m2":1.65,"__typeValue":"بيلر"},"geometry":{"type":"Polygon","coordinates":[[[31.504136503936554,30.272243090042128],[31.504142934077375,30.272241015497062],[31.504136204797557,30.272225288054347],[31.504129771961807,30.27222736259973],[31.504136503936554,30.272243090042128]]]}},{"type":"Feature","properties":{"Electric_Facility_Type":"بيلر","Easting":"031° 30' 6.85\" E","Northing":"30° 16' 33.56\" N","Description":null,"ID":"2_2/5/C","sectors":"القطاع الخامس عشر","Implementing":"شركة الكتروالهانى","SHAPE_Length":5.852600644545486,"SHAPE_Area":1.6516102635347998,"__networkId":"electricity","__networkName":"شبكة الكهرباء","__layerId":"electricity_facilities","__layerName":"منشآت شبكة الكهرباء","__assetName":"منشآت الكهرباء","__geometryKind":"polygon","__featureIndex":686,"__length_m":5.85,"__area_m2":1.65,"__typeValue":"بيلر"},"geometry":{"type":"Polygon","coordinates":[[[31.503580319214908,30.27616482432352],[31.50358204308194,30.276148113807768],[31.50357520959759,30.276147582391616],[31.503573486628856,30.276164293683262],[31.503580319214908,30.27616482432352]]]}},{"type":"Feature","properties":{"Electric_Facility_Type":"بيلر","Easting":"031° 30' 9.45\" E","Northing":"30° 16' 33.84\" N","Description":null,"ID":"1_9/5/C","sectors":"القطاع الخامس عشر","Implementing":"شركة الكتروالهانى","SHAPE_Length":5.839166177607554,"SHAPE_Area":1.651788185531236,"__networkId":"electricity","__networkName":"شبكة الكهرباء","__layerId":"electricity_facilities","__layerName":"منشآت شبكة الكهرباء","__assetName":"منشآت الكهرباء","__geometryKind":"polygon","__featureIndex":687,"__length_m":5.84,"__area_m2":1.65,"__typeValue":"بيلر"},"geometry":{"type":"Polygon","coordinates":[[[31.504289911034245,30.276235699686914],[31.50430907209927,30.276237915341284],[31.50430997760108,30.27623201236015],[31.504290816536052,30.27622979670571],[31.504289911034245,30.276235699686914]]]}},{"type":"Feature","properties":{"Electric_Facility_Type":"بيلر","Easting":"031° 30' 10.69\" E","Northing":"30° 16' 33.86\" N","Description":null,"ID":"2_9/5/C","sectors":"القطاع الخامس عشر","Implementing":"شركة الكتروالهانى","SHAPE_Length":5.839218751295106,"SHAPE_Area":1.6518452971124769,"__networkId":"electricity","__networkName":"شبكة الكهرباء","__layerId":"electricity_facilities","__layerName":"منشآت شبكة الكهرباء","__assetName":"منشآت الكهرباء","__geometryKind":"polygon","__featureIndex":688,"__length_m":5.84,"__area_m2":1.65,"__typeValue":"بيلر"},"geometry":{"type":"Polygon","coordinates":[[[31.50463507880071,30.27624021943551],[31.50465423986573,30.276242435089713],[31.504655147164165,30.27623653210891],[31.504635986099142,30.276234316454566],[31.50463507880071,30.27624021943551]]]}},{"type":"Feature","properties":{"Electric_Facility_Type":"بيلر","Easting":"031° 30' 11.11\" E","Northing":"30° 16' 31.3\" N","Description":null,"ID":"1_2/5/C","sectors":"القطاع الخامس عشر","Implementing":"شركة الكتروالهانى","SHAPE_Length":5.85254822127437,"SHAPE_Area":1.6517293063181813,"__networkId":"electricity","__networkName":"شبكة الكهرباء","__layerId":"electricity_facilities","__layerName":"منشآت شبكة الكهرباء","__assetName":"منشآت الكهرباء","__geometryKind":"polygon","__featureIndex":689,"__length_m":5.85,"__area_m2":1.65,"__typeValue":"بيلر"},"geometry":{"type":"Polygon","coordinates":[[[31.504764332895377,30.27553556360679],[31.50476688590739,30.27551893289075],[31.504760084762403,30.27551814545884],[31.504757532648682,30.27553477617497],[31.504764332895377,30.27553556360679]]]}},{"type":"Feature","properties":{"Electric_Facility_Type":"بيلر","Easting":"031° 30' 11.55\" E","Northing":"30° 16' 28.26\" N","Description":null,"ID":"4_8/4/C","sectors":"القطاع الخامس عشر","Implementing":"شركة الكتروالهانى","SHAPE_Length":5.85269325242636,"SHAPE_Area":1.6518083746994137,"__networkId":"electricity","__networkName":"شبكة الكهرباء","__layerId":"electricity_facilities","__layerName":"منشآت شبكة الكهرباء","__assetName":"منشآت الكهرباء","__geometryKind":"polygon","__featureIndex":690,"__length_m":5.85,"__area_m2":1.65,"__typeValue":"بيلر"},"geometry":{"type":"Polygon","coordinates":[[[31.50488602497198,30.274692673602498],[31.50488857798399,30.274676041967876],[31.504881776838968,30.27467525685659],[31.504879223826954,30.274691887715534],[31.50488602497198,30.274692673602498]]]}},{"type":"Feature","properties":{"Electric_Facility_Type":"بيلر","Easting":"031° 30' 8.66\" E","Northing":"30° 16' 25.89\" N","Description":null,"ID":"1_8/4/C","sectors":"القطاع الخامس عشر","Implementing":"شركة الكتروالهانى","SHAPE_Length":5.852625534230251,"SHAPE_Area":1.6518650621948117,"__networkId":"electricity","__networkName":"شبكة الكهرباء","__layerId":"electricity_facilities","__layerName":"منشآت شبكة الكهرباء","__assetName":"منشآت الكهرباء","__geometryKind":"polygon","__featureIndex":691,"__length_m":5.85,"__area_m2":1.65,"__typeValue":"بيلر"},"geometry":{"type":"Polygon","coordinates":[[[31.504086297095345,30.27403381573423],[31.504083415299892,30.274017225105673],[31.50407663122288,30.27401811185296],[31.50407951122167,30.274034702481305],[31.504086297095345,30.27403381573423]]]}},{"type":"Feature","properties":{"Electric_Facility_Type":"بيلر","Easting":"031° 30' 7.8\" E","Northing":"30° 16' 26.74\" N","Description":null,"ID":"2_8/4/C","sectors":"القطاع الخامس عشر","Implementing":"شركة الكتروالهانى","SHAPE_Length":5.838710135801406,"SHAPE_Area":1.6515629592828935,"__networkId":"electricity","__networkName":"شبكة الكهرباء","__layerId":"electricity_facilities","__layerName":"منشآت شبكة الكهرباء","__assetName":"منشآت الكهرباء","__geometryKind":"polygon","__featureIndex":692,"__length_m":5.84,"__area_m2":1.65,"__typeValue":"بيلر"},"geometry":{"type":"Polygon","coordinates":[[[31.503832620943932,30.274263834404753],[31.503851779313997,30.2742660508794],[31.50385268661243,30.27426014777972],[31.50383352644574,30.274257932080772],[31.503832620943932,30.274263834404753]]]}},{"type":"Feature","properties":{"Electric_Facility_Type":"بيلر","Easting":"031° 30' 0.61\" E","Northing":"30° 16' 26.08\" N","Description":null,"ID":"3_6/4/C","sectors":"القطاع الخامس عشر","Implementing":"شركة الكتروالهانى","SHAPE_Length":5.851521322106131,"SHAPE_Area":1.6519196817433413,"__networkId":"electricity","__networkName":"شبكة الكهرباء","__layerId":"electricity_facilities","__layerName":"منشآت شبكة الكهرباء","__assetName":"منشآت الكهرباء","__geometryKind":"polygon","__featureIndex":693,"__length_m":5.85,"__area_m2":1.65,"__typeValue":"بيلر"},"geometry":{"type":"Polygon","coordinates":[[[31.501844630355563,30.2740865760089],[31.501851108107065,30.274084611667327],[31.50184473186517,30.274068772803822],[31.501838254113665,30.274070736369964],[31.501844630355563,30.2740865760089]]]}},{"type":"Feature","properties":{"Electric_Facility_Type":"بيلر","Easting":"031° 30' 7.75\" E","Northing":"30° 16' 29.32\" N","Description":null,"ID":"5_2/5/C","sectors":"القطاع الخامس عشر","Implementing":"شركة الكتروالهانى","SHAPE_Length":5.8526073746837755,"SHAPE_Area":1.6517847296763701,"__networkId":"electricity","__networkName":"شبكة الكهرباء","__layerId":"electricity_facilities","__layerName":"منشآت شبكة الكهرباء","__assetName":"منشآت الكهرباء","__geometryKind":"polygon","__featureIndex":694,"__length_m":5.85,"__area_m2":1.65,"__typeValue":"بيلر"},"geometry":{"type":"Polygon","coordinates":[[[31.50383062848064,30.274987183713773],[31.503833181492688,30.27497055290487],[31.503826380347665,30.274969767020128],[31.503823827335612,30.27498639782917],[31.50383062848064,30.274987183713773]]]}},{"type":"Feature","properties":{"Electric_Facility_Type":"بيلر","Easting":"031° 30' 11.27\" E","Northing":"30° 16' 25.55\" N","Description":null,"ID":"5_8/4/C","sectors":"القطاع الخامس عشر","Implementing":"شركة الكتروالهانى","SHAPE_Length":5.8527392482831,"SHAPE_Area":1.6519777041016848,"__networkId":"electricity","__networkName":"شبكة الكهرباء","__layerId":"electricity_facilities","__layerName":"منشآت شبكة الكهرباء","__assetName":"منشآت الكهرباء","__geometryKind":"polygon","__featureIndex":695,"__length_m":5.85,"__area_m2":1.65,"__typeValue":"بيلر"},"geometry":{"type":"Polygon","coordinates":[[[31.504812544578364,30.273938036139057],[31.504809664579536,30.273921445494373],[31.50480287780757,30.273922332242464],[31.50480576050132,30.27393892288706],[31.504812544578364,30.273938036139057]]]}},{"type":"Feature","properties":{"Electric_Facility_Type":"بيلر","Easting":"031° 30' 7.36\" E","Northing":"30° 16' 31.91\" N","Description":null,"ID":"3_2/5/C","sectors":"القطاع الخامس عشر","Implementing":"شركة الكتروالهانى","SHAPE_Length":5.852805639171977,"SHAPE_Area":1.6518604367762406,"__networkId":"electricity","__networkName":"شبكة الكهرباء","__layerId":"electricity_facilities","__layerName":"منشآت شبكة الكهرباء","__assetName":"منشآت الكهرباء","__geometryKind":"polygon","__featureIndex":696,"__length_m":5.85,"__area_m2":1.65,"__typeValue":"بيلر"},"geometry":{"type":"Polygon","coordinates":[[[31.503722461438965,30.27570540745465],[31.503725014450985,30.275688775991654],[31.503718213305994,30.275687990112658],[31.503715660293942,30.275704621575798],[31.503722461438965,30.27570540745465]]]}},{"type":"Feature","properties":{"Electric_Facility_Type":"بيلر","Easting":"031° 30' 14.01\" E","Northing":"30° 16' 27.62\" N","Description":null,"ID":"3_8/4/C","sectors":"القطاع الخامس عشر","Implementing":"شركة الكتروالهانى","SHAPE_Length":5.852468598862903,"SHAPE_Area":1.6516440581138483,"__networkId":"electricity","__networkName":"شبكة الكهرباء","__layerId":"electricity_facilities","__layerName":"منشآت شبكة الكهرباء","__assetName":"منشآت الكهرباء","__geometryKind":"polygon","__featureIndex":697,"__length_m":5.85,"__area_m2":1.65,"__typeValue":"بيلر"},"geometry":{"type":"Polygon","coordinates":[[[31.50557014865467,30.274514053671158],[31.50557270076839,30.27449742278209],[31.5055659005217,30.27449663766938],[31.505563347509682,30.274513268558582],[31.50557014865467,30.274514053671158]]]}},{"type":"Feature","properties":{"Electric_Facility_Type":"بيلر","Easting":"031° 30' 13.75\" E","Northing":"30° 16' 23.67\" N","Description":null,"ID":"5_10/3/C","sectors":"القطاع الخامس عشر","Implementing":"شركة الكتروالهانى","SHAPE_Length":5.852306803105909,"SHAPE_Area":1.6518855440426385,"__networkId":"electricity","__networkName":"شبكة الكهرباء","__layerId":"electricity_facilities","__layerName":"منشآت شبكة الكهرباء","__assetName":"منشآت الكهرباء","__geometryKind":"polygon","__featureIndex":698,"__length_m":5.85,"__area_m2":1.65,"__typeValue":"بيلر"},"geometry":{"type":"Polygon","coordinates":[[[31.50549309835613,30.273416535403147],[31.505499850992113,30.273415479523518],[31.5054964284109,30.27339896869908],[31.505489673978257,30.273400023027243],[31.50549309835613,30.273416535403147]]]}},{"type":"Feature","properties":{"Electric_Facility_Type":"بيلر","Easting":"031° 30' 14.83\" E","Northing":"30° 16' 22.02\" N","Description":null,"ID":"3_9/4/C","sectors":"القطاع الخامس عشر","Implementing":"شركة الكتروالهانى","SHAPE_Length":5.852224423965897,"SHAPE_Area":1.6516260098058337,"__networkId":"electricity","__networkName":"شبكة الكهرباء","__layerId":"electricity_facilities","__layerName":"منشآت شبكة الكهرباء","__assetName":"منشآت الكهرباء","__geometryKind":"polygon","__featureIndex":699,"__length_m":5.85,"__area_m2":1.65,"__typeValue":"بيلر"},"geometry":{"type":"Polygon","coordinates":[[[31.50579409416345,30.272960127470277],[31.5058008863253,30.27295929346895],[31.505798182396305,30.27294268248757],[31.505791387539492,30.27294351493745],[31.50579409416345,30.272960127470277]]]}},{"type":"Feature","properties":{"Electric_Facility_Type":"بيلر","Easting":"031° 30' 16.29\" E","Northing":"30° 16' 23.34\" N","Description":null,"ID":"4_9/4/C","sectors":"القطاع الخامس عشر","Implementing":"شركة الكتروالهانى","SHAPE_Length":5.852615602221384,"SHAPE_Area":1.6520218583130533,"__networkId":"electricity","__networkName":"شبكة الكهرباء","__layerId":"electricity_facilities","__layerName":"منشآت شبكة الكهرباء","__assetName":"منشآت الكهرباء","__geometryKind":"polygon","__featureIndex":700,"__length_m":5.85,"__area_m2":1.65,"__typeValue":"بيلر"},"geometry":{"type":"Polygon","coordinates":[[[31.50620056835479,30.2733259329773],[31.506207329075608,30.273324916663157],[31.506204026868616,30.27330838565237],[31.506197264351165,30.273309401966685],[31.50620056835479,30.2733259329773]]]}},{"type":"Feature","properties":{"Electric_Facility_Type":"بيلر","Easting":"031° 30' 14.31\" E","Northing":"30° 16' 20.11\" N","Description":null,"ID":"3_10/3/C","sectors":"القطاع الخامس عشر","Implementing":"شركة الكتروالهانى","SHAPE_Length":5.851357099889531,"SHAPE_Area":1.6520674817335945,"__networkId":"electricity","__networkName":"شبكة الكهرباء","__layerId":"electricity_facilities","__layerName":"منشآت شبكة الكهرباء","__assetName":"منشآت الكهرباء","__geometryKind":"polygon","__featureIndex":701,"__length_m":5.85,"__area_m2":1.65,"__typeValue":"بيلر"},"geometry":{"type":"Polygon","coordinates":[[[31.505651707597647,30.27242798505486],[31.505658140433397,30.27242591051365],[31.505651408458647,30.27241018310055],[31.5056449756229,30.272412257642042],[31.505651707597647,30.27242798505486]]]}},{"type":"Feature","properties":{"Electric_Facility_Type":"بيلر","Easting":"031° 30' 13.13\" E","Northing":"30° 16' 18.03\" N","Description":null,"ID":"1_10/3/C","sectors":"القطاع الخامس عشر","Implementing":"شركة الكتروالهانى","SHAPE_Length":5.839887782600835,"SHAPE_Area":1.6518069865476808,"__networkId":"electricity","__networkName":"شبكة الكهرباء","__layerId":"electricity_facilities","__layerName":"منشآت شبكة الكهرباء","__assetName":"منشآت الكهرباء","__geometryKind":"polygon","__featureIndex":702,"__length_m":5.84,"__area_m2":1.65,"__typeValue":"بيلر"},"geometry":{"type":"Polygon","coordinates":[[[31.505333857598988,30.27184235523419],[31.505332011561084,30.271836620342544],[31.505313394875134,30.27184113331129],[31.505315240014706,30.271846870530077],[31.505333857598988,30.27184235523419]]]}},{"type":"Feature","properties":{"Electric_Facility_Type":"بيلر","Easting":"031° 30' 12.39\" E","Northing":"30° 16' 19.44\" N","Description":null,"ID":"2_10/3/C","sectors":"القطاع الخامس عشر","Implementing":"شركة الكتروالهانى","SHAPE_Length":5.850961095200589,"SHAPE_Area":1.6517363572479034,"__networkId":"electricity","__networkName":"شبكة الكهرباء","__layerId":"electricity_facilities","__layerName":"منشآت شبكة الكهرباء","__assetName":"منشآت الكهرباء","__geometryKind":"polygon","__featureIndex":703,"__length_m":5.85,"__area_m2":1.65,"__typeValue":"بيلر"},"geometry":{"type":"Polygon","coordinates":[[[31.505117113883873,30.27224323201738],[31.505123546719616,30.272241158248097],[31.505116815643174,30.272225430805396],[31.50511038460408,30.272227504575014],[31.505117113883873,30.27224323201738]]]}},{"type":"Feature","properties":{"Electric_Facility_Type":"بيلر","Easting":"031° 30' 19.8\" E","Northing":"30° 16' 21.8\" N","Description":null,"ID":"2_10/4/C","sectors":"القطاع الخامس عشر","Implementing":"شركة الكتروالهانى","SHAPE_Length":5.849419461605969,"SHAPE_Area":1.6518119026238978,"__networkId":"electricity","__networkName":"شبكة الكهرباء","__layerId":"electricity_facilities","__layerName":"منشآت شبكة الكهرباء","__assetName":"منشآت الكهرباء","__geometryKind":"polygon","__featureIndex":704,"__length_m":5.85,"__area_m2":1.65,"__typeValue":"بيلر"},"geometry":{"type":"Polygon","coordinates":[[[31.507175457830357,30.27287998184568],[31.50716949301686,30.27288292529101],[31.507179046599894,30.272897510627658],[31.50718501141339,30.272894567182767],[31.507175457830357,30.27287998184568]]]}},{"type":"Feature","properties":{"Electric_Facility_Type":"بيلر","Easting":"031° 30' 18.16\" E","Northing":"30° 16' 23.62\" N","Description":null,"ID":"1_10/4/C","sectors":"القطاع الخامس عشر","Implementing":"شركة الكتروالهانى","SHAPE_Length":5.852606231705067,"SHAPE_Area":1.652014430142827,"__networkId":"electricity","__networkName":"شبكة الكهرباء","__layerId":"electricity_facilities","__layerName":"منشآت شبكة الكهرباء","__assetName":"منشآت الكهرباء","__geometryKind":"polygon","__featureIndex":705,"__length_m":5.85,"__area_m2":1.65,"__typeValue":"بيلر"},"geometry":{"type":"Polygon","coordinates":[[[31.506720261712942,30.273402255037652],[31.5067270305186,30.273401270532542],[31.506723837906087,30.27338472324257],[31.506717070897054,30.27338570774785],[31.506720261712942,30.273402255037652]]]}},{"type":"Feature","properties":{"Electric_Facility_Type":"بيلر","Easting":"031° 30' 14.23\" E","Northing":"30° 16' 28.83\" N","Description":null,"ID":"1_10/5/C","sectors":"القطاع الخامس عشر","Implementing":"شركة الكتروالهانى","SHAPE_Length":5.8393248619210585,"SHAPE_Area":1.652069764979229,"__networkId":"electricity","__networkName":"شبكة الكهرباء","__layerId":"electricity_facilities","__layerName":"منشآت شبكة الكهرباء","__assetName":"منشآت الكهرباء","__geometryKind":"polygon","__featureIndex":706,"__length_m":5.84,"__area_m2":1.65,"__typeValue":"بيلر"},"geometry":{"type":"Polygon","coordinates":[[[31.50563781155851,30.274844361303906],[31.505638639805206,30.27483844737779],[31.50561945089244,30.27483642564198],[31.50561862264575,30.274842337240834],[31.50563781155851,30.274844361303906]]]}},{"type":"Feature","properties":{"Electric_Facility_Type":"بيلر","Easting":"031° 30' 13.27\" E","Northing":"30° 16' 21.56\" N","Description":null,"ID":"4_10/3/C","sectors":"القطاع الخامس عشر","Implementing":"شركة الكتروالهانى","SHAPE_Length":5.839776025238633,"SHAPE_Area":1.6516546612195586,"__networkId":"electricity","__networkName":"شبكة الكهرباء","__layerId":"electricity_facilities","__layerName":"منشآت شبكة الكهرباء","__assetName":"منشآت الكهرباء","__geometryKind":"polygon","__featureIndex":707,"__length_m":5.84,"__area_m2":1.65,"__typeValue":"بيلر"},"geometry":{"type":"Polygon","coordinates":[[[31.505372671107477,30.27282353114012],[31.505370604982318,30.272817852940424],[31.505352174247633,30.272822901177307],[31.50535423767783,30.27282858170414],[31.505372671107477,30.27282353114012]]]}},{"type":"Feature","properties":{"Electric_Facility_Type":"بيلر","Easting":"031° 30' 16.43\" E","Northing":"30° 16' 34.7\" N","Description":null,"ID":"5_9/5/C","sectors":"القطاع الخامس عشر","Implementing":"شركة الكتروالهانى","SHAPE_Length":5.852875560585783,"SHAPE_Area":1.6519433721142758,"__networkId":"electricity","__networkName":"شبكة الكهرباء","__layerId":"electricity_facilities","__layerName":"منشآت شبكة الكهرباء","__assetName":"منشآت الكهرباء","__geometryKind":"polygon","__featureIndex":708,"__length_m":5.85,"__area_m2":1.65,"__typeValue":"بيلر"},"geometry":{"type":"Polygon","coordinates":[[[31.50624447261596,30.276465493649336],[31.506237691233874,30.276464579771652],[31.506234726793455,30.276481159901227],[31.506241505480585,30.276482073778805],[31.50624447261596,30.276465493649336]]]}},{"type":"Feature","properties":{"Electric_Facility_Type":"بيلر","Easting":"031° 30' 18.06\" E","Northing":"30° 16' 27.01\" N","Description":null,"ID":"4_10/5/C","sectors":"القطاع الخامس عشر","Implementing":"شركة الكتروالهانى","SHAPE_Length":5.8524339381507415,"SHAPE_Area":1.6516372658836924,"__networkId":"electricity","__networkName":"شبكة الكهرباء","__layerId":"electricity_facilities","__layerName":"منشآت شبكة الكهرباء","__assetName":"منشآت الكهرباء","__geometryKind":"polygon","__featureIndex":709,"__length_m":5.85,"__area_m2":1.65,"__typeValue":"بيلر"},"geometry":{"type":"Polygon","coordinates":[[[31.506696724055857,30.27432922697975],[31.506689903147933,30.274328574528244],[31.506687787615434,30.274345251218463],[31.506694605828436,30.274345902894044],[31.506696724055857,30.27432922697975]]]}},{"type":"Feature","properties":{"Electric_Facility_Type":"بيلر","Easting":"031° 30' 18.74\" E","Northing":"30° 16' 29.22\" N","Description":null,"ID":"2_10/5/C","sectors":"القطاع الخامس عشر","Implementing":"شركة الكتروالهانى","SHAPE_Length":5.838731448782553,"SHAPE_Area":1.6515808338805718,"__networkId":"electricity","__networkName":"شبكة الكهرباء","__layerId":"electricity_facilities","__layerName":"منشآت شبكة الكهرباء","__assetName":"منشآت الكهرباء","__geometryKind":"polygon","__featureIndex":710,"__length_m":5.84,"__area_m2":1.65,"__typeValue":"بيلر"},"geometry":{"type":"Polygon","coordinates":[[[31.506891629726432,30.27495310362467],[31.506892505583835,30.274947197463117],[31.506873334637348,30.274945057807987],[31.50687245877994,30.27495096396972],[31.506891629726432,30.27495310362467]]]}},{"type":"Feature","properties":{"Electric_Facility_Type":"بيلر","Easting":"031° 30' 13.9\" E","Northing":"30° 16' 34.41\" N","Description":null,"ID":"4_9/5/C","sectors":"القطاع الخامس عشر","Implementing":"شركة الكتروالهانى","SHAPE_Length":5.8525136357149865,"SHAPE_Area":1.6516242924385658,"__networkId":"electricity","__networkName":"شبكة الكهرباء","__layerId":"electricity_facilities","__layerName":"منشآت شبكة الكهرباء","__assetName":"منشآت الكهرباء","__geometryKind":"polygon","__featureIndex":711,"__length_m":5.85,"__area_m2":1.65,"__typeValue":"بيلر"},"geometry":{"type":"Polygon","coordinates":[[[31.50554234040676,30.27638384973699],[31.505535523990382,30.276383168594954],[31.505533314134787,30.27639983640237],[31.50554012875454,30.276400516768497],[31.50554234040676,30.27638384973699]]]}},{"type":"Feature","properties":{"Electric_Facility_Type":"بيلر","Easting":"031° 30' 18.07\" E","Northing":"30° 16' 32.89\" N","Description":null,"ID":"4_1/1/C","sectors":"القطاع الخامس عشر","Implementing":"شركة الكتروالهانى","SHAPE_Length":5.838957447034147,"SHAPE_Area":1.6517645346002543,"__networkId":"electricity","__networkName":"شبكة الكهرباء","__layerId":"electricity_facilities","__layerName":"منشآت شبكة الكهرباء","__assetName":"منشآت الكهرباء","__geometryKind":"polygon","__featureIndex":712,"__length_m":5.84,"__area_m2":1.65,"__typeValue":"بيلر"},"geometry":{"type":"Polygon","coordinates":[[[31.506704081258054,30.27597481069644],[31.506704869978872,30.275968896062636],[31.506685668489677,30.2759669674451],[31.506684879768866,30.27597288440638],[31.506704081258054,30.27597481069644]]]}},{"type":"Feature","properties":{"Electric_Facility_Type":"بيلر","Easting":"031° 30' 18.38\" E","Northing":"30° 16' 31.49\" N","Description":null,"ID":"5_10/5/C","sectors":"القطاع الخامس عشر","Implementing":"شركة الكتروالهانى","SHAPE_Length":5.8390119890422945,"SHAPE_Area":1.6517242332056208,"__networkId":"electricity","__networkName":"شبكة الكهرباء","__layerId":"electricity_facilities","__layerName":"منشآت شبكة الكهرباء","__assetName":"منشآت الكهرباء","__geometryKind":"polygon","__featureIndex":713,"__length_m":5.84,"__area_m2":1.65,"__typeValue":"بيلر"},"geometry":{"type":"Polygon","coordinates":[[[31.506792351514477,30.275584399105842],[31.50679324174493,30.275578494533846],[31.506774077086657,30.27557631532698],[31.50677318416128,30.275582219899103],[31.506792351514477,30.275584399105842]]]}},{"type":"Feature","properties":{"Electric_Facility_Type":"بيلر","Easting":"031° 30' 12.56\" E","Northing":"30° 16' 32.27\" N","Description":null,"ID":"3_9/5/C","sectors":"القطاع الخامس عشر","Implementing":"شركة الكتروالهانى","SHAPE_Length":5.852696354408662,"SHAPE_Area":1.6519738414217866,"__networkId":"electricity","__networkName":"شبكة الكهرباء","__layerId":"electricity_facilities","__layerName":"منشآت شبكة الكهرباء","__assetName":"منشآت الكهرباء","__geometryKind":"polygon","__featureIndex":714,"__length_m":5.85,"__area_m2":1.65,"__typeValue":"بيلر"},"geometry":{"type":"Polygon","coordinates":[[[31.505170238453122,30.275790594201638],[31.505163445392938,30.275789752466416],[31.505160713616164,30.27580636063854],[31.505167506676347,30.27580720392523],[31.505170238453122,30.275790594201638]]]}},{"type":"Feature","properties":{"Electric_Facility_Type":"بيلر","Easting":"031° 30' 15.38\" E","Northing":"30° 16' 30.14\" N","Description":null,"ID":"2_1/5/C","sectors":"القطاع الخامس عشر","Implementing":"شركة الكتروالهانى","SHAPE_Length":5.839436232104983,"SHAPE_Area":1.6520437871539455,"__networkId":"electricity","__networkName":"شبكة الكهرباء","__layerId":"electricity_facilities","__layerName":"منشآت شبكة الكهرباء","__assetName":"منشآت الكهرباء","__geometryKind":"polygon","__featureIndex":715,"__length_m":5.84,"__area_m2":1.65,"__typeValue":"بيلر"},"geometry":{"type":"Polygon","coordinates":[[[31.50595794058304,30.27520854069931],[31.505958768829736,30.275202627570902],[31.505939579018634,30.275200605066843],[31.50593875077195,30.27520651664375],[31.50595794058304,30.27520854069931]]]}},{"type":"Feature","properties":{"Electric_Facility_Type":"بيلر","Easting":"031° 30' 13.51\" E","Northing":"30° 16' 30.82\" N","Description":null,"ID":"3_1/5/C","sectors":"القطاع الخامس عشر","Implementing":"شركة الكتروالهانى","SHAPE_Length":5.85283894989401,"SHAPE_Area":1.65200250132069,"__networkId":"electricity","__networkName":"شبكة الكهرباء","__layerId":"electricity_facilities","__layerName":"منشآت شبكة الكهرباء","__assetName":"منشآت الكهرباء","__geometryKind":"polygon","__featureIndex":716,"__length_m":5.85,"__area_m2":1.65,"__typeValue":"بيلر"},"geometry":{"type":"Polygon","coordinates":[[[31.505432494413814,30.27540425635838],[31.505435046527534,30.275387624844345],[31.50542824358588,30.275386839738754],[31.505425693268787,30.27540347047718],[31.505432494413814,30.27540425635838]]]}},{"type":"Feature","properties":{"Electric_Facility_Type":"بيلر","Easting":"031° 30' 15.6\" E","Northing":"30° 16' 32.26\" N","Description":null,"ID":"4_1/5/C","sectors":"القطاع الخامس عشر","Implementing":"شركة الكتروالهانى","SHAPE_Length":5.852495126581906,"SHAPE_Area":1.6516724792351913,"__networkId":"electricity","__networkName":"شبكة الكهرباء","__layerId":"electricity_facilities","__layerName":"منشآت شبكة الكهرباء","__assetName":"منشآت الكهرباء","__geometryKind":"polygon","__featureIndex":717,"__length_m":5.85,"__area_m2":1.65,"__typeValue":"بيلر"},"geometry":{"type":"Polygon","coordinates":[[[31.506010951964594,30.275804001452826],[31.50601350407831,30.27578737078228],[31.50600670383162,30.275786584904072],[31.5060041508196,30.275803215574765],[31.506010951964594,30.275804001452826]]]}},{"type":"Feature","properties":{"Electric_Facility_Type":"بيلر","Easting":"031° 30' 15.25\" E","Northing":"30° 16' 32.23\" N","Description":null,"ID":"5_1/5/C","sectors":"القطاع الخامس عشر","Implementing":"شركة الكتروالهانى","SHAPE_Length":5.852693263995462,"SHAPE_Area":1.6518083765357956,"__networkId":"electricity","__networkName":"شبكة الكهرباء","__layerId":"electricity_facilities","__layerName":"منشآت شبكة الكهرباء","__assetName":"منشآت الكهرباء","__geometryKind":"polygon","__featureIndex":718,"__length_m":5.85,"__area_m2":1.65,"__typeValue":"بيلر"},"geometry":{"type":"Polygon","coordinates":[[[31.50591525084411,30.275793993725888],[31.505917803856164,30.275777362277836],[31.505911002711137,30.275776577175357],[31.505908449699117,30.275793207847748],[31.50591525084411,30.275793993725888]]]}},{"type":"Feature","properties":{"Electric_Facility_Type":"بيلر","Easting":"031° 30' 11.18\" E","Northing":"30° 16' 30.84\" N","Description":null,"ID":"1_1/5/C","sectors":"القطاع الخامس عشر","Implementing":"شركة الكتروالهانى","SHAPE_Length":5.852832122698975,"SHAPE_Area":1.6521661599089617,"__networkId":"electricity","__networkName":"شبكة الكهرباء","__layerId":"electricity_facilities","__layerName":"منشآت شبكة الكهرباء","__assetName":"منشآت الكهرباء","__geometryKind":"polygon","__featureIndex":719,"__length_m":5.85,"__area_m2":1.65,"__typeValue":"بيلر"},"geometry":{"type":"Polygon","coordinates":[[[31.504783909880356,30.275407996470395],[31.504786462892405,30.275391365732805],[31.504779659950756,30.27539057985143],[31.504777106938704,30.275407209037606],[31.504783909880356,30.275407996470395]]]}},{"type":"Feature","properties":{"Electric_Facility_Type":"بيلر","Easting":"031° 30' 37.09\" E","Northing":"30° 16' 25.34\" N","Description":null,"ID":"2_6/3/B","sectors":"القطاع الرابع عشر","Implementing":"شركة الكتروالهانى","SHAPE_Length":5.852465058949579,"SHAPE_Area":1.6517425643514567,"__networkId":"electricity","__networkName":"شبكة الكهرباء","__layerId":"electricity_facilities","__layerName":"منشآت شبكة الكهرباء","__assetName":"منشآت الكهرباء","__geometryKind":"polygon","__featureIndex":720,"__length_m":5.85,"__area_m2":1.65,"__typeValue":"بيلر"},"geometry":{"type":"Polygon","coordinates":[[[31.511974389232126,30.273880084853634],[31.511981218224925,30.27388067136443],[31.511983122653344,30.27386397675174],[31.511976295457163,30.27386338946502],[31.511974389232126,30.273880084853634]]]}},{"type":"Feature","properties":{"Electric_Facility_Type":"بيلر","Easting":"031° 30' 20.42\" E","Northing":"30° 16' 34.78\" N","Description":null,"ID":"1_2/1/C","sectors":"القطاع الرابع عشر","Implementing":"شركة الكتروالهانى","SHAPE_Length":5.839442854039641,"SHAPE_Area":1.651999713018267,"__networkId":"electricity","__networkName":"شبكة الكهرباء","__layerId":"electricity_facilities","__layerName":"منشآت شبكة الكهرباء","__assetName":"منشآت الكهرباء","__geometryKind":"polygon","__featureIndex":721,"__length_m":5.84,"__area_m2":1.65,"__typeValue":"بيلر"},"geometry":{"type":"Polygon","coordinates":[[[31.507356524055645,30.276499577092224],[31.5073574142861,30.27649367257534],[31.507338246932868,30.276491493388793],[31.50733735670241,30.276497399457412],[31.507356524055645,30.276499577092224]]]}},{"type":"Feature","properties":{"Electric_Facility_Type":"بيلر","Easting":"031° 30' 20.73\" E","Northing":"30° 16' 32.78\" N","Description":null,"ID":"4_2/1/C","sectors":"القطاع الرابع عشر","Implementing":"شركة الكتروالهانى","SHAPE_Length":5.839098083748677,"SHAPE_Area":1.6518259340312111,"__networkId":"electricity","__networkName":"شبكة الكهرباء","__layerId":"electricity_facilities","__layerName":"منشآت شبكة الكهرباء","__assetName":"منشآت الكهرباء","__geometryKind":"polygon","__featureIndex":722,"__length_m":5.84,"__area_m2":1.65,"__typeValue":"بيلر"},"geometry":{"type":"Polygon","coordinates":[[[31.50744259164302,30.275941783699512],[31.507443481873445,30.275935879149078],[31.5074243172152,30.275933699950144],[31.507423424289787,30.27593960527652],[31.50744259164302,30.275941783699512]]]}},{"type":"Feature","properties":{"Electric_Facility_Type":"بيلر","Easting":"031° 30' 21.73\" E","Northing":"30° 16' 34.07\" N","Description":null,"ID":"2_2/1/C","sectors":"القطاع الرابع عشر","Implementing":"شركة الكتروالهانى","SHAPE_Length":5.839442860455383,"SHAPE_Area":1.6519997205977426,"__networkId":"electricity","__networkName":"شبكة الكهرباء","__layerId":"electricity_facilities","__layerName":"منشآت شبكة الكهرباء","__assetName":"منشآت الكهرباء","__geometryKind":"polygon","__featureIndex":723,"__length_m":5.84,"__area_m2":1.65,"__typeValue":"بيلر"},"geometry":{"type":"Polygon","coordinates":[[[31.507720412712615,30.276299952865962],[31.50772130294308,30.276294048337014],[31.50770213558984,30.27629186914609],[31.507701245359385,30.276297775226713],[31.507720412712615,30.276299952865962]]]}},{"type":"Feature","properties":{"Electric_Facility_Type":"بيلر","Easting":"031° 30' 24.72\" E","Northing":"30° 16' 33.32\" N","Description":null,"ID":"5_2/1/C","sectors":"القطاع الرابع عشر","Implementing":"شركة الكتروالهانى","SHAPE_Length":5.838934109969895,"SHAPE_Area":1.6518730762897165,"__networkId":"electricity","__networkName":"شبكة الكهرباء","__layerId":"electricity_facilities","__layerName":"منشآت شبكة الكهرباء","__assetName":"منشآت الكهرباء","__geometryKind":"polygon","__featureIndex":724,"__length_m":5.84,"__area_m2":1.65,"__typeValue":"بيلر"},"geometry":{"type":"Polygon","coordinates":[[[31.508551482809512,30.276091817036725],[31.50855237303997,30.276085910167904],[31.508533208381692,30.276083733299707],[31.508532318151236,30.276089637841316],[31.508551482809512,30.276091817036725]]]}},{"type":"Feature","properties":{"Electric_Facility_Type":"بيلر","Easting":"031° 30' 22.98\" E","Northing":"30° 16' 34.65\" N","Description":null,"ID":"3_2/1/C","sectors":"القطاع الرابع عشر","Implementing":"شركة الكتروالهانى","SHAPE_Length":5.838787829218194,"SHAPE_Area":1.6516200342767549,"__networkId":"electricity","__networkName":"شبكة الكهرباء","__layerId":"electricity_facilities","__layerName":"منشآت شبكة الكهرباء","__assetName":"منشآت الكهرباء","__geometryKind":"polygon","__featureIndex":725,"__length_m":5.84,"__area_m2":1.65,"__typeValue":"بيلر"},"geometry":{"type":"Polygon","coordinates":[[[31.508068532343106,30.276463439363983],[31.50806942257353,30.276457534844873],[31.508050257915254,30.27645535565752],[31.5080493667865,30.276461260176767],[31.508068532343106,30.276463439363983]]]}},{"type":"Feature","properties":{"Electric_Facility_Type":"بيلر","Easting":"031° 30' 25.69\" E","Northing":"30° 16' 34.98\" N","Description":null,"ID":"1_3/1/C","sectors":"القطاع الرابع عشر","Implementing":"شركة الكتروالهانى","SHAPE_Length":5.839019915470875,"SHAPE_Area":1.651718483847652,"__networkId":"electricity","__networkName":"شبكة الكهرباء","__layerId":"electricity_facilities","__layerName":"منشآت شبكة الكهرباء","__assetName":"منشآت الكهرباء","__geometryKind":"polygon","__featureIndex":726,"__length_m":5.84,"__area_m2":1.65,"__typeValue":"بيلر"},"geometry":{"type":"Polygon","coordinates":[[[31.50882144272208,30.2765539977769],[31.50882233474913,30.276548093263226],[31.508803167395932,30.276545916405233],[31.50880227716547,30.276551820919025],[31.50882144272208,30.2765539977769]]]}},{"type":"Feature","properties":{"Electric_Facility_Type":"بيلر","Easting":"031° 30' 26.84\" E","Northing":"30° 16' 35.11\" N","Description":null,"ID":"2_3/1/C","sectors":"القطاع الرابع عشر","Implementing":"شركة الكتروالهانى","SHAPE_Length":5.839382695380586,"SHAPE_Area":1.6518483644125903,"__networkId":"electricity","__networkName":"شبكة الكهرباء","__layerId":"electricity_facilities","__layerName":"منشآت شبكة الكهرباء","__assetName":"منشآت الكهرباء","__geometryKind":"polygon","__featureIndex":727,"__length_m":5.84,"__area_m2":1.65,"__typeValue":"بيلر"},"geometry":{"type":"Polygon","coordinates":[[[31.509142097261048,30.27659052957137],[31.509142987491504,30.276584625059904],[31.509123820138267,30.276582445875373],[31.509122929009514,30.27658835038697],[31.509142097261048,30.27659052957137]]]}},{"type":"Feature","properties":{"Electric_Facility_Type":"بيلر","Easting":"031° 30' 28.55\" E","Northing":"30° 16' 33.95\" N","Description":null,"ID":"3_3/1/C","sectors":"القطاع الرابع عشر","Implementing":"شركة الكتروالهانى","SHAPE_Length":5.839097932680493,"SHAPE_Area":1.6517663860822902,"__networkId":"electricity","__networkName":"شبكة الكهرباء","__layerId":"electricity_facilities","__layerName":"منشآت شبكة الكهرباء","__assetName":"منشآت الكهرباء","__geometryKind":"polygon","__featureIndex":728,"__length_m":5.84,"__area_m2":1.65,"__typeValue":"بيلر"},"geometry":{"type":"Polygon","coordinates":[[[31.509617269215415,30.276267981051603],[31.509618160344168,30.276262076520794],[31.509598994787595,30.2762598981049],[31.509598101862213,30.27626580263585],[31.509617269215415,30.276267981051603]]]}},{"type":"Feature","properties":{"Electric_Facility_Type":"بيلر","Easting":"031° 30' 29.39\" E","Northing":"30° 16' 35.42\" N","Description":null,"ID":"4_3/1/C","sectors":"القطاع الرابع عشر","Implementing":"شركة الكتروالهانى","SHAPE_Length":5.8396410467946875,"SHAPE_Area":1.6521535519994095,"__networkId":"electricity","__networkName":"شبكة الكهرباء","__layerId":"electricity_facilities","__layerName":"منشآت شبكة الكهرباء","__assetName":"منشآت الكهرباء","__geometryKind":"polygon","__featureIndex":729,"__length_m":5.84,"__area_m2":1.65,"__typeValue":"بيلر"},"geometry":{"type":"Polygon","coordinates":[[[31.509850586847545,30.276675438594523],[31.509851477976298,30.276669534088164],[31.509832309724764,30.276667354905523],[31.50983141949431,30.27667326173935],[31.509850586847545,30.276675438594523]]]}},{"type":"Feature","properties":{"Electric_Facility_Type":"بيلر","Easting":"031° 30' 31.03\" E","Northing":"30° 16' 35.11\" N","Description":null,"ID":"5_3/1/C","sectors":"القطاع الرابع عشر","Implementing":"شركة الكتروالهانى","SHAPE_Length":5.839184304456932,"SHAPE_Area":1.6518499653340066,"__networkId":"electricity","__networkName":"شبكة الكهرباء","__layerId":"electricity_facilities","__layerName":"منشآت شبكة الكهرباء","__assetName":"منشآت الكهرباء","__geometryKind":"polygon","__featureIndex":730,"__length_m":5.84,"__area_m2":1.65,"__typeValue":"بيلر"},"geometry":{"type":"Polygon","coordinates":[[[31.510305853033532,30.276589849982365],[31.510306743263957,30.276583944695062],[31.510287577707384,30.276581766286316],[31.5102866856803,30.276587670797955],[31.510305853033532,30.276589849982365]]]}},{"type":"Feature","properties":{"Electric_Facility_Type":"بيلر","Easting":"031° 30' 31.39\" E","Northing":"30° 16' 32.93\" N","Description":null,"ID":"1_5/5/B","sectors":"القطاع الرابع عشر","Implementing":"شركة الكتروالهانى","SHAPE_Length":5.83902011480477,"SHAPE_Area":1.6515630695832524,"__networkId":"electricity","__networkName":"شبكة الكهرباء","__layerId":"electricity_facilities","__layerName":"منشآت شبكة الكهرباء","__assetName":"منشآت الكهرباء","__geometryKind":"polygon","__featureIndex":731,"__length_m":5.84,"__area_m2":1.65,"__typeValue":"بيلر"},"geometry":{"type":"Polygon","coordinates":[[[31.510404083809842,30.275984477056756],[31.5104049740403,30.27597857406044],[31.51038580668706,30.27597639563826],[31.510384916456637,30.275982300186318],[31.510404083809842,30.275984477056756]]]}},{"type":"Feature","properties":{"Electric_Facility_Type":"بيلر","Easting":"031° 30' 28.59\" E","Northing":"30° 16' 31.65\" N","Description":null,"ID":"5_6/1/C","sectors":"القطاع الرابع عشر","Implementing":"شركة الكتروالهانى","SHAPE_Length":5.838933712812919,"SHAPE_Area":1.6516944585966078,"__networkId":"electricity","__networkName":"شبكة الكهرباء","__layerId":"electricity_facilities","__layerName":"منشآت شبكة الكهرباء","__assetName":"منشآت الكهرباء","__geometryKind":"polygon","__featureIndex":732,"__length_m":5.84,"__area_m2":1.65,"__typeValue":"بيلر"},"geometry":{"type":"Polygon","coordinates":[[[31.50962598646695,30.275628763679087],[31.509626876697375,30.275622859109763],[31.509607712039095,30.275620682231295],[31.509606819113717,30.27562658680076],[31.50962598646695,30.275628763679087]]]}},{"type":"Feature","properties":{"Electric_Facility_Type":"بيلر","Easting":"031° 30' 31.12\" E","Northing":"30° 16' 31.2\" N","Description":null,"ID":"4_6/1/C","sectors":"القطاع الرابع عشر","Implementing":"شركة الكتروالهانى","SHAPE_Length":5.839158100180029,"SHAPE_Area":1.6519177434218593,"__networkId":"electricity","__networkName":"شبكة الكهرباء","__layerId":"electricity_facilities","__layerName":"منشآت شبكة الكهرباء","__assetName":"منشآت الكهرباء","__geometryKind":"polygon","__featureIndex":733,"__length_m":5.84,"__area_m2":1.65,"__typeValue":"بيلر"},"geometry":{"type":"Polygon","coordinates":[[[31.510330360871116,30.27550274592676],[31.510331252898197,30.27549683979824],[31.510312086443296,30.275494662916977],[31.510311195314504,30.275500567494017],[31.510330360871116,30.27550274592676]]]}},{"type":"Feature","properties":{"Electric_Facility_Type":"بيلر","Easting":"031° 30' 27.24\" E","Northing":"30° 16' 29.69\" N","Description":null,"ID":"1_6/1/C","sectors":"القطاع الرابع عشر","Implementing":"شركة الكتروالهانى","SHAPE_Length":5.838933683821525,"SHAPE_Area":1.6516944577016068,"__networkId":"electricity","__networkName":"شبكة الكهرباء","__layerId":"electricity_facilities","__layerName":"منشآت شبكة الكهرباء","__assetName":"منشآت الكهرباء","__geometryKind":"polygon","__featureIndex":734,"__length_m":5.84,"__area_m2":1.65,"__typeValue":"بيلر"},"geometry":{"type":"Polygon","coordinates":[[[31.509252943078888,30.275083285017264],[31.509253835105977,30.27507738041512],[31.509234668651068,30.275075203524555],[31.509233777522315,30.275081108126837],[31.509252943078888,30.275083285017264]]]}},{"type":"Feature","properties":{"Electric_Facility_Type":"بيلر","Easting":"031° 30' 29.75\" E","Northing":"30° 16' 29.17\" N","Description":null,"ID":"3_6/1/C","sectors":"القطاع الرابع عشر","Implementing":"شركة الكتروالهانى","SHAPE_Length":5.838985890934856,"SHAPE_Area":1.6517143099783058,"__networkId":"electricity","__networkName":"شبكة الكهرباء","__layerId":"electricity_facilities","__layerName":"منشآت شبكة الكهرباء","__assetName":"منشآت الكهرباء","__geometryKind":"polygon","__featureIndex":735,"__length_m":5.84,"__area_m2":1.65,"__typeValue":"بيلر"},"geometry":{"type":"Polygon","coordinates":[[[31.509948214854298,30.274941374311734],[31.509949105084758,30.27493546970105],[31.509929940426478,30.27493329125571],[31.50992904750106,30.274939195866523],[31.509948214854298,30.274941374311734]]]}},{"type":"Feature","properties":{"Electric_Facility_Type":"بيلر","Easting":"031° 30' 27.27\" E","Northing":"30° 16' 28.53\" N","Description":null,"ID":"2_6/1/C","sectors":"القطاع الرابع عشر","Implementing":"شركة الكتروالهانى","SHAPE_Length":5.838787817644997,"SHAPE_Area":1.6516200250652293,"__networkId":"electricity","__networkName":"شبكة الكهرباء","__layerId":"electricity_facilities","__layerName":"منشآت شبكة الكهرباء","__assetName":"منشآت الكهرباء","__geometryKind":"polygon","__featureIndex":736,"__length_m":5.84,"__area_m2":1.65,"__typeValue":"بيلر"},"geometry":{"type":"Polygon","coordinates":[[[31.50926023650069,30.27476149881122],[31.509261127629447,30.274755594189724],[31.50924196207287,30.27475341496464],[31.509241071842414,30.27475931958622],[31.50926023650069,30.27476149881122]]]}},{"type":"Feature","properties":{"Electric_Facility_Type":"بيلر","Easting":"031° 30' 28.78\" E","Northing":"30° 16' 26.64\" N","Description":null,"ID":"1_7/1/C","sectors":"القطاع الرابع عشر","Implementing":"شركة الكتروالهانى","SHAPE_Length":5.8391580959017535,"SHAPE_Area":1.6519177358435013,"__networkId":"electricity","__networkName":"شبكة الكهرباء","__layerId":"electricity_facilities","__layerName":"منشآت شبكة الكهرباء","__assetName":"منشآت الكهرباء","__geometryKind":"polygon","__featureIndex":737,"__length_m":5.84,"__area_m2":1.65,"__typeValue":"بيلر"},"geometry":{"type":"Polygon","coordinates":[[[31.50967858013188,30.27423637556157],[31.509679472158968,30.274230470908474],[31.50966030570406,30.2742282924475],[31.509659414575278,30.274234198652298],[31.50967858013188,30.27423637556157]]]}},{"type":"Feature","properties":{"Electric_Facility_Type":"بيلر","Easting":"031° 30' 28.94\" E","Northing":"30° 16' 27.54\" N","Description":null,"ID":"2_8/2/C","sectors":"القطاع الرابع عشر","Implementing":"شركة الكتروالهانى","SHAPE_Length":5.839020184951245,"SHAPE_Area":1.651837569486231,"__networkId":"electricity","__networkName":"شبكة الكهرباء","__layerId":"electricity_facilities","__layerName":"منشآت شبكة الكهرباء","__assetName":"منشآت الكهرباء","__geometryKind":"polygon","__featureIndex":738,"__length_m":5.84,"__area_m2":1.65,"__typeValue":"بيلر"},"geometry":{"type":"Polygon","coordinates":[[[31.50972449841595,30.274486434306723],[31.50972538864637,30.274480528117095],[31.5097062230898,30.274478351213236],[31.509705332859344,30.274484255851423],[31.50972449841595,30.274486434306723]]]}},{"type":"Feature","properties":{"Electric_Facility_Type":"بيلر","Easting":"031° 30' 30.3\" E","Northing":"30° 16' 25.46\" N","Description":null,"ID":"1_8/2/C","sectors":"القطاع الرابع عشر","Implementing":"شركة الكتروالهانى","SHAPE_Length":5.8525320180582145,"SHAPE_Area":1.6516905862791127,"__networkId":"electricity","__networkName":"شبكة الكهرباء","__layerId":"electricity_facilities","__layerName":"منشآت شبكة الكهرباء","__assetName":"منشآت الكهرباء","__geometryKind":"polygon","__featureIndex":739,"__length_m":5.85,"__area_m2":1.65,"__typeValue":"بيلر"},"geometry":{"type":"Polygon","coordinates":[[[31.510090042667972,30.273914955087555],[31.510096900406847,30.273915134299102],[31.510097481616835,30.273898365214734],[31.510090622979664,30.27389818600315],[31.510090042667972,30.273914955087555]]]}},{"type":"Feature","properties":{"Electric_Facility_Type":"بيلر","Easting":"031° 30' 26.07\" E","Northing":"30° 16' 26.68\" N","Description":null,"ID":"2_8/1/C","sectors":"القطاع الرابع عشر","Implementing":"شركة الكتروالهانى","SHAPE_Length":5.839072334353169,"SHAPE_Area":1.6517201458653865,"__networkId":"electricity","__networkName":"شبكة الكهرباء","__layerId":"electricity_facilities","__layerName":"منشآت شبكة الكهرباء","__assetName":"منشآت الكهرباء","__geometryKind":"polygon","__featureIndex":740,"__length_m":5.84,"__area_m2":1.65,"__typeValue":"بيلر"},"geometry":{"type":"Polygon","coordinates":[[[31.508927446620536,30.274249000237727],[31.508928336850992,30.274243095585447],[31.50890917039609,30.274240916348926],[31.508908280165635,30.27424682100139],[31.508927446620536,30.274249000237727]]]}},{"type":"Feature","properties":{"Electric_Facility_Type":"بيلر","Easting":"031° 30' 27.91\" E","Northing":"30° 16' 25.42\" N","Description":null,"ID":"3_7/1/C","sectors":"القطاع الرابع عشر","Implementing":"شركة الكتروالهانى","SHAPE_Length":5.8394428582252305,"SHAPE_Area":1.651999719395219,"__networkId":"electricity","__networkName":"شبكة الكهرباء","__layerId":"electricity_facilities","__layerName":"منشآت شبكة الكهرباء","__assetName":"منشآت الكهرباء","__geometryKind":"polygon","__featureIndex":741,"__length_m":5.84,"__area_m2":1.65,"__typeValue":"بيلر"},"geometry":{"type":"Polygon","coordinates":[[[31.5094390281917,30.273897240293433],[31.509439918422125,30.273891335619933],[31.50942075106892,30.273889156375606],[31.509419860838463,30.273895062600815],[31.5094390281917,30.273897240293433]]]}},{"type":"Feature","properties":{"Electric_Facility_Type":"بيلر","Easting":"031° 30' 26.4\" E","Northing":"30° 16' 24.58\" N","Description":null,"ID":"2_7/1/C","sectors":"القطاع الرابع عشر","Implementing":"شركة الكتروالهانى","SHAPE_Length":5.838821621922025,"SHAPE_Area":1.6516423737603398,"__networkId":"electricity","__networkName":"شبكة الكهرباء","__layerId":"electricity_facilities","__layerName":"منشآت شبكة الكهرباء","__assetName":"منشآت الكهرباء","__geometryKind":"polygon","__featureIndex":742,"__length_m":5.84,"__area_m2":1.65,"__typeValue":"بيلر"},"geometry":{"type":"Polygon","coordinates":[[[31.509018995727764,30.273666319272927],[31.50901988595822,30.27366041458554],[31.509000721299945,30.27365823766355],[31.50899982927286,30.27366414235107],[31.509018995727764,30.273666319272927]]]}},{"type":"Feature","properties":{"Electric_Facility_Type":"بيلر","Easting":"031° 30' 24.94\" E","Northing":"30° 16' 25.3\" N","Description":null,"ID":"3_8/1/C","sectors":"القطاع الرابع عشر","Implementing":"شركة الكتروالهانى","SHAPE_Length":5.839072007171554,"SHAPE_Area":1.651816024759393,"__networkId":"electricity","__networkName":"شبكة الكهرباء","__layerId":"electricity_facilities","__layerName":"منشآت شبكة الكهرباء","__assetName":"منشآت الكهرباء","__geometryKind":"polygon","__featureIndex":743,"__length_m":5.84,"__area_m2":1.65,"__typeValue":"بيلر"},"geometry":{"type":"Polygon","coordinates":[[[31.508613763008146,30.273865089260514],[31.508614653238602,30.273859185360905],[31.508595488580326,30.273857006115854],[31.508594595654948,30.273862912343063],[31.508613763008146,30.273865089260514]]]}},{"type":"Feature","properties":{"Electric_Facility_Type":"بيلر","Easting":"031° 30' 19.75\" E","Northing":"30° 16' 30.44\" N","Description":null,"ID":"5_1/1/C","sectors":"القطاع الرابع عشر","Implementing":"شركة الكتروالهانى","SHAPE_Length":5.839124038537358,"SHAPE_Area":1.651776318191154,"__networkId":"electricity","__networkName":"شبكة الكهرباء","__layerId":"electricity_facilities","__layerName":"منشآت شبكة الكهرباء","__assetName":"منشآت الكهرباء","__geometryKind":"polygon","__featureIndex":744,"__length_m":5.84,"__area_m2":1.65,"__typeValue":"بيلر"},"geometry":{"type":"Polygon","coordinates":[[[31.50717045601085,30.27529415999633],[31.507171348936232,30.275288255406924],[31.50715218158303,30.275286076193613],[31.507151290454246,30.275291980783148],[31.50717045601085,30.27529415999633]]]}},{"type":"Feature","properties":{"Electric_Facility_Type":"بيلر","Easting":"031° 30' 22.4\" E","Northing":"30° 16' 29.7\" N","Description":null,"ID":"3_1/1/C","sectors":"القطاع الرابع عشر","Implementing":"شركة الكتروالهانى","SHAPE_Length":5.839270290277691,"SHAPE_Area":1.6520293683697655,"__networkId":"electricity","__networkName":"شبكة الكهرباء","__layerId":"electricity_facilities","__layerName":"منشآت شبكة الكهرباء","__assetName":"منشآت الكهرباء","__geometryKind":"polygon","__featureIndex":745,"__length_m":5.84,"__area_m2":1.65,"__typeValue":"بيلر"},"geometry":{"type":"Polygon","coordinates":[[[31.507908450762848,30.275086746629846],[31.5079093418916,30.275080840476342],[31.507890176335,30.27507866281005],[31.507889284307943,30.275084568187875],[31.507908450762848,30.275086746629846]]]}},{"type":"Feature","properties":{"Electric_Facility_Type":"بيلر","Easting":"031° 30' 21.41\" E","Northing":"30° 16' 28.41\" N","Description":null,"ID":"2_1/1/C","sectors":"القطاع الرابع عشر","Implementing":"شركة الكتروالهانى","SHAPE_Length":5.838933713776343,"SHAPE_Area":1.651694459641924,"__networkId":"electricity","__networkName":"شبكة الكهرباء","__layerId":"electricity_facilities","__layerName":"منشآت شبكة الكهرباء","__assetName":"منشآت الكهرباء","__geometryKind":"polygon","__featureIndex":746,"__length_m":5.84,"__area_m2":1.65,"__typeValue":"بيلر"},"geometry":{"type":"Polygon","coordinates":[[[31.50763271647964,30.274728346502037],[31.507633606710097,30.274722441878534],[31.50761444205182,30.2747202649801],[31.507613549126404,30.27472616960373],[31.50763271647964,30.274728346502037]]]}},{"type":"Feature","properties":{"Electric_Facility_Type":"بيلر","Easting":"031° 30' 20.52\" E","Northing":"30° 16' 27.51\" N","Description":null,"ID":"1_1/1/C","sectors":"القطاع الرابع عشر","Implementing":"شركة الكتروالهانى","SHAPE_Length":5.838959797787533,"SHAPE_Area":1.651704384810115,"__networkId":"electricity","__networkName":"شبكة الكهرباء","__layerId":"electricity_facilities","__layerName":"منشآت شبكة الكهرباء","__assetName":"منشآت الكهرباء","__geometryKind":"polygon","__featureIndex":747,"__length_m":5.84,"__area_m2":1.65,"__typeValue":"بيلر"},"geometry":{"type":"Polygon","coordinates":[[[31.507384214624274,30.274477995895356],[31.50738510485473,30.274472091256797],[31.507365940196454,30.274469913576993],[31.507365047271037,30.274475818215677],[31.507384214624274,30.274477995895356]]]}},{"type":"Feature","properties":{"Electric_Facility_Type":"بيلر","Easting":"031° 30' 21.77\" E","Northing":"30° 16' 26.09\" N","Description":null,"ID":"5_10/4/C","sectors":"القطاع الرابع عشر","Implementing":"شركة الكتروالهانى","SHAPE_Length":5.83918440296836,"SHAPE_Area":1.6517722531240584,"__networkId":"electricity","__networkName":"شبكة الكهرباء","__layerId":"electricity_facilities","__layerName":"منشآت شبكة الكهرباء","__assetName":"منشآت الكهرباء","__geometryKind":"polygon","__featureIndex":748,"__length_m":5.84,"__area_m2":1.65,"__typeValue":"بيلر"},"geometry":{"type":"Polygon","coordinates":[[[31.507732036912394,30.274084266433498],[31.507732928041143,30.27407836177125],[31.50771376068795,30.27407618253107],[31.507712870457485,30.27408208719346],[31.507732036912394,30.274084266433498]]]}},{"type":"Feature","properties":{"Electric_Facility_Type":"بيلر","Easting":"031° 30' 23.24\" E","Northing":"30° 16' 25.39\" N","Description":null,"ID":"4_10/4/C","sectors":"القطاع الرابع عشر","Implementing":"شركة الكتروالهانى","SHAPE_Length":5.839158301888165,"SHAPE_Area":1.6517623379562059,"__networkId":"electricity","__networkName":"شبكة الكهرباء","__layerId":"electricity_facilities","__layerName":"منشآت شبكة الكهرباء","__assetName":"منشآت الكهرباء","__geometryKind":"polygon","__featureIndex":749,"__length_m":5.84,"__area_m2":1.65,"__typeValue":"بيلر"},"geometry":{"type":"Polygon","coordinates":[[[31.508140126274615,30.273890993488653],[31.50814101650504,30.273885088814783],[31.50812185005017,30.273882910346135],[31.50812095892138,30.27388881502014],[31.508140126274615,30.273890993488653]]]}},{"type":"Feature","properties":{"Electric_Facility_Type":"بيلر","Easting":"031° 30' 25.63\" E","Northing":"30° 16' 28.32\" N","Description":null,"ID":"1_8/1/C","sectors":"القطاع الرابع عشر","Implementing":"شركة الكتروالهانى","SHAPE_Length":5.839106127133179,"SHAPE_Area":1.6517425076205012,"__networkId":"electricity","__networkName":"شبكة الكهرباء","__layerId":"electricity_facilities","__layerName":"منشآت شبكة الكهرباء","__assetName":"منشآت الكهرباء","__geometryKind":"polygon","__featureIndex":750,"__length_m":5.84,"__area_m2":1.65,"__typeValue":"بيلر"},"geometry":{"type":"Polygon","coordinates":[[[31.50880509697716,30.27470424545745],[31.508805988105912,30.274698340832504],[31.508786820752714,30.274696163933537],[31.508785930522254,30.27470206855861],[31.50880509697716,30.27470424545745]]]}},{"type":"Feature","properties":{"Electric_Facility_Type":"بيلر","Easting":"031° 30' 22.11\" E","Northing":"30° 16' 23.91\" N","Description":null,"ID":"3_10/4/C","sectors":"القطاع الرابع عشر","Implementing":"شركة الكتروالهانى","SHAPE_Length":5.8390723427139015,"SHAPE_Area":1.6517201541828426,"__networkId":"electricity","__networkName":"شبكة الكهرباء","__layerId":"electricity_facilities","__layerName":"منشآت شبكة الكهرباء","__assetName":"منشآت الكهرباء","__geometryKind":"polygon","__featureIndex":751,"__length_m":5.84,"__area_m2":1.65,"__typeValue":"بيلر"},"geometry":{"type":"Polygon","coordinates":[[[31.507826317796397,30.273478081295334],[31.507827208026853,30.273472176596616],[31.507808041571945,30.273469997342982],[31.50780715134149,30.273475902041827],[31.507826317796397,30.273478081295334]]]}},{"type":"Feature","properties":{"Electric_Facility_Type":"بيلر","Easting":"031° 30' 21.3\" E","Northing":"30° 16' 21.23\" N","Description":null,"ID":"1_3/3/C","sectors":"القطاع الرابع عشر","Implementing":"شركة الكتروالهانى","SHAPE_Length":5.83901999897526,"SHAPE_Area":1.6516407733194691,"__networkId":"electricity","__networkName":"شبكة الكهرباء","__layerId":"electricity_facilities","__layerName":"منشآت شبكة الكهرباء","__assetName":"منشآت الكهرباء","__geometryKind":"polygon","__featureIndex":752,"__length_m":5.84,"__area_m2":1.65,"__typeValue":"بيلر"},"geometry":{"type":"Polygon","coordinates":[[[31.50760293732796,30.272735147779372],[31.507603827558412,30.272729243036018],[31.507584661103515,30.272727066093328],[31.50758376997476,30.272732970061032],[31.50760293732796,30.272735147779372]]]}},{"type":"Feature","properties":{"Electric_Facility_Type":"بيلر","Easting":"031° 30' 23.94\" E","Northing":"30° 16' 21.87\" N","Description":null,"ID":"2_4/3/C","sectors":"القطاع الرابع عشر","Implementing":"شركة الكتروالهانى","SHAPE_Length":5.838847985480999,"SHAPE_Area":1.6517713583654159,"__networkId":"electricity","__networkName":"شبكة الكهرباء","__layerId":"electricity_facilities","__layerName":"منشآت شبكة الكهرباء","__assetName":"منشآت الكهرباء","__geometryKind":"polygon","__featureIndex":753,"__length_m":5.84,"__area_m2":1.65,"__typeValue":"بيلر"},"geometry":{"type":"Polygon","coordinates":[[[31.508335539493316,30.272913658454733],[31.50833642972374,30.27290775217047],[31.508317265065493,30.272905574455894],[31.508316374835037,30.2729114791887],[31.508335539493316,30.272913658454733]]]}},{"type":"Feature","properties":{"Electric_Facility_Type":"بيلر","Easting":"031° 30' 24.83\" E","Northing":"30° 16' 22.06\" N","Description":null,"ID":"1_4/3/C","sectors":"القطاع الرابع عشر","Implementing":"شركة الكتروالهانى","SHAPE_Length":5.838821615505395,"SHAPE_Area":1.651642366181982,"__networkId":"electricity","__networkName":"شبكة الكهرباء","__layerId":"electricity_facilities","__layerName":"منشآت شبكة الكهرباء","__assetName":"منشآت الكهرباء","__geometryKind":"polygon","__featureIndex":754,"__length_m":5.84,"__area_m2":1.65,"__typeValue":"بيلر"},"geometry":{"type":"Polygon","coordinates":[[[31.508582615722318,30.27296530060606],[31.508583505952778,30.27295939587656],[31.5085643412945,30.272957218938966],[31.508563449267417,30.272963123668653],[31.508582615722318,30.27296530060606]]]}},{"type":"Feature","properties":{"Electric_Facility_Type":"بيلر","Easting":"031° 30' 26.42\" E","Northing":"30° 16' 21.46\" N","Description":null,"ID":"4_4/3/C","sectors":"القطاع الرابع عشر","Implementing":"شركة الكتروالهانى","SHAPE_Length":5.839158305100133,"SHAPE_Area":1.6517623388508345,"__networkId":"electricity","__networkName":"شبكة الكهرباء","__layerId":"electricity_facilities","__layerName":"منشآت شبكة الكهرباء","__assetName":"منشآت الكهرباء","__geometryKind":"polygon","__featureIndex":755,"__length_m":5.84,"__area_m2":1.65,"__typeValue":"بيلر"},"geometry":{"type":"Polygon","coordinates":[[[31.509025208476295,30.272798314003698],[31.509026098706716,30.272792409264092],[31.50900693225181,30.272790230771196],[31.509006041123058,30.27279613551093],[31.509025208476295,30.272798314003698]]]}},{"type":"Feature","properties":{"Electric_Facility_Type":"بيلر","Easting":"031° 30' 25.73\" E","Northing":"30° 16' 18.86\" N","Description":null,"ID":"3_4/3/C","sectors":"القطاع الرابع عشر","Implementing":"شركة الكتروالهانى","SHAPE_Length":5.839890637840791,"SHAPE_Area":1.6518472790989664,"__networkId":"electricity","__networkName":"شبكة الكهرباء","__layerId":"electricity_facilities","__layerName":"منشآت شبكة الكهرباء","__assetName":"منشآت الكهرباء","__geometryKind":"polygon","__featureIndex":756,"__length_m":5.84,"__area_m2":1.65,"__typeValue":"بيلر"},"geometry":{"type":"Polygon","coordinates":[[[31.50883394637251,30.272072532653045],[31.50883206080874,30.27206680630892],[31.50881347556382,30.272071419348123],[31.508815362924224,30.27207714569198],[31.50883394637251,30.272072532653045]]]}},{"type":"Feature","properties":{"Electric_Facility_Type":"بيلر","Easting":"031° 30' 21.35\" E","Northing":"30° 16' 18.26\" N","Description":null,"ID":"3_3/3/C","sectors":"القطاع الرابع عشر","Implementing":"شركة الكتروالهانى","SHAPE_Length":5.839890639396499,"SHAPE_Area":1.651847280396299,"__networkId":"electricity","__networkName":"شبكة الكهرباء","__layerId":"electricity_facilities","__layerName":"منشآت شبكة الكهرباء","__assetName":"منشآت الكهرباء","__geometryKind":"polygon","__featureIndex":757,"__length_m":5.84,"__area_m2":1.65,"__typeValue":"بيلر"},"geometry":{"type":"Polygon","coordinates":[[[31.507618072143856,30.27190588356675],[31.507616186580083,30.271900157212908],[31.507597601335167,30.27190477026],[31.5075994886956,30.27191049661357],[31.507618072143856,30.27190588356675]]]}},{"type":"Feature","properties":{"Electric_Facility_Type":"بيلر","Easting":"031° 30' 20.01\" E","Northing":"30° 16' 17.6\" N","Description":null,"ID":"4_3/3/C","sectors":"القطاع الرابع عشر","Implementing":"شركة الكتروالهانى","SHAPE_Length":5.83936893734332,"SHAPE_Area":1.6513807212015135,"__networkId":"electricity","__networkName":"شبكة الكهرباء","__layerId":"electricity_facilities","__layerName":"منشآت شبكة الكهرباء","__assetName":"منشآت الكهرباء","__geometryKind":"polygon","__featureIndex":758,"__length_m":5.84,"__area_m2":1.65,"__typeValue":"بيلر"},"geometry":{"type":"Polygon","coordinates":[[[31.507244522106,30.271722578011893],[31.50724263654223,30.271716853974866],[31.50722405219564,30.271721467030517],[31.507225939556044,30.27172719261895],[31.507244522106,30.271722578011893]]]}},{"type":"Feature","properties":{"Electric_Facility_Type":"بيلر","Easting":"031° 30' 22.15\" E","Northing":"30° 16' 16.61\" N","Description":null,"ID":"2_6/3/C","sectors":"القطاع الرابع عشر","Implementing":"شركة الكتروالهانى","SHAPE_Length":5.839698110620327,"SHAPE_Area":1.6517261620487784,"__networkId":"electricity","__networkName":"شبكة الكهرباء","__layerId":"electricity_facilities","__layerName":"منشآت شبكة الكهرباء","__assetName":"منشآت الكهرباء","__geometryKind":"polygon","__featureIndex":759,"__length_m":5.84,"__area_m2":1.65,"__typeValue":"بيلر"},"geometry":{"type":"Polygon","coordinates":[[[31.507840548008815,30.271448524428138],[31.507838659750085,30.271442798823454],[31.507820077200126,30.271447411116135],[31.5078219627639,30.271453137496398],[31.507840548008815,30.271448524428138]]]}},{"type":"Feature","properties":{"Electric_Facility_Type":"بيلر","Easting":"031° 30' 24.37\" E","Northing":"30° 16' 15.06\" N","Description":null,"ID":"1_6/3/C","sectors":"القطاع الرابع عشر","Implementing":"شركة الكتروالهانى","SHAPE_Length":5.839753533823249,"SHAPE_Area":1.6516614110991419,"__networkId":"electricity","__networkName":"شبكة الكهرباء","__layerId":"electricity_facilities","__layerName":"منشآت شبكة الكهرباء","__assetName":"منشآت الكهرباء","__geometryKind":"polygon","__featureIndex":760,"__length_m":5.84,"__area_m2":1.65,"__typeValue":"بيلر"},"geometry":{"type":"Polygon","coordinates":[[[31.508456941414053,30.271018205512743],[31.508455055850277,30.271012480658737],[31.508436470605364,30.271017093747492],[31.5084383579658,30.271022820152908],[31.508456941414053,30.271018205512743]]]}},{"type":"Feature","properties":{"Electric_Facility_Type":"بيلر","Easting":"031° 30' 26.89\" E","Northing":"30° 16' 14.36\" N","Description":null,"ID":"4_6/3/C","sectors":"القطاع الرابع عشر","Implementing":"شركة الكتروالهانى","SHAPE_Length":5.839835903223449,"SHAPE_Area":1.651787817825206,"__networkId":"electricity","__networkName":"شبكة الكهرباء","__layerId":"electricity_facilities","__layerName":"منشآت شبكة الكهرباء","__assetName":"منشآت الكهرباء","__geometryKind":"polygon","__featureIndex":761,"__length_m":5.84,"__area_m2":1.65,"__typeValue":"بيلر"},"geometry":{"type":"Polygon","coordinates":[[[31.509156749681637,30.270822640153547],[31.50915486411786,30.2708169137365],[31.509136279771276,30.27082152683444],[31.50913816533505,30.27082725325121],[31.509156749681637,30.270822640153547]]]}},{"type":"Feature","properties":{"Electric_Facility_Type":"بيلر","Easting":"031° 30' 26.15\" E","Northing":"30° 16' 15.79\" N","Description":null,"ID":"5_6/3/C","sectors":"القطاع الرابع عشر","Implementing":"شركة الكتروالهانى","SHAPE_Length":5.839876515667301,"SHAPE_Area":1.65176649622109,"__networkId":"electricity","__networkName":"شبكة الكهرباء","__layerId":"electricity_facilities","__layerName":"منشآت شبكة الكهرباء","__assetName":"منشآت الكهرباء","__geometryKind":"polygon","__featureIndex":762,"__length_m":5.84,"__area_m2":1.65,"__typeValue":"بيلر"},"geometry":{"type":"Polygon","coordinates":[[[31.508950249455726,30.271219566700843],[31.508948361196996,30.27121384108275],[31.508929776850373,30.271218454162096],[31.50893166421081,30.271224179779868],[31.508950249455726,30.271219566700843]]]}},{"type":"Feature","properties":{"Electric_Facility_Type":"بيلر","Easting":"031° 30' 29.92\" E","Northing":"30° 16' 13.91\" N","Description":null,"ID":"3_6/3/C","sectors":"القطاع الرابع عشر","Implementing":"شركة الكتروالهانى","SHAPE_Length":5.839506053313539,"SHAPE_Area":1.6515665968300044,"__networkId":"electricity","__networkName":"شبكة الكهرباء","__layerId":"electricity_facilities","__layerName":"منشآت شبكة الكهرباء","__assetName":"منشآت الكهرباء","__geometryKind":"polygon","__featureIndex":763,"__length_m":5.84,"__area_m2":1.65,"__typeValue":"بيلر"},"geometry":{"type":"Polygon","coordinates":[[[31.509996754422364,30.270697210518787],[31.50999486706196,30.27069148487028],[31.50997628451197,30.27069609797411],[31.50997817007578,30.27070182362235],[31.509996754422364,30.270697210518787]]]}},{"type":"Feature","properties":{"Electric_Facility_Type":"بيلر","Easting":"031° 30' 30.21\" E","Northing":"30° 16' 14.75\" N","Description":null,"ID":"2_6/2/C","sectors":"القطاع الرابع عشر","Implementing":"شركة الكتروالهانى","SHAPE_Length":5.839821911527999,"SHAPE_Area":1.6518401039774981,"__networkId":"electricity","__networkName":"شبكة الكهرباء","__layerId":"electricity_facilities","__layerName":"منشآت شبكة الكهرباء","__assetName":"منشآت الكهرباء","__geometryKind":"polygon","__featureIndex":764,"__length_m":5.84,"__area_m2":1.65,"__typeValue":"بيلر"},"geometry":{"type":"Polygon","coordinates":[[[31.51007953237917,30.27093124107352],[31.51007764412043,30.270925514662817],[31.510059061570473,30.27093012775565],[31.51006094713425,30.270935854166083],[31.51007953237917,30.27093124107352]]]}},{"type":"Feature","properties":{"Electric_Facility_Type":"بيلر","Easting":"031° 30' 29.18\" E","Northing":"30° 16' 16.05\" N","Description":null,"ID":"1_6/2/C","sectors":"القطاع الرابع عشر","Implementing":"شركة الكتروالهانى","SHAPE_Length":5.840028125133063,"SHAPE_Area":1.6518616290746135,"__networkId":"electricity","__networkName":"شبكة الكهرباء","__layerId":"electricity_facilities","__layerName":"منشآت شبكة الكهرباء","__assetName":"منشآت الكهرباء","__geometryKind":"polygon","__featureIndex":765,"__length_m":5.84,"__area_m2":1.65,"__typeValue":"بيلر"},"geometry":{"type":"Polygon","coordinates":[[[31.509792928481012,30.271291924364217],[31.509791042917236,30.27128619797455],[31.509772457672323,30.271290811050438],[31.509774343236092,30.271296537439827],[31.509792928481012,30.271291924364217]]]}},{"type":"Feature","properties":{"Electric_Facility_Type":"بيلر","Easting":"031° 30' 32.89\" E","Northing":"30° 16' 16.66\" N","Description":null,"ID":"3_6/2/C","sectors":"القطاع الرابع عشر","Implementing":"شركة الكتروالهانى","SHAPE_Length":5.850641124625973,"SHAPE_Area":1.6514866137947086,"__networkId":"electricity","__networkName":"شبكة الكهرباء","__layerId":"electricity_facilities","__layerName":"منشآت شبكة الكهرباء","__assetName":"منشآت الكهرباء","__geometryKind":"polygon","__featureIndex":766,"__length_m":5.85,"__area_m2":1.65,"__typeValue":"بيلر"},"geometry":{"type":"Polygon","coordinates":[[[31.510812542379636,30.271469454691335],[31.510818947367607,30.27146732271874],[31.51081202405171,30.27145165721818],[31.51080561906374,30.271453791518642],[31.510812542379636,30.271469454691335]]]}},{"type":"Feature","properties":{"Electric_Facility_Type":"بيلر","Easting":"031° 30' 33.44\" E","Northing":"30° 16' 18.15\" N","Description":null,"ID":"4_6/2/C","sectors":"القطاع الرابع عشر","Implementing":"شركة الكتروالهانى","SHAPE_Length":5.851578470478212,"SHAPE_Area":1.6516302022845626,"__networkId":"electricity","__networkName":"شبكة الكهرباء","__layerId":"electricity_facilities","__layerName":"منشآت شبكة الكهرباء","__assetName":"منشآت الكهرباء","__geometryKind":"polygon","__featureIndex":767,"__length_m":5.85,"__area_m2":1.65,"__typeValue":"بيلر"},"geometry":{"type":"Polygon","coordinates":[[[31.51096392736963,30.27188258713423],[31.51097052459708,30.27188094859448],[31.510965207468928,30.27186481766564],[31.5109586129364,30.271866456205654],[31.51096392736963,30.27188258713423]]]}},{"type":"Feature","properties":{"Electric_Facility_Type":"بيلر","Easting":"031° 30' 33.83\" E","Northing":"30° 16' 19.24\" N","Description":null,"ID":"5_6/2/C","sectors":"القطاع الرابع عشر","Implementing":"شركة الكتروالهانى","SHAPE_Length":5.851016850450656,"SHAPE_Area":1.6515715242476645,"__networkId":"electricity","__networkName":"شبكة الكهرباء","__layerId":"electricity_facilities","__layerName":"منشآت شبكة الكهرباء","__assetName":"منشآت الكهرباء","__geometryKind":"polygon","__featureIndex":768,"__length_m":5.85,"__area_m2":1.65,"__typeValue":"بيلر"},"geometry":{"type":"Polygon","coordinates":[[[31.511072723231997,30.272187818994556],[31.51107924859425,30.272185980297962],[31.51107328737401,30.27217002320326],[31.511066760215165,30.272171859572648],[31.511072723231997,30.272187818994556]]]}},{"type":"Feature","properties":{"Electric_Facility_Type":"بيلر","Easting":"031° 30' 33.57\" E","Northing":"30° 16' 23.09\" N","Description":null,"ID":"1_7/2/C","sectors":"القطاع الرابع عشر","Implementing":"شركة الكتروالهانى","SHAPE_Length":5.839270619299436,"SHAPE_Area":1.6517962543182279,"__networkId":"electricity","__networkName":"شبكة الكهرباء","__layerId":"electricity_facilities","__layerName":"منشآت شبكة الكهرباء","__assetName":"منشآت الكهرباء","__geometryKind":"polygon","__featureIndex":769,"__length_m":5.84,"__area_m2":1.65,"__typeValue":"بيلر"},"geometry":{"type":"Polygon","coordinates":[[[31.511010539153087,30.27325217802257],[31.511011429383547,30.273246273310335],[31.510992262030346,30.273244094051677],[31.51099137179989,30.273249998764108],[31.511010539153087,30.27325217802257]]]}},{"type":"Feature","properties":{"Electric_Facility_Type":"بيلر","Easting":"031° 30' 27.46\" E","Northing":"30° 16' 22.3\" N","Description":null,"ID":"5_4/3/C","sectors":"القطاع الرابع عشر","Implementing":"شركة الكتروالهانى","SHAPE_Length":5.852919988311328,"SHAPE_Area":1.6518290916710532,"__networkId":"electricity","__networkName":"شبكة الكهرباء","__layerId":"electricity_facilities","__layerName":"منشآت شبكة الكهرباء","__assetName":"منشآت الكهرباء","__geometryKind":"polygon","__featureIndex":770,"__length_m":5.85,"__area_m2":1.65,"__typeValue":"بيلر"},"geometry":{"type":"Polygon","coordinates":[[[31.50930797566984,30.273019116563237],[31.50930111523601,30.273019179404255],[31.509301317356957,30.27303595639699],[31.50930817868909,30.273035894331816],[31.50930797566984,30.273019116563237]]]}},{"type":"Feature","properties":{"Electric_Facility_Type":"بيلر","Easting":"031° 30' 33.84\" E","Northing":"30° 16' 21.41\" N","Description":null,"ID":"2_7/2/C","sectors":"القطاع الرابع عشر","Implementing":"شركة الكتروالهانى","SHAPE_Length":5.83930983581501,"SHAPE_Area":1.6516098693327952,"__networkId":"electricity","__networkName":"شبكة الكهرباء","__layerId":"electricity_facilities","__layerName":"منشآت شبكة الكهرباء","__assetName":"منشآت الكهرباء","__geometryKind":"polygon","__featureIndex":771,"__length_m":5.84,"__area_m2":1.65,"__typeValue":"بيلر"},"geometry":{"type":"Polygon","coordinates":[[[31.511086249165224,30.27278214676225],[31.511084866658027,30.27277631417263],[31.511065933765103,30.272779696733267],[31.511067315374007,30.27278552932269],[31.511086249165224,30.27278214676225]]]}},{"type":"Feature","properties":{"Electric_Facility_Type":"بيلر","Easting":"031° 30' 22.65\" E","Northing":"30° 16' 20.36\" N","Description":null,"ID":"2_3/3/C","sectors":"القطاع الرابع عشر","Implementing":"شركة الكتروالهانى","SHAPE_Length":5.838813553768625,"SHAPE_Area":1.6515885828500894,"__networkId":"electricity","__networkName":"شبكة الكهرباء","__layerId":"electricity_facilities","__layerName":"منشآت شبكة الكهرباء","__assetName":"منشآت الكهرباء","__geometryKind":"polygon","__featureIndex":772,"__length_m":5.84,"__area_m2":1.65,"__typeValue":"بيلر"},"geometry":{"type":"Polygon","coordinates":[[[31.50797740454572,30.272493341613643],[31.507978297471134,30.27248743763152],[31.50795913101623,30.272485258356028],[31.507958239887444,30.272491163114108],[31.50797740454572,30.272493341613643]]]}},{"type":"Feature","properties":{"Electric_Facility_Type":"بيلر","Easting":"031° 30' 23.42\" E","Northing":"30° 16' 18.64\" N","Description":null,"ID":"5_3/3/C","sectors":"القطاع الرابع عشر","Implementing":"شركة الكتروالهانى","SHAPE_Length":5.83935731740835,"SHAPE_Area":1.6516825256379928,"__networkId":"electricity","__networkName":"شبكة الكهرباء","__layerId":"electricity_facilities","__layerName":"منشآت شبكة الكهرباء","__assetName":"منشآت الكهرباء","__geometryKind":"polygon","__featureIndex":773,"__length_m":5.84,"__area_m2":1.65,"__typeValue":"بيلر"},"geometry":{"type":"Polygon","coordinates":[[[31.50818971417659,30.272015830892357],[31.50819122065132,30.272010020756106],[31.508172364115214,30.27200633637386],[31.508170855843858,30.27201214573456],[31.50818971417659,30.272015830892357]]]}},{"type":"Feature","properties":{"Electric_Facility_Type":"بيلر","Easting":"031° 30' 27.38\" E","Northing":"30° 16' 22.89\" N","Description":null,"ID":"3_8/2/C","sectors":"القطاع الرابع عشر","Implementing":"شركة الكتروالهانى","SHAPE_Length":5.852501027787647,"SHAPE_Area":1.6517439839719528,"__networkId":"electricity","__networkName":"شبكة الكهرباء","__layerId":"electricity_facilities","__layerName":"منشآت شبكة الكهرباء","__assetName":"منشآت الكهرباء","__geometryKind":"polygon","__featureIndex":774,"__length_m":5.85,"__area_m2":1.65,"__typeValue":"بيلر"},"geometry":{"type":"Polygon","coordinates":[[[31.509285193495923,30.273183706302284],[31.509278392350897,30.273182925833915],[31.509275859101816,30.27319955927319],[31.509282662043432,30.273200338965612],[31.509285193495923,30.273183706302284]]]}},{"type":"Feature","properties":{"Electric_Facility_Type":"بيلر","Easting":"031° 31' 48.35\" E","Northing":"30° 16' 31.53\" N","Description":null,"ID":"5_10/2/A","sectors":"القطاع السادس عشر","Implementing":"شركة الكتروالهانى","SHAPE_Length":5.840528545808747,"SHAPE_Area":1.6516721965321408,"__networkId":"electricity","__networkName":"شبكة الكهرباء","__layerId":"electricity_facilities","__layerName":"منشآت شبكة الكهرباء","__assetName":"منشآت الكهرباء","__geometryKind":"polygon","__featureIndex":775,"__length_m":5.84,"__area_m2":1.65,"__typeValue":"بيلر"},"geometry":{"type":"Polygon","coordinates":[[[31.53178294822111,30.275596413834236],[31.531785450029158,30.275590868455804],[31.53176745048582,30.275584753643912],[31.53176494867777,30.275590298246897],[31.53178294822111,30.275596413834236]]]}},{"type":"Feature","properties":{"Electric_Facility_Type":"بيلر","Easting":"031° 31' 46.19\" E","Northing":"30° 16' 31.01\" N","Description":null,"ID":"3_10/2/A","sectors":"القطاع السادس عشر","Implementing":"شركة الكتروالهانى","SHAPE_Length":5.85098143743501,"SHAPE_Area":1.651812620528956,"__networkId":"electricity","__networkName":"شبكة الكهرباء","__layerId":"electricity_facilities","__layerName":"منشآت شبكة الكهرباء","__assetName":"منشآت الكهرباء","__geometryKind":"polygon","__featureIndex":776,"__length_m":5.85,"__area_m2":1.65,"__typeValue":"بيلر"},"geometry":{"type":"Polygon","coordinates":[[[31.531168373005997,30.275454849099646],[31.531174763620914,30.27545701899962],[31.531181809107714,30.275441396028846],[31.531175420289394,30.275439226128462],[31.531168373005997,30.275454849099646]]]}},{"type":"Feature","properties":{"Electric_Facility_Type":"بيلر","Easting":"031° 31' 42.3\" E","Northing":"30° 16' 29.82\" N","Description":null,"ID":"4_1/3/A","sectors":"القطاع السادس عشر","Implementing":"شركة الكتروالهانى","SHAPE_Length":5.840642081304387,"SHAPE_Area":1.6516648493441881,"__networkId":"electricity","__networkName":"شبكة الكهرباء","__layerId":"electricity_facilities","__layerName":"منشآت شبكة الكهرباء","__assetName":"منشآت الكهرباء","__geometryKind":"polygon","__featureIndex":777,"__length_m":5.84,"__area_m2":1.65,"__typeValue":"بيلر"},"geometry":{"type":"Polygon","coordinates":[[[31.530099973400937,30.275121166472168],[31.53010247341236,30.275115621066877],[31.530084473869017,30.275109506225377],[31.530081972060938,30.275115050855202],[31.530099973400937,30.275121166472168]]]}},{"type":"Feature","properties":{"Electric_Facility_Type":"بيلر","Easting":"031° 31' 40.75\" E","Northing":"30° 16' 27.99\" N","Description":null,"ID":"5_1/3/A","sectors":"القطاع السادس عشر","Implementing":"شركة الكتروالهانى","SHAPE_Length":5.840528548513752,"SHAPE_Area":1.6516721994686008,"__networkId":"electricity","__networkName":"شبكة الكهرباء","__layerId":"electricity_facilities","__layerName":"منشآت شبكة الكهرباء","__assetName":"منشآت الكهرباء","__geometryKind":"polygon","__featureIndex":778,"__length_m":5.84,"__area_m2":1.65,"__typeValue":"بيلر"},"geometry":{"type":"Polygon","coordinates":[[[31.52967138448392,30.27461408953072],[31.529673886292002,30.274608544872592],[31.52965588674866,30.274602429223687],[31.529653384940573,30.27460797465797],[31.52967138448392,30.27461408953072]]]}},{"type":"Feature","properties":{"Electric_Facility_Type":"بيلر","Easting":"031° 31' 42.92\" E","Northing":"30° 16' 28.5\" N","Description":null,"ID":"3_1/3/A","sectors":"القطاع السادس عشر","Implementing":"شركة الكتروالهانى","SHAPE_Length":5.8507227206334935,"SHAPE_Area":1.6515832709186855,"__networkId":"electricity","__networkName":"شبكة الكهرباء","__layerId":"electricity_facilities","__layerName":"منشآت شبكة الكهرباء","__assetName":"منشآت الكهرباء","__geometryKind":"polygon","__featureIndex":779,"__length_m":5.85,"__area_m2":1.65,"__typeValue":"بيلر"},"geometry":{"type":"Polygon","coordinates":[[[31.530260162779015,30.274755439029544],[31.530266551597308,30.27475760894499],[31.530273597084108,30.274741985862878],[31.530267208265784,30.27473981594703],[31.530260162779015,30.274755439029544]]]}},{"type":"Feature","properties":{"Electric_Facility_Type":"بيلر","Easting":"031° 31' 44.14\" E","Northing":"30° 16' 26.08\" N","Description":null,"ID":"1_2/3/A","sectors":"القطاع السادس عشر","Implementing":"شركة الكتروالهانى","SHAPE_Length":5.840528544298906,"SHAPE_Area":1.65167219304173,"__networkId":"electricity","__networkName":"شبكة الكهرباء","__layerId":"electricity_facilities","__layerName":"منشآت شبكة الكهرباء","__assetName":"منشآت الكهرباء","__geometryKind":"polygon","__featureIndex":780,"__length_m":5.84,"__area_m2":1.65,"__typeValue":"بيلر"},"geometry":{"type":"Polygon","coordinates":[[[31.53061253952562,30.27408249526756],[31.5306150413337,30.274076949803646],[31.53059704179036,30.274070834897373],[31.53059453998228,30.27407637958588],[31.53061253952562,30.27408249526756]]]}},{"type":"Feature","properties":{"Electric_Facility_Type":"بيلر","Easting":"031° 31' 46.84\" E","Northing":"30° 16' 27.21\" N","Description":null,"ID":"3_2/3/A","sectors":"القطاع السادس عشر","Implementing":"شركة الكتروالهانى","SHAPE_Length":5.840642070831097,"SHAPE_Area":1.6516648465446324,"__networkId":"electricity","__networkName":"شبكة الكهرباء","__layerId":"electricity_facilities","__layerName":"منشآت شبكة الكهرباء","__assetName":"منشآت الكهرباء","__geometryKind":"polygon","__featureIndex":781,"__length_m":5.84,"__area_m2":1.65,"__typeValue":"بيلر"},"geometry":{"type":"Polygon","coordinates":[[[31.531361561996054,30.274396939164788],[31.531364062007473,30.274391394494398],[31.53134606246413,30.274385278831957],[31.531343560656083,30.274390824278516],[31.531361561996054,30.274396939164788]]]}},{"type":"Feature","properties":{"Electric_Facility_Type":"بيلر","Easting":"031° 31' 49.42\" E","Northing":"30° 16' 29.28\" N","Description":null,"ID":"1_10/2/A","sectors":"القطاع السادس عشر","Implementing":"شركة الكتروالهانى","SHAPE_Length":5.851038219716832,"SHAPE_Area":1.6518993267246813,"__networkId":"electricity","__networkName":"شبكة الكهرباء","__layerId":"electricity_facilities","__layerName":"منشآت شبكة الكهرباء","__assetName":"منشآت الكهرباء","__geometryKind":"polygon","__featureIndex":782,"__length_m":5.85,"__area_m2":1.65,"__typeValue":"بيلر"},"geometry":{"type":"Polygon","coordinates":[[[31.532064189176992,30.274972902801036],[31.532070580690238,30.27497507271167],[31.53207762527871,30.274959449664113],[31.532071236460386,30.274957279753142],[31.532064189176992,30.274972902801036]]]}},{"type":"Feature","properties":{"Electric_Facility_Type":"بيلر","Easting":"031° 31' 47.26\" E","Northing":"30° 16' 28.74\" N","Description":null,"ID":"4_10/2/A","sectors":"القطاع السادس عشر","Implementing":"شركة الكتروالهانى","SHAPE_Length":5.840828200276476,"SHAPE_Area":1.6517363256909356,"__networkId":"electricity","__networkName":"شبكة الكهرباء","__layerId":"electricity_facilities","__layerName":"منشآت شبكة الكهرباء","__assetName":"منشآت الكهرباء","__geometryKind":"polygon","__featureIndex":783,"__length_m":5.84,"__area_m2":1.65,"__typeValue":"بيلر"},"geometry":{"type":"Polygon","coordinates":[[[31.531479879102122,30.274821976358584],[31.531482380910205,30.2748164317122],[31.53146437867191,30.274810316076252],[31.531461878660448,30.274815861498787],[31.531479879102122,30.274821976358584]]]}},{"type":"Feature","properties":{"Electric_Facility_Type":"بيلر","Easting":"031° 31' 48.21\" E","Northing":"30° 16' 30.38\" N","Description":null,"ID":"2_10/2/A","sectors":"القطاع السادس عشر","Implementing":"شركة الكتروالهانى","SHAPE_Length":5.840440150576117,"SHAPE_Area":1.6515108717378824,"__networkId":"electricity","__networkName":"شبكة الكهرباء","__layerId":"electricity_facilities","__layerName":"منشآت شبكة الكهرباء","__assetName":"منشآت الكهرباء","__geometryKind":"polygon","__featureIndex":784,"__length_m":5.84,"__area_m2":1.65,"__typeValue":"بيلر"},"geometry":{"type":"Polygon","coordinates":[[[31.531742856409984,30.27527693963375],[31.531745356421407,30.275271395013075],[31.531727355979736,30.27526527940546],[31.531724856866642,30.275270824802302],[31.531742856409984,30.27527693963375]]]}},{"type":"Feature","properties":{"Electric_Facility_Type":"بيلر","Easting":"031° 31' 50.71\" E","Northing":"30° 16' 26.58\" N","Description":null,"ID":"3_9/2/A","sectors":"القطاع السادس عشر","Implementing":"شركة الكتروالهانى","SHAPE_Length":5.840699754602511,"SHAPE_Area":1.6517390785374,"__networkId":"electricity","__networkName":"شبكة الكهرباء","__layerId":"electricity_facilities","__layerName":"منشآت شبكة الكهرباء","__assetName":"منشآت الكهرباء","__geometryKind":"polygon","__featureIndex":785,"__length_m":5.84,"__area_m2":1.65,"__typeValue":"بيلر"},"geometry":{"type":"Polygon","coordinates":[[[31.532436621710623,30.274221483204993],[31.532439121722078,30.274215937748863],[31.532421121280407,30.274209821299674],[31.53241862216728,30.274215367531966],[31.532436621710623,30.274221483204993]]]}},{"type":"Feature","properties":{"Electric_Facility_Type":"بيلر","Easting":"031° 31' 49.22\" E","Northing":"30° 16' 26.06\" N","Description":null,"ID":"2_9/2/A","sectors":"القطاع السادس عشر","Implementing":"شركة الكتروالهانى","SHAPE_Length":5.840398772735103,"SHAPE_Area":1.6515580959018727,"__networkId":"electricity","__networkName":"شبكة الكهرباء","__layerId":"electricity_facilities","__layerName":"منشآت شبكة الكهرباء","__assetName":"منشآت الكهرباء","__geometryKind":"polygon","__featureIndex":786,"__length_m":5.84,"__area_m2":1.65,"__typeValue":"بيلر"},"geometry":{"type":"Polygon","coordinates":[[[31.532023713785243,30.274078926558317],[31.53202621559332,30.274073381869904],[31.532008216049945,30.27406726696347],[31.532005714241897,30.274072811652182],[31.532023713785243,30.274078926558317]]]}},{"type":"Feature","properties":{"Electric_Facility_Type":"بيلر","Easting":"031° 31' 49.8\" E","Northing":"30° 16' 24.78\" N","Description":null,"ID":"1_9/2/A","sectors":"القطاع السادس عشر","Implementing":"شركة الكتروالهانى","SHAPE_Length":5.840253575949044,"SHAPE_Area":1.6514004476681157,"__networkId":"electricity","__networkName":"شبكة الكهرباء","__layerId":"electricity_facilities","__layerName":"منشآت شبكة الكهرباء","__assetName":"منشآت الكهرباء","__geometryKind":"polygon","__featureIndex":787,"__length_m":5.84,"__area_m2":1.65,"__typeValue":"بيلر"},"geometry":{"type":"Polygon","coordinates":[[[31.53218406575839,30.27372298904782],[31.532186565769848,30.27371744433935],[31.532168566226474,30.273711329410748],[31.53216606621505,30.273716874119557],[31.53218406575839,30.27372298904782]]]}},{"type":"Feature","properties":{"Electric_Facility_Type":"بيلر","Easting":"031° 31' 48.89\" E","Northing":"30° 16' 23.6\" N","Description":null,"ID":"2_8/2/A","sectors":"القطاع السادس عشر","Implementing":"شركة الكتروالهانى","SHAPE_Length":5.8406420764851035,"SHAPE_Area":1.6516648465446324,"__networkId":"electricity","__networkName":"شبكة الكهرباء","__layerId":"electricity_facilities","__layerName":"منشآت شبكة الكهرباء","__assetName":"منشآت الكهرباء","__geometryKind":"polygon","__featureIndex":788,"__length_m":5.84,"__area_m2":1.65,"__typeValue":"بيلر"},"geometry":{"type":"Polygon","coordinates":[[[31.53193034558955,30.27339578554338],[31.531932847397606,30.273390240816425],[31.531914846057635,30.273384125091614],[31.531912346046216,30.27338967059473],[31.53193034558955,30.27339578554338]]]}},{"type":"Feature","properties":{"Electric_Facility_Type":"بيلر","Easting":"031° 31' 51.6\" E","Northing":"30° 16' 23.79\" N","Description":null,"ID":"1_8/2/A","sectors":"القطاع السادس عشر","Implementing":"شركة الكتروالهانى","SHAPE_Length":5.8507398124961405,"SHAPE_Area":1.651625441061974,"__networkId":"electricity","__networkName":"شبكة الكهرباء","__layerId":"electricity_facilities","__layerName":"منشآت شبكة الكهرباء","__assetName":"منشآت الكهرباء","__geometryKind":"polygon","__featureIndex":789,"__length_m":5.85,"__area_m2":1.65,"__typeValue":"بيلر"},"geometry":{"type":"Polygon","coordinates":[[[31.532671081999794,30.273449552388392],[31.532677470818086,30.273451723884353],[31.532684515406558,30.273436100594385],[31.532678127486562,30.27343392909808],[31.532671081999794,30.273449552388392]]]}},{"type":"Feature","properties":{"Electric_Facility_Type":"بيلر","Easting":"031° 31' 46.53\" E","Northing":"30° 16' 22.77\" N","Description":null,"ID":"1_3/3/A","sectors":"القطاع السادس عشر","Implementing":"شركة الكتروالهانى","SHAPE_Length":5.840398758246257,"SHAPE_Area":1.651558084600646,"__networkId":"electricity","__networkName":"شبكة الكهرباء","__layerId":"electricity_facilities","__layerName":"منشآت شبكة الكهرباء","__assetName":"منشآت الكهرباء","__geometryKind":"polygon","__featureIndex":790,"__length_m":5.84,"__area_m2":1.65,"__typeValue":"بيلر"},"geometry":{"type":"Polygon","coordinates":[[[31.531276847271503,30.27316420700486],[31.531279349079558,30.273158662264827],[31.531261349536212,30.27315254730141],[31.531258847728168,30.273158092041786],[31.531276847271503,30.27316420700486]]]}},{"type":"Feature","properties":{"Electric_Facility_Type":"بيلر","Easting":"031° 31' 48.01\" E","Northing":"30° 16' 22.68\" N","Description":null,"ID":"3_8/2/A","sectors":"القطاع السادس عشر","Implementing":"شركة الكتروالهانى","SHAPE_Length":5.840642070831091,"SHAPE_Area":1.6516648465446324,"__networkId":"electricity","__networkName":"شبكة الكهرباء","__layerId":"electricity_facilities","__layerName":"منشآت شبكة الكهرباء","__assetName":"منشآت الكهرباء","__geometryKind":"polygon","__featureIndex":791,"__length_m":5.84,"__area_m2":1.65,"__typeValue":"بيلر"},"geometry":{"type":"Polygon","coordinates":[[[31.53168596430641,30.273137860371065],[31.531688464317828,30.27313231562948],[31.531670464774486,30.273126199888644],[31.531667962966438,30.273131745406285],[31.53168596430641,30.273137860371065]]]}},{"type":"Feature","properties":{"Electric_Facility_Type":"بيلر","Easting":"031° 31' 39.41\" E","Northing":"30° 16' 20.57\" N","Description":null,"ID":"1_10/3/A","sectors":"القطاع السادس عشر","Implementing":"شركة الكتروالهانى","SHAPE_Length":5.850682804402023,"SHAPE_Area":1.6516690153273992,"__networkId":"electricity","__networkName":"شبكة الكهرباء","__layerId":"electricity_facilities","__layerName":"منشآت شبكة الكهرباء","__assetName":"منشآت الكهرباء","__geometryKind":"polygon","__featureIndex":792,"__length_m":5.85,"__area_m2":1.65,"__typeValue":"بيلر"},"geometry":{"type":"Polygon","coordinates":[[[31.52928371113316,30.272553191369777],[31.529290099951485,30.272555362885573],[31.529297145438253,30.27253974022869],[31.52929075661993,30.272537568712558],[31.52928371113316,30.272553191369777]]]}},{"type":"Feature","properties":{"Electric_Facility_Type":"بيلر","Easting":"031° 31' 38.56\" E","Northing":"30° 16' 22.31\" N","Description":null,"ID":"2_10/3/A","sectors":"القطاع السادس عشر","Implementing":"شركة الكتروالهانى","SHAPE_Length":5.8409578285138135,"SHAPE_Area":1.6521591926470576,"__networkId":"electricity","__networkName":"شبكة الكهرباء","__layerId":"electricity_facilities","__layerName":"منشآت شبكة الكهرباء","__assetName":"منشآت الكهرباء","__geometryKind":"polygon","__featureIndex":793,"__length_m":5.84,"__area_m2":1.65,"__typeValue":"بيلر"},"geometry":{"type":"Polygon","coordinates":[[[31.52906164849327,30.273036896684278],[31.529064150301323,30.273031349609624],[31.529046150757978,30.27302523463828],[31.529043648949894,30.27303078171327],[31.52906164849327,30.273036896684278]]]}},{"type":"Feature","properties":{"Electric_Facility_Type":"بيلر","Easting":"031° 31' 36.91\" E","Northing":"30° 16' 22.39\" N","Description":null,"ID":"5_10/3/A","sectors":"القطاع السادس عشر","Implementing":"شركة الكتروالهانى","SHAPE_Length":5.840326808617361,"SHAPE_Area":1.651428293067978,"__networkId":"electricity","__networkName":"شبكة الكهرباء","__layerId":"electricity_facilities","__layerName":"منشآت شبكة الكهرباء","__assetName":"منشآت الكهرباء","__geometryKind":"polygon","__featureIndex":794,"__length_m":5.84,"__area_m2":1.65,"__typeValue":"بيلر"},"geometry":{"type":"Polygon","coordinates":[[[31.528602849233263,30.273057233110812],[31.528605349244685,30.273051688364674],[31.52858734970134,30.273045572618763],[31.52858484968989,30.273051117365238],[31.528602849233263,30.273057233110812]]]}},{"type":"Feature","properties":{"Electric_Facility_Type":"بيلر","Easting":"031° 31' 35.14\" E","Northing":"30° 16' 20.24\" N","Description":null,"ID":"3_9/3/A","sectors":"القطاع السادس عشر","Implementing":"شركة الكتروالهانى","SHAPE_Length":5.851127236329981,"SHAPE_Area":1.651919038058511,"__networkId":"electricity","__networkName":"شبكة الكهرباء","__layerId":"electricity_facilities","__layerName":"منشآت شبكة الكهرباء","__assetName":"منشآت الكهرباء","__geometryKind":"polygon","__featureIndex":795,"__length_m":5.85,"__area_m2":1.65,"__typeValue":"بيلر"},"geometry":{"type":"Polygon","coordinates":[[[31.528111687266822,30.2724489740715],[31.528105296651905,30.27244680255336],[31.528098250266808,30.27246242677663],[31.5281046390851,30.272464596742818],[31.528111687266822,30.2724489740715]]]}},{"type":"Feature","properties":{"Electric_Facility_Type":"بيلر","Easting":"031° 31' 35.9\" E","Northing":"30° 16' 19.05\" N","Description":null,"ID":"1_9/3/A","sectors":"القطاع السادس عشر","Implementing":"شركة الكتروالهانى","SHAPE_Length":5.840787945074364,"SHAPE_Area":1.651990354717338,"__networkId":"electricity","__networkName":"شبكة الكهرباء","__layerId":"electricity_facilities","__layerName":"منشآت شبكة الكهرباء","__assetName":"منشآت الكهرباء","__geometryKind":"polygon","__featureIndex":796,"__length_m":5.84,"__area_m2":1.65,"__typeValue":"بيلر"},"geometry":{"type":"Polygon","coordinates":[[[31.528324492767727,30.27212960056887],[31.52832699457581,30.272124054218725],[31.528308995930765,30.27211793841502],[31.528306493224388,30.272123484765512],[31.528324492767727,30.27212960056887]]]}},{"type":"Feature","properties":{"Electric_Facility_Type":"بيلر","Easting":"031° 31' 37.5\" E","Northing":"30° 16' 18.98\" N","Description":null,"ID":"2_9/3/A","sectors":"القطاع السادس عشر","Implementing":"شركة الكتروالهانى","SHAPE_Length":5.840471981848291,"SHAPE_Area":1.6515859378714537,"__networkId":"electricity","__networkName":"شبكة الكهرباء","__layerId":"electricity_facilities","__layerName":"منشآت شبكة الكهرباء","__assetName":"منشآت الكهرباء","__geometryKind":"polygon","__featureIndex":797,"__length_m":5.84,"__area_m2":1.65,"__typeValue":"بيلر"},"geometry":{"type":"Polygon","coordinates":[[[31.528768090736516,30.27211177838909],[31.52877059254457,30.272106233589604],[31.528752593001226,30.272100117784785],[31.528750091193142,30.272105662584618],[31.528768090736516,30.27211177838909]]]}},{"type":"Feature","properties":{"Electric_Facility_Type":"بيلر","Easting":"031° 31' 32.46\" E","Northing":"30° 16' 17.84\" N","Description":null,"ID":"5_9/3/A","sectors":"القطاع السابع عشر","Implementing":"شركة الكتروالهانى","SHAPE_Length":5.840400287424394,"SHAPE_Area":1.651585000792295,"__networkId":"electricity","__networkName":"شبكة الكهرباء","__layerId":"electricity_facilities","__layerName":"منشآت شبكة الكهرباء","__assetName":"منشآت الكهرباء","__geometryKind":"polygon","__featureIndex":798,"__length_m":5.84,"__area_m2":1.65,"__typeValue":"بيلر"},"geometry":{"type":"Polygon","coordinates":[[[31.5273682127916,30.27179519055076],[31.52737071280302,30.271789644181716],[31.527352714158006,30.271783528357176],[31.52735021414655,30.271789073174887],[31.5273682127916,30.27179519055076]]]}},{"type":"Feature","properties":{"Electric_Facility_Type":"بيلر","Easting":"031° 31' 28.75\" E","Northing":"30° 16' 16.13\" N","Description":null,"ID":"4_5/4/A","sectors":"القطاع السابع عشر","Implementing":"شركة الكتروالهانى","SHAPE_Length":5.840140677716529,"SHAPE_Area":1.6513568069295759,"__networkId":"electricity","__networkName":"شبكة الكهرباء","__layerId":"electricity_facilities","__layerName":"منشآت شبكة الكهرباء","__assetName":"منشآت الكهرباء","__geometryKind":"polygon","__featureIndex":799,"__length_m":5.84,"__area_m2":1.65,"__typeValue":"بيلر"},"geometry":{"type":"Polygon","coordinates":[[[31.526336677350823,30.271320886810305],[31.526339177362285,30.27131534196615],[31.526321178717236,30.271309226112056],[31.526318678705817,30.27131477095656],[31.526336677350823,30.271320886810305]]]}},{"type":"Feature","properties":{"Electric_Facility_Type":"بيلر","Easting":"031° 31' 27.26\" E","Northing":"30° 16' 15.94\" N","Description":null,"ID":"2_7/4/A","sectors":"القطاع السابع عشر","Implementing":"شركة الكتروالهانى","SHAPE_Length":5.840415237774405,"SHAPE_Area":1.6515896179338294,"__networkId":"electricity","__networkName":"شبكة الكهرباء","__layerId":"electricity_facilities","__layerName":"منشآت شبكة الكهرباء","__assetName":"منشآت الكهرباء","__geometryKind":"polygon","__featureIndex":800,"__length_m":5.84,"__area_m2":1.65,"__typeValue":"بيلر"},"geometry":{"type":"Polygon","coordinates":[[[31.52592344962521,30.27126663390641],[31.525925952331583,30.271261089059188],[31.52590795278825,30.271254973201717],[31.52590545098016,30.27126051804929],[31.52592344962521,30.27126663390641]]]}},{"type":"Feature","properties":{"Electric_Facility_Type":"بيلر","Easting":"031° 31' 29.51\" E","Northing":"30° 16' 17.69\" N","Description":null,"ID":"3_5/4/A","sectors":"القطاع السابع عشر","Implementing":"شركة الكتروالهانى","SHAPE_Length":5.840140677716529,"SHAPE_Area":1.6513568069295759,"__networkId":"electricity","__networkName":"شبكة الكهرباء","__layerId":"electricity_facilities","__layerName":"منشآت شبكة الكهرباء","__assetName":"منشآت الكهرباء","__geometryKind":"polygon","__featureIndex":801,"__length_m":5.84,"__area_m2":1.65,"__typeValue":"بيلر"},"geometry":{"type":"Polygon","coordinates":[[[31.526549433444423,30.271752225384237],[31.526551933455846,30.27174668056445],[31.526533934810832,30.271740564737232],[31.526531434799377,30.27174610955737],[31.526549433444423,30.271752225384237]]]}},{"type":"Feature","properties":{"Electric_Facility_Type":"بيلر","Easting":"031° 31' 29.27\" E","Northing":"30° 16' 18.23\" N","Description":null,"ID":"2_5/4/A","sectors":"القطاع السابع عشر","Implementing":"شركة الكتروالهانى","SHAPE_Length":5.8404002777529165,"SHAPE_Area":1.6515849922915549,"__networkId":"electricity","__networkName":"شبكة الكهرباء","__layerId":"electricity_facilities","__layerName":"منشآت شبكة الكهرباء","__assetName":"منشآت الكهرباء","__geometryKind":"polygon","__featureIndex":802,"__length_m":5.84,"__area_m2":1.65,"__typeValue":"بيلر"},"geometry":{"type":"Polygon","coordinates":[[[31.526480240709656,30.271903124738156],[31.52648274072108,30.271897578375256],[31.52646474207607,30.271891462557445],[31.526462242064614,30.27189700736906],[31.526480240709656,30.271903124738156]]]}},{"type":"Feature","properties":{"Electric_Facility_Type":"بيلر","Easting":"031° 31' 27.43\" E","Northing":"30° 16' 17.6\" N","Description":null,"ID":"1_5/4/A","sectors":"القطاع السابع عشر","Implementing":"شركة الكتروالهانى","SHAPE_Length":5.840530100884392,"SHAPE_Area":1.6516990977236543,"__networkId":"electricity","__networkName":"شبكة الكهرباء","__layerId":"electricity_facilities","__layerName":"منشآت شبكة الكهرباء","__assetName":"منشآت الكهرباء","__geometryKind":"polygon","__featureIndex":803,"__length_m":5.84,"__area_m2":1.65,"__typeValue":"بيلر"},"geometry":{"type":"Polygon","coordinates":[[[31.525971211252216,30.27172742614229],[31.525973711263674,30.271721881321092],[31.52595571261863,30.271715763164813],[31.525953212607206,30.271721310313875],[31.525971211252216,30.27172742614229]]]}},{"type":"Feature","properties":{"Electric_Facility_Type":"بيلر","Easting":"031° 31' 26.35\" E","Northing":"30° 16' 17.96\" N","Description":null,"ID":"4_4/4/A","sectors":"القطاع السابع عشر","Implementing":"شركة الكتروالهانى","SHAPE_Length":5.840415251658342,"SHAPE_Area":1.6515896328621853,"__networkId":"electricity","__networkName":"شبكة الكهرباء","__layerId":"electricity_facilities","__layerName":"منشآت شبكة الكهرباء","__assetName":"منشآت الكهرباء","__geometryKind":"polygon","__featureIndex":804,"__length_m":5.84,"__area_m2":1.65,"__typeValue":"بيلر"},"geometry":{"type":"Polygon","coordinates":[[[31.52566980491482,30.271827146753978],[31.525672306722907,30.27182160193835],[31.52565430807786,30.271815486115802],[31.525651805371485,30.271821030931765],[31.52566980491482,30.271827146753978]]]}},{"type":"Feature","properties":{"Electric_Facility_Type":"بيلر","Easting":"031° 31' 31.73\" E","Northing":"30° 16' 19.07\" N","Description":null,"ID":"5_5/4/A","sectors":"القطاع السابع عشر","Implementing":"شركة الكتروالهانى","SHAPE_Length":5.840642086154653,"SHAPE_Area":1.6516648550464899,"__networkId":"electricity","__networkName":"شبكة الكهرباء","__layerId":"electricity_facilities","__layerName":"منشآت شبكة الكهرباء","__assetName":"منشآت الكهرباء","__geometryKind":"polygon","__featureIndex":805,"__length_m":5.84,"__area_m2":1.65,"__typeValue":"بيلر"},"geometry":{"type":"Polygon","coordinates":[[[31.527165923867713,30.272137458867487],[31.527168425675764,30.272131914069398],[31.527150424335797,30.272125798266178],[31.527147924324375,30.27213134384039],[31.527165923867713,30.272137458867487]]]}},{"type":"Feature","properties":{"Electric_Facility_Type":"بيلر","Easting":"031° 31' 28.73\" E","Northing":"30° 16' 21.87\" N","Description":null,"ID":"2_4/4/A","sectors":"القطاع السابع عشر","Implementing":"شركة الكتروالهانى","SHAPE_Length":5.840658550502842,"SHAPE_Area":1.6516963697407592,"__networkId":"electricity","__networkName":"شبكة الكهرباء","__layerId":"electricity_facilities","__layerName":"منشآت شبكة الكهرباء","__assetName":"منشآت الكهرباء","__geometryKind":"polygon","__featureIndex":806,"__length_m":5.84,"__area_m2":1.65,"__typeValue":"بيلر"},"geometry":{"type":"Polygon","coordinates":[[[31.526331825550002,30.272913320199134],[31.526334328256386,30.272907774669097],[31.526316326916376,30.27290165891422],[31.526313826904957,30.272907203668773],[31.526331825550002,30.272913320199134]]]}},{"type":"Feature","properties":{"Electric_Facility_Type":"بيلر","Easting":"031° 31' 30.72\" E","Northing":"30° 16' 21.69\" N","Description":null,"ID":"1_4/4/A","sectors":"القطاع السابع عشر","Implementing":"شركة الكتروالهانى","SHAPE_Length":5.840140679831418,"SHAPE_Area":1.651356806792485,"__networkId":"electricity","__networkName":"شبكة الكهرباء","__layerId":"electricity_facilities","__layerName":"منشآت شبكة الكهرباء","__assetName":"منشآت الكهرباء","__geometryKind":"polygon","__featureIndex":807,"__length_m":5.84,"__area_m2":1.65,"__typeValue":"بيلر"},"geometry":{"type":"Polygon","coordinates":[[[31.526883785494867,30.272865337544456],[31.52688628550629,30.272859792787543],[31.52686828686124,30.27285367702968],[31.52686578684982,30.27285922178694],[31.526883785494867,30.272865337544456]]]}},{"type":"Feature","properties":{"Electric_Facility_Type":"بيلر","Easting":"031° 31' 28.48\" E","Northing":"30° 16' 22.41\" N","Description":null,"ID":"1_10/4/A","sectors":"القطاع السابع عشر","Implementing":"شركة الكتروالهانى","SHAPE_Length":5.841144590783957,"SHAPE_Area":1.652179710330433,"__networkId":"electricity","__networkName":"شبكة الكهرباء","__layerId":"electricity_facilities","__layerName":"منشآت شبكة الكهرباء","__assetName":"منشآت الكهرباء","__geometryKind":"polygon","__featureIndex":808,"__length_m":5.84,"__area_m2":1.65,"__typeValue":"بيلر"},"geometry":{"type":"Polygon","coordinates":[[[31.52626309365098,30.27306504013135],[31.526265595459034,30.273059493058284],[31.526247594119063,30.273053377312863],[31.526245094107644,30.273058924386273],[31.52626309365098,30.27306504013135]]]}},{"type":"Feature","properties":{"Electric_Facility_Type":"بيلر","Easting":"031° 31' 29.81\" E","Northing":"30° 16' 23.71\" N","Description":null,"ID":"2_10/4/A","sectors":"القطاع السابع عشر","Implementing":"شركة الكتروالهانى","SHAPE_Length":5.841031460725493,"SHAPE_Area":1.6520071767742779,"__networkId":"electricity","__networkName":"شبكة الكهرباء","__layerId":"electricity_facilities","__layerName":"منشآت شبكة الكهرباء","__assetName":"منشآت الكهرباء","__geometryKind":"polygon","__featureIndex":809,"__length_m":5.84,"__area_m2":1.65,"__typeValue":"بيلر"},"geometry":{"type":"Polygon","coordinates":[[[31.526630529754993,30.273426036767546],[31.526633031563073,30.273420491266485],[31.526615030223105,30.27341437399196],[31.52661253021165,30.27341992104497],[31.526630529754993,30.273426036767546]]]}},{"type":"Feature","properties":{"Electric_Facility_Type":"بيلر","Easting":"031° 31' 25.6\" E","Northing":"30° 16' 22.37\" N","Description":null,"ID":"3_9/4/A","sectors":"القطاع السابع عشر","Implementing":"شركة الكتروالهانى","SHAPE_Length":5.84067527058438,"SHAPE_Area":1.651856796682928,"__networkId":"electricity","__networkName":"شبكة الكهرباء","__layerId":"electricity_facilities","__layerName":"منشآت شبكة الكهرباء","__assetName":"منشآت الكهرباء","__geometryKind":"polygon","__featureIndex":810,"__length_m":5.84,"__area_m2":1.65,"__typeValue":"بيلر"},"geometry":{"type":"Polygon","coordinates":[[[31.525462605799607,30.27305194050443],[31.525465107607687,30.273046395758005],[31.525447108962645,30.273040277684334],[31.52544460715456,30.273045824758537],[31.525462605799607,30.27305194050443]]]}},{"type":"Feature","properties":{"Electric_Facility_Type":"بيلر","Easting":"031° 31' 24.67\" E","Northing":"30° 16' 22.04\" N","Description":null,"ID":"2_9/4/A","sectors":"القطاع السابع عشر","Implementing":"شركة الكتروالهانى","SHAPE_Length":5.840675261551942,"SHAPE_Area":1.651856787456315,"__networkId":"electricity","__networkName":"شبكة الكهرباء","__layerId":"electricity_facilities","__layerName":"منشآت شبكة الكهرباء","__assetName":"منشآت الكهرباء","__geometryKind":"polygon","__featureIndex":811,"__length_m":5.84,"__area_m2":1.65,"__typeValue":"بيلر"},"geometry":{"type":"Polygon","coordinates":[[[31.525204297036293,30.27296241690101],[31.525206798844344,30.272956872149578],[31.52518880019933,30.272950754070273],[31.52518629839125,30.27295630114953],[31.525204297036293,30.27296241690101]]]}},{"type":"Feature","properties":{"Electric_Facility_Type":"بيلر","Easting":"031° 31' 26.43\" E","Northing":"30° 16' 20.15\" N","Description":null,"ID":"5_4/4/A","sectors":"القطاع السابع عشر","Implementing":"شركة الكتروالهانى","SHAPE_Length":5.840439946631452,"SHAPE_Area":1.6516008118328678,"__networkId":"electricity","__networkName":"شبكة الكهرباء","__layerId":"electricity_facilities","__layerName":"منشآت شبكة الكهرباء","__assetName":"منشآت الكهرباء","__geometryKind":"polygon","__featureIndex":812,"__length_m":5.84,"__area_m2":1.65,"__typeValue":"بيلر"},"geometry":{"type":"Polygon","coordinates":[[[31.525693766576733,30.27243520327858],[31.525696266588156,30.272429658497366],[31.525678267044817,30.2724235427127],[31.525675767033395,30.27242908904587],[31.525693766576733,30.27243520327858]]]}},{"type":"Feature","properties":{"Electric_Facility_Type":"بيلر","Easting":"031° 31' 25.43\" E","Northing":"30° 16' 19.97\" N","Description":null,"ID":"3_4/4/A","sectors":"القطاع السابع عشر","Implementing":"شركة الكتروالهانى","SHAPE_Length":5.840974294208591,"SHAPE_Area":1.6521907146072348,"__networkId":"electricity","__networkName":"شبكة الكهرباء","__layerId":"electricity_facilities","__layerName":"منشآت شبكة الكهرباء","__assetName":"منشآت الكهرباء","__geometryKind":"polygon","__featureIndex":813,"__length_m":5.84,"__area_m2":1.65,"__typeValue":"بيلر"},"geometry":{"type":"Polygon","coordinates":[[[31.525416158407847,30.27238765950415],[31.525418661114227,30.272382112392748],[31.525400661570885,30.272375996605184],[31.525398159762805,30.272381543716865],[31.525416158407847,30.27238765950415]]]}},{"type":"Feature","properties":{"Electric_Facility_Type":"بيلر","Easting":"031° 31' 22.94\" E","Northing":"30° 16' 19.33\" N","Description":null,"ID":"2_8/4/A","sectors":"القطاع السابع عشر","Implementing":"شركة الكتروالهانى","SHAPE_Length":5.840772569607901,"SHAPE_Area":1.6519467941165482,"__networkId":"electricity","__networkName":"شبكة الكهرباء","__layerId":"electricity_facilities","__layerName":"منشآت شبكة الكهرباء","__assetName":"منشآت الكهرباء","__geometryKind":"polygon","__featureIndex":814,"__length_m":5.84,"__area_m2":1.65,"__typeValue":"بيلر"},"geometry":{"type":"Polygon","coordinates":[[[31.524722774891178,30.272208849956908],[31.524725274902597,30.272203302835404],[31.524707276257583,30.27219718703664],[31.524704775347832,30.272202733382652],[31.524722774891178,30.272208849956908]]]}},{"type":"Feature","properties":{"Electric_Facility_Type":"بيلر","Easting":"031° 31' 21.19\" E","Northing":"30° 16' 19.37\" N","Description":null,"ID":"3_8/4/A","sectors":"القطاع السابع عشر","Implementing":"شركة الكتروالهانى","SHAPE_Length":5.840918134666731,"SHAPE_Area":1.6519245916665977,"__networkId":"electricity","__networkName":"شبكة الكهرباء","__layerId":"electricity_facilities","__layerName":"منشآت شبكة الكهرباء","__assetName":"منشآت الكهرباء","__geometryKind":"polygon","__featureIndex":815,"__length_m":5.84,"__area_m2":1.65,"__typeValue":"بيلر"},"geometry":{"type":"Polygon","coordinates":[[[31.524238137388654,30.272219989972328],[31.524240640095034,30.272214443627288],[31.524222638755067,30.272208327053438],[31.524220138743605,30.27221387262299],[31.524238137388654,30.272219989972328]]]}},{"type":"Feature","properties":{"Electric_Facility_Type":"بيلر","Easting":"031° 31' 20.24\" E","Northing":"30° 16' 18.6\" N","Description":null,"ID":"1_8/4/A","sectors":"القطاع السابع عشر","Implementing":"شركة الكتروالهانى","SHAPE_Length":5.840415239888474,"SHAPE_Area":1.6515896177967389,"__networkId":"electricity","__networkName":"شبكة الكهرباء","__layerId":"electricity_facilities","__layerName":"منشآت شبكة الكهرباء","__assetName":"منشآت الكهرباء","__geometryKind":"polygon","__featureIndex":816,"__length_m":5.84,"__area_m2":1.65,"__typeValue":"بيلر"},"geometry":{"type":"Polygon","coordinates":[[[31.523974495327508,30.27200675686981],[31.523976998033888,30.272001212064392],[31.523958998490514,30.271995096253033],[31.52395649668246,30.272000641058792],[31.523974495327508,30.27200675686981]]]}},{"type":"Feature","properties":{"Electric_Facility_Type":"بيلر","Easting":"031° 31' 18.87\" E","Northing":"30° 16' 17.98\" N","Description":null,"ID":"4_8/4/A","sectors":"القطاع السابع عشر","Implementing":"شركة الكتروالهانى","SHAPE_Length":5.840415251658342,"SHAPE_Area":1.6515896328621853,"__networkId":"electricity","__networkName":"شبكة الكهرباء","__layerId":"electricity_facilities","__layerName":"منشآت شبكة الكهرباء","__assetName":"منشآت الكهرباء","__geometryKind":"polygon","__featureIndex":817,"__length_m":5.84,"__area_m2":1.65,"__typeValue":"بيلر"},"geometry":{"type":"Polygon","coordinates":[[[31.523591913627765,30.271834761468007],[31.523594415435852,30.27182921665281],[31.523576416790807,30.271823100830733],[31.523573914084423,30.271828645646274],[31.523591913627765,30.271834761468007]]]}},{"type":"Feature","properties":{"Electric_Facility_Type":"بيلر","Easting":"031° 31' 17.6\" E","Northing":"30° 16' 20.14\" N","Description":null,"ID":"5_8/4/A","sectors":"القطاع السابع عشر","Implementing":"شركة الكتروالهانى","SHAPE_Length":5.840285864833039,"SHAPE_Area":1.6515144666617798,"__networkId":"electricity","__networkName":"شبكة الكهرباء","__layerId":"electricity_facilities","__layerName":"منشآت شبكة الكهرباء","__assetName":"منشآت الكهرباء","__geometryKind":"polygon","__featureIndex":818,"__length_m":5.84,"__area_m2":1.65,"__typeValue":"بيلر"},"geometry":{"type":"Polygon","coordinates":[[[31.52324002017477,30.272432303265703],[31.52324252198285,30.27242675848432],[31.52322452333781,30.272420642699476],[31.523222021529758,30.272426187481205],[31.52324002017477,30.272432303265703]]]}},{"type":"Feature","properties":{"Electric_Facility_Type":"بيلر","Easting":"031° 31' 22.9\" E","Northing":"30° 16' 22.28\" N","Description":null,"ID":"1_9/4/A","sectors":"القطاع السابع عشر","Implementing":"شركة الكتروالهانى","SHAPE_Length":5.840974885033975,"SHAPE_Area":1.6519209108787218,"__networkId":"electricity","__networkName":"شبكة الكهرباء","__layerId":"electricity_facilities","__layerName":"منشآت شبكة الكهرباء","__assetName":"منشآت الكهرباء","__geometryKind":"polygon","__featureIndex":819,"__length_m":5.84,"__area_m2":1.65,"__typeValue":"بيلر"},"geometry":{"type":"Polygon","coordinates":[[[31.524711463305124,30.27302800352093],[31.52471396511317,30.27302245722155],[31.5246959637732,30.273016340697993],[31.52469346376178,30.273021886221887],[31.524711463305124,30.27302800352093]]]}},{"type":"Feature","properties":{"Electric_Facility_Type":"بيلر","Easting":"031° 31' 20.43\" E","Northing":"30° 16' 21.44\" N","Description":null,"ID":"2_5/1/B","sectors":"القطاع السابع عشر","Implementing":"شركة الكتروالهانى","SHAPE_Length":5.840140677716529,"SHAPE_Area":1.6513568069295759,"__networkId":"electricity","__networkName":"شبكة الكهرباء","__layerId":"electricity_facilities","__layerName":"منشآت شبكة الكهرباء","__assetName":"منشآت الكهرباء","__geometryKind":"polygon","__featureIndex":820,"__length_m":5.84,"__area_m2":1.65,"__typeValue":"بيلر"},"geometry":{"type":"Polygon","coordinates":[[[31.52402637842503,30.272794151748073],[31.524028878436493,30.272788606987138],[31.524010879791444,30.272782491224827],[31.524008379780025,30.272788035986114],[31.52402637842503,30.272794151748073]]]}},{"type":"Feature","properties":{"Electric_Facility_Type":"بيلر","Easting":"031° 31' 21.6\" E","Northing":"30° 16' 22.28\" N","Description":null,"ID":"3_5/1/B","sectors":"القطاع السابع عشر","Implementing":"شركة الكتروالهانى","SHAPE_Length":5.840885024197108,"SHAPE_Area":1.6519514949693008,"__networkId":"electricity","__networkName":"شبكة الكهرباء","__layerId":"electricity_facilities","__layerName":"منشآت شبكة الكهرباء","__assetName":"منشآت الكهرباء","__geometryKind":"polygon","__featureIndex":821,"__length_m":5.84,"__area_m2":1.65,"__typeValue":"بيلر"},"geometry":{"type":"Polygon","coordinates":[[[31.524351547896647,30.27302826341886],[31.524354049704698,30.273022717895323],[31.524336048364724,30.27301660214761],[31.5243335483533,30.273022149223085],[31.524351547896647,30.27302826341886]]]}},{"type":"Feature","properties":{"Electric_Facility_Type":"بيلر","Easting":"031° 31' 25.0\" E","Northing":"30° 16' 14.34\" N","Description":null,"ID":"1_7/4/A","sectors":"القطاع السابع عشر","Implementing":"شركة الكتروالهانى","SHAPE_Length":5.8506080309103545,"SHAPE_Area":1.6514806469771028,"__networkId":"electricity","__networkName":"شبكة الكهرباء","__layerId":"electricity_facilities","__layerName":"منشآت شبكة الكهرباء","__assetName":"منشآت الكهرباء","__geometryKind":"polygon","__featureIndex":822,"__length_m":5.85,"__area_m2":1.65,"__typeValue":"بيلر"},"geometry":{"type":"Polygon","coordinates":[[[31.525293912969033,30.27081023459717],[31.525287515167573,30.27080808631773],[31.525280541546042,30.27082373407679],[31.5252869402458,30.270825882355883],[31.525293912969033,30.27081023459717]]]}},{"type":"Feature","properties":{"Electric_Facility_Type":"بيلر","Easting":"031° 31' 19.42\" E","Northing":"30° 16' 16.01\" N","Description":null,"ID":"4_7/4/A","sectors":"القطاع السابع عشر","Implementing":"شركة الكتروالهانى","SHAPE_Length":5.844346379308733,"SHAPE_Area":1.6518744006163386,"__networkId":"electricity","__networkName":"شبكة الكهرباء","__layerId":"electricity_facilities","__layerName":"منشآت شبكة الكهرباء","__assetName":"منشآت الكهرباء","__geometryKind":"polygon","__featureIndex":823,"__length_m":5.84,"__area_m2":1.65,"__typeValue":"بيلر"},"geometry":{"type":"Polygon","coordinates":[[[31.523743630994417,30.271288248489107],[31.523747894398742,30.271283581880954],[31.523732747006456,30.271273158624798],[31.523728483602092,30.271277825233497],[31.523743630994417,30.271288248489107]]]}},{"type":"Feature","properties":{"Electric_Facility_Type":"بيلر","Easting":"031° 31' 21.21\" E","Northing":"30° 16' 14.69\" N","Description":null,"ID":"5_7/4/A","sectors":"القطاع السابع عشر","Implementing":"شركة الكتروالهانى","SHAPE_Length":5.85134230454443,"SHAPE_Area":1.6518803482532889,"__networkId":"electricity","__networkName":"شبكة الكهرباء","__layerId":"electricity_facilities","__layerName":"منشآت شبكة الكهرباء","__assetName":"منشآت الكهرباء","__geometryKind":"polygon","__featureIndex":824,"__length_m":5.85,"__area_m2":1.65,"__typeValue":"بيلر"},"geometry":{"type":"Polygon","coordinates":[[[31.524234058138934,30.27090403189158],[31.52422756691271,30.270905962936133],[31.524233834458457,30.270921834119044],[31.52424032568468,30.270919903074855],[31.524234058138934,30.27090403189158]]]}},{"type":"Feature","properties":{"Electric_Facility_Type":"بيلر","Easting":"031° 31' 18.98\" E","Northing":"30° 16' 21.39\" N","Description":null,"ID":"1_5/1/B","sectors":"القطاع السابع عشر","Implementing":"شركة الكتروالهانى","SHAPE_Length":5.8405287596317255,"SHAPE_Area":1.6515822579461688,"__networkId":"electricity","__networkName":"شبكة الكهرباء","__layerId":"electricity_facilities","__layerName":"منشآت شبكة الكهرباء","__assetName":"منشآت الكهرباء","__geometryKind":"polygon","__featureIndex":825,"__length_m":5.84,"__area_m2":1.65,"__typeValue":"بيلر"},"geometry":{"type":"Polygon","coordinates":[[[31.52362449103154,30.272780339109463],[31.523626991042995,30.272774794347743],[31.523608992397953,30.272768678584576],[31.52360648969157,30.272774223346644],[31.52362449103154,30.272780339109463]]]}},{"type":"Feature","properties":{"Electric_Facility_Type":"بيلر","Easting":"031° 31' 35.42\" E","Northing":"30° 16' 16.52\" N","Description":null,"ID":"4_7/3/A","sectors":"القطاع السادس عشر","Implementing":"شركة الكتروالهانى","SHAPE_Length":5.850997883836733,"SHAPE_Area":1.6518043593470448,"__networkId":"electricity","__networkName":"شبكة الكهرباء","__layerId":"electricity_facilities","__layerName":"منشآت شبكة الكهرباء","__assetName":"منشآت الكهرباء","__geometryKind":"polygon","__featureIndex":826,"__length_m":5.85,"__area_m2":1.65,"__typeValue":"بيلر"},"geometry":{"type":"Polygon","coordinates":[[[31.528189178638176,30.27141451448648],[31.52818279071818,30.271412344497072],[31.52817574253649,30.27142796733338],[31.528182133151407,30.271430138874067],[31.528189178638176,30.27141451448648]]]}},{"type":"Feature","properties":{"Electric_Facility_Type":"بيلر","Easting":"031° 31' 36.07\" E","Northing":"30° 16' 15.33\" N","Description":null,"ID":"5_7/3/A","sectors":"القطاع السادس عشر","Implementing":"شركة الكتروالهانى","SHAPE_Length":5.850884756231541,"SHAPE_Area":1.651811683470286,"__networkId":"electricity","__networkName":"شبكة الكهرباء","__layerId":"electricity_facilities","__layerName":"منشآت شبكة الكهرباء","__assetName":"منشآت الكهرباء","__geometryKind":"polygon","__featureIndex":827,"__length_m":5.85,"__area_m2":1.65,"__typeValue":"بيلر"},"geometry":{"type":"Polygon","coordinates":[[[31.52835529959209,30.271098661437787],[31.52836169020704,30.271100832985756],[31.528368735693807,30.271085210097382],[31.52836234777381,30.271083038549076],[31.52835529959209,30.271098661437787]]]}},{"type":"Feature","properties":{"Electric_Facility_Type":"بيلر","Easting":"031° 31' 36.2\" E","Northing":"30° 16' 13.86\" N","Description":null,"ID":"1_7/3/A","sectors":"القطاع السادس عشر","Implementing":"شركة الكتروالهانى","SHAPE_Length":5.840512736668401,"SHAPE_Area":1.6515896980721383,"__networkId":"electricity","__networkName":"شبكة الكهرباء","__layerId":"electricity_facilities","__layerName":"منشآت شبكة الكهرباء","__assetName":"منشآت الكهرباء","__geometryKind":"polygon","__featureIndex":828,"__length_m":5.84,"__area_m2":1.65,"__typeValue":"بيلر"},"geometry":{"type":"Polygon","coordinates":[[[31.528407466557262,30.270688714370014],[31.528409965670388,30.270683169490148],[31.528391967025346,30.27067705359667],[31.52838946521729,30.270682599252726],[31.528407466557262,30.270688714370014]]]}},{"type":"Feature","properties":{"Electric_Facility_Type":"بيلر","Easting":"031° 31' 38.54\" E","Northing":"30° 16' 13.57\" N","Description":null,"ID":"2_6/3/A","sectors":"القطاع السادس عشر","Implementing":"شركة الكتروالهانى","SHAPE_Length":5.840901251479908,"SHAPE_Area":1.6520729283868871,"__networkId":"electricity","__networkName":"شبكة الكهرباء","__layerId":"electricity_facilities","__layerName":"منشآت شبكة الكهرباء","__assetName":"منشآت الكهرباء","__geometryKind":"polygon","__featureIndex":829,"__length_m":5.84,"__area_m2":1.65,"__typeValue":"بيلر"},"geometry":{"type":"Polygon","coordinates":[[[31.52905745066593,30.27060910299202],[31.529059952473986,30.270603555780173],[31.52904195293064,30.270597440657582],[31.529039451122596,30.270602987093923],[31.52905745066593,30.27060910299202]]]}},{"type":"Feature","properties":{"Electric_Facility_Type":"بيلر","Easting":"031° 31' 40.57\" E","Northing":"30° 16' 13.98\" N","Description":null,"ID":"1_6/3/A","sectors":"القطاع السادس عشر","Implementing":"شركة الكتروالهانى","SHAPE_Length":5.840471802143482,"SHAPE_Area":1.6516758743939026,"__networkId":"electricity","__networkName":"شبكة الكهرباء","__layerId":"electricity_facilities","__layerName":"منشآت شبكة الكهرباء","__assetName":"منشآت الكهرباء","__geometryKind":"polygon","__featureIndex":830,"__length_m":5.84,"__area_m2":1.65,"__typeValue":"بيلر"},"geometry":{"type":"Polygon","coordinates":[[[31.529620267649314,30.270721909162752],[31.5296227694574,30.270716364284763],[31.529604770812355,30.270710248393353],[31.52960226810597,30.270715794047533],[31.529620267649314,30.270721909162752]]]}},{"type":"Feature","properties":{"Electric_Facility_Type":"بيلر","Easting":"031° 31' 41.83\" E","Northing":"30° 16' 15.76\" N","Description":null,"ID":"4_6/3/A","sectors":"القطاع السادس عشر","Implementing":"شركة الكتروالهانى","SHAPE_Length":5.840212652555344,"SHAPE_Area":1.6514866246918265,"__networkId":"electricity","__networkName":"شبكة الكهرباء","__layerId":"electricity_facilities","__layerName":"منشآت شبكة الكهرباء","__assetName":"منشآت الكهرباء","__geometryKind":"polygon","__featureIndex":831,"__length_m":5.84,"__area_m2":1.65,"__typeValue":"بيلر"},"geometry":{"type":"Polygon","coordinates":[[[31.52997095017329,30.271216168569836],[31.529973451981373,30.271210623719764],[31.529955453336328,30.271204508634938],[31.52995295152828,30.27121005348542],[31.52997095017329,30.271216168569836]]]}},{"type":"Feature","properties":{"Electric_Facility_Type":"بيلر","Easting":"031° 31' 37.95\" E","Northing":"30° 16' 14.88\" N","Description":null,"ID":"2_7/3/A","sectors":"القطاع السادس عشر","Implementing":"شركة الكتروالهانى","SHAPE_Length":5.840602029652237,"SHAPE_Area":1.6518289368479724,"__networkId":"electricity","__networkName":"شبكة الكهرباء","__layerId":"electricity_facilities","__layerName":"منشآت شبكة الكهرباء","__assetName":"منشآت الكهرباء","__geometryKind":"polygon","__featureIndex":832,"__length_m":5.84,"__area_m2":1.65,"__typeValue":"بيلر"},"geometry":{"type":"Polygon","coordinates":[[[31.52889356831372,30.27097224374714],[31.528896070121768,30.27096669888323],[31.52887807147673,30.270960581455782],[31.528875569668674,30.270966128647455],[31.52889356831372,30.27097224374714]]]}},{"type":"Feature","properties":{"Electric_Facility_Type":"بيلر","Easting":"031° 31' 38.76\" E","Northing":"30° 16' 16.5\" N","Description":null,"ID":"3_7/3/A","sectors":"القطاع السادس عشر","Implementing":"شركة الكتروالهانى","SHAPE_Length":5.840197455750692,"SHAPE_Area":1.6513531268672001,"__networkId":"electricity","__networkName":"شبكة الكهرباء","__layerId":"electricity_facilities","__layerName":"منشآت شبكة الكهرباء","__assetName":"منشآت الكهرباء","__geometryKind":"polygon","__featureIndex":833,"__length_m":5.84,"__area_m2":1.65,"__typeValue":"بيلر"},"geometry":{"type":"Polygon","coordinates":[[[31.52911644842054,30.27142333719574],[31.52911894843196,30.27141779235737],[31.52910094888862,30.271411676509654],[31.529098449775493,30.271417221348372],[31.52911644842054,30.27142333719574]]]}},{"type":"Feature","properties":{"Electric_Facility_Type":"بيلر","Easting":"031° 31' 41.16\" E","Northing":"30° 16' 17.08\" N","Description":null,"ID":"5_6/3/A","sectors":"القطاع السادس عشر","Implementing":"شركة الكتروالهانى","SHAPE_Length":5.840455542430862,"SHAPE_Area":1.6515544124747135,"__networkId":"electricity","__networkName":"شبكة الكهرباء","__layerId":"electricity_facilities","__layerName":"منشآت شبكة الكهرباء","__assetName":"منشآت الكهرباء","__geometryKind":"polygon","__featureIndex":834,"__length_m":5.84,"__area_m2":1.65,"__typeValue":"بيلر"},"geometry":{"type":"Polygon","coordinates":[[[31.529782998361352,30.27158301630388],[31.529785501067728,30.27157747147453],[31.529767499727757,30.27157135641261],[31.529764999716306,30.27157690124231],[31.529782998361352,30.27158301630388]]]}},{"type":"Feature","properties":{"Electric_Facility_Type":"بيلر","Easting":"031° 31' 52.02\" E","Northing":"30° 16' 6.8\" N","Description":null,"ID":"3_3/2/A","sectors":"القطاع السادس عشر","Implementing":"شركة الكتروالهانى","SHAPE_Length":5.851133243520213,"SHAPE_Area":1.6513345491666167,"__networkId":"electricity","__networkName":"شبكة الكهرباء","__layerId":"electricity_facilities","__layerName":"منشآت شبكة الكهرباء","__assetName":"منشآت الكهرباء","__geometryKind":"polygon","__featureIndex":835,"__length_m":5.85,"__area_m2":1.65,"__typeValue":"بيلر"},"geometry":{"type":"Polygon","coordinates":[[[31.532793556509,30.26873064008517],[31.532800154634746,30.26872901002712],[31.532794865354372,30.268712873925224],[31.532788267228625,30.268714502431877],[31.532793556509,30.26873064008517]]]}},{"type":"Feature","properties":{"Electric_Facility_Type":"بيلر","Easting":"031° 31' 49.17\" E","Northing":"30° 16' 7.5\" N","Description":null,"ID":"5_4/2/A","sectors":"القطاع السادس عشر","Implementing":"شركة الكتروالهانى","SHAPE_Length":5.840027814583755,"SHAPE_Area":1.6518834917499816,"__networkId":"electricity","__networkName":"شبكة الكهرباء","__layerId":"electricity_facilities","__layerName":"منشآت شبكة الكهرباء","__assetName":"منشآت الكهرباء","__geometryKind":"polygon","__featureIndex":836,"__length_m":5.84,"__area_m2":1.65,"__typeValue":"بيلر"},"geometry":{"type":"Polygon","coordinates":[[[31.53201240219919,30.268916870739904],[31.53201036392181,30.268911183004022],[31.531991907135975,30.268916163167265],[31.53199394361673,30.268921850902796],[31.53201240219919,30.268916870739904]]]}},{"type":"Feature","properties":{"Electric_Facility_Type":"بيلر","Easting":"031° 31' 46.37\" E","Northing":"30° 16' 8.34\" N","Description":null,"ID":"4_4/2/A","sectors":"القطاع السادس عشر","Implementing":"شركة الكتروالهانى","SHAPE_Length":5.852528646510275,"SHAPE_Area":1.6515750903535968,"__networkId":"electricity","__networkName":"شبكة الكهرباء","__layerId":"electricity_facilities","__layerName":"منشآت شبكة الكهرباء","__assetName":"منشآت الكهرباء","__geometryKind":"polygon","__featureIndex":837,"__length_m":5.85,"__area_m2":1.65,"__typeValue":"بيلر"},"geometry":{"type":"Polygon","coordinates":[[[31.531221118486208,30.26915786952636],[31.53122797892004,30.26915782918242],[31.531227851359283,30.269141051526862],[31.531220990925448,30.269141091870875],[31.531221118486208,30.26915786952636]]]}},{"type":"Feature","properties":{"Electric_Facility_Type":"بيلر","Easting":"031° 31' 46.4\" E","Northing":"30° 16' 9.7\" N","Description":null,"ID":"2_4/2/A","sectors":"القطاع السادس عشر","Implementing":"شركة الكتروالهانى","SHAPE_Length":5.838428295493072,"SHAPE_Area":1.6516019951556449,"__networkId":"electricity","__networkName":"شبكة الكهرباء","__layerId":"electricity_facilities","__layerName":"منشآت شبكة الكهرباء","__assetName":"منشآت الكهرباء","__geometryKind":"polygon","__featureIndex":838,"__length_m":5.84,"__area_m2":1.65,"__typeValue":"بيلر"},"geometry":{"type":"Polygon","coordinates":[[[31.531240505028368,30.269529665516515],[31.53124045831598,30.269523710150544],[31.53122113196096,30.26952382109597],[31.531221175978384,30.269529776461933],[31.531240505028368,30.269529665516515]]]}},{"type":"Feature","properties":{"Electric_Facility_Type":"بيلر","Easting":"031° 31' 47.57\" E","Northing":"30° 16' 9.85\" N","Description":null,"ID":"1_4/2/A","sectors":"القطاع السادس عشر","Implementing":"شركة الكتروالهانى","SHAPE_Length":5.838526321885115,"SHAPE_Area":1.6517088170018246,"__networkId":"electricity","__networkName":"شبكة الكهرباء","__layerId":"electricity_facilities","__layerName":"منشآت شبكة الكهرباء","__assetName":"منشآت الكهرباء","__geometryKind":"polygon","__featureIndex":839,"__length_m":5.84,"__area_m2":1.65,"__typeValue":"بيلر"},"geometry":{"type":"Polygon","coordinates":[[[31.53156646771235,30.269573315172565],[31.531566423694922,30.2695673605851],[31.531547094644946,30.26956746920297],[31.531547141357326,30.269573426117997],[31.53156646771235,30.269573315172565]]]}},{"type":"Feature","properties":{"Electric_Facility_Type":"بيلر","Easting":"031° 31' 49.26\" E","Northing":"30° 16' 10.74\" N","Description":null,"ID":"4_3/2/A","sectors":"القطاع السادس عشر","Implementing":"شركة الكتروالهانى","SHAPE_Length":5.83822697251343,"SHAPE_Area":1.6513175870102133,"__networkId":"electricity","__networkName":"شبكة الكهرباء","__layerId":"electricity_facilities","__layerName":"منشآت شبكة الكهرباء","__assetName":"منشآت الكهرباء","__geometryKind":"polygon","__featureIndex":840,"__length_m":5.84,"__area_m2":1.65,"__typeValue":"بيلر"},"geometry":{"type":"Polygon","coordinates":[[[31.532036700729307,30.269818961181244],[31.53203665581352,30.269813005832823],[31.532017326763576,30.269813116777996],[31.532017373475956,30.2698190697989],[31.532036700729307,30.269818961181244]]]}},{"type":"Feature","properties":{"Electric_Facility_Type":"بيلر","Easting":"031° 31' 52.07\" E","Northing":"30° 16' 9.94\" N","Description":null,"ID":"5_3/2/A","sectors":"القطاع السادس عشر","Implementing":"شركة الكتروالهانى","SHAPE_Length":5.83822829653913,"SHAPE_Area":1.6513868365511333,"__networkId":"electricity","__networkName":"شبكة الكهرباء","__layerId":"electricity_facilities","__layerName":"منشآت شبكة الكهرباء","__assetName":"منشآت الكهرباء","__geometryKind":"polygon","__featureIndex":841,"__length_m":5.84,"__area_m2":1.65,"__typeValue":"بيلر"},"geometry":{"type":"Polygon","coordinates":[[[31.53281652373586,30.269597081537448],[31.53281647971843,30.269591126951426],[31.532797150668454,30.269591237896844],[31.532797197380837,30.269597192482852],[31.53281652373586,30.269597081537448]]]}},{"type":"Feature","properties":{"Electric_Facility_Type":"بيلر","Easting":"031° 31' 51.93\" E","Northing":"30° 16' 14.07\" N","Description":null,"ID":"5_5/2/A","sectors":"القطاع السادس عشر","Implementing":"شركة الكتروالهانى","SHAPE_Length":5.839124975873696,"SHAPE_Area":1.6520761024148058,"__networkId":"electricity","__networkName":"شبكة الكهرباء","__layerId":"electricity_facilities","__layerName":"منشآت شبكة الكهرباء","__assetName":"منشآت الكهرباء","__geometryKind":"polygon","__featureIndex":842,"__length_m":5.84,"__area_m2":1.65,"__typeValue":"بيلر"},"geometry":{"type":"Polygon","coordinates":[[[31.53277676070814,30.2707458156753],[31.53277671669068,30.270739860383113],[31.5327573867424,30.270739968999745],[31.532757431658155,30.270745926619412],[31.53277676070814,30.2707458156753]]]}},{"type":"Feature","properties":{"Electric_Facility_Type":"بيلر","Easting":"031° 31' 50.32\" E","Northing":"30° 16' 14.87\" N","Description":null,"ID":"3_6/2/A","sectors":"القطاع السادس عشر","Implementing":"شركة الكتروالهانى","SHAPE_Length":5.838724966637618,"SHAPE_Area":1.651715420710178,"__networkId":"electricity","__networkName":"شبكة الكهرباء","__layerId":"electricity_facilities","__layerName":"منشآت شبكة الكهرباء","__assetName":"منشآت الكهرباء","__geometryKind":"polygon","__featureIndex":843,"__length_m":5.84,"__area_m2":1.65,"__typeValue":"بيلر"},"geometry":{"type":"Polygon","coordinates":[[[31.532329429341043,30.270967835475656],[31.53232938442529,30.27096188019694],[31.532310055375305,30.27096198958911],[31.53231010029106,30.270967944867824],[31.532329429341043,30.270967835475656]]]}},{"type":"Feature","properties":{"Electric_Facility_Type":"بيلر","Easting":"031° 31' 46.43\" E","Northing":"30° 16' 14.83\" N","Description":null,"ID":"3_6/3/A","sectors":"القطاع السادس عشر","Implementing":"شركة الكتروالهانى","SHAPE_Length":5.838727619081048,"SHAPE_Area":1.6518557444890312,"__networkId":"electricity","__networkName":"شبكة الكهرباء","__layerId":"electricity_facilities","__layerName":"منشآت شبكة الكهرباء","__assetName":"منشآت الكهرباء","__geometryKind":"polygon","__featureIndex":844,"__length_m":5.84,"__area_m2":1.65,"__typeValue":"بيلر"},"geometry":{"type":"Polygon","coordinates":[[[31.531251271337048,30.27095592103869],[31.53125122642129,30.27094996420756],[31.53123189737131,30.27095007515144],[31.531231944083697,30.270956030430874],[31.531251271337048,30.27095592103869]]]}},{"type":"Feature","properties":{"Electric_Facility_Type":"بيلر","Easting":"031° 31' 47.61\" E","Northing":"30° 16' 14.01\" N","Description":null,"ID":"1_5/2/A","sectors":"القطاع السادس عشر","Implementing":"شركة الكتروالهانى","SHAPE_Length":5.838425640066285,"SHAPE_Area":1.6515322311534577,"__networkId":"electricity","__networkName":"شبكة الكهرباء","__layerId":"electricity_facilities","__layerName":"منشآت شبكة الكهرباء","__assetName":"منشآت الكهرباء","__geometryKind":"polygon","__featureIndex":845,"__length_m":5.84,"__area_m2":1.65,"__typeValue":"بيلر"},"geometry":{"type":"Polygon","coordinates":[[[31.531577540346532,30.27072904061868],[31.531577495430778,30.27072308610132],[31.531558166380833,30.27072319471791],[31.53155821309322,30.270729150011118],[31.531577540346532,30.27072904061868]]]}},{"type":"Feature","properties":{"Electric_Facility_Type":"بيلر","Easting":"031° 31' 47.95\" E","Northing":"30° 16' 16.69\" N","Description":null,"ID":"1_6/2/A","sectors":"القطاع السادس عشر","Implementing":"شركة الكتروالهانى","SHAPE_Length":5.852725978118988,"SHAPE_Area":1.6517885027400925,"__networkId":"electricity","__networkName":"شبكة الكهرباء","__layerId":"electricity_facilities","__layerName":"منشآت شبكة الكهرباء","__assetName":"منشآت الكهرباء","__geometryKind":"polygon","__featureIndex":846,"__length_m":5.85,"__area_m2":1.65,"__typeValue":"بيلر"},"geometry":{"type":"Polygon","coordinates":[[[31.53165831955183,30.27147859005394],[31.531665180883994,30.271478551262636],[31.531665053323206,30.271461774003708],[31.531658191991074,30.271461812795025],[31.53165831955183,30.27147859005394]]]}},{"type":"Feature","properties":{"Electric_Facility_Type":"بيلر","Easting":"031° 31' 50.48\" E","Northing":"30° 16' 15.46\" N","Description":null,"ID":"2_6/2/A","sectors":"القطاع السادس عشر","Implementing":"شركة الكتروالهانى","SHAPE_Length":5.838826953616136,"SHAPE_Area":1.6517540835580313,"__networkId":"electricity","__networkName":"شبكة الكهرباء","__layerId":"electricity_facilities","__layerName":"منشآت شبكة الكهرباء","__assetName":"منشآت الكهرباء","__geometryKind":"polygon","__featureIndex":847,"__length_m":5.84,"__area_m2":1.65,"__typeValue":"بيلر"},"geometry":{"type":"Polygon","coordinates":[[[31.532375154487333,30.27113038977378],[31.532375109571547,30.271124434504916],[31.532355780521595,30.271124545448593],[31.532355824539053,30.271130500717447],[31.532375154487333,30.27113038977378]]]}},{"type":"Feature","properties":{"Electric_Facility_Type":"بيلر","Easting":"031° 31' 51.94\" E","Northing":"30° 16' 16.24\" N","Description":null,"ID":"5_6/2/A","sectors":"القطاع السادس عشر","Implementing":"شركة الكتروالهانى","SHAPE_Length":5.838226987909831,"SHAPE_Area":1.6512479288274364,"__networkId":"electricity","__networkName":"شبكة الكهرباء","__layerId":"electricity_facilities","__layerName":"منشآت شبكة الكهرباء","__assetName":"منشآت الكهرباء","__geometryKind":"polygon","__featureIndex":848,"__length_m":5.84,"__area_m2":1.65,"__typeValue":"بيلر"},"geometry":{"type":"Polygon","coordinates":[[[31.532780927094404,30.27134809975585],[31.532780880382024,30.271342146827667],[31.532761553128672,30.271342256219416],[31.53276159714613,30.271348210699273],[31.532780927094404,30.27134809975585]]]}},{"type":"Feature","properties":{"Electric_Facility_Type":"بيلر","Easting":"031° 31' 49.14\" E","Northing":"30° 16' 19.02\" N","Description":null,"ID":"4_2/2/A","sectors":"القطاع السادس عشر","Implementing":"شركة الكتروالهانى","SHAPE_Length":5.838826966137672,"SHAPE_Area":1.6518934173197588,"__networkId":"electricity","__networkName":"شبكة الكهرباء","__layerId":"electricity_facilities","__layerName":"منشآت شبكة الكهرباء","__assetName":"منشآت الكهرباء","__geometryKind":"polygon","__featureIndex":849,"__length_m":5.84,"__area_m2":1.65,"__typeValue":"بيلر"},"geometry":{"type":"Polygon","coordinates":[[[31.53200418530927,30.272118477611222],[31.53200414129181,30.272112522402306],[31.531984811343538,30.2721126317932],[31.53198485805595,30.272118588553777],[31.53200418530927,30.272118477611222]]]}},{"type":"Feature","properties":{"Electric_Facility_Type":"بيلر","Easting":"031° 31' 51.7\" E","Northing":"30° 16' 17.63\" N","Description":null,"ID":"4_6/2/A","sectors":"القطاع السادس عشر","Implementing":"شركة الكتروالهانى","SHAPE_Length":5.8389116161118775,"SHAPE_Area":1.6517111753441465,"__networkId":"electricity","__networkName":"شبكة الكهرباء","__layerId":"electricity_facilities","__layerName":"منشآت شبكة الكهرباء","__assetName":"منشآت الكهرباء","__geometryKind":"polygon","__featureIndex":850,"__length_m":5.84,"__area_m2":1.65,"__typeValue":"بيلر"},"geometry":{"type":"Polygon","coordinates":[[[31.532715102143662,30.27172794129006],[31.532695806331372,30.271728945207553],[31.53269621686145,30.27173488957818],[31.532715512673732,30.271733885660744],[31.532715102143662,30.27172794129006]]]}},{"type":"Feature","properties":{"Electric_Facility_Type":"بيلر","Easting":"031° 31' 47.47\" E","Northing":"30° 16' 18.15\" N","Description":null,"ID":"4_5/3/A","sectors":"القطاع السادس عشر","Implementing":"شركة الكتروالهانى","SHAPE_Length":5.838825642691207,"SHAPE_Area":1.6519616534744859,"__networkId":"electricity","__networkName":"شبكة الكهرباء","__layerId":"electricity_facilities","__layerName":"منشآت شبكة الكهرباء","__assetName":"منشآت الكهرباء","__geometryKind":"polygon","__featureIndex":851,"__length_m":5.84,"__area_m2":1.65,"__typeValue":"بيلر"},"geometry":{"type":"Polygon","coordinates":[[[31.5315392990649,30.27187837596285],[31.53153925325081,30.271872420739367],[31.531519925997497,30.271872529354695],[31.531519970014955,30.27187848690568],[31.5315392990649,30.27187837596285]]]}},{"type":"Feature","properties":{"Electric_Facility_Type":"بيلر","Easting":"031° 31' 47.64\" E","Northing":"30° 16' 19.69\" N","Description":null,"ID":"2_2/2/A","sectors":"القطاع السادس عشر","Implementing":"شركة الكتروالهانى","SHAPE_Length":5.838823011709646,"SHAPE_Area":1.6517525999360323,"__networkId":"electricity","__networkName":"شبكة الكهرباء","__layerId":"electricity_facilities","__layerName":"منشآت شبكة الكهرباء","__assetName":"منشآت الكهرباء","__geometryKind":"polygon","__featureIndex":852,"__length_m":5.84,"__area_m2":1.65,"__typeValue":"بيلر"},"geometry":{"type":"Polygon","coordinates":[[[31.531586320480134,30.272305566102936],[31.53158627556438,30.27229961090537],[31.5315669465144,30.272299719520227],[31.531566990531857,30.27230567471778],[31.531586320480134,30.272305566102936]]]}},{"type":"Feature","properties":{"Electric_Facility_Type":"بيلر","Easting":"031° 31' 46.45\" E","Northing":"30° 16' 17.35\" N","Description":null,"ID":"3_5/3/A","sectors":"القطاع السادس عشر","Implementing":"شركة الكتروالهانى","SHAPE_Length":5.838726278169714,"SHAPE_Area":1.6517159193152207,"__networkId":"electricity","__networkName":"شبكة الكهرباء","__layerId":"electricity_facilities","__layerName":"منشآت شبكة الكهرباء","__assetName":"منشآت الكهرباء","__geometryKind":"polygon","__featureIndex":853,"__length_m":5.84,"__area_m2":1.65,"__typeValue":"بيلر"},"geometry":{"type":"Polygon","coordinates":[[[31.531255621877953,30.27165417815217],[31.5312555769622,30.271648222915086],[31.531236247912222,30.27164833308234],[31.53123629282801,30.271654288319414],[31.531255621877953,30.27165417815217]]]}},{"type":"Feature","properties":{"Electric_Facility_Type":"بيلر","Easting":"031° 31' 49.15\" E","Northing":"30° 16' 20.4\" N","Description":null,"ID":"3_2/2/A","sectors":"القطاع السادس عشر","Implementing":"شركة الكتروالهانى","SHAPE_Length":5.838824317618135,"SHAPE_Area":1.6517530949444088,"__networkId":"electricity","__networkName":"شبكة الكهرباء","__layerId":"electricity_facilities","__layerName":"منشآت شبكة الكهرباء","__assetName":"منشآت الكهرباء","__geometryKind":"polygon","__featureIndex":854,"__length_m":5.84,"__area_m2":1.65,"__typeValue":"بيلر"},"geometry":{"type":"Polygon","coordinates":[[[31.53198685860409,30.272495884748004],[31.531986902621508,30.272501839933664],[31.53200623256982,30.272501730543198],[31.532006187654034,30.272495775357534],[31.53198685860409,30.272495884748004]]]}},{"type":"Feature","properties":{"Electric_Facility_Type":"بيلر","Easting":"031° 31' 51.97\" E","Northing":"30° 16' 20.39\" N","Description":null,"ID":"5_2/2/A","sectors":"القطاع السادس عشر","Implementing":"شركة الكتروالهانى","SHAPE_Length":5.838727602697439,"SHAPE_Area":1.6517164193237666,"__networkId":"electricity","__networkName":"شبكة الكهرباء","__layerId":"electricity_facilities","__layerName":"منشآت شبكة الكهرباء","__assetName":"منشآت الكهرباء","__geometryKind":"polygon","__featureIndex":855,"__length_m":5.84,"__area_m2":1.65,"__typeValue":"بيلر"},"geometry":{"type":"Polygon","coordinates":[[[31.532790379167835,30.27250023786771],[31.53279033425208,30.272494282681965],[31.532771005202097,30.272494393624093],[31.532771050117884,30.272500348809835],[31.532790379167835,30.27250023786771]]]}},{"type":"Feature","properties":{"Electric_Facility_Type":"بيلر","Easting":"031° 31' 48.91\" E","Northing":"30° 16' 20.81\" N","Description":null,"ID":"1_2/2/A","sectors":"القطاع السادس عشر","Implementing":"شركة الكتروالهانى","SHAPE_Length":5.838527623871974,"SHAPE_Area":1.6515021750970202,"__networkId":"electricity","__networkName":"شبكة الكهرباء","__layerId":"electricity_facilities","__layerName":"منشآت شبكة الكهرباء","__assetName":"منشآت الكهرباء","__geometryKind":"polygon","__featureIndex":856,"__length_m":5.84,"__area_m2":1.65,"__typeValue":"بيلر"},"geometry":{"type":"Polygon","coordinates":[[[31.531938700820024,30.272618021840643],[31.531938655904238,30.27261206666203],[31.531919325955958,30.27261217760398],[31.531919372668344,30.27261813123096],[31.531938700820024,30.272618021840643]]]}},{"type":"Feature","properties":{"Electric_Facility_Type":"بيلر","Easting":"031° 31' 45.76\" E","Northing":"30° 16' 19.73\" N","Description":null,"ID":"1_5/3/A","sectors":"القطاع السادس عشر","Implementing":"شركة الكتروالهانى","SHAPE_Length":5.850451997644983,"SHAPE_Area":1.6516089585243323,"__networkId":"electricity","__networkName":"شبكة الكهرباء","__layerId":"electricity_facilities","__layerName":"منشآت شبكة الكهرباء","__assetName":"منشآت الكهرباء","__geometryKind":"polygon","__featureIndex":857,"__length_m":5.85,"__area_m2":1.65,"__typeValue":"بيلر"},"geometry":{"type":"Polygon","coordinates":[[[31.531046998034707,30.27232083036811],[31.5310532817501,30.272323218342923],[31.531061035109317,30.27230784856655],[31.531054749597292,30.27230546059137],[31.531046998034707,30.27232083036811]]]}},{"type":"Feature","properties":{"Electric_Facility_Type":"بيلر","Easting":"031° 31' 45.4\" E","Northing":"30° 16' 19.27\" N","Description":null,"ID":"2_5/3/A","sectors":"القطاع السادس عشر","Implementing":"شركة الكتروالهانى","SHAPE_Length":5.840581127563871,"SHAPE_Area":1.6516709370316986,"__networkId":"electricity","__networkName":"شبكة الكهرباء","__layerId":"electricity_facilities","__layerName":"منشآت شبكة الكهرباء","__assetName":"منشآت الكهرباء","__geometryKind":"polygon","__featureIndex":858,"__length_m":5.84,"__area_m2":1.65,"__typeValue":"بيلر"},"geometry":{"type":"Polygon","coordinates":[[[31.53096308730233,30.272191352860652],[31.530965707687994,30.272185848408363],[31.53094784468858,30.27217944089963],[31.530945224302915,30.272184944576452],[31.53096308730233,30.272191352860652]]]}},{"type":"Feature","properties":{"Electric_Facility_Type":"بيلر","Easting":"031° 31' 31.07\" E","Northing":"30° 16' 25.41\" N","Description":null,"ID":"4_3/4/A","sectors":"القطاع السادس عشر","Implementing":"شركة الكتروالهانى","SHAPE_Length":5.85092468152865,"SHAPE_Area":1.6517259153612247,"__networkId":"electricity","__networkName":"شبكة الكهرباء","__layerId":"electricity_facilities","__layerName":"منشآت شبكة الكهرباء","__assetName":"منشآت الكهرباء","__geometryKind":"polygon","__featureIndex":859,"__length_m":5.85,"__area_m2":1.65,"__typeValue":"بيلر"},"geometry":{"type":"Polygon","coordinates":[[[31.52696597775009,30.273899205414587],[31.52697236836501,30.273901375349023],[31.526979413851777,30.27388575213056],[31.52697302593182,30.27388358219578],[31.52696597775009,30.273899205414587]]]}},{"type":"Feature","properties":{"Electric_Facility_Type":"بيلر","Easting":"031° 31' 31.34\" E","Northing":"30° 16' 25.9\" N","Description":null,"ID":"5_3/4/A","sectors":"القطاع السادس عشر","Implementing":"شركة الكتروالهانى","SHAPE_Length":5.85066552689938,"SHAPE_Area":1.651536455854305,"__networkId":"electricity","__networkName":"شبكة الكهرباء","__layerId":"electricity_facilities","__layerName":"منشآت شبكة الكهرباء","__assetName":"منشآت الكهرباء","__geometryKind":"polygon","__featureIndex":860,"__length_m":5.85,"__area_m2":1.65,"__typeValue":"بيلر"},"geometry":{"type":"Polygon","coordinates":[[[31.527041885391593,30.274033678416423],[31.527048274209886,30.27403584834782],[31.527055320594982,30.27402022515082],[31.52704893177669,30.274018055994844],[31.527041885391593,30.274033678416423]]]}},{"type":"Feature","properties":{"Electric_Facility_Type":"بيلر","Easting":"031° 31' 32.81\" E","Northing":"30° 16' 26.43\" N","Description":null,"ID":"3_3/4/A","sectors":"القطاع السادس عشر","Implementing":"شركة الكتروالهانى","SHAPE_Length":5.8506659491379125,"SHAPE_Area":1.6514965634090504,"__networkId":"electricity","__networkName":"شبكة الكهرباء","__layerId":"electricity_facilities","__layerName":"منشآت شبكة الكهرباء","__assetName":"منشآت الكهرباء","__geometryKind":"polygon","__featureIndex":861,"__length_m":5.85,"__area_m2":1.65,"__typeValue":"بيلر"},"geometry":{"type":"Polygon","coordinates":[[[31.52745104195237,30.274180332158164],[31.52745742987236,30.27418250208638],[31.527464476257425,30.274166878912666],[31.52745808743914,30.274164708984163],[31.52745104195237,30.274180332158164]]]}},{"type":"Feature","properties":{"Electric_Facility_Type":"بيلر","Easting":"031° 31' 35.73\" E","Northing":"30° 16' 27.49\" N","Description":null,"ID":"5_1/4/A","sectors":"القطاع السادس عشر","Implementing":"شركة الكتروالهانى","SHAPE_Length":5.8409179305341095,"SHAPE_Area":1.6520145351267397,"__networkId":"electricity","__networkName":"شبكة الكهرباء","__layerId":"electricity_facilities","__layerName":"منشآت شبكة الكهرباء","__assetName":"منشآت الكهرباء","__geometryKind":"polygon","__featureIndex":862,"__length_m":5.84,"__area_m2":1.65,"__typeValue":"بيلر"},"geometry":{"type":"Polygon","coordinates":[[[31.52827715784047,30.274473967924926],[31.528279659648554,30.27446842093144],[31.52826166010518,30.274462305273797],[31.528259158297132,30.274467850716004],[31.52827715784047,30.274473967924926]]]}},{"type":"Feature","properties":{"Electric_Facility_Type":"بيلر","Easting":"031° 31' 38.08\" E","Northing":"30° 16' 28.33\" N","Description":null,"ID":"3_1/4/A","sectors":"القطاع السادس عشر","Implementing":"شركة الكتروالهانى","SHAPE_Length":5.840626328257531,"SHAPE_Area":1.651801191652221,"__networkId":"electricity","__networkName":"شبكة الكهرباء","__layerId":"electricity_facilities","__layerName":"منشآت شبكة الكهرباء","__assetName":"منشآت الكهرباء","__geometryKind":"polygon","__featureIndex":863,"__length_m":5.84,"__area_m2":1.65,"__typeValue":"بيلر"},"geometry":{"type":"Polygon","coordinates":[[[31.528928480438918,30.274709697789863],[31.52893098045034,30.27470415080969],[31.528912980907,30.274698036718366],[31.528910480895576,30.27470358214726],[31.528928480438918,30.274709697789863]]]}},{"type":"Feature","properties":{"Electric_Facility_Type":"بيلر","Easting":"031° 31' 37.83\" E","Northing":"30° 16' 26.71\" N","Description":null,"ID":"2_1/4/A","sectors":"القطاع السادس عشر","Implementing":"شركة الكتروالهانى","SHAPE_Length":5.850755851807925,"SHAPE_Area":1.6516570961260784,"__networkId":"electricity","__networkName":"شبكة الكهرباء","__layerId":"electricity_facilities","__layerName":"منشآت شبكة الكهرباء","__assetName":"منشآت الكهرباء","__geometryKind":"polygon","__featureIndex":864,"__length_m":5.85,"__area_m2":1.65,"__typeValue":"بيلر"},"geometry":{"type":"Polygon","coordinates":[[[31.52884511318728,30.27425815163354],[31.528851501107276,30.27426032388743],[31.52885854749234,30.274244700726157],[31.528852158674052,30.274242529247687],[31.52884511318728,30.27425815163354]]]}},{"type":"Feature","properties":{"Electric_Facility_Type":"بيلر","Easting":"031° 31' 37.25\" E","Northing":"30° 16' 26.49\" N","Description":null,"ID":"4_1/4/A","sectors":"القطاع السادس عشر","Implementing":"شركة الكتروالهانى","SHAPE_Length":5.850755064770183,"SHAPE_Area":1.651733094225475,"__networkId":"electricity","__networkName":"شبكة الكهرباء","__layerId":"electricity_facilities","__layerName":"منشآت شبكة الكهرباء","__assetName":"منشآت الكهرباء","__geometryKind":"polygon","__featureIndex":865,"__length_m":5.85,"__area_m2":1.65,"__typeValue":"بيلر"},"geometry":{"type":"Polygon","coordinates":[[[31.528697453510755,30.274185146031723],[31.528691114998132,30.274182867490804],[31.528683717371766,30.27419836730889],[31.52869005588439,30.27420064740103],[31.528697453510755,30.274185146031723]]]}},{"type":"Feature","properties":{"Electric_Facility_Type":"بيلر","Easting":"031° 31' 39.22\" E","Northing":"30° 16' 25.93\" N","Description":null,"ID":"3_2/4/A","sectors":"القطاع السادس عشر","Implementing":"شركة الكتروالهانى","SHAPE_Length":5.850683062488764,"SHAPE_Area":1.651538749892749,"__networkId":"electricity","__networkName":"شبكة الكهرباء","__layerId":"electricity_facilities","__layerName":"منشآت شبكة الكهرباء","__assetName":"منشآت الكهرباء","__geometryKind":"polygon","__featureIndex":866,"__length_m":5.85,"__area_m2":1.65,"__typeValue":"بيلر"},"geometry":{"type":"Polygon","coordinates":[[[31.529230005353924,30.274042635880654],[31.529236393273887,30.27404480736349],[31.529243438760687,30.274029184167865],[31.529237050840692,30.274027012684677],[31.529230005353924,30.274042635880654]]]}},{"type":"Feature","properties":{"Electric_Facility_Type":"بيلر","Easting":"031° 31' 39.02\" E","Northing":"30° 16' 24.44\" N","Description":null,"ID":"4_2/4/A","sectors":"القطاع السادس عشر","Implementing":"شركة الكتروالهانى","SHAPE_Length":5.850722715814724,"SHAPE_Area":1.6515832666467087,"__networkId":"electricity","__networkName":"شبكة الكهرباء","__layerId":"electricity_facilities","__layerName":"منشآت شبكة الكهرباء","__assetName":"منشآت الكهرباء","__geometryKind":"polygon","__featureIndex":867,"__length_m":5.85,"__area_m2":1.65,"__typeValue":"بيلر"},"geometry":{"type":"Polygon","coordinates":[[[31.52917487843988,30.273629376762376],[31.52918126725817,30.2736315467027],[31.52918831274494,30.273615923441362],[31.52918192392665,30.273613753500616],[31.52917487843988,30.273629376762376]]]}},{"type":"Feature","properties":{"Electric_Facility_Type":"بيلر","Easting":"031° 31' 38.23\" E","Northing":"30° 16' 24.16\" N","Description":null,"ID":"1_1/4/A","sectors":"القطاع السادس عشر","Implementing":"شركة الكتروالهانى","SHAPE_Length":5.850682797469044,"SHAPE_Area":1.6516690078257823,"__networkId":"electricity","__networkName":"شبكة الكهرباء","__layerId":"electricity_facilities","__layerName":"منشآت شبكة الكهرباء","__assetName":"منشآت الكهرباء","__geometryKind":"polygon","__featureIndex":868,"__length_m":5.85,"__area_m2":1.65,"__typeValue":"بيلر"},"geometry":{"type":"Polygon","coordinates":[[[31.52895519094558,30.27355088803979],[31.528961579763866,30.273553059533505],[31.528968625250634,30.27353743703543],[31.52896223643235,30.273535265541362],[31.52895519094558,30.27355088803979]]]}},{"type":"Feature","properties":{"Electric_Facility_Type":"بيلر","Easting":"031° 31' 42.42\" E","Northing":"30° 16' 25.66\" N","Description":null,"ID":"2_1/3/A","sectors":"القطاع السادس عشر","Implementing":"شركة الكتروالهانى","SHAPE_Length":5.840699749784317,"SHAPE_Area":1.651739075737472,"__networkId":"electricity","__networkName":"شبكة الكهرباء","__layerId":"electricity_facilities","__layerName":"منشآت شبكة الكهرباء","__assetName":"منشآت الكهرباء","__geometryKind":"polygon","__featureIndex":869,"__length_m":5.84,"__area_m2":1.65,"__typeValue":"بيلر"},"geometry":{"type":"Polygon","coordinates":[[[31.53013416956885,30.27396814677498],[31.53013666958027,30.273962601304547],[31.53011866913863,30.27395648483957],[31.530116170025504,30.27396203108618],[31.53013416956885,30.27396814677498]]]}},{"type":"Feature","properties":{"Electric_Facility_Type":"بيلر","Easting":"031° 31' 41.46\" E","Northing":"30° 16' 26.47\" N","Description":null,"ID":"1_1/3/A","sectors":"القطاع السادس عشر","Implementing":"شركة الكتروالهانى","SHAPE_Length":5.840787686526053,"SHAPE_Area":1.651861449943658,"__networkId":"electricity","__networkName":"شبكة الكهرباء","__layerId":"electricity_facilities","__layerName":"منشآت شبكة الكهرباء","__assetName":"منشآت الكهرباء","__geometryKind":"polygon","__featureIndex":870,"__length_m":5.84,"__area_m2":1.65,"__typeValue":"بيلر"},"geometry":{"type":"Polygon","coordinates":[[[31.52986832394029,30.274190657354087],[31.52987082574837,30.27418511189628],[31.52985282620503,30.27417899622099],[31.529850323498646,30.274184541679148],[31.52986832394029,30.274190657354087]]]}},{"type":"Feature","properties":{"Electric_Facility_Type":"بيلر","Easting":"031° 31' 45.47\" E","Northing":"30° 16' 24.74\" N","Description":null,"ID":"2_3/3/A","sectors":"القطاع السادس عشر","Implementing":"شركة الكتروالهانى","SHAPE_Length":5.84084469467385,"SHAPE_Area":1.651986675428502,"__networkId":"electricity","__networkName":"شبكة الكهرباء","__layerId":"electricity_facilities","__layerName":"منشآت شبكة الكهرباء","__assetName":"منشآت الكهرباء","__geometryKind":"polygon","__featureIndex":871,"__length_m":5.84,"__area_m2":1.65,"__typeValue":"بيلر"},"geometry":{"type":"Polygon","coordinates":[[[31.53098123955928,30.273710427920346],[31.530983741367326,30.273704882435343],[31.530965741823984,30.273698765954304],[31.530963240015936,30.273704312991246],[31.53098123955928,30.273710427920346]]]}},{"type":"Feature","properties":{"Electric_Facility_Type":"بيلر","Easting":"031° 31' 46.38\" E","Northing":"30° 16' 25.17\" N","Description":null,"ID":"3_3/3/A","sectors":"القطاع السادس عشر","Implementing":"شركة الكتروالهانى","SHAPE_Length":5.8406579213634355,"SHAPE_Area":1.651747350603746,"__networkId":"electricity","__networkName":"شبكة الكهرباء","__layerId":"electricity_facilities","__layerName":"منشآت شبكة الكهرباء","__assetName":"منشآت الكهرباء","__geometryKind":"polygon","__featureIndex":872,"__length_m":5.84,"__area_m2":1.65,"__typeValue":"بيلر"},"geometry":{"type":"Polygon","coordinates":[[[31.531233827850873,30.273831056881914],[31.531236330557256,30.273825511403718],[31.531218330115582,30.273819396481844],[31.5312158283075,30.273824941184557],[31.531233827850873,30.273831056881914]]]}},{"type":"Feature","properties":{"Electric_Facility_Type":"بيلر","Easting":"031° 31' 35.53\" E","Northing":"30° 16' 23.04\" N","Description":null,"ID":"4_10/3/A","sectors":"القطاع السادس عشر","Implementing":"شركة الكتروالهانى","SHAPE_Length":5.850795775529764,"SHAPE_Area":1.6515713404441958,"__networkId":"electricity","__networkName":"شبكة الكهرباء","__layerId":"electricity_facilities","__layerName":"منشآت شبكة الكهرباء","__assetName":"منشآت الكهرباء","__geometryKind":"polygon","__featureIndex":873,"__length_m":5.85,"__area_m2":1.65,"__typeValue":"بيلر"},"geometry":{"type":"Polygon","coordinates":[[[31.528204819205573,30.273239628472066],[31.528211207125562,30.273241799972674],[31.528218253510666,30.273226175097577],[31.528211864692373,30.273224005924103],[31.528204819205573,30.273239628472066]]]}},{"type":"Feature","properties":{"Electric_Facility_Type":"بيلر","Easting":"031° 31' 33.94\" E","Northing":"30° 16' 24.02\" N","Description":null,"ID":"2_3/4/A","sectors":"القطاع السادس عشر","Implementing":"شركة الكتروالهانى","SHAPE_Length":5.840140677716529,"SHAPE_Area":1.6513568069295759,"__networkId":"electricity","__networkName":"شبكة الكهرباء","__layerId":"electricity_facilities","__layerName":"منشآت شبكة الكهرباء","__assetName":"منشآت الكهرباء","__geometryKind":"polygon","__featureIndex":874,"__length_m":5.84,"__area_m2":1.65,"__typeValue":"بيلر"},"geometry":{"type":"Polygon","coordinates":[[[31.527779177661028,30.273510705699575],[31.527781677672486,30.273505160979116],[31.52776367902744,30.273499045261467],[31.527761179016018,30.273504589982263],[31.527779177661028,30.273510705699575]]]}},{"type":"Feature","properties":{"Electric_Facility_Type":"بيلر","Easting":"031° 31' 32.13\" E","Northing":"30° 16' 23.13\" N","Description":null,"ID":"1_3/4/A","sectors":"القطاع السادس عشر","Implementing":"شركة الكتروالهانى","SHAPE_Length":5.8407161986619816,"SHAPE_Area":1.6517705726326088,"__networkId":"electricity","__networkName":"شبكة الكهرباء","__layerId":"electricity_facilities","__layerName":"منشآت شبكة الكهرباء","__assetName":"منشآت الكهرباء","__geometryKind":"polygon","__featureIndex":875,"__length_m":5.84,"__area_m2":1.65,"__typeValue":"بيلر"},"geometry":{"type":"Polygon","coordinates":[[[31.527276815499643,30.27326508211798],[31.527279315511066,30.273259537383638],[31.527261315967728,30.273253419323268],[31.527258815956305,30.27325896638536],[31.527276815499643,30.27326508211798]]]}},{"type":"Feature","properties":{"Electric_Facility_Type":"بيلر","Easting":"031° 31' 34.39\" E","Northing":"30° 16' 21.29\" N","Description":null,"ID":"3_10/3/A","sectors":"القطاع السادس عشر","Implementing":"شركة الكتروالهانى","SHAPE_Length":5.841031472510978,"SHAPE_Area":1.6520071851392313,"__networkId":"electricity","__networkName":"شبكة الكهرباء","__layerId":"electricity_facilities","__layerName":"منشآت شبكة الكهرباء","__assetName":"منشآت الكهرباء","__geometryKind":"polygon","__featureIndex":876,"__length_m":5.84,"__area_m2":1.65,"__typeValue":"بيلر"},"geometry":{"type":"Polygon","coordinates":[[[31.527902579231604,30.272753134319164],[31.52790507924306,30.272747587228416],[31.52788707969969,30.272741471463554],[31.527884577891637,30.272747017002995],[31.527902579231604,30.272753134319164]]]}},{"type":"Feature","properties":{"Electric_Facility_Type":"بيلر","Easting":"031° 31' 45.02\" E","Northing":"30° 16' 25.75\" N","Description":null,"ID":"2_2/3/A","sectors":"القطاع السادس عشر","Implementing":"شركة الكتروالهانى","SHAPE_Length":5.840367395680895,"SHAPE_Area":1.6515219998626707,"__networkId":"electricity","__networkName":"شبكة الكهرباء","__layerId":"electricity_facilities","__layerName":"منشآت شبكة الكهرباء","__assetName":"منشآت الكهرباء","__geometryKind":"polygon","__featureIndex":877,"__length_m":5.84,"__area_m2":1.65,"__typeValue":"بيلر"},"geometry":{"type":"Polygon","coordinates":[[[31.530856287496512,30.273991280568882],[31.530858786609638,30.273985735099746],[31.530840787066293,30.27397962018786],[31.53083828795317,30.273985165657347],[31.530856287496512,30.273991280568882]]]}},{"type":"Feature","properties":{"Electric_Facility_Type":"بيلر","Easting":"031° 31' 33.91\" E","Northing":"30° 16' 19.19\" N","Description":null,"ID":"4_9/3/A","sectors":"القطاع السادس عشر","Implementing":"شركة الكتروالهانى","SHAPE_Length":5.840528555478296,"SHAPE_Area":1.651672205033998,"__networkId":"electricity","__networkName":"شبكة الكهرباء","__layerId":"electricity_facilities","__layerName":"منشآت شبكة الكهرباء","__assetName":"منشآت الكهرباء","__geometryKind":"polygon","__featureIndex":878,"__length_m":5.84,"__area_m2":1.65,"__typeValue":"بيلر"},"geometry":{"type":"Polygon","coordinates":[[[31.527771751288594,30.27216883309315],[31.52777425309664,30.27216328829682],[31.527756253553296,30.27215717249556],[31.527753751745248,30.272162718068003],[31.527771751288594,30.27216883309315]]]}},{"type":"Feature","properties":{"Electric_Facility_Type":"بيلر","Easting":"031° 31' 51.91\" E","Northing":"30° 16' 11.31\" N","Description":null,"ID":"4_5/2/A","sectors":"القطاع السادس عشر","Implementing":"شركة الكتروالهانى","SHAPE_Length":5.838727619081048,"SHAPE_Area":1.6518557444890312,"__networkId":"electricity","__networkName":"شبكة الكهرباء","__layerId":"electricity_facilities","__layerName":"منشآت شبكة الكهرباء","__assetName":"منشآت الكهرباء","__geometryKind":"polygon","__featureIndex":879,"__length_m":5.84,"__area_m2":1.65,"__typeValue":"بيلر"},"geometry":{"type":"Polygon","coordinates":[[[31.532773546536056,30.269978796515286],[31.532773501620298,30.269972839624863],[31.532754172570318,30.269972950569844],[31.532754219282705,30.269978905908552],[31.532773546536056,30.269978796515286]]]}},{"type":"Feature","properties":{"Electric_Facility_Type":"بيلر","Easting":"031° 31' 22.83\" E","Northing":"30° 16' 14.53\" N","Description":null,"ID":"3_7/4/A","sectors":"القطاع السابع عشر","Implementing":"شركة الكتروالهانى","SHAPE_Length":5.840377330866371,"SHAPE_Area":1.651823532587738,"__networkId":"electricity","__networkName":"شبكة الكهرباء","__layerId":"electricity_facilities","__layerName":"منشآت شبكة الكهرباء","__assetName":"منشآت الكهرباء","__geometryKind":"polygon","__featureIndex":880,"__length_m":5.84,"__area_m2":1.65,"__typeValue":"بيلر"},"geometry":{"type":"Polygon","coordinates":[[[31.524693830274398,30.2708697944426],[31.524691535078848,30.270864181299707],[31.52467331814321,30.270869791339283],[31.524675613338754,30.270875403705954],[31.524693830274398,30.2708697944426]]]}},{"type":"Feature","properties":{"Electric_Facility_Type":"بيلر","Easting":"031° 31' 50.46\" E","Northing":"30° 16' 11.32\" N","Description":null,"ID":"3_5/2/A","sectors":"القطاع السادس عشر","Implementing":"شركة الكتروالهانى","SHAPE_Length":5.838527614657204,"SHAPE_Area":1.6515012550815193,"__networkId":"electricity","__networkName":"شبكة الكهرباء","__layerId":"electricity_facilities","__layerName":"منشآت شبكة الكهرباء","__assetName":"منشآت الكهرباء","__geometryKind":"polygon","__featureIndex":881,"__length_m":5.84,"__area_m2":1.65,"__typeValue":"بيلر"},"geometry":{"type":"Polygon","coordinates":[[[31.53236859229417,30.26998020621434],[31.532368547378415,30.269974251651504],[31.532349218328438,30.269974362596475],[31.532349263244186,30.269980317159263],[31.53236859229417,30.26998020621434]]]}},{"type":"Feature","properties":{"Electric_Facility_Type":"بيلر","Easting":"031° 31' 47.43\" E","Northing":"30° 16' 11.41\" N","Description":null,"ID":"2_5/2/A","sectors":"القطاع السادس عشر","Implementing":"شركة الكتروالهانى","SHAPE_Length":5.838524990357904,"SHAPE_Area":1.651639559426012,"__networkId":"electricity","__networkName":"شبكة الكهرباء","__layerId":"electricity_facilities","__layerName":"منشآت شبكة الكهرباء","__assetName":"منشآت الكهرباء","__geometryKind":"polygon","__featureIndex":882,"__length_m":5.84,"__area_m2":1.65,"__typeValue":"بيلر"},"geometry":{"type":"Polygon","coordinates":[[[31.531529273866322,30.270006710415064],[31.531529228950568,30.270000755078033],[31.53150989990059,30.27000086369543],[31.531509946613006,30.270006819032446],[31.531529273866322,30.270006710415064]]]}},{"type":"Feature","properties":{"Electric_Facility_Type":"بيلر","Easting":"031° 31' 46.58\" E","Northing":"30° 16' 11.86\" N","Description":null,"ID":"3_4/2/A","sectors":"القطاع السادس عشر","Implementing":"شركة الكتروالهانى","SHAPE_Length":5.838625658450189,"SHAPE_Area":1.6516071654714086,"__networkId":"electricity","__networkName":"شبكة الكهرباء","__layerId":"electricity_facilities","__layerName":"منشآت شبكة الكهرباء","__assetName":"منشآت الكهرباء","__geometryKind":"polygon","__featureIndex":883,"__length_m":5.84,"__area_m2":1.65,"__typeValue":"بيلر"},"geometry":{"type":"Polygon","coordinates":[[[31.531290787328064,30.270131763875003],[31.531290743310638,30.270125808545558],[31.53127141426066,30.270125919490305],[31.53127145827812,30.270131874043948],[31.531290787328064,30.270131763875003]]]}},{"type":"Feature","properties":{"Electric_Facility_Type":"بيلر","Easting":"031° 30' 32.75\" E","Northing":"30° 16' 36.19\" N","Description":null,"ID":"3_5/5/B","sectors":"القطاع الرابع عشر","Implementing":"شركة الكتروالهانى","SHAPE_Length":5.8392045562185615,"SHAPE_Area":1.6518576778763827,"__networkId":"electricity","__networkName":"شبكة الكهرباء","__layerId":"electricity_facilities","__layerName":"منشآت شبكة الكهرباء","__assetName":"منشآت الكهرباء","__geometryKind":"polygon","__featureIndex":884,"__length_m":5.84,"__area_m2":1.65,"__typeValue":"بيلر"},"geometry":{"type":"Polygon","coordinates":[[[31.51076536016599,30.27688302315504],[31.51076442861303,30.276888922218028],[31.51078357979655,30.276891200696127],[31.510784511349506,30.27688529930588],[31.51076536016599,30.27688302315504]]]}},{"type":"Feature","properties":{"Electric_Facility_Type":"بيلر","Easting":"031° 30' 48.2\" E","Northing":"30° 16' 25.42\" N","Description":null,"ID":"1_8/3/B","sectors":"القطاع الرابع عشر","Implementing":"شركة الكتروالهانى","SHAPE_Length":5.850642878693307,"SHAPE_Area":1.6516344510408791,"__networkId":"electricity","__networkName":"شبكة الكهرباء","__layerId":"electricity_facilities","__layerName":"منشآت شبكة الكهرباء","__assetName":"منشآت الكهرباء","__geometryKind":"polygon","__featureIndex":885,"__length_m":5.85,"__area_m2":1.65,"__typeValue":"بيلر"},"geometry":{"type":"Polygon","coordinates":[[[31.515072136962957,30.273887036868462],[31.515065771500858,30.27388481185135],[31.51505854904596,30.273900373781142],[31.515064911813138,30.273902598022087],[31.515072136962957,30.273887036868462]]]}},{"type":"Feature","properties":{"Electric_Facility_Type":"بيلر","Easting":"031° 30' 40.38\" E","Northing":"30° 16' 35.86\" N","Description":null,"ID":"3_7/5/B","sectors":"القطاع الرابع عشر","Implementing":"شركة الكتروالهانى","SHAPE_Length":5.852593922070844,"SHAPE_Area":1.651645876770201,"__networkId":"electricity","__networkName":"شبكة الكهرباء","__layerId":"electricity_facilities","__layerName":"منشآت شبكة الكهرباء","__assetName":"منشآت الكهرباء","__geometryKind":"polygon","__featureIndex":886,"__length_m":5.85,"__area_m2":1.65,"__typeValue":"بيلر"},"geometry":{"type":"Polygon","coordinates":[[[31.51289720247239,30.27678677000837],[31.51289037527621,30.27678618351494],[31.51288846815288,30.276802879182117],[31.51289529534902,30.276803465675453],[31.51289720247239,30.27678677000837]]]}},{"type":"Feature","properties":{"Electric_Facility_Type":"بيلر","Easting":"031° 30' 38.12\" E","Northing":"30° 16' 35.13\" N","Description":null,"ID":"5_6/5/B","sectors":"القطاع الرابع عشر","Implementing":"شركة الكتروالهانى","SHAPE_Length":5.853121232877298,"SHAPE_Area":1.652146158129641,"__networkId":"electricity","__networkName":"شبكة الكهرباء","__layerId":"electricity_facilities","__layerName":"منشآت شبكة الكهرباء","__assetName":"منشآت الكهرباء","__geometryKind":"polygon","__featureIndex":887,"__length_m":5.85,"__area_m2":1.65,"__typeValue":"بيلر"},"geometry":{"type":"Polygon","coordinates":[[[31.512268679115845,30.27658410838603],[31.512261850123046,30.276583521891386],[31.512259942999705,30.276600216817297],[31.512266771992504,30.276600805639173],[31.512268679115845,30.27658410838603]]]}},{"type":"Feature","properties":{"Electric_Facility_Type":"بيلر","Easting":"031° 30' 39.42\" E","Northing":"30° 16' 25.58\" N","Description":null,"ID":"1_6/3/B","sectors":"القطاع الرابع عشر","Implementing":"شركة الكتروالهانى","SHAPE_Length":5.852504431092326,"SHAPE_Area":1.6515557214341747,"__networkId":"electricity","__networkName":"شبكة الكهرباء","__layerId":"electricity_facilities","__layerName":"منشآت شبكة الكهرباء","__assetName":"منشآت الكهرباء","__geometryKind":"polygon","__featureIndex":888,"__length_m":5.85,"__area_m2":1.65,"__typeValue":"بيلر"},"geometry":{"type":"Polygon","coordinates":[[[31.512621095388322,30.27394634193378],[31.512627921686164,30.27394692844419],[31.512629828809537,30.27393023306694],[31.512623001613356,30.273929645004856],[31.512621095388322,30.27394634193378]]]}},{"type":"Feature","properties":{"Electric_Facility_Type":"بيلر","Easting":"031° 30' 45.16\" E","Northing":"30° 16' 25.32\" N","Description":null,"ID":"5_8/3/B","sectors":"القطاع الرابع عشر","Implementing":"شركة الكتروالهانى","SHAPE_Length":5.852375262072988,"SHAPE_Area":1.651562318977647,"__networkId":"electricity","__networkName":"شبكة الكهرباء","__layerId":"electricity_facilities","__layerName":"منشآت شبكة الكهرباء","__assetName":"منشآت الكهرباء","__geometryKind":"polygon","__featureIndex":889,"__length_m":5.85,"__area_m2":1.65,"__typeValue":"بيلر"},"geometry":{"type":"Polygon","coordinates":[[[31.514224952886494,30.273857407208695],[31.514218125690324,30.273856820697752],[31.51421621946531,30.273873516087427],[31.514223046661453,30.273874102598327],[31.514224952886494,30.273857407208695]]]}},{"type":"Feature","properties":{"Electric_Facility_Type":"بيلر","Easting":"031° 30' 42.43\" E","Northing":"30° 16' 27.59\" N","Description":null,"ID":"2_7/3/B","sectors":"القطاع الرابع عشر","Implementing":"شركة الكتروالهانى","SHAPE_Length":5.852394995327014,"SHAPE_Area":1.651507112192578,"__networkId":"electricity","__networkName":"شبكة الكهرباء","__layerId":"electricity_facilities","__layerName":"منشآت شبكة الكهرباء","__assetName":"منشآت الكهرباء","__geometryKind":"polygon","__featureIndex":890,"__length_m":5.85,"__area_m2":1.65,"__typeValue":"بيلر"},"geometry":{"type":"Polygon","coordinates":[[[31.513458025195817,30.27450539881316],[31.513464852391987,30.274505986096045],[31.51346675861703,30.27448929003813],[31.513459932319186,30.274488703530913],[31.513458025195817,30.27450539881316]]]}},{"type":"Feature","properties":{"Electric_Facility_Type":"بيلر","Easting":"031° 30' 43.84\" E","Northing":"30° 16' 27.85\" N","Description":null,"ID":"3_7/3/B","sectors":"القطاع الرابع عشر","Implementing":"شركة الكتروالهانى","SHAPE_Length":5.853101601449186,"SHAPE_Area":1.6521385807151256,"__networkId":"electricity","__networkName":"شبكة الكهرباء","__layerId":"electricity_facilities","__layerName":"منشآت شبكة الكهرباء","__assetName":"منشآت الكهرباء","__geometryKind":"polygon","__featureIndex":891,"__length_m":5.85,"__area_m2":1.65,"__typeValue":"بيلر"},"geometry":{"type":"Polygon","coordinates":[[[31.513849218145864,30.27457696196007],[31.513856047138667,30.274577548466763],[31.513857953363672,30.274560853196785],[31.513851124370905,30.274560264362606],[31.513849218145864,30.27457696196007]]]}},{"type":"Feature","properties":{"Electric_Facility_Type":"بيلر","Easting":"031° 30' 46.46\" E","Northing":"30° 16' 29.25\" N","Description":null,"ID":"3_8/3/B","sectors":"القطاع الرابع عشر","Implementing":"شركة الكتروالهانى","SHAPE_Length":5.853101571357921,"SHAPE_Area":1.6521385812424405,"__networkId":"electricity","__networkName":"شبكة الكهرباء","__layerId":"electricity_facilities","__layerName":"منشآت شبكة الكهرباء","__assetName":"منشآت الكهرباء","__geometryKind":"polygon","__featureIndex":892,"__length_m":5.85,"__area_m2":1.65,"__typeValue":"بيلر"},"geometry":{"type":"Polygon","coordinates":[[[31.514577922521184,30.274967784852766],[31.51458475151398,30.274968372132875],[31.514586657739024,30.27495167615362],[31.514579828746218,30.274951088097595],[31.514577922521184,30.274967784852766]]]}},{"type":"Feature","properties":{"Electric_Facility_Type":"بيلر","Easting":"031° 30' 42.41\" E","Northing":"30° 16' 36.08\" N","Description":null,"ID":"5_7/5/B","sectors":"القطاع الرابع عشر","Implementing":"شركة الكتروالهانى","SHAPE_Length":5.852902694852624,"SHAPE_Area":1.6518605804043842,"__networkId":"electricity","__networkName":"شبكة الكهرباء","__layerId":"electricity_facilities","__layerName":"منشآت شبكة الكهرباء","__assetName":"منشآت الكهرباء","__geometryKind":"polygon","__featureIndex":893,"__length_m":5.85,"__area_m2":1.65,"__typeValue":"بيلر"},"geometry":{"type":"Polygon","coordinates":[[[31.513461880765025,30.276847559724686],[31.51345505177222,30.276846970904224],[31.513453147343842,30.27686366811266],[31.513459973641684,30.27686425538142],[31.513461880765025,30.276847559724686]]]}},{"type":"Feature","properties":{"Electric_Facility_Type":"بيلر","Easting":"031° 30' 45.34\" E","Northing":"30° 16' 37.67\" N","Description":null,"ID":"4_8/5/B","sectors":"القطاع الرابع عشر","Implementing":"شركة الكتروالهانى","SHAPE_Length":5.838966714660641,"SHAPE_Area":1.6516355817923256,"__networkId":"electricity","__networkName":"شبكة الكهرباء","__layerId":"electricity_facilities","__layerName":"منشآت شبكة الكهرباء","__assetName":"منشآت الكهرباء","__geometryKind":"polygon","__featureIndex":894,"__length_m":5.84,"__area_m2":1.65,"__typeValue":"بيلر"},"geometry":{"type":"Polygon","coordinates":[[[31.514280952064656,30.27730156172688],[31.514281839600184,30.2772956572582],[31.514262672246954,30.277293488174664],[31.514261783813126,30.277299392643425],[31.514280952064656,30.27730156172688]]]}},{"type":"Feature","properties":{"Electric_Facility_Type":"بيلر","Easting":"031° 30' 38.2\" E","Northing":"30° 16' 31.85\" N","Description":null,"ID":"2_4/5/B","sectors":"القطاع الرابع عشر","Implementing":"شركة الكتروالهانى","SHAPE_Length":5.852875424712573,"SHAPE_Area":1.6519957833187544,"__networkId":"electricity","__networkName":"شبكة الكهرباء","__layerId":"electricity_facilities","__layerName":"منشآت شبكة الكهرباء","__assetName":"منشآت الكهرباء","__geometryKind":"polygon","__featureIndex":895,"__length_m":5.85,"__area_m2":1.65,"__typeValue":"بيلر"},"geometry":{"type":"Polygon","coordinates":[[[31.51229092140228,30.27567273723225],[31.512284118460627,30.27567196842059],[31.512281618449208,30.275688604541237],[31.512288424085778,30.275689375680116],[31.51229092140228,30.27567273723225]]]}},{"type":"Feature","properties":{"Electric_Facility_Type":"بيلر","Easting":"031° 30' 33.48\" E","Northing":"30° 16' 31.17\" N","Description":null,"ID":"5_4/5/B","sectors":"القطاع الرابع عشر","Implementing":"شركة الكتروالهانى","SHAPE_Length":5.839087782565816,"SHAPE_Area":1.6518427579731818,"__networkId":"electricity","__networkName":"شبكة الكهرباء","__layerId":"electricity_facilities","__layerName":"منشآت شبكة الكهرباء","__assetName":"منشآت الكهرباء","__geometryKind":"polygon","__featureIndex":896,"__length_m":5.84,"__area_m2":1.65,"__typeValue":"بيلر"},"geometry":{"type":"Polygon","coordinates":[[[31.5109841367686,30.27549519976726],[31.51098502250747,30.27548929286253],[31.510965855154232,30.275487125290578],[31.510964969415365,30.27549302986807],[31.5109841367686,30.27549519976726]]]}},{"type":"Feature","properties":{"Electric_Facility_Type":"بيلر","Easting":"031° 30' 41.72\" E","Northing":"30° 16' 27.11\" N","Description":null,"ID":"1_7/3/B","sectors":"القطاع الرابع عشر","Implementing":"شركة الكتروالهانى","SHAPE_Length":5.839052997599128,"SHAPE_Area":1.6516596552613938,"__networkId":"electricity","__networkName":"شبكة الكهرباء","__layerId":"electricity_facilities","__layerName":"منشآت شبكة الكهرباء","__assetName":"منشآت الكهرباء","__geometryKind":"polygon","__featureIndex":897,"__length_m":5.84,"__area_m2":1.65,"__typeValue":"بيلر"},"geometry":{"type":"Polygon","coordinates":[[[31.513275303375476,30.27436904823593],[31.51327619180927,30.274363143590875],[31.513257022659438,30.274360974442473],[31.51325613602224,30.27436687908772],[31.513275303375476,30.27436904823593]]]}},{"type":"Feature","properties":{"Electric_Facility_Type":"بيلر","Easting":"031° 30' 46.25\" E","Northing":"30° 16' 32.05\" N","Description":null,"ID":"3_1/5/B","sectors":"القطاع الرابع عشر","Implementing":"شركة الكتروالهانى","SHAPE_Length":5.8388546766170615,"SHAPE_Area":1.6515835439732343,"__networkId":"electricity","__networkName":"شبكة الكهرباء","__layerId":"electricity_facilities","__layerName":"منشآت شبكة الكهرباء","__assetName":"منشآت الكهرباء","__geometryKind":"polygon","__featureIndex":898,"__length_m":5.84,"__area_m2":1.65,"__typeValue":"بيلر"},"geometry":{"type":"Polygon","coordinates":[[[31.514514463732887,30.27573129412964],[31.51451357619739,30.275737198692443],[31.51453274355059,30.275739367810374],[31.51453363108609,30.275733463247754],[31.514514463732887,30.27573129412964]]]}},{"type":"Feature","properties":{"Electric_Facility_Type":"بيلر","Easting":"031° 30' 45.25\" E","Northing":"30° 16' 29.66\" N","Description":null,"ID":"2_1/5/B","sectors":"القطاع الرابع عشر","Implementing":"شركة الكتروالهانى","SHAPE_Length":5.838716452147131,"SHAPE_Area":1.6515396998646465,"__networkId":"electricity","__networkName":"شبكة الكهرباء","__layerId":"electricity_facilities","__layerName":"منشآت شبكة الكهرباء","__assetName":"منشآت الكهرباء","__geometryKind":"polygon","__featureIndex":899,"__length_m":5.84,"__area_m2":1.65,"__typeValue":"بيلر"},"geometry":{"type":"Polygon","coordinates":[[[31.514256121731915,30.275075406007986],[31.514257010165714,30.27506950140537],[31.51423784281251,30.275067333824197],[31.514236955277017,30.275073238426888],[31.514256121731915,30.275075406007986]]]}},{"type":"Feature","properties":{"Electric_Facility_Type":"بيلر","Easting":"031° 30' 40.86\" E","Northing":"30° 16' 21.44\" N","Description":null,"ID":"5_5/3/B","sectors":"القطاع الرابع عشر","Implementing":"شركة الكتروالهانى","SHAPE_Length":5.838889316991274,"SHAPE_Area":1.6517070632571649,"__networkId":"electricity","__networkName":"شبكة الكهرباء","__layerId":"electricity_facilities","__layerName":"منشآت شبكة الكهرباء","__assetName":"منشآت الكهرباء","__geometryKind":"polygon","__featureIndex":900,"__length_m":5.84,"__area_m2":1.65,"__typeValue":"بيلر"},"geometry":{"type":"Polygon","coordinates":[[[31.513015911243897,30.272784770574034],[31.513015025505027,30.2727906753141],[31.513034191959928,30.272792844497204],[31.51303507859713,30.27278693820561],[31.513015911243897,30.272784770574034]]]}},{"type":"Feature","properties":{"Electric_Facility_Type":"بيلر","Easting":"031° 30' 42.33\" E","Northing":"30° 16' 20.4\" N","Description":null,"ID":"3_6/2/B","sectors":"القطاع الرابع عشر","Implementing":"شركة الكتروالهانى","SHAPE_Length":5.840721158852672,"SHAPE_Area":1.651507942184153,"__networkId":"electricity","__networkName":"شبكة الكهرباء","__layerId":"electricity_facilities","__layerName":"منشآت شبكة الكهرباء","__assetName":"منشآت الكهرباء","__geometryKind":"polygon","__featureIndex":901,"__length_m":5.84,"__area_m2":1.65,"__typeValue":"بيلر"},"geometry":{"type":"Polygon","coordinates":[[[31.513443467098323,30.27250482373289],[31.513446069517713,30.2724993146433],[31.513428184060402,30.272492949049273],[31.51342558164101,30.272498458139214],[31.513443467098323,30.27250482373289]]]}},{"type":"Feature","properties":{"Electric_Facility_Type":"بيلر","Easting":"031° 30' 43.04\" E","Northing":"30° 16' 18.82\" N","Description":null,"ID":"2_5/2/B","sectors":"القطاع الرابع عشر","Implementing":"شركة الكتروالهانى","SHAPE_Length":5.840678529646553,"SHAPE_Area":1.651785700343796,"__networkId":"electricity","__networkName":"شبكة الكهرباء","__layerId":"electricity_facilities","__layerName":"منشآت شبكة الكهرباء","__assetName":"منشآت الكهرباء","__geometryKind":"polygon","__featureIndex":902,"__length_m":5.84,"__area_m2":1.65,"__typeValue":"بيلر"},"geometry":{"type":"Polygon","coordinates":[[[31.513639399543276,30.27206785366898],[31.513642000166005,30.27206234222742],[31.51362411740365,30.272055978932507],[31.513621514085965,30.27206148959865],[31.513639399543276,30.27206785366898]]]}},{"type":"Feature","properties":{"Electric_Facility_Type":"بيلر","Easting":"031° 30' 45.31\" E","Northing":"30° 16' 19.67\" N","Description":null,"ID":"2_6/2/B","sectors":"القطاع الرابع عشر","Implementing":"شركة الكتروالهانى","SHAPE_Length":5.8409601981014605,"SHAPE_Area":1.6518451750414371,"__networkId":"electricity","__networkName":"شبكة الكهرباء","__layerId":"electricity_facilities","__layerName":"منشآت شبكة الكهرباء","__assetName":"منشآت الكهرباء","__geometryKind":"polygon","__featureIndex":903,"__length_m":5.84,"__area_m2":1.65,"__typeValue":"بيلر"},"geometry":{"type":"Polygon","coordinates":[[[31.51427034026621,30.27230396015468],[31.5142729435839,30.272298451053825],[31.51425505812662,30.272292085446765],[31.5142524548089,30.272297596875486],[31.51427034026621,30.27230396015468]]]}},{"type":"Feature","properties":{"Electric_Facility_Type":"بيلر","Easting":"031° 30' 39.55\" E","Northing":"30° 16' 24.67\" N","Description":null,"ID":"3_5/3/B","sectors":"القطاع الرابع عشر","Implementing":"شركة الكتروالهانى","SHAPE_Length":5.852651237115031,"SHAPE_Area":1.6518318197225783,"__networkId":"electricity","__networkName":"شبكة الكهرباء","__layerId":"electricity_facilities","__layerName":"منشآت شبكة الكهرباء","__assetName":"منشآت الكهرباء","__geometryKind":"polygon","__featureIndex":904,"__length_m":5.85,"__area_m2":1.65,"__typeValue":"بيلر"},"geometry":{"type":"Polygon","coordinates":[[[31.51266768112066,30.273677888921483],[31.512660876382387,30.2736771200942],[31.512658379065886,30.273693756552973],[31.512665182007538,30.273694526931706],[31.51266768112066,30.273677888921483]]]}},{"type":"Feature","properties":{"Electric_Facility_Type":"بيلر","Easting":"031° 30' 51.3\" E","Northing":"30° 16' 17.4\" N","Description":null,"ID":"1_2/2/B","sectors":"القطاع الرابع عشر","Implementing":"شركة الكتروالهانى","SHAPE_Length":5.840699274425145,"SHAPE_Area":1.651654615312146,"__networkId":"electricity","__networkName":"شبكة الكهرباء","__layerId":"electricity_facilities","__layerName":"منشآت شبكة الكهرباء","__assetName":"منشآت الكهرباء","__geometryKind":"polygon","__featureIndex":905,"__length_m":5.84,"__area_m2":1.65,"__typeValue":"بيلر"},"geometry":{"type":"Polygon","coordinates":[[[31.515933287147128,30.271672229283535],[31.515935890464817,30.27166671859554],[31.51591800500754,30.271660355274985],[31.515915402588146,30.271665864411716],[31.515933287147128,30.271672229283535]]]}},{"type":"Feature","properties":{"Electric_Facility_Type":"بيلر","Easting":"031° 30' 38.12\" E","Northing":"30° 16' 18.52\" N","Description":null,"ID":"4_1/2/C","sectors":"القطاع الرابع عشر","Implementing":"شركة الكتروالهانى","SHAPE_Length":5.84047979986358,"SHAPE_Area":1.6521153214570659,"__networkId":"electricity","__networkName":"شبكة الكهرباء","__layerId":"electricity_facilities","__layerName":"منشآت شبكة الكهرباء","__assetName":"منشآت الكهرباء","__geometryKind":"polygon","__featureIndex":906,"__length_m":5.84,"__area_m2":1.65,"__typeValue":"بيلر"},"geometry":{"type":"Polygon","coordinates":[[[31.51227542726027,30.27197767359766],[31.51227326501536,30.271972020175326],[31.512254920518966,30.271977307409202],[31.512257082763846,30.27198296083116],[31.51227542726027,30.27197767359766]]]}},{"type":"Feature","properties":{"Electric_Facility_Type":"بيلر","Easting":"031° 30' 49.99\" E","Northing":"30° 16' 20.06\" N","Description":null,"ID":"2_2/2/B","sectors":"القطاع الرابع عشر","Implementing":"شركة الكتروالهانى","SHAPE_Length":5.840720176711585,"SHAPE_Area":1.6517421430924148,"__networkId":"electricity","__networkName":"شبكة الكهرباء","__layerId":"electricity_facilities","__layerName":"منشآت شبكة الكهرباء","__assetName":"منشآت الكهرباء","__geometryKind":"polygon","__featureIndex":907,"__length_m":5.84,"__area_m2":1.65,"__typeValue":"بيلر"},"geometry":{"type":"Polygon","coordinates":[[[31.515568965502187,30.272412626156324],[31.515571568819876,30.272407115509896],[31.51555368515923,30.272400752237395],[31.515551080044876,30.272406261332513],[31.515568965502187,30.272412626156324]]]}},{"type":"Feature","properties":{"Electric_Facility_Type":"بيلر","Easting":"031° 30' 35.21\" E","Northing":"30° 16' 13.81\" N","Description":null,"ID":"3_3/2/C","sectors":"القطاع الرابع عشر","Implementing":"شركة الكتروالهانى","SHAPE_Length":5.8396378137701745,"SHAPE_Area":1.6514811811301184,"__networkId":"electricity","__networkName":"شبكة الكهرباء","__layerId":"electricity_facilities","__layerName":"منشآت شبكة الكهرباء","__assetName":"منشآت الكهرباء","__geometryKind":"polygon","__featureIndex":908,"__length_m":5.84,"__area_m2":1.65,"__typeValue":"بيلر"},"geometry":{"type":"Polygon","coordinates":[[[31.511468485911884,30.270668438743673],[31.51146647368565,30.27066274567846],[31.511447994441962,30.27066766291032],[31.511450004871563,30.270673355975244],[31.511468485911884,30.270668438743673]]]}},{"type":"Feature","properties":{"Electric_Facility_Type":"بيلر","Easting":"031° 30' 35.71\" E","Northing":"30° 16' 13.67\" N","Description":null,"ID":"4_3/2/C","sectors":"القطاع الرابع عشر","Implementing":"شركة الكتروالهانى","SHAPE_Length":5.839322469864765,"SHAPE_Area":1.6512984098203396,"__networkId":"electricity","__networkName":"شبكة الكهرباء","__layerId":"electricity_facilities","__layerName":"منشآت شبكة الكهرباء","__assetName":"منشآت الكهرباء","__geometryKind":"polygon","__featureIndex":909,"__length_m":5.84,"__area_m2":1.65,"__typeValue":"بيلر"},"geometry":{"type":"Polygon","coordinates":[[[31.511606416833878,30.270631113394703],[31.51160440730261,30.270625420327328],[31.511585928058878,30.270630338336897],[31.511587938488486,30.270636031403928],[31.511606416833878,30.270631113394703]]]}},{"type":"Feature","properties":{"Electric_Facility_Type":"بيلر","Easting":"031° 30' 37.57\" E","Northing":"30° 16' 16.82\" N","Description":null,"ID":"3_1/2/C","sectors":"القطاع الرابع عشر","Implementing":"شركة الكتروالهانى","SHAPE_Length":5.851240510114312,"SHAPE_Area":1.65165647879512,"__networkId":"electricity","__networkName":"شبكة الكهرباء","__layerId":"electricity_facilities","__layerName":"منشآت شبكة الكهرباء","__assetName":"منشآت الكهرباء","__geometryKind":"polygon","__featureIndex":910,"__length_m":5.85,"__area_m2":1.65,"__typeValue":"بيلر"},"geometry":{"type":"Polygon","coordinates":[[[31.512113494252194,30.271514586089673],[31.512120007038018,30.271512710140794],[31.512113913765443,30.27149678707302],[31.512107403674573,30.27149866379805],[31.512113494252194,30.271514586089673]]]}},{"type":"Feature","properties":{"Electric_Facility_Type":"بيلر","Easting":"031° 30' 40.19\" E","Northing":"30° 16' 14.9\" N","Description":null,"ID":"3_2/2/C","sectors":"القطاع الرابع عشر","Implementing":"شركة الكتروالهانى","SHAPE_Length":5.851303974254195,"SHAPE_Area":1.6517469969027414,"__networkId":"electricity","__networkName":"شبكة الكهرباء","__layerId":"electricity_facilities","__layerName":"منشآت شبكة الكهرباء","__assetName":"منشآت الكهرباء","__geometryKind":"polygon","__featureIndex":911,"__length_m":5.85,"__area_m2":1.65,"__typeValue":"بيلر"},"geometry":{"type":"Polygon","coordinates":[[[31.512841114360985,30.270980648323274],[31.512847626248472,30.270978772364252],[31.512841534772523,30.270962849209862],[31.51283502288503,30.27096472594504],[31.512841114360985,30.270980648323274]]]}},{"type":"Feature","properties":{"Electric_Facility_Type":"بيلر","Easting":"031° 30' 37.49\" E","Northing":"30° 16' 11.44\" N","Description":null,"ID":"4_4/2/B","sectors":"القطاع الرابع عشر","Implementing":"شركة الكتروالهانى","SHAPE_Length":5.840145498844066,"SHAPE_Area":1.6520066724322038,"__networkId":"electricity","__networkName":"شبكة الكهرباء","__layerId":"electricity_facilities","__layerName":"منشآت شبكة الكهرباء","__assetName":"منشآت الكهرباء","__geometryKind":"polygon","__featureIndex":912,"__length_m":5.84,"__area_m2":1.65,"__typeValue":"بيلر"},"geometry":{"type":"Polygon","coordinates":[[[31.512099763503095,30.270011119505543],[31.51209775307349,30.27000542485057],[31.512079272033137,30.270010342115356],[31.512081284259366,30.270016037545908],[31.512099763503095,30.270011119505543]]]}},{"type":"Feature","properties":{"Electric_Facility_Type":"بيلر","Easting":"031° 30' 40.56\" E","Northing":"30° 16' 18.26\" N","Description":null,"ID":"5_1/2/C","sectors":"القطاع الرابع عشر","Implementing":"شركة الكتروالهانى","SHAPE_Length":5.850924543240458,"SHAPE_Area":1.651336531751388,"__networkId":"electricity","__networkName":"شبكة الكهرباء","__layerId":"electricity_facilities","__layerName":"منشآت شبكة الكهرباء","__assetName":"منشآت الكهرباء","__geometryKind":"polygon","__featureIndex":913,"__length_m":5.85,"__area_m2":1.65,"__typeValue":"بيلر"},"geometry":{"type":"Polygon","coordinates":[[[31.512943268978443,30.271914046781923],[31.512949779069313,30.271912170840686],[31.512943687593392,30.2718962478377],[31.512937177502522,30.271898124555086],[31.512943268978443,30.271914046781923]]]}},{"type":"Feature","properties":{"Electric_Facility_Type":"بيلر","Easting":"031° 30' 40.65\" E","Northing":"30° 16' 16.18\" N","Description":null,"ID":"4_2/2/C","sectors":"القطاع الرابع عشر","Implementing":"شركة الكتروالهانى","SHAPE_Length":5.851240674685034,"SHAPE_Area":1.6517446619154328,"__networkId":"electricity","__networkName":"شبكة الكهرباء","__layerId":"electricity_facilities","__layerName":"منشآت شبكة الكهرباء","__assetName":"منشآت الكهرباء","__geometryKind":"polygon","__featureIndex":914,"__length_m":5.85,"__area_m2":1.65,"__typeValue":"بيلر"},"geometry":{"type":"Polygon","coordinates":[[[31.512966617989335,30.271336087610724],[31.51297312987683,30.27133421088259],[31.512967038400873,30.2713182885617],[31.512960526513385,30.271320165290142],[31.512966617989335,30.271336087610724]]]}},{"type":"Feature","properties":{"Electric_Facility_Type":"بيلر","Easting":"031° 30' 36.0\" E","Northing":"30° 16' 15.05\" N","Description":null,"ID":"5_3/2/C","sectors":"القطاع الرابع عشر","Implementing":"شركة الكتروالهانى","SHAPE_Length":5.851366729082237,"SHAPE_Area":1.6517711864637756,"__networkId":"electricity","__networkName":"شبكة الكهرباء","__layerId":"electricity_facilities","__layerName":"منشآت شبكة الكهرباء","__assetName":"منشآت الكهرباء","__geometryKind":"polygon","__featureIndex":915,"__length_m":5.85,"__area_m2":1.65,"__typeValue":"بيلر"},"geometry":{"type":"Polygon","coordinates":[[[31.511675410142658,30.27102144382952],[31.511681922928446,30.27101956709537],[31.5116758296559,30.27100364472345],[31.5116693186667,30.271005520682053],[31.511675410142658,30.27102144382952]]]}},{"type":"Feature","properties":{"Electric_Facility_Type":"بيلر","Easting":"031° 30' 39.89\" E","Northing":"30° 16' 12.52\" N","Description":null,"ID":"2_4/2/B","sectors":"القطاع الرابع عشر","Implementing":"شركة الكتروالهانى","SHAPE_Length":5.839630348027095,"SHAPE_Area":1.6514985791581676,"__networkId":"electricity","__networkName":"شبكة الكهرباء","__layerId":"electricity_facilities","__layerName":"منشآت شبكة الكهرباء","__assetName":"منشآت الكهرباء","__geometryKind":"polygon","__featureIndex":916,"__length_m":5.84,"__area_m2":1.65,"__typeValue":"بيلر"},"geometry":{"type":"Polygon","coordinates":[[[31.5127669656208,30.270311370110367],[31.512764952496237,30.270305677024457],[31.512746474150845,30.27031059505005],[31.512748484580445,30.27031628813569],[31.5127669656208,30.270311370110367]]]}},{"type":"Feature","properties":{"Electric_Facility_Type":"بيلر","Easting":"031° 30' 45.73\" E","Northing":"30° 16' 17.24\" N","Description":null,"ID":"4_5/2/B","sectors":"القطاع الرابع عشر","Implementing":"شركة الكتروالهانى","SHAPE_Length":5.850735523149787,"SHAPE_Area":1.651935980874359,"__networkId":"electricity","__networkName":"شبكة الكهرباء","__layerId":"electricity_facilities","__layerName":"منشآت شبكة الكهرباء","__assetName":"منشآت الكهرباء","__geometryKind":"polygon","__featureIndex":917,"__length_m":5.85,"__area_m2":1.65,"__typeValue":"بيلر"},"geometry":{"type":"Polygon","coordinates":[[[31.514372835345203,30.271627526213518],[31.51437918823088,30.27162977765986],[31.514386496924033,30.271614246403125],[31.514380143140027,30.27161199495648],[31.514372835345203,30.271627526213518]]]}},{"type":"Feature","properties":{"Electric_Facility_Type":"بيلر","Easting":"031° 30' 45.0\" E","Northing":"30° 16' 18.8\" N","Description":null,"ID":"5_5/2/B","sectors":"القطاع الرابع عشر","Implementing":"شركة الكتروالهانى","SHAPE_Length":5.850386566272286,"SHAPE_Area":1.6515313764832569,"__networkId":"electricity","__networkName":"شبكة الكهرباء","__layerId":"electricity_facilities","__layerName":"منشآت شبكة الكهرباء","__assetName":"منشآت الكهرباء","__geometryKind":"polygon","__featureIndex":918,"__length_m":5.85,"__area_m2":1.65,"__typeValue":"بيلر"},"geometry":{"type":"Polygon","coordinates":[[[31.51417008109399,30.27206292176668],[31.514176432183035,30.272065173978813],[31.514183740876188,30.27204964279102],[31.514177389787143,30.27204739057847],[31.51417008109399,30.27206292176668]]]}},{"type":"Feature","properties":{"Electric_Facility_Type":"بيلر","Easting":"031° 30' 42.85\" E","Northing":"30° 16' 17.99\" N","Description":null,"ID":"3_5/2/B","sectors":"القطاع الرابع عشر","Implementing":"شركة الكتروالهانى","SHAPE_Length":5.851072114076813,"SHAPE_Area":1.651896682731656,"__networkId":"electricity","__networkName":"شبكة الكهرباء","__layerId":"electricity_facilities","__layerName":"منشآت شبكة الكهرباء","__assetName":"منشآت الكهرباء","__geometryKind":"polygon","__featureIndex":919,"__length_m":5.85,"__area_m2":1.65,"__typeValue":"بيلر"},"geometry":{"type":"Polygon","coordinates":[[[31.513572926907187,30.27183665525463],[31.513579279792864,30.271838907471967],[31.513586588486017,30.271823373920864],[31.513580237396965,30.271821122479018],[31.513572926907187,30.27183665525463]]]}},{"type":"Feature","properties":{"Electric_Facility_Type":"بيلر","Easting":"031° 30' 46.93\" E","Northing":"30° 16' 19.46\" N","Description":null,"ID":"1_5/2/B","sectors":"القطاع الرابع عشر","Implementing":"شركة الكتروالهانى","SHAPE_Length":5.851072719631871,"SHAPE_Area":1.6521694236995448,"__networkId":"electricity","__networkName":"شبكة الكهرباء","__layerId":"electricity_facilities","__layerName":"منشآت شبكة الكهرباء","__assetName":"منشآت الكهرباء","__geometryKind":"polygon","__featureIndex":920,"__length_m":5.85,"__area_m2":1.65,"__typeValue":"بيلر"},"geometry":{"type":"Polygon","coordinates":[[[31.51470653701535,30.27224481003707],[31.514712890799352,30.272247063796698],[31.51472019859421,30.27223153108596],[31.5147138457085,30.272229278877642],[31.51470653701535,30.27224481003707]]]}},{"type":"Feature","properties":{"Electric_Facility_Type":"بيلر","Easting":"031° 30' 48.56\" E","Northing":"30° 16' 15.97\" N","Description":null,"ID":"5_2/2/B","sectors":"القطاع الرابع عشر","Implementing":"شركة الكتروالهانى","SHAPE_Length":5.850495640136863,"SHAPE_Area":1.6516502084946416,"__networkId":"electricity","__networkName":"شبكة الكهرباء","__layerId":"electricity_facilities","__layerName":"منشآت شبكة الكهرباء","__assetName":"منشآت الكهرباء","__geometryKind":"polygon","__featureIndex":921,"__length_m":5.85,"__area_m2":1.65,"__typeValue":"بيلر"},"geometry":{"type":"Polygon","coordinates":[[[31.51515902291555,30.27127735818474],[31.515165374004603,30.271279609639066],[31.51517268359608,30.271264078326972],[31.515166330710375,30.271261826872248],[31.51515902291555,30.27127735818474]]]}},{"type":"Feature","properties":{"Electric_Facility_Type":"بيلر","Easting":"031° 30' 48.52\" E","Northing":"30° 16' 17.82\" N","Description":null,"ID":"4_2/2/B","sectors":"القطاع الرابع عشر","Implementing":"شركة الكتروالهانى","SHAPE_Length":5.8407982841675175,"SHAPE_Area":1.6516938715824683,"__networkId":"electricity","__networkName":"شبكة الكهرباء","__layerId":"electricity_facilities","__layerName":"منشآت شبكة الكهرباء","__assetName":"منشآت الكهرباء","__geometryKind":"polygon","__featureIndex":922,"__length_m":5.84,"__area_m2":1.65,"__typeValue":"بيلر"},"geometry":{"type":"Polygon","coordinates":[[[31.515163037486545,30.271790269496247],[31.5151656318211,30.271784757263198],[31.515147735583987,30.27177841179433],[31.515145143944398,30.271783926355184],[31.515163037486545,30.271790269496247]]]}},{"type":"Feature","properties":{"Electric_Facility_Type":"بيلر","Easting":"031° 30' 49.83\" E","Northing":"30° 16' 18.69\" N","Description":null,"ID":"3_2/2/B","sectors":"القطاع الرابع عشر","Implementing":"شركة الكتروالهانى","SHAPE_Length":5.850235325008342,"SHAPE_Area":1.6514210045485722,"__networkId":"electricity","__networkName":"شبكة الكهرباء","__layerId":"electricity_facilities","__layerName":"منشآت شبكة الكهرباء","__assetName":"منشآت الكهرباء","__geometryKind":"polygon","__featureIndex":923,"__length_m":5.85,"__area_m2":1.65,"__typeValue":"بيلر"},"geometry":{"type":"Polygon","coordinates":[[[31.51550990127226,30.27203094624468],[31.515516252361305,30.272033197681772],[31.51552356015616,30.272017666488857],[31.515517209067085,30.27201541505141],[31.51550990127226,30.27203094624468]]]}},{"type":"Feature","properties":{"Electric_Facility_Type":"بيلر","Easting":"031° 30' 46.65\" E","Northing":"30° 16' 15.27\" N","Description":null,"ID":"5_3/2/B","sectors":"القطاع الرابع عشر","Implementing":"شركة الكتروالهانى","SHAPE_Length":5.850386577236807,"SHAPE_Area":1.6515313835437995,"__networkId":"electricity","__networkName":"شبكة الكهرباء","__layerId":"electricity_facilities","__layerName":"منشآت شبكة الكهرباء","__assetName":"منشآت الكهرباء","__geometryKind":"polygon","__featureIndex":924,"__length_m":5.85,"__area_m2":1.65,"__typeValue":"بيلر"},"geometry":{"type":"Polygon","coordinates":[[[31.51462873303027,30.271081420167558],[31.514635084119355,30.271083672402213],[31.514642392812505,30.271068141059068],[31.514636041723424,30.271065888824058],[31.51462873303027,30.271081420167558]]]}},{"type":"Feature","properties":{"Electric_Facility_Type":"بيلر","Easting":"031° 30' 42.87\" E","Northing":"30° 16' 12.37\" N","Description":null,"ID":"4_3/2/B","sectors":"القطاع الرابع عشر","Implementing":"شركة الكتروالهانى","SHAPE_Length":5.846618295980591,"SHAPE_Area":1.6516419687782764,"__networkId":"electricity","__networkName":"شبكة الكهرباء","__layerId":"electricity_facilities","__layerName":"منشآت شبكة الكهرباء","__assetName":"منشآت الكهرباء","__geometryKind":"polygon","__featureIndex":925,"__length_m":5.85,"__area_m2":1.65,"__typeValue":"بيلر"},"geometry":{"type":"Polygon","coordinates":[[[31.51357980979888,30.270261130051157],[31.513574642689377,30.27026504724986],[31.513587355647267,30.27027768562601],[31.513592523655102,30.270273768427863],[31.51357980979888,30.270261130051157]]]}},{"type":"Feature","properties":{"Electric_Facility_Type":"بيلر","Easting":"031° 30' 44.16\" E","Northing":"30° 16' 13.58\" N","Description":null,"ID":"3_3/2/B","sectors":"القطاع الرابع عشر","Implementing":"شركة الكتروالهانى","SHAPE_Length":5.846618295980278,"SHAPE_Area":1.6516419687782764,"__networkId":"electricity","__networkName":"شبكة الكهرباء","__layerId":"electricity_facilities","__layerName":"منشآت شبكة الكهرباء","__assetName":"منشآت الكهرباء","__geometryKind":"polygon","__featureIndex":926,"__length_m":5.85,"__area_m2":1.65,"__typeValue":"بيلر"},"geometry":{"type":"Polygon","coordinates":[[[31.513940533691116,30.27059604415655],[31.51393536658161,30.27059996134184],[31.513948079539503,30.27061259967493],[31.513953247547335,30.27060868249009],[31.513940533691116,30.27059604415655]]]}},{"type":"Feature","properties":{"Electric_Facility_Type":"بيلر","Easting":"031° 30' 44.48\" E","Northing":"30° 16' 14.51\" N","Description":null,"ID":"1_3/2/B","sectors":"القطاع الرابع عشر","Implementing":"شركة الكتروالهانى","SHAPE_Length":5.850311276414758,"SHAPE_Area":1.651502349864611,"__networkId":"electricity","__networkName":"شبكة الكهرباء","__layerId":"electricity_facilities","__layerName":"منشآت شبكة الكهرباء","__assetName":"منشآت الكهرباء","__geometryKind":"polygon","__featureIndex":927,"__length_m":5.85,"__area_m2":1.65,"__typeValue":"بيلر"},"geometry":{"type":"Polygon","coordinates":[[[31.514024523475232,30.270869920903177],[31.514030874564316,30.270872173142685],[31.514038182359137,30.270856641766077],[31.514031831270085,30.270854389526214],[31.514024523475232,30.270869920903177]]]}},{"type":"Feature","properties":{"Electric_Facility_Type":"بيلر","Easting":"031° 30' 42.52\" E","Northing":"30° 16' 12.04\" N","Description":null,"ID":"1_4/2/B","sectors":"القطاع الرابع عشر","Implementing":"شركة الكتروالهانى","SHAPE_Length":5.846627878836964,"SHAPE_Area":1.651698180051073,"__networkId":"electricity","__networkName":"شبكة الكهرباء","__layerId":"electricity_facilities","__layerName":"منشآت شبكة الكهرباء","__assetName":"منشآت الكهرباء","__geometryKind":"polygon","__featureIndex":928,"__length_m":5.85,"__area_m2":1.65,"__typeValue":"بيلر"},"geometry":{"type":"Polygon","coordinates":[[[31.51348412844134,30.27017061238242],[31.513478960433538,30.27017452958474],[31.513491673391425,30.270187167972587],[31.51349684139926,30.27018325077078],[31.51348412844134,30.27017061238242]]]}},{"type":"Feature","properties":{"Electric_Facility_Type":"بيلر","Easting":"031° 30' 40.54\" E","Northing":"30° 16' 11.37\" N","Description":null,"ID":"3_4/2/B","sectors":"القطاع الرابع عشر","Implementing":"شركة الكتروالهانى","SHAPE_Length":5.84647755842539,"SHAPE_Area":1.6515352728179182,"__networkId":"electricity","__networkName":"شبكة الكهرباء","__layerId":"electricity_facilities","__layerName":"منشآت شبكة الكهرباء","__assetName":"منشآت الكهرباء","__geometryKind":"polygon","__featureIndex":929,"__length_m":5.85,"__area_m2":1.65,"__typeValue":"بيلر"},"geometry":{"type":"Polygon","coordinates":[[[31.512934325351473,30.269983986876642],[31.51292915824197,30.26998790408635],[31.51294187119986,30.27000054249823],[31.5129470383094,30.269996625289032],[31.512934325351473,30.269983986876642]]]}},{"type":"Feature","properties":{"Electric_Facility_Type":"بيلر","Easting":"031° 30' 43.75\" E","Northing":"30° 16' 16.06\" N","Description":null,"ID":"2_3/2/B","sectors":"القطاع الرابع عشر","Implementing":"شركة الكتروالهانى","SHAPE_Length":5.8506468898836985,"SHAPE_Area":1.6517605960937827,"__networkId":"electricity","__networkName":"شبكة الكهرباء","__layerId":"electricity_facilities","__layerName":"منشآت شبكة الكهرباء","__assetName":"منشآت الكهرباء","__geometryKind":"polygon","__featureIndex":930,"__length_m":5.85,"__area_m2":1.65,"__typeValue":"بيلر"},"geometry":{"type":"Polygon","coordinates":[[[31.51382269179384,30.27130089992265],[31.513829042882882,30.271303152152335],[31.513836353372668,30.27128762084391],[31.51383000048699,30.27128536861393],[31.51382269179384,30.27130089992265]]]}},{"type":"Feature","properties":{"Electric_Facility_Type":"بيلر","Easting":"031° 30' 35.02\" E","Northing":"30° 16' 14.56\" N","Description":null,"ID":"1_3/2/C","sectors":"القطاع الرابع عشر","Implementing":"شركة الكتروالهانى","SHAPE_Length":5.850924545577866,"SHAPE_Area":1.6513365326523495,"__networkId":"electricity","__networkName":"شبكة الكهرباء","__layerId":"electricity_facilities","__layerName":"منشآت شبكة الكهرباء","__assetName":"منشآت الكهرباء","__geometryKind":"polygon","__featureIndex":931,"__length_m":5.85,"__area_m2":1.65,"__typeValue":"بيلر"},"geometry":{"type":"Polygon","coordinates":[[[31.511402948422038,30.270887745635914],[31.511409458512908,30.270885868899214],[31.51140336703696,30.270869946505602],[31.51139685694609,30.27087182246677],[31.511402948422038,30.270887745635914]]]}},{"type":"Feature","properties":{"Electric_Facility_Type":"بيلر","Easting":"031° 30' 42.13\" E","Northing":"30° 16' 24.51\" N","Description":null,"ID":"4_4/3/B","sectors":"القطاع الرابع عشر","Implementing":"شركة الكتروالهانى","SHAPE_Length":5.839054242871901,"SHAPE_Area":1.6516530809253287,"__networkId":"electricity","__networkName":"شبكة الكهرباء","__layerId":"electricity_facilities","__layerName":"منشآت شبكة الكهرباء","__assetName":"منشآت الكهرباء","__geometryKind":"polygon","__featureIndex":932,"__length_m":5.84,"__area_m2":1.65,"__typeValue":"بيلر"},"geometry":{"type":"Polygon","coordinates":[[[31.513387520022423,30.273645874359296],[31.513388666272753,30.27364000303048],[31.513369608513994,30.27363720002945],[31.51336846226367,30.273643071358375],[31.513387520022423,30.273645874359296]]]}},{"type":"Feature","properties":{"Electric_Facility_Type":"بيلر","Easting":"031° 30' 35.11\" E","Northing":"30° 16' 30.64\" N","Description":null,"ID":"1_4/5/B","sectors":"القطاع الرابع عشر","Implementing":"شركة الكتروالهانى","SHAPE_Length":5.838880582305887,"SHAPE_Area":1.6516711066073864,"__networkId":"electricity","__networkName":"شبكة الكهرباء","__layerId":"electricity_facilities","__layerName":"منشآت شبكة الكهرباء","__assetName":"منشآت الكهرباء","__geometryKind":"polygon","__featureIndex":933,"__length_m":5.84,"__area_m2":1.65,"__typeValue":"بيلر"},"geometry":{"type":"Polygon","coordinates":[[[31.511439095730747,30.27534812673274],[31.51143998416458,30.275342221370714],[31.51142081681134,30.275340052243944],[31.511419929275842,30.275345956830293],[31.511439095730747,30.27534812673274]]]}},{"type":"Feature","properties":{"Electric_Facility_Type":"بيلر","Easting":"031° 30' 39.58\" E","Northing":"30° 16' 30.37\" N","Description":null,"ID":"4_3/5/B","sectors":"القطاع الرابع عشر","Implementing":"شركة الكتروالهانى","SHAPE_Length":5.8395361193259205,"SHAPE_Area":1.6521700908408175,"__networkId":"electricity","__networkName":"شبكة الكهرباء","__layerId":"electricity_facilities","__layerName":"منشآت شبكة الكهرباء","__assetName":"منشآت الكهرباء","__geometryKind":"polygon","__featureIndex":934,"__length_m":5.84,"__area_m2":1.65,"__typeValue":"بيلر"},"geometry":{"type":"Polygon","coordinates":[[[31.51267916877651,30.275273336832875],[31.51268005631201,30.27526742991473],[31.512660887162152,30.275265260786366],[31.512660001423274,30.275271166928775],[31.51267916877651,30.275273336832875]]]}},{"type":"Feature","properties":{"Electric_Facility_Type":"بيلر","Easting":"031° 30' 47.4\" E","Northing":"30° 16' 22.95\" N","Description":null,"ID":"5_6/2/B","sectors":"القطاع الرابع عشر","Implementing":"شركة الكتروالهانى","SHAPE_Length":5.8405484540141215,"SHAPE_Area":1.6514940182347853,"__networkId":"electricity","__networkName":"شبكة الكهرباء","__layerId":"electricity_facilities","__layerName":"منشآت شبكة الكهرباء","__assetName":"منشآت الكهرباء","__geometryKind":"polygon","__featureIndex":935,"__length_m":5.84,"__area_m2":1.65,"__typeValue":"بيلر"},"geometry":{"type":"Polygon","coordinates":[[[31.514850379750243,30.27321455419217],[31.51485294264373,30.273209031177718],[31.51483501406729,30.27320276027898],[31.514832450275474,30.273208283293737],[31.514850379750243,30.27321455419217]]]}},{"type":"Feature","properties":{"Electric_Facility_Type":"بيلر","Easting":"031° 30' 49.79\" E","Northing":"30° 16' 21.91\" N","Description":null,"ID":"4_6/2/B","sectors":"القطاع الرابع عشر","Implementing":"شركة الكتروالهانى","SHAPE_Length":5.850698352989312,"SHAPE_Area":1.6517203986588775,"__networkId":"electricity","__networkName":"شبكة الكهرباء","__layerId":"electricity_facilities","__layerName":"منشآت شبكة الكهرباء","__assetName":"منشآت الكهرباء","__geometryKind":"polygon","__featureIndex":936,"__length_m":5.85,"__area_m2":1.65,"__typeValue":"بيلر"},"geometry":{"type":"Polygon","coordinates":[[[31.51549932810136,30.27292543223146],[31.51550569176683,30.272927657270273],[31.515512916018356,30.27291209518631],[31.515506550556257,30.272909870922923],[31.51549932810136,30.27292543223146]]]}},{"type":"Feature","properties":{"Electric_Facility_Type":"بيلر","Easting":"031° 30' 39.15\" E","Northing":"30° 16' 14.68\" N","Description":null,"ID":"2_2/2/C","sectors":"القطاع الرابع عشر","Implementing":"شركة الكتروالهانى","SHAPE_Length":5.839946894566262,"SHAPE_Area":1.6517316768724617,"__networkId":"electricity","__networkName":"شبكة الكهرباء","__layerId":"electricity_facilities","__layerName":"منشآت شبكة الكهرباء","__assetName":"منشآت الكهرباء","__geometryKind":"polygon","__featureIndex":937,"__length_m":5.84,"__area_m2":1.65,"__typeValue":"بيلر"},"geometry":{"type":"Polygon","coordinates":[[[31.512561710459828,30.270910628786396],[31.51255970003023,30.27090493573528],[31.512541218989906,30.2709098537308],[31.51254323121614,30.270915548333377],[31.512561710459828,30.270910628786396]]]}},{"type":"Feature","properties":{"Electric_Facility_Type":"بيلر","Easting":"031° 30' 40.1\" E","Northing":"30° 16' 17.45\" N","Description":null,"ID":"5_2/2/C","sectors":"القطاع الرابع عشر","Implementing":"شركة الكتروالهانى","SHAPE_Length":5.839763111484297,"SHAPE_Area":1.651508569141177,"__networkId":"electricity","__networkName":"شبكة الكهرباء","__layerId":"electricity_facilities","__layerName":"منشآت شبكة الكهرباء","__assetName":"منشآت الكهرباء","__geometryKind":"polygon","__featureIndex":938,"__length_m":5.84,"__area_m2":1.65,"__typeValue":"بيلر"},"geometry":{"type":"Polygon","coordinates":[[[31.51282640444821,30.271680763362635],[31.51282439491691,30.27167507035612],[31.512805912978255,30.271679988313117],[31.512807925204488,30.271685681319337],[31.51282640444821,30.271680763362635]]]}},{"type":"Feature","properties":{"Electric_Facility_Type":"بيلر","Easting":"031° 30' 38.8\" E","Northing":"30° 16' 16.02\" N","Description":null,"ID":"1_2/2/C","sectors":"القطاع الرابع عشر","Implementing":"شركة الكتروالهانى","SHAPE_Length":5.851494109384757,"SHAPE_Area":1.6517522003630056,"__networkId":"electricity","__networkName":"شبكة الكهرباء","__layerId":"electricity_facilities","__layerName":"منشآت شبكة الكهرباء","__assetName":"منشآت الكهرباء","__geometryKind":"polygon","__featureIndex":939,"__length_m":5.85,"__area_m2":1.65,"__typeValue":"بيلر"},"geometry":{"type":"Polygon","coordinates":[[[31.51245288046147,30.271293219221835],[31.51245939145067,30.271291340941254],[31.51245329997472,30.27127541783757],[31.512446788985553,30.271277294566765],[31.51245288046147,30.271293219221835]]]}},{"type":"Feature","properties":{"Electric_Facility_Type":"بيلر","Easting":"031° 30' 58.25\" E","Northing":"30° 16' 30.55\" N","Description":null,"ID":"2_9/3/B","sectors":"القطاع الثالث عشر","Implementing":"شركة الكتروالهانى","SHAPE_Length":5.839410614446162,"SHAPE_Area":1.6520832960451588,"__networkId":"electricity","__networkName":"شبكة الكهرباء","__layerId":"electricity_facilities","__layerName":"منشآت شبكة الكهرباء","__assetName":"منشآت الكهرباء","__geometryKind":"polygon","__featureIndex":940,"__length_m":5.84,"__area_m2":1.65,"__typeValue":"بيلر"},"geometry":{"type":"Polygon","coordinates":[[[31.517867219816665,30.275322895504768],[31.517868135199937,30.275316992468664],[31.51784897772817,30.275314755071232],[31.517848062344928,30.275320658107486],[31.517867219816665,30.275322895504768]]]}},{"type":"Feature","properties":{"Electric_Facility_Type":"بيلر","Easting":"031° 30' 39.28\" E","Northing":"30° 16' 20.35\" N","Description":null,"ID":"1_1/2/C","sectors":"القطاع الرابع عشر","Implementing":"شركة الكتروالهانى","SHAPE_Length":5.851366722001485,"SHAPE_Area":1.6517711780384727,"__networkId":"electricity","__networkName":"شبكة الكهرباء","__layerId":"electricity_facilities","__layerName":"منشآت شبكة الكهرباء","__assetName":"منشآت الكهرباء","__geometryKind":"polygon","__featureIndex":941,"__length_m":5.85,"__area_m2":1.65,"__typeValue":"بيلر"},"geometry":{"type":"Polygon","coordinates":[[[31.512586506656643,30.272493917271248],[31.51259301764581,30.272492041341142],[31.512586926169853,30.272476118432234],[31.512580413384068,30.272477995138473],[31.512586506656643,30.272493917271248]]]}},{"type":"Feature","properties":{"Electric_Facility_Type":"بيلر","Easting":"031° 30' 55.58\" E","Northing":"30° 16' 39.31\" N","Description":null,"ID":"4_6/4/B","sectors":"القطاع الثالث عشر","Implementing":"شركة الكتروالهانى","SHAPE_Length":5.852534611745132,"SHAPE_Area":1.6516998725637124,"__networkId":"electricity","__networkName":"شبكة الكهرباء","__layerId":"electricity_facilities","__layerName":"منشآت شبكة الكهرباء","__assetName":"منشآت الكهرباء","__geometryKind":"polygon","__featureIndex":942,"__length_m":5.85,"__area_m2":1.65,"__typeValue":"بيلر"},"geometry":{"type":"Polygon","coordinates":[[[31.517109996626026,30.277760898200935],[31.517116795076095,30.277761696475736],[31.517119385817356,30.277745070015815],[31.517112586468997,30.27774427251667],[31.517109996626026,30.277760898200935]]]}},{"type":"Feature","properties":{"Electric_Facility_Type":"بيلر","Easting":"031° 30' 57.89\" E","Northing":"30° 16' 39.57\" N","Description":null,"ID":"5_6/4/B","sectors":"القطاع الثالث عشر","Implementing":"شركة الكتروالهانى","SHAPE_Length":5.852534608416315,"SHAPE_Area":1.6516998750019147,"__networkId":"electricity","__networkName":"شبكة الكهرباء","__layerId":"electricity_facilities","__layerName":"منشآت شبكة الكهرباء","__assetName":"منشآت الكهرباء","__geometryKind":"polygon","__featureIndex":943,"__length_m":5.85,"__area_m2":1.65,"__typeValue":"بيلر"},"geometry":{"type":"Polygon","coordinates":[[[31.51776300446393,30.277817709130353],[31.517756206013857,30.277816911631728],[31.517753615272564,30.27783353730369],[31.51776041462096,30.277834335577896],[31.51776300446393,30.277817709130353]]]}},{"type":"Feature","properties":{"Electric_Facility_Type":"بيلر","Easting":"031° 31' 6.66\" E","Northing":"30° 16' 40.58\" N","Description":null,"ID":"3_8/4/B","sectors":"القطاع الثالث عشر","Implementing":"شركة الكتروالهانى","SHAPE_Length":5.852753362322817,"SHAPE_Area":1.6518584333149768,"__networkId":"electricity","__networkName":"شبكة الكهرباء","__layerId":"electricity_facilities","__layerName":"منشآت شبكة الكهرباء","__assetName":"منشآت الكهرباء","__geometryKind":"polygon","__featureIndex":944,"__length_m":5.85,"__area_m2":1.65,"__typeValue":"بيلر"},"geometry":{"type":"Polygon","coordinates":[[[31.5201983632503,30.27809844296882],[31.52019156210531,30.278097656333337],[31.52018901178822,30.27811428738814],[31.520195812933213,30.278115074023482],[31.5201983632503,30.27809844296882]]]}},{"type":"Feature","properties":{"Electric_Facility_Type":"بيلر","Easting":"031° 30' 59.97\" E","Northing":"30° 16' 39.79\" N","Description":null,"ID":"3_6/4/B","sectors":"القطاع الثالث عشر","Implementing":"شركة الكتروالهانى","SHAPE_Length":5.852906487171618,"SHAPE_Area":1.6520944992438258,"__networkId":"electricity","__networkName":"شبكة الكهرباء","__layerId":"electricity_facilities","__layerName":"منشآت شبكة الكهرباء","__assetName":"منشآت الكهرباء","__geometryKind":"polygon","__featureIndex":945,"__length_m":5.85,"__area_m2":1.65,"__typeValue":"بيلر"},"geometry":{"type":"Polygon","coordinates":[[[31.518329249418432,30.277894053298386],[31.518336050563455,30.27789484769322],[31.518338627829998,30.277878219704338],[31.51833182668497,30.27787742608516],[31.518329249418432,30.277894053298386]]]}},{"type":"Feature","properties":{"Electric_Facility_Type":"بيلر","Easting":"031° 31' 4.35\" E","Northing":"30° 16' 40.34\" N","Description":null,"ID":"3_7/4/B","sectors":"القطاع الثالث عشر","Implementing":"شركة الكتروالهانى","SHAPE_Length":5.852865779880452,"SHAPE_Area":1.651910484195935,"__networkId":"electricity","__networkName":"شبكة الكهرباء","__layerId":"electricity_facilities","__layerName":"منشآت شبكة الكهرباء","__assetName":"منشآت الكهرباء","__geometryKind":"polygon","__featureIndex":946,"__length_m":5.85,"__area_m2":1.65,"__typeValue":"بيلر"},"geometry":{"type":"Polygon","coordinates":[[[31.519545583584502,30.278047831420192],[31.51955238472949,30.27804861805607],[31.519554935046585,30.278031986990154],[31.519548133901594,30.27803119957835],[31.519545583584502,30.278047831420192]]]}},{"type":"Feature","properties":{"Electric_Facility_Type":"بيلر","Easting":"031° 31' 9.22\" E","Northing":"30° 16' 40.56\" N","Description":null,"ID":"2_8/4/B","sectors":"القطاع الثالث عشر","Implementing":"شركة الكتروالهانى","SHAPE_Length":5.85288871935129,"SHAPE_Area":1.6518838498745652,"__networkId":"electricity","__networkName":"شبكة الكهرباء","__layerId":"electricity_facilities","__layerName":"منشآت شبكة الكهرباء","__assetName":"منشآت الكهرباء","__geometryKind":"polygon","__featureIndex":947,"__length_m":5.85,"__area_m2":1.65,"__typeValue":"بيلر"},"geometry":{"type":"Polygon","coordinates":[[[31.520909520833182,30.278091048284924],[31.52090269363704,30.278090454817306],[31.520900763157474,30.278107148711086],[31.520907590353655,30.278107742178594],[31.520909520833182,30.278091048284924]]]}},{"type":"Feature","properties":{"Electric_Facility_Type":"بيلر","Easting":"031° 30' 55.9\" E","Northing":"30° 16' 33.05\" N","Description":null,"ID":"1_4/4/B","sectors":"القطاع الثالث عشر","Implementing":"شركة الكتروالهانى","SHAPE_Length":5.852921310786353,"SHAPE_Area":1.6519990718643993,"__networkId":"electricity","__networkName":"شبكة الكهرباء","__layerId":"electricity_facilities","__layerName":"منشآت شبكة الكهرباء","__assetName":"منشآت الكهرباء","__geometryKind":"polygon","__featureIndex":948,"__length_m":5.85,"__area_m2":1.65,"__typeValue":"بيلر"},"geometry":{"type":"Polygon","coordinates":[[[31.517198157288004,30.276020685558382],[31.51720495663637,30.276021481519997],[31.517207540191155,30.276004853213696],[31.51720073904613,30.276004058027763],[31.517198157288004,30.276020685558382]]]}},{"type":"Feature","properties":{"Electric_Facility_Type":"بيلر","Easting":"031° 30' 58.31\" E","Northing":"30° 16' 33.3\" N","Description":null,"ID":"3_4/4/B","sectors":"القطاع الثالث عشر","Implementing":"شركة الكتروالهانى","SHAPE_Length":5.852507790567511,"SHAPE_Area":1.6517496246059191,"__networkId":"electricity","__networkName":"شبكة الكهرباء","__layerId":"electricity_facilities","__layerName":"منشآت شبكة الكهرباء","__assetName":"منشآت الكهرباء","__geometryKind":"polygon","__featureIndex":949,"__length_m":5.85,"__area_m2":1.65,"__typeValue":"بيلر"},"geometry":{"type":"Polygon","coordinates":[[[31.5178680031476,30.27609134768352],[31.517874802495964,30.2760921451961],[31.517877392338928,30.276075519229135],[31.517870592990565,30.276074721716423],[31.5178680031476,30.27609134768352]]]}},{"type":"Feature","properties":{"Electric_Facility_Type":"بيلر","Easting":"031° 31' 0.15\" E","Northing":"30° 16' 33.27\" N","Description":null,"ID":"2_3/4/B","sectors":"القطاع الثالث عشر","Implementing":"شركة الكتروالهانى","SHAPE_Length":5.852475393504752,"SHAPE_Area":1.6516681716436041,"__networkId":"electricity","__networkName":"شبكة الكهرباء","__layerId":"electricity_facilities","__layerName":"منشآت شبكة الكهرباء","__assetName":"منشآت الكهرباء","__geometryKind":"polygon","__featureIndex":950,"__length_m":5.85,"__area_m2":1.65,"__typeValue":"بيلر"},"geometry":{"type":"Polygon","coordinates":[[[31.518381311280717,30.276066687628568],[31.518378718742827,30.27608331359703],[31.518385518091186,30.27608411110968],[31.518388109730783,30.276067485141354],[31.518381311280717,30.276066687628568]]]}},{"type":"Feature","properties":{"Electric_Facility_Type":"بيلر","Easting":"031° 31' 0.21\" E","Northing":"30° 16' 38.2\" N","Description":null,"ID":"2_6/4/B","sectors":"القطاع الثالث عشر","Implementing":"شركة الكتروالهانى","SHAPE_Length":5.852442725165749,"SHAPE_Area":1.6517306809012218,"__networkId":"electricity","__networkName":"شبكة الكهرباء","__layerId":"electricity_facilities","__layerName":"منشآت شبكة الكهرباء","__assetName":"منشآت الكهرباء","__geometryKind":"polygon","__featureIndex":951,"__length_m":5.85,"__area_m2":1.65,"__typeValue":"بيلر"},"geometry":{"type":"Polygon","coordinates":[[[31.51840664287343,30.277436175913707],[31.518399841728407,30.27743538849718],[31.518397291411315,30.277452019664207],[31.51840409255634,30.277452804753278],[31.51840664287343,30.277436175913707]]]}},{"type":"Feature","properties":{"Electric_Facility_Type":"بيلر","Easting":"031° 31' 2.53\" E","Northing":"30° 16' 38.48\" N","Description":null,"ID":"5_7/4/B","sectors":"القطاع الثالث عشر","Implementing":"شركة الكتروالهانى","SHAPE_Length":5.8526746408585915,"SHAPE_Area":1.6519206440517067,"__networkId":"electricity","__networkName":"شبكة الكهرباء","__layerId":"electricity_facilities","__layerName":"منشآت شبكة الكهرباء","__assetName":"منشآت الكهرباء","__geometryKind":"polygon","__featureIndex":952,"__length_m":5.85,"__area_m2":1.65,"__typeValue":"بيلر"},"geometry":{"type":"Polygon","coordinates":[[[31.51904024081298,30.277530430016494],[31.519047056331022,30.277531122787217],[31.519049303017567,30.2775144590509],[31.519042487499522,30.27751376783158],[31.51904024081298,30.277530430016494]]]}},{"type":"Feature","properties":{"Electric_Facility_Type":"بيلر","Easting":"031° 31' 2.85\" E","Northing":"30° 16' 36.36\" N","Description":null,"ID":"4_2/4/B","sectors":"القطاع الثالث عشر","Implementing":"شركة الكتروالهانى","SHAPE_Length":5.852674644127504,"SHAPE_Area":1.6519206478863344,"__networkId":"electricity","__networkName":"شبكة الكهرباء","__layerId":"electricity_facilities","__layerName":"منشآت شبكة الكهرباء","__assetName":"منشآت الكهرباء","__geometryKind":"polygon","__featureIndex":953,"__length_m":5.85,"__area_m2":1.65,"__typeValue":"بيلر"},"geometry":{"type":"Polygon","coordinates":[[[31.51913060144908,30.276940843111504],[31.51913741696716,30.276941535886383],[31.519139663653664,30.27692487204996],[31.519132848135627,30.27692418082648],[31.51913060144908,30.276940843111504]]]}},{"type":"Feature","properties":{"Electric_Facility_Type":"بيلر","Easting":"031° 31' 4.6\" E","Northing":"30° 16' 38.68\" N","Description":null,"ID":"2_7/4/B","sectors":"القطاع الثالث عشر","Implementing":"شركة الكتروالهانى","SHAPE_Length":5.852700329903742,"SHAPE_Area":1.6518016642180944,"__networkId":"electricity","__networkName":"شبكة الكهرباء","__layerId":"electricity_facilities","__layerName":"منشآت شبكة الكهرباء","__assetName":"منشآت الكهرباء","__geometryKind":"polygon","__featureIndex":954,"__length_m":5.85,"__area_m2":1.65,"__typeValue":"بيلر"},"geometry":{"type":"Polygon","coordinates":[[[31.519624787144785,30.277570824050144],[31.51961798599976,30.277570038962022],[31.51961543568267,30.27758667010622],[31.519622236827693,30.27758745519427],[31.519624787144785,30.277570824050144]]]}},{"type":"Feature","properties":{"Electric_Facility_Type":"بيلر","Easting":"031° 30' 58.47\" E","Northing":"30° 16' 35.87\" N","Description":null,"ID":"1_5/4/B","sectors":"القطاع الثالث عشر","Implementing":"شركة الكتروالهانى","SHAPE_Length":5.8525347211903735,"SHAPE_Area":1.6517784613319568,"__networkId":"electricity","__networkName":"شبكة الكهرباء","__layerId":"electricity_facilities","__layerName":"منشآت شبكة الكهرباء","__assetName":"منشآت الكهرباء","__geometryKind":"polygon","__featureIndex":955,"__length_m":5.85,"__area_m2":1.65,"__typeValue":"بيلر"},"geometry":{"type":"Polygon","coordinates":[[[31.517913112049577,30.276806268586054],[31.51791991139798,30.276807066868678],[31.51792250124094,30.27679044102283],[31.517915701892548,30.276789642740127],[31.517913112049577,30.276806268586054]]]}},{"type":"Feature","properties":{"Electric_Facility_Type":"بيلر","Easting":"031° 30' 57.56\" E","Northing":"30° 16' 34.79\" N","Description":null,"ID":"5_5/4/B","sectors":"القطاع الثالث عشر","Implementing":"شركة الكتروالهانى","SHAPE_Length":5.83932551070375,"SHAPE_Area":1.6519866840013093,"__networkId":"electricity","__networkName":"شبكة الكهرباء","__layerId":"electricity_facilities","__layerName":"منشآت شبكة الكهرباء","__assetName":"منشآت الكهرباء","__geometryKind":"polygon","__featureIndex":956,"__length_m":5.84,"__area_m2":1.65,"__typeValue":"بيلر"},"geometry":{"type":"Polygon","coordinates":[[[31.51767578882963,30.27650154371288],[31.51767670780616,30.276495640747658],[31.51765755213102,30.276493392516134],[31.517656633154488,30.276499293929884],[31.51767578882963,30.27650154371288]]]}},{"type":"Feature","properties":{"Electric_Facility_Type":"بيلر","Easting":"031° 31' 4.8\" E","Northing":"30° 16' 35.64\" N","Description":null,"ID":"3_2/4/B","sectors":"القطاع الثالث عشر","Implementing":"شركة الكتروالهانى","SHAPE_Length":5.838831916185549,"SHAPE_Area":1.6516235759468656,"__networkId":"electricity","__networkName":"شبكة الكهرباء","__layerId":"electricity_facilities","__layerName":"منشآت شبكة الكهرباء","__assetName":"منشآت الكهرباء","__geometryKind":"polygon","__featureIndex":957,"__length_m":5.84,"__area_m2":1.65,"__typeValue":"بيلر"},"geometry":{"type":"Polygon","coordinates":[[[31.519685258136434,30.276736328456078],[31.51968617531633,30.276730427056577],[31.51966701964123,30.27672818503664],[31.519666102461322,30.27673408643633],[31.519685258136434,30.276736328456078]]]}},{"type":"Feature","properties":{"Electric_Facility_Type":"بيلر","Easting":"031° 31' 0.0\" E","Northing":"30° 16' 35.08\" N","Description":null,"ID":"1_2/4/B","sectors":"القطاع الثالث عشر","Implementing":"شركة الكتروالهانى","SHAPE_Length":5.839019598523458,"SHAPE_Area":1.651732533514933,"__networkId":"electricity","__networkName":"شبكة الكهرباء","__layerId":"electricity_facilities","__layerName":"منشآت شبكة الكهرباء","__assetName":"منشآت الكهرباء","__geometryKind":"polygon","__featureIndex":958,"__length_m":5.84,"__area_m2":1.65,"__typeValue":"بيلر"},"geometry":{"type":"Polygon","coordinates":[[[31.518352542733734,30.276580742248],[31.518353461710266,30.27657484083909],[31.51833430603516,30.27657259493671],[31.51833338705863,30.276578496345767],[31.518352542733734,30.276580742248]]]}},{"type":"Feature","properties":{"Electric_Facility_Type":"بيلر","Easting":"031° 31' 2.42\" E","Northing":"30° 16' 35.36\" N","Description":null,"ID":"5_2/4/B","sectors":"القطاع الثالث عشر","Implementing":"شركة الكتروالهانى","SHAPE_Length":5.839262014460148,"SHAPE_Area":1.6518677705878275,"__networkId":"electricity","__networkName":"شبكة الكهرباء","__layerId":"electricity_facilities","__layerName":"منشآت شبكة الكهرباء","__assetName":"منشآت الكهرباء","__geometryKind":"polygon","__featureIndex":959,"__length_m":5.84,"__area_m2":1.65,"__typeValue":"بيلر"},"geometry":{"type":"Polygon","coordinates":[[[31.519025715054845,30.27665987943213],[31.519026687930303,30.276653985010046],[31.519007552916435,30.27665160567428],[31.519006580040976,30.27665750164805],[31.519025715054845,30.27665987943213]]]}},{"type":"Feature","properties":{"Electric_Facility_Type":"بيلر","Easting":"031° 31' 7.96\" E","Northing":"30° 16' 37.4\" N","Description":null,"ID":"5_8/4/B","sectors":"القطاع الثالث عشر","Implementing":"شركة الكتروالهانى","SHAPE_Length":5.839325002110453,"SHAPE_Area":1.6518856950937615,"__networkId":"electricity","__networkName":"شبكة الكهرباء","__layerId":"electricity_facilities","__layerName":"منشآت شبكة الكهرباء","__assetName":"منشآت الكهرباء","__geometryKind":"polygon","__featureIndex":960,"__length_m":5.84,"__area_m2":1.65,"__typeValue":"بيلر"},"geometry":{"type":"Polygon","coordinates":[[[31.520543817579338,30.27721768891386],[31.520542911179234,30.277223591835646],[31.520562071345925,30.27722581057078],[31.520562979542657,30.277219907649116],[31.520543817579338,30.27721768891386]]]}},{"type":"Feature","properties":{"Electric_Facility_Type":"بيلر","Easting":"031° 31' 7.23\" E","Northing":"30° 16' 35.92\" N","Description":null,"ID":"2_2/4/B","sectors":"القطاع الثالث عشر","Implementing":"شركة الكتروالهانى","SHAPE_Length":4.711671700096062,"SHAPE_Area":1.07549052107258,"__networkId":"electricity","__networkName":"شبكة الكهرباء","__layerId":"electricity_facilities","__layerName":"منشآت شبكة الكهرباء","__assetName":"منشآت الكهرباء","__geometryKind":"polygon","__featureIndex":961,"__length_m":4.71,"__area_m2":1.08,"__typeValue":"بيلر"},"geometry":{"type":"Polygon","coordinates":[[[31.520358279540563,30.27681423279276],[31.52035901885404,30.27680947025001],[31.52034356154295,30.27680766111985],[31.520342821331145,30.276812422886888],[31.520358279540563,30.27681423279276]]]}},{"type":"Feature","properties":{"Electric_Facility_Type":"بيلر","Easting":"031° 31' 4.1\" E","Northing":"30° 16' 36.95\" N","Description":null,"ID":"1_7/4/B","sectors":"القطاع الثالث عشر","Implementing":"شركة الكتروالهانى","SHAPE_Length":5.839462001945456,"SHAPE_Area":1.6518698418436681,"__networkId":"electricity","__networkName":"شبكة الكهرباء","__layerId":"electricity_facilities","__layerName":"منشآت شبكة الكهرباء","__assetName":"منشآت الكهرباء","__geometryKind":"polygon","__featureIndex":962,"__length_m":5.84,"__area_m2":1.65,"__typeValue":"بيلر"},"geometry":{"type":"Polygon","coordinates":[[[31.5194912768323,30.27710212609546],[31.519492336844348,30.277096242560912],[31.51947323776309,30.277093649895637],[31.519472177751044,30.277099533430338],[31.5194912768323,30.27710212609546]]]}},{"type":"Feature","properties":{"Electric_Facility_Type":"بيلر","Easting":"031° 30' 59.7\" E","Northing":"30° 16' 36.44\" N","Description":null,"ID":"1_6/4/B","sectors":"القطاع الثالث عشر","Implementing":"شركة الكتروالهانى","SHAPE_Length":5.839252237976814,"SHAPE_Area":1.6520323387670524,"__networkId":"electricity","__networkName":"شبكة الكهرباء","__layerId":"electricity_facilities","__layerName":"منشآت شبكة الكهرباء","__assetName":"منشآت الكهرباء","__geometryKind":"polygon","__featureIndex":963,"__length_m":5.84,"__area_m2":1.65,"__typeValue":"بيلر"},"geometry":{"type":"Polygon","coordinates":[[[31.51826786933169,30.276960420012763],[31.51826877213854,30.27695451552355],[31.51824961017522,30.276952309194815],[31.518248708266672,30.276958213684154],[31.51826786933169,30.276960420012763]]]}},{"type":"Feature","properties":{"Electric_Facility_Type":"بيلر","Easting":"031° 30' 55.33\" E","Northing":"30° 16' 35.93\" N","Description":null,"ID":"4_5/4/B","sectors":"القطاع الثالث عشر","Implementing":"شركة الكتروالهانى","SHAPE_Length":5.839426523020344,"SHAPE_Area":1.6519889792979698,"__networkId":"electricity","__networkName":"شبكة الكهرباء","__layerId":"electricity_facilities","__layerName":"منشآت شبكة الكهرباء","__assetName":"منشآت الكهرباء","__geometryKind":"polygon","__featureIndex":964,"__length_m":5.84,"__area_m2":1.65,"__typeValue":"بيلر"},"geometry":{"type":"Polygon","coordinates":[[[31.517054663099447,30.276817090783776],[31.517055580279354,30.27681118938908],[31.517036422807617,30.276808946595253],[31.517035505627714,30.27681484954163],[31.517054663099447,30.276817090783776]]]}},{"type":"Feature","properties":{"Electric_Facility_Type":"بيلر","Easting":"031° 31' 3.12\" E","Northing":"30° 16' 39.75\" N","Description":null,"ID":"4_7/4/B","sectors":"القطاع الثالث عشر","Implementing":"شركة الكتروالهانى","SHAPE_Length":5.828758548614768,"SHAPE_Area":1.645837555611218,"__networkId":"electricity","__networkName":"شبكة الكهرباء","__layerId":"electricity_facilities","__layerName":"منشآت شبكة الكهرباء","__assetName":"منشآت الكهرباء","__geometryKind":"polygon","__featureIndex":965,"__length_m":5.83,"__area_m2":1.65,"__typeValue":"بيلر"},"geometry":{"type":"Polygon","coordinates":[[[31.51921981044501,30.277879318203627],[31.519220710556933,30.27787342618215],[31.519201581831272,30.277871222977172],[31.51920068171935,30.277877115774565],[31.51921981044501,30.277879318203627]]]}},{"type":"Feature","properties":{"Electric_Facility_Type":"بيلر","Easting":"031° 31' 0.4\" E","Northing":"30° 16' 31.67\" N","Description":null,"ID":"1_3/4/B","sectors":"القطاع الثالث عشر","Implementing":"شركة الكتروالهانى","SHAPE_Length":5.85297146890966,"SHAPE_Area":1.652088696436696,"__networkId":"electricity","__networkName":"شبكة الكهرباء","__layerId":"electricity_facilities","__layerName":"منشآت شبكة الكهرباء","__assetName":"منشآت الكهرباء","__geometryKind":"polygon","__featureIndex":966,"__length_m":5.85,"__area_m2":1.65,"__typeValue":"بيلر"},"geometry":{"type":"Polygon","coordinates":[[[31.518449112525108,30.275638988645255],[31.518455951399343,30.275639482826044],[31.518457553993834,30.27562276368708],[31.518450715119563,30.275622268730395],[31.518449112525108,30.275638988645255]]]}},{"type":"Feature","properties":{"Electric_Facility_Type":"بيلر","Easting":"031° 30' 59.78\" E","Northing":"30° 16' 32.79\" N","Description":null,"ID":"3_3/4/B","sectors":"القطاع الثالث عشر","Implementing":"شركة الكتروالهانى","SHAPE_Length":5.839100153929336,"SHAPE_Area":1.6517396671914124,"__networkId":"electricity","__networkName":"شبكة الكهرباء","__layerId":"electricity_facilities","__layerName":"منشآت شبكة الكهرباء","__assetName":"منشآت الكهرباء","__geometryKind":"polygon","__featureIndex":967,"__length_m":5.84,"__area_m2":1.65,"__typeValue":"بيلر"},"geometry":{"type":"Polygon","coordinates":[[[31.518289757681902,30.275944986167477],[31.51829067216688,30.275939085496137],[31.518271514695112,30.275936846561287],[31.51827060021017,30.27594274956018],[31.518289757681902,30.275944986167477]]]}},{"type":"Feature","properties":{"Electric_Facility_Type":"بيلر","Easting":"031° 30' 57.39\" E","Northing":"30° 16' 32.51\" N","Description":null,"ID":"2_4/4/B","sectors":"القطاع الثالث عشر","Implementing":"شركة الكتروالهانى","SHAPE_Length":5.838987613843777,"SHAPE_Area":1.6516279369764377,"__networkId":"electricity","__networkName":"شبكة الكهرباء","__layerId":"electricity_facilities","__layerName":"منشآت شبكة الكهرباء","__assetName":"منشآت الكهرباء","__geometryKind":"polygon","__featureIndex":968,"__length_m":5.84,"__area_m2":1.65,"__typeValue":"بيلر"},"geometry":{"type":"Polygon","coordinates":[[[31.517607917516628,30.275858978766223],[31.51760700303168,30.275864880218183],[31.51762616050342,30.275867117603013],[31.517627074988393,30.27586121615124],[31.517607917516628,30.275858978766223]]]}},{"type":"Feature","properties":{"Electric_Facility_Type":"بيلر","Easting":"031° 30' 55.78\" E","Northing":"30° 16' 30.25\" N","Description":null,"ID":"3_9/3/B","sectors":"القطاع الثالث عشر","Implementing":"شركة الكتروالهانى","SHAPE_Length":5.839410611248954,"SHAPE_Area":1.652083295165059,"__networkId":"electricity","__networkName":"شبكة الكهرباء","__layerId":"electricity_facilities","__layerName":"منشآت شبكة الكهرباء","__assetName":"منشآت الكهرباء","__geometryKind":"polygon","__featureIndex":969,"__length_m":5.84,"__area_m2":1.65,"__typeValue":"بيلر"},"geometry":{"type":"Polygon","coordinates":[[[31.51717895400215,30.275241347616547],[31.517179869385426,30.27523544457553],[31.517160711913697,30.27523320717625],[31.517159796530418,30.2752391102174],[31.51717895400215,30.275241347616547]]]}},{"type":"Feature","properties":{"Electric_Facility_Type":"بيلر","Easting":"031° 30' 57.32\" E","Northing":"30° 16' 29.77\" N","Description":null,"ID":"1_9/3/B","sectors":"القطاع الثالث عشر","Implementing":"شركة الكتروالهانى","SHAPE_Length":5.852586902134654,"SHAPE_Area":1.6518177149021884,"__networkId":"electricity","__networkName":"شبكة الكهرباء","__layerId":"electricity_facilities","__layerName":"منشآت شبكة الكهرباء","__assetName":"منشآت الكهرباء","__geometryKind":"polygon","__featureIndex":970,"__length_m":5.85,"__area_m2":1.65,"__typeValue":"بيلر"},"geometry":{"type":"Polygon","coordinates":[[[31.51759342948774,30.27511174130004],[31.517600245005784,30.2751124340879],[31.517602491692326,30.275095769940854],[31.51759567707258,30.275095078704492],[31.51759342948774,30.27511174130004]]]}},{"type":"Feature","properties":{"Electric_Facility_Type":"بيلر","Easting":"031° 30' 56.65\" E","Northing":"30° 16' 27.69\" N","Description":null,"ID":"5_9/3/B","sectors":"القطاع الثالث عشر","Implementing":"شركة الكتروالهانى","SHAPE_Length":5.851093671826927,"SHAPE_Area":1.6519927033986952,"__networkId":"electricity","__networkName":"شبكة الكهرباء","__layerId":"electricity_facilities","__layerName":"منشآت شبكة الكهرباء","__assetName":"منشآت الكهرباء","__geometryKind":"polygon","__featureIndex":971,"__length_m":5.85,"__area_m2":1.65,"__typeValue":"بيلر"},"geometry":{"type":"Polygon","coordinates":[[[31.51740660955304,30.27453066904145],[31.517412997473034,30.274532842840877],[31.517420058231153,30.274517225929344],[31.517413669412864,30.27451504980218],[31.51740660955304,30.27453066904145]]]}},{"type":"Feature","properties":{"Electric_Facility_Type":"بيلر","Easting":"031° 30' 56.16\" E","Northing":"30° 16' 28.78\" N","Description":null,"ID":"4_9/3/B","sectors":"القطاع الثالث عشر","Implementing":"شركة الكتروالهانى","SHAPE_Length":5.851353321235778,"SHAPE_Area":1.6521424162115297,"__networkId":"electricity","__networkName":"شبكة الكهرباء","__layerId":"electricity_facilities","__layerName":"منشآت شبكة الكهرباء","__assetName":"منشآت الكهرباء","__geometryKind":"polygon","__featureIndex":972,"__length_m":5.85,"__area_m2":1.65,"__typeValue":"بيلر"},"geometry":{"type":"Polygon","coordinates":[[[31.517283013946358,30.274821436401414],[31.517276625128066,30.274819261056752],[31.517269565268244,30.274834879471793],[31.517275953188236,30.274837055591927],[31.517283013946358,30.274821436401414]]]}},{"type":"Feature","properties":{"Electric_Facility_Type":"بيلر","Easting":"031° 30' 57.02\" E","Northing":"30° 16' 26.1\" N","Description":null,"ID":"3_2/3/B","sectors":"القطاع الثالث عشر","Implementing":"شركة الكتروالهانى","SHAPE_Length":5.8406483594004275,"SHAPE_Area":1.6516722689740169,"__networkId":"electricity","__networkName":"شبكة الكهرباء","__layerId":"electricity_facilities","__layerName":"منشآت شبكة الكهرباء","__assetName":"منشآت الكهرباء","__geometryKind":"polygon","__featureIndex":973,"__length_m":5.84,"__area_m2":1.65,"__typeValue":"بيلر"},"geometry":{"type":"Polygon","coordinates":[[[31.517507837109164,30.274077131342292],[31.517505329911202,30.27408267447886],[31.51752332496295,30.274088802573033],[31.517525831262624,30.274083259436864],[31.517507837109164,30.274077131342292]]]}},{"type":"Feature","properties":{"Electric_Facility_Type":"بيلر","Easting":"031° 31' 0.29\" E","Northing":"30° 16' 27.96\" N","Description":null,"ID":"2_2/3/B","sectors":"القطاع الثالث عشر","Implementing":"شركة الكتروالهانى","SHAPE_Length":5.850479205823475,"SHAPE_Area":1.6514828975472509,"__networkId":"electricity","__networkName":"شبكة الكهرباء","__layerId":"electricity_facilities","__layerName":"منشآت شبكة الكهرباء","__assetName":"منشآت الكهرباء","__geometryKind":"polygon","__featureIndex":974,"__length_m":5.85,"__area_m2":1.65,"__typeValue":"بيلر"},"geometry":{"type":"Polygon","coordinates":[[[31.51842993708703,30.27459342991726],[31.5184235509637,30.274591253791723],[31.518416491103878,30.27460687146723],[31.51842287722725,30.274609046816614],[31.51842993708703,30.27459342991726]]]}},{"type":"Feature","properties":{"Electric_Facility_Type":"بيلر","Easting":"031° 30' 58.78\" E","Northing":"30° 16' 26.7\" N","Description":null,"ID":"4_2/3/B","sectors":"القطاع الثالث عشر","Implementing":"شركة الكتروالهانى","SHAPE_Length":5.84051847728663,"SHAPE_Area":1.651604613685024,"__networkId":"electricity","__networkName":"شبكة الكهرباء","__layerId":"electricity_facilities","__layerName":"منشآت شبكة الكهرباء","__assetName":"منشآت الكهرباء","__geometryKind":"polygon","__featureIndex":975,"__length_m":5.84,"__area_m2":1.65,"__typeValue":"بيلر"},"geometry":{"type":"Polygon","coordinates":[[[31.518013122388467,30.274255277276108],[31.518015634078022,30.274249736476744],[31.517997642619488,30.27424359753133],[31.517995134523222,30.274249140658448],[31.518013122388467,30.274255277276108]]]}},{"type":"Feature","properties":{"Electric_Facility_Type":"بيلر","Easting":"031° 31' 0.12\" E","Northing":"30° 16' 24.97\" N","Description":null,"ID":"5_3/3/B","sectors":"القطاع الثالث عشر","Implementing":"شركة الكتروالهانى","SHAPE_Length":5.8408345474789085,"SHAPE_Area":1.6519189763448952,"__networkId":"electricity","__networkName":"شبكة الكهرباء","__layerId":"electricity_facilities","__layerName":"منشآت شبكة الكهرباء","__assetName":"منشآت الكهرباء","__geometryKind":"polygon","__featureIndex":976,"__length_m":5.84,"__area_m2":1.65,"__typeValue":"بيلر"},"geometry":{"type":"Polygon","coordinates":[[[31.51836802519768,30.273763228710973],[31.518365516203087,30.273768771865203],[31.51838350496663,30.273774910064546],[31.518386015757844,30.273769366910592],[31.51836802519768,30.273763228710973]]]}},{"type":"Feature","properties":{"Electric_Facility_Type":"بيلر","Easting":"031° 31' 3.5\" E","Northing":"30° 16' 22.0\" N","Description":null,"ID":"1_7/2/B","sectors":"القطاع الثالث عشر","Implementing":"شركة الكتروالهانى","SHAPE_Length":5.840574805598686,"SHAPE_Area":1.65169077248221,"__networkId":"electricity","__networkName":"شبكة الكهرباء","__layerId":"electricity_facilities","__layerName":"منشآت شبكة الكهرباء","__assetName":"منشآت الكهرباء","__geometryKind":"polygon","__featureIndex":977,"__length_m":5.84,"__area_m2":1.65,"__typeValue":"بيلر"},"geometry":{"type":"Polygon","coordinates":[[[31.519306337969827,30.272939375962476],[31.519303828975232,30.27294491916324],[31.519321817738774,30.272951055862443],[31.51932432853,30.272945514213625],[31.519306337969827,30.272939375962476]]]}},{"type":"Feature","properties":{"Electric_Facility_Type":"بيلر","Easting":"031° 31' 4.47\" E","Northing":"30° 16' 21.59\" N","Description":null,"ID":"4_7/2/B","sectors":"القطاع الثالث عشر","Implementing":"شركة الكتروالهانى","SHAPE_Length":5.851280577433875,"SHAPE_Area":1.6521143619323049,"__networkId":"electricity","__networkName":"شبكة الكهرباء","__layerId":"electricity_facilities","__layerName":"منشآت شبكة الكهرباء","__assetName":"منشآت الكهرباء","__geometryKind":"polygon","__featureIndex":978,"__length_m":5.85,"__area_m2":1.65,"__typeValue":"بيلر"},"geometry":{"type":"Polygon","coordinates":[[[31.51957687999068,30.272837246019826],[31.519583268808972,30.272839422184198],[31.51959032777046,30.272823802675852],[31.519583939850502,30.27282162728691],[31.51957687999068,30.272837246019826]]]}},{"type":"Feature","properties":{"Electric_Facility_Type":"بيلر","Easting":"031° 31' 3.36\" E","Northing":"30° 16' 23.94\" N","Description":null,"ID":"5_7/2/B","sectors":"القطاع الثالث عشر","Implementing":"شركة الكتروالهانى","SHAPE_Length":5.8510940841861245,"SHAPE_Area":1.6519528822753085,"__networkId":"electricity","__networkName":"شبكة الكهرباء","__layerId":"electricity_facilities","__layerName":"منشآت شبكة الكهرباء","__assetName":"منشآت الكهرباء","__geometryKind":"polygon","__featureIndex":979,"__length_m":5.85,"__area_m2":1.65,"__typeValue":"بيلر"},"geometry":{"type":"Polygon","coordinates":[[[31.519268577286837,30.273489804576595],[31.519274965206833,30.273491979950734],[31.519282025066655,30.273476361321997],[31.51927563714666,30.27347418594752],[31.519268577286837,30.273489804576595]]]}},{"type":"Feature","properties":{"Electric_Facility_Type":"بيلر","Easting":"031° 31' 9.1\" E","Northing":"30° 16' 23.09\" N","Description":null,"ID":"2_8/2/B","sectors":"القطاع الثالث عشر","Implementing":"شركة الكتروالهانى","SHAPE_Length":5.850631923637041,"SHAPE_Area":1.6514797101207161,"__networkId":"electricity","__networkName":"شبكة الكهرباء","__layerId":"electricity_facilities","__layerName":"منشآت شبكة الكهرباء","__assetName":"منشآت الكهرباء","__geometryKind":"polygon","__featureIndex":980,"__length_m":5.85,"__area_m2":1.65,"__typeValue":"بيلر"},"geometry":{"type":"Polygon","coordinates":[[[31.520862971033488,30.273252977109873],[31.520869358055155,30.273255150937665],[31.52087641701664,30.27323953227124],[31.52087003089331,30.27323735844311],[31.520862971033488,30.273252977109873]]]}},{"type":"Feature","properties":{"Electric_Facility_Type":"بيلر","Easting":"031° 31' 4.74\" E","Northing":"30° 16' 25.17\" N","Description":null,"ID":"4_8/2/B","sectors":"القطاع الثالث عشر","Implementing":"شركة الكتروالهانى","SHAPE_Length":5.840631414274705,"SHAPE_Area":1.6516869438369872,"__networkId":"electricity","__networkName":"شبكة الكهرباء","__layerId":"electricity_facilities","__layerName":"منشآت شبكة الكهرباء","__assetName":"منشآت الكهرباء","__geometryKind":"polygon","__featureIndex":981,"__length_m":5.84,"__area_m2":1.65,"__typeValue":"بيلر"},"geometry":{"type":"Polygon","coordinates":[[[31.51965314336503,30.27382037555207],[31.519650635268764,30.273825918703142],[31.519668624032313,30.273832055347203],[31.51967113482353,30.27382651374813],[31.51965314336503,30.27382037555207]]]}},{"type":"Feature","properties":{"Electric_Facility_Type":"بيلر","Easting":"031° 31' 3.46\" E","Northing":"30° 16' 25.8\" N","Description":null,"ID":"5_8/2/B","sectors":"القطاع الثالث عشر","Implementing":"شركة الكتروالهانى","SHAPE_Length":5.85064882196256,"SHAPE_Area":1.6515620356593645,"__networkId":"electricity","__networkName":"شبكة الكهرباء","__layerId":"electricity_facilities","__layerName":"منشآت شبكة الكهرباء","__assetName":"منشآت الكهرباء","__geometryKind":"polygon","__featureIndex":982,"__length_m":5.85,"__area_m2":1.65,"__typeValue":"بيلر"},"geometry":{"type":"Polygon","coordinates":[[[31.519312195883767,30.273991960175877],[31.519305809760436,30.27398978403707],[31.519298749900614,30.274005403359862],[31.519305136922274,30.274007577170988],[31.519312195883767,30.273991960175877]]]}},{"type":"Feature","properties":{"Electric_Facility_Type":"بيلر","Easting":"031° 31' 2.55\" E","Northing":"30° 16' 27.73\" N","Description":null,"ID":"2_1/3/B","sectors":"القطاع الثالث عشر","Implementing":"شركة الكتروالهانى","SHAPE_Length":5.850778187833335,"SHAPE_Area":1.651676712600488,"__networkId":"electricity","__networkName":"شبكة الكهرباء","__layerId":"electricity_facilities","__layerName":"منشآت شبكة الكهرباء","__assetName":"منشآت الكهرباء","__geometryKind":"polygon","__featureIndex":983,"__length_m":5.85,"__area_m2":1.65,"__typeValue":"بيلر"},"geometry":{"type":"Polygon","coordinates":[[[31.519059306656576,30.274529038303893],[31.519052919634916,30.27452686295274],[31.519045859775094,30.27454248141431],[31.519052246796754,30.2745446559893],[31.519059306656576,30.274529038303893]]]}},{"type":"Feature","properties":{"Electric_Facility_Type":"بيلر","Easting":"031° 31' 4.03\" E","Northing":"30° 16' 26.67\" N","Description":null,"ID":"2_9/2/B","sectors":"القطاع الثالث عشر","Implementing":"شركة الكتروالهانى","SHAPE_Length":5.840908053427693,"SHAPE_Area":1.6519469258990305,"__networkId":"electricity","__networkName":"شبكة الكهرباء","__layerId":"electricity_facilities","__layerName":"منشآت شبكة الكهرباء","__assetName":"منشآت الكهرباء","__geometryKind":"polygon","__featureIndex":984,"__length_m":5.84,"__area_m2":1.65,"__typeValue":"بيلر"},"geometry":{"type":"Polygon","coordinates":[[[31.519455869735374,30.274234515956604],[31.519453358944155,30.274240059084278],[31.51947134950436,30.27424619802991],[31.51947385849895,30.27424065490258],[31.519455869735374,30.274234515956604]]]}},{"type":"Feature","properties":{"Electric_Facility_Type":"بيلر","Easting":"031° 31' 2.77\" E","Northing":"30° 16' 29.34\" N","Description":null,"ID":"5_1/3/B","sectors":"القطاع الثالث عشر","Implementing":"شركة الكتروالهانى","SHAPE_Length":5.840648298692194,"SHAPE_Area":1.6517187192315745,"__networkId":"electricity","__networkName":"شبكة الكهرباء","__layerId":"electricity_facilities","__layerName":"منشآت شبكة الكهرباء","__assetName":"منشآت الكهرباء","__geometryKind":"polygon","__featureIndex":985,"__length_m":5.84,"__area_m2":1.65,"__typeValue":"بيلر"},"geometry":{"type":"Polygon","coordinates":[[[31.5191208161007,30.274989061147814],[31.51912332689192,30.274983519614064],[31.519105336331716,30.274977380714557],[31.51910282733716,30.274982923800273],[31.5191208161007,30.274989061147814]]]}},{"type":"Feature","properties":{"Electric_Facility_Type":"بيلر","Easting":"031° 31' 1.62\" E","Northing":"30° 16' 29.68\" N","Description":null,"ID":"1_1/3/B","sectors":"القطاع الثالث عشر","Implementing":"شركة الكتروالهانى","SHAPE_Length":5.8524760197001005,"SHAPE_Area":1.6517058603120143,"__networkId":"electricity","__networkName":"شبكة الكهرباء","__layerId":"electricity_facilities","__layerName":"منشآت شبكة الكهرباء","__assetName":"منشآت الكهرباء","__geometryKind":"polygon","__featureIndex":986,"__length_m":5.85,"__area_m2":1.65,"__typeValue":"بيلر"},"geometry":{"type":"Polygon","coordinates":[[[31.51879664286077,30.27507019652084],[31.518789828241026,30.275069505284364],[31.51878758155448,30.275086167884258],[31.51879439617423,30.27508686067224],[31.51879664286077,30.27507019652084]]]}},{"type":"Feature","properties":{"Electric_Facility_Type":"بيلر","Easting":"031° 31' 7.13\" E","Northing":"30° 16' 27.29\" N","Description":null,"ID":"3_9/2/B","sectors":"القطاع الثالث عشر","Implementing":"شركة الكتروالهانى","SHAPE_Length":5.8507615517439024,"SHAPE_Area":1.651464144281289,"__networkId":"electricity","__networkName":"شبكة الكهرباء","__layerId":"electricity_facilities","__layerName":"منشآت شبكة الكهرباء","__assetName":"منشآت الكهرباء","__geometryKind":"polygon","__featureIndex":987,"__length_m":5.85,"__area_m2":1.65,"__typeValue":"بيلر"},"geometry":{"type":"Polygon","coordinates":[[[31.52031560776794,30.27441994485004],[31.520321993891272,30.274422118651934],[31.520329053751095,30.274406499395447],[31.520322667627763,30.274404325593164],[31.52031560776794,30.27441994485004]]]}},{"type":"Feature","properties":{"Electric_Facility_Type":"بيلر","Easting":"031° 31' 5.37\" E","Northing":"30° 16' 28.94\" N","Description":null,"ID":"1_9/2/B","sectors":"القطاع الثالث عشر","Implementing":"شركة الكتروالهانى","SHAPE_Length":5.851167068825231,"SHAPE_Area":1.6518506962732626,"__networkId":"electricity","__networkName":"شبكة الكهرباء","__layerId":"electricity_facilities","__layerName":"منشآت شبكة الكهرباء","__assetName":"منشآت الكهرباء","__geometryKind":"polygon","__featureIndex":988,"__length_m":5.85,"__area_m2":1.65,"__typeValue":"بيلر"},"geometry":{"type":"Polygon","coordinates":[[[31.519829471875532,30.274878041117983],[31.51983585979549,30.274880216461348],[31.51984291965531,30.27486459727771],[31.51983653353198,30.274862421933996],[31.519829471875532,30.274878041117983]]]}},{"type":"Feature","properties":{"Electric_Facility_Type":"بيلر","Easting":"031° 31' 4.04\" E","Northing":"30° 16' 28.47\" N","Description":null,"ID":"3_1/3/B","sectors":"القطاع الثالث عشر","Implementing":"شركة الكتروالهانى","SHAPE_Length":5.850964268227439,"SHAPE_Area":1.6518780235086319,"__networkId":"electricity","__networkName":"شبكة الكهرباء","__layerId":"electricity_facilities","__layerName":"منشآت شبكة الكهرباء","__assetName":"منشآت الكهرباء","__geometryKind":"polygon","__featureIndex":989,"__length_m":5.85,"__area_m2":1.65,"__typeValue":"بيلر"},"geometry":{"type":"Polygon","coordinates":[[[31.51945870931,30.27474935907661],[31.519465097229958,30.274751532871257],[31.51947215708978,30.274735915994523],[31.519465769169823,30.2747337398722],[31.51945870931,30.27474935907661]]]}},{"type":"Feature","properties":{"Electric_Facility_Type":"بيلر","Easting":"031° 31' 5.49\" E","Northing":"30° 16' 30.77\" N","Description":null,"ID":"4_1/3/B","sectors":"القطاع الثالث عشر","Implementing":"شركة الكتروالهانى","SHAPE_Length":5.8505921683742494,"SHAPE_Area":1.6514754072683588,"__networkId":"electricity","__networkName":"شبكة الكهرباء","__layerId":"electricity_facilities","__layerName":"منشآت شبكة الكهرباء","__assetName":"منشآت الكهرباء","__geometryKind":"polygon","__featureIndex":990,"__length_m":5.85,"__area_m2":1.65,"__typeValue":"بيلر"},"geometry":{"type":"Polygon","coordinates":[[[31.519860431413463,30.275388000329627],[31.519866817536826,30.275390174110125],[31.51987387739665,30.275374557335013],[31.519867491273285,30.275372381226795],[31.519860431413463,30.275388000329627]]]}},{"type":"Feature","properties":{"Electric_Facility_Type":"بيلر","Easting":"031° 31' 7.42\" E","Northing":"30° 16' 31.46\" N","Description":null,"ID":"1_10/1/B","sectors":"القطاع الثالث عشر","Implementing":"شركة الكتروالهانى","SHAPE_Length":5.8514664508780605,"SHAPE_Area":1.65222531938722,"__networkId":"electricity","__networkName":"شبكة الكهرباء","__layerId":"electricity_facilities","__layerName":"منشآت شبكة الكهرباء","__assetName":"منشآت الكهرباء","__geometryKind":"polygon","__featureIndex":991,"__length_m":5.85,"__area_m2":1.65,"__typeValue":"بيلر"},"geometry":{"type":"Polygon","coordinates":[[[31.52041167180778,30.27556632774747],[31.520405282989493,30.275564152419314],[31.52039822312967,30.27557977149163],[31.520404611947964,30.27558194681944],[31.52041167180778,30.27556632774747]]]}},{"type":"Feature","properties":{"Electric_Facility_Type":"بيلر","Easting":"031° 31' 9.59\" E","Northing":"30° 16' 32.24\" N","Description":null,"ID":"5_10/1/B","sectors":"القطاع الثالث عشر","Implementing":"شركة الكتروالهانى","SHAPE_Length":5.85053567582823,"SHAPE_Area":1.651479152780427,"__networkId":"electricity","__networkName":"شبكة الكهرباء","__layerId":"electricity_facilities","__layerName":"منشآت شبكة الكهرباء","__assetName":"منشآت الكهرباء","__geometryKind":"polygon","__featureIndex":992,"__length_m":5.85,"__area_m2":1.65,"__typeValue":"بيلر"},"geometry":{"type":"Polygon","coordinates":[[[31.521012888176294,30.275781247448876],[31.521006502052963,30.275779072125484],[31.52099944219314,30.27579468961204],[31.521005828316504,30.27579686493508],[31.521012888176294,30.275781247448876]]]}},{"type":"Feature","properties":{"Electric_Facility_Type":"بيلر","Easting":"031° 31' 10.3\" E","Northing":"30° 16' 30.69\" N","Description":null,"ID":"3_10/1/B","sectors":"القطاع الثالث عشر","Implementing":"شركة الكتروالهانى","SHAPE_Length":5.850818236313446,"SHAPE_Area":1.6515508063240272,"__networkId":"electricity","__networkName":"شبكة الكهرباء","__layerId":"electricity_facilities","__layerName":"منشآت شبكة الكهرباء","__assetName":"منشآت الكهرباء","__geometryKind":"polygon","__featureIndex":993,"__length_m":5.85,"__area_m2":1.65,"__typeValue":"بيلر"},"geometry":{"type":"Polygon","coordinates":[[[31.521211882079722,30.27535219966348],[31.52120549595639,30.275350025882137],[31.52119843609657,30.275365644988526],[31.52120482311823,30.275367818769517],[31.521211882079722,30.27535219966348]]]}},{"type":"Feature","properties":{"Electric_Facility_Type":"بيلر","Easting":"031° 31' 9.05\" E","Northing":"30° 16' 27.97\" N","Description":null,"ID":"2_9/1/B","sectors":"القطاع الثالث عشر","Implementing":"شركة الكتروالهانى","SHAPE_Length":5.851020933253995,"SHAPE_Area":1.6519646649752202,"__networkId":"electricity","__networkName":"شبكة الكهرباء","__layerId":"electricity_facilities","__layerName":"منشآت شبكة الكهرباء","__assetName":"منشآت الكهرباء","__geometryKind":"polygon","__featureIndex":994,"__length_m":5.85,"__area_m2":1.65,"__typeValue":"بيلر"},"geometry":{"type":"Polygon","coordinates":[[[31.520850665012414,30.274610245430985],[31.520857052932378,30.274612419228664],[31.5208641127922,30.274596802329846],[31.520857723973908,30.274594626204383],[31.520850665012414,30.274610245430985]]]}},{"type":"Feature","properties":{"Electric_Facility_Type":"بيلر","Easting":"031° 31' 11.77\" E","Northing":"30° 16' 29.39\" N","Description":null,"ID":"4_10/1/B","sectors":"القطاع الثالث عشر","Implementing":"شركة الكتروالهانى","SHAPE_Length":5.840834557155734,"SHAPE_Area":1.6519189848460076,"__networkId":"electricity","__networkName":"شبكة الكهرباء","__layerId":"electricity_facilities","__layerName":"منشآت شبكة الكهرباء","__assetName":"منشآت الكهرباء","__geometryKind":"polygon","__featureIndex":995,"__length_m":5.84,"__area_m2":1.65,"__typeValue":"بيلر"},"geometry":{"type":"Polygon","coordinates":[[[31.521620559838443,30.2750033374035],[31.521623070629666,30.274997794318928],[31.521605080069495,30.27499165619607],[31.5216025710749,30.27499719928099],[31.521620559838443,30.2750033374035]]]}},{"type":"Feature","properties":{"Electric_Facility_Type":"بيلر","Easting":"031° 31' 12.47\" E","Northing":"30° 16' 27.9\" N","Description":null,"ID":"4_8/1/B","sectors":"القطاع الثالث عشر","Implementing":"شركة الكتروالهانى","SHAPE_Length":5.840518622566176,"SHAPE_Area":1.6515146137241667,"__networkId":"electricity","__networkName":"شبكة الكهرباء","__layerId":"electricity_facilities","__layerName":"منشآت شبكة الكهرباء","__assetName":"منشآت الكهرباء","__geometryKind":"polygon","__featureIndex":996,"__length_m":5.84,"__area_m2":1.65,"__typeValue":"بيلر"},"geometry":{"type":"Polygon","coordinates":[[[31.521813491012033,30.27458841202772],[31.521816001803252,30.274582870471342],[31.52179801034475,30.274576732322597],[31.521795502248455,30.274582273879314],[31.521813491012033,30.27458841202772]]]}},{"type":"Feature","properties":{"Electric_Facility_Type":"بيلر","Easting":"031° 31' 7.67\" E","Northing":"30° 16' 27.95\" N","Description":null,"ID":"1_1/2/B","sectors":"القطاع الثالث عشر","Implementing":"شركة الكتروالهانى","SHAPE_Length":5.840908053427693,"SHAPE_Area":1.6519469258990305,"__networkId":"electricity","__networkName":"شبكة الكهرباء","__layerId":"electricity_facilities","__layerName":"منشآت شبكة الكهرباء","__assetName":"منشآت الكهرباء","__geometryKind":"polygon","__featureIndex":997,"__length_m":5.84,"__area_m2":1.65,"__typeValue":"بيلر"},"geometry":{"type":"Polygon","coordinates":[[[31.52046673943302,30.274592526883332],[31.520464228641803,30.27459806999079],[31.520482219202005,30.274604208914027],[31.5204847281966,30.27459866580691],[31.52046673943302,30.274592526883332]]]}},{"type":"Feature","properties":{"Electric_Facility_Type":"بيلر","Easting":"031° 30' 59.41\" E","Northing":"30° 16' 28.54\" N","Description":null,"ID":"1_2/3/B","sectors":"القطاع الثالث عشر","Implementing":"شركة الكتروالهانى","SHAPE_Length":5.840794881364005,"SHAPE_Area":1.651954599466929,"__networkId":"electricity","__networkName":"شبكة الكهرباء","__layerId":"electricity_facilities","__layerName":"منشآت شبكة الكهرباء","__assetName":"منشآت الكهرباء","__geometryKind":"polygon","__featureIndex":998,"__length_m":5.84,"__area_m2":1.65,"__typeValue":"بيلر"},"geometry":{"type":"Polygon","coordinates":[[[31.518172352365852,30.27475571211151],[31.518169841574625,30.274761255209693],[31.518187830338206,30.274767394122772],[31.518190341129422,30.27476185102488],[31.518172352365852,30.27475571211151]]]}},{"type":"Feature","properties":{"Electric_Facility_Type":"بيلر","Easting":"031° 31' 11.37\" E","Northing":"30° 16' 41.18\" N","Description":null,"ID":"4_7/6/A","sectors":"القطاع الثالث عشر","Implementing":"شركة الكتروالهانى","SHAPE_Length":5.852865285653296,"SHAPE_Area":1.6518816353746584,"__networkId":"electricity","__networkName":"شبكة الكهرباء","__layerId":"electricity_facilities","__layerName":"منشآت شبكة الكهرباء","__assetName":"منشآت الكهرباء","__geometryKind":"polygon","__featureIndex":999,"__length_m":5.85,"__area_m2":1.65,"__typeValue":"بيلر"},"geometry":{"type":"Polygon","coordinates":[[[31.5214980763461,30.278279143982314],[31.521504891864144,30.278279823559604],[31.521507102618067,30.278263156071485],[31.521500285303397,30.278262475718336],[31.5214980763461,30.278279143982314]]]}},{"type":"Feature","properties":{"Electric_Facility_Type":"بيلر","Easting":"031° 31' 13.69\" E","Northing":"30° 16' 41.41\" N","Description":null,"ID":"5_7/6/A","sectors":"القطاع الثالث عشر","Implementing":"شركة الكتروالهانى","SHAPE_Length":5.852651447854399,"SHAPE_Area":1.651834227485092,"__networkId":"electricity","__networkName":"شبكة الكهرباء","__layerId":"electricity_facilities","__layerName":"منشآت شبكة الكهرباء","__assetName":"منشآت الكهرباء","__geometryKind":"polygon","__featureIndex":1000,"__length_m":5.85,"__area_m2":1.65,"__typeValue":"بيلر"},"geometry":{"type":"Polygon","coordinates":[[[31.522151359966806,30.278327457572573],[31.52214454444873,30.27832676713483],[31.522142298660516,30.2783434291817],[31.522149113280268,30.2783441219467],[31.522151359966806,30.278327457572573]]]}},{"type":"Feature","properties":{"Electric_Facility_Type":"بيلر","Easting":"031° 31' 15.75\" E","Northing":"30° 16' 41.64\" N","Description":null,"ID":"1_7/6/A","sectors":"القطاع الثالث عشر","Implementing":"شركة الكتروالهانى","SHAPE_Length":5.852976373561285,"SHAPE_Area":1.6519772633971355,"__networkId":"electricity","__networkName":"شبكة الكهرباء","__layerId":"electricity_facilities","__layerName":"منشآت شبكة الكهرباء","__assetName":"منشآت الكهرباء","__geometryKind":"polygon","__featureIndex":1001,"__length_m":5.85,"__area_m2":1.65,"__typeValue":"بيلر"},"geometry":{"type":"Polygon","coordinates":[[[31.522713314567508,30.278408636732102],[31.52272013547547,30.278409280622967],[31.5227222303467,30.27839260229607],[31.522715408540446,30.278391956853522],[31.522713314567508,30.278408636732102]]]}},{"type":"Feature","properties":{"Electric_Facility_Type":"بيلر","Easting":"031° 31' 18.09\" E","Northing":"30° 16' 41.79\" N","Description":null,"ID":"3_7/6/A","sectors":"القطاع الثالث عشر","Implementing":"شركة الكتروالهانى","SHAPE_Length":5.852866185119034,"SHAPE_Area":1.6518656065072188,"__networkId":"electricity","__networkName":"شبكة الكهرباء","__layerId":"electricity_facilities","__layerName":"منشآت شبكة الكهرباء","__assetName":"منشآت الكهرباء","__geometryKind":"polygon","__featureIndex":1002,"__length_m":5.85,"__area_m2":1.65,"__typeValue":"بيلر"},"geometry":{"type":"Polygon","coordinates":[[[31.523374003001088,30.278433820620403],[31.523367182093132,30.278433175178133],[31.52336508812023,30.278449855049708],[31.523371909028157,30.27845049894031],[31.523374003001088,30.278433820620403]]]}},{"type":"Feature","properties":{"Electric_Facility_Type":"بيلر","Easting":"031° 31' 20.17\" E","Northing":"30° 16' 41.98\" N","Description":null,"ID":"1_8/6/A","sectors":"القطاع الثالث عشر","Implementing":"شركة الكتروالهانى","SHAPE_Length":5.852710918630288,"SHAPE_Area":1.6518363016681643,"__networkId":"electricity","__networkName":"شبكة الكهرباء","__layerId":"electricity_facilities","__layerName":"منشآت شبكة الكهرباء","__assetName":"منشآت الكهرباء","__geometryKind":"polygon","__featureIndex":1003,"__length_m":5.85,"__area_m2":1.65,"__typeValue":"بيلر"},"geometry":{"type":"Polygon","coordinates":[[[31.523941846058502,30.278501970611767],[31.52394866696646,30.278502616829375],[31.52395076093936,30.278485938518273],[31.523943940031433,30.278485292300566],[31.523941846058502,30.278501970611767]]]}},{"type":"Feature","properties":{"Electric_Facility_Type":"بيلر","Easting":"031° 31' 22.7\" E","Northing":"30° 16' 40.56\" N","Description":null,"ID":"3_3/6/A","sectors":"القطاع الثالث عشر","Implementing":"شركة الكتروالهانى","SHAPE_Length":5.852911728515988,"SHAPE_Area":1.651952333285139,"__networkId":"electricity","__networkName":"شبكة الكهرباء","__layerId":"electricity_facilities","__layerName":"منشآت شبكة الكهرباء","__assetName":"منشآت الكهرباء","__geometryKind":"polygon","__featureIndex":1004,"__length_m":5.85,"__area_m2":1.65,"__typeValue":"بيلر"},"geometry":{"type":"Polygon","coordinates":[[[31.524643371904897,30.278109386820635],[31.52465019281286,30.278110030713467],[31.524652284989134,30.278093352335706],[31.524645463182875,30.27809270689119],[31.524643371904897,30.278109386820635]]]}},{"type":"Feature","properties":{"Electric_Facility_Type":"بيلر","Easting":"031° 31' 21.32\" E","Northing":"30° 16' 40.01\" N","Description":null,"ID":"5_8/6/A","sectors":"القطاع الثالث عشر","Implementing":"شركة الكتروالهانى","SHAPE_Length":5.853104518223079,"SHAPE_Area":1.6521563586078578,"__networkId":"electricity","__networkName":"شبكة الكهرباء","__layerId":"electricity_facilities","__layerName":"منشآت شبكة الكهرباء","__assetName":"منشآت الكهرباء","__geometryKind":"polygon","__featureIndex":1005,"__length_m":5.85,"__area_m2":1.65,"__typeValue":"بيلر"},"geometry":{"type":"Polygon","coordinates":[[[31.524268777126355,30.27795529305454],[31.5242708773875,30.277938614650417],[31.524264055581245,30.27793796687757],[31.524261955320096,30.277954645281742],[31.524268777126355,30.27795529305454]]]}},{"type":"Feature","properties":{"Electric_Facility_Type":"بيلر","Easting":"031° 31' 22.96\" E","Northing":"30° 16' 38.47\" N","Description":null,"ID":"4_3/6/A","sectors":"القطاع الثالث عشر","Implementing":"شركة الكتروالهانى","SHAPE_Length":5.8531320970689,"SHAPE_Area":1.652175646912049,"__networkId":"electricity","__networkName":"شبكة الكهرباء","__layerId":"electricity_facilities","__layerName":"منشآت شبكة الكهرباء","__assetName":"منشآت الكهرباء","__geometryKind":"polygon","__featureIndex":1006,"__length_m":5.85,"__area_m2":1.65,"__typeValue":"بيلر"},"geometry":{"type":"Polygon","coordinates":[[[31.524716549566257,30.277526296665386],[31.52472337316914,30.277526942113628],[31.52472546444715,30.27751026208518],[31.524718643539188,30.27750961818836],[31.524716549566257,30.277526296665386]]]}},{"type":"Feature","properties":{"Electric_Facility_Type":"بيلر","Easting":"031° 31' 20.63\" E","Northing":"30° 16' 38.29\" N","Description":null,"ID":"4_8/6/A","sectors":"القطاع الثالث عشر","Implementing":"شركة الكتروالهانى","SHAPE_Length":5.8525573123835954,"SHAPE_Area":1.651615990600953,"__networkId":"electricity","__networkName":"شبكة الكهرباء","__layerId":"electricity_facilities","__layerName":"منشآت شبكة الكهرباء","__assetName":"منشآت الكهرباء","__geometryKind":"polygon","__featureIndex":1007,"__length_m":5.85,"__area_m2":1.65,"__typeValue":"بيلر"},"geometry":{"type":"Polygon","coordinates":[[[31.524079426637535,30.277461014053877],[31.52407260572957,30.27746037015679],[31.524070513553266,30.277477047866327],[31.524077332664596,30.277477694090685],[31.524079426637535,30.277461014053877]]]}},{"type":"Feature","properties":{"Electric_Facility_Type":"بيلر","Easting":"031° 31' 15.97\" E","Northing":"30° 16' 39.95\" N","Description":null,"ID":"2_7/6/A","sectors":"القطاع الثالث عشر","Implementing":"شركة الكتروالهانى","SHAPE_Length":5.852710793254355,"SHAPE_Area":1.6518983418780722,"__networkId":"electricity","__networkName":"شبكة الكهرباء","__layerId":"electricity_facilities","__layerName":"منشآت شبكة الكهرباء","__assetName":"منشآت الكهرباء","__geometryKind":"polygon","__featureIndex":1008,"__length_m":5.85,"__area_m2":1.65,"__typeValue":"بيلر"},"geometry":{"type":"Polygon","coordinates":[[[31.522781511070626,30.277938965301146],[31.52278360504356,30.277922287670048],[31.5227767841356,30.277921641448618],[31.522774689264335,30.27793831985562],[31.522781511070626,30.277938965301146]]]}},{"type":"Feature","properties":{"Electric_Facility_Type":"بيلر","Easting":"031° 31' 16.24\" E","Northing":"30° 16' 37.85\" N","Description":null,"ID":" 2_6/6/A","sectors":"القطاع الثالث عشر","Implementing":"شركة الكتروالهانى","SHAPE_Length":5.852887827495186,"SHAPE_Area":1.6519509529517573,"__networkId":"electricity","__networkName":"شبكة الكهرباء","__layerId":"electricity_facilities","__layerName":"منشآت شبكة الكهرباء","__assetName":"منشآت الكهرباء","__geometryKind":"polygon","__featureIndex":1009,"__length_m":5.85,"__area_m2":1.65,"__typeValue":"بيلر"},"geometry":{"type":"Polygon","coordinates":[[[31.52285927822475,30.277338524577136],[31.522852457316827,30.277337879903452],[31.522850362445563,30.2773545584096],[31.52285718425185,30.277355203858967],[31.52285927822475,30.277338524577136]]]}},{"type":"Feature","properties":{"Electric_Facility_Type":"بيلر","Easting":"031° 31' 14.19\" E","Northing":"30° 16' 37.64\" N","Description":null,"ID":"1_6/6/A","sectors":"القطاع الثالث عشر","Implementing":"شركة الكتروالهانى","SHAPE_Length":5.852666715711035,"SHAPE_Area":1.6517441947948164,"__networkId":"electricity","__networkName":"شبكة الكهرباء","__layerId":"electricity_facilities","__layerName":"منشآت شبكة الكهرباء","__assetName":"منشآت الكهرباء","__geometryKind":"polygon","__featureIndex":1010,"__length_m":5.85,"__area_m2":1.65,"__typeValue":"بيلر"},"geometry":{"type":"Polygon","coordinates":[[[31.522281142270835,30.277296358564204],[31.522287959585537,30.27729703892411],[31.522290167644506,30.277280371269068],[31.522283353024758,30.27727969090904],[31.522281142270835,30.277296358564204]]]}},{"type":"Feature","properties":{"Electric_Facility_Type":"بيلر","Easting":"031° 31' 14.64\" E","Northing":"30° 16' 28.64\" N","Description":null,"ID":"3_8/1/B","sectors":"القطاع الثالث عشر","Implementing":"شركة الكتروالهانى","SHAPE_Length":5.850986735991928,"SHAPE_Area":1.6520089677295078,"__networkId":"electricity","__networkName":"شبكة الكهرباء","__layerId":"electricity_facilities","__layerName":"منشآت شبكة الكهرباء","__assetName":"منشآت الكهرباء","__geometryKind":"polygon","__featureIndex":1011,"__length_m":5.85,"__area_m2":1.65,"__typeValue":"بيلر"},"geometry":{"type":"Polygon","coordinates":[[[31.522403448795085,30.27479489083165],[31.522409807968973,30.27479712746511],[31.52241706545815,30.274781576538714],[31.52241070358931,30.274779341456536],[31.522403448795085,30.27479489083165]]]}},{"type":"Feature","properties":{"Electric_Facility_Type":"بيلر","Easting":"031° 31' 16.64\" E","Northing":"30° 16' 29.76\" N","Description":null,"ID":"2_8/1/B","sectors":"القطاع الثالث عشر","Implementing":"شركة الكتروالهانى","SHAPE_Length":5.850577620018849,"SHAPE_Area":1.651694676388812,"__networkId":"electricity","__networkName":"شبكة الكهرباء","__layerId":"electricity_facilities","__layerName":"منشآت شبكة الكهرباء","__assetName":"منشآت الكهرباء","__geometryKind":"polygon","__featureIndex":1012,"__length_m":5.85,"__area_m2":1.65,"__typeValue":"بيلر"},"geometry":{"type":"Polygon","coordinates":[[[31.522972085963193,30.275094339368692],[31.522965730382563,30.27509209498401],[31.522958448638857,30.275107635775818],[31.522964804219487,30.27510987938435],[31.522972085963193,30.275094339368692]]]}},{"type":"Feature","properties":{"Electric_Facility_Type":"بيلر","Easting":"031° 31' 18.57\" E","Northing":"30° 16' 30.45\" N","Description":null,"ID":"5_4/1/B","sectors":"القطاع الثالث عشر","Implementing":"شركة الكتروالهانى","SHAPE_Length":5.850706820134075,"SHAPE_Area":1.651655106381401,"__networkId":"electricity","__networkName":"شبكة الكهرباء","__layerId":"electricity_facilities","__layerName":"منشآت شبكة الكهرباء","__assetName":"منشآت الكهرباء","__geometryKind":"polygon","__featureIndex":1013,"__length_m":5.85,"__area_m2":1.65,"__typeValue":"بيلر"},"geometry":{"type":"Polygon","coordinates":[[[31.523493437611386,30.275298309733223],[31.523499796785273,30.27530054480359],[31.5235070515795,30.275284993957015],[31.523500692405612,30.275282758886238],[31.523493437611386,30.275298309733223]]]}},{"type":"Feature","properties":{"Electric_Facility_Type":"بيلر","Easting":"031° 31' 21.66\" E","Northing":"30° 16' 29.25\" N","Description":null,"ID":"1_4/1/B","sectors":"القطاع الثالث عشر","Implementing":"شركة الكتروالهانى","SHAPE_Length":5.85069591943606,"SHAPE_Area":1.6516137407645008,"__networkId":"electricity","__networkName":"شبكة الكهرباء","__layerId":"electricity_facilities","__layerName":"منشآت شبكة الكهرباء","__assetName":"منشآت الكهرباء","__geometryKind":"polygon","__featureIndex":1014,"__length_m":5.85,"__area_m2":1.65,"__typeValue":"بيلر"},"geometry":{"type":"Polygon","coordinates":[[[31.524365363985705,30.2749506839061],[31.524358998523606,30.27494845968891],[31.524351783255256,30.274964025329012],[31.524358146920722,30.274966247218465],[31.524365363985705,30.2749506839061]]]}},{"type":"Feature","properties":{"Electric_Facility_Type":"بيلر","Easting":"031° 31' 19.48\" E","Northing":"30° 16' 28.47\" N","Description":null,"ID":"5_6/1/B","sectors":"القطاع الثالث عشر","Implementing":"شركة الكتروالهانى","SHAPE_Length":5.850912422463985,"SHAPE_Area":1.6519413008545236,"__networkId":"electricity","__networkName":"شبكة الكهرباء","__layerId":"electricity_facilities","__layerName":"منشآت شبكة الكهرباء","__assetName":"منشآت الكهرباء","__geometryKind":"polygon","__featureIndex":1015,"__length_m":5.85,"__area_m2":1.65,"__typeValue":"بيلر"},"geometry":{"type":"Polygon","coordinates":[[[31.52374778300767,30.27474919460683],[31.523754143079888,30.274751430465514],[31.52376139787411,30.2747358803077],[31.523755037801898,30.274733643672846],[31.52374778300767,30.27474919460683]]]}},{"type":"Feature","properties":{"Electric_Facility_Type":"بيلر","Easting":"031° 31' 18.1\" E","Northing":"30° 16' 26.65\" N","Description":null,"ID":"2_6/1/B","sectors":"القطاع الثالث عشر","Implementing":"شركة الكتروالهانى","SHAPE_Length":5.8507973714316766,"SHAPE_Area":1.6517339215371951,"__networkId":"electricity","__networkName":"شبكة الكهرباء","__layerId":"electricity_facilities","__layerName":"منشآت شبكة الكهرباء","__assetName":"منشآت الكهرباء","__geometryKind":"polygon","__featureIndex":1016,"__length_m":5.85,"__area_m2":1.65,"__typeValue":"بيلر"},"geometry":{"type":"Polygon","coordinates":[[[31.523363498102167,30.274241926447154],[31.523369855479427,30.2742441646448],[31.523377125545036,30.274228619061464],[31.523370767269444,30.274226380087644],[31.523363498102167,30.274241926447154]]]}},{"type":"Feature","properties":{"Electric_Facility_Type":"بيلر","Easting":"031° 31' 15.91\" E","Northing":"30° 16' 25.92\" N","Description":null,"ID":"3_6/1/B","sectors":"القطاع الثالث عشر","Implementing":"شركة الكتروالهانى","SHAPE_Length":5.850839512020301,"SHAPE_Area":1.6517195406327487,"__networkId":"electricity","__networkName":"شبكة الكهرباء","__layerId":"electricity_facilities","__layerName":"منشآت شبكة الكهرباء","__assetName":"منشآت الكهرباء","__geometryKind":"polygon","__featureIndex":1017,"__length_m":5.85,"__area_m2":1.65,"__typeValue":"بيلر"},"geometry":{"type":"Polygon","coordinates":[[[31.52276928589793,30.27402583268251],[31.52276289618131,30.274023664302526],[31.522755859677673,30.274039290602197],[31.52276225029259,30.274041458981888],[31.52276928589793,30.27402583268251]]]}},{"type":"Feature","properties":{"Electric_Facility_Type":"بيلر","Easting":"031° 31' 15.18\" E","Northing":"30° 16' 27.49\" N","Description":null,"ID":"1_8/1/B","sectors":"القطاع الثالث عشر","Implementing":"شركة الكتروالهانى","SHAPE_Length":5.850592516895937,"SHAPE_Area":1.6517404863768688,"__networkId":"electricity","__networkName":"شبكة الكهرباء","__layerId":"electricity_facilities","__layerName":"منشآت شبكة الكهرباء","__assetName":"منشآت الكهرباء","__geometryKind":"polygon","__featureIndex":1018,"__length_m":5.85,"__area_m2":1.65,"__typeValue":"بيلر"},"geometry":{"type":"Polygon","coordinates":[[[31.522565771671967,30.27446381498712],[31.522559451125655,30.274461500765746],[31.522551935819976,30.27447695709487],[31.522558258162945,30.274479273643273],[31.522565771671967,30.27446381498712]]]}},{"type":"Feature","properties":{"Electric_Facility_Type":"بيلر","Easting":"031° 31' 22.67\" E","Northing":"30° 16' 31.89\" N","Description":null,"ID":"1_3/5/A","sectors":"القطاع الثالث عشر","Implementing":"شركة الكتروالهانى","SHAPE_Length":5.850841024555892,"SHAPE_Area":1.651776814719466,"__networkId":"electricity","__networkName":"شبكة الكهرباء","__layerId":"electricity_facilities","__layerName":"منشآت شبكة الكهرباء","__assetName":"منشآت الكهرباء","__geometryKind":"polygon","__featureIndex":1019,"__length_m":5.85,"__area_m2":1.65,"__typeValue":"بيلر"},"geometry":{"type":"Polygon","coordinates":[[[31.524634243224995,30.27569720421354],[31.524640592517414,30.27569945944551],[31.52464791468529,30.275683932711704],[31.524641564494537,30.275681675927817],[31.524634243224995,30.27569720421354]]]}},{"type":"Feature","properties":{"Electric_Facility_Type":"بيلر","Easting":"031° 31' 23.21\" E","Northing":"30° 16' 30.73\" N","Description":null,"ID":"2_3/5/A","sectors":"القطاع الثالث عشر","Implementing":"شركة الكتروالهانى","SHAPE_Length":5.8509124441395866,"SHAPE_Area":1.6519412976578518,"__networkId":"electricity","__networkName":"شبكة الكهرباء","__layerId":"electricity_facilities","__layerName":"منشآت شبكة الكهرباء","__assetName":"منشآت الكهرباء","__geometryKind":"polygon","__featureIndex":1020,"__length_m":5.85,"__area_m2":1.65,"__typeValue":"بيلر"},"geometry":{"type":"Polygon","coordinates":[[[31.524796343319668,30.27536311278968],[31.524789983247487,30.275360877720683],[31.52478272845322,30.275376427003724],[31.524789088525438,30.27537866439968],[31.524796343319668,30.27536311278968]]]}},{"type":"Feature","properties":{"Electric_Facility_Type":"بيلر","Easting":"031° 31' 25.74\" E","Northing":"30° 16' 30.72\" N","Description":null,"ID":"3_3/5/A","sectors":"القطاع الثالث عشر","Implementing":"شركة الكتروالهانى","SHAPE_Length":5.850593185072013,"SHAPE_Area":1.651633689182408,"__networkId":"electricity","__networkName":"شبكة الكهرباء","__layerId":"electricity_facilities","__layerName":"منشآت شبكة الكهرباء","__assetName":"منشآت الكهرباء","__geometryKind":"polygon","__featureIndex":1021,"__length_m":5.85,"__area_m2":1.65,"__typeValue":"بيلر"},"geometry":{"type":"Polygon","coordinates":[[[31.525500221853832,30.275359130627532],[31.52549387615463,30.275356866854004],[31.52548652793561,30.275372384329973],[31.525492873634807,30.27537464810319],[31.525500221853832,30.275359130627532]]]}},{"type":"Feature","properties":{"Electric_Facility_Type":"بيلر","Easting":"031° 31' 13.59\" E","Northing":"30° 16' 30.03\" N","Description":null,"ID":"3_7/1/B","sectors":"القطاع الثالث عشر","Implementing":"شركة الكتروالهانى","SHAPE_Length":5.841277834500644,"SHAPE_Area":1.6521003890856063,"__networkId":"electricity","__networkName":"شبكة الكهرباء","__layerId":"electricity_facilities","__layerName":"منشآت شبكة الكهرباء","__assetName":"منشآت الكهرباء","__geometryKind":"polygon","__featureIndex":1022,"__length_m":5.84,"__area_m2":1.65,"__typeValue":"بيلر"},"geometry":{"type":"Polygon","coordinates":[[[31.52212693118097,30.27518153518624],[31.522129510244138,30.275176016937284],[31.52211159693905,30.275169708925862],[31.522109017875884,30.275175229502565],[31.52212693118097,30.27518153518624]]]}},{"type":"Feature","properties":{"Electric_Facility_Type":"بيلر","Easting":"031° 31' 16.5\" E","Northing":"30° 16' 34.6\" N","Description":null,"ID":"5_3/1/B","sectors":"القطاع الثالث عشر","Implementing":"شركة الكتروالهانى","SHAPE_Length":5.850967481904036,"SHAPE_Area":1.6519363207703013,"__networkId":"electricity","__networkName":"شبكة الكهرباء","__layerId":"electricity_facilities","__layerName":"منشآت شبكة الكهرباء","__assetName":"منشآت الكهرباء","__geometryKind":"polygon","__featureIndex":1023,"__length_m":5.85,"__area_m2":1.65,"__typeValue":"بيلر"},"geometry":{"type":"Polygon","coordinates":[[[31.52291850594808,30.276451759106184],[31.522924866020297,30.27645399415029],[31.522932120814524,30.276438444262222],[31.522925760742307,30.276436207666162],[31.52291850594808,30.276451759106184]]]}},{"type":"Feature","properties":{"Electric_Facility_Type":"بيلر","Easting":"031° 31' 13.7\" E","Northing":"30° 16' 33.66\" N","Description":null,"ID":"3_1/1/B","sectors":"القطاع الثالث عشر","Implementing":"شركة الكتروالهانى","SHAPE_Length":8.370082084652404,"SHAPE_Area":3.3814321761840223,"__networkId":"electricity","__networkName":"شبكة الكهرباء","__layerId":"electricity_facilities","__layerName":"منشآت شبكة الكهرباء","__assetName":"منشآت الكهرباء","__geometryKind":"polygon","__featureIndex":1024,"__length_m":8.37,"__area_m2":3.38,"__typeValue":"بيلر"},"geometry":{"type":"Polygon","coordinates":[[[31.5221386946196,30.276192593718914],[31.522147481939708,30.276196394312457],[31.522159819401843,30.27617491114321],[31.522151033878362,30.276171110548834],[31.5221386946196,30.276192593718914]]]}},{"type":"Feature","properties":{"Electric_Facility_Type":"بيلر","Easting":"031° 31' 22.62\" E","Northing":"30° 16' 35.01\" N","Description":null,"ID":"3_4/5/A","sectors":"القطاع الثالث عشر","Implementing":"شركة الكتروالهانى","SHAPE_Length":5.850819427588233,"SHAPE_Area":1.6519976090522104,"__networkId":"electricity","__networkName":"شبكة الكهرباء","__layerId":"electricity_facilities","__layerName":"منشآت شبكة الكهرباء","__assetName":"منشآت الكهرباء","__geometryKind":"polygon","__featureIndex":1025,"__length_m":5.85,"__area_m2":1.65,"__typeValue":"بيلر"},"geometry":{"type":"Polygon","coordinates":[[[31.524625697551674,30.27656599919823],[31.524633529064335,30.276550660341925],[31.52462725523037,30.276548247644826],[31.524619423717745,30.276563587277256],[31.524625697551674,30.27656599919823]]]}},{"type":"Feature","properties":{"Electric_Facility_Type":"بيلر","Easting":"031° 31' 21.49\" E","Northing":"30° 16' 34.13\" N","Description":null,"ID":"1_4/5/A","sectors":"القطاع الثالث عشر","Implementing":"شركة الكتروالهانى","SHAPE_Length":5.851022525372413,"SHAPE_Area":1.651931341057118,"__networkId":"electricity","__networkName":"شبكة الكهرباء","__layerId":"electricity_facilities","__layerName":"منشآت شبكة الكهرباء","__assetName":"منشآت الكهرباء","__geometryKind":"polygon","__featureIndex":1026,"__length_m":5.85,"__area_m2":1.65,"__typeValue":"بيلر"},"geometry":{"type":"Polygon","coordinates":[[[31.52430450043026,30.276321297141628],[31.524310860502478,30.276323532188762],[31.5243181152967,30.276307981504218],[31.52431175522449,30.27630574568099],[31.52430450043026,30.276321297141628]]]}},{"type":"Feature","properties":{"Electric_Facility_Type":"بيلر","Easting":"031° 31' 22.21\" E","Northing":"30° 16' 32.58\" N","Description":null,"ID":"3_3/1/B","sectors":"القطاع الثالث عشر","Implementing":"شركة الكتروالهانى","SHAPE_Length":5.851229984516792,"SHAPE_Area":1.6521594149885865,"__networkId":"electricity","__networkName":"شبكة الكهرباء","__layerId":"electricity_facilities","__layerName":"منشآت شبكة الكهرباء","__assetName":"منشآت الكهرباء","__geometryKind":"polygon","__featureIndex":1027,"__length_m":5.85,"__area_m2":1.65,"__typeValue":"بيلر"},"geometry":{"type":"Polygon","coordinates":[[[31.524518326417333,30.27587621919727],[31.52451198071817,30.275873949229354],[31.52450461812613,30.275889463520393],[31.524510962926957,30.2758917311606],[31.524518326417333,30.27587621919727]]]}},{"type":"Feature","properties":{"Electric_Facility_Type":"بيلر","Easting":"031° 31' 12.37\" E","Northing":"30° 16' 33.21\" N","Description":null,"ID":"1_1/1/B","sectors":"القطاع الثالث عشر","Implementing":"شركة الكتروالهانى","SHAPE_Length":5.851160129350612,"SHAPE_Area":1.6518957050572467,"__networkId":"electricity","__networkName":"شبكة الكهرباء","__layerId":"electricity_facilities","__layerName":"منشآت شبكة الكهرباء","__assetName":"منشآت الكهرباء","__geometryKind":"polygon","__featureIndex":1028,"__length_m":5.85,"__area_m2":1.65,"__typeValue":"بيلر"},"geometry":{"type":"Polygon","coordinates":[[[31.521786525383824,30.276051333178433],[31.521780166209936,30.276049096573555],[31.521772904229174,30.276064645747503],[31.521779262504758,30.276066883127836],[31.521786525383824,30.276051333178433]]]}},{"type":"Feature","properties":{"Electric_Facility_Type":"بيلر","Easting":"031° 31' 16.22\" E","Northing":"30° 16' 30.96\" N","Description":null,"ID":"2_7/1/B","sectors":"القطاع الثالث عشر","Implementing":"شركة الكتروالهانى","SHAPE_Length":5.840635666155548,"SHAPE_Area":1.6519284465465844,"__networkId":"electricity","__networkName":"شبكة الكهرباء","__layerId":"electricity_facilities","__layerName":"منشآت شبكة الكهرباء","__assetName":"منشآت الكهرباء","__geometryKind":"polygon","__featureIndex":1029,"__length_m":5.84,"__area_m2":1.65,"__typeValue":"بيلر"},"geometry":{"type":"Polygon","coordinates":[[[31.522840597758446,30.27542682348292],[31.522838324122457,30.275432443347068],[31.522856566210912,30.275437997268178],[31.522858837151944,30.275432378180227],[31.522840597758446,30.27542682348292]]]}},{"type":"Feature","properties":{"Electric_Facility_Type":"بيلر","Easting":"031° 31' 17.21\" E","Northing":"30° 16' 31.29\" N","Description":null,"ID":"4_7/1/B","sectors":"القطاع الثالث عشر","Implementing":"شركة الكتروالهانى","SHAPE_Length":5.840783550052431,"SHAPE_Area":1.6517414428657045,"__networkId":"electricity","__networkName":"شبكة الكهرباء","__layerId":"electricity_facilities","__layerName":"منشآت شبكة الكهرباء","__assetName":"منشآت الكهرباء","__geometryKind":"polygon","__featureIndex":1030,"__length_m":5.84,"__area_m2":1.65,"__typeValue":"بيلر"},"geometry":{"type":"Polygon","coordinates":[[[31.52313039606571,30.27553142008628],[31.5231329688407,30.275525898753816],[31.523115049247398,30.27551960860819],[31.52311247647244,30.275525128389454],[31.52313039606571,30.27553142008628]]]}},{"type":"Feature","properties":{"Electric_Facility_Type":"بيلر","Easting":"031° 31' 20.8\" E","Northing":"30° 16' 32.56\" N","Description":null,"ID":"2_3/1/B","sectors":"القطاع الثالث عشر","Implementing":"شركة الكتروالهانى","SHAPE_Length":5.841497896314037,"SHAPE_Area":1.6520475009789317,"__networkId":"electricity","__networkName":"شبكة الكهرباء","__layerId":"electricity_facilities","__layerName":"منشآت شبكة الكهرباء","__assetName":"منشآت الكهرباء","__geometryKind":"polygon","__featureIndex":1031,"__length_m":5.84,"__area_m2":1.65,"__typeValue":"بيلر"},"geometry":{"type":"Polygon","coordinates":[[[31.524114663054547,30.27587257374973],[31.524111880073768,30.275878017483496],[31.52412955083374,30.275884821956303],[31.524132332017857,30.275879376671362],[31.524114663054547,30.27587257374973]]]}},{"type":"Feature","properties":{"Electric_Facility_Type":"بيلر","Easting":"031° 31' 19.56\" E","Northing":"30° 16' 35.24\" N","Description":null,"ID":"4_3/1/B","sectors":"القطاع الثالث عشر","Implementing":"شركة الكتروالهانى","SHAPE_Length":5.84115447416592,"SHAPE_Area":1.6518938505433494,"__networkId":"electricity","__networkName":"شبكة الكهرباء","__layerId":"electricity_facilities","__layerName":"منشآت شبكة الكهرباء","__assetName":"منشآت الكهرباء","__geometryKind":"polygon","__featureIndex":1032,"__length_m":5.84,"__area_m2":1.65,"__typeValue":"بيلر"},"geometry":{"type":"Polygon","coordinates":[[[31.523783960859106,30.27662936078261],[31.523786638736954,30.276623875973904],[31.52376883772131,30.276617333768094],[31.523766162538383,30.276622816249834],[31.523783960859106,30.27662936078261]]]}},{"type":"Feature","properties":{"Electric_Facility_Type":"بيلر","Easting":"031° 31' 20.83\" E","Northing":"30° 16' 34.85\" N","Description":null,"ID":"2_4/5/A","sectors":"القطاع الثالث عشر","Implementing":"شركة الكتروالهانى","SHAPE_Length":5.841440408226669,"SHAPE_Area":1.6519947186854025,"__networkId":"electricity","__networkName":"شبكة الكهرباء","__layerId":"electricity_facilities","__layerName":"منشآت شبكة الكهرباء","__assetName":"منشآت الكهرباء","__geometryKind":"polygon","__featureIndex":1033,"__length_m":5.84,"__area_m2":1.65,"__typeValue":"بيلر"},"geometry":{"type":"Polygon","coordinates":[[[31.524136289994996,30.276519238642297],[31.524139099925222,30.276513804253582],[31.5241214659962,30.27650693233086],[31.524118656065976,30.276512365168408],[31.524136289994996,30.276519238642297]]]}},{"type":"Feature","properties":{"Electric_Facility_Type":"بيلر","Easting":"031° 31' 24.88\" E","Northing":"30° 16' 34.82\" N","Description":null,"ID":"4_4/5/A","sectors":"القطاع الثالث عشر","Implementing":"شركة الكتروالهانى","SHAPE_Length":5.840614498095715,"SHAPE_Area":1.651655171879522,"__networkId":"electricity","__networkName":"شبكة الكهرباء","__layerId":"electricity_facilities","__layerName":"منشآت شبكة الكهرباء","__assetName":"منشآت الكهرباء","__geometryKind":"polygon","__featureIndex":1034,"__length_m":5.84,"__area_m2":1.65,"__typeValue":"بيلر"},"geometry":{"type":"Polygon","coordinates":[[[31.525263331621815,30.2765119004719],[31.525265839718077,30.27650635902413],[31.525247850056203,30.276500221771474],[31.525245340163313,30.27650576477113],[31.525263331621815,30.2765119004719]]]}},{"type":"Feature","properties":{"Electric_Facility_Type":"بيلر","Easting":"031° 31' 23.66\" E","Northing":"30° 16' 36.26\" N","Description":null,"ID":"5_4/5/A","sectors":"القطاع الثالث عشر","Implementing":"شركة الكتروالهانى","SHAPE_Length":5.840501705896857,"SHAPE_Area":1.6514828353823159,"__networkId":"electricity","__networkName":"شبكة الكهرباء","__layerId":"electricity_facilities","__layerName":"منشآت شبكة الكهرباء","__assetName":"منشآت الكهرباء","__geometryKind":"polygon","__featureIndex":1035,"__length_m":5.84,"__area_m2":1.65,"__typeValue":"بيلر"},"geometry":{"type":"Polygon","coordinates":[[[31.52490658546966,30.27690106634273],[31.5249040773734,30.27690660776821],[31.524922067035273,30.276912744995453],[31.524924576928164,30.276907203570318],[31.52490658546966,30.27690106634273]]]}},{"type":"Feature","properties":{"Electric_Facility_Type":"بيلر","Easting":"031° 31' 25.74\" E","Northing":"30° 16' 32.49\" N","Description":null,"ID":"5_3/5/A","sectors":"القطاع الثالث عشر","Implementing":"شركة الكتروالهانى","SHAPE_Length":5.841010398312571,"SHAPE_Area":1.65190887453111,"__networkId":"electricity","__networkName":"شبكة الكهرباء","__layerId":"electricity_facilities","__layerName":"منشآت شبكة الكهرباء","__assetName":"منشآت الكهرباء","__geometryKind":"polygon","__featureIndex":1036,"__length_m":5.84,"__area_m2":1.65,"__typeValue":"بيلر"},"geometry":{"type":"Polygon","coordinates":[[[31.525500954879092,30.27586469170065],[31.525503532145635,30.27585917193848],[31.525485618840552,30.275852870177374],[31.52548303887905,30.27585838838828],[31.525500954879092,30.27586469170065]]]}},{"type":"Feature","properties":{"Electric_Facility_Type":"بيلر","Easting":"031° 31' 27.02\" E","Northing":"30° 16' 29.83\" N","Description":null,"ID":"4_3/5/A","sectors":"القطاع الثالث عشر","Implementing":"شركة الكتروالهانى","SHAPE_Length":5.841380769153,"SHAPE_Area":1.651943999697402,"__networkId":"electricity","__networkName":"شبكة الكهرباء","__layerId":"electricity_facilities","__layerName":"منشآت شبكة الكهرباء","__assetName":"منشآت الكهرباء","__geometryKind":"polygon","__featureIndex":1037,"__length_m":5.84,"__area_m2":1.65,"__typeValue":"بيلر"},"geometry":{"type":"Polygon","coordinates":[[[31.52584235061968,30.275112012829446],[31.525839561350722,30.275117454277968],[31.525857222229195,30.2751242750953],[31.525860011498146,30.275118833647106],[31.52584235061968,30.275112012829446]]]}},{"type":"Feature","properties":{"Electric_Facility_Type":"بيلر","Easting":"031° 31' 23.41\" E","Northing":"30° 16' 28.55\" N","Description":null,"ID":"3_4/1/B","sectors":"القطاع الثالث عشر","Implementing":"شركة الكتروالهانى","SHAPE_Length":5.840728651787442,"SHAPE_Area":1.6515656250748783,"__networkId":"electricity","__networkName":"شبكة الكهرباء","__layerId":"electricity_facilities","__layerName":"منشآت شبكة الكهرباء","__assetName":"منشآت الكهرباء","__geometryKind":"polygon","__featureIndex":1038,"__length_m":5.84,"__area_m2":1.65,"__typeValue":"بيلر"},"geometry":{"type":"Polygon","coordinates":[[[31.52485243682096,30.27477071842973],[31.524855007799317,30.27476519860609],[31.52483708910435,30.274758906860086],[31.524834515431063,30.274764426684133],[31.52485243682096,30.27477071842973]]]}},{"type":"Feature","properties":{"Electric_Facility_Type":"بيلر","Easting":"031° 31' 22.88\" E","Northing":"30° 16' 28.37\" N","Description":null,"ID":"2_4/1/B","sectors":"القطاع الثالث عشر","Implementing":"شركة الكتروالهانى","SHAPE_Length":5.8407345821542,"SHAPE_Area":1.6517500773981886,"__networkId":"electricity","__networkName":"شبكة الكهرباء","__layerId":"electricity_facilities","__layerName":"منشآت شبكة الكهرباء","__assetName":"منشآت الكهرباء","__geometryKind":"polygon","__featureIndex":1039,"__length_m":5.84,"__area_m2":1.65,"__typeValue":"بيلر"},"geometry":{"type":"Polygon","coordinates":[[[31.524691786607136,30.274707807937617],[31.524689136577027,30.274713301387255],[31.52470696544049,30.274719780880094],[31.52470961547059,30.27471428743077],[31.524691786607136,30.274707807937617]]]}},{"type":"Feature","properties":{"Electric_Facility_Type":"بيلر","Easting":"031° 31' 19.27\" E","Northing":"30° 16' 27.1\" N","Description":null,"ID":"4_6/1/B","sectors":"القطاع الثالث عشر","Implementing":"شركة الكتروالهانى","SHAPE_Length":5.841386448915179,"SHAPE_Area":1.652007749729663,"__networkId":"electricity","__networkName":"شبكة الكهرباء","__layerId":"electricity_facilities","__layerName":"منشآت شبكة الكهرباء","__assetName":"منشآت الكهرباء","__geometryKind":"polygon","__featureIndex":1040,"__length_m":5.84,"__area_m2":1.65,"__typeValue":"بيلر"},"geometry":{"type":"Polygon","coordinates":[[[31.52368683231564,30.274360661793363],[31.523704509363792,30.27436745395852],[31.523707286056354,30.274362007037755],[31.52368961170313,30.27435521642386],[31.52368683231564,30.274360661793363]]]}},{"type":"Feature","properties":{"Electric_Facility_Type":"بيلر","Easting":"031° 31' 21.68\" E","Northing":"30° 16' 31.06\" N","Description":null,"ID":"4_4/1/B","sectors":"القطاع الثالث عشر","Implementing":"شركة الكتروالهانى","SHAPE_Length":5.840620772871604,"SHAPE_Area":1.6517181506438043,"__networkId":"electricity","__networkName":"شبكة الكهرباء","__layerId":"electricity_facilities","__layerName":"منشآت شبكة الكهرباء","__assetName":"منشآت الكهرباء","__geometryKind":"polygon","__featureIndex":1041,"__length_m":5.84,"__area_m2":1.65,"__typeValue":"بيلر"},"geometry":{"type":"Polygon","coordinates":[[[31.5243719046193,30.27546722846773],[31.524374481885843,30.27546171023483],[31.52435656858076,30.275455406120827],[31.524353992212546,30.27546092668145],[31.5243719046193,30.27546722846773]]]}},{"type":"Feature","properties":{"Electric_Facility_Type":"بيلر","Easting":"031° 31' 15.47\" E","Northing":"30° 16' 33.81\" N","Description":null,"ID":"3_2/1/B","sectors":"القطاع الثالث عشر","Implementing":"شركة الكتروالهانى","SHAPE_Length":5.840955801121332,"SHAPE_Area":1.6518613837270468,"__networkId":"electricity","__networkName":"شبكة الكهرباء","__layerId":"electricity_facilities","__layerName":"منشآت شبكة الكهرباء","__assetName":"منشآت الكهرباء","__geometryKind":"polygon","__featureIndex":1042,"__length_m":5.84,"__area_m2":1.65,"__typeValue":"بيلر"},"geometry":{"type":"Polygon","coordinates":[[[31.52264699464503,30.276230416561447],[31.522649573708193,30.27622489681985],[31.52263165860648,30.276218594306414],[31.522629081339943,30.27622411249676],[31.52264699464503,30.276230416561447]]]}},{"type":"Feature","properties":{"Electric_Facility_Type":"بيلر","Easting":"031° 31' 13.78\" E","Northing":"30° 16' 35.17\" N","Description":null,"ID":"1_2/1/B","sectors":"القطاع الثالث عشر","Implementing":"شركة الكتروالهانى","SHAPE_Length":5.839260560631876,"SHAPE_Area":1.6518381570246206,"__networkId":"electricity","__networkName":"شبكة الكهرباء","__layerId":"electricity_facilities","__layerName":"منشآت شبكة الكهرباء","__assetName":"منشآت الكهرباء","__geometryKind":"polygon","__featureIndex":1043,"__length_m":5.84,"__area_m2":1.65,"__typeValue":"بيلر"},"geometry":{"type":"Polygon","coordinates":[[[31.522162279887393,30.276599992614972],[31.522161363605782,30.27660589324658],[31.522180521077548,30.276608135269306],[31.522181437359126,30.27660223231044],[31.522162279887393,30.276599992614972]]]}},{"type":"Feature","properties":{"Electric_Facility_Type":"بيلر","Easting":"031° 31' 13.24\" E","Northing":"30° 16' 35.11\" N","Description":null,"ID":"2_2/1/B","sectors":"القطاع الثالث عشر","Implementing":"شركة الكتروالهانى","SHAPE_Length":5.8390939516774605,"SHAPE_Area":1.6519366710566876,"__networkId":"electricity","__networkName":"شبكة الكهرباء","__layerId":"electricity_facilities","__layerName":"منشآت شبكة الكهرباء","__assetName":"منشآت الكهرباء","__geometryKind":"polygon","__featureIndex":1044,"__length_m":5.84,"__area_m2":1.65,"__typeValue":"بيلر"},"geometry":{"type":"Polygon","coordinates":[[[31.5220296687885,30.276590554396495],[31.52203031467722,30.276584625059904],[31.522011070967192,30.27658304400685],[31.522010425078513,30.276588973343532],[31.5220296687885,30.276590554396495]]]}},{"type":"Feature","properties":{"Electric_Facility_Type":"بيلر","Easting":"031° 31' 11.54\" E","Northing":"30° 16' 36.43\" N","Description":null,"ID":"3_5/6/A","sectors":"القطاع الثالث عشر","Implementing":"شركة الكتروالهانى","SHAPE_Length":5.8393171549975005,"SHAPE_Area":1.6517915203136089,"__networkId":"electricity","__networkName":"شبكة الكهرباء","__layerId":"electricity_facilities","__layerName":"منشآت شبكة الكهرباء","__assetName":"منشآت الكهرباء","__geometryKind":"polygon","__featureIndex":1045,"__length_m":5.84,"__area_m2":1.65,"__typeValue":"بيلر"},"geometry":{"type":"Polygon","coordinates":[[[31.521540760695146,30.27694864361693],[31.52153979231124,30.27695453802131],[31.521558930020074,30.276956906488756],[31.521559898403947,30.276951010532976],[31.521540760695146,30.27694864361693]]]}},{"type":"Feature","properties":{"Electric_Facility_Type":"بيلر","Easting":"031° 31' 14.85\" E","Northing":"30° 16' 36.82\" N","Description":null,"ID":"1_5/6/A","sectors":"القطاع الثالث عشر","Implementing":"شركة الكتروالهانى","SHAPE_Length":5.83950168196615,"SHAPE_Area":1.6522605115645757,"__networkId":"electricity","__networkName":"شبكة الكهرباء","__layerId":"electricity_facilities","__layerName":"منشآت شبكة الكهرباء","__assetName":"منشآت الكهرباء","__geometryKind":"polygon","__featureIndex":1046,"__length_m":5.84,"__area_m2":1.65,"__typeValue":"بيلر"},"geometry":{"type":"Polygon","coordinates":[[[31.522475956313237,30.277064043701635],[31.522476875289765,30.277058140770244],[31.522457719614664,30.277055894878927],[31.522456800638132,30.277061798586253],[31.522475956313237,30.277064043701635]]]}},{"type":"Feature","properties":{"Electric_Facility_Type":"بيلر","Easting":"031° 31' 15.9\" E","Northing":"30° 16' 36.94\" N","Description":null,"ID":"2_5/6/A","sectors":"القطاع الثالث عشر","Implementing":"شركة الكتروالهانى","SHAPE_Length":5.839148178547866,"SHAPE_Area":1.6517856697668676,"__networkId":"electricity","__networkName":"شبكة الكهرباء","__layerId":"electricity_facilities","__layerName":"منشآت شبكة الكهرباء","__assetName":"منشآت الكهرباء","__geometryKind":"polygon","__featureIndex":1047,"__length_m":5.84,"__area_m2":1.65,"__typeValue":"بيلر"},"geometry":{"type":"Polygon","coordinates":[[[31.522749837372,30.277090854751076],[31.522748921988725,30.2770967576805],[31.52276807856216,30.27709899736463],[31.522768994843766,30.277093096762677],[31.522749837372,30.277090854751076]]]}},{"type":"Feature","properties":{"Electric_Facility_Type":"بيلر","Easting":"031° 31' 17.75\" E","Northing":"30° 16' 37.16\" N","Description":null,"ID":"3_4/6/A","sectors":"القطاع الثالث عشر","Implementing":"شركة الكتروالهانى","SHAPE_Length":5.839177487239457,"SHAPE_Area":1.6517699444754324,"__networkId":"electricity","__networkName":"شبكة الكهرباء","__layerId":"electricity_facilities","__layerName":"منشآت شبكة الكهرباء","__assetName":"منشآت الكهرباء","__geometryKind":"polygon","__featureIndex":1048,"__length_m":5.84,"__area_m2":1.65,"__typeValue":"بيلر"},"geometry":{"type":"Polygon","coordinates":[[[31.523282078398076,30.277159616215503],[31.523283132121904,30.27715373268439],[31.52326403304065,30.277151151657396],[31.523262977520197,30.277157036740245],[31.523282078398076,30.277159616215503]]]}},{"type":"Feature","properties":{"Electric_Facility_Type":"بيلر","Easting":"031° 31' 20.18\" E","Northing":"30° 16' 37.44\" N","Description":null,"ID":"1_4/6/A","sectors":"القطاع الثالث عشر","Implementing":"شركة الكتروالهانى","SHAPE_Length":5.839142678494742,"SHAPE_Area":1.6518113791257543,"__networkId":"electricity","__networkName":"شبكة الكهرباء","__layerId":"electricity_facilities","__layerName":"منشآت شبكة الكهرباء","__assetName":"منشآت الكهرباء","__geometryKind":"polygon","__featureIndex":1049,"__length_m":5.84,"__area_m2":1.65,"__typeValue":"بيلر"},"geometry":{"type":"Polygon","coordinates":[[[31.52395739679439,30.277238084209277],[31.523958314872587,30.277232183615688],[31.523939157400857,30.277229940055687],[31.523938241119247,30.27723584297674],[31.52395739679439,30.277238084209277]]]}},{"type":"Feature","properties":{"Electric_Facility_Type":"بيلر","Easting":"031° 31' 20.71\" E","Northing":"30° 16' 37.5\" N","Description":null,"ID":"2_4/6/A","sectors":"القطاع الثالث عشر","Implementing":"شركة الكتروالهانى","SHAPE_Length":5.839367623488913,"SHAPE_Area":1.6519756049502607,"__networkId":"electricity","__networkName":"شبكة الكهرباء","__layerId":"electricity_facilities","__layerName":"منشآت شبكة الكهرباء","__assetName":"منشآت الكهرباء","__geometryKind":"polygon","__featureIndex":1050,"__length_m":5.84,"__area_m2":1.65,"__typeValue":"بيلر"},"geometry":{"type":"Polygon","coordinates":[[[31.52408600679697,30.27724658367001],[31.5240850905154,30.27725248503853],[31.524104246190504,30.27725472859802],[31.524105165167033,30.27724882567809],[31.52408600679697,30.27724658367001]]]}},{"type":"Feature","properties":{"Electric_Facility_Type":"بيلر","Easting":"031° 31' 23.06\" E","Northing":"30° 16' 37.78\" N","Description":null,"ID":"5_3/6/A","sectors":"القطاع الثالث عشر","Implementing":"شركة الكتروالهانى","SHAPE_Length":5.838976695415097,"SHAPE_Area":1.6517977113308002,"__networkId":"electricity","__networkName":"شبكة الكهرباء","__layerId":"electricity_facilities","__layerName":"منشآت شبكة الكهرباء","__assetName":"منشآت الكهرباء","__geometryKind":"polygon","__featureIndex":1051,"__length_m":5.84,"__area_m2":1.65,"__typeValue":"بيلر"},"geometry":{"type":"Polygon","coordinates":[[[31.524738909532008,30.2773295193153],[31.524758065207116,30.277331759769908],[31.524758981488688,30.277325858406215],[31.524739825813576,30.27732361639988],[31.524738909532008,30.2773295193153]]]}},{"type":"Feature","properties":{"Electric_Facility_Type":"بيلر","Easting":"031° 31' 19.31\" E","Northing":"30° 16' 38.57\" N","Description":null,"ID":"3_8/6/A","sectors":"القطاع الثالث عشر","Implementing":"شركة الكتروالهانى","SHAPE_Length":5.83914060261003,"SHAPE_Area":1.6518522046506117,"__networkId":"electricity","__networkName":"شبكة الكهرباء","__layerId":"electricity_facilities","__layerName":"منشآت شبكة الكهرباء","__assetName":"منشآت الكهرباء","__geometryKind":"polygon","__featureIndex":1052,"__length_m":5.84,"__area_m2":1.65,"__typeValue":"بيلر"},"geometry":{"type":"Polygon","coordinates":[[[31.523696695817474,30.277543853321358],[31.523695950215785,30.277549773290666],[31.523715166078023,30.27755159637116],[31.523715911679684,30.277545676401967],[31.523696695817474,30.277543853321358]]]}},{"type":"Feature","properties":{"Electric_Facility_Type":"بيلر","Easting":"031° 31' 11.01\" E","Northing":"30° 16' 37.78\" N","Description":null,"ID":"5_6/6/A","sectors":"القطاع الثالث عشر","Implementing":"شركة الكتروالهانى","SHAPE_Length":5.839109728697262,"SHAPE_Area":1.6517894572430607,"__networkId":"electricity","__networkName":"شبكة الكهرباء","__layerId":"electricity_facilities","__layerName":"منشآت شبكة الكهرباء","__assetName":"منشآت الكهرباء","__geometryKind":"polygon","__featureIndex":1053,"__length_m":5.84,"__area_m2":1.65,"__typeValue":"بيلر"},"geometry":{"type":"Polygon","coordinates":[[[31.52141073494764,30.277330805559707],[31.521411519176908,30.27732489023184],[31.521392313196127,30.277322978708128],[31.521391531661823,30.277328895587647],[31.52141073494764,30.277330805559707]]]}},{"type":"Feature","properties":{"Electric_Facility_Type":"بيلر","Easting":"031° 31' 28.14\" E","Northing":"30° 16' 30.61\" N","Description":null,"ID":"1_2/5/A","sectors":"القطاع الثاني عشر","Implementing":"شركة الكتروالهانى","SHAPE_Length":5.840834344220992,"SHAPE_Area":1.65200896772541,"__networkId":"electricity","__networkName":"شبكة الكهرباء","__layerId":"electricity_facilities","__layerName":"منشآت شبكة الكهرباء","__assetName":"منشآت الكهرباء","__geometryKind":"polygon","__featureIndex":1054,"__length_m":5.84,"__area_m2":1.65,"__typeValue":"بيلر"},"geometry":{"type":"Polygon","coordinates":[[[31.52616733234336,30.275342627888023],[31.526169843134586,30.27533708404686],[31.526151853472708,30.27533094672103],[31.52614934357982,30.27533648978679],[31.52616733234336,30.275342627888023]]]}},{"type":"Feature","properties":{"Electric_Facility_Type":"بيلر","Easting":"031° 31' 29.92\" E","Northing":"30° 16' 31.22\" N","Description":null,"ID":"2_2/5/A","sectors":"القطاع الثاني عشر","Implementing":"شركة الكتروالهانى","SHAPE_Length":5.840275582577172,"SHAPE_Area":1.6514082037181912,"__networkId":"electricity","__networkName":"شبكة الكهرباء","__layerId":"electricity_facilities","__layerName":"منشآت شبكة الكهرباء","__assetName":"منشآت الكهرباء","__geometryKind":"polygon","__featureIndex":1055,"__length_m":5.84,"__area_m2":1.65,"__typeValue":"بيلر"},"geometry":{"type":"Polygon","coordinates":[[[31.526665255928954,30.27550609891325],[31.526647266267048,30.275499960822174],[31.526644756374157,30.27550550232677],[31.526662745137735,30.275511639641685],[31.526665255928954,30.27550609891325]]]}},{"type":"Feature","properties":{"Electric_Facility_Type":"بيلر","Easting":"031° 31' 39.8\" E","Northing":"30° 16' 36.84\" N","Description":null,"ID":"5_8/5/A","sectors":"القطاع الثاني عشر","Implementing":"شركة الكتروالهانى","SHAPE_Length":5.840490438116655,"SHAPE_Area":1.651792479545359,"__networkId":"electricity","__networkName":"شبكة الكهرباء","__layerId":"electricity_facilities","__layerName":"منشآت شبكة الكهرباء","__assetName":"منشآت الكهرباء","__geometryKind":"polygon","__featureIndex":1056,"__length_m":5.84,"__area_m2":1.65,"__typeValue":"بيلر"},"geometry":{"type":"Polygon","coordinates":[[[31.52940801820555,30.277071748776],[31.529410387062956,30.277066159261302],[31.529392242890854,30.277060371145875],[31.529389876728395,30.277065960660902],[31.52940801820555,30.277071748776]]]}},{"type":"Feature","properties":{"Electric_Facility_Type":"بيلر","Easting":"031° 31' 36.69\" E","Northing":"30° 16' 38.21\" N","Description":null,"ID":"3_7/5/A","sectors":"القطاع الثاني عشر","Implementing":"شركة الكتروالهانى","SHAPE_Length":5.851160983873795,"SHAPE_Area":1.652038516451921,"__networkId":"electricity","__networkName":"شبكة الكهرباء","__layerId":"electricity_facilities","__layerName":"منشآت شبكة الكهرباء","__assetName":"منشآت الكهرباء","__geometryKind":"polygon","__featureIndex":1057,"__length_m":5.85,"__area_m2":1.65,"__typeValue":"بيلر"},"geometry":{"type":"Polygon","coordinates":[[[31.52854232254603,30.277440767754488],[31.528535964270443,30.27743853040554],[31.52852870228971,30.277454078583563],[31.528535062361925,30.277456317483747],[31.52854232254603,30.277440767754488]]]}},{"type":"Feature","properties":{"Electric_Facility_Type":"بيلر","Easting":"031° 31' 37.02\" E","Northing":"30° 16' 38.32\" N","Description":null,"ID":"2_7/5/A","sectors":"القطاع الثاني عشر","Implementing":"شركة الكتروالهانى","SHAPE_Length":5.850564543303083,"SHAPE_Area":1.6515768189295013,"__networkId":"electricity","__networkName":"شبكة الكهرباء","__layerId":"electricity_facilities","__layerName":"منشآت شبكة الكهرباء","__assetName":"منشآت الكهرباء","__geometryKind":"polygon","__featureIndex":1058,"__length_m":5.85,"__area_m2":1.65,"__typeValue":"بيلر"},"geometry":{"type":"Polygon","coordinates":[[[31.52863288170983,30.277471982801732],[31.528626523434237,30.27746974622923],[31.52861926325013,30.27748529440231],[31.528625621525713,30.27748753097446],[31.52863288170983,30.277471982801732]]]}},{"type":"Feature","properties":{"Electric_Facility_Type":"بيلر","Easting":"031° 31' 37.88\" E","Northing":"30° 16' 40.01\" N","Description":null,"ID":"3_10/6/A","sectors":"القطاع الثاني عشر","Implementing":"شركة الكتروالهانى","SHAPE_Length":5.840631764230561,"SHAPE_Area":1.6517080143050957,"__networkId":"electricity","__networkName":"شبكة الكهرباء","__layerId":"electricity_facilities","__layerName":"منشآت شبكة الكهرباء","__assetName":"منشآت الكهرباء","__geometryKind":"polygon","__featureIndex":1059,"__length_m":5.84,"__area_m2":1.65,"__typeValue":"بيلر"},"geometry":{"type":"Polygon","coordinates":[[[31.52885857354349,30.277941345381496],[31.528856059159015,30.27794688519667],[31.52887404522763,30.2779530316682],[31.528876559612108,30.277947490301802],[31.52885857354349,30.277941345381496]]]}},{"type":"Feature","properties":{"Electric_Facility_Type":"بيلر","Easting":"031° 31' 35.52\" E","Northing":"30° 16' 37.33\" N","Description":null,"ID":"4_7/5/A","sectors":"القطاع الثاني عشر","Implementing":"شركة الكتروالهانى","SHAPE_Length":5.841579020791363,"SHAPE_Area":1.651951939687935,"__networkId":"electricity","__networkName":"شبكة الكهرباء","__layerId":"electricity_facilities","__layerName":"منشآت شبكة الكهرباء","__assetName":"منشآت الكهرباء","__geometryKind":"polygon","__featureIndex":1060,"__length_m":5.84,"__area_m2":1.65,"__typeValue":"بيلر"},"geometry":{"type":"Polygon","coordinates":[[[31.52820149184579,30.27719781959422],[31.52819871066164,30.277203263254425],[31.528216380523286,30.2772100676354],[31.52821916350406,30.277204623975518],[31.52820149184579,30.27719781959422]]]}},{"type":"Feature","properties":{"Electric_Facility_Type":"بيلر","Easting":"031° 31' 33.76\" E","Northing":"30° 16' 35.8\" N","Description":null,"ID":"5_6/5/A","sectors":"القطاع الثاني عشر","Implementing":"شركة الكتروالهانى","SHAPE_Length":5.850713919258091,"SHAPE_Area":1.6517641131036573,"__networkId":"electricity","__networkName":"شبكة الكهرباء","__layerId":"electricity_facilities","__layerName":"منشآت شبكة الكهرباء","__assetName":"منشآت الكهرباء","__geometryKind":"polygon","__featureIndex":1061,"__length_m":5.85,"__area_m2":1.65,"__typeValue":"بيلر"},"geometry":{"type":"Polygon","coordinates":[[[31.527727592804172,30.276772441258746],[31.52772123452858,30.276770204670303],[31.527713971649515,30.276785752178476],[31.527720331721735,30.276787988766564],[31.527727592804172,30.276772441258746]]]}},{"type":"Feature","properties":{"Electric_Facility_Type":"بيلر","Easting":"031° 31' 33.05\" E","Northing":"30° 16' 37.59\" N","Description":null,"ID":"5_7/5/A","sectors":"القطاع الثاني عشر","Implementing":"شركة الكتروالهانى","SHAPE_Length":5.842442517506916,"SHAPE_Area":1.6521851222976494,"__networkId":"electricity","__networkName":"شبكة الكهرباء","__layerId":"electricity_facilities","__layerName":"منشآت شبكة الكهرباء","__assetName":"منشآت الكهرباء","__geometryKind":"polygon","__featureIndex":1062,"__length_m":5.84,"__area_m2":1.65,"__typeValue":"بيلر"},"geometry":{"type":"Polygon","coordinates":[[[31.527516653104104,30.277269193038915],[31.527513453305044,30.277274462920246],[31.527530554533122,30.277282285120993],[31.52753375433215,30.277277016791665],[31.527516653104104,30.277269193038915]]]}},{"type":"Feature","properties":{"Electric_Facility_Type":"بيلر","Easting":"031° 31' 25.68\" E","Northing":"30° 16' 36.07\" N","Description":null,"ID":"5_5/5/A","sectors":"القطاع الثاني عشر","Implementing":"شركة الكتروالهانى","SHAPE_Length":5.841376226604202,"SHAPE_Area":1.6518796042771928,"__networkId":"electricity","__networkName":"شبكة الكهرباء","__layerId":"electricity_facilities","__layerName":"منشآت شبكة الكهرباء","__assetName":"منشآت الكهرباء","__geometryKind":"polygon","__featureIndex":1063,"__length_m":5.84,"__area_m2":1.65,"__typeValue":"بيلر"},"geometry":{"type":"Polygon","coordinates":[[[31.525467847469304,30.27684637898069],[31.52546502586099,30.276851806368914],[31.525482645416954,30.276858706195686],[31.5254854688219,30.27685327725624],[31.525467847469304,30.27684637898069]]]}},{"type":"Feature","properties":{"Electric_Facility_Type":"بيلر","Easting":"031° 31' 27.94\" E","Northing":"30° 16' 36.84\" N","Description":null,"ID":"4_5/5/A","sectors":"القطاع الثاني عشر","Implementing":"شركة الكتروالهانى","SHAPE_Length":5.840963777074546,"SHAPE_Area":1.652084253857116,"__networkId":"electricity","__networkName":"شبكة الكهرباء","__layerId":"electricity_facilities","__layerName":"منشآت شبكة الكهرباء","__assetName":"منشآت الكهرباء","__geometryKind":"polygon","__featureIndex":1064,"__length_m":5.84,"__area_m2":1.65,"__typeValue":"بيلر"},"geometry":{"type":"Polygon","coordinates":[[[31.526094557127273,30.27706747110991],[31.526112546789147,30.277073608327154],[31.526115057580366,30.277068065359504],[31.52609706791846,30.27706192736618],[31.526094557127273,30.27706747110991]]]}},{"type":"Feature","properties":{"Electric_Facility_Type":"بيلر","Easting":"031° 31' 37.54\" E","Northing":"30° 16' 36.06\" N","Description":null,"ID":"4_8/5/A","sectors":"القطاع الثاني عشر","Implementing":"شركة الكتروالهانى","SHAPE_Length":5.840743818023891,"SHAPE_Area":1.6518390731658024,"__networkId":"electricity","__networkName":"شبكة الكهرباء","__layerId":"electricity_facilities","__layerName":"منشآت شبكة الكهرباء","__assetName":"منشآت الكهرباء","__geometryKind":"polygon","__featureIndex":1065,"__length_m":5.84,"__area_m2":1.65,"__typeValue":"بيلر"},"geometry":{"type":"Polygon","coordinates":[[[31.52877781499946,30.276856957577603],[31.528780279976598,30.276851399857854],[31.528762240907387,30.276845371236593],[31.528759775930254,30.276850928956698],[31.52877781499946,30.276856957577603]]]}},{"type":"Feature","properties":{"Electric_Facility_Type":"بيلر","Easting":"031° 31' 31.34\" E","Northing":"30° 16' 33.88\" N","Description":null,"ID":"3_6/5/A","sectors":"القطاع الثاني عشر","Implementing":"شركة الكتروالهانى","SHAPE_Length":4.409791243086371,"SHAPE_Area":0.941676361588212,"__networkId":"electricity","__networkName":"شبكة الكهرباء","__layerId":"electricity_facilities","__layerName":"منشآت شبكة الكهرباء","__assetName":"منشآت الكهرباء","__geometryKind":"polygon","__featureIndex":1066,"__length_m":4.41,"__area_m2":0.94,"__typeValue":"بيلر"},"geometry":{"type":"Polygon","coordinates":[[[31.52705418961604,30.276247829152425],[31.52705608506128,30.27624364299361],[31.527042502534197,30.276239010755777],[31.527040607987256,30.27624319536319],[31.52705418961604,30.276247829152425]]]}},{"type":"Feature","properties":{"Electric_Facility_Type":"بيلر","Easting":"031° 31' 29.53\" E","Northing":"30° 16' 43.02\" N","Description":null,"ID":"1_9/6/A","sectors":"القطاع الثاني عشر","Implementing":"شركة الكتروالهانى","SHAPE_Length":5.852850733650044,"SHAPE_Area":1.6520925602320307,"__networkId":"electricity","__networkName":"شبكة الكهرباء","__layerId":"electricity_facilities","__layerName":"منشآت شبكة الكهرباء","__assetName":"منشآت الكهرباء","__geometryKind":"polygon","__featureIndex":1067,"__length_m":5.85,"__area_m2":1.65,"__typeValue":"بيلر"},"geometry":{"type":"Polygon","coordinates":[[[31.526552192170644,30.27877541879549],[31.52654541258521,30.2787744894239],[31.526542397839123,30.278791061405578],[31.526549174729627,30.27879199077701],[31.526552192170644,30.27877541879549]]]}},{"type":"Feature","properties":{"Electric_Facility_Type":"بيلر","Easting":"031° 31' 27.47\" E","Northing":"30° 16' 42.8\" N","Description":null,"ID":"5_9/6/A","sectors":"القطاع الثاني عشر","Implementing":"شركة الكتروالهانى","SHAPE_Length":5.852913503929795,"SHAPE_Area":1.652159711509281,"__networkId":"electricity","__networkName":"شبكة الكهرباء","__layerId":"electricity_facilities","__layerName":"منشآت شبكة الكهرباء","__assetName":"منشآت الكهرباء","__geometryKind":"polygon","__featureIndex":1068,"__length_m":5.85,"__area_m2":1.65,"__typeValue":"بيلر"},"geometry":{"type":"Polygon","coordinates":[[[31.52597806180458,30.278714489083285],[31.525971282219125,30.27871355815956],[31.52596826747303,30.278730130151533],[31.525975044363534,30.278731061075042],[31.52597806180458,30.278714489083285]]]}},{"type":"Feature","properties":{"Electric_Facility_Type":"بيلر","Easting":"031° 31' 37.05\" E","Northing":"30° 16' 43.69\" N","Description":null,"ID":"2_10/6/A","sectors":"القطاع الثاني عشر","Implementing":"شركة الكتروالهانى","SHAPE_Length":5.838984040491664,"SHAPE_Area":1.6517153649001142,"__networkId":"electricity","__networkName":"شبكة الكهرباء","__layerId":"electricity_facilities","__layerName":"منشآت شبكة الكهرباء","__assetName":"منشآت الكهرباء","__geometryKind":"polygon","__featureIndex":1069,"__length_m":5.84,"__area_m2":1.65,"__typeValue":"بيلر"},"geometry":{"type":"Polygon","coordinates":[[[31.528645267680975,30.27897291315876],[31.528646226183373,30.278967015772547],[31.52862708577962,30.278964673729703],[31.52862612817551,30.2789705695645],[31.528645267680975,30.27897291315876]]]}},{"type":"Feature","properties":{"Electric_Facility_Type":"بيلر","Easting":"031° 31' 33.23\" E","Northing":"30° 16' 40.24\" N","Description":null,"ID":"4_1/6/A","sectors":"القطاع الثاني عشر","Implementing":"شركة الكتروالهانى","SHAPE_Length":5.8397413716110265,"SHAPE_Area":1.6522299137994043,"__networkId":"electricity","__networkName":"شبكة الكهرباء","__layerId":"electricity_facilities","__layerName":"منشآت شبكة الكهرباء","__assetName":"منشآت الكهرباء","__geometryKind":"polygon","__featureIndex":1070,"__length_m":5.84,"__area_m2":1.65,"__typeValue":"بيلر"},"geometry":{"type":"Polygon","coordinates":[[[31.527563933234138,30.278007602823056],[31.527562858849045,30.27801348552718],[31.527581952540416,30.27801611075069],[31.527583025128852,30.27801022727093],[31.527563933234138,30.278007602823056]]]}},{"type":"Feature","properties":{"Electric_Facility_Type":"بيلر","Easting":"031° 31' 29.33\" E","Northing":"30° 16' 39.71\" N","Description":null,"ID":"1_2/6/A","sectors":"القطاع الثاني عشر","Implementing":"شركة الكتروالهانى","SHAPE_Length":5.839416833861586,"SHAPE_Area":1.6518397054390692,"__networkId":"electricity","__networkName":"شبكة الكهرباء","__layerId":"electricity_facilities","__layerName":"منشآت شبكة الكهرباء","__assetName":"منشآت الكهرباء","__geometryKind":"polygon","__featureIndex":1071,"__length_m":5.84,"__area_m2":1.65,"__typeValue":"بيلر"},"geometry":{"type":"Polygon","coordinates":[[[31.526499627251816,30.277867715691965],[31.526500695348666,30.2778618329791],[31.526481599860666,30.27785922171545],[31.526480531763816,30.277865103652687],[31.526499627251816,30.277867715691965]]]}},{"type":"Feature","properties":{"Electric_Facility_Type":"بيلر","Easting":"031° 31' 28.15\" E","Northing":"30° 16' 39.09\" N","Description":null,"ID":"2_2/6/A","sectors":"القطاع الثاني عشر","Implementing":"شركة الكتروالهانى","SHAPE_Length":5.85234132165499,"SHAPE_Area":1.6517434609954516,"__networkId":"electricity","__networkName":"شبكة الكهرباء","__layerId":"electricity_facilities","__layerName":"منشآت شبكة الكهرباء","__assetName":"منشآت الكهرباء","__geometryKind":"polygon","__featureIndex":1072,"__length_m":5.85,"__area_m2":1.65,"__typeValue":"بيلر"},"geometry":{"type":"Polygon","coordinates":[[[31.526156514830713,30.27769825028681],[31.52616329980606,30.27769914165547],[31.526166189686318,30.277682553973875],[31.526159406507606,30.277681662605055],[31.526156514830713,30.27769825028681]]]}},{"type":"Feature","properties":{"Electric_Facility_Type":"بيلر","Easting":"031° 31' 27.08\" E","Northing":"30° 16' 40.71\" N","Description":null,"ID":"3_2/6/A","sectors":"القطاع الثاني عشر","Implementing":"شركة الكتروالهانى","SHAPE_Length":5.839439443127456,"SHAPE_Area":1.6517765239470812,"__networkId":"electricity","__networkName":"شبكة الكهرباء","__layerId":"electricity_facilities","__layerName":"منشآت شبكة الكهرباء","__assetName":"منشآت الكهرباء","__geometryKind":"polygon","__featureIndex":1073,"__length_m":5.84,"__area_m2":1.65,"__typeValue":"بيلر"},"geometry":{"type":"Polygon","coordinates":[[[31.525873974012598,30.27814506778757],[31.52587510678817,30.278139195176387],[31.52585603914795,30.27813642798945],[31.525854908169034,30.278142301376576],[31.525873974012598,30.27814506778757]]]}},{"type":"Feature","properties":{"Electric_Facility_Type":"بيلر","Easting":"031° 31' 25.46\" E","Northing":"30° 16' 40.85\" N","Description":null,"ID":"4_2/6/A","sectors":"القطاع الثاني عشر","Implementing":"شركة الكتروالهانى","SHAPE_Length":5.852996441139118,"SHAPE_Area":1.6521007660031275,"__networkId":"electricity","__networkName":"شبكة الكهرباء","__layerId":"electricity_facilities","__layerName":"منشآت شبكة الكهرباء","__assetName":"منشآت الكهرباء","__geometryKind":"polygon","__featureIndex":1074,"__length_m":5.85,"__area_m2":1.65,"__typeValue":"بيلر"},"geometry":{"type":"Polygon","coordinates":[[[31.52541032654503,30.27818739945144],[31.525417105232155,30.278188330380104],[31.525420120876547,30.27817175674512],[31.525413343986042,30.278170827367877],[31.52541032654503,30.27818739945144]]]}},{"type":"Feature","properties":{"Electric_Facility_Type":"بيلر","Easting":"031° 31' 25.84\" E","Northing":"30° 16' 38.77\" N","Description":null,"ID":"5_2/6/A","sectors":"القطاع الثاني عشر","Implementing":"شركة الكتروالهانى","SHAPE_Length":5.852798765900797,"SHAPE_Area":1.6519454406993712,"__networkId":"electricity","__networkName":"شبكة الكهرباء","__layerId":"electricity_facilities","__layerName":"منشآت شبكة الكهرباء","__assetName":"منشآت الكهرباء","__geometryKind":"polygon","__featureIndex":1075,"__length_m":5.85,"__area_m2":1.65,"__typeValue":"بيلر"},"geometry":{"type":"Polygon","coordinates":[[[31.525524792573474,30.277595090407388],[31.52551801478464,30.277594161800415],[31.52551499824192,30.27761073320562],[31.525521775132425,30.27761166413981],[31.525524792573474,30.277595090407388]]]}},{"type":"Feature","properties":{"Electric_Facility_Type":"بيلر","Easting":"031° 31' 25.16\" E","Northing":"30° 16' 42.49\" N","Description":null,"ID":"4_9/6/A","sectors":"القطاع الثاني عشر","Implementing":"شركة الكتروالهانى","SHAPE_Length":5.85279861638693,"SHAPE_Area":1.6518655443467714,"__networkId":"electricity","__networkName":"شبكة الكهرباء","__layerId":"electricity_facilities","__layerName":"منشآت شبكة الكهرباء","__assetName":"منشآت الكهرباء","__geometryKind":"polygon","__featureIndex":1076,"__length_m":5.85,"__area_m2":1.65,"__typeValue":"بيلر"},"geometry":{"type":"Polygon","coordinates":[[[31.525327255737434,30.27864379238566],[31.52533403262794,30.2786447209827],[31.525337050068988,30.278628148976317],[31.525330273178483,30.278627218827552],[31.525327255737434,30.27864379238566]]]}},{"type":"Feature","properties":{"Electric_Facility_Type":"بيلر","Easting":"031° 31' 29.82\" E","Northing":"30° 16' 41.47\" N","Description":null,"ID":"2_9/6/A","sectors":"القطاع الثاني عشر","Implementing":"شركة الكتروالهانى","SHAPE_Length":5.852393400386389,"SHAPE_Area":1.651699661984686,"__networkId":"electricity","__networkName":"شبكة الكهرباء","__layerId":"electricity_facilities","__layerName":"منشآت شبكة الكهرباء","__assetName":"منشآت الكهرباء","__geometryKind":"polygon","__featureIndex":1077,"__length_m":5.85,"__area_m2":1.65,"__typeValue":"بيلر"},"geometry":{"type":"Polygon","coordinates":[[[31.526622503307927,30.278359197535796],[31.526629280198428,30.278360126911316],[31.526632294944523,30.278343554856868],[31.52662551805402,30.278342626256975],[31.526622503307927,30.278359197535796]]]}},{"type":"Feature","properties":{"Electric_Facility_Type":"بيلر","Easting":"031° 31' 32.21\" E","Northing":"30° 16' 41.37\" N","Description":null,"ID":"5_1/6/A","sectors":"القطاع الثاني عشر","Implementing":"شركة الكتروالهانى","SHAPE_Length":5.852705075920734,"SHAPE_Area":1.6519461863347789,"__networkId":"electricity","__networkName":"شبكة الكهرباء","__layerId":"electricity_facilities","__layerName":"منشآت شبكة الكهرباء","__assetName":"منشآت الكهرباء","__geometryKind":"polygon","__featureIndex":1078,"__length_m":5.85,"__area_m2":1.65,"__typeValue":"بيلر"},"geometry":{"type":"Polygon","coordinates":[[[31.527294111662123,30.278315953637104],[31.527287334771618,30.278315025036953],[31.5272843182289,30.27833159709617],[31.527291096916034,30.278332525696168],[31.527294111662123,30.278315953637104]]]}},{"type":"Feature","properties":{"Electric_Facility_Type":"بيلر","Easting":"031° 31' 31.83\" E","Northing":"30° 16' 43.41\" N","Description":null,"ID":"3_9/6/A","sectors":"القطاع الثاني عشر","Implementing":"شركة الكتروالهانى","SHAPE_Length":5.852590786720169,"SHAPE_Area":1.6518333936275797,"__networkId":"electricity","__networkName":"شبكة الكهرباء","__layerId":"electricity_facilities","__layerName":"منشآت شبكة الكهرباء","__assetName":"منشآت الكهرباء","__geometryKind":"polygon","__featureIndex":1079,"__length_m":5.85,"__area_m2":1.65,"__typeValue":"بيلر"},"geometry":{"type":"Polygon","coordinates":[[[31.527190493689055,30.278883996952363],[31.527183715900225,30.278883068357587],[31.52718070115413,30.27889964032087],[31.527187478044635,30.278900568915486],[31.527190493689055,30.278883996952363]]]}},{"type":"Feature","properties":{"Electric_Facility_Type":"بيلر","Easting":"031° 31' 34.79\" E","Northing":"30° 16' 43.8\" N","Description":null,"ID":"1_10/6/A","sectors":"القطاع الثاني عشر","Implementing":"شركة الكتروالهانى","SHAPE_Length":5.852655075498925,"SHAPE_Area":1.651837315813487,"__networkId":"electricity","__networkName":"شبكة الكهرباء","__layerId":"electricity_facilities","__layerName":"منشآت شبكة الكهرباء","__assetName":"منشآت الكهرباء","__geometryKind":"polygon","__featureIndex":1080,"__length_m":5.85,"__area_m2":1.65,"__typeValue":"بيلر"},"geometry":{"type":"Polygon","coordinates":[[[31.5280108001722,30.27899241207787],[31.528004033163167,30.27899142840462],[31.52800084594053,30.27900797785238],[31.528007612949565,30.279008959198176],[31.5280108001722,30.27899241207787]]]}},{"type":"Feature","properties":{"Electric_Facility_Type":"بيلر","Easting":"031° 31' 36.58\" E","Northing":"30° 16' 41.93\" N","Description":null,"ID":"5_10/6/A","sectors":"القطاع الثاني عشر","Implementing":"شركة الكتروالهانى","SHAPE_Length":5.849110606714287,"SHAPE_Area":1.6504107270162818,"__networkId":"electricity","__networkName":"شبكة الكهرباء","__layerId":"electricity_facilities","__layerName":"منشآت شبكة الكهرباء","__assetName":"منشآت الكهرباء","__geometryKind":"polygon","__featureIndex":1081,"__length_m":5.85,"__area_m2":1.65,"__typeValue":"بيلر"},"geometry":{"type":"Polygon","coordinates":[[[31.52850881538593,30.278473551773228],[31.52850202861396,30.278472675151278],[31.528499184547776,30.278489255717382],[31.528505969523124,30.278490133890692],[31.52850881538593,30.278473551773228]]]}},{"type":"Feature","properties":{"Electric_Facility_Type":"بيلر","Easting":"031° 31' 34.57\" E","Northing":"30° 16' 39.98\" N","Description":null,"ID":"2_1/6/A","sectors":"القطاع الثاني عشر","Implementing":"شركة الكتروالهانى","SHAPE_Length":5.85280918312913,"SHAPE_Area":1.6519820933700238,"__networkId":"electricity","__networkName":"شبكة الكهرباء","__layerId":"electricity_facilities","__layerName":"منشآت شبكة الكهرباء","__assetName":"منشآت الكهرباء","__geometryKind":"polygon","__featureIndex":1082,"__length_m":5.85,"__area_m2":1.65,"__typeValue":"بيلر"},"geometry":{"type":"Polygon","coordinates":[[[31.527951245462127,30.27793139295255],[31.527944468571622,30.277930462021445],[31.527941449333944,30.277947034145658],[31.52794822712278,30.277947965076603],[31.527951245462127,30.27793139295255]]]}},{"type":"Feature","properties":{"Electric_Facility_Type":"بيلر","Easting":"031° 31' 34.27\" E","Northing":"30° 16' 41.6\" N","Description":null,"ID":"1_1/6/A","sectors":"القطاع الثاني عشر","Implementing":"شركة الكتروالهانى","SHAPE_Length":5.8526777440124205,"SHAPE_Area":1.6518682226106216,"__networkId":"electricity","__networkName":"شبكة الكهرباء","__layerId":"electricity_facilities","__layerName":"منشآت شبكة الكهرباء","__assetName":"منشآت الكهرباء","__geometryKind":"polygon","__featureIndex":1083,"__length_m":5.85,"__area_m2":1.65,"__typeValue":"بيلر"},"geometry":{"type":"Polygon","coordinates":[[[31.52785881600591,30.278397805400626],[31.52786560906609,30.278398638580015],[31.52786831389342,30.27838202619192],[31.52786151903661,30.27838119301239],[31.52785881600591,30.278397805400626]]]}},{"type":"Feature","properties":{"Electric_Facility_Type":"بيلر","Easting":"031° 31' 32.48\" E","Northing":"30° 16' 38.07\" N","Description":null,"ID":"3_1/6/A","sectors":"القطاع الثاني عشر","Implementing":"شركة الكتروالهانى","SHAPE_Length":5.852622365466317,"SHAPE_Area":1.651808659769226,"__networkId":"electricity","__networkName":"شبكة الكهرباء","__layerId":"electricity_facilities","__layerName":"منشآت شبكة الكهرباء","__assetName":"منشآت الكهرباء","__geometryKind":"polygon","__featureIndex":1084,"__length_m":5.85,"__area_m2":1.65,"__typeValue":"بيلر"},"geometry":{"type":"Polygon","coordinates":[[[31.527359911460053,30.277416557215258],[31.527366688350558,30.27741748815123],[31.52736970309665,30.277400914386075],[31.52736292620615,30.277399985777265],[31.527359911460053,30.277416557215258]]]}},{"type":"Feature","properties":{"Electric_Facility_Type":"بيلر","Easting":"031° 31' 27.08\" E","Northing":"30° 16' 33.58\" N","Description":null,"ID":"1_5/5/A","sectors":"القطاع الثاني عشر","Implementing":"شركة الكتروالهانى","SHAPE_Length":5.82610496412655,"SHAPE_Area":1.6378153191917169,"__networkId":"electricity","__networkName":"شبكة الكهرباء","__layerId":"electricity_facilities","__layerName":"منشآت شبكة الكهرباء","__assetName":"منشآت الكهرباء","__geometryKind":"polygon","__featureIndex":1085,"__length_m":5.83,"__area_m2":1.64,"__typeValue":"بيلر"},"geometry":{"type":"Polygon","coordinates":[[[31.52587149376411,30.276153033867995],[31.525865060030032,30.276151033881394],[31.525858415191905,30.276166711044556],[31.525864847129327,30.276168711030827],[31.52587149376411,30.276153033867995]]]}},{"type":"Feature","properties":{"Electric_Facility_Type":"بيلر","Easting":"031° 31' 27.26\" E","Northing":"30° 16' 32.49\" N","Description":null,"ID":"5_2/5/A","sectors":"القطاع الثاني عشر","Implementing":"شركة الكتروالهانى","SHAPE_Length":5.84105898592524,"SHAPE_Area":1.6520571394592136,"__networkId":"electricity","__networkName":"شبكة الكهرباء","__layerId":"electricity_facilities","__layerName":"منشآت شبكة الكهرباء","__assetName":"منشآت الكهرباء","__geometryKind":"polygon","__featureIndex":1086,"__length_m":5.84,"__area_m2":1.65,"__typeValue":"بيلر"},"geometry":{"type":"Polygon","coordinates":[[[31.525908112688363,30.27585242332098],[31.52590560189714,30.275857966357226],[31.52592359335564,30.275864102098485],[31.525926104146865,30.27585855906259],[31.525908112688363,30.27585242332098]]]}},{"type":"Feature","properties":{"Electric_Facility_Type":"بيلر","Easting":"031° 31' 30.37\" E","Northing":"30° 16' 34.76\" N","Description":null,"ID":"3_5/5/A","sectors":"القطاع الثاني عشر","Implementing":"شركة الكتروالهانى","SHAPE_Length":5.851104070047734,"SHAPE_Area":1.652140561202931,"__networkId":"electricity","__networkName":"شبكة الكهرباء","__layerId":"electricity_facilities","__layerName":"منشآت شبكة الكهرباء","__assetName":"منشآت الكهرباء","__geometryKind":"polygon","__featureIndex":1087,"__length_m":5.85,"__area_m2":1.65,"__typeValue":"بيلر"},"geometry":{"type":"Polygon","coordinates":[[[31.52678497081361,30.27648306601085],[31.526778653860525,30.27648073864871],[31.526771101723927,30.276496183022957],[31.52677741867701,30.276498510384787],[31.52678497081361,30.27648306601085]]]}},{"type":"Feature","properties":{"Electric_Facility_Type":"بيلر","Easting":"031° 31' 28.94\" E","Northing":"30° 16' 37.9\" N","Description":null,"ID":"2_3/6/A","sectors":"القطاع الثاني عشر","Implementing":"شركة الكتروالهانى","SHAPE_Length":5.851073293494736,"SHAPE_Area":1.6518490077558958,"__networkId":"electricity","__networkName":"شبكة الكهرباء","__layerId":"electricity_facilities","__layerName":"منشآت شبكة الكهرباء","__assetName":"منشآت الكهرباء","__geometryKind":"polygon","__featureIndex":1088,"__length_m":5.85,"__area_m2":1.65,"__typeValue":"بيلر"},"geometry":{"type":"Polygon","coordinates":[[[31.526376122374977,30.277368717954083],[31.526382506701676,30.277370898672736],[31.52638958452781,30.277355286091705],[31.526383199302774,30.27735310537276],[31.526376122374977,30.277368717954083]]]}},{"type":"Feature","properties":{"Electric_Facility_Type":"بيلر","Easting":"031° 31' 30.8\" E","Northing":"30° 16' 37.01\" N","Description":null,"ID":"2_6/5/A","sectors":"القطاع الثاني عشر","Implementing":"شركة الكتروالهانى","SHAPE_Length":5.8509318289736205,"SHAPE_Area":1.6515938807490866,"__networkId":"electricity","__networkName":"شبكة الكهرباء","__layerId":"electricity_facilities","__layerName":"منشآت شبكة الكهرباء","__assetName":"منشآت الكهرباء","__geometryKind":"polygon","__featureIndex":1089,"__length_m":5.85,"__area_m2":1.65,"__typeValue":"بيلر"},"geometry":{"type":"Polygon","coordinates":[[[31.52690449884867,30.27710690957015],[31.52689811182701,30.27710473582773],[31.526891053763812,30.277120355430604],[31.52689743988718,30.277122529172743],[31.52690449884867,30.27710690957015]]]}},{"type":"Feature","properties":{"Electric_Facility_Type":"بيلر","Easting":"031° 31' 37.35\" E","Northing":"30° 16' 33.1\" N","Description":null,"ID":"3_8/5/A","sectors":"القطاع الثاني عشر","Implementing":"شركة الكتروالهانى","SHAPE_Length":5.850948653751832,"SHAPE_Area":1.6518052445884173,"__networkId":"electricity","__networkName":"شبكة الكهرباء","__layerId":"electricity_facilities","__layerName":"منشآت شبكة الكهرباء","__assetName":"منشآت الكهرباء","__geometryKind":"polygon","__featureIndex":1090,"__length_m":5.85,"__area_m2":1.65,"__typeValue":"بيلر"},"geometry":{"type":"Polygon","coordinates":[[[31.52871259551319,30.276035559798764],[31.52871898253486,30.276037736668023],[31.52872604868289,30.276022120771806],[31.528719662559528,30.27601994390214],[31.52871259551319,30.276035559798764]]]}},{"type":"Feature","properties":{"Electric_Facility_Type":"بيلر","Easting":"031° 31' 40.46\" E","Northing":"30° 16' 34.15\" N","Description":null,"ID":"1_8/5/A","sectors":"القطاع الثاني عشر","Implementing":"شركة الكتروالهانى","SHAPE_Length":5.851482968407364,"SHAPE_Area":1.6519689539796916,"__networkId":"electricity","__networkName":"شبكة الكهرباء","__layerId":"electricity_facilities","__layerName":"منشآت شبكة الكهرباء","__assetName":"منشآت الكهرباء","__geometryKind":"polygon","__featureIndex":1091,"__length_m":5.85,"__area_m2":1.65,"__typeValue":"بيلر"},"geometry":{"type":"Polygon","coordinates":[[[31.52958749531111,30.276311879066853],[31.529581042712422,30.27630985503404],[31.529574474231076,30.276325635351736],[31.529580928626388,30.276327658608423],[31.52958749531111,30.276311879066853]]]}},{"type":"Feature","properties":{"Electric_Facility_Type":"بيلر","Easting":"031° 31' 35.92\" E","Northing":"30° 16' 36.26\" N","Description":null,"ID":"1_7/5/A","sectors":"القطاع الثاني عشر","Implementing":"شركة الكتروالهانى","SHAPE_Length":5.851305515668326,"SHAPE_Area":1.6519661886393824,"__networkId":"electricity","__networkName":"شبكة الكهرباء","__layerId":"electricity_facilities","__layerName":"منشآت شبكة الكهرباء","__assetName":"منشآت الكهرباء","__geometryKind":"polygon","__featureIndex":1092,"__length_m":5.85,"__area_m2":1.65,"__typeValue":"بيلر"},"geometry":{"type":"Polygon","coordinates":[[[31.528329012191925,30.276898891044148],[31.528322625170265,30.27689671419393],[31.528315560818857,30.276912331502583],[31.52832194694222,30.276914509128254],[31.528329012191925,30.276898891044148]]]}},{"type":"Feature","properties":{"Electric_Facility_Type":"بيلر","Easting":"031° 31' 31.97\" E","Northing":"30° 16' 31.23\" N","Description":null,"ID":"3_2/5/A","sectors":"القطاع الثاني عشر","Implementing":"شركة الكتروالهانى","SHAPE_Length":5.8511756438125255,"SHAPE_Area":1.6518913115124605,"__networkId":"electricity","__networkName":"شبكة الكهرباء","__layerId":"electricity_facilities","__layerName":"منشآت شبكة الكهرباء","__assetName":"منشآت الكهرباء","__geometryKind":"polygon","__featureIndex":1093,"__length_m":5.85,"__area_m2":1.65,"__typeValue":"بيلر"},"geometry":{"type":"Polygon","coordinates":[[[31.527230576517017,30.275500220713553],[31.527224190393685,30.275498043832364],[31.52721712514394,30.275513661363593],[31.52722351216564,30.27551583824443],[31.527230576517017,30.275500220713553]]]}},{"type":"Feature","properties":{"Electric_Facility_Type":"بيلر","Easting":"031° 31' 25.56\" E","Northing":"30° 16' 37.39\" N","Description":null,"ID":"1_3/6/A","sectors":"القطاع الثاني عشر","Implementing":"شركة الكتروالهانى","SHAPE_Length":5.852715528662548,"SHAPE_Area":1.6519794074291971,"__networkId":"electricity","__networkName":"شبكة الكهرباء","__layerId":"electricity_facilities","__layerName":"منشآت شبكة الكهرباء","__assetName":"منشآت الكهرباء","__geometryKind":"polygon","__featureIndex":1094,"__length_m":5.85,"__area_m2":1.65,"__typeValue":"بيلر"},"geometry":{"type":"Polygon","coordinates":[[[31.525447259879623,30.277212488074053],[31.52544048298912,30.27721155713608],[31.52543745925986,30.27722812705436],[31.525444237048692,30.277229060319446],[31.525447259879623,30.277212488074053]]]}},{"type":"Feature","properties":{"Electric_Facility_Type":"بيلر","Easting":"031° 31' 38.39\" E","Northing":"30° 16' 34.18\" N","Description":null,"ID":"2_8/5/A","sectors":"القطاع الثاني عشر","Implementing":"شركة الكتروالهانى","SHAPE_Length":5.8410028011427455,"SHAPE_Area":1.6518809942033834,"__networkId":"electricity","__networkName":"شبكة الكهرباء","__layerId":"electricity_facilities","__layerName":"منشآت شبكة الكهرباء","__assetName":"منشآت الكهرباء","__geometryKind":"polygon","__featureIndex":1095,"__length_m":5.84,"__area_m2":1.65,"__typeValue":"بيلر"},"geometry":{"type":"Polygon","coordinates":[[[31.529000694207955,30.276320494200352],[31.52899818341673,30.276326035658617],[31.529016175773563,30.27633217292222],[31.529018685666486,30.276326629912706],[31.529000694207955,30.276320494200352]]]}},{"type":"Feature","properties":{"Electric_Facility_Type":"بيلر","Easting":"031° 31' 37.55\" E","Northing":"30° 16' 40.83\" N","Description":null,"ID":"4_10/6/A","sectors":"القطاع الثاني عشر","Implementing":"شركة الكتروالهانى","SHAPE_Length":5.839062569672409,"SHAPE_Area":1.6517329810584378,"__networkId":"electricity","__networkName":"شبكة الكهرباء","__layerId":"electricity_facilities","__layerName":"منشآت شبكة الكهرباء","__assetName":"منشآت الكهرباء","__geometryKind":"polygon","__featureIndex":1096,"__length_m":5.84,"__area_m2":1.65,"__typeValue":"بيلر"},"geometry":{"type":"Polygon","coordinates":[[[31.52876515144888,30.278172117480082],[31.528764181268382,30.278178013362506],[31.528783317180586,30.2781803825762],[31.528784287361084,30.278174488245448],[31.52876515144888,30.278172117480082]]]}},{"type":"Feature","properties":{"Electric_Facility_Type":"بيلر","Easting":"031° 31' 45.76\" E","Northing":"30° 16' 45.23\" N","Description":null,"ID":"1_7/1/A","sectors":"القطاع الثاني عشر","Implementing":"شركة الكتروالهانى","SHAPE_Length":5.839174618772866,"SHAPE_Area":1.6517553045464053,"__networkId":"electricity","__networkName":"شبكة الكهرباء","__layerId":"electricity_facilities","__layerName":"منشآت شبكة الكهرباء","__assetName":"منشآت الكهرباء","__geometryKind":"polygon","__featureIndex":1097,"__length_m":5.84,"__area_m2":1.65,"__typeValue":"بيلر"},"geometry":{"type":"Polygon","coordinates":[[[31.53106435528262,30.279400855166493],[31.5310652715642,30.279394953927163],[31.531046114990758,30.27939271351966],[31.531045196912558,30.27939861475912],[31.53106435528262,30.279400855166493]]]}},{"type":"Feature","properties":{"Electric_Facility_Type":"بيلر","Easting":"031° 31' 54.24\" E","Northing":"30° 16' 40.78\" N","Description":null,"ID":"3_1/1/A","sectors":"القطاع الثاني عشر","Implementing":"شركة الكتروالهانى","SHAPE_Length":5.851116456972804,"SHAPE_Area":1.6518452539730397,"__networkId":"electricity","__networkName":"شبكة الكهرباء","__layerId":"electricity_facilities","__layerName":"منشآت شبكة الكهرباء","__assetName":"منشآت الكهرباء","__geometryKind":"polygon","__featureIndex":1098,"__length_m":5.85,"__area_m2":1.65,"__typeValue":"بيلر"},"geometry":{"type":"Polygon","coordinates":[[[31.53341551767238,30.278155653226527],[31.533409155803533,30.278153424427305],[31.53340191628066,30.278168981801393],[31.533408279047805,30.278171210600206],[31.53341551767238,30.278155653226527]]]}},{"type":"Feature","properties":{"Electric_Facility_Type":"بيلر","Easting":"031° 31' 47.95\" E","Northing":"30° 16' 45.41\" N","Description":null,"ID":"2_8/1/A","sectors":"القطاع الثاني عشر","Implementing":"شركة الكتروالهانى","SHAPE_Length":5.852664030867421,"SHAPE_Area":1.6517715226308716,"__networkId":"electricity","__networkName":"شبكة الكهرباء","__layerId":"electricity_facilities","__layerName":"منشآت شبكة الكهرباء","__assetName":"منشآت الكهرباء","__geometryKind":"polygon","__featureIndex":1099,"__length_m":5.85,"__area_m2":1.65,"__typeValue":"بيلر"},"geometry":{"type":"Polygon","coordinates":[[[31.53166718233043,30.279440592133895],[31.53166038298206,30.279439796975797],[31.531657799427308,30.27945642314853],[31.531664598775677,30.279457219858045],[31.53166718233043,30.279440592133895]]]}},{"type":"Feature","properties":{"Electric_Facility_Type":"بيلر","Easting":"031° 31' 52.06\" E","Northing":"30° 16' 40.04\" N","Description":null,"ID":"5_1/1/A","sectors":"القطاع الثاني عشر","Implementing":"شركة الكتروالهانى","SHAPE_Length":5.851382729402157,"SHAPE_Area":1.6520923373441883,"__networkId":"electricity","__networkName":"شبكة الكهرباء","__layerId":"electricity_facilities","__layerName":"منشآت شبكة الكهرباء","__assetName":"منشآت الكهرباء","__geometryKind":"polygon","__featureIndex":1100,"__length_m":5.85,"__area_m2":1.65,"__typeValue":"بيلر"},"geometry":{"type":"Polygon","coordinates":[[[31.532797900761732,30.27796343947524],[31.53280432910589,30.277965526311803],[31.532811097013223,30.277949810647176],[31.53280466956739,30.277947725361866],[31.532797900761732,30.27796343947524]]]}},{"type":"Feature","properties":{"Electric_Facility_Type":"بيلر","Easting":"031° 31' 50.01\" E","Northing":"30° 16' 45.67\" N","Description":null,"ID":"3_7/1/A","sectors":"القطاع الثاني عشر","Implementing":"شركة الكتروالهانى","SHAPE_Length":5.852904718373384,"SHAPE_Area":1.6519853637088036,"__networkId":"electricity","__networkName":"شبكة الكهرباء","__layerId":"electricity_facilities","__layerName":"منشآت شبكة الكهرباء","__assetName":"منشآت الكهرباء","__geometryKind":"polygon","__featureIndex":1101,"__length_m":5.85,"__area_m2":1.65,"__typeValue":"بيلر"},"geometry":{"type":"Polygon","coordinates":[[[31.532230890442598,30.279527153394316],[31.532237686197707,30.279527984236843],[31.532240388330074,30.27951137203992],[31.53223359526989,30.27951053964576],[31.532230890442598,30.279527153394316]]]}},{"type":"Feature","properties":{"Electric_Facility_Type":"بيلر","Easting":"031° 31' 52.33\" E","Northing":"30° 16' 45.9\" N","Description":null,"ID":"4_7/1/A","sectors":"القطاع الثاني عشر","Implementing":"شركة الكتروالهانى","SHAPE_Length":5.852508996428757,"SHAPE_Area":1.6518595280978992,"__networkId":"electricity","__networkName":"شبكة الكهرباء","__layerId":"electricity_facilities","__layerName":"منشآت شبكة الكهرباء","__assetName":"منشآت الكهرباء","__geometryKind":"polygon","__featureIndex":1102,"__length_m":5.85,"__area_m2":1.65,"__typeValue":"بيلر"},"geometry":{"type":"Polygon","coordinates":[[[31.53288556106209,30.27957666725121],[31.532878777883376,30.279575764263136],[31.532875846680614,30.279592346194416],[31.532882628062666,30.27959324995806],[31.53288556106209,30.27957666725121]]]}},{"type":"Feature","properties":{"Electric_Facility_Type":"بيلر","Easting":"031° 31' 55.8\" E","Northing":"30° 16' 40.29\" N","Description":null,"ID":"5_2/1/A","sectors":"القطاع الثاني عشر","Implementing":"شركة الكتروالهانى","SHAPE_Length":5.8409418824065495,"SHAPE_Area":1.6518050291607391,"__networkId":"electricity","__networkName":"شبكة الكهرباء","__layerId":"electricity_facilities","__layerName":"منشآت شبكة الكهرباء","__assetName":"منشآت الكهرباء","__geometryKind":"polygon","__featureIndex":1103,"__length_m":5.84,"__area_m2":1.65,"__typeValue":"بيلر"},"geometry":{"type":"Polygon","coordinates":[[[31.53384982526449,30.27803098236133],[31.53385236659841,30.278025450308622],[31.53383440927587,30.27801923945228],[31.53383186794194,30.27802476995377],[31.53384982526449,30.27803098236133]]]}},{"type":"Feature","properties":{"Electric_Facility_Type":"بيلر","Easting":"031° 31' 57.06\" E","Northing":"30° 16' 46.03\" N","Description":null,"ID":"4_5/1/A","sectors":"القطاع الثاني عشر","Implementing":"شركة الكتروالهانى","SHAPE_Length":5.839041257913532,"SHAPE_Area":1.6516483048864647,"__networkId":"electricity","__networkName":"شبكة الكهرباء","__layerId":"electricity_facilities","__layerName":"منشآت شبكة الكهرباء","__assetName":"منشآت الكهرباء","__geometryKind":"polygon","__featureIndex":1104,"__length_m":5.84,"__area_m2":1.65,"__typeValue":"بيلر"},"geometry":{"type":"Polygon","coordinates":[[[31.53420153366452,30.279624728855637],[31.53420244725116,30.27961882762977],[31.534183290677728,30.27961658877892],[31.534182375294456,30.27962249000493],[31.53420153366452,30.279624728855637]]]}},{"type":"Feature","properties":{"Electric_Facility_Type":"بيلر","Easting":"031° 31' 54.4\" E","Northing":"30° 16' 46.18\" N","Description":null,"ID":"3_5/1/A","sectors":"القطاع الثاني عشر","Implementing":"شركة الكتروالهانى","SHAPE_Length":5.852700841498422,"SHAPE_Area":1.6517578259559602,"__networkId":"electricity","__networkName":"شبكة الكهرباء","__layerId":"electricity_facilities","__layerName":"منشآت شبكة الكهرباء","__assetName":"منشآت الكهرباء","__geometryKind":"polygon","__featureIndex":1105,"__length_m":5.85,"__area_m2":1.65,"__typeValue":"بيلر"},"geometry":{"type":"Polygon","coordinates":[[[31.53344967341612,30.279669189348517],[31.533456458391463,30.279670071390086],[31.53345932042395,30.279653477835538],[31.533452535448603,30.279652596569534],[31.53344967341612,30.279669189348517]]]}},{"type":"Feature","properties":{"Electric_Facility_Type":"بيلر","Easting":"031° 31' 58.78\" E","Northing":"30° 16' 46.69\" N","Description":null,"ID":"1_5/1/A","sectors":"القطاع الثاني عشر","Implementing":"شركة الكتروالهانى","SHAPE_Length":5.853146211040518,"SHAPE_Area":1.6523022266135006,"__networkId":"electricity","__networkName":"شبكة الكهرباء","__layerId":"electricity_facilities","__layerName":"منشآت شبكة الكهرباء","__assetName":"منشآت الكهرباء","__geometryKind":"polygon","__featureIndex":1106,"__length_m":5.85,"__area_m2":1.65,"__typeValue":"بيلر"},"geometry":{"type":"Polygon","coordinates":[[[31.53466765329577,30.27981164866261],[31.534674454440797,30.279812443817693],[31.534677037995547,30.279795817705274],[31.534670235952195,30.279795020998513],[31.53466765329577,30.27981164866261]]]}},{"type":"Feature","properties":{"Electric_Facility_Type":"بيلر","Easting":"031° 32' 1.1\" E","Northing":"30° 16' 46.97\" N","Description":null,"ID":"2_5/1/A","sectors":"القطاع الثاني عشر","Implementing":"شركة الكتروالهانى","SHAPE_Length":5.852947929349822,"SHAPE_Area":1.6520093308392747,"__networkId":"electricity","__networkName":"شبكة الكهرباء","__layerId":"electricity_facilities","__layerName":"منشآت شبكة الكهرباء","__assetName":"منشآت الكهرباء","__geometryKind":"polygon","__featureIndex":1107,"__length_m":5.85,"__area_m2":1.65,"__typeValue":"بيلر"},"geometry":{"type":"Polygon","coordinates":[[[31.535319549019366,30.279872644409032],[31.535312749670965,30.2798718500302],[31.535310165217883,30.27988847612973],[31.53531696636291,30.279889272835742],[31.535319549019366,30.279872644409032]]]}},{"type":"Feature","properties":{"Electric_Facility_Type":"بيلر","Easting":"031° 32' 1.42\" E","Northing":"30° 16' 44.85\" N","Description":null,"ID":"2_4/1/A","sectors":"القطاع الثاني عشر","Implementing":"شركة الكتروالهانى","SHAPE_Length":5.853060761919966,"SHAPE_Area":1.6519413996894718,"__networkId":"electricity","__networkName":"شبكة الكهرباء","__layerId":"electricity_facilities","__layerName":"منشآت شبكة الكهرباء","__assetName":"منشآت الكهرباء","__geometryKind":"polygon","__featureIndex":1108,"__length_m":5.85,"__area_m2":1.65,"__typeValue":"بيلر"},"geometry":{"type":"Polygon","coordinates":[[[31.53541041720359,30.279283499798197],[31.535403617855227,30.279282703087272],[31.53540103519877,30.279299331613956],[31.535407834547172,30.279300128324746],[31.53541041720359,30.279283499798197]]]}},{"type":"Feature","properties":{"Electric_Facility_Type":"بيلر","Easting":"031° 32' 0.0\" E","Northing":"30° 16' 44.71\" N","Description":null,"ID":"3_4/1/A","sectors":"القطاع الثاني عشر","Implementing":"شركة الكتروالهانى","SHAPE_Length":5.8528186987115305,"SHAPE_Area":1.6519561631020672,"__networkId":"electricity","__networkName":"شبكة الكهرباء","__layerId":"electricity_facilities","__layerName":"منشآت شبكة الكهرباء","__assetName":"منشآت الكهرباء","__geometryKind":"polygon","__featureIndex":1109,"__length_m":5.85,"__area_m2":1.65,"__typeValue":"بيلر"},"geometry":{"type":"Polygon","coordinates":[[[31.535014488335378,30.279243890768466],[31.535007688088687,30.279243092505723],[31.53500509914405,30.279259718711838],[31.535011898492414,30.279260516974457],[31.535014488335378,30.279243890768466]]]}},{"type":"Feature","properties":{"Electric_Facility_Type":"بيلر","Easting":"031° 31' 59.36\" E","Northing":"30° 16' 42.99\" N","Description":null,"ID":"4_4/1/A","sectors":"القطاع الثاني عشر","Implementing":"شركة الكتروالهانى","SHAPE_Length":5.853113869898012,"SHAPE_Area":1.6521638508858425,"__networkId":"electricity","__networkName":"شبكة الكهرباء","__layerId":"electricity_facilities","__layerName":"منشآت شبكة الكهرباء","__assetName":"منشآت الكهرباء","__geometryKind":"polygon","__featureIndex":1110,"__length_m":5.85,"__area_m2":1.65,"__typeValue":"بيلر"},"geometry":{"type":"Polygon","coordinates":[[[31.534836764741254,30.278767190210626],[31.534829955511427,30.27876645322977],[31.534827561501192,30.27878310201393],[31.53483437162935,30.278783838994656],[31.534836764741254,30.278767190210626]]]}},{"type":"Feature","properties":{"Electric_Facility_Type":"بيلر","Easting":"031° 31' 58.06\" E","Northing":"30° 16' 43.22\" N","Description":null,"ID":"5_4/1/A","sectors":"القطاع الثاني عشر","Implementing":"شركة الكتروالهانى","SHAPE_Length":5.838922971863724,"SHAPE_Area":1.6516401386635065,"__networkId":"electricity","__networkName":"شبكة الكهرباء","__layerId":"electricity_facilities","__layerName":"منشآت شبكة الكهرباء","__assetName":"منشآت الكهرباء","__geometryKind":"polygon","__featureIndex":1111,"__length_m":5.84,"__area_m2":1.65,"__typeValue":"بيلر"},"geometry":{"type":"Polygon","coordinates":[[[31.53448016950608,30.278842409551128],[31.534481085787657,30.27883650827827],[31.53446192921422,30.278834268633798],[31.53446101293265,30.27884016990679],[31.53448016950608,30.278842409551128]]]}},{"type":"Feature","properties":{"Electric_Facility_Type":"بيلر","Easting":"031° 31' 56.23\" E","Northing":"30° 16' 44.64\" N","Description":null,"ID":"5_5/1/A","sectors":"القطاع الثاني عشر","Implementing":"شركة الكتروالهانى","SHAPE_Length":5.839491035508255,"SHAPE_Area":1.6519766909255809,"__networkId":"electricity","__networkName":"شبكة الكهرباء","__layerId":"electricity_facilities","__layerName":"منشآت شبكة الكهرباء","__assetName":"منشآت الكهرباء","__geometryKind":"polygon","__featureIndex":1112,"__length_m":5.84,"__area_m2":1.65,"__typeValue":"بيلر"},"geometry":{"type":"Polygon","coordinates":[[[31.533970759162973,30.279236093548594],[31.533971674546247,30.27923019229935],[31.533952516176182,30.279227951888082],[31.53395160079291,30.279233854688954],[31.533970759162973,30.279236093548594]]]}},{"type":"Feature","properties":{"Electric_Facility_Type":"بيلر","Easting":"031° 31' 50.94\" E","Northing":"30° 16' 40.58\" N","Description":null,"ID":"1_9/1/A","sectors":"القطاع الثاني عشر","Implementing":"شركة الكتروالهانى","SHAPE_Length":5.840748999160404,"SHAPE_Area":1.6518050262095643,"__networkId":"electricity","__networkName":"شبكة الكهرباء","__layerId":"electricity_facilities","__layerName":"منشآت شبكة الكهرباء","__assetName":"منشآت الكهرباء","__geometryKind":"polygon","__featureIndex":1113,"__length_m":5.84,"__area_m2":1.65,"__typeValue":"بيلر"},"geometry":{"type":"Polygon","coordinates":[[[31.532485031921308,30.27809915512989],[31.532482463637905,30.27810467709337],[31.53250038592613,30.27811095776399],[31.532502956904487,30.2781054358009],[31.532485031921308,30.27809915512989]]]}},{"type":"Feature","properties":{"Electric_Facility_Type":"بيلر","Easting":"031° 31' 52.59\" E","Northing":"30° 16' 44.31\" N","Description":null,"ID":"1_6/1/A","sectors":"القطاع الثاني عشر","Implementing":"شركة الكتروالهانى","SHAPE_Length":5.853223466583736,"SHAPE_Area":1.6520710864793045,"__networkId":"electricity","__networkName":"شبكة الكهرباء","__layerId":"electricity_facilities","__layerName":"منشآت شبكة الكهرباء","__assetName":"منشآت الكهرباء","__geometryKind":"polygon","__featureIndex":1114,"__length_m":5.85,"__area_m2":1.65,"__typeValue":"بيلر"},"geometry":{"type":"Polygon","coordinates":[[[31.532947452290216,30.279149701924183],[31.532954297452694,30.279150117734964],[31.532955647620565,30.279133380575644],[31.532948802458083,30.279132964764848],[31.532947452290216,30.279149701924183]]]}},{"type":"Feature","properties":{"Electric_Facility_Type":"بيلر","Easting":"031° 31' 50.27\" E","Northing":"30° 16' 44.05\" N","Description":null,"ID":"5_7/1/A","sectors":"القطاع الثاني عشر","Implementing":"شركة الكتروالهانى","SHAPE_Length":5.852544812214369,"SHAPE_Area":1.6517832651041677,"__networkId":"electricity","__networkName":"شبكة الكهرباء","__layerId":"electricity_facilities","__layerName":"منشآت شبكة الكهرباء","__assetName":"منشآت الكهرباء","__geometryKind":"polygon","__featureIndex":1115,"__length_m":5.85,"__area_m2":1.65,"__typeValue":"بيلر"},"geometry":{"type":"Polygon","coordinates":[[[31.532310469498672,30.279060424370545],[31.532303662065427,30.279059678082707],[31.532301241105753,30.279076323714055],[31.532308048538955,30.279077067674482],[31.532310469498672,30.279060424370545]]]}},{"type":"Feature","properties":{"Electric_Facility_Type":"بيلر","Easting":"031° 31' 47.46\" E","Northing":"30° 16' 43.61\" N","Description":null,"ID":"3_8/1/A","sectors":"القطاع الثاني عشر","Implementing":"شركة الكتروالهانى","SHAPE_Length":5.839346193718883,"SHAPE_Area":1.651802480531352,"__networkId":"electricity","__networkName":"شبكة الكهرباء","__layerId":"electricity_facilities","__layerName":"منشآت شبكة الكهرباء","__assetName":"منشآت الكهرباء","__geometryKind":"polygon","__featureIndex":1116,"__length_m":5.84,"__area_m2":1.65,"__typeValue":"بيلر"},"geometry":{"type":"Polygon","coordinates":[[[31.531536022909087,30.278950894541712],[31.53153693919066,30.27894499327538],[31.531517780820593,30.278942752857606],[31.531516864538986,30.278948654124065],[31.531536022909087,30.278950894541712]]]}},{"type":"Feature","properties":{"Electric_Facility_Type":"بيلر","Easting":"031° 31' 46.04\" E","Northing":"30° 16' 43.44\" N","Description":null,"ID":"4_8/1/A","sectors":"القطاع الثاني عشر","Implementing":"شركة الكتروالهانى","SHAPE_Length":5.839088847920233,"SHAPE_Area":1.6517317111017835,"__networkId":"electricity","__networkName":"شبكة الكهرباء","__layerId":"electricity_facilities","__layerName":"منشآت شبكة الكهرباء","__assetName":"منشآت الكهرباء","__geometryKind":"polygon","__featureIndex":1117,"__length_m":5.84,"__area_m2":1.65,"__typeValue":"بيلر"},"geometry":{"type":"Polygon","coordinates":[[[31.531141567277913,30.278904637820013],[31.531142483559513,30.278898736550843],[31.531123327884373,30.278896496132],[31.531122408907848,30.27890239740131],[31.531141567277913,30.278904637820013]]]}},{"type":"Feature","properties":{"Electric_Facility_Type":"بيلر","Easting":"031° 31' 48.62\" E","Northing":"30° 16' 42.92\" N","Description":null,"ID":"1_8/1/A","sectors":"القطاع الثاني عشر","Implementing":"شركة الكتروالهانى","SHAPE_Length":5.8390945422843465,"SHAPE_Area":1.651902452623035,"__networkId":"electricity","__networkName":"شبكة الكهرباء","__layerId":"electricity_facilities","__layerName":"منشآت شبكة الكهرباء","__assetName":"منشآت الكهرباء","__geometryKind":"polygon","__featureIndex":1118,"__length_m":5.84,"__area_m2":1.65,"__typeValue":"بيلر"},"geometry":{"type":"Polygon","coordinates":[[[31.53185754701724,30.278754572321752],[31.531838390443806,30.278752334226976],[31.531837475060527,30.27875823550494],[31.531856630735668,30.27876047592688],[31.53185754701724,30.278754572321752]]]}},{"type":"Feature","properties":{"Electric_Facility_Type":"بيلر","Easting":"031° 31' 51.28\" E","Northing":"30° 16' 38.67\" N","Description":null,"ID":"1_1/1/A","sectors":"القطاع الثاني عشر","Implementing":"شركة الكتروالهانى","SHAPE_Length":5.840945973750986,"SHAPE_Area":1.6517559692830877,"__networkId":"electricity","__networkName":"شبكة الكهرباء","__layerId":"electricity_facilities","__layerName":"منشآت شبكة الكهرباء","__assetName":"منشآت الكهرباء","__geometryKind":"polygon","__featureIndex":1119,"__length_m":5.84,"__area_m2":1.65,"__typeValue":"بيلر"},"geometry":{"type":"Polygon","coordinates":[[[31.532595146510513,30.277580565503804],[31.53259765730174,30.277575024116373],[31.5325796649449,30.27756888770628],[31.532577154153685,30.27757442909406],[31.532595146510513,30.277580565503804]]]}},{"type":"Feature","properties":{"Electric_Facility_Type":"بيلر","Easting":"031° 32' 0.36\" E","Northing":"30° 16' 42.6\" N","Description":null,"ID":"2_2/1/A","sectors":"القطاع الثاني عشر","Implementing":"شركة الكتروالهانى","SHAPE_Length":5.852622602458515,"SHAPE_Area":1.6518566650409738,"__networkId":"electricity","__networkName":"شبكة الكهرباء","__layerId":"electricity_facilities","__layerName":"منشآت شبكة الكهرباء","__assetName":"منشآت الكهرباء","__geometryKind":"polygon","__featureIndex":1120,"__length_m":5.85,"__area_m2":1.65,"__typeValue":"بيلر"},"geometry":{"type":"Polygon","coordinates":[[[31.535106745315055,30.278673419824674],[31.53511354466345,30.278674213437405],[31.53511612282832,30.278657587132088],[31.535109321683294,30.278656791967656],[31.535106745315055,30.278673419824674]]]}},{"type":"Feature","properties":{"Electric_Facility_Type":"بيلر","Easting":"031° 31' 59.33\" E","Northing":"30° 16' 42.57\" N","Description":null,"ID":"3_2/1/A","sectors":"القطاع الثاني عشر","Implementing":"شركة الكتروالهانى","SHAPE_Length":5.839517589883728,"SHAPE_Area":1.6520055520142043,"__networkId":"electricity","__networkName":"شبكة الكهرباء","__layerId":"electricity_facilities","__layerName":"منشآت شبكة الكهرباء","__assetName":"منشآت الكهرباء","__geometryKind":"polygon","__featureIndex":1121,"__length_m":5.84,"__area_m2":1.65,"__typeValue":"بيلر"},"geometry":{"type":"Polygon","coordinates":[[[31.53483367004512,30.27866170181709],[31.53483458632669,30.278655800533375],[31.534815427956627,30.278653560108992],[31.534814511675055,30.278659462944418],[31.53483367004512,30.27866170181709]]]}},{"type":"Feature","properties":{"Electric_Facility_Type":"بيلر","Easting":"031° 31' 57.01\" E","Northing":"30° 16' 42.3\" N","Description":null,"ID":"4_2/1/A","sectors":"القطاع الثاني عشر","Implementing":"شركة الكتروالهانى","SHAPE_Length":5.839206805923883,"SHAPE_Area":1.6518956779980083,"__networkId":"electricity","__networkName":"شبكة الكهرباء","__layerId":"electricity_facilities","__layerName":"منشآت شبكة الكهرباء","__assetName":"منشآت الكهرباء","__geometryKind":"polygon","__featureIndex":1122,"__length_m":5.84,"__area_m2":1.65,"__typeValue":"بيلر"},"geometry":{"type":"Polygon","coordinates":[[[31.534188184699385,30.278586151859756],[31.534189102777617,30.278580249019864],[31.534169944407555,30.27857801092111],[31.534169029024273,30.27858391220957],[31.534188184699385,30.278586151859756]]]}},{"type":"Feature","properties":{"Electric_Facility_Type":"بيلر","Easting":"031° 31' 47.98\" E","Northing":"30° 16' 36.86\" N","Description":null,"ID":"2_1/1/A","sectors":"القطاع الثاني عشر","Implementing":"شركة الكتروالهانى","SHAPE_Length":5.851000393137724,"SHAPE_Area":1.651820901552102,"__networkId":"electricity","__networkName":"شبكة الكهرباء","__layerId":"electricity_facilities","__layerName":"منشآت شبكة الكهرباء","__assetName":"منشآت الكهرباء","__geometryKind":"polygon","__featureIndex":1123,"__length_m":5.85,"__area_m2":1.65,"__typeValue":"بيلر"},"geometry":{"type":"Polygon","coordinates":[[[31.53167703595079,30.277066184862104],[31.531670650725754,30.27706400413673],[31.531663574696253,30.27707961676405],[31.53166995902299,30.277081797489128],[31.53167703595079,30.277066184862104]]]}},{"type":"Feature","properties":{"Electric_Facility_Type":"بيلر","Easting":"031° 31' 54.96\" E","Northing":"30° 16' 39.24\" N","Description":null,"ID":"4_1/1/A","sectors":"القطاع الثاني عشر","Implementing":"شركة الكتروالهانى","SHAPE_Length":5.851591227705207,"SHAPE_Area":1.6519302179875586,"__networkId":"electricity","__networkName":"شبكة الكهرباء","__layerId":"electricity_facilities","__layerName":"منشآت شبكة الكهرباء","__assetName":"منشآت الكهرباء","__geometryKind":"polygon","__featureIndex":1124,"__length_m":5.85,"__area_m2":1.65,"__typeValue":"بيلر"},"geometry":{"type":"Polygon","coordinates":[[[31.53360290624064,30.277739109717874],[31.533609397466872,30.277741040627895],[31.53361566411432,30.277725168220318],[31.533609172888063,30.277723238861512],[31.53360290624064,30.277739109717874]]]}},{"type":"Feature","properties":{"Electric_Facility_Type":"بيلر","Easting":"031° 31' 58.4\" E","Northing":"30° 16' 40.47\" N","Description":null,"ID":"1_2/1/A","sectors":"القطاع الثاني عشر","Implementing":"شركة الكتروالهانى","SHAPE_Length":5.850727222721618,"SHAPE_Area":1.6517736584684293,"__networkId":"electricity","__networkName":"شبكة الكهرباء","__layerId":"electricity_facilities","__layerName":"منشآت شبكة الكهرباء","__assetName":"منشآت الكهرباء","__geometryKind":"polygon","__featureIndex":1125,"__length_m":5.85,"__area_m2":1.65,"__typeValue":"بيلر"},"geometry":{"type":"Polygon","coordinates":[[[31.53455807769572,30.278082718016204],[31.534564439564562,30.278084949144333],[31.534571676392485,30.27806939175692],[31.53456531362534,30.278067162955793],[31.53455807769572,30.278082718016204]]]}},{"type":"Feature","properties":{"Electric_Facility_Type":"بيلر","Easting":"031° 32' 2.38\" E","Northing":"30° 16' 43.74\" N","Description":null,"ID":"1_4/1/A","sectors":"القطاع الثاني عشر","Implementing":"شركة الكتروالهانى","SHAPE_Length":5.839565956920639,"SHAPE_Area":1.652110926480007,"__networkId":"electricity","__networkName":"شبكة الكهرباء","__layerId":"electricity_facilities","__layerName":"منشآت شبكة الكهرباء","__assetName":"منشآت الكهرباء","__geometryKind":"polygon","__featureIndex":1126,"__length_m":5.84,"__area_m2":1.65,"__typeValue":"بيلر"},"geometry":{"type":"Polygon","coordinates":[[[31.535662700966302,30.278980506372683],[31.535661782888106,30.278986407636932],[31.53568094125817,30.278988651932508],[31.53568185753974,30.278982748341097],[31.535662700966302,30.278980506372683]]]}},{"type":"Feature","properties":{"Electric_Facility_Type":"بيلر","Easting":"031° 31' 48.53\" E","Northing":"30° 16' 39.07\" N","Description":null,"ID":"2_10/1/A","sectors":"القطاع الثاني عشر","Implementing":"شركة الكتروالهانى","SHAPE_Length":5.8408063301223905,"SHAPE_Area":1.6517769057950242,"__networkId":"electricity","__networkName":"شبكة الكهرباء","__layerId":"electricity_facilities","__layerName":"منشآت شبكة الكهرباء","__assetName":"منشآت الكهرباء","__geometryKind":"polygon","__featureIndex":1127,"__length_m":5.84,"__area_m2":1.65,"__typeValue":"بيلر"},"geometry":{"type":"Polygon","coordinates":[[[31.531830617321653,30.277692521943585],[31.531833129011204,30.277686980562475],[31.531815141145955,30.27768083795317],[31.53181262855807,30.27768637933462],[31.531830617321653,30.277692521943585]]]}},{"type":"Feature","properties":{"Electric_Facility_Type":"بيلر","Easting":"031° 31' 50.41\" E","Northing":"30° 16' 40.55\" N","Description":null,"ID":"2_9/1/A","sectors":"القطاع الثاني عشر","Implementing":"شركة الكتروالهانى","SHAPE_Length":5.840946876607909,"SHAPE_Area":1.6520524784619701,"__networkId":"electricity","__networkName":"شبكة الكهرباء","__layerId":"electricity_facilities","__layerName":"منشآت شبكة الكهرباء","__assetName":"منشآت الكهرباء","__geometryKind":"polygon","__featureIndex":1128,"__length_m":5.84,"__area_m2":1.65,"__typeValue":"بيلر"},"geometry":{"type":"Polygon","coordinates":[[[31.532337867216512,30.2780924151999],[31.53233535732362,30.278097958109687],[31.532353346985495,30.27810409526243],[31.532355857776714,30.278098551577262],[31.532337867216512,30.2780924151999]]]}},{"type":"Feature","properties":{"Electric_Facility_Type":"بيلر","Easting":"031° 31' 46.72\" E","Northing":"30° 16' 38.46\" N","Description":null,"ID":"1_10/1/A","sectors":"القطاع الثاني عشر","Implementing":"شركة الكتروالهانى","SHAPE_Length":5.840869027172431,"SHAPE_Area":1.6520136739145563,"__networkId":"electricity","__networkName":"شبكة الكهرباء","__layerId":"electricity_facilities","__layerName":"منشآت شبكة الكهرباء","__assetName":"منشآت الكهرباء","__geometryKind":"polygon","__featureIndex":1129,"__length_m":5.84,"__area_m2":1.65,"__typeValue":"بيلر"},"geometry":{"type":"Polygon","coordinates":[[[31.53131338714401,30.277509697317853],[31.531310879047712,30.277515242587878],[31.53132887320117,30.277521372019308],[31.531331378602513,30.277515828301222],[31.53131338714401,30.277509697317853]]]}},{"type":"Feature","properties":{"Electric_Facility_Type":"بيلر","Easting":"031° 31' 45.27\" E","Northing":"30° 16' 41.87\" N","Description":null,"ID":"2_9/5/A","sectors":"القطاع الثاني عشر","Implementing":"شركة الكتروالهانى","SHAPE_Length":5.852664035054433,"SHAPE_Area":1.6517715268141862,"__networkId":"electricity","__networkName":"شبكة الكهرباء","__layerId":"electricity_facilities","__layerName":"منشآت شبكة الكهرباء","__assetName":"منشآت الكهرباء","__geometryKind":"polygon","__featureIndex":1130,"__length_m":5.85,"__area_m2":1.65,"__typeValue":"بيلر"},"geometry":{"type":"Polygon","coordinates":[[[31.530912752900328,30.278470534797222],[31.530919552248697,30.27847133151474],[31.530922135803483,30.278454703623535],[31.53091533645508,30.278453908457454],[31.530912752900328,30.278470534797222]]]}},{"type":"Feature","properties":{"Electric_Facility_Type":"بيلر","Easting":"031° 31' 54.03\" E","Northing":"30° 16' 43.56\" N","Description":null,"ID":"4_6/1/A","sectors":"القطاع الثاني عشر","Implementing":"شركة الكتروالهانى","SHAPE_Length":5.839142784641291,"SHAPE_Area":1.6517334286032295,"__networkId":"electricity","__networkName":"شبكة الكهرباء","__layerId":"electricity_facilities","__layerName":"منشآت شبكة الكهرباء","__assetName":"منشآت الكهرباء","__geometryKind":"polygon","__featureIndex":1131,"__length_m":5.84,"__area_m2":1.65,"__typeValue":"بيلر"},"geometry":{"type":"Polygon","coordinates":[[[31.53336135554895,30.278936471464394],[31.533362270932226,30.27893057019719],[31.533343115257118,30.278928327451798],[31.53334219717889,30.278934228719127],[31.53336135554895,30.278936471464394]]]}},{"type":"Feature","properties":{"Electric_Facility_Type":"بيلر","Easting":"031° 31' 49.62\" E","Northing":"30° 16' 43.04\" N","Description":null,"ID":"2_7/1/A","sectors":"القطاع الثاني عشر","Implementing":"شركة الكتروالهانى","SHAPE_Length":5.83939260773009,"SHAPE_Area":1.6519441142463527,"__networkId":"electricity","__networkName":"شبكة الكهرباء","__layerId":"electricity_facilities","__layerName":"منشآت شبكة الكهرباء","__assetName":"منشآت الكهرباء","__geometryKind":"polygon","__featureIndex":1132,"__length_m":5.84,"__area_m2":1.65,"__typeValue":"بيلر"},"geometry":{"type":"Polygon","coordinates":[[[31.532137045241488,30.27879390304789],[31.532137997455674,30.278788004875132],[31.532118852560338,30.278785681446447],[31.53211790124448,30.278791578843563],[31.532137045241488,30.27879390304789]]]}},{"type":"Feature","properties":{"Electric_Facility_Type":"بيلر","Easting":"031° 31' 44.82\" E","Northing":"30° 16' 42.68\" N","Description":null,"ID":"1_9/5/A","sectors":"القطاع الثاني عشر","Implementing":"شركة الكتروالهانى","SHAPE_Length":5.840979931382927,"SHAPE_Area":1.6520251509768031,"__networkId":"electricity","__networkName":"شبكة الكهرباء","__layerId":"electricity_facilities","__layerName":"منشآت شبكة الكهرباء","__assetName":"منشآت الكهرباء","__geometryKind":"polygon","__featureIndex":1133,"__length_m":5.84,"__area_m2":1.65,"__typeValue":"بيلر"},"geometry":{"type":"Polygon","coordinates":[[[31.53080154685805,30.278693367974036],[31.530804086395342,30.27868783518294],[31.53078613086946,30.278681624368527],[31.530783589535506,30.278687157159972],[31.53080154685805,30.278693367974036]]]}},{"type":"Feature","properties":{"Electric_Facility_Type":"بيلر","Easting":"031° 31' 53.46\" E","Northing":"30° 16' 43.49\" N","Description":null,"ID":"2_6/1/A","sectors":"القطاع الثاني عشر","Implementing":"شركة الكتروالهانى","SHAPE_Length":5.839369690763377,"SHAPE_Area":1.651915810926681,"__networkId":"electricity","__networkName":"شبكة الكهرباء","__layerId":"electricity_facilities","__layerName":"منشآت شبكة الكهرباء","__assetName":"منشآت الكهرباء","__geometryKind":"polygon","__featureIndex":1134,"__length_m":5.84,"__area_m2":1.65,"__typeValue":"بيلر"},"geometry":{"type":"Polygon","coordinates":[[[31.533184984817655,30.27891061744135],[31.53318412333327,30.278916524140172],[31.533203299669648,30.27891863500527],[31.533204163848954,30.278912725979307],[31.533184984817655,30.27891061744135]]]}},{"type":"Feature","properties":{"Electric_Facility_Type":"بيلر","Easting":"031° 31' 49.04\" E","Northing":"30° 16' 37.91\" N","Description":null,"ID":"2_10/1/A","sectors":"القطاع الثاني عشر","Implementing":"شركة الكتروالهانى","SHAPE_Length":5.8411890498298575,"SHAPE_Area":1.6520812797897069,"__networkId":"electricity","__networkName":"شبكة الكهرباء","__layerId":"electricity_facilities","__layerName":"منشآت شبكة الكهرباء","__assetName":"منشآت الكهرباء","__geometryKind":"polygon","__featureIndex":1135,"__length_m":5.84,"__area_m2":1.65,"__typeValue":"بيلر"},"geometry":{"type":"Polygon","coordinates":[[[31.53197456965099,30.277368853715696],[31.531977080442218,30.277363310764727],[31.531959088085383,30.277357174341393],[31.531956578192492,30.277362717292707],[31.53197456965099,30.277368853715696]]]}},{"type":"Feature","properties":{"Electric_Facility_Type":"بيلر","Easting":"031° 30' 19.18\" E","Northing":"30° 16' 24.63\" N","Description":null,"ID":"5_9/4/C","sectors":"القطاع الخامس عشر","Implementing":"شركة الكتروالهانى","SHAPE_Length":5.853097028608793,"SHAPE_Area":1.6520989476987302,"__networkId":"electricity","__networkName":"شبكة الكهرباء","__layerId":"electricity_facilities","__layerName":"منشآت شبكة الكهرباء","__assetName":"منشآت الكهرباء","__geometryKind":"polygon","__featureIndex":1136,"__length_m":5.85,"__area_m2":1.65,"__typeValue":"بيلر"},"geometry":{"type":"Polygon","coordinates":[[[31.507009808491954,30.273667355754636],[31.50700298758399,30.273666703298733],[31.507000872051492,30.273683381652933],[31.507007692959455,30.273684033332906],[31.507009808491954,30.273667355754636]]]}},{"type":"Feature","properties":{"Electric_Facility_Type":"بيلر","Easting":"031° 30' 0.52\" E","Northing":"30° 16' 27.87\" N","Description":null,"ID":"2_6/4/C","sectors":"القطاع الخامس عشر","Implementing":"شركة الكتروالهانى","SHAPE_Length":5.840014914520645,"SHAPE_Area":1.6518015163851314,"__networkId":"electricity","__networkName":"شبكة الكهرباء","__layerId":"electricity_facilities","__layerName":"منشآت شبكة الكهرباء","__assetName":"منشآت الكهرباء","__geometryKind":"polygon","__featureIndex":1137,"__length_m":5.84,"__area_m2":1.65,"__typeValue":"بيلر"},"geometry":{"type":"Polygon","coordinates":[[[31.501827862402475,30.274570210151197],[31.50180934453121,30.274575025557148],[31.50181131453661,30.274580729256698],[31.50182983061125,30.274575916178417],[31.501827862402475,30.274570210151197]]]}},{"type":"Feature","properties":{"Electric_Facility_Type":"بيلر","Easting":"031° 30' 1.17\" E","Northing":"30° 16' 30.18\" N","Description":null,"ID":"1_6/4/C","sectors":"القطاع الخامس عشر","Implementing":"شركة الكتروالهانى","SHAPE_Length":5.852086067241281,"SHAPE_Area":1.6514901587333046,"__networkId":"electricity","__networkName":"شبكة الكهرباء","__layerId":"electricity_facilities","__layerName":"منشآت شبكة الكهرباء","__assetName":"منشآت الكهرباء","__geometryKind":"polygon","__featureIndex":1138,"__length_m":5.85,"__area_m2":1.65,"__typeValue":"بيلر"},"geometry":{"type":"Polygon","coordinates":[[[31.50199751912533,30.27520876257739],[31.502000799772766,30.275225295595483],[31.50200756049358,30.275224286283184],[31.50200427984615,30.275207751713296],[31.50199751912533,30.27520876257739]]]}},{"type":"Feature","properties":{"Electric_Facility_Type":"بيلر","Easting":"031° 30' 1.11\" E","Northing":"30° 16' 31.86\" N","Description":null,"ID":"2_7/4/C","sectors":"القطاع الخامس عشر","Implementing":"شركة الكتروالهانى","SHAPE_Length":5.852292819132626,"SHAPE_Area":1.6514107295659552,"__networkId":"electricity","__networkName":"شبكة الكهرباء","__layerId":"electricity_facilities","__layerName":"منشآت شبكة الكهرباء","__assetName":"منشآت الكهرباء","__geometryKind":"polygon","__featureIndex":1139,"__length_m":5.85,"__area_m2":1.65,"__typeValue":"بيلر"},"geometry":{"type":"Polygon","coordinates":[[[31.501987278331086,30.27569333843405],[31.501989002198115,30.27567662938958],[31.50198216961209,30.27567609797088],[31.501980445745062,30.275692809342807],[31.501987278331086,30.27569333843405]]]}},{"type":"Feature","properties":{"Electric_Facility_Type":"بيلر","Easting":"031° 30' 6.47\" E","Northing":"30° 16' 27.43\" N","Description":null,"ID":"4_2/5/C","sectors":"القطاع الخامس عشر","Implementing":"شركة الكتروالهانى","SHAPE_Length":5.852950696251997,"SHAPE_Area":1.651879131253126,"__networkId":"electricity","__networkName":"شبكة الكهرباء","__layerId":"electricity_facilities","__layerName":"منشآت شبكة الكهرباء","__assetName":"منشآت الكهرباء","__geometryKind":"polygon","__featureIndex":1140,"__length_m":5.85,"__area_m2":1.65,"__typeValue":"بيلر"},"geometry":{"type":"Polygon","coordinates":[[[31.503477177348937,30.274461108209245],[31.503477038110088,30.27444433068429],[31.503470176777924,30.27444437335351],[31.50347031601681,30.274461150878395],[31.503477177348937,30.274461108209245]]]}},{"type":"Feature","properties":{"Electric_Facility_Type":"بيلر","Easting":"031° 30' 36.92\" E","Northing":"30° 16' 11.59\" N","Description":null,"ID":"5_4/2/B","sectors":"القطاع الرابع عشر","Implementing":"شركة الكتروالهانى","SHAPE_Length":5.839925604638552,"SHAPE_Area":1.6515989017687627,"__networkId":"electricity","__networkName":"شبكة الكهرباء","__layerId":"electricity_facilities","__layerName":"منشآت شبكة الكهرباء","__assetName":"منشآت الكهرباء","__geometryKind":"polygon","__featureIndex":1141,"__length_m":5.84,"__area_m2":1.65,"__typeValue":"بيلر"},"geometry":{"type":"Polygon","coordinates":[[[31.511940650306705,30.270048075015456],[31.511922186334363,30.270053043483422],[31.51192421922183,30.2700587311531],[31.511942681397546,30.27005376268541],[31.511940650306705,30.270048075015456]]]}},{"type":"Feature","properties":{"Electric_Facility_Type":"بيلر","Easting":"031° 31' 54.66\" E","Northing":"30° 16' 44.51\" N","Description":null,"ID":"5_6/1/A","sectors":"القطاع الثاني عشر","Implementing":"شركة الكتروالهانى","SHAPE_Length":5.852828779852429,"SHAPE_Area":1.651861122741185,"__networkId":"electricity","__networkName":"شبكة الكهرباء","__layerId":"electricity_facilities","__layerName":"منشآت شبكة الكهرباء","__assetName":"منشآت الكهرباء","__geometryKind":"polygon","__featureIndex":1142,"__length_m":5.85,"__area_m2":1.65,"__typeValue":"بيلر"},"geometry":{"type":"Polygon","coordinates":[[[31.533524175194195,30.279189858682734],[31.533521852150873,30.27920651515267],[31.53352866317736,30.279207230408808],[31.533530987118986,30.279190574714715],[31.533524175194195,30.279189858682734]]]}},{"type":"Feature","properties":{"Electric_Facility_Type":"بيلر","Easting":"031° 31' 53.69\" E","Northing":"30° 16' 42.32\" N","Description":null,"ID":"3_6/1/A","sectors":"القطاع الثاني عشر","Implementing":"شركة الكتروالهانى","SHAPE_Length":5.841306322164957,"SHAPE_Area":1.6518407231836658,"__networkId":"electricity","__networkName":"شبكة الكهرباء","__layerId":"electricity_facilities","__layerName":"منشآت شبكة الكهرباء","__assetName":"منشآت الكهرباء","__geometryKind":"polygon","__featureIndex":1143,"__length_m":5.84,"__area_m2":1.65,"__typeValue":"بيلر"},"geometry":{"type":"Polygon","coordinates":[[[31.533247865090917,30.278587351977073],[31.53326566430994,30.278593901033485],[31.53326834128949,30.278588418661872],[31.53325054386706,30.27858186960509],[31.533247865090917,30.278587351977073]]]}},{"type":"Feature","properties":{"Electric_Facility_Type":"بيلر","Easting":"031° 31' 49.47\" E","Northing":"30° 16' 39.4\" N","Description":null,"ID":"3_9/1/A","sectors":"القطاع الثاني عشر","Implementing":"شركة الكتروالهانى","SHAPE_Length":5.841104769577591,"SHAPE_Area":1.6518917972733798,"__networkId":"electricity","__networkName":"شبكة الكهرباء","__layerId":"electricity_facilities","__layerName":"منشآت شبكة الكهرباء","__assetName":"منشآت الكهرباء","__geometryKind":"polygon","__featureIndex":1144,"__length_m":5.84,"__area_m2":1.65,"__typeValue":"بيلر"},"geometry":{"type":"Polygon","coordinates":[[[31.532093723986893,30.27778225767438],[31.532096236574745,30.277776716298334],[31.53207824601457,30.27777057447044],[31.532075734325023,30.277776115846823],[31.532093723986893,30.27778225767438]]]}},{"type":"Feature","properties":{"Electric_Facility_Type":"بيلر","Easting":"031° 31' 32.31\" E","Northing":"30° 16' 35.81\" N","Description":null,"ID":"1_6/5/A","sectors":"القطاع الثاني عشر","Implementing":"شركة الكتروالهانى","SHAPE_Length":5.850579597993599,"SHAPE_Area":1.651757101563021,"__networkId":"electricity","__networkName":"شبكة الكهرباء","__layerId":"electricity_facilities","__layerName":"منشآت شبكة الكهرباء","__assetName":"منشآت الكهرباء","__geometryKind":"polygon","__featureIndex":1145,"__length_m":5.85,"__area_m2":1.65,"__typeValue":"بيلر"},"geometry":{"type":"Polygon","coordinates":[[[31.527326091686227,30.27677422944341],[31.527319774733176,30.27677190363971],[31.527312224393203,30.2767873464166],[31.52731853954963,30.276789673771464],[31.527326091686227,30.27677422944341]]]}},{"type":"Feature","properties":{"Electric_Facility_Type":"بيلر","Easting":"031° 31' 32.44\" E","Northing":"30° 16' 35.35\" N","Description":null,"ID":"4_6/5/A","sectors":"القطاع الثاني عشر","Implementing":"شركة الكتروالهانى","SHAPE_Length":5.850342093430686,"SHAPE_Area":1.6515108412948611,"__networkId":"electricity","__networkName":"شبكة الكهرباء","__layerId":"electricity_facilities","__layerName":"منشآت شبكة الكهرباء","__assetName":"منشآت الكهرباء","__geometryKind":"polygon","__featureIndex":1146,"__length_m":5.85,"__area_m2":1.65,"__typeValue":"بيلر"},"geometry":{"type":"Polygon","coordinates":[[[31.527360259108065,30.276646387737184],[31.527353943951635,30.27664406037886],[31.527346391815037,30.27665950472745],[31.527352706971467,30.27666182975802],[31.527360259108065,30.276646387737184]]]}},{"type":"Feature","properties":{"Electric_Facility_Type":"بيلر","Easting":"031° 31' 13.07\" E","Northing":"30° 16' 39.23\" N","Description":null,"ID":"3_6/6/A","sectors":"القطاع الثالث عشر","Implementing":"شركة الكتروالهانى","SHAPE_Length":5.852864756643692,"SHAPE_Area":1.6519592254102915,"__networkId":"electricity","__networkName":"شبكة الكهرباء","__layerId":"electricity_facilities","__layerName":"منشآت شبكة الكهرباء","__assetName":"منشآت الكهرباء","__geometryKind":"polygon","__featureIndex":1147,"__length_m":5.85,"__area_m2":1.65,"__typeValue":"بيلر"},"geometry":{"type":"Polygon","coordinates":[[[31.52197916370662,30.277721419663084],[31.52197232303573,30.277720965057412],[31.52197084800203,30.27773769314825],[31.521977691367848,30.27773814775385],[31.52197916370662,30.277721419663084]]]}},{"type":"Feature","properties":{"Electric_Facility_Type":"بيلر","Easting":"031° 31' 18.35\" E","Northing":"30° 16' 39.74\" N","Description":null,"ID":"2_8/6/A","sectors":"القطاع الثالث عشر","Implementing":"شركة الكتروالهانى","SHAPE_Length":5.852645822833505,"SHAPE_Area":1.6516422968868585,"__networkId":"electricity","__networkName":"شبكة الكهرباء","__layerId":"electricity_facilities","__layerName":"منشآت شبكة الكهرباء","__assetName":"منشآت الكهرباء","__geometryKind":"polygon","__featureIndex":1148,"__length_m":5.85,"__area_m2":1.65,"__typeValue":"بيلر"},"geometry":{"type":"Polygon","coordinates":[[[31.523438672718406,30.277863610283028],[31.52343657874547,30.27788028869984],[31.52344339965343,30.27788093414575],[31.523445491829705,30.27786425417747],[31.523438672718406,30.277863610283028]]]}},{"type":"Feature","properties":{"Electric_Facility_Type":"بيلر","Easting":"031° 31' 19.55\" E","Northing":"30° 16' 33.47\" N","Description":null,"ID":"1_3/1/B","sectors":"القطاع الثالث عشر","Implementing":"شركة الكتروالهانى","SHAPE_Length":5.850463317173311,"SHAPE_Area":1.6516863465625855,"__networkId":"electricity","__networkName":"شبكة الكهرباء","__layerId":"electricity_facilities","__layerName":"منشآت شبكة الكهرباء","__assetName":"منشآت الكهرباء","__geometryKind":"polygon","__featureIndex":1149,"__length_m":5.85,"__area_m2":1.65,"__typeValue":"بيلر"},"geometry":{"type":"Polygon","coordinates":[[[31.523773465841654,30.27612065549174],[31.523765604684588,30.276135983554184],[31.523771874026966,30.276138404795137],[31.52377973248907,30.27612307673307],[31.523773465841654,30.27612065549174]]]}},{"type":"Feature","properties":{"Electric_Facility_Type":"بيلر","Easting":"031° 31' 17.38\" E","Northing":"30° 16' 32.69\" N","Description":null,"ID":"5_7/1/B","sectors":"القطاع الثالث عشر","Implementing":"شركة الكتروالهانى","SHAPE_Length":5.850859769579208,"SHAPE_Area":1.6518125308913598,"__networkId":"electricity","__networkName":"شبكة الكهرباء","__layerId":"electricity_facilities","__layerName":"منشآت شبكة الكهرباء","__assetName":"منشآت الكهرباء","__geometryKind":"polygon","__featureIndex":1150,"__length_m":5.85,"__area_m2":1.65,"__typeValue":"بيلر"},"geometry":{"type":"Polygon","coordinates":[[[31.523178240337757,30.275907935127858],[31.523171878468908,30.27590570472609],[31.523164638047707,30.275921260129078],[31.523170999916548,30.27592349130636],[31.523178240337757,30.275907935127858]]]}},{"type":"Feature","properties":{"Electric_Facility_Type":"بيلر","Easting":"031° 31' 11.65\" E","Northing":"30° 16' 39.09\" N","Description":null,"ID":"4_6/6/A","sectors":"القطاع الثالث عشر","Implementing":"شركة الكتروالهانى","SHAPE_Length":5.85286474329763,"SHAPE_Area":1.6519592212847187,"__networkId":"electricity","__networkName":"شبكة الكهرباء","__layerId":"electricity_facilities","__layerName":"منشآت شبكة الكهرباء","__assetName":"منشآت الكهرباء","__geometryKind":"polygon","__featureIndex":1151,"__length_m":5.85,"__area_m2":1.65,"__typeValue":"بيلر"},"geometry":{"type":"Polygon","coordinates":[[[31.521583081226474,30.27768380530364],[31.521576238758982,30.277683350697778],[31.521574765521912,30.277700078795032],[31.5215816070911,30.277700533400807],[31.521583081226474,30.27768380530364]]]}},{"type":"Feature","properties":{"Electric_Facility_Type":"بيلر","Easting":"031° 31' 13.29\" E","Northing":"30° 16' 31.22\" N","Description":null,"ID":"2_1/1/B","sectors":"القطاع الثالث عشر","Implementing":"شركة الكتروالهانى","SHAPE_Length":7.774173590811768,"SHAPE_Area":2.9159882419672334,"__networkId":"electricity","__networkName":"شبكة الكهرباء","__layerId":"electricity_facilities","__layerName":"منشآت شبكة الكهرباء","__assetName":"منشآت الكهرباء","__geometryKind":"polygon","__featureIndex":1152,"__length_m":7.77,"__area_m2":2.92,"__typeValue":"بيلر"},"geometry":{"type":"Polygon","coordinates":[[[31.522043949306596,30.275497593095377],[31.52203539195518,30.275494864623727],[31.52202653815975,30.27551578936938],[31.52203509551114,30.275518517840453],[31.522043949306596,30.275497593095377]]]}},{"type":"Feature","properties":{"Electric_Facility_Type":"بيلر","Easting":"031° 31' 15.46\" E","Northing":"30° 16' 32.0\" N","Description":null,"ID":"1_7/1/B","sectors":"القطاع الثالث عشر","Implementing":"شركة الكتروالهانى","SHAPE_Length":7.77390715909684,"SHAPE_Area":2.9157576187420733,"__networkId":"electricity","__networkName":"شبكة الكهرباء","__layerId":"electricity_facilities","__layerName":"منشآت شبكة الكهرباء","__assetName":"منشآت الكهرباء","__geometryKind":"polygon","__featureIndex":1153,"__length_m":7.77,"__area_m2":2.92,"__typeValue":"بيلر"},"geometry":{"type":"Polygon","coordinates":[[[31.522638064492785,30.275711154532935],[31.522629211595657,30.275732080008282],[31.52263776894707,30.275734806145916],[31.5226466218442,30.275713882998573],[31.522638064492785,30.275711154532935]]]}},{"type":"Feature","properties":{"Electric_Facility_Type":"بيلر","Easting":"031° 31' 17.56\" E","Northing":"30° 16' 27.8\" N","Description":null,"ID":"1_6/1/B","sectors":"القطاع الثالث عشر","Implementing":"شركة الكتروالهانى","SHAPE_Length":7.773847238860318,"SHAPE_Area":2.9156958570178144,"__networkId":"electricity","__networkName":"شبكة الكهرباء","__layerId":"electricity_facilities","__layerName":"منشآت شبكة الكهرباء","__assetName":"منشآت الكهرباء","__geometryKind":"polygon","__featureIndex":1154,"__length_m":7.77,"__area_m2":2.92,"__typeValue":"بيلر"},"geometry":{"type":"Polygon","coordinates":[[[31.523220947144665,30.274544368166534],[31.523212093349237,30.274565291563196],[31.52322065070062,30.274568019284875],[31.52322950449608,30.274547094337162],[31.523220947144665,30.274544368166534]]]}},{"type":"Feature","properties":{"Electric_Facility_Type":"بيلر","Easting":"031° 31' 9.55\" E","Northing":"30° 16' 38.45\" N","Description":null,"ID":"1_8/4/B","sectors":"القطاع الثالث عشر","Implementing":"شركة الكتروالهانى","SHAPE_Length":5.852839373635204,"SHAPE_Area":1.65189957514077,"__networkId":"electricity","__networkName":"شبكة الكهرباء","__layerId":"electricity_facilities","__layerName":"منشآت شبكة الكهرباء","__assetName":"منشآت الكهرباء","__geometryKind":"polygon","__featureIndex":1155,"__length_m":5.85,"__area_m2":1.65,"__typeValue":"بيلر"},"geometry":{"type":"Polygon","coordinates":[[[31.520999871587847,30.277504873522293],[31.520993044391677,30.27750427849956],[31.520991113912142,30.277520971717248],[31.520997941108284,30.277521567515677],[31.520999871587847,30.277504873522293]]]}},{"type":"Feature","properties":{"Electric_Facility_Type":"بيلر","Easting":"031° 31' 6.92\" E","Northing":"30° 16' 38.95\" N","Description":null,"ID":"4_8/4/B","sectors":"القطاع الثالث عشر","Implementing":"شركة الكتروالهانى","SHAPE_Length":5.852687162020707,"SHAPE_Area":1.6520968910221687,"__networkId":"electricity","__networkName":"شبكة الكهرباء","__layerId":"electricity_facilities","__layerName":"منشآت شبكة الكهرباء","__assetName":"منشآت الكهرباء","__geometryKind":"polygon","__featureIndex":1156,"__length_m":5.85,"__area_m2":1.65,"__typeValue":"بيلر"},"geometry":{"type":"Polygon","coordinates":[[[31.520262301738978,30.277645011746902],[31.52025907319384,30.277661553663982],[31.520265838406253,30.277662548211406],[31.520269068748014,30.277646007846084],[31.520262301738978,30.277645011746902]]]}},{"type":"Feature","properties":{"Electric_Facility_Type":"بيلر","Easting":"031° 30' 55.9\" E","Northing":"30° 16' 37.21\" N","Description":null,"ID":"3_5/4/B","sectors":"القطاع الثالث عشر","Implementing":"شركة الكتروالهانى","SHAPE_Length":5.85262034729545,"SHAPE_Area":1.6518450792820882,"__networkId":"electricity","__networkName":"شبكة الكهرباء","__layerId":"electricity_facilities","__layerName":"منشآت شبكة الكهرباء","__assetName":"منشآت الكهرباء","__geometryKind":"polygon","__featureIndex":1157,"__length_m":5.85,"__area_m2":1.65,"__typeValue":"بيلر"},"geometry":{"type":"Polygon","coordinates":[[[31.517207360528065,30.277178864141597],[31.517209918031703,30.277162234479814],[31.517203116886677,30.277161446285294],[31.517200559383078,30.277178075947212],[31.517207360528065,30.277178864141597]]]}},{"type":"Feature","properties":{"Electric_Facility_Type":"بيلر","Easting":"031° 30' 58.22\" E","Northing":"30° 16' 37.52\" N","Description":null,"ID":"2_5/4/B","sectors":"القطاع الثالث عشر","Implementing":"شركة الكتروالهانى","SHAPE_Length":5.8529828107480535,"SHAPE_Area":1.6520729833230148,"__networkId":"electricity","__networkName":"شبكة الكهرباء","__layerId":"electricity_facilities","__layerName":"منشآت شبكة الكهرباء","__assetName":"منشآت الكهرباء","__geometryKind":"polygon","__featureIndex":1158,"__length_m":5.85,"__area_m2":1.65,"__typeValue":"بيلر"},"geometry":{"type":"Polygon","coordinates":[[[31.517845822844897,30.277245780736358],[31.517842959914116,30.277262375473818],[31.517849747584382,30.277263255985492],[31.51785260782024,30.277246663575504],[31.517845822844897,30.277245780736358]]]}},{"type":"Feature","properties":{"Electric_Facility_Type":"بيلر","Easting":"031° 31' 9.0\" E","Northing":"30° 16' 30.2\" N","Description":null,"ID":"2_10/1/B","sectors":"القطاع الثالث عشر","Implementing":"شركة الكتروالهانى","SHAPE_Length":5.8507052738614345,"SHAPE_Area":1.6515582905959059,"__networkId":"electricity","__networkName":"شبكة الكهرباء","__layerId":"electricity_facilities","__layerName":"منشآت شبكة الكهرباء","__assetName":"منشآت الكهرباء","__geometryKind":"polygon","__featureIndex":1159,"__length_m":5.85,"__area_m2":1.65,"__typeValue":"بيلر"},"geometry":{"type":"Polygon","coordinates":[[[31.520849847545495,30.2752159224118],[31.520843461422164,30.275213748627493],[31.520836401562338,30.275229366203952],[31.520842788583998,30.275231541539533],[31.520849847545495,30.2752159224118]]]}},{"type":"Feature","properties":{"Electric_Facility_Type":"بيلر","Easting":"031° 31' 7.44\" E","Northing":"30° 16' 26.61\" N","Description":null,"ID":"2_1/2/B","sectors":"القطاع الثالث عشر","Implementing":"شركة الكتروالهانى","SHAPE_Length":5.850462300120142,"SHAPE_Area":1.6514005561535978,"__networkId":"electricity","__networkName":"شبكة الكهرباء","__layerId":"electricity_facilities","__layerName":"منشآت شبكة الكهرباء","__assetName":"منشآت الكهرباء","__geometryKind":"polygon","__featureIndex":1160,"__length_m":5.85,"__area_m2":1.65,"__typeValue":"بيلر"},"geometry":{"type":"Polygon","coordinates":[[[31.520402968031007,30.27423238559564],[31.52040935415437,30.274234560953314],[31.52041641401416,30.274218942442747],[31.52041002789083,30.274216768636357],[31.520402968031007,30.27423238559564]]]}},{"type":"Feature","properties":{"Electric_Facility_Type":"بيلر","Easting":"031° 31' 9.38\" E","Northing":"30° 16' 27.26\" N","Description":null,"ID":"1_9/1/B","sectors":"القطاع الثالث عشر","Implementing":"شركة الكتروالهانى","SHAPE_Length":5.85102181744813,"SHAPE_Area":1.6518849978984893,"__networkId":"electricity","__networkName":"شبكة الكهرباء","__layerId":"electricity_facilities","__layerName":"منشآت شبكة الكهرباء","__assetName":"منشآت الكهرباء","__geometryKind":"polygon","__featureIndex":1161,"__length_m":5.85,"__area_m2":1.65,"__typeValue":"بيلر"},"geometry":{"type":"Polygon","coordinates":[[[31.520956328449376,30.274397974862968],[31.52094994052942,30.274395799508916],[31.520942882466223,30.274411417991338],[31.520949269487883,30.274413594120865],[31.520956328449376,30.274397974862968]]]}},{"type":"Feature","properties":{"Electric_Facility_Type":"بيلر","Easting":"031° 31' 8.35\" E","Northing":"30° 16' 24.69\" N","Description":null,"ID":"3_1/2/B","sectors":"القطاع الثالث عشر","Implementing":"شركة الكتروالهانى","SHAPE_Length":7.773906358887341,"SHAPE_Area":2.915575264976274,"__networkId":"electricity","__networkName":"شبكة الكهرباء","__layerId":"electricity_facilities","__layerName":"منشآت شبكة الكهرباء","__assetName":"منشآت الكهرباء","__geometryKind":"polygon","__featureIndex":1162,"__length_m":7.77,"__area_m2":2.92,"__typeValue":"بيلر"},"geometry":{"type":"Polygon","coordinates":[[[31.520662405976637,30.27367870584895],[31.520653551282876,30.2736996309818],[31.520662108634266,30.273702357175885],[31.520670962429723,30.273681432043624],[31.520662405976637,30.27367870584895]]]}},{"type":"Feature","properties":{"Electric_Facility_Type":"بيلر","Easting":"031° 31' 6.19\" E","Northing":"30° 16' 23.88\" N","Description":null,"ID":"3_8/2/B","sectors":"القطاع الثالث عشر","Implementing":"شركة الكتروالهانى","SHAPE_Length":5.8508368227901695,"SHAPE_Area":1.6517697379503347,"__networkId":"electricity","__networkName":"شبكة الكهرباء","__layerId":"electricity_facilities","__layerName":"منشآت شبكة الكهرباء","__assetName":"منشآت الكهرباء","__geometryKind":"polygon","__featureIndex":1163,"__length_m":5.85,"__area_m2":1.65,"__typeValue":"بيلر"},"geometry":{"type":"Polygon","coordinates":[[[31.520055147539512,30.273473566850246],[31.5200615067134,30.273475801962174],[31.520068762405955,30.273460250826435],[31.52006240233374,30.273458015714155],[31.520055147539512,30.273473566850246]]]}},{"type":"Feature","properties":{"Electric_Facility_Type":"بيلر","Easting":"031° 31' 5.99\" E","Northing":"30° 16' 22.49\" N","Description":null,"ID":"1_8/2/B","sectors":"القطاع الثالث عشر","Implementing":"شركة الكتروالهانى","SHAPE_Length":5.840315711829046,"SHAPE_Area":1.6514114090582246,"__networkId":"electricity","__networkName":"شبكة الكهرباء","__layerId":"electricity_facilities","__layerName":"منشآت شبكة الكهرباء","__assetName":"منشآت الكهرباء","__geometryKind":"polygon","__featureIndex":1164,"__length_m":5.84,"__area_m2":1.65,"__typeValue":"بيلر"},"geometry":{"type":"Polygon","coordinates":[[[31.51999821860502,30.273075117184028],[31.519995710508727,30.27308065960136],[31.520013699272305,30.273086796292073],[31.520016209165195,30.27308125542674],[31.51999821860502,30.273075117184028]]]}},{"type":"Feature","properties":{"Electric_Facility_Type":"بيلر","Easting":"031° 31' 11.01\" E","Northing":"30° 16' 23.78\" N","Description":null,"ID":"3_9/1/B","sectors":"القطاع الثالث عشر","Implementing":"شركة الكتروالهانى","SHAPE_Length":5.85128059000534,"SHAPE_Area":1.6521143675090644,"__networkId":"electricity","__networkName":"شبكة الكهرباء","__layerId":"electricity_facilities","__layerName":"منشآت شبكة الكهرباء","__assetName":"منشآت الكهرباء","__geometryKind":"polygon","__featureIndex":1165,"__length_m":5.85,"__area_m2":1.65,"__typeValue":"بيلر"},"geometry":{"type":"Polygon","coordinates":[[[31.521395195889884,30.27344670205744],[31.52140158380984,30.27344887820836],[31.521408643669663,30.27343325879694],[31.521402254851374,30.273431083421507],[31.521395195889884,30.27344670205744]]]}},{"type":"Feature","properties":{"Electric_Facility_Type":"بيلر","Easting":"031° 31' 13.75\" E","Northing":"30° 16' 25.23\" N","Description":null,"ID":"4_9/1/B","sectors":"القطاع الثالث عشر","Implementing":"شركة الكتروالهانى","SHAPE_Length":5.8408345544086995,"SHAPE_Area":1.651918979006615,"__networkId":"electricity","__networkName":"شبكة الكهرباء","__layerId":"electricity_facilities","__layerName":"منشآت شبكة الكهرباء","__assetName":"منشآت الكهرباء","__geometryKind":"polygon","__featureIndex":1166,"__length_m":5.84,"__area_m2":1.65,"__typeValue":"بيلر"},"geometry":{"type":"Polygon","coordinates":[[[31.52217147234769,30.273847472985015],[31.522173983138906,30.27384192983522],[31.522155992578703,30.273835791640078],[31.52215348358411,30.273841334790283],[31.52217147234769,30.273847472985015]]]}},{"type":"Feature","properties":{"Electric_Facility_Type":"بيلر","Easting":"031° 31' 12.26\" E","Northing":"30° 16' 26.5\" N","Description":null,"ID":"5_8/1/B","sectors":"القطاع الثالث عشر","Implementing":"شركة الكتروالهانى","SHAPE_Length":5.850519428348315,"SHAPE_Area":1.6514473629902175,"__networkId":"electricity","__networkName":"شبكة الكهرباء","__layerId":"electricity_facilities","__layerName":"منشآت شبكة الكهرباء","__assetName":"منشآت الكهرباء","__geometryKind":"polygon","__featureIndex":1167,"__length_m":5.85,"__area_m2":1.65,"__typeValue":"بيلر"},"geometry":{"type":"Polygon","coordinates":[[[31.521756038359698,30.274189021180323],[31.521749652236366,30.274186847373212],[31.52174259327484,30.274202464337314],[31.521748979398204,30.27420464047142],[31.521756038359698,30.274189021180323]]]}},{"type":"Feature","properties":{"Electric_Facility_Type":"بيلر","Easting":"031° 31' 11.13\" E","Northing":"30° 16' 25.63\" N","Description":null,"ID":"5_9/1/B","sectors":"القطاع الثالث عشر","Implementing":"شركة الكتروالهانى","SHAPE_Length":7.773787743940077,"SHAPE_Area":2.915578575032456,"__networkId":"electricity","__networkName":"شبكة الكهرباء","__layerId":"electricity_facilities","__layerName":"منشآت شبكة الكهرباء","__assetName":"منشآت الكهرباء","__geometryKind":"polygon","__featureIndex":1168,"__length_m":7.77,"__area_m2":2.92,"__typeValue":"بيلر"},"geometry":{"type":"Polygon","coordinates":[[[31.521436030607738,30.27394032942603],[31.52142717681228,30.27396125450309],[31.521435733265367,30.273963980689917],[31.521444587959127,30.27394305716507],[31.521436030607738,30.27394032942603]]]}},{"type":"Feature","properties":{"Electric_Facility_Type":"بيلر","Easting":"031° 31' 1.74\" E","Northing":"30° 16' 21.4\" N","Description":null,"ID":"2_7/2/B","sectors":"القطاع الثالث عشر","Implementing":"شركة الكتروالهانى","SHAPE_Length":5.840518428155541,"SHAPE_Area":1.6516046108808118,"__networkId":"electricity","__networkName":"شبكة الكهرباء","__layerId":"electricity_facilities","__layerName":"منشآت شبكة الكهرباء","__assetName":"منشآت الكهرباء","__geometryKind":"polygon","__featureIndex":1169,"__length_m":5.84,"__area_m2":1.65,"__typeValue":"بيلر"},"geometry":{"type":"Polygon","coordinates":[[[31.518817748778343,30.27277220234414],[31.51881523978378,30.272777745554347],[31.518833228547326,30.272783882263997],[31.518835739338545,30.27277834138157],[31.518817748778343,30.27277220234414]]]}},{"type":"Feature","properties":{"Electric_Facility_Type":"بيلر","Easting":"031° 31' 0.4\" E","Northing":"30° 16' 23.13\" N","Description":null,"ID":"1_3/3/B","sectors":"القطاع الثالث عشر","Implementing":"شركة الكتروالهانى","SHAPE_Length":5.840518437832665,"SHAPE_Area":1.6516046193819243,"__networkId":"electricity","__networkName":"شبكة الكهرباء","__layerId":"electricity_facilities","__layerName":"منشآت شبكة الكهرباء","__assetName":"منشآت الكهرباء","__geometryKind":"polygon","__featureIndex":1170,"__length_m":5.84,"__area_m2":1.65,"__typeValue":"بيلر"},"geometry":{"type":"Polygon","coordinates":[[[31.518462839680957,30.273263792717092],[31.518465350472177,30.27325825186176],[31.51844735991197,30.273252112854284],[31.51844485091741,30.27325765603744],[31.518462839680957,30.273263792717092]]]}},{"type":"Feature","properties":{"Electric_Facility_Type":"بيلر","Easting":"031° 30' 58.61\" E","Northing":"30° 16' 22.52\" N","Description":null,"ID":"3_3/3/B","sectors":"القطاع الثالث عشر","Implementing":"شركة الكتروالهانى","SHAPE_Length":5.840574996649247,"SHAPE_Area":1.6516443633612043,"__networkId":"electricity","__networkName":"شبكة الكهرباء","__layerId":"electricity_facilities","__layerName":"منشآت شبكة الكهرباء","__assetName":"منشآت الكهرباء","__geometryKind":"polygon","__featureIndex":1171,"__length_m":5.84,"__area_m2":1.65,"__typeValue":"بيلر"},"geometry":{"type":"Polygon","coordinates":[[[31.517949868416046,30.273082736456157],[31.517947362116416,30.27308827964888],[31.517965356269876,30.27309440702932],[31.517967863467838,30.27308886383699],[31.517949868416046,30.273082736456157]]]}},{"type":"Feature","properties":{"Electric_Facility_Type":"بيلر","Easting":"031° 30' 57.88\" E","Northing":"30° 16' 24.2\" N","Description":null,"ID":"4_3/3/B","sectors":"القطاع الثالث عشر","Implementing":"شركة الكتروالهانى","SHAPE_Length":5.840738299778261,"SHAPE_Area":1.65195842822623,"__networkId":"electricity","__networkName":"شبكة الكهرباء","__layerId":"electricity_facilities","__layerName":"منشآت شبكة الكهرباء","__assetName":"منشآت الكهرباء","__geometryKind":"polygon","__featureIndex":1172,"__length_m":5.84,"__area_m2":1.65,"__typeValue":"بيلر"},"geometry":{"type":"Polygon","coordinates":[[[31.517745455874863,30.273550891918845],[31.51774294508364,30.273556435085073],[31.51776093294889,30.273562574073463],[31.517763444638405,30.273557030907583],[31.517745455874863,30.273550891918845]]]}},{"type":"Feature","properties":{"Electric_Facility_Type":"بيلر","Easting":"031° 31' 0.25\" E","Northing":"30° 16' 20.15\" N","Description":null,"ID":"3_7/2/B","sectors":"القطاع الثالث عشر","Implementing":"شركة الكتروالهانى","SHAPE_Length":5.85109407936584,"SHAPE_Area":1.6519528780031454,"__networkId":"electricity","__networkName":"شبكة الكهرباء","__layerId":"electricity_facilities","__layerName":"منشآت شبكة الكهرباء","__assetName":"منشآت الكهرباء","__geometryKind":"polygon","__featureIndex":1173,"__length_m":5.85,"__area_m2":1.65,"__typeValue":"بيلر"},"geometry":{"type":"Polygon","coordinates":[[[31.518405191195924,30.272438360863372],[31.51841157911592,30.272440536260802],[31.518418638975703,30.27242491746476],[31.518412251055747,30.272422742066983],[31.518405191195924,30.272438360863372]]]}},{"type":"Feature","properties":{"Electric_Facility_Type":"بيلر","Easting":"031° 31' 1.92\" E","Northing":"30° 16' 24.36\" N","Description":null,"ID":"2_3/3/B","sectors":"القطاع الثالث عشر","Implementing":"شركة الكتروالهانى","SHAPE_Length":5.850518973024249,"SHAPE_Area":1.6514871986643849,"__networkId":"electricity","__networkName":"شبكة الكهرباء","__layerId":"electricity_facilities","__layerName":"منشآت شبكة الكهرباء","__assetName":"منشآت الكهرباء","__geometryKind":"polygon","__featureIndex":1174,"__length_m":5.85,"__area_m2":1.65,"__typeValue":"بيلر"},"geometry":{"type":"Polygon","coordinates":[[[31.518883035638257,30.273593296163032],[31.518876648616597,30.273591122342786],[31.518869589655072,30.273606739401615],[31.518875975778435,30.273608914773153],[31.518883035638257,30.273593296163032]]]}},{"type":"Feature","properties":{"Electric_Facility_Type":"بيلر","Easting":"031° 31' 1.73\" E","Northing":"30° 16' 24.78\" N","Description":null,"ID":"5_2/3/B","sectors":"القطاع الثالث عشر","Implementing":"شركة الكتروالهانى","SHAPE_Length":5.850705075954538,"SHAPE_Area":1.65146789406552,"__networkId":"electricity","__networkName":"شبكة الكهرباء","__layerId":"electricity_facilities","__layerName":"منشآت شبكة الكهرباء","__assetName":"منشآت الكهرباء","__geometryKind":"polygon","__featureIndex":1175,"__length_m":5.85,"__area_m2":1.65,"__typeValue":"بيلر"},"geometry":{"type":"Polygon","coordinates":[[[31.51883155588426,30.273709223088453],[31.51882516976093,30.273707049270783],[31.518818109901108,30.273722667862806],[31.51882449602444,30.27372484245596],[31.51883155588426,30.273709223088453]]]}},{"type":"Feature","properties":{"Electric_Facility_Type":"بيلر","Easting":"031° 30' 42.18\" E","Northing":"30° 16' 37.74\" N","Description":null,"ID":"1_7/5/B","sectors":"القطاع الرابع عشر","Implementing":"شركة الكتروالهانى","SHAPE_Length":5.852978161130707,"SHAPE_Area":1.6521012091131815,"__networkId":"electricity","__networkName":"شبكة الكهرباء","__layerId":"electricity_facilities","__layerName":"منشآت شبكة الكهرباء","__assetName":"منشآت الكهرباء","__geometryKind":"polygon","__featureIndex":1176,"__length_m":5.85,"__area_m2":1.65,"__typeValue":"بيلر"},"geometry":{"type":"Polygon","coordinates":[[[31.51338900583592,30.27732577462187],[31.513395806980945,30.27732656203927],[31.51339835819634,30.27730993085098],[31.51339155525469,30.277309143433445],[31.51338900583592,30.27732577462187]]]}},{"type":"Feature","properties":{"Electric_Facility_Type":"بيلر","Easting":"031° 30' 40.12\" E","Northing":"30° 16' 37.48\" N","Description":null,"ID":"2_7/5/B","sectors":"القطاع الرابع عشر","Implementing":"شركة الكتروالهانى","SHAPE_Length":5.852465606050668,"SHAPE_Area":1.6517386217522967,"__networkId":"electricity","__networkName":"شبكة الكهرباء","__layerId":"electricity_facilities","__layerName":"منشآت شبكة الكهرباء","__assetName":"منشآت الكهرباء","__geometryKind":"polygon","__featureIndex":1177,"__length_m":5.85,"__area_m2":1.65,"__typeValue":"بيلر"},"geometry":{"type":"Polygon","coordinates":[[[31.512825940917512,30.277237936810803],[31.512819164027007,30.27723700742466],[31.512816144789326,30.27725357889017],[31.51282292167983,30.27725450827616],[31.512825940917512,30.277237936810803]]]}},{"type":"Feature","properties":{"Electric_Facility_Type":"بيلر","Easting":"031° 30' 37.8\" E","Northing":"30° 16' 37.16\" N","Description":null,"ID":"1_6/5/B","sectors":"القطاع الرابع عشر","Implementing":"شركة الكتروالهانى","SHAPE_Length":5.852632045705373,"SHAPE_Area":1.6519402473473774,"__networkId":"electricity","__networkName":"شبكة الكهرباء","__layerId":"electricity_facilities","__layerName":"منشآت شبكة الكهرباء","__assetName":"منشآت الكهرباء","__geometryKind":"polygon","__featureIndex":1178,"__length_m":5.85,"__area_m2":1.65,"__typeValue":"بيلر"},"geometry":{"type":"Polygon","coordinates":[[[31.512180081872643,30.277148412370746],[31.512173304982138,30.277147482983814],[31.512170285744467,30.277164054464393],[31.512177064431594,30.277164983851232],[31.512180081872643,30.277148412370746]]]}},{"type":"Feature","properties":{"Electric_Facility_Type":"بيلر","Easting":"031° 30' 35.73\" E","Northing":"30° 16' 36.99\" N","Description":null,"ID":"2_6/5/B","sectors":"القطاع الرابع عشر","Implementing":"شركة الكتروالهانى","SHAPE_Length":5.85249669605237,"SHAPE_Area":1.6517506015089394,"__networkId":"electricity","__networkName":"شبكة الكهرباء","__layerId":"electricity_facilities","__layerName":"منشآت شبكة الكهرباء","__assetName":"منشآت الكهرباء","__geometryKind":"polygon","__featureIndex":1179,"__length_m":5.85,"__area_m2":1.65,"__typeValue":"بيلر"},"geometry":{"type":"Polygon","coordinates":[[[31.511606688125106,30.27710185302003],[31.5115999112346,30.27710092363259],[31.511596891098627,30.277117495121086],[31.511603667989128,30.27711842450837],[31.511606688125106,30.27710185302003]]]}},{"type":"Feature","properties":{"Electric_Facility_Type":"بيلر","Easting":"031° 30' 44.83\" E","Northing":"30° 16' 35.94\" N","Description":null,"ID":"3_8/5/B","sectors":"القطاع الرابع عشر","Implementing":"شركة الكتروالهانى","SHAPE_Length":5.849143963201128,"SHAPE_Area":1.6505133489589754,"__networkId":"electricity","__networkName":"شبكة الكهرباء","__layerId":"electricity_facilities","__layerName":"منشآت شبكة الكهرباء","__assetName":"منشآت الكهرباء","__geometryKind":"polygon","__featureIndex":1180,"__length_m":5.85,"__area_m2":1.65,"__typeValue":"بيلر"},"geometry":{"type":"Polygon","coordinates":[[[31.514132819874316,30.276810107169304],[31.514126032204018,30.276809228205156],[31.51412318544288,30.276825809828104],[31.514129970418228,30.27682668724056],[31.514132819874316,30.276810107169304]]]}},{"type":"Feature","properties":{"Electric_Facility_Type":"بيلر","Easting":"031° 30' 35.09\" E","Northing":"30° 16' 35.22\" N","Description":null,"ID":"5_5/5/B","sectors":"القطاع الرابع عشر","Implementing":"شركة الكتروالهانى","SHAPE_Length":5.852465597522112,"SHAPE_Area":1.6517386176898676,"__networkId":"electricity","__networkName":"شبكة الكهرباء","__layerId":"electricity_facilities","__layerName":"منشآت شبكة الكهرباء","__assetName":"منشآت الكهرباء","__geometryKind":"polygon","__featureIndex":1181,"__length_m":5.85,"__area_m2":1.65,"__typeValue":"بيلر"},"geometry":{"type":"Polygon","coordinates":[[[31.51141746070545,30.27662356643514],[31.511424237595953,30.276624495827097],[31.51142725683363,30.27660792425536],[31.51142047994313,30.2766069948633],[31.51141746070545,30.27662356643514]]]}},{"type":"Feature","properties":{"Electric_Facility_Type":"بيلر","Easting":"031° 30' 33.73\" E","Northing":"30° 16' 34.61\" N","Description":null,"ID":"4_5/5/B","sectors":"القطاع الرابع عشر","Implementing":"شركة الكتروالهانى","SHAPE_Length":5.85303170231855,"SHAPE_Area":1.652195175092016,"__networkId":"electricity","__networkName":"شبكة الكهرباء","__layerId":"electricity_facilities","__layerName":"منشآت شبكة الكهرباء","__assetName":"منشآت الكهرباء","__geometryKind":"polygon","__featureIndex":1182,"__length_m":5.85,"__area_m2":1.65,"__typeValue":"بيلر"},"geometry":{"type":"Polygon","coordinates":[[[31.51105080972897,30.27644057379951],[31.511043979837872,30.276439984976662],[31.511042073612828,30.276456680702733],[31.511048902605634,30.27645726874973],[31.51105080972897,30.27644057379951]]]}},{"type":"Feature","properties":{"Electric_Facility_Type":"بيلر","Easting":"031° 30' 33.13\" E","Northing":"30° 16' 33.32\" N","Description":null,"ID":"2_5/5/B","sectors":"القطاع الرابع عشر","Implementing":"شركة الكتروالهانى","SHAPE_Length":5.839116075647185,"SHAPE_Area":1.6517824719977243,"__networkId":"electricity","__networkName":"شبكة الكهرباء","__layerId":"electricity_facilities","__layerName":"منشآت شبكة الكهرباء","__assetName":"منشآت الكهرباء","__geometryKind":"polygon","__featureIndex":1183,"__length_m":5.84,"__area_m2":1.65,"__typeValue":"بيلر"},"geometry":{"type":"Polygon","coordinates":[[[31.510889274674575,30.27609255093451],[31.51089019005785,30.27608665027204],[31.51087103438274,30.276084406685904],[31.51087011720284,30.276090309675862],[31.510889274674575,30.27609255093451]]]}},{"type":"Feature","properties":{"Electric_Facility_Type":"بيلر","Easting":"031° 30' 36.31\" E","Northing":"30° 16' 33.3\" N","Description":null,"ID":"4_4/5/B","sectors":"القطاع الرابع عشر","Implementing":"شركة الكتروالهانى","SHAPE_Length":5.852969875954871,"SHAPE_Area":1.6521326479589153,"__networkId":"electricity","__networkName":"شبكة الكهرباء","__layerId":"electricity_facilities","__layerName":"منشآت شبكة الكهرباء","__assetName":"منشآت الكهرباء","__geometryKind":"polygon","__featureIndex":1184,"__length_m":5.85,"__area_m2":1.65,"__typeValue":"بيلر"},"geometry":{"type":"Polygon","coordinates":[[[31.511757959927362,30.276092101751853],[31.51176474490271,30.276092993135098],[31.511767639274552,30.27607640440623],[31.51176085429921,30.276075512247022],[31.511757959927362,30.276092101751853]]]}},{"type":"Feature","properties":{"Electric_Facility_Type":"بيلر","Easting":"031° 30' 37.42\" E","Northing":"30° 16' 34.62\" N","Description":null,"ID":"3_6/5/B","sectors":"القطاع الرابع عشر","Implementing":"شركة الكتروالهانى","SHAPE_Length":5.839024694701173,"SHAPE_Area":1.651567957724686,"__networkId":"electricity","__networkName":"شبكة الكهرباء","__layerId":"electricity_facilities","__layerName":"منشآت شبكة الكهرباء","__assetName":"منشآت الكهرباء","__geometryKind":"polygon","__featureIndex":1185,"__length_m":5.84,"__area_m2":1.65,"__typeValue":"بيلر"},"geometry":{"type":"Polygon","coordinates":[[[31.512079533442893,30.276453249394176],[31.512080483860455,30.276447351856547],[31.512061339863443,30.276445026820898],[31.51206038944585,30.27645092280713],[31.512079533442893,30.276453249394176]]]}},{"type":"Feature","properties":{"Electric_Facility_Type":"بيلر","Easting":"031° 30' 40.71\" E","Northing":"30° 16' 33.75\" N","Description":null,"ID":"4_6/5/B","sectors":"القطاع الرابع عشر","Implementing":"شركة الكتروالهانى","SHAPE_Length":5.852544639851014,"SHAPE_Area":1.6516934834902104,"__networkId":"electricity","__networkName":"شبكة الكهرباء","__layerId":"electricity_facilities","__layerName":"منشآت شبكة الكهرباء","__assetName":"منشآت الكهرباء","__geometryKind":"polygon","__featureIndex":1186,"__length_m":5.85,"__area_m2":1.65,"__typeValue":"بيلر"},"geometry":{"type":"Polygon","coordinates":[[[31.512978693143385,30.27621735924959],[31.51298547542377,30.27621825063169],[31.512988369795618,30.27620166192399],[31.51298158571857,30.27620076976593],[31.512978693143385,30.27621735924959]]]}},{"type":"Feature","properties":{"Electric_Facility_Type":"بيلر","Easting":"031° 30' 41.92\" E","Northing":"30° 16' 34.35\" N","Description":null,"ID":"4_7/5/B","sectors":"القطاع الرابع عشر","Implementing":"شركة الكتروالهانى","SHAPE_Length":5.838831963059805,"SHAPE_Area":1.651760741102705,"__networkId":"electricity","__networkName":"شبكة الكهرباء","__layerId":"electricity_facilities","__layerName":"منشآت شبكة الكهرباء","__assetName":"منشآت الكهرباء","__geometryKind":"polygon","__featureIndex":1187,"__length_m":5.84,"__area_m2":1.65,"__typeValue":"بيلر"},"geometry":{"type":"Polygon","coordinates":[[[31.513330672834638,30.27637817717376],[31.513331590014538,30.276372275752657],[31.51331243523773,30.276370032948808],[31.51331151805783,30.276375935921575],[31.513330672834638,30.27637817717376]]]}},{"type":"Feature","properties":{"Electric_Facility_Type":"بيلر","Easting":"031° 30' 45.08\" E","Northing":"30° 16' 34.31\" N","Description":null,"ID":"2_8/5/B","sectors":"القطاع الرابع عشر","Implementing":"شركة الكتروالهانى","SHAPE_Length":5.852178889832864,"SHAPE_Area":1.6515539561283645,"__networkId":"electricity","__networkName":"شبكة الكهرباء","__layerId":"electricity_facilities","__layerName":"منشآت شبكة الكهرباء","__assetName":"منشآت الكهرباء","__geometryKind":"polygon","__featureIndex":1188,"__length_m":5.85,"__area_m2":1.65,"__typeValue":"بيلر"},"geometry":{"type":"Polygon","coordinates":[[[31.514193133660807,30.276370773826596],[31.514199916839523,30.27637166598312],[31.514202811211366,30.27635507807715],[31.514196028032654,30.27635418669628],[31.514193133660807,30.276370773826596]]]}},{"type":"Feature","properties":{"Electric_Facility_Type":"بيلر","Easting":"031° 30' 45.29\" E","Northing":"30° 16' 31.83\" N","Description":null,"ID":"1_1/5/B","sectors":"القطاع الرابع عشر","Implementing":"شركة الكتروالهانى","SHAPE_Length":5.839271638302206,"SHAPE_Area":1.6519662215830726,"__networkId":"electricity","__networkName":"شبكة الكهرباء","__layerId":"electricity_facilities","__layerName":"منشآت شبكة الكهرباء","__assetName":"منشآت الكهرباء","__geometryKind":"polygon","__featureIndex":1189,"__length_m":5.84,"__area_m2":1.65,"__typeValue":"بيلر"},"geometry":{"type":"Polygon","coordinates":[[[31.514265018646473,30.27567922286804],[31.514265937623005,30.27567332140497],[31.514246781947893,30.275671073154545],[31.51424586297136,30.27567697616936],[31.514265018646473,30.27567922286804]]]}},{"type":"Feature","properties":{"Electric_Facility_Type":"بيلر","Easting":"031° 30' 44.86\" E","Northing":"30° 16' 33.3\" N","Description":null,"ID":"1_8/5/B","sectors":"القطاع الرابع عشر","Implementing":"شركة الكتروالهانى","SHAPE_Length":5.839442870302694,"SHAPE_Area":1.6518949034300654,"__networkId":"electricity","__networkName":"شبكة الكهرباء","__layerId":"electricity_facilities","__layerName":"منشآت شبكة الكهرباء","__assetName":"منشآت الكهرباء","__geometryKind":"polygon","__featureIndex":1190,"__length_m":5.84,"__area_m2":1.65,"__typeValue":"بيلر"},"geometry":{"type":"Polygon","coordinates":[[[31.514147233343046,30.276087298057156],[31.514148152319578,30.276081396618565],[31.51412899484784,30.2760791499291],[31.514128075871316,30.27608505136782],[31.514147233343046,30.276087298057156]]]}},{"type":"Feature","properties":{"Electric_Facility_Type":"بيلر","Easting":"031° 30' 42.46\" E","Northing":"30° 16' 33.02\" N","Description":null,"ID":"5_8/5/B","sectors":"القطاع الرابع عشر","Implementing":"شركة الكتروالهانى","SHAPE_Length":5.8391324125642186,"SHAPE_Area":1.6516883588462514,"__networkId":"electricity","__networkName":"شبكة الكهرباء","__layerId":"electricity_facilities","__layerName":"منشآت شبكة الكهرباء","__assetName":"منشآت الكهرباء","__geometryKind":"polygon","__featureIndex":1191,"__length_m":5.84,"__area_m2":1.65,"__typeValue":"بيلر"},"geometry":{"type":"Polygon","coordinates":[[[31.513479676390794,30.276009035503744],[31.513480595367355,30.27600313483625],[31.51346143789559,30.276000887369186],[31.513460520715682,30.276006788812612],[31.513479676390794,30.276009035503744]]]}},{"type":"Feature","properties":{"Electric_Facility_Type":"بيلر","Easting":"031° 30' 41.12\" E","Northing":"30° 16' 30.55\" N","Description":null,"ID":"1_2/5/B","sectors":"القطاع الرابع عشر","Implementing":"شركة الكتروالهانى","SHAPE_Length":5.839397988496492,"SHAPE_Area":1.652048602100808,"__networkId":"electricity","__networkName":"شبكة الكهرباء","__layerId":"electricity_facilities","__layerName":"منشآت شبكة الكهرباء","__assetName":"منشآت الكهرباء","__geometryKind":"polygon","__featureIndex":1192,"__length_m":5.84,"__area_m2":1.65,"__typeValue":"بيلر"},"geometry":{"type":"Polygon","coordinates":[[[31.5131079220852,30.275323565793013],[31.513108807824068,30.27531765887788],[31.513089640470834,30.275315491302194],[31.51308875293534,30.27532139666583],[31.5131079220852,30.275323565793013]]]}},{"type":"Feature","properties":{"Electric_Facility_Type":"بيلر","Easting":"031° 30' 35.88\" E","Northing":"30° 16' 31.45\" N","Description":null,"ID":"3_4/5/B","sectors":"القطاع الرابع عشر","Implementing":"شركة الكتروالهانى","SHAPE_Length":5.839225603632652,"SHAPE_Area":1.6518450699219238,"__networkId":"electricity","__networkName":"شبكة الكهرباء","__layerId":"electricity_facilities","__layerName":"منشآت شبكة الكهرباء","__assetName":"منشآت الكهرباء","__geometryKind":"polygon","__featureIndex":1193,"__length_m":5.84,"__area_m2":1.65,"__typeValue":"بيلر"},"geometry":{"type":"Polygon","coordinates":[[[31.511651347869435,30.275573517811782],[31.511652235404938,30.275567613239183],[31.511633066255108,30.275565443341588],[31.511632180516237,30.27557134946593],[31.511651347869435,30.275573517811782]]]}},{"type":"Feature","properties":{"Electric_Facility_Type":"بيلر","Easting":"031° 30' 46.79\" E","Northing":"30° 16' 27.15\" N","Description":null,"ID":"2_8/3/B","sectors":"القطاع الرابع عشر","Implementing":"شركة الكتروالهانى","SHAPE_Length":5.852832797433072,"SHAPE_Area":1.6520563813650635,"__networkId":"electricity","__networkName":"شبكة الكهرباء","__layerId":"electricity_facilities","__layerName":"منشآت شبكة الكهرباء","__assetName":"منشآت الكهرباء","__geometryKind":"polygon","__featureIndex":1194,"__length_m":5.85,"__area_m2":1.65,"__typeValue":"بيلر"},"geometry":{"type":"Polygon","coordinates":[[[31.514669070979803,30.274383927381454],[31.51467589997261,30.274384516216703],[31.51467780619761,30.274367820913888],[31.514670977204847,30.274367232078546],[31.514669070979803,30.274383927381454]]]}},{"type":"Feature","properties":{"Electric_Facility_Type":"بيلر","Easting":"031° 30' 45.0\" E","Northing":"30° 16' 26.28\" N","Description":null,"ID":"4_8/3/B","sectors":"القطاع الرابع عشر","Implementing":"شركة الكتروالهانى","SHAPE_Length":5.8522629878933685,"SHAPE_Area":1.6517346220313136,"__networkId":"electricity","__networkName":"شبكة الكهرباء","__layerId":"electricity_facilities","__layerName":"منشآت شبكة الكهرباء","__assetName":"منشآت الكهرباء","__geometryKind":"polygon","__featureIndex":1195,"__length_m":5.85,"__area_m2":1.65,"__typeValue":"بيلر"},"geometry":{"type":"Polygon","coordinates":[[[31.51417128483647,30.274141738926183],[31.51417806801518,30.274142631102908],[31.514180962387034,30.27412604359602],[31.514174177411686,30.274125151419085],[31.51417128483647,30.274141738926183]]]}},{"type":"Feature","properties":{"Electric_Facility_Type":"بيلر","Easting":"031° 30' 43.52\" E","Northing":"30° 16' 29.88\" N","Description":null,"ID":"3_2/5/B","sectors":"القطاع الرابع عشر","Implementing":"شركة الكتروالهانى","SHAPE_Length":5.852852428352458,"SHAPE_Area":1.6520639714938763,"__networkId":"electricity","__networkName":"شبكة الكهرباء","__layerId":"electricity_facilities","__layerName":"منشآت شبكة الكهرباء","__assetName":"منشآت الكهرباء","__geometryKind":"polygon","__featureIndex":1196,"__length_m":5.85,"__area_m2":1.65,"__typeValue":"بيلر"},"geometry":{"type":"Polygon","coordinates":[[[31.513759573467013,30.275141685555155],[31.51376640245982,30.27514227438585],[31.513768309583153,30.27512557921193],[31.513761480590386,30.275124990381137],[31.513759573467013,30.275141685555155]]]}},{"type":"Feature","properties":{"Electric_Facility_Type":"بيلر","Easting":"031° 30' 41.39\" E","Northing":"30° 16' 29.2\" N","Description":null,"ID":"2_2/5/B","sectors":"القطاع الرابع عشر","Implementing":"شركة الكتروالهانى","SHAPE_Length":5.838920940736024,"SHAPE_Area":1.6515430753840339,"__networkId":"electricity","__networkName":"شبكة الكهرباء","__layerId":"electricity_facilities","__layerName":"منشآت شبكة الكهرباء","__assetName":"منشآت الكهرباء","__geometryKind":"polygon","__featureIndex":1197,"__length_m":5.84,"__area_m2":1.65,"__typeValue":"بيلر"},"geometry":{"type":"Polygon","coordinates":[[[31.513165833776615,30.274940005025492],[31.513164902223657,30.27494590420527],[31.513184053407212,30.27494818195266],[31.513184984960166,30.274942282773026],[31.513165833776615,30.274940005025492]]]}},{"type":"Feature","properties":{"Electric_Facility_Type":"بيلر","Easting":"031° 30' 38.82\" E","Northing":"30° 16' 29.37\" N","Description":null,"ID":"1_3/5/B","sectors":"القطاع الرابع عشر","Implementing":"شركة الكتروالهانى","SHAPE_Length":5.852382379132603,"SHAPE_Area":1.6516378009832873,"__networkId":"electricity","__networkName":"شبكة الكهرباء","__layerId":"electricity_facilities","__layerName":"منشآت شبكة الكهرباء","__assetName":"منشآت الكهرباء","__geometryKind":"polygon","__featureIndex":1198,"__length_m":5.85,"__area_m2":1.65,"__typeValue":"بيلر"},"geometry":{"type":"Polygon","coordinates":[[[31.512464919682934,30.274982893544113],[31.51245814279244,30.274981964136618],[31.51245512355476,30.274998535982895],[31.512461899546928,30.27499946539018],[31.512464919682934,30.274982893544113]]]}},{"type":"Feature","properties":{"Electric_Facility_Type":"بيلر","Easting":"031° 30' 36.48\" E","Northing":"30° 16' 29.08\" N","Description":null,"ID":"5_3/5/B","sectors":"القطاع الرابع عشر","Implementing":"شركة الكتروالهانى","SHAPE_Length":5.852413761753709,"SHAPE_Area":1.651671416552486,"__networkId":"electricity","__networkName":"شبكة الكهرباء","__layerId":"electricity_facilities","__layerName":"منشآت شبكة الكهرباء","__assetName":"منشآت الكهرباء","__geometryKind":"polygon","__featureIndex":1199,"__length_m":5.85,"__area_m2":1.65,"__typeValue":"بيلر"},"geometry":{"type":"Polygon","coordinates":[[[31.511815811431674,30.274904478829043],[31.51180903454117,30.27490354864505],[31.51180601530349,30.274920120504508],[31.511812791295664,30.27492105068841],[31.511815811431674,30.274904478829043]]]}},{"type":"Feature","properties":{"Electric_Facility_Type":"بيلر","Easting":"031° 30' 37.66\" E","Northing":"30° 16' 27.53\" N","Description":null,"ID":"3_3/5/B","sectors":"القطاع الرابع عشر","Implementing":"شركة الكتروالهانى","SHAPE_Length":5.852403451965852,"SHAPE_Area":1.6517146617927219,"__networkId":"electricity","__networkName":"شبكة الكهرباء","__layerId":"electricity_facilities","__layerName":"منشآت شبكة الكهرباء","__assetName":"منشآت الكهرباء","__geometryKind":"polygon","__featureIndex":1200,"__length_m":5.85,"__area_m2":1.65,"__typeValue":"بيلر"},"geometry":{"type":"Polygon","coordinates":[[[31.512142600565713,30.274472486140702],[31.512135823675212,30.274471556728358],[31.512132806234163,30.27448812866082],[31.512139583124668,30.274489058072998],[31.512142600565713,30.274472486140702]]]}},{"type":"Feature","properties":{"Electric_Facility_Type":"بيلر","Easting":"031° 30' 39.08\" E","Northing":"30° 16' 27.71\" N","Description":null,"ID":"2_3/5/B","sectors":"القطاع الرابع عشر","Implementing":"شركة الكتروالهانى","SHAPE_Length":5.852299296788917,"SHAPE_Area":1.6516168984473532,"__networkId":"electricity","__networkName":"شبكة الكهرباء","__layerId":"electricity_facilities","__layerName":"منشآت شبكة الكهرباء","__assetName":"منشآت الكهرباء","__geometryKind":"polygon","__featureIndex":1201,"__length_m":5.85,"__area_m2":1.65,"__typeValue":"بيلر"},"geometry":{"type":"Polygon","coordinates":[[[31.512537183757647,30.27452308324123],[31.512530406867143,30.27452215382937],[31.512527387629465,30.27453872497747],[31.51253416362167,30.274539655164986],[31.512537183757647,30.27452308324123]]]}},{"type":"Feature","properties":{"Electric_Facility_Type":"بيلر","Easting":"031° 30' 37.24\" E","Northing":"30° 16' 24.34\" N","Description":null,"ID":"2_5/3/B","sectors":"القطاع الرابع عشر","Implementing":"شركة الكتروالهانى","SHAPE_Length":5.852549349214337,"SHAPE_Area":1.6518027682843215,"__networkId":"electricity","__networkName":"شبكة الكهرباء","__layerId":"electricity_facilities","__layerName":"منشآت شبكة الكهرباء","__assetName":"منشآت الكهرباء","__geometryKind":"polygon","__featureIndex":1202,"__length_m":5.85,"__area_m2":1.65,"__typeValue":"بيلر"},"geometry":{"type":"Polygon","coordinates":[[[31.51202579891755,30.2735867188438],[31.512019022027044,30.27358578709561],[31.512016004586,30.27360236072927],[31.5120227814765,30.273603290149826],[31.51202579891755,30.2735867188438]]]}},{"type":"Feature","properties":{"Electric_Facility_Type":"بيلر","Easting":"031° 30' 38.39\" E","Northing":"30° 16' 22.86\" N","Description":null,"ID":"1_5/3/B","sectors":"القطاع الرابع عشر","Implementing":"شركة الكتروالهانى","SHAPE_Length":5.852465854416883,"SHAPE_Area":1.6518983981981115,"__networkId":"electricity","__networkName":"شبكة الكهرباء","__layerId":"electricity_facilities","__layerName":"منشآت شبكة الكهرباء","__assetName":"منشآت الكهرباء","__geometryKind":"polygon","__featureIndex":1203,"__length_m":5.85,"__area_m2":1.65,"__typeValue":"بيلر"},"geometry":{"type":"Polygon","coordinates":[[[31.51234476013222,30.273174470242587],[31.512337983241714,30.27317354004219],[31.512334964004037,30.27319011141798],[31.51234174269117,30.27319104161821],[31.51234476013222,30.273174470242587]]]}},{"type":"Feature","properties":{"Electric_Facility_Type":"بيلر","Easting":"031° 30' 39.81\" E","Northing":"30° 16' 23.01\" N","Description":null,"ID":"4_5/3/B","sectors":"القطاع الرابع عشر","Implementing":"شركة الكتروالهانى","SHAPE_Length":5.852320354544863,"SHAPE_Area":1.6516937364385718,"__networkId":"electricity","__networkName":"شبكة الكهرباء","__layerId":"electricity_facilities","__layerName":"منشآت شبكة الكهرباء","__assetName":"منشآت الكهرباء","__geometryKind":"polygon","__featureIndex":1204,"__length_m":5.85,"__area_m2":1.65,"__typeValue":"بيلر"},"geometry":{"type":"Polygon","coordinates":[[[31.51274093783376,30.27321820129003],[31.512734160943257,30.27321727108999],[31.512731143502208,30.27323384323422],[31.512737920392713,30.273234772658277],[31.51274093783376,30.27321820129003]]]}},{"type":"Feature","properties":{"Electric_Facility_Type":"بيلر","Easting":"031° 30' 38.72\" E","Northing":"30° 16' 20.74\" N","Description":null,"ID":"2_1/2/C","sectors":"القطاع الرابع عشر","Implementing":"شركة الكتروالهانى","SHAPE_Length":5.852122965533086,"SHAPE_Area":1.651560017930188,"__networkId":"electricity","__networkName":"شبكة الكهرباء","__layerId":"electricity_facilities","__layerName":"منشآت شبكة الكهرباء","__assetName":"منشآت الكهرباء","__geometryKind":"polygon","__featureIndex":1205,"__length_m":5.85,"__area_m2":1.65,"__typeValue":"بيلر"},"geometry":{"type":"Polygon","coordinates":[[[31.51243793608842,30.272586674912187],[31.512431160096224,30.27258574470616],[31.5124281426552,30.27260231618119],[31.512434919545704,30.272603246387057],[31.51243793608842,30.272586674912187]]]}},{"type":"Feature","properties":{"Electric_Facility_Type":"بيلر","Easting":"031° 30' 45.74\" E","Northing":"30° 16' 21.55\" N","Description":null,"ID":"1_4/3/B","sectors":"القطاع الرابع عشر","Implementing":"شركة الكتروالهانى","SHAPE_Length":5.8524034056909855,"SHAPE_Area":1.651852819929697,"__networkId":"electricity","__networkName":"شبكة الكهرباء","__layerId":"electricity_facilities","__layerName":"منشآت شبكة الكهرباء","__assetName":"منشآت الكهرباء","__geometryKind":"polygon","__featureIndex":1206,"__length_m":5.85,"__area_m2":1.65,"__typeValue":"بيلر"},"geometry":{"type":"Polygon","coordinates":[[[31.514385538421628,30.27281259678449],[31.51437875973449,30.27281166735644],[31.514375743191774,30.272828238793323],[31.514382520082275,30.272829168221218],[31.514385538421628,30.27281259678449]]]}},{"type":"Feature","properties":{"Electric_Facility_Type":"بيلر","Easting":"031° 30' 43.41\" E","Northing":"30° 16' 21.32\" N","Description":null,"ID":"5_4/3/B","sectors":"القطاع الرابع عشر","Implementing":"شركة الكتروالهانى","SHAPE_Length":5.8521849787099285,"SHAPE_Area":1.6515040974757835,"__networkId":"electricity","__networkName":"شبكة الكهرباء","__layerId":"electricity_facilities","__layerName":"منشآت شبكة الكهرباء","__assetName":"منشآت الكهرباء","__geometryKind":"polygon","__featureIndex":1207,"__length_m":5.85,"__area_m2":1.65,"__typeValue":"بيلر"},"geometry":{"type":"Polygon","coordinates":[[[31.513739195184794,30.272748587256448],[31.51373241919262,30.272747657827793],[31.51372939995494,30.27276422927548],[31.513736175947148,30.272765159479754],[31.513739195184794,30.272748587256448]]]}},{"type":"Feature","properties":{"Electric_Facility_Type":"بيلر","Easting":"031° 30' 43.15\" E","Northing":"30° 16' 22.96\" N","Description":null,"ID":"3_4/3/B","sectors":"القطاع الرابع عشر","Implementing":"شركة الكتروالهانى","SHAPE_Length":5.852777940724128,"SHAPE_Area":1.6520283779017106,"__networkId":"electricity","__networkName":"شبكة الكهرباء","__layerId":"electricity_facilities","__layerName":"منشآت شبكة الكهرباء","__assetName":"منشآت الكهرباء","__geometryKind":"polygon","__featureIndex":1208,"__length_m":5.85,"__area_m2":1.65,"__typeValue":"بيلر"},"geometry":{"type":"Polygon","coordinates":[[[31.51366866216366,30.273202896822124],[31.513661883476527,30.273201965070278],[31.513658866035478,30.273218538768752],[31.513665642925982,30.27321946819296],[31.51366866216366,30.273202896822124]]]}},{"type":"Feature","properties":{"Electric_Facility_Type":"بيلر","Easting":"031° 30' 42.68\" E","Northing":"30° 16' 25.98\" N","Description":null,"ID":"3_6/3/B","sectors":"القطاع الرابع عشر","Implementing":"شركة الكتروالهانى","SHAPE_Length":5.852746720658873,"SHAPE_Area":1.6519364963460093,"__networkId":"electricity","__networkName":"شبكة الكهرباء","__layerId":"electricity_facilities","__layerName":"منشآت شبكة الكهرباء","__assetName":"منشآت الكهرباء","__geometryKind":"polygon","__featureIndex":1209,"__length_m":5.85,"__area_m2":1.65,"__typeValue":"بيلر"},"geometry":{"type":"Polygon","coordinates":[[[31.513536900871024,30.274040907383366],[31.513530122183898,30.2740399764153],[31.513527105641177,30.27405654997227],[31.513533881633347,30.27405747938854],[31.513536900871024,30.274040907383366]]]}},{"type":"Feature","properties":{"Electric_Facility_Type":"بيلر","Easting":"031° 30' 44.58\" E","Northing":"30° 16' 23.08\" N","Description":null,"ID":"2_4/3/B","sectors":"القطاع الرابع عشر","Implementing":"شركة الكتروالهانى","SHAPE_Length":5.852548954176518,"SHAPE_Area":1.6519193260556564,"__networkId":"electricity","__networkName":"شبكة الكهرباء","__layerId":"electricity_facilities","__layerName":"منشآت شبكة الكهرباء","__assetName":"منشآت الكهرباء","__geometryKind":"polygon","__featureIndex":1210,"__length_m":5.85,"__area_m2":1.65,"__typeValue":"بيلر"},"geometry":{"type":"Polygon","coordinates":[[[31.514064141874226,30.273235768026392],[31.514057363187092,30.273234837826518],[31.514054345746043,30.273251409967784],[31.514061122636548,30.273252339391675],[31.514064141874226,30.273235768026392]]]}},{"type":"Feature","properties":{"Electric_Facility_Type":"بيلر","Easting":"031° 30' 47.53\" E","Northing":"30° 16' 20.45\" N","Description":null,"ID":"1_6/2/B","sectors":"القطاع الرابع عشر","Implementing":"شركة الكتروالهانى","SHAPE_Length":5.840438862815567,"SHAPE_Area":1.6515015745550818,"__networkId":"electricity","__networkName":"شبكة الكهرباء","__layerId":"electricity_facilities","__layerName":"منشآت شبكة الكهرباء","__assetName":"منشآت الكهرباء","__geometryKind":"polygon","__featureIndex":1211,"__length_m":5.84,"__area_m2":1.65,"__typeValue":"بيلر"},"geometry":{"type":"Polygon","coordinates":[[[31.51488784937904,30.272520642677474],[31.514890450001808,30.272515132037054],[31.514872567239422,30.272508768771548],[31.514869963921733,30.272514277860665],[31.51488784937904,30.272520642677474]]]}},{"type":"Feature","properties":{"Electric_Facility_Type":"بيلر","Easting":"031° 30' 33.39\" E","Northing":"30° 16' 14.29\" N","Description":null,"ID":"2_3/2/C","sectors":"القطاع الرابع عشر","Implementing":"شركة الكتروالهانى","SHAPE_Length":5.839696703181145,"SHAPE_Area":1.6515035657449517,"__networkId":"electricity","__networkName":"شبكة الكهرباء","__layerId":"electricity_facilities","__layerName":"منشآت شبكة الكهرباء","__assetName":"منشآت الكهرباء","__geometryKind":"polygon","__featureIndex":1212,"__length_m":5.84,"__area_m2":1.65,"__typeValue":"بيلر"},"geometry":{"type":"Polygon","coordinates":[[[31.510960564975527,30.270803709847964],[31.510958554545926,30.270798016790657],[31.510940073505573,30.270802934791526],[31.510942085731802,30.270808627848602],[31.510960564975527,30.270803709847964]]]}},{"type":"Feature","properties":{"Electric_Facility_Type":"بيلر","Easting":"031° 30' 2.39\" E","Northing":"30° 16' 22.74\" N","Description":null,"ID":"3_2/4/C","sectors":"القطاع الخامس عشر","Implementing":"شركة الكتروالهانى","SHAPE_Length":5.852339966627629,"SHAPE_Area":1.6517375799375158,"__networkId":"electricity","__networkName":"شبكة الكهرباء","__layerId":"electricity_facilities","__layerName":"منشآت شبكة الكهرباء","__assetName":"منشآت الكهرباء","__geometryKind":"polygon","__featureIndex":1213,"__length_m":5.85,"__area_m2":1.65,"__typeValue":"بيلر"},"geometry":{"type":"Polygon","coordinates":[[[31.502338904086116,30.273157488458775],[31.50234568726483,30.273156594721385],[31.502342784808146,30.273140007823685],[31.502336000731127,30.273140901561167],[31.502338904086116,30.273157488458775]]]}},{"type":"Feature","properties":{"Electric_Facility_Type":"بيلر","Easting":"031° 30' 5.84\" E","Northing":"30° 16' 22.47\" N","Description":null,"ID":"2_8/3/C","sectors":"القطاع الخامس عشر","Implementing":"شركة الكتروالهانى","SHAPE_Length":5.8526993930006554,"SHAPE_Area":1.6518755614639993,"__networkId":"electricity","__networkName":"شبكة الكهرباء","__layerId":"electricity_facilities","__layerName":"منشآت شبكة الكهرباء","__assetName":"منشآت الكهرباء","__geometryKind":"polygon","__featureIndex":1214,"__length_m":5.85,"__area_m2":1.65,"__typeValue":"بيلر"},"geometry":{"type":"Polygon","coordinates":[[[31.503295568541205,30.27308452936289],[31.503302369686228,30.27308374191139],[31.503299809487665,30.273067110779976],[31.503293008342638,30.273067899783197],[31.503295568541205,30.27308452936289]]]}},{"type":"Feature","properties":{"Electric_Facility_Type":"بيلر","Easting":"031° 30' 19.02\" E","Northing":"30° 16' 28.43\" N","Description":null,"ID":"3_10/5/C","sectors":"القطاع الخامس عشر","Implementing":"شركة الكتروالهانى","SHAPE_Length":5.83900314361037,"SHAPE_Area":1.6517273968047586,"__networkId":"electricity","__networkName":"شبكة الكهرباء","__layerId":"electricity_facilities","__layerName":"منشآت شبكة الكهرباء","__assetName":"منشآت الكهرباء","__geometryKind":"polygon","__featureIndex":1215,"__length_m":5.84,"__area_m2":1.65,"__typeValue":"بيلر"},"geometry":{"type":"Polygon","coordinates":[[[31.50696809791669,30.2747343449971],[31.506968997130286,30.27472844192558],[31.50694983337034,30.274726244856456],[31.506948935055043,30.27473214947967],[31.50696809791669,30.2747343449971]]]}},{"type":"Feature","properties":{"Electric_Facility_Type":"بيلر","Easting":"031° 31' 50.26\" E","Northing":"30° 16' 7.2\" N","Description":null,"ID":"2_3/2/A","sectors":"القطاع السادس عشر","Implementing":"شركة الكتروالهانى","SHAPE_Length":5.840081414613151,"SHAPE_Area":1.6518374627802355,"__networkId":"electricity","__networkName":"شبكة الكهرباء","__layerId":"electricity_facilities","__layerName":"منشآت شبكة الكهرباء","__assetName":"منشآت الكهرباء","__geometryKind":"polygon","__featureIndex":1216,"__length_m":5.84,"__area_m2":1.65,"__typeValue":"بيلر"},"geometry":{"type":"Polygon","coordinates":[[[31.532314021437287,30.268834055225188],[31.532311984956543,30.268828367484502],[31.532293526374076,30.268833349979474],[31.532295564651463,30.268839036944],[31.532314021437287,30.268834055225188]]]}},{"type":"Feature","properties":{"Electric_Facility_Type":"بيلر","Easting":"031° 31' 50.79\" E","Northing":"30° 16' 7.56\" N","Description":null,"ID":"1_3/2/A","sectors":"القطاع السادس عشر","Implementing":"شركة الكتروالهانى","SHAPE_Length":5.839580677535176,"SHAPE_Area":1.6514718065905643,"__networkId":"electricity","__networkName":"شبكة الكهرباء","__layerId":"electricity_facilities","__layerName":"منشآت شبكة الكهرباء","__assetName":"منشآت الكهرباء","__geometryKind":"polygon","__featureIndex":1217,"__length_m":5.84,"__area_m2":1.65,"__typeValue":"بيلر"},"geometry":{"type":"Polygon","coordinates":[[[31.532462288374926,30.268933627485893],[31.53246025189417,30.26892793975098],[31.53244179510838,30.268932922240893],[31.532443831589095,30.268938607647936],[31.532462288374926,30.268933627485893]]]}}]}