{"type":"FeatureCollection","features":[{"type":"Feature","properties":{"Gas_Facility_Type":"ايندكاب","Easting":"031° 33' 43.77\" E","Northing":"30° 16' 30.77\" N","Description":null,"GlobalID":"{3E955EEF-F825-49EA-B166-130968F3AB72}","sectors":"القطاع الثالث","Implementing":"غاز مصر","__networkId":"gas","__networkName":"شبكة الغاز","__layerId":"gas_assets","__layerName":"عناصر شبكة الغاز","__assetName":"عناصر الغاز","__geometryKind":"point","__featureIndex":1,"__typeValue":"ايندكاب"},"geometry":{"type":"Point","coordinates":[31.562158676459738,30.27521354226536]}},{"type":"Feature","properties":{"Gas_Facility_Type":"ايندكاب","Easting":"031° 34' 14.1\" E","Northing":"30° 16' 10.65\" N","Description":null,"GlobalID":"{393355B1-CDEF-4390-B456-38915CE6A364}","sectors":"القطاع الثاني","Implementing":"غاز مصر","__networkId":"gas","__networkName":"شبكة الغاز","__layerId":"gas_assets","__layerName":"عناصر شبكة الغاز","__assetName":"عناصر الغاز","__geometryKind":"point","__featureIndex":2,"__typeValue":"ايندكاب"},"geometry":{"type":"Point","coordinates":[31.570582105217095,30.269625479670957]}},{"type":"Feature","properties":{"Gas_Facility_Type":"ايندكاب","Easting":"031° 34' 14.73\" E","Northing":"30° 16' 21.68\" N","Description":null,"GlobalID":"{92297350-7B86-4D3B-8F6C-8C3D837B8D70}","sectors":"القطاع الثاني","Implementing":"غاز مصر","__networkId":"gas","__networkName":"شبكة الغاز","__layerId":"gas_assets","__layerName":"عناصر شبكة الغاز","__assetName":"عناصر الغاز","__geometryKind":"point","__featureIndex":3,"__typeValue":"ايندكاب"},"geometry":{"type":"Point","coordinates":[31.570759588062693,30.27268847228987]}},{"type":"Feature","properties":{"Gas_Facility_Type":"ايندكاب","Easting":"031° 34' 15.06\" E","Northing":"30° 16' 11.93\" N","Description":null,"GlobalID":"{EF606DB8-787C-415D-A721-98BF0BC19161}","sectors":"القطاع الثاني","Implementing":"غاز مصر","__networkId":"gas","__networkName":"شبكة الغاز","__layerId":"gas_assets","__layerName":"عناصر شبكة الغاز","__assetName":"عناصر الغاز","__geometryKind":"point","__featureIndex":4,"__typeValue":"ايندكاب"},"geometry":{"type":"Point","coordinates":[31.57085111920365,30.2699796670064]}},{"type":"Feature","properties":{"Gas_Facility_Type":"ايندكاب","Easting":"031° 33' 55.41\" E","Northing":"30° 16' 2.05\" N","Description":null,"GlobalID":"{ED7ECA3F-E9DC-480C-8279-AFD6FA6E55BF}","sectors":"القطاع الثاني","Implementing":"غاز مصر","__networkId":"gas","__networkName":"شبكة الغاز","__layerId":"gas_assets","__layerName":"عناصر شبكة الغاز","__assetName":"عناصر الغاز","__geometryKind":"point","__featureIndex":5,"__typeValue":"ايندكاب"},"geometry":{"type":"Point","coordinates":[31.56539297619859,30.26723492127969]}},{"type":"Feature","properties":{"Gas_Facility_Type":"ايندكاب","Easting":"031° 34' 9.38\" E","Northing":"30° 16' 23.09\" N","Description":null,"GlobalID":"{03A9218E-A63E-418E-A127-2BB66E8FD712}","sectors":"القطاع الثاني","Implementing":"غاز مصر","__networkId":"gas","__networkName":"شبكة الغاز","__layerId":"gas_assets","__layerName":"عناصر شبكة الغاز","__assetName":"عناصر الغاز","__geometryKind":"point","__featureIndex":6,"__typeValue":"ايندكاب"},"geometry":{"type":"Point","coordinates":[31.569272767571327,30.27308054012596]}},{"type":"Feature","properties":{"Gas_Facility_Type":"ايندكاب","Easting":"031° 33' 27.17\" E","Northing":"30° 16' 21.57\" N","Description":null,"GlobalID":"{EE3BDAED-634F-4EE4-9A54-AA57B7E3DA6B}","sectors":"القطاع الثالث","Implementing":"غاز مصر","__networkId":"gas","__networkName":"شبكة الغاز","__layerId":"gas_assets","__layerName":"عناصر شبكة الغاز","__assetName":"عناصر الغاز","__geometryKind":"point","__featureIndex":7,"__typeValue":"ايندكاب"},"geometry":{"type":"Point","coordinates":[31.55754669524835,30.27265799352385]}},{"type":"Feature","properties":{"Gas_Facility_Type":"ايندكاب","Easting":"031° 33' 38.51\" E","Northing":"30° 16' 22.76\" N","Description":null,"GlobalID":"{A543290F-427E-4876-BDD3-FDF2367B7559}","sectors":"القطاع الاول","Implementing":"غاز مصر","__networkId":"gas","__networkName":"شبكة الغاز","__layerId":"gas_assets","__layerName":"عناصر شبكة الغاز","__assetName":"عناصر الغاز","__geometryKind":"point","__featureIndex":8,"__typeValue":"ايندكاب"},"geometry":{"type":"Point","coordinates":[31.560696319788494,30.27298992730438]}},{"type":"Feature","properties":{"Gas_Facility_Type":"ايندكاب","Easting":"031° 33' 16.12\" E","Northing":"30° 16' 13.01\" N","Description":null,"GlobalID":"{6779FBA8-2319-4E3E-8AE7-11ABED35EBFA}","sectors":"القطاع الثالث","Implementing":"غاز مصر","__networkId":"gas","__networkName":"شبكة الغاز","__layerId":"gas_assets","__layerName":"عناصر شبكة الغاز","__assetName":"عناصر الغاز","__geometryKind":"point","__featureIndex":9,"__typeValue":"ايندكاب"},"geometry":{"type":"Point","coordinates":[31.554476862664988,30.27028149808616]}},{"type":"Feature","properties":{"Gas_Facility_Type":"ايندكاب","Easting":"031° 34' 5.96\" E","Northing":"30° 16' 28.12\" N","Description":null,"GlobalID":"{A6E65F41-04F1-416D-8D54-D6D665B0868E}","sectors":"القطاع الاول","Implementing":"غاز مصر","__networkId":"gas","__networkName":"شبكة الغاز","__layerId":"gas_assets","__layerName":"عناصر شبكة الغاز","__assetName":"عناصر الغاز","__geometryKind":"point","__featureIndex":10,"__typeValue":"ايندكاب"},"geometry":{"type":"Point","coordinates":[31.568321943962236,30.274478263547486]}},{"type":"Feature","properties":{"Gas_Facility_Type":"ايندكاب","Easting":"031° 33' 48.56\" E","Northing":"30° 16' 4.78\" N","Description":null,"GlobalID":"{3AB8F45C-1CCC-4904-B12F-B01D4BA16F2B}","sectors":"القطاع الثاني","Implementing":"غاز مصر","__networkId":"gas","__networkName":"شبكة الغاز","__layerId":"gas_assets","__layerName":"عناصر شبكة الغاز","__assetName":"عناصر الغاز","__geometryKind":"point","__featureIndex":11,"__typeValue":"ايندكاب"},"geometry":{"type":"Point","coordinates":[31.56348774110913,30.26799491711963]}},{"type":"Feature","properties":{"Gas_Facility_Type":"ايندكاب","Easting":"031° 33' 17.38\" E","Northing":"30° 16' 25.87\" N","Description":null,"GlobalID":"{F02188CC-B217-4181-83D9-2D95452EA82A}","sectors":"القطاع الثالث","Implementing":"غاز مصر","__networkId":"gas","__networkName":"شبكة الغاز","__layerId":"gas_assets","__layerName":"عناصر شبكة الغاز","__assetName":"عناصر الغاز","__geometryKind":"point","__featureIndex":12,"__typeValue":"ايندكاب"},"geometry":{"type":"Point","coordinates":[31.55482784881955,30.273852091371232]}},{"type":"Feature","properties":{"Gas_Facility_Type":"ايندكاب","Easting":"031° 33' 30.65\" E","Northing":"30° 16' 11.53\" N","Description":null,"GlobalID":"{120BCF6F-1E82-4209-97FC-AA51E7B8382B}","sectors":"القطاع الثالث","Implementing":"غاز مصر","__networkId":"gas","__networkName":"شبكة الغاز","__layerId":"gas_assets","__layerName":"عناصر شبكة الغاز","__assetName":"عناصر الغاز","__geometryKind":"point","__featureIndex":13,"__typeValue":"ايندكاب"},"geometry":{"type":"Point","coordinates":[31.55851508451452,30.269870364450423]}},{"type":"Feature","properties":{"Gas_Facility_Type":"ايندكاب","Easting":"031° 34' 9.43\" E","Northing":"30° 16' 12.79\" N","Description":null,"GlobalID":"{CFC55301-A586-4C80-B883-E3300497C1B5}","sectors":"القطاع الثاني","Implementing":"غاز مصر","__networkId":"gas","__networkName":"شبكة الغاز","__layerId":"gas_assets","__layerName":"عناصر شبكة الغاز","__assetName":"عناصر الغاز","__geometryKind":"point","__featureIndex":14,"__typeValue":"ايندكاب"},"geometry":{"type":"Point","coordinates":[31.5692863123692,30.270220463017903]}},{"type":"Feature","properties":{"Gas_Facility_Type":"ايندكاب","Easting":"031° 33' 27.08\" E","Northing":"30° 16' 1.59\" N","Description":null,"GlobalID":"{A3633702-BE26-4693-9D7D-AD985F03AB29}","sectors":"القطاع الثاني","Implementing":"غاز مصر","__networkId":"gas","__networkName":"شبكة الغاز","__layerId":"gas_assets","__layerName":"عناصر شبكة الغاز","__assetName":"عناصر الغاز","__geometryKind":"point","__featureIndex":15,"__typeValue":"ايندكاب"},"geometry":{"type":"Point","coordinates":[31.557521977204985,30.26710908128546]}},{"type":"Feature","properties":{"Gas_Facility_Type":"ايندكاب","Easting":"031° 33' 47.76\" E","Northing":"30° 16' 12.66\" N","Description":null,"GlobalID":"{7697A06C-406F-4C75-B654-5D2D150236F5}","sectors":"القطاع الاول","Implementing":"غاز مصر","__networkId":"gas","__networkName":"شبكة الغاز","__layerId":"gas_assets","__layerName":"عناصر شبكة الغاز","__assetName":"عناصر الغاز","__geometryKind":"point","__featureIndex":16,"__typeValue":"ايندكاب"},"geometry":{"type":"Point","coordinates":[31.563266285730343,30.27018266734123]}},{"type":"Feature","properties":{"Gas_Facility_Type":"ايندكاب","Easting":"031° 34' 12.02\" E","Northing":"30° 16' 14.39\" N","Description":null,"GlobalID":"{01EBAE09-1600-420D-B46D-D9785F961E37}","sectors":"القطاع الثاني","Implementing":"غاز مصر","__networkId":"gas","__networkName":"شبكة الغاز","__layerId":"gas_assets","__layerName":"عناصر شبكة الغاز","__assetName":"عناصر الغاز","__geometryKind":"point","__featureIndex":17,"__typeValue":"ايندكاب"},"geometry":{"type":"Point","coordinates":[31.570005686841995,30.270663043598496]}},{"type":"Feature","properties":{"Gas_Facility_Type":"ايندكاب","Easting":"031° 34' 1.47\" E","Northing":"30° 16' 15.38\" N","Description":null,"GlobalID":"{09D0A9A2-7A5C-44D8-87B1-12D62FAF1899}","sectors":"القطاع الثاني","Implementing":"غاز مصر","__networkId":"gas","__networkName":"شبكة الغاز","__layerId":"gas_assets","__layerName":"عناصر شبكة الغاز","__assetName":"عناصر الغاز","__geometryKind":"point","__featureIndex":18,"__typeValue":"ايندكاب"},"geometry":{"type":"Point","coordinates":[31.567074221761818,30.27093877129146]}},{"type":"Feature","properties":{"Gas_Facility_Type":"ايندكاب","Easting":"031° 33' 49.74\" E","Northing":"30° 16' 11.47\" N","Description":null,"GlobalID":"{23B87846-37D7-4B98-B532-9280BC7D2643}","sectors":"القطاع الاول","Implementing":"غاز مصر","__networkId":"gas","__networkName":"شبكة الغاز","__layerId":"gas_assets","__layerName":"عناصر شبكة الغاز","__assetName":"عناصر الغاز","__geometryKind":"point","__featureIndex":19,"__typeValue":"ايندكاب"},"geometry":{"type":"Point","coordinates":[31.56381762763427,30.26985217566412]}},{"type":"Feature","properties":{"Gas_Facility_Type":"ايندكاب","Easting":"031° 33' 39.96\" E","Northing":"30° 16' 29.64\" N","Description":null,"GlobalID":"{08B3635B-0B69-440D-9AE0-A43C1D394CAE}","sectors":"القطاع الثالث","Implementing":"غاز مصر","__networkId":"gas","__networkName":"شبكة الغاز","__layerId":"gas_assets","__layerName":"عناصر شبكة الغاز","__assetName":"عناصر الغاز","__geometryKind":"point","__featureIndex":20,"__typeValue":"ايندكاب"},"geometry":{"type":"Point","coordinates":[31.561099648978033,30.274899204165692]}},{"type":"Feature","properties":{"Gas_Facility_Type":"ايندكاب","Easting":"031° 33' 48.04\" E","Northing":"30° 15' 53.61\" N","Description":null,"GlobalID":"{559FB7E6-26EE-4464-A299-401A200C8480}","sectors":"القطاع الثاني","Implementing":"غاز مصر","__networkId":"gas","__networkName":"شبكة الغاز","__layerId":"gas_assets","__layerName":"عناصر شبكة الغاز","__assetName":"عناصر الغاز","__geometryKind":"point","__featureIndex":21,"__typeValue":"ايندكاب"},"geometry":{"type":"Point","coordinates":[31.5633448173508,30.264890918724443]}},{"type":"Feature","properties":{"Gas_Facility_Type":"ايندكاب","Easting":"031° 34' 5.86\" E","Northing":"30° 16' 3.3\" N","Description":null,"GlobalID":"{C3930AA7-5D6E-431F-91AD-BDA44F2668CB}","sectors":"القطاع الثاني","Implementing":"غاز مصر","__networkId":"gas","__networkName":"شبكة الغاز","__layerId":"gas_assets","__layerName":"عناصر شبكة الغاز","__assetName":"عناصر الغاز","__geometryKind":"point","__featureIndex":22,"__typeValue":"ايندكاب"},"geometry":{"type":"Point","coordinates":[31.56829514991224,30.26758322304883]}},{"type":"Feature","properties":{"Gas_Facility_Type":"ايندكاب","Easting":"031° 33' 26.68\" E","Northing":"30° 16' 0.35\" N","Description":null,"GlobalID":"{30FF7F48-4C8B-4085-854F-C11F613863BB}","sectors":"القطاع الثاني","Implementing":"غاز مصر","__networkId":"gas","__networkName":"شبكة الغاز","__layerId":"gas_assets","__layerName":"عناصر شبكة الغاز","__assetName":"عناصر الغاز","__geometryKind":"point","__featureIndex":23,"__typeValue":"ايندكاب"},"geometry":{"type":"Point","coordinates":[31.557409730015298,30.266763355255133]}},{"type":"Feature","properties":{"Gas_Facility_Type":"ايندكاب","Easting":"031° 33' 21.27\" E","Northing":"30° 16' 26.8\" N","Description":null,"GlobalID":"{5244A68F-8346-43E0-8A78-A676BB78C54B}","sectors":"القطاع الثالث","Implementing":"غاز مصر","__networkId":"gas","__networkName":"شبكة الغاز","__layerId":"gas_assets","__layerName":"عناصر شبكة الغاز","__assetName":"عناصر الغاز","__geometryKind":"point","__featureIndex":24,"__typeValue":"ايندكاب"},"geometry":{"type":"Point","coordinates":[31.555909126672532,30.27411092003249]}},{"type":"Feature","properties":{"Gas_Facility_Type":"ايندكاب","Easting":"031° 33' 47.14\" E","Northing":"30° 16' 6.84\" N","Description":null,"GlobalID":"{4F08D159-9B26-4193-92E2-38D44CF8B8BA}","sectors":"القطاع الثاني","Implementing":"غاز مصر","__networkId":"gas","__networkName":"شبكة الغاز","__layerId":"gas_assets","__layerName":"عناصر شبكة الغاز","__assetName":"عناصر الغاز","__geometryKind":"point","__featureIndex":25,"__typeValue":"ايندكاب"},"geometry":{"type":"Point","coordinates":[31.563095578876883,30.26856657433686]}},{"type":"Feature","properties":{"Gas_Facility_Type":"ايندكاب","Easting":"031° 34' 9.18\" E","Northing":"30° 16' 5.33\" N","Description":null,"GlobalID":"{CD9F6D0D-C755-4149-86CA-4BD1C4604DA0}","sectors":"القطاع الثاني","Implementing":"غاز مصر","__networkId":"gas","__networkName":"شبكة الغاز","__layerId":"gas_assets","__layerName":"عناصر شبكة الغاز","__assetName":"عناصر الغاز","__geometryKind":"point","__featureIndex":26,"__typeValue":"ايندكاب"},"geometry":{"type":"Point","coordinates":[31.569216512373295,30.268146577154436]}},{"type":"Feature","properties":{"Gas_Facility_Type":"ايندكاب","Easting":"031° 34' 11.88\" E","Northing":"30° 16' 7.92\" N","Description":null,"GlobalID":"{2D30C6B1-115F-45D7-A04C-2EC1527D18EE}","sectors":"القطاع الثاني","Implementing":"غاز مصر","__networkId":"gas","__networkName":"شبكة الغاز","__layerId":"gas_assets","__layerName":"عناصر شبكة الغاز","__assetName":"عناصر الغاز","__geometryKind":"point","__featureIndex":27,"__typeValue":"ايندكاب"},"geometry":{"type":"Point","coordinates":[31.569965529453842,30.26886601161643]}},{"type":"Feature","properties":{"Gas_Facility_Type":"مخفض","Easting":"031° 33' 32.28\" E","Northing":"30° 16' 34.01\" N","Description":null,"GlobalID":"{E486100E-8BDE-490B-A174-6F68DC19CC63}","sectors":"القطاع الثالث","Implementing":"غاز مصر","__networkId":"gas","__networkName":"شبكة الغاز","__layerId":"gas_assets","__layerName":"عناصر شبكة الغاز","__assetName":"عناصر الغاز","__geometryKind":"point","__featureIndex":28,"__typeValue":"مخفض"},"geometry":{"type":"Point","coordinates":[31.558965533035643,30.27611516367244]}},{"type":"Feature","properties":{"Gas_Facility_Type":"مخفض","Easting":"031° 33' 33.84\" E","Northing":"30° 16' 10.57\" N","Description":null,"GlobalID":"{3761B614-535B-4271-A643-452876B11164}","sectors":"القطاع الثاني","Implementing":"غاز مصر","__networkId":"gas","__networkName":"شبكة الغاز","__layerId":"gas_assets","__layerName":"عناصر شبكة الغاز","__assetName":"عناصر الغاز","__geometryKind":"point","__featureIndex":29,"__typeValue":"مخفض"},"geometry":{"type":"Point","coordinates":[31.559398703360593,30.269603692485244]}},{"type":"Feature","properties":{"Gas_Facility_Type":"مخفض","Easting":"031° 33' 29.54\" E","Northing":"30° 16' 36.81\" N","Description":null,"GlobalID":"{AFEDDA24-4C5A-4D3A-9E59-391392111411}","sectors":"القطاع الثالث","Implementing":"غاز مصر","__networkId":"gas","__networkName":"شبكة الغاز","__layerId":"gas_assets","__layerName":"عناصر شبكة الغاز","__assetName":"عناصر الغاز","__geometryKind":"point","__featureIndex":30,"__typeValue":"مخفض"},"geometry":{"type":"Point","coordinates":[31.558204735448488,30.27689058084456]}},{"type":"Feature","properties":{"Gas_Facility_Type":"مخفض","Easting":"031° 33' 41.47\" E","Northing":"30° 16' 41.95\" N","Description":null,"GlobalID":"{9D0D32A3-7437-4EC8-A3BD-889F434E1DBF}","sectors":"القطاع الثالث","Implementing":"غاز مصر","__networkId":"gas","__networkName":"شبكة الغاز","__layerId":"gas_assets","__layerName":"عناصر شبكة الغاز","__assetName":"عناصر الغاز","__geometryKind":"point","__featureIndex":31,"__typeValue":"مخفض"},"geometry":{"type":"Point","coordinates":[31.56151902926507,30.27831879219003]}},{"type":"Feature","properties":{"Gas_Facility_Type":"مخفض","Easting":"031° 33' 37.18\" E","Northing":"30° 16' 44.82\" N","Description":null,"GlobalID":"{AC02BEA2-EE45-4660-AA98-CBCF7FA90FE0}","sectors":"القطاع الثالث","Implementing":"غاز مصر","__networkId":"gas","__networkName":"شبكة الغاز","__layerId":"gas_assets","__layerName":"عناصر شبكة الغاز","__assetName":"عناصر الغاز","__geometryKind":"point","__featureIndex":32,"__typeValue":"مخفض"},"geometry":{"type":"Point","coordinates":[31.560328742648974,30.279116112013465]}},{"type":"Feature","properties":{"Gas_Facility_Type":"مخفض","Easting":"031° 33' 37.12\" E","Northing":"30° 16' 34.68\" N","Description":null,"GlobalID":"{2D8FA3FA-283C-4749-91EB-E50C747DA503}","sectors":"القطاع الثالث","Implementing":"غاز مصر","__networkId":"gas","__networkName":"شبكة الغاز","__layerId":"gas_assets","__layerName":"عناصر شبكة الغاز","__assetName":"عناصر الغاز","__geometryKind":"point","__featureIndex":33,"__typeValue":"مخفض"},"geometry":{"type":"Point","coordinates":[31.560311609979866,30.276301197231255]}},{"type":"Feature","properties":{"Gas_Facility_Type":"مخفض","Easting":"031° 33' 50.09\" E","Northing":"30° 16' 41.78\" N","Description":null,"GlobalID":"{B425EAB6-8A64-4827-AE7C-27257FA013AE}","sectors":"القطاع الثالث","Implementing":"غاز مصر","__networkId":"gas","__networkName":"شبكة الغاز","__layerId":"gas_assets","__layerName":"عناصر شبكة الغاز","__assetName":"عناصر الغاز","__geometryKind":"point","__featureIndex":34,"__typeValue":"مخفض"},"geometry":{"type":"Point","coordinates":[31.56391374916632,30.278271021636773]}},{"type":"Feature","properties":{"Gas_Facility_Type":"مخفض","Easting":"031° 33' 35.12\" E","Northing":"30° 16' 34.62\" N","Description":null,"GlobalID":"{FE53F487-E0D2-4D0C-85C6-5F21B858B168}","sectors":"القطاع الثالث","Implementing":"غاز مصر","__networkId":"gas","__networkName":"شبكة الغاز","__layerId":"gas_assets","__layerName":"عناصر شبكة الغاز","__assetName":"عناصر الغاز","__geometryKind":"point","__featureIndex":35,"__typeValue":"مخفض"},"geometry":{"type":"Point","coordinates":[31.559755604022975,30.276283266422677]}},{"type":"Feature","properties":{"Gas_Facility_Type":"مخفض","Easting":"031° 33' 35.33\" E","Northing":"30° 16' 36.37\" N","Description":null,"GlobalID":"{CE1D270D-79D7-436C-AE81-CF43E0A9EF7C}","sectors":"القطاع الثالث","Implementing":"غاز مصر","__networkId":"gas","__networkName":"شبكة الغاز","__layerId":"gas_assets","__layerName":"عناصر شبكة الغاز","__assetName":"عناصر الغاز","__geometryKind":"point","__featureIndex":36,"__typeValue":"مخفض"},"geometry":{"type":"Point","coordinates":[31.559813209388878,30.27676947077759]}},{"type":"Feature","properties":{"Gas_Facility_Type":"مخفض","Easting":"031° 33' 33.45\" E","Northing":"30° 16' 37.57\" N","Description":null,"GlobalID":"{C226CB37-F175-4229-9045-A50F7CCB3377}","sectors":"القطاع الثالث","Implementing":"غاز مصر","__networkId":"gas","__networkName":"شبكة الغاز","__layerId":"gas_assets","__layerName":"عناصر شبكة الغاز","__assetName":"عناصر الغاز","__geometryKind":"point","__featureIndex":37,"__typeValue":"مخفض"},"geometry":{"type":"Point","coordinates":[31.559291200173913,30.277103607064202]}},{"type":"Feature","properties":{"Gas_Facility_Type":"مخفض","Easting":"031° 33' 58.04\" E","Northing":"30° 16' 10.09\" N","Description":null,"GlobalID":"{FDCFC52E-533F-46AA-9BF6-36EFACEF2488}","sectors":"القطاع الثاني","Implementing":"غاز مصر","__networkId":"gas","__networkName":"شبكة الغاز","__layerId":"gas_assets","__layerName":"عناصر شبكة الغاز","__assetName":"عناصر الغاز","__geometryKind":"point","__featureIndex":38,"__typeValue":"مخفض"},"geometry":{"type":"Point","coordinates":[31.56612121344995,30.269468230421747]}},{"type":"Feature","properties":{"Gas_Facility_Type":"مخفض","Easting":"031° 33' 49.89\" E","Northing":"30° 16' 38.67\" N","Description":null,"GlobalID":"{283E276C-C649-42F2-8DDC-F974710A954D}","sectors":"القطاع الثالث","Implementing":"غاز مصر","__networkId":"gas","__networkName":"شبكة الغاز","__layerId":"gas_assets","__layerName":"عناصر شبكة الغاز","__assetName":"عناصر الغاز","__geometryKind":"point","__featureIndex":39,"__typeValue":"مخفض"},"geometry":{"type":"Point","coordinates":[31.563859675077776,30.277407549633264]}},{"type":"Feature","properties":{"Gas_Facility_Type":"مخفض","Easting":"031° 33' 32.33\" E","Northing":"30° 16' 39.05\" N","Description":null,"GlobalID":"{AC149C27-15EA-4DC1-A9D5-72C10EA2BEC4}","sectors":"القطاع الثالث","Implementing":"غاز مصر","__networkId":"gas","__networkName":"شبكة الغاز","__layerId":"gas_assets","__layerName":"عناصر شبكة الغاز","__assetName":"عناصر الغاز","__geometryKind":"point","__featureIndex":40,"__typeValue":"مخفض"},"geometry":{"type":"Point","coordinates":[31.558981692829292,30.2775140540941]}},{"type":"Feature","properties":{"Gas_Facility_Type":"مخفض","Easting":"031° 33' 39.39\" E","Northing":"30° 16' 43.77\" N","Description":null,"GlobalID":"{483473B1-D9F9-4097-81B4-6B6E5341F6A2}","sectors":"القطاع الثالث","Implementing":"غاز مصر","__networkId":"gas","__networkName":"شبكة الغاز","__layerId":"gas_assets","__layerName":"عناصر شبكة الغاز","__assetName":"عناصر الغاز","__geometryKind":"point","__featureIndex":41,"__typeValue":"مخفض"},"geometry":{"type":"Point","coordinates":[31.560940744190802,30.278824075031302]}},{"type":"Feature","properties":{"Gas_Facility_Type":"مخفض","Easting":"031° 33' 40.13\" E","Northing":"30° 16' 41.59\" N","Description":null,"GlobalID":"{2CC8D476-ADFA-4F33-BDD7-B27AAB57C550}","sectors":"القطاع الثالث","Implementing":"غاز مصر","__networkId":"gas","__networkName":"شبكة الغاز","__layerId":"gas_assets","__layerName":"عناصر شبكة الغاز","__assetName":"عناصر الغاز","__geometryKind":"point","__featureIndex":42,"__typeValue":"مخفض"},"geometry":{"type":"Point","coordinates":[31.56114804301903,30.278218808204542]}},{"type":"Feature","properties":{"Gas_Facility_Type":"مخفض","Easting":"031° 33' 34.5\" E","Northing":"30° 16' 28.9\" N","Description":null,"GlobalID":"{F95C0CA2-2C44-4EDA-B4D7-D039B7B7A43E}","sectors":"القطاع الثالث","Implementing":"غاز مصر","__networkId":"gas","__networkName":"شبكة الغاز","__layerId":"gas_assets","__layerName":"عناصر شبكة الغاز","__assetName":"عناصر الغاز","__geometryKind":"point","__featureIndex":43,"__typeValue":"مخفض"},"geometry":{"type":"Point","coordinates":[31.5595834257291,30.274693146841457]}},{"type":"Feature","properties":{"Gas_Facility_Type":"مخفض","Easting":"031° 33' 53.6\" E","Northing":"30° 16' 39.52\" N","Description":null,"GlobalID":"{448881F0-AC05-4593-8895-44874E7E03B6}","sectors":"القطاع الثالث","Implementing":"غاز مصر","__networkId":"gas","__networkName":"شبكة الغاز","__layerId":"gas_assets","__layerName":"عناصر شبكة الغاز","__assetName":"عناصر الغاز","__geometryKind":"point","__featureIndex":44,"__typeValue":"مخفض"},"geometry":{"type":"Point","coordinates":[31.564889904368098,30.277643405886007]}},{"type":"Feature","properties":{"Gas_Facility_Type":"مخفض","Easting":"031° 33' 47.65\" E","Northing":"30° 16' 42.68\" N","Description":null,"GlobalID":"{723058A9-C464-4FAF-BA29-DC73530E0C81}","sectors":"القطاع الثالث","Implementing":"غاز مصر","__networkId":"gas","__networkName":"شبكة الغاز","__layerId":"gas_assets","__layerName":"عناصر شبكة الغاز","__assetName":"عناصر الغاز","__geometryKind":"point","__featureIndex":45,"__typeValue":"مخفض"},"geometry":{"type":"Point","coordinates":[31.5632374956238,30.278521221377666]}},{"type":"Feature","properties":{"Gas_Facility_Type":"مخفض","Easting":"031° 33' 43.93\" E","Northing":"30° 16' 43.43\" N","Description":null,"GlobalID":"{D2EBF77C-2DC4-4A94-8E74-D403996B0D79}","sectors":"القطاع الثالث","Implementing":"غاز مصر","__networkId":"gas","__networkName":"شبكة الغاز","__layerId":"gas_assets","__layerName":"عناصر شبكة الغاز","__assetName":"عناصر الغاز","__geometryKind":"point","__featureIndex":46,"__typeValue":"مخفض"},"geometry":{"type":"Point","coordinates":[31.56220310713368,30.278731400086382]}},{"type":"Feature","properties":{"Gas_Facility_Type":"مخفض","Easting":"031° 33' 38.1\" E","Northing":"30° 16' 37.01\" N","Description":null,"GlobalID":"{F1A19E87-9844-43A7-AFF9-50E2EE63E56E}","sectors":"القطاع الثالث","Implementing":"غاز مصر","__networkId":"gas","__networkName":"شبكة الغاز","__layerId":"gas_assets","__layerName":"عناصر شبكة الغاز","__assetName":"عناصر الغاز","__geometryKind":"point","__featureIndex":47,"__typeValue":"مخفض"},"geometry":{"type":"Point","coordinates":[31.560583312624065,30.276945935355993]}},{"type":"Feature","properties":{"Gas_Facility_Type":"مخفض","Easting":"031° 33' 39.08\" E","Northing":"30° 16' 41.8\" N","Description":null,"GlobalID":"{C55ABE2C-3868-4B82-99C0-FB15A61C70AB}","sectors":"القطاع الثالث","Implementing":"غاز مصر","__networkId":"gas","__networkName":"شبكة الغاز","__layerId":"gas_assets","__layerName":"عناصر شبكة الغاز","__assetName":"عناصر الغاز","__geometryKind":"point","__featureIndex":48,"__typeValue":"مخفض"},"geometry":{"type":"Point","coordinates":[31.56085475565517,30.27827886004931]}},{"type":"Feature","properties":{"Gas_Facility_Type":"مخفض","Easting":"031° 33' 29.19\" E","Northing":"30° 16' 35.93\" N","Description":null,"GlobalID":"{6D96BDA1-89B2-44C8-8BF3-B4EAE9FA112A}","sectors":"القطاع الثالث","Implementing":"غاز مصر","__networkId":"gas","__networkName":"شبكة الغاز","__layerId":"gas_assets","__layerName":"عناصر شبكة الغاز","__assetName":"عناصر الغاز","__geometryKind":"point","__featureIndex":49,"__typeValue":"مخفض"},"geometry":{"type":"Point","coordinates":[31.558109463722722,30.276646052597577]}},{"type":"Feature","properties":{"Gas_Facility_Type":"مخفض","Easting":"031° 33' 34.25\" E","Northing":"30° 16' 35.64\" N","Description":null,"GlobalID":"{4A24F03A-8CD4-4C5E-97BA-342B8808F6B7}","sectors":"القطاع الثالث","Implementing":"غاز مصر","__networkId":"gas","__networkName":"شبكة الغاز","__layerId":"gas_assets","__layerName":"عناصر شبكة الغاز","__assetName":"عناصر الغاز","__geometryKind":"point","__featureIndex":50,"__typeValue":"مخفض"},"geometry":{"type":"Point","coordinates":[31.559513726344505,30.276567908409348]}},{"type":"Feature","properties":{"Gas_Facility_Type":"مخفض","Easting":"031° 33' 42.89\" E","Northing":"30° 16' 40.71\" N","Description":null,"GlobalID":"{8B70F74B-5C78-4B3D-964C-2A045E7E8CCE}","sectors":"القطاع الثالث","Implementing":"غاز مصر","__networkId":"gas","__networkName":"شبكة الغاز","__layerId":"gas_assets","__layerName":"عناصر شبكة الغاز","__assetName":"عناصر الغاز","__geometryKind":"point","__featureIndex":51,"__typeValue":"مخفض"},"geometry":{"type":"Point","coordinates":[31.561913403149507,30.27797506292153]}},{"type":"Feature","properties":{"Gas_Facility_Type":"مخفض","Easting":"031° 33' 42.47\" E","Northing":"30° 16' 31.82\" N","Description":null,"GlobalID":"{712FC97F-98A0-4A42-A888-74CC097BFF0C}","sectors":"القطاع الثالث","Implementing":"غاز مصر","__networkId":"gas","__networkName":"شبكة الغاز","__layerId":"gas_assets","__layerName":"عناصر شبكة الغاز","__assetName":"عناصر الغاز","__geometryKind":"point","__featureIndex":52,"__typeValue":"مخفض"},"geometry":{"type":"Point","coordinates":[31.56179616402179,30.275504382854436]}},{"type":"Feature","properties":{"Gas_Facility_Type":"مخفض","Easting":"031° 33' 29.1\" E","Northing":"30° 16' 33.71\" N","Description":null,"GlobalID":"{64D3474D-A389-45D4-BDA7-79724E978DC8}","sectors":"القطاع الثالث","Implementing":"غاز مصر","__networkId":"gas","__networkName":"شبكة الغاز","__layerId":"gas_assets","__layerName":"عناصر شبكة الغاز","__assetName":"عناصر الغاز","__geometryKind":"point","__featureIndex":53,"__typeValue":"مخفض"},"geometry":{"type":"Point","coordinates":[31.55808343413903,30.276031586197625]}},{"type":"Feature","properties":{"Gas_Facility_Type":"مخفض","Easting":"031° 33' 32.35\" E","Northing":"30° 16' 35.73\" N","Description":null,"GlobalID":"{9101FF3B-2BEE-408F-BB24-A9E693BC2E0E}","sectors":"القطاع الثالث","Implementing":"غاز مصر","__networkId":"gas","__networkName":"شبكة الغاز","__layerId":"gas_assets","__layerName":"عناصر شبكة الغاز","__assetName":"عناصر الغاز","__geometryKind":"point","__featureIndex":54,"__typeValue":"مخفض"},"geometry":{"type":"Point","coordinates":[31.558986432340742,30.27659208579913]}},{"type":"Feature","properties":{"Gas_Facility_Type":"مخفض","Easting":"031° 33' 38.32\" E","Northing":"30° 16' 28.69\" N","Description":null,"GlobalID":"{45EE6435-CFF2-492A-9919-3D98AEA9280F}","sectors":"القطاع الثالث","Implementing":"غاز مصر","__networkId":"gas","__networkName":"شبكة الغاز","__layerId":"gas_assets","__layerName":"عناصر شبكة الغاز","__assetName":"عناصر الغاز","__geometryKind":"point","__featureIndex":55,"__typeValue":"مخفض"},"geometry":{"type":"Point","coordinates":[31.56064504934199,30.27463630462283]}},{"type":"Feature","properties":{"Gas_Facility_Type":"مخفض","Easting":"031° 33' 51.62\" E","Northing":"30° 16' 41.18\" N","Description":null,"GlobalID":"{437A9CBC-D189-4024-B5DC-AE175C38DAAF}","sectors":"القطاع الثالث","Implementing":"غاز مصر","__networkId":"gas","__networkName":"شبكة الغاز","__layerId":"gas_assets","__layerName":"عناصر شبكة الغاز","__assetName":"عناصر الغاز","__geometryKind":"point","__featureIndex":56,"__typeValue":"مخفض"},"geometry":{"type":"Point","coordinates":[31.564338248952122,30.278104213180196]}},{"type":"Feature","properties":{"Gas_Facility_Type":"مخفض","Easting":"031° 33' 28.02\" E","Northing":"30° 16' 32.64\" N","Description":null,"GlobalID":"{7B625E26-E667-4405-B160-1A3B2A75B21B}","sectors":"القطاع الثالث","Implementing":"غاز مصر","__networkId":"gas","__networkName":"شبكة الغاز","__layerId":"gas_assets","__layerName":"عناصر شبكة الغاز","__assetName":"عناصر الغاز","__geometryKind":"point","__featureIndex":57,"__typeValue":"مخفض"},"geometry":{"type":"Point","coordinates":[31.557782536248087,30.275733680469862]}},{"type":"Feature","properties":{"Gas_Facility_Type":"مخفض","Easting":"031° 33' 35.34\" E","Northing":"30° 16' 26.29\" N","Description":null,"GlobalID":"{CB5C690F-6211-4180-BA86-A78918D570FA}","sectors":"القطاع الثالث","Implementing":"غاز مصر","__networkId":"gas","__networkName":"شبكة الغاز","__layerId":"gas_assets","__layerName":"عناصر شبكة الغاز","__assetName":"عناصر الغاز","__geometryKind":"point","__featureIndex":58,"__typeValue":"مخفض"},"geometry":{"type":"Point","coordinates":[31.559816698445438,30.273968827157958]}},{"type":"Feature","properties":{"Gas_Facility_Type":"مخفض","Easting":"031° 33' 55.03\" E","Northing":"30° 16' 38.33\" N","Description":null,"GlobalID":"{E856D4EF-9734-429F-9D46-7457F7785773}","sectors":"القطاع الثالث","Implementing":"غاز مصر","__networkId":"gas","__networkName":"شبكة الغاز","__layerId":"gas_assets","__layerName":"عناصر شبكة الغاز","__assetName":"عناصر الغاز","__geometryKind":"point","__featureIndex":59,"__typeValue":"مخفض"},"geometry":{"type":"Point","coordinates":[31.565286997452922,30.277313464532654]}},{"type":"Feature","properties":{"Gas_Facility_Type":"مخفض","Easting":"031° 33' 41.36\" E","Northing":"30° 16' 31.0\" N","Description":null,"GlobalID":"{8E94A07C-B17B-4102-8FDE-70224546352F}","sectors":"القطاع الثالث","Implementing":"غاز مصر","__networkId":"gas","__networkName":"شبكة الغاز","__layerId":"gas_assets","__layerName":"عناصر شبكة الغاز","__assetName":"عناصر الغاز","__geometryKind":"point","__featureIndex":60,"__typeValue":"مخفض"},"geometry":{"type":"Point","coordinates":[31.56148914051891,30.275277282536013]}},{"type":"Feature","properties":{"Gas_Facility_Type":"مخفض","Easting":"031° 33' 33.26\" E","Northing":"30° 16' 31.97\" N","Description":null,"GlobalID":"{DC8D2FD2-C75B-4D3F-954F-FF91CEC48B7E}","sectors":"القطاع الثالث","Implementing":"غاز مصر","__networkId":"gas","__networkName":"شبكة الغاز","__layerId":"gas_assets","__layerName":"عناصر شبكة الغاز","__assetName":"عناصر الغاز","__geometryKind":"point","__featureIndex":61,"__typeValue":"مخفض"},"geometry":{"type":"Point","coordinates":[31.559239900083004,30.27554810976057]}},{"type":"Feature","properties":{"Gas_Facility_Type":"مخفض","Easting":"031° 34' 3.34\" E","Northing":"30° 16' 15.57\" N","Description":null,"GlobalID":"{AF23FFD3-FBF0-498F-9E37-739DCBAB71CD}","sectors":"القطاع الثاني","Implementing":"غاز مصر","__networkId":"gas","__networkName":"شبكة الغاز","__layerId":"gas_assets","__layerName":"عناصر شبكة الغاز","__assetName":"عناصر الغاز","__geometryKind":"point","__featureIndex":62,"__typeValue":"مخفض"},"geometry":{"type":"Point","coordinates":[31.567593068907005,30.27099216320439]}},{"type":"Feature","properties":{"Gas_Facility_Type":"مخفض","Easting":"031° 33' 58.16\" E","Northing":"30° 16' 11.82\" N","Description":null,"GlobalID":"{AF26BA9E-5F94-45BD-A908-4433F4E338EB}","sectors":"القطاع الثاني","Implementing":"غاز مصر","__networkId":"gas","__networkName":"شبكة الغاز","__layerId":"gas_assets","__layerName":"عناصر شبكة الغاز","__assetName":"عناصر الغاز","__geometryKind":"point","__featureIndex":63,"__typeValue":"مخفض"},"geometry":{"type":"Point","coordinates":[31.566156447172038,30.269949953928222]}},{"type":"Feature","properties":{"Gas_Facility_Type":"مخفض","Easting":"031° 33' 41.74\" E","Northing":"30° 16' 29.59\" N","Description":null,"GlobalID":"{6ECF2801-BB2F-4D38-B252-053511213EB9}","sectors":"القطاع الثالث","Implementing":"غاز مصر","__networkId":"gas","__networkName":"شبكة الغاز","__layerId":"gas_assets","__layerName":"عناصر شبكة الغاز","__assetName":"عناصر الغاز","__geometryKind":"point","__featureIndex":64,"__typeValue":"مخفض"},"geometry":{"type":"Point","coordinates":[31.56159450841016,30.274884846435928]}},{"type":"Feature","properties":{"Gas_Facility_Type":"مخفض","Easting":"031° 33' 26.35\" E","Northing":"30° 16' 34.39\" N","Description":null,"GlobalID":"{121FEFF3-6B24-4AA5-8733-7D3F8443E014}","sectors":"القطاع الثالث","Implementing":"غاز مصر","__networkId":"gas","__networkName":"شبكة الغاز","__layerId":"gas_assets","__layerName":"عناصر شبكة الغاز","__assetName":"عناصر الغاز","__geometryKind":"point","__featureIndex":65,"__typeValue":"مخفض"},"geometry":{"type":"Point","coordinates":[31.55732009701458,30.276218467076923]}},{"type":"Feature","properties":{"Gas_Facility_Type":"مخفض","Easting":"031° 33' 55.85\" E","Northing":"30° 16' 8.7\" N","Description":null,"GlobalID":"{AF9ABD76-15A4-434F-B725-D13AC718C41F}","sectors":"القطاع الثاني","Implementing":"غاز مصر","__networkId":"gas","__networkName":"شبكة الغاز","__layerId":"gas_assets","__layerName":"عناصر شبكة الغاز","__assetName":"عناصر الغاز","__geometryKind":"point","__featureIndex":66,"__typeValue":"مخفض"},"geometry":{"type":"Point","coordinates":[31.565513042324515,30.26908279017445]}},{"type":"Feature","properties":{"Gas_Facility_Type":"مخفض","Easting":"031° 33' 55.05\" E","Northing":"30° 16' 9.61\" N","Description":null,"GlobalID":"{CD5C9F25-F9A5-4EEF-9C5F-9146327D7181}","sectors":"القطاع الثاني","Implementing":"غاز مصر","__networkId":"gas","__networkName":"شبكة الغاز","__layerId":"gas_assets","__layerName":"عناصر شبكة الغاز","__assetName":"عناصر الغاز","__geometryKind":"point","__featureIndex":67,"__typeValue":"مخفض"},"geometry":{"type":"Point","coordinates":[31.565292523888562,30.26933678393919]}},{"type":"Feature","properties":{"Gas_Facility_Type":"مخفض","Easting":"031° 33' 38.13\" E","Northing":"30° 16' 42.75\" N","Description":null,"GlobalID":"{534D6127-03FA-4B1D-9FA9-57D6EA5C17CD}","sectors":"القطاع الثالث","Implementing":"غاز مصر","__networkId":"gas","__networkName":"شبكة الغاز","__layerId":"gas_assets","__layerName":"عناصر شبكة الغاز","__assetName":"عناصر الغاز","__geometryKind":"point","__featureIndex":68,"__typeValue":"مخفض"},"geometry":{"type":"Point","coordinates":[31.560592769189075,30.27854228046221]}},{"type":"Feature","properties":{"Gas_Facility_Type":"مخفض","Easting":"031° 33' 36.37\" E","Northing":"30° 16' 27.18\" N","Description":null,"GlobalID":"{16EF05EE-F806-4DC9-9C19-2FBB2E6408F0}","sectors":"القطاع الثالث","Implementing":"غاز مصر","__networkId":"gas","__networkName":"شبكة الغاز","__layerId":"gas_assets","__layerName":"عناصر شبكة الغاز","__assetName":"عناصر الغاز","__geometryKind":"point","__featureIndex":69,"__typeValue":"مخفض"},"geometry":{"type":"Point","coordinates":[31.560102006074647,30.274217255066244]}},{"type":"Feature","properties":{"Gas_Facility_Type":"مخفض","Easting":"031° 33' 54.24\" E","Northing":"30° 16' 37.05\" N","Description":null,"GlobalID":"{5E98BD45-3434-447C-8462-7AF6EE746263}","sectors":"القطاع الثالث","Implementing":"غاز مصر","__networkId":"gas","__networkName":"شبكة الغاز","__layerId":"gas_assets","__layerName":"عناصر شبكة الغاز","__assetName":"عناصر الغاز","__geometryKind":"point","__featureIndex":70,"__typeValue":"مخفض"},"geometry":{"type":"Point","coordinates":[31.56506688595382,30.276957554268066]}},{"type":"Feature","properties":{"Gas_Facility_Type":"مخفض","Easting":"031° 33' 36.32\" E","Northing":"30° 16' 24.97\" N","Description":null,"GlobalID":"{A0F61A93-EE9E-45E1-AD8F-B53BCA34A7C2}","sectors":"القطاع الثالث","Implementing":"غاز مصر","__networkId":"gas","__networkName":"شبكة الغاز","__layerId":"gas_assets","__layerName":"عناصر شبكة الغاز","__assetName":"عناصر الغاز","__geometryKind":"point","__featureIndex":71,"__typeValue":"مخفض"},"geometry":{"type":"Point","coordinates":[31.56009006117631,30.273603474016827]}},{"type":"Feature","properties":{"Gas_Facility_Type":"مخفض","Easting":"031° 33' 52.35\" E","Northing":"30° 16' 6.73\" N","Description":null,"GlobalID":"{CC5435C2-1194-4EBB-A92A-9899EE2CB1E8}","sectors":"القطاع الثاني","Implementing":"غاز مصر","__networkId":"gas","__networkName":"شبكة الغاز","__layerId":"gas_assets","__layerName":"عناصر شبكة الغاز","__assetName":"عناصر الغاز","__geometryKind":"point","__featureIndex":72,"__typeValue":"مخفض"},"geometry":{"type":"Point","coordinates":[31.56454222581045,30.268536135411093]}},{"type":"Feature","properties":{"Gas_Facility_Type":"مخفض","Easting":"031° 33' 32.88\" E","Northing":"30° 16' 37.56\" N","Description":null,"GlobalID":"{ABB5E8D7-D496-48F3-A646-7BF54B0EEA7D}","sectors":"القطاع الثالث","Implementing":"غاز مصر","__networkId":"gas","__networkName":"شبكة الغاز","__layerId":"gas_assets","__layerName":"عناصر شبكة الغاز","__assetName":"عناصر الغاز","__geometryKind":"point","__featureIndex":73,"__typeValue":"مخفض"},"geometry":{"type":"Point","coordinates":[31.559133694961893,30.277098791006512]}},{"type":"Feature","properties":{"Gas_Facility_Type":"مخفض","Easting":"031° 33' 35.18\" E","Northing":"30° 16' 38.19\" N","Description":null,"GlobalID":"{204BB6FB-0D71-4A17-A641-25E5F1DF3111}","sectors":"القطاع الثالث","Implementing":"غاز مصر","__networkId":"gas","__networkName":"شبكة الغاز","__layerId":"gas_assets","__layerName":"عناصر شبكة الغاز","__assetName":"عناصر الغاز","__geometryKind":"point","__featureIndex":74,"__typeValue":"مخفض"},"geometry":{"type":"Point","coordinates":[31.55977105684248,30.277274885720946]}},{"type":"Feature","properties":{"Gas_Facility_Type":"مخفض","Easting":"031° 33' 30.51\" E","Northing":"30° 16' 30.99\" N","Description":null,"GlobalID":"{9CECDDEE-A122-4DD6-99DC-644E84C168FF}","sectors":"القطاع الثالث","Implementing":"غاز مصر","__networkId":"gas","__networkName":"شبكة الغاز","__layerId":"gas_assets","__layerName":"عناصر شبكة الغاز","__assetName":"عناصر الغاز","__geometryKind":"point","__featureIndex":75,"__typeValue":"مخفض"},"geometry":{"type":"Point","coordinates":[31.558473881487384,30.275273622326125]}},{"type":"Feature","properties":{"Gas_Facility_Type":"مخفض","Easting":"031° 33' 39.55\" E","Northing":"30° 16' 36.7\" N","Description":null,"GlobalID":"{F9169209-9981-42A2-8F92-B48BD60B6439}","sectors":"القطاع الثالث","Implementing":"غاز مصر","__networkId":"gas","__networkName":"شبكة الغاز","__layerId":"gas_assets","__layerName":"عناصر شبكة الغاز","__assetName":"عناصر الغاز","__geometryKind":"point","__featureIndex":76,"__typeValue":"مخفض"},"geometry":{"type":"Point","coordinates":[31.56098636603082,30.276861423768427]}},{"type":"Feature","properties":{"Gas_Facility_Type":"مخفض","Easting":"031° 33' 43.16\" E","Northing":"30° 16' 38.4\" N","Description":null,"GlobalID":"{A9032F3B-4D07-4931-B31E-5C042B26A2D5}","sectors":"القطاع الثالث","Implementing":"غاز مصر","__networkId":"gas","__networkName":"شبكة الغاز","__layerId":"gas_assets","__layerName":"عناصر شبكة الغاز","__assetName":"عناصر الغاز","__geometryKind":"point","__featureIndex":77,"__typeValue":"مخفض"},"geometry":{"type":"Point","coordinates":[31.561989529979932,30.277333760508238]}},{"type":"Feature","properties":{"Gas_Facility_Type":"مخفض","Easting":"031° 33' 31.67\" E","Northing":"30° 16' 38.51\" N","Description":null,"GlobalID":"{CBB1751A-D732-47AB-90C6-67AF51F56555}","sectors":"القطاع الثالث","Implementing":"غاز مصر","__networkId":"gas","__networkName":"شبكة الغاز","__layerId":"gas_assets","__layerName":"عناصر شبكة الغاز","__assetName":"عناصر الغاز","__geometryKind":"point","__featureIndex":78,"__typeValue":"مخفض"},"geometry":{"type":"Point","coordinates":[31.558796058670765,30.277364727339748]}},{"type":"Feature","properties":{"Gas_Facility_Type":"مخفض","Easting":"031° 33' 39.48\" E","Northing":"30° 16' 27.91\" N","Description":null,"GlobalID":"{81DAAC39-7E52-46E5-AE38-B33FC2014EB3}","sectors":"القطاع الثالث","Implementing":"غاز مصر","__networkId":"gas","__networkName":"شبكة الغاز","__layerId":"gas_assets","__layerName":"عناصر شبكة الغاز","__assetName":"عناصر الغاز","__geometryKind":"point","__featureIndex":79,"__typeValue":"مخفض"},"geometry":{"type":"Point","coordinates":[31.56096752925762,30.27441943825022]}},{"type":"Feature","properties":{"Gas_Facility_Type":"مخفض","Easting":"031° 33' 37.22\" E","Northing":"30° 16' 37.96\" N","Description":null,"GlobalID":"{E2F7D2F8-273B-4120-A73D-BA1ACF632AFF}","sectors":"القطاع الثالث","Implementing":"غاز مصر","__networkId":"gas","__networkName":"شبكة الغاز","__layerId":"gas_assets","__layerName":"عناصر شبكة الغاز","__assetName":"عناصر الغاز","__geometryKind":"point","__featureIndex":80,"__typeValue":"مخفض"},"geometry":{"type":"Point","coordinates":[31.560339918589428,30.277210110303365]}},{"type":"Feature","properties":{"Gas_Facility_Type":"مخفض","Easting":"031° 33' 51.42\" E","Northing":"30° 16' 37.88\" N","Description":null,"GlobalID":"{0A647EDE-6DB5-4ED6-85CE-0F27CF20E8A8}","sectors":"القطاع الثالث","Implementing":"غاز مصر","__networkId":"gas","__networkName":"شبكة الغاز","__layerId":"gas_assets","__layerName":"عناصر شبكة الغاز","__assetName":"عناصر الغاز","__geometryKind":"point","__featureIndex":81,"__typeValue":"مخفض"},"geometry":{"type":"Point","coordinates":[31.564284483884077,30.277187660731943]}},{"type":"Feature","properties":{"Gas_Facility_Type":"مخفض","Easting":"031° 33' 36.36\" E","Northing":"30° 16' 39.28\" N","Description":null,"GlobalID":"{F5055A00-E1F7-460B-B530-B48B80A3FF54}","sectors":"القطاع الثالث","Implementing":"غاز مصر","__networkId":"gas","__networkName":"شبكة الغاز","__layerId":"gas_assets","__layerName":"عناصر شبكة الغاز","__assetName":"عناصر الغاز","__geometryKind":"point","__featureIndex":82,"__typeValue":"مخفض"},"geometry":{"type":"Point","coordinates":[31.560100705314085,30.277577762615316]}},{"type":"Feature","properties":{"Gas_Facility_Type":"مخفض","Easting":"031° 33' 30.32\" E","Northing":"30° 16' 34.31\" N","Description":null,"GlobalID":"{D80F88B1-D0C2-48E3-8A0C-E7C26CBF6834}","sectors":"القطاع الثالث","Implementing":"غاز مصر","__networkId":"gas","__networkName":"شبكة الغاز","__layerId":"gas_assets","__layerName":"عناصر شبكة الغاز","__assetName":"عناصر الغاز","__geometryKind":"point","__featureIndex":83,"__typeValue":"مخفض"},"geometry":{"type":"Point","coordinates":[31.558422671227984,30.276198570402347]}},{"type":"Feature","properties":{"Gas_Facility_Type":"مخفض","Easting":"031° 33' 57.19\" E","Northing":"30° 16' 10.97\" N","Description":null,"GlobalID":"{D7C14C60-C65F-4BE4-BED1-499EEA6A9A83}","sectors":"القطاع الثاني","Implementing":"غاز مصر","__networkId":"gas","__networkName":"شبكة الغاز","__layerId":"gas_assets","__layerName":"عناصر شبكة الغاز","__assetName":"عناصر الغاز","__geometryKind":"point","__featureIndex":84,"__typeValue":"مخفض"},"geometry":{"type":"Point","coordinates":[31.56588585304889,30.269713308777845]}},{"type":"Feature","properties":{"Gas_Facility_Type":"مخفض","Easting":"031° 33' 34.98\" E","Northing":"30° 16' 40.51\" N","Description":null,"GlobalID":"{224862FF-CFD2-414D-B6D3-E3DF273A764E}","sectors":"القطاع الثالث","Implementing":"غاز مصر","__networkId":"gas","__networkName":"شبكة الغاز","__layerId":"gas_assets","__layerName":"عناصر شبكة الغاز","__assetName":"عناصر الغاز","__geometryKind":"point","__featureIndex":85,"__typeValue":"مخفض"},"geometry":{"type":"Point","coordinates":[31.559715823927238,30.277918944075406]}},{"type":"Feature","properties":{"Gas_Facility_Type":"مخفض","Easting":"031° 33' 29.15\" E","Northing":"30° 16' 32.1\" N","Description":null,"GlobalID":"{DD700BDC-0BE3-4949-B2F7-D02971A51279}","sectors":"القطاع الثالث","Implementing":"غاز مصر","__networkId":"gas","__networkName":"شبكة الغاز","__layerId":"gas_assets","__layerName":"عناصر شبكة الغاز","__assetName":"عناصر الغاز","__geometryKind":"point","__featureIndex":86,"__typeValue":"مخفض"},"geometry":{"type":"Point","coordinates":[31.558097358025936,30.27558405930783]}},{"type":"Feature","properties":{"Gas_Facility_Type":"مخفض","Easting":"031° 33' 40.89\" E","Northing":"30° 16' 40.19\" N","Description":null,"GlobalID":"{ADA60AAB-877F-48BC-B4A4-E6A1551FE70A}","sectors":"القطاع الثالث","Implementing":"غاز مصر","__networkId":"gas","__networkName":"شبكة الغاز","__layerId":"gas_assets","__layerName":"عناصر شبكة الغاز","__assetName":"عناصر الغاز","__geometryKind":"point","__featureIndex":87,"__typeValue":"مخفض"},"geometry":{"type":"Point","coordinates":[31.56135886234485,30.277829646783474]}},{"type":"Feature","properties":{"Gas_Facility_Type":"مخفض","Easting":"031° 33' 32.06\" E","Northing":"30° 16' 7.8\" N","Description":null,"GlobalID":"{ECF96AED-14EC-4B42-BD02-967316D3D25D}","sectors":"القطاع الثاني","Implementing":"غاز مصر","__networkId":"gas","__networkName":"شبكة الغاز","__layerId":"gas_assets","__layerName":"عناصر شبكة الغاز","__assetName":"عناصر الغاز","__geometryKind":"point","__featureIndex":88,"__typeValue":"مخفض"},"geometry":{"type":"Point","coordinates":[31.558906018749774,30.26883268119864]}},{"type":"Feature","properties":{"Gas_Facility_Type":"مخفض","Easting":"031° 33' 35.41\" E","Northing":"30° 16' 41.57\" N","Description":null,"GlobalID":"{205E2FD8-EB09-4124-B622-4067A9F671CA}","sectors":"القطاع الثالث","Implementing":"غاز مصر","__networkId":"gas","__networkName":"شبكة الغاز","__layerId":"gas_assets","__layerName":"عناصر شبكة الغاز","__assetName":"عناصر الغاز","__geometryKind":"point","__featureIndex":89,"__typeValue":"مخفض"},"geometry":{"type":"Point","coordinates":[31.559837486359438,30.278213762572566]}},{"type":"Feature","properties":{"Gas_Facility_Type":"مخفض","Easting":"031° 33' 33.41\" E","Northing":"30° 16' 33.29\" N","Description":null,"GlobalID":"{2655B76E-3B22-448B-BCF9-A0D97D569A75}","sectors":"القطاع الثالث","Implementing":"غاز مصر","__networkId":"gas","__networkName":"شبكة الغاز","__layerId":"gas_assets","__layerName":"عناصر شبكة الغاز","__assetName":"عناصر الغاز","__geometryKind":"point","__featureIndex":90,"__typeValue":"مخفض"},"geometry":{"type":"Point","coordinates":[31.55928076534356,30.275914776060837]}},{"type":"Feature","properties":{"Gas_Facility_Type":"مخفض","Easting":"031° 33' 39.07\" E","Northing":"30° 16' 26.13\" N","Description":null,"GlobalID":"{69891236-BD8C-4541-BBEE-7EDC38D42655}","sectors":"القطاع الثالث","Implementing":"غاز مصر","__networkId":"gas","__networkName":"شبكة الغاز","__layerId":"gas_assets","__layerName":"عناصر شبكة الغاز","__assetName":"عناصر الغاز","__geometryKind":"point","__featureIndex":91,"__typeValue":"مخفض"},"geometry":{"type":"Point","coordinates":[31.560852641021008,30.273926049912504]}},{"type":"Feature","properties":{"Gas_Facility_Type":"مخفض","Easting":"031° 33' 43.81\" E","Northing":"30° 16' 42.41\" N","Description":null,"GlobalID":"{02B6020C-1B09-4F53-A357-D90D3DA6EA83}","sectors":"القطاع الثالث","Implementing":"غاز مصر","__networkId":"gas","__networkName":"شبكة الغاز","__layerId":"gas_assets","__layerName":"عناصر شبكة الغاز","__assetName":"عناصر الغاز","__geometryKind":"point","__featureIndex":92,"__typeValue":"مخفض"},"geometry":{"type":"Point","coordinates":[31.562170235082494,30.278447146830196]}},{"type":"Feature","properties":{"Gas_Facility_Type":"مخفض","Easting":"031° 33' 51.62\" E","Northing":"30° 16' 7.68\" N","Description":null,"GlobalID":"{BBB09872-85EB-4010-BA03-35CA62D8B34E}","sectors":"القطاع الثاني","Implementing":"غاز مصر","__networkId":"gas","__networkName":"شبكة الغاز","__layerId":"gas_assets","__layerName":"عناصر شبكة الغاز","__assetName":"عناصر الغاز","__geometryKind":"point","__featureIndex":93,"__typeValue":"مخفض"},"geometry":{"type":"Point","coordinates":[31.56433964044249,30.26880019877147]}},{"type":"Feature","properties":{"Gas_Facility_Type":"مخفض","Easting":"031° 33' 45.6\" E","Northing":"30° 16' 40.98\" N","Description":null,"GlobalID":"{D1B1B95D-710F-4D88-B64F-3D8A3D31D247}","sectors":"القطاع الثالث","Implementing":"غاز مصر","__networkId":"gas","__networkName":"شبكة الغاز","__layerId":"gas_assets","__layerName":"عناصر شبكة الغاز","__assetName":"عناصر الغاز","__geometryKind":"point","__featureIndex":94,"__typeValue":"مخفض"},"geometry":{"type":"Point","coordinates":[31.562666100627766,30.27805136429956]}},{"type":"Feature","properties":{"Gas_Facility_Type":"مخفض","Easting":"031° 33' 37.33\" E","Northing":"30° 16' 24.98\" N","Description":null,"GlobalID":"{41462066-3D3E-48D5-94D9-AADF392022AD}","sectors":"القطاع الثالث","Implementing":"غاز مصر","__networkId":"gas","__networkName":"شبكة الغاز","__layerId":"gas_assets","__layerName":"عناصر شبكة الغاز","__assetName":"عناصر الغاز","__geometryKind":"point","__featureIndex":95,"__typeValue":"مخفض"},"geometry":{"type":"Point","coordinates":[31.56036884254494,30.273605005466006]}},{"type":"Feature","properties":{"Gas_Facility_Type":"مخفض","Easting":"031° 33' 31.44\" E","Northing":"30° 16' 33.25\" N","Description":null,"GlobalID":"{DCD8526E-A462-43CD-8333-606E0CA9AA17}","sectors":"القطاع الثالث","Implementing":"غاز مصر","__networkId":"gas","__networkName":"شبكة الغاز","__layerId":"gas_assets","__layerName":"عناصر شبكة الغاز","__assetName":"عناصر الغاز","__geometryKind":"point","__featureIndex":96,"__typeValue":"مخفض"},"geometry":{"type":"Point","coordinates":[31.55873466331267,30.275902545701236]}},{"type":"Feature","properties":{"Gas_Facility_Type":"مخفض","Easting":"031° 33' 36.83\" E","Northing":"30° 16' 39.63\" N","Description":null,"GlobalID":"{B2E3D24F-2753-4241-801F-09DFB1D29CFC}","sectors":"القطاع الثالث","Implementing":"غاز مصر","__networkId":"gas","__networkName":"شبكة الغاز","__layerId":"gas_assets","__layerName":"عناصر شبكة الغاز","__assetName":"عناصر الغاز","__geometryKind":"point","__featureIndex":97,"__typeValue":"مخفض"},"geometry":{"type":"Point","coordinates":[31.560230627755324,30.27767579539663]}},{"type":"Feature","properties":{"Gas_Facility_Type":"مخفض","Easting":"031° 34' 7.38\" E","Northing":"30° 16' 28.33\" N","Description":null,"GlobalID":"{9BDD3AD5-CE01-4471-B33D-C7FA58512704}","sectors":"القطاع الاول","Implementing":"غاز مصر","__networkId":"gas","__networkName":"شبكة الغاز","__layerId":"gas_assets","__layerName":"عناصر شبكة الغاز","__assetName":"عناصر الغاز","__geometryKind":"point","__featureIndex":98,"__typeValue":"مخفض"},"geometry":{"type":"Point","coordinates":[31.568715605482677,30.274535912692492]}},{"type":"Feature","properties":{"Gas_Facility_Type":"مخفض","Easting":"031° 33' 59.27\" E","Northing":"30° 16' 30.63\" N","Description":null,"GlobalID":"{72EBB5F9-87B1-446B-B4C4-35F7E2ED05B9}","sectors":"القطاع الاول","Implementing":"غاز مصر","__networkId":"gas","__networkName":"شبكة الغاز","__layerId":"gas_assets","__layerName":"عناصر شبكة الغاز","__assetName":"عناصر الغاز","__geometryKind":"point","__featureIndex":99,"__typeValue":"مخفض"},"geometry":{"type":"Point","coordinates":[31.56646476784216,30.275174512665473]}},{"type":"Feature","properties":{"Gas_Facility_Type":"مخفض","Easting":"031° 33' 58.92\" E","Northing":"30° 16' 19.68\" N","Description":null,"GlobalID":"{B13C379B-6ABD-43A2-B036-4CE665AE07BA}","sectors":"القطاع الاول","Implementing":"غاز مصر","__networkId":"gas","__networkName":"شبكة الغاز","__layerId":"gas_assets","__layerName":"عناصر شبكة الغاز","__assetName":"عناصر الغاز","__geometryKind":"point","__featureIndex":100,"__typeValue":"مخفض"},"geometry":{"type":"Point","coordinates":[31.566367661756583,30.27213268290878]}},{"type":"Feature","properties":{"Gas_Facility_Type":"مخفض","Easting":"031° 33' 58.92\" E","Northing":"30° 16' 14.97\" N","Description":null,"GlobalID":"{9DAA06BD-3973-4F27-AC6E-7C7593F64319}","sectors":"القطاع الثاني","Implementing":"غاز مصر","__networkId":"gas","__networkName":"شبكة الغاز","__layerId":"gas_assets","__layerName":"عناصر شبكة الغاز","__assetName":"عناصر الغاز","__geometryKind":"point","__featureIndex":101,"__typeValue":"مخفض"},"geometry":{"type":"Point","coordinates":[31.56636549502012,30.270824980838988]}},{"type":"Feature","properties":{"Gas_Facility_Type":"مخفض","Easting":"031° 33' 59.68\" E","Northing":"30° 16' 19.12\" N","Description":null,"GlobalID":"{0B62C9AB-A750-41F0-8D80-E5644A2105C8}","sectors":"القطاع الاول","Implementing":"غاز مصر","__networkId":"gas","__networkName":"شبكة الغاز","__layerId":"gas_assets","__layerName":"عناصر شبكة الغاز","__assetName":"عناصر الغاز","__geometryKind":"point","__featureIndex":102,"__typeValue":"مخفض"},"geometry":{"type":"Point","coordinates":[31.566577799261104,30.2719785192447]}},{"type":"Feature","properties":{"Gas_Facility_Type":"مخفض","Easting":"031° 33' 52.01\" E","Northing":"30° 16' 28.89\" N","Description":null,"GlobalID":"{DB35B415-0511-437E-8CA3-4B19BF5C9EC5}","sectors":"القطاع الاول","Implementing":"غاز مصر","__networkId":"gas","__networkName":"شبكة الغاز","__layerId":"gas_assets","__layerName":"عناصر شبكة الغاز","__assetName":"عناصر الغاز","__geometryKind":"point","__featureIndex":103,"__typeValue":"مخفض"},"geometry":{"type":"Point","coordinates":[31.564447657465546,30.274692879189914]}},{"type":"Feature","properties":{"Gas_Facility_Type":"مخفض","Easting":"031° 34' 14.21\" E","Northing":"30° 16' 12.07\" N","Description":null,"GlobalID":"{BD764180-2AB8-47C5-B7CC-9759BA3E815C}","sectors":"القطاع الثاني","Implementing":"غاز مصر","__networkId":"gas","__networkName":"شبكة الغاز","__layerId":"gas_assets","__layerName":"عناصر شبكة الغاز","__assetName":"عناصر الغاز","__geometryKind":"point","__featureIndex":104,"__typeValue":"مخفض"},"geometry":{"type":"Point","coordinates":[31.57061302702578,30.270019754588034]}},{"type":"Feature","properties":{"Gas_Facility_Type":"مخفض","Easting":"031° 34' 2.1\" E","Northing":"30° 16' 21.2\" N","Description":null,"GlobalID":"{D53E8FB4-D8AC-480E-8FBC-5EF6B5B47CB7}","sectors":"القطاع الاول","Implementing":"غاز مصر","__networkId":"gas","__networkName":"شبكة الغاز","__layerId":"gas_assets","__layerName":"عناصر شبكة الغاز","__assetName":"عناصر الغاز","__geometryKind":"point","__featureIndex":105,"__typeValue":"مخفض"},"geometry":{"type":"Point","coordinates":[31.56725136504428,30.272556338089302]}},{"type":"Feature","properties":{"Gas_Facility_Type":"مخفض","Easting":"031° 34' 1.61\" E","Northing":"30° 16' 25.31\" N","Description":null,"GlobalID":"{32A0E101-C6B7-4FCF-B6A2-9D2969670AF8}","sectors":"القطاع الاول","Implementing":"غاز مصر","__networkId":"gas","__networkName":"شبكة الغاز","__layerId":"gas_assets","__layerName":"عناصر شبكة الغاز","__assetName":"عناصر الغاز","__geometryKind":"point","__featureIndex":106,"__typeValue":"مخفض"},"geometry":{"type":"Point","coordinates":[31.567113806923146,30.27369787687673]}},{"type":"Feature","properties":{"Gas_Facility_Type":"مخفض","Easting":"031° 33' 51.18\" E","Northing":"30° 16' 8.73\" N","Description":null,"GlobalID":"{C1A3B936-4FC4-4E80-AA73-275A7C736D48}","sectors":"القطاع الثاني","Implementing":"غاز مصر","__networkId":"gas","__networkName":"شبكة الغاز","__layerId":"gas_assets","__layerName":"عناصر شبكة الغاز","__assetName":"عناصر الغاز","__geometryKind":"point","__featureIndex":107,"__typeValue":"مخفض"},"geometry":{"type":"Point","coordinates":[31.564215791510925,30.26909219808102]}},{"type":"Feature","properties":{"Gas_Facility_Type":"مخفض","Easting":"031° 33' 49.87\" E","Northing":"30° 16' 8.72\" N","Description":null,"GlobalID":"{A8E879C2-CFD7-4717-A534-A7C26E45841C}","sectors":"القطاع الثاني","Implementing":"غاز مصر","__networkId":"gas","__networkName":"شبكة الغاز","__layerId":"gas_assets","__layerName":"عناصر شبكة الغاز","__assetName":"عناصر الغاز","__geometryKind":"point","__featureIndex":108,"__typeValue":"مخفض"},"geometry":{"type":"Point","coordinates":[31.56385414145562,30.269088654793165]}},{"type":"Feature","properties":{"Gas_Facility_Type":"مخفض","Easting":"031° 34' 10.34\" E","Northing":"30° 16' 9.86\" N","Description":null,"GlobalID":"{217559B4-9ADF-4D7F-A979-0EF20B16A289}","sectors":"القطاع الثاني","Implementing":"غاز مصر","__networkId":"gas","__networkName":"شبكة الغاز","__layerId":"gas_assets","__layerName":"عناصر شبكة الغاز","__assetName":"عناصر الغاز","__geometryKind":"point","__featureIndex":109,"__typeValue":"مخفض"},"geometry":{"type":"Point","coordinates":[31.56953856019929,30.2694055112678]}},{"type":"Feature","properties":{"Gas_Facility_Type":"مخفض","Easting":"031° 33' 56.37\" E","Northing":"30° 16' 2.88\" N","Description":null,"GlobalID":"{83133C0F-9F4F-4A9C-874B-412103370DAF}","sectors":"القطاع الثاني","Implementing":"غاز مصر","__networkId":"gas","__networkName":"شبكة الغاز","__layerId":"gas_assets","__layerName":"عناصر شبكة الغاز","__assetName":"عناصر الغاز","__geometryKind":"point","__featureIndex":110,"__typeValue":"مخفض"},"geometry":{"type":"Point","coordinates":[31.5656592197808,30.267465548637865]}},{"type":"Feature","properties":{"Gas_Facility_Type":"مخفض","Easting":"031° 33' 56.8\" E","Northing":"30° 16' 36.8\" N","Description":null,"GlobalID":"{0BB5B47C-8EFB-4937-99ED-D402C548894A}","sectors":"القطاع الاول","Implementing":"غاز مصر","__networkId":"gas","__networkName":"شبكة الغاز","__layerId":"gas_assets","__layerName":"عناصر شبكة الغاز","__assetName":"عناصر الغاز","__geometryKind":"point","__featureIndex":111,"__typeValue":"مخفض"},"geometry":{"type":"Point","coordinates":[31.56577775966905,30.276888594837118]}},{"type":"Feature","properties":{"Gas_Facility_Type":"مخفض","Easting":"031° 34' 6.18\" E","Northing":"30° 16' 7.76\" N","Description":null,"GlobalID":"{F07AA9C5-766E-4B6E-AB83-38CDA81C7D42}","sectors":"القطاع الثاني","Implementing":"غاز مصر","__networkId":"gas","__networkName":"شبكة الغاز","__layerId":"gas_assets","__layerName":"عناصر شبكة الغاز","__assetName":"عناصر الغاز","__geometryKind":"point","__featureIndex":112,"__typeValue":"مخفض"},"geometry":{"type":"Point","coordinates":[31.56838279853454,30.268822102512694]}},{"type":"Feature","properties":{"Gas_Facility_Type":"مخفض","Easting":"031° 33' 57.18\" E","Northing":"30° 16' 21.09\" N","Description":null,"GlobalID":"{80B5E574-EB07-463E-8560-7F98CF4D1CA0}","sectors":"القطاع الاول","Implementing":"غاز مصر","__networkId":"gas","__networkName":"شبكة الغاز","__layerId":"gas_assets","__layerName":"عناصر شبكة الغاز","__assetName":"عناصر الغاز","__geometryKind":"point","__featureIndex":113,"__typeValue":"مخفض"},"geometry":{"type":"Point","coordinates":[31.565883073661407,30.27252395231994]}},{"type":"Feature","properties":{"Gas_Facility_Type":"مخفض","Easting":"031° 33' 59.38\" E","Northing":"30° 16' 23.12\" N","Description":null,"GlobalID":"{AFA40A28-BC68-4814-A7EC-DE1E446FDA17}","sectors":"القطاع الاول","Implementing":"غاز مصر","__networkId":"gas","__networkName":"شبكة الغاز","__layerId":"gas_assets","__layerName":"عناصر شبكة الغاز","__assetName":"عناصر الغاز","__geometryKind":"point","__featureIndex":114,"__typeValue":"مخفض"},"geometry":{"type":"Point","coordinates":[31.566495377037153,30.27308920985009]}},{"type":"Feature","properties":{"Gas_Facility_Type":"مخفض","Easting":"031° 33' 55.59\" E","Northing":"30° 16' 12.51\" N","Description":null,"GlobalID":"{34E8AC68-DE7E-42F5-BF5E-5F8C3178F5B7}","sectors":"القطاع الثاني","Implementing":"غاز مصر","__networkId":"gas","__networkName":"شبكة الغاز","__layerId":"gas_assets","__layerName":"عناصر شبكة الغاز","__assetName":"عناصر الغاز","__geometryKind":"point","__featureIndex":115,"__typeValue":"مخفض"},"geometry":{"type":"Point","coordinates":[31.56544225328347,30.27014303989775]}},{"type":"Feature","properties":{"Gas_Facility_Type":"مخفض","Easting":"031° 34' 8.37\" E","Northing":"30° 16' 27.66\" N","Description":null,"GlobalID":"{A773CF5B-FFAD-4913-B002-4EEA868FD641}","sectors":"القطاع الاول","Implementing":"غاز مصر","__networkId":"gas","__networkName":"شبكة الغاز","__layerId":"gas_assets","__layerName":"عناصر شبكة الغاز","__assetName":"عناصر الغاز","__geometryKind":"point","__featureIndex":116,"__typeValue":"مخفض"},"geometry":{"type":"Point","coordinates":[31.56899107386454,30.27434863217339]}},{"type":"Feature","properties":{"Gas_Facility_Type":"مخفض","Easting":"031° 34' 6.89\" E","Northing":"30° 16' 8.34\" N","Description":null,"GlobalID":"{9F17D52B-01D6-4734-A742-916060435F30}","sectors":"القطاع الثاني","Implementing":"غاز مصر","__networkId":"gas","__networkName":"شبكة الغاز","__layerId":"gas_assets","__layerName":"عناصر شبكة الغاز","__assetName":"عناصر الغاز","__geometryKind":"point","__featureIndex":117,"__typeValue":"مخفض"},"geometry":{"type":"Point","coordinates":[31.568581069294144,30.26898440278286]}},{"type":"Feature","properties":{"Gas_Facility_Type":"مخفض","Easting":"031° 33' 49.36\" E","Northing":"30° 16' 27.02\" N","Description":null,"GlobalID":"{216A9625-4544-4B40-B37A-F22D0570982F}","sectors":"القطاع الاول","Implementing":"غاز مصر","__networkId":"gas","__networkName":"شبكة الغاز","__layerId":"gas_assets","__layerName":"عناصر شبكة الغاز","__assetName":"عناصر الغاز","__geometryKind":"point","__featureIndex":118,"__typeValue":"مخفض"},"geometry":{"type":"Point","coordinates":[31.56371218428453,30.2741731536289]}},{"type":"Feature","properties":{"Gas_Facility_Type":"مخفض","Easting":"031° 33' 49.54\" E","Northing":"30° 16' 31.09\" N","Description":null,"GlobalID":"{9A45A5CB-D23D-40FA-967D-CF7215F9172C}","sectors":"القطاع الاول","Implementing":"غاز مصر","__networkId":"gas","__networkName":"شبكة الغاز","__layerId":"gas_assets","__layerName":"عناصر شبكة الغاز","__assetName":"عناصر الغاز","__geometryKind":"point","__featureIndex":119,"__typeValue":"مخفض"},"geometry":{"type":"Point","coordinates":[31.563759830927214,30.275303214320132]}},{"type":"Feature","properties":{"Gas_Facility_Type":"مخفض","Easting":"031° 34' 1.69\" E","Northing":"30° 16' 9.02\" N","Description":null,"GlobalID":"{0ABD19E7-B547-486C-A561-FD70D7A822A0}","sectors":"القطاع الثاني","Implementing":"غاز مصر","__networkId":"gas","__networkName":"شبكة الغاز","__layerId":"gas_assets","__layerName":"عناصر شبكة الغاز","__assetName":"عناصر الغاز","__geometryKind":"point","__featureIndex":120,"__typeValue":"مخفض"},"geometry":{"type":"Point","coordinates":[31.567136529808263,30.269171625262164]}},{"type":"Feature","properties":{"Gas_Facility_Type":"مخفض","Easting":"031° 34' 1.18\" E","Northing":"30° 16' 21.92\" N","Description":null,"GlobalID":"{6E430847-60AE-4BCB-823C-EBC252B48DF2}","sectors":"القطاع الاول","Implementing":"غاز مصر","__networkId":"gas","__networkName":"شبكة الغاز","__layerId":"gas_assets","__layerName":"عناصر شبكة الغاز","__assetName":"عناصر الغاز","__geometryKind":"point","__featureIndex":121,"__typeValue":"مخفض"},"geometry":{"type":"Point","coordinates":[31.566994330092054,30.27275453544442]}},{"type":"Feature","properties":{"Gas_Facility_Type":"مخفض","Easting":"031° 34' 11.17\" E","Northing":"30° 16' 12.36\" N","Description":null,"GlobalID":"{6E80E3A0-F51E-4ED3-BE8C-8E8D3D85AFCE}","sectors":"القطاع الثاني","Implementing":"غاز مصر","__networkId":"gas","__networkName":"شبكة الغاز","__layerId":"gas_assets","__layerName":"عناصر شبكة الغاز","__assetName":"عناصر الغاز","__geometryKind":"point","__featureIndex":122,"__typeValue":"مخفض"},"geometry":{"type":"Point","coordinates":[31.56976947214306,30.270100878551954]}},{"type":"Feature","properties":{"Gas_Facility_Type":"مخفض","Easting":"031° 34' 3.75\" E","Northing":"30° 16' 27.34\" N","Description":null,"GlobalID":"{676D6007-F60E-4C3D-AE11-39838380846C}","sectors":"القطاع الاول","Implementing":"غاز مصر","__networkId":"gas","__networkName":"شبكة الغاز","__layerId":"gas_assets","__layerName":"عناصر شبكة الغاز","__assetName":"عناصر الغاز","__geometryKind":"point","__featureIndex":123,"__typeValue":"مخفض"},"geometry":{"type":"Point","coordinates":[31.56770937019359,30.274262074103408]}},{"type":"Feature","properties":{"Gas_Facility_Type":"مخفض","Easting":"031° 34' 8.38\" E","Northing":"30° 16' 12.17\" N","Description":null,"GlobalID":"{4CD3C5D9-E592-43E6-9771-42B07A983689}","sectors":"القطاع الثاني","Implementing":"غاز مصر","__networkId":"gas","__networkName":"شبكة الغاز","__layerId":"gas_assets","__layerName":"عناصر شبكة الغاز","__assetName":"عناصر الغاز","__geometryKind":"point","__featureIndex":124,"__typeValue":"مخفض"},"geometry":{"type":"Point","coordinates":[31.568993700538424,30.270047089700853]}},{"type":"Feature","properties":{"Gas_Facility_Type":"مخفض","Easting":"031° 34' 3.28\" E","Northing":"30° 16' 1.97\" N","Description":null,"GlobalID":"{BC9C6E70-5E9B-4808-9901-8E2FA4FB6FB6}","sectors":"القطاع الثاني","Implementing":"غاز مصر","__networkId":"gas","__networkName":"شبكة الغاز","__layerId":"gas_assets","__layerName":"عناصر شبكة الغاز","__assetName":"عناصر الغاز","__geometryKind":"point","__featureIndex":125,"__typeValue":"مخفض"},"geometry":{"type":"Point","coordinates":[31.56757846769038,30.26721381321738]}},{"type":"Feature","properties":{"Gas_Facility_Type":"مخفض","Easting":"031° 33' 47.24\" E","Northing":"30° 16' 25.06\" N","Description":null,"GlobalID":"{42D02238-0140-44F8-B89A-9C8C9A3035E7}","sectors":"القطاع الاول","Implementing":"غاز مصر","__networkId":"gas","__networkName":"شبكة الغاز","__layerId":"gas_assets","__layerName":"عناصر شبكة الغاز","__assetName":"عناصر الغاز","__geometryKind":"point","__featureIndex":126,"__typeValue":"مخفض"},"geometry":{"type":"Point","coordinates":[31.56312114492987,30.27362888877792]}},{"type":"Feature","properties":{"Gas_Facility_Type":"مخفض","Easting":"031° 33' 57.71\" E","Northing":"30° 16' 36.07\" N","Description":null,"GlobalID":"{CBA52732-5513-4863-849C-09E3F3123FB2}","sectors":"القطاع الاول","Implementing":"غاز مصر","__networkId":"gas","__networkName":"شبكة الغاز","__layerId":"gas_assets","__layerName":"عناصر شبكة الغاز","__assetName":"عناصر الغاز","__geometryKind":"point","__featureIndex":127,"__typeValue":"مخفض"},"geometry":{"type":"Point","coordinates":[31.566030612963658,30.276685097903766]}},{"type":"Feature","properties":{"Gas_Facility_Type":"مخفض","Easting":"031° 33' 59.18\" E","Northing":"30° 16' 34.7\" N","Description":null,"GlobalID":"{8EEAD441-30F0-4E83-8036-749E90B05EB0}","sectors":"القطاع الاول","Implementing":"غاز مصر","__networkId":"gas","__networkName":"شبكة الغاز","__layerId":"gas_assets","__layerName":"عناصر شبكة الغاز","__assetName":"عناصر الغاز","__geometryKind":"point","__featureIndex":128,"__typeValue":"مخفض"},"geometry":{"type":"Point","coordinates":[31.56643797648712,30.27630461070197]}},{"type":"Feature","properties":{"Gas_Facility_Type":"مخفض","Easting":"031° 33' 52.0\" E","Northing":"30° 16' 33.07\" N","Description":null,"GlobalID":"{D88042C4-9F83-416E-903D-C11695075D9D}","sectors":"القطاع الاول","Implementing":"غاز مصر","__networkId":"gas","__networkName":"شبكة الغاز","__layerId":"gas_assets","__layerName":"عناصر شبكة الغاز","__assetName":"عناصر الغاز","__geometryKind":"point","__featureIndex":129,"__typeValue":"مخفض"},"geometry":{"type":"Point","coordinates":[31.56444519338671,30.275853487708076]}},{"type":"Feature","properties":{"Gas_Facility_Type":"مخفض","Easting":"031° 33' 58.05\" E","Northing":"30° 16' 6.59\" N","Description":null,"GlobalID":"{091D4078-2312-4F3C-877E-E0F03A768290}","sectors":"القطاع الثاني","Implementing":"غاز مصر","__networkId":"gas","__networkName":"شبكة الغاز","__layerId":"gas_assets","__layerName":"عناصر شبكة الغاز","__assetName":"عناصر الغاز","__geometryKind":"point","__featureIndex":130,"__typeValue":"مخفض"},"geometry":{"type":"Point","coordinates":[31.566125801146125,30.26849783323142]}},{"type":"Feature","properties":{"Gas_Facility_Type":"مخفض","Easting":"031° 34' 4.2\" E","Northing":"30° 16' 6.2\" N","Description":null,"GlobalID":"{BF9815F1-6D7C-4C27-859A-7A791357A39E}","sectors":"القطاع الثاني","Implementing":"غاز مصر","__networkId":"gas","__networkName":"شبكة الغاز","__layerId":"gas_assets","__layerName":"عناصر شبكة الغاز","__assetName":"عناصر الغاز","__geometryKind":"point","__featureIndex":131,"__typeValue":"مخفض"},"geometry":{"type":"Point","coordinates":[31.567833847945856,30.268388038687547]}},{"type":"Feature","properties":{"Gas_Facility_Type":"مخفض","Easting":"031° 34' 6.19\" E","Northing":"30° 16' 25.52\" N","Description":null,"GlobalID":"{68CF0BA1-29F9-46A4-9BD7-C131D28B6122}","sectors":"القطاع الاول","Implementing":"غاز مصر","__networkId":"gas","__networkName":"شبكة الغاز","__layerId":"gas_assets","__layerName":"عناصر شبكة الغاز","__assetName":"عناصر الغاز","__geometryKind":"point","__featureIndex":132,"__typeValue":"مخفض"},"geometry":{"type":"Point","coordinates":[31.568386449287846,30.273756774756695]}},{"type":"Feature","properties":{"Gas_Facility_Type":"مخفض","Easting":"031° 33' 48.26\" E","Northing":"30° 16' 28.66\" N","Description":null,"GlobalID":"{7B8A5A75-486C-44F0-BCD7-3259E3471293}","sectors":"القطاع الاول","Implementing":"غاز مصر","__networkId":"gas","__networkName":"شبكة الغاز","__layerId":"gas_assets","__layerName":"عناصر شبكة الغاز","__assetName":"عناصر الغاز","__geometryKind":"point","__featureIndex":133,"__typeValue":"مخفض"},"geometry":{"type":"Point","coordinates":[31.563404926321383,30.274627697099536]}},{"type":"Feature","properties":{"Gas_Facility_Type":"مخفض","Easting":"031° 34' 2.38\" E","Northing":"30° 16' 16.4\" N","Description":null,"GlobalID":"{1B73EB03-8A77-449F-9E0D-DBA1AA7EF470}","sectors":"القطاع الثاني","Implementing":"غاز مصر","__networkId":"gas","__networkName":"شبكة الغاز","__layerId":"gas_assets","__layerName":"عناصر شبكة الغاز","__assetName":"عناصر الغاز","__geometryKind":"point","__featureIndex":134,"__typeValue":"مخفض"},"geometry":{"type":"Point","coordinates":[31.56732742270443,30.271221242491425]}},{"type":"Feature","properties":{"Gas_Facility_Type":"مخفض","Easting":"031° 33' 57.33\" E","Northing":"30° 16' 1.64\" N","Description":null,"GlobalID":"{E26834F8-8E29-4D5B-A6E0-11B0B9B05D46}","sectors":"القطاع الثاني","Implementing":"غاز مصر","__networkId":"gas","__networkName":"شبكة الغاز","__layerId":"gas_assets","__layerName":"عناصر شبكة الغاز","__assetName":"عناصر الغاز","__geometryKind":"point","__featureIndex":135,"__typeValue":"مخفض"},"geometry":{"type":"Point","coordinates":[31.565925489414152,30.267121092396113]}},{"type":"Feature","properties":{"Gas_Facility_Type":"مخفض","Easting":"031° 33' 45.0\" E","Northing":"30° 16' 27.41\" N","Description":null,"GlobalID":"{F79CFF37-E898-48A4-879D-49EA201FDBAB}","sectors":"القطاع الاول","Implementing":"غاز مصر","__networkId":"gas","__networkName":"شبكة الغاز","__layerId":"gas_assets","__layerName":"عناصر شبكة الغاز","__assetName":"عناصر الغاز","__geometryKind":"point","__featureIndex":136,"__typeValue":"مخفض"},"geometry":{"type":"Point","coordinates":[31.562499011289983,30.27428185790305]}},{"type":"Feature","properties":{"Gas_Facility_Type":"مخفض","Easting":"031° 33' 54.38\" E","Northing":"30° 16' 34.9\" N","Description":null,"GlobalID":"{45465E12-8050-48E0-B619-2AF80CA03939}","sectors":"القطاع الاول","Implementing":"غاز مصر","__networkId":"gas","__networkName":"شبكة الغاز","__layerId":"gas_assets","__layerName":"عناصر شبكة الغاز","__assetName":"عناصر الغاز","__geometryKind":"point","__featureIndex":137,"__typeValue":"مخفض"},"geometry":{"type":"Point","coordinates":[31.565104920622925,30.276360382142254]}},{"type":"Feature","properties":{"Gas_Facility_Type":"مخفض","Easting":"031° 33' 57.57\" E","Northing":"30° 16' 17.14\" N","Description":null,"GlobalID":"{DD86B870-E8E5-4530-8A0A-366C8E9A283C}","sectors":"القطاع الاول","Implementing":"غاز مصر","__networkId":"gas","__networkName":"شبكة الغاز","__layerId":"gas_assets","__layerName":"عناصر شبكة الغاز","__assetName":"عناصر الغاز","__geometryKind":"point","__featureIndex":138,"__typeValue":"مخفض"},"geometry":{"type":"Point","coordinates":[31.565992854077326,30.27142729003609]}},{"type":"Feature","properties":{"Gas_Facility_Type":"مخفض","Easting":"031° 34' 1.26\" E","Northing":"30° 16' 4.09\" N","Description":null,"GlobalID":"{2C7C9324-1A6E-4243-986A-CC3E2F0E7E3E}","sectors":"القطاع الثاني","Implementing":"غاز مصر","__networkId":"gas","__networkName":"شبكة الغاز","__layerId":"gas_assets","__layerName":"عناصر شبكة الغاز","__assetName":"عناصر الغاز","__geometryKind":"point","__featureIndex":139,"__typeValue":"مخفض"},"geometry":{"type":"Point","coordinates":[31.5670165382425,30.267802747090272]}},{"type":"Feature","properties":{"Gas_Facility_Type":"مخفض","Easting":"031° 34' 9.51\" E","Northing":"30° 16' 10.71\" N","Description":null,"GlobalID":"{EE6DBD61-F8C0-4039-9589-A06EC7BAFEF0}","sectors":"القطاع الثاني","Implementing":"غاز مصر","__networkId":"gas","__networkName":"شبكة الغاز","__layerId":"gas_assets","__layerName":"عناصر شبكة الغاز","__assetName":"عناصر الغاز","__geometryKind":"point","__featureIndex":140,"__typeValue":"مخفض"},"geometry":{"type":"Point","coordinates":[31.56930788630906,30.269641096584916]}},{"type":"Feature","properties":{"Gas_Facility_Type":"مخفض","Easting":"031° 33' 45.59\" E","Northing":"30° 16' 26.82\" N","Description":null,"GlobalID":"{D447CB58-C27C-4265-87B5-5417793AA408}","sectors":"القطاع الاول","Implementing":"غاز مصر","__networkId":"gas","__networkName":"شبكة الغاز","__layerId":"gas_assets","__layerName":"عناصر شبكة الغاز","__assetName":"عناصر الغاز","__geometryKind":"point","__featureIndex":141,"__typeValue":"مخفض"},"geometry":{"type":"Point","coordinates":[31.562662956524257,30.27411640187847]}},{"type":"Feature","properties":{"Gas_Facility_Type":"مخفض","Easting":"031° 34' 3.09\" E","Northing":"30° 16' 31.06\" N","Description":null,"GlobalID":"{164D21BA-8F55-40CD-8B52-3095C16D1C22}","sectors":"القطاع الاول","Implementing":"غاز مصر","__networkId":"gas","__networkName":"شبكة الغاز","__layerId":"gas_assets","__layerName":"عناصر شبكة الغاز","__assetName":"عناصر الغاز","__geometryKind":"point","__featureIndex":142,"__typeValue":"مخفض"},"geometry":{"type":"Point","coordinates":[31.567524953252256,30.27529554867259]}},{"type":"Feature","properties":{"Gas_Facility_Type":"مخفض","Easting":"031° 34' 3.24\" E","Northing":"30° 16' 24.04\" N","Description":null,"GlobalID":"{14AF9A40-C0F7-442B-8FF6-F2BF7A6C7271}","sectors":"القطاع الاول","Implementing":"غاز مصر","__networkId":"gas","__networkName":"شبكة الغاز","__layerId":"gas_assets","__layerName":"عناصر شبكة الغاز","__assetName":"عناصر الغاز","__geometryKind":"point","__featureIndex":143,"__typeValue":"مخفض"},"geometry":{"type":"Point","coordinates":[31.567567863976777,30.273345340696718]}},{"type":"Feature","properties":{"Gas_Facility_Type":"مخفض","Easting":"031° 34' 1.23\" E","Northing":"30° 16' 2.59\" N","Description":null,"GlobalID":"{7BAAF398-A71B-44F0-8D5C-667AFE0BD396}","sectors":"القطاع الثاني","Implementing":"غاز مصر","__networkId":"gas","__networkName":"شبكة الغاز","__layerId":"gas_assets","__layerName":"عناصر شبكة الغاز","__assetName":"عناصر الغاز","__geometryKind":"point","__featureIndex":144,"__typeValue":"مخفض"},"geometry":{"type":"Point","coordinates":[31.56700735835859,30.26738741731306]}},{"type":"Feature","properties":{"Gas_Facility_Type":"مخفض","Easting":"031° 33' 59.69\" E","Northing":"30° 16' 4.49\" N","Description":null,"GlobalID":"{773CF8E5-6E03-4508-AAE8-217556FDDE22}","sectors":"القطاع الثاني","Implementing":"غاز مصر","__networkId":"gas","__networkName":"شبكة الغاز","__layerId":"gas_assets","__layerName":"عناصر شبكة الغاز","__assetName":"عناصر الغاز","__geometryKind":"point","__featureIndex":145,"__typeValue":"مخفض"},"geometry":{"type":"Point","coordinates":[31.566581902765314,30.26791366883033]}},{"type":"Feature","properties":{"Gas_Facility_Type":"مخفض","Easting":"031° 34' 5.34\" E","Northing":"30° 16' 26.24\" N","Description":null,"GlobalID":"{1F24F28F-37CA-46AE-82DF-127CCA80ABF7}","sectors":"القطاع الاول","Implementing":"غاز مصر","__networkId":"gas","__networkName":"شبكة الغاز","__layerId":"gas_assets","__layerName":"عناصر شبكة الغاز","__assetName":"عناصر الغاز","__geometryKind":"point","__featureIndex":146,"__typeValue":"مخفض"},"geometry":{"type":"Point","coordinates":[31.568149333578692,30.27395474004883]}},{"type":"Feature","properties":{"Gas_Facility_Type":"مخفض","Easting":"031° 34' 6.07\" E","Northing":"30° 16' 29.28\" N","Description":null,"GlobalID":"{43876C2A-6C45-468E-8AFB-00458E78FB0C}","sectors":"القطاع الاول","Implementing":"غاز مصر","__networkId":"gas","__networkName":"شبكة الغاز","__layerId":"gas_assets","__layerName":"عناصر شبكة الغاز","__assetName":"عناصر الغاز","__geometryKind":"point","__featureIndex":147,"__typeValue":"مخفض"},"geometry":{"type":"Point","coordinates":[31.56835355208381,30.274800130589565]}},{"type":"Feature","properties":{"Gas_Facility_Type":"مخفض","Easting":"031° 34' 1.61\" E","Northing":"30° 16' 32.6\" N","Description":null,"GlobalID":"{8F8193CE-978A-4155-8F3B-A513AFC8BE6D}","sectors":"القطاع الاول","Implementing":"غاز مصر","__networkId":"gas","__networkName":"شبكة الغاز","__layerId":"gas_assets","__layerName":"عناصر شبكة الغاز","__assetName":"عناصر الغاز","__geometryKind":"point","__featureIndex":148,"__typeValue":"مخفض"},"geometry":{"type":"Point","coordinates":[31.567112700198727,30.27572251757938]}},{"type":"Feature","properties":{"Gas_Facility_Type":"مخفض","Easting":"031° 33' 59.08\" E","Northing":"30° 16' 13.6\" N","Description":null,"GlobalID":"{528A0BB7-8B9E-4A3D-B6F2-17DC4751EDB9}","sectors":"القطاع الثاني","Implementing":"غاز مصر","__networkId":"gas","__networkName":"شبكة الغاز","__layerId":"gas_assets","__layerName":"عناصر شبكة الغاز","__assetName":"عناصر الغاز","__geometryKind":"point","__featureIndex":149,"__typeValue":"مخفض"},"geometry":{"type":"Point","coordinates":[31.566410016423898,30.27044489530193]}},{"type":"Feature","properties":{"Gas_Facility_Type":"مخفض","Easting":"031° 34' 8.7\" E","Northing":"30° 16' 9.92\" N","Description":null,"GlobalID":"{2244E94E-7744-43EA-BD82-EE7ECB5997DB}","sectors":"القطاع الثاني","Implementing":"غاز مصر","__networkId":"gas","__networkName":"شبكة الغاز","__layerId":"gas_assets","__layerName":"عناصر شبكة الغاز","__assetName":"عناصر الغاز","__geometryKind":"point","__featureIndex":150,"__typeValue":"مخفض"},"geometry":{"type":"Point","coordinates":[31.569081957320154,30.269421789235185]}},{"type":"Feature","properties":{"Gas_Facility_Type":"مخفض","Easting":"031° 33' 56.77\" E","Northing":"30° 16' 17.71\" N","Description":null,"GlobalID":"{8CF55834-DCF5-478B-9AA7-68BA7404450A}","sectors":"القطاع الاول","Implementing":"غاز مصر","__networkId":"gas","__networkName":"شبكة الغاز","__layerId":"gas_assets","__layerName":"عناصر شبكة الغاز","__assetName":"عناصر الغاز","__geometryKind":"point","__featureIndex":151,"__typeValue":"مخفض"},"geometry":{"type":"Point","coordinates":[31.565768332748476,30.27158540196912]}},{"type":"Feature","properties":{"Gas_Facility_Type":"مخفض","Easting":"031° 33' 55.92\" E","Northing":"30° 16' 5.31\" N","Description":null,"GlobalID":"{DD0F67A4-173D-4E6B-8D06-71E0EDE31C4B}","sectors":"القطاع الثاني","Implementing":"غاز مصر","__networkId":"gas","__networkName":"شبكة الغاز","__layerId":"gas_assets","__layerName":"عناصر شبكة الغاز","__assetName":"عناصر الغاز","__geometryKind":"point","__featureIndex":152,"__typeValue":"مخفض"},"geometry":{"type":"Point","coordinates":[31.565533963189147,30.268140323001013]}},{"type":"Feature","properties":{"Gas_Facility_Type":"مخفض","Easting":"031° 33' 58.24\" E","Northing":"30° 16' 2.19\" N","Description":null,"GlobalID":"{D6402138-89B6-4A49-8C11-D993F5960F71}","sectors":"القطاع الثاني","Implementing":"غاز مصر","__networkId":"gas","__networkName":"شبكة الغاز","__layerId":"gas_assets","__layerName":"عناصر شبكة الغاز","__assetName":"عناصر الغاز","__geometryKind":"point","__featureIndex":153,"__typeValue":"مخفض"},"geometry":{"type":"Point","coordinates":[31.566176590095655,30.267274386190568]}},{"type":"Feature","properties":{"Gas_Facility_Type":"مخفض","Easting":"031° 33' 47.21\" E","Northing":"30° 16' 29.26\" N","Description":null,"GlobalID":"{DDDDE276-FC91-4CF5-8C4A-7063C51DB5D8}","sectors":"القطاع الاول","Implementing":"غاز مصر","__networkId":"gas","__networkName":"شبكة الغاز","__layerId":"gas_assets","__layerName":"عناصر شبكة الغاز","__assetName":"عناصر الغاز","__geometryKind":"point","__featureIndex":154,"__typeValue":"مخفض"},"geometry":{"type":"Point","coordinates":[31.563114620465953,30.274794327600326]}},{"type":"Feature","properties":{"Gas_Facility_Type":"مخفض","Easting":"031° 34' 0.88\" E","Northing":"30° 16' 29.31\" N","Description":null,"GlobalID":"{C313243A-DD10-4A99-B96D-13F3FBC3B0EA}","sectors":"القطاع الاول","Implementing":"غاز مصر","__networkId":"gas","__networkName":"شبكة الغاز","__layerId":"gas_assets","__layerName":"عناصر شبكة الغاز","__assetName":"عناصر الغاز","__geometryKind":"point","__featureIndex":155,"__typeValue":"مخفض"},"geometry":{"type":"Point","coordinates":[31.56691027652754,30.27480731915844]}},{"type":"Feature","properties":{"Gas_Facility_Type":"مخفض","Easting":"031° 33' 50.5\" E","Northing":"30° 16' 30.47\" N","Description":null,"GlobalID":"{254CCE55-566A-4638-BD01-2EC8B42116F4}","sectors":"القطاع الاول","Implementing":"غاز مصر","__networkId":"gas","__networkName":"شبكة الغاز","__layerId":"gas_assets","__layerName":"عناصر شبكة الغاز","__assetName":"عناصر الغاز","__geometryKind":"point","__featureIndex":156,"__typeValue":"مخفض"},"geometry":{"type":"Point","coordinates":[31.56402854846973,30.27513174060029]}},{"type":"Feature","properties":{"Gas_Facility_Type":"مخفض","Easting":"031° 34' 4.11\" E","Northing":"30° 16' 23.21\" N","Description":null,"GlobalID":"{26360235-46E1-4B83-8290-13EDCCF8489C}","sectors":"القطاع الاول","Implementing":"غاز مصر","__networkId":"gas","__networkName":"شبكة الغاز","__layerId":"gas_assets","__layerName":"عناصر شبكة الغاز","__assetName":"عناصر الغاز","__geometryKind":"point","__featureIndex":157,"__typeValue":"مخفض"},"geometry":{"type":"Point","coordinates":[31.567809525161245,30.27311289700654]}},{"type":"Feature","properties":{"Gas_Facility_Type":"مخفض","Easting":"031° 34' 3.28\" E","Northing":"30° 16' 5.49\" N","Description":null,"GlobalID":"{C5584274-5EAF-41C8-955F-B0A3FA1C6574}","sectors":"القطاع الثاني","Implementing":"غاز مصر","__networkId":"gas","__networkName":"شبكة الغاز","__layerId":"gas_assets","__layerName":"عناصر شبكة الغاز","__assetName":"عناصر الغاز","__geometryKind":"point","__featureIndex":158,"__typeValue":"مخفض"},"geometry":{"type":"Point","coordinates":[31.56757834372288,30.268190592076298]}},{"type":"Feature","properties":{"Gas_Facility_Type":"مخفض","Easting":"031° 33' 55.06\" E","Northing":"30° 16' 18.9\" N","Description":null,"GlobalID":"{2A4390B0-62F5-4D95-B1B3-92F980C5A26F}","sectors":"القطاع الاول","Implementing":"غاز مصر","__networkId":"gas","__networkName":"شبكة الغاز","__layerId":"gas_assets","__layerName":"عناصر شبكة الغاز","__assetName":"عناصر الغاز","__geometryKind":"point","__featureIndex":159,"__typeValue":"مخفض"},"geometry":{"type":"Point","coordinates":[31.5652944310119,30.271917387477853]}},{"type":"Feature","properties":{"Gas_Facility_Type":"مخفض","Easting":"031° 33' 25.52\" E","Northing":"30° 16' 30.47\" N","Description":null,"GlobalID":"{109D1F57-AB32-44DE-90B7-62B8970B6F30}","sectors":"القطاع الثالث","Implementing":"غاز مصر","__networkId":"gas","__networkName":"شبكة الغاز","__layerId":"gas_assets","__layerName":"عناصر شبكة الغاز","__assetName":"عناصر الغاز","__geometryKind":"point","__featureIndex":160,"__typeValue":"مخفض"},"geometry":{"type":"Point","coordinates":[31.557089797721794,30.275129237099964]}},{"type":"Feature","properties":{"Gas_Facility_Type":"مخفض","Easting":"031° 33' 18.54\" E","Northing":"30° 16' 11.21\" N","Description":null,"GlobalID":"{75869D5D-F7D0-4C48-97EB-B0588CC5B231}","sectors":"القطاع الثالث","Implementing":"غاز مصر","__networkId":"gas","__networkName":"شبكة الغاز","__layerId":"gas_assets","__layerName":"عناصر شبكة الغاز","__assetName":"عناصر الغاز","__geometryKind":"point","__featureIndex":161,"__typeValue":"مخفض"},"geometry":{"type":"Point","coordinates":[31.555148819565492,30.269779362297058]}},{"type":"Feature","properties":{"Gas_Facility_Type":"مخفض","Easting":"031° 33' 19.55\" E","Northing":"30° 16' 25.96\" N","Description":null,"GlobalID":"{D4523595-4CC4-477A-95DC-624801D2F328}","sectors":"القطاع الثالث","Implementing":"غاز مصر","__networkId":"gas","__networkName":"شبكة الغاز","__layerId":"gas_assets","__layerName":"عناصر شبكة الغاز","__assetName":"عناصر الغاز","__geometryKind":"point","__featureIndex":162,"__typeValue":"مخفض"},"geometry":{"type":"Point","coordinates":[31.555430762105644,30.273876950589457]}},{"type":"Feature","properties":{"Gas_Facility_Type":"مخفض","Easting":"031° 33' 20.98\" E","Northing":"30° 16' 8.3\" N","Description":null,"GlobalID":"{171DD39A-7A34-402D-BA97-2F17CF8DDCC1}","sectors":"القطاع الثالث","Implementing":"غاز مصر","__networkId":"gas","__networkName":"شبكة الغاز","__layerId":"gas_assets","__layerName":"عناصر شبكة الغاز","__assetName":"عناصر الغاز","__geometryKind":"point","__featureIndex":163,"__typeValue":"مخفض"},"geometry":{"type":"Point","coordinates":[31.55582769708697,30.26897272939349]}},{"type":"Feature","properties":{"Gas_Facility_Type":"مخفض","Easting":"031° 33' 16.8\" E","Northing":"30° 16' 16.27\" N","Description":null,"GlobalID":"{08EC7311-98CF-468A-9FFF-046671EEC16D}","sectors":"القطاع الثالث","Implementing":"غاز مصر","__networkId":"gas","__networkName":"شبكة الغاز","__layerId":"gas_assets","__layerName":"عناصر شبكة الغاز","__assetName":"عناصر الغاز","__geometryKind":"point","__featureIndex":164,"__typeValue":"مخفض"},"geometry":{"type":"Point","coordinates":[31.554667345929413,30.271185687019134]}},{"type":"Feature","properties":{"Gas_Facility_Type":"مخفض","Easting":"031° 33' 19.98\" E","Northing":"30° 16' 10.45\" N","Description":null,"GlobalID":"{EC32CDB6-44A7-446A-AD8B-6CC8CB8E8EA2}","sectors":"القطاع الثالث","Implementing":"غاز مصر","__networkId":"gas","__networkName":"شبكة الغاز","__layerId":"gas_assets","__layerName":"عناصر شبكة الغاز","__assetName":"عناصر الغاز","__geometryKind":"point","__featureIndex":165,"__typeValue":"مخفض"},"geometry":{"type":"Point","coordinates":[31.555549134008935,30.26956886028777]}},{"type":"Feature","properties":{"Gas_Facility_Type":"مخفض","Easting":"031° 33' 23.43\" E","Northing":"30° 16' 28.98\" N","Description":null,"GlobalID":"{DECDC120-3B87-4263-85F1-A76E1308E3BC}","sectors":"القطاع الثالث","Implementing":"غاز مصر","__networkId":"gas","__networkName":"شبكة الغاز","__layerId":"gas_assets","__layerName":"عناصر شبكة الغاز","__assetName":"عناصر الغاز","__geometryKind":"point","__featureIndex":166,"__typeValue":"مخفض"},"geometry":{"type":"Point","coordinates":[31.556508900346703,30.27471573507609]}},{"type":"Feature","properties":{"Gas_Facility_Type":"مخفض","Easting":"031° 33' 24.59\" E","Northing":"30° 16' 33.08\" N","Description":null,"GlobalID":"{00A3A920-0A99-4A1A-B267-50EC95805C85}","sectors":"القطاع الثالث","Implementing":"غاز مصر","__networkId":"gas","__networkName":"شبكة الغاز","__layerId":"gas_assets","__layerName":"عناصر شبكة الغاز","__assetName":"عناصر الغاز","__geometryKind":"point","__featureIndex":167,"__typeValue":"مخفض"},"geometry":{"type":"Point","coordinates":[31.556830612202784,30.275855641307608]}},{"type":"Feature","properties":{"Gas_Facility_Type":"مخفض","Easting":"031° 33' 22.61\" E","Northing":"30° 16' 24.75\" N","Description":null,"GlobalID":"{D9C3B4EB-B3BA-4047-8142-95895963D0B6}","sectors":"القطاع الثالث","Implementing":"غاز مصر","__networkId":"gas","__networkName":"شبكة الغاز","__layerId":"gas_assets","__layerName":"عناصر شبكة الغاز","__assetName":"عناصر الغاز","__geometryKind":"point","__featureIndex":168,"__typeValue":"مخفض"},"geometry":{"type":"Point","coordinates":[31.55628190954913,30.273541210578426]}},{"type":"Feature","properties":{"Gas_Facility_Type":"مخفض","Easting":"031° 33' 33.33\" E","Northing":"30° 16' 22.65\" N","Description":null,"GlobalID":"{90EEEB11-F037-4CBC-815D-4C2CE3D2E9A5}","sectors":"القطاع الثالث","Implementing":"غاز مصر","__networkId":"gas","__networkName":"شبكة الغاز","__layerId":"gas_assets","__layerName":"عناصر شبكة الغاز","__assetName":"عناصر الغاز","__geometryKind":"point","__featureIndex":169,"__typeValue":"مخفض"},"geometry":{"type":"Point","coordinates":[31.559259034198544,30.272958200345276]}},{"type":"Feature","properties":{"Gas_Facility_Type":"مخفض","Easting":"031° 33' 32.41\" E","Northing":"30° 16' 24.03\" N","Description":null,"GlobalID":"{3E23CFF1-CE85-4A4B-A887-AFDE822C95A5}","sectors":"القطاع الثالث","Implementing":"غاز مصر","__networkId":"gas","__networkName":"شبكة الغاز","__layerId":"gas_assets","__layerName":"عناصر شبكة الغاز","__assetName":"عناصر الغاز","__geometryKind":"point","__featureIndex":170,"__typeValue":"مخفض"},"geometry":{"type":"Point","coordinates":[31.559003512009227,30.273340690478403]}},{"type":"Feature","properties":{"Gas_Facility_Type":"مخفض","Easting":"031° 33' 22.25\" E","Northing":"30° 16' 31.11\" N","Description":null,"GlobalID":"{CD21D4C8-0E5A-4CCA-A939-A98626FCCB28}","sectors":"القطاع الثالث","Implementing":"غاز مصر","__networkId":"gas","__networkName":"شبكة الغاز","__layerId":"gas_assets","__layerName":"عناصر شبكة الغاز","__assetName":"عناصر الغاز","__geometryKind":"point","__featureIndex":171,"__typeValue":"مخفض"},"geometry":{"type":"Point","coordinates":[31.556179468369063,30.275308703857455]}},{"type":"Feature","properties":{"Gas_Facility_Type":"مخفض","Easting":"031° 33' 13.96\" E","Northing":"30° 16' 23.25\" N","Description":null,"GlobalID":"{2926B637-8E19-40B3-9517-A40D5E21DB3B}","sectors":"القطاع الثالث","Implementing":"غاز مصر","__networkId":"gas","__networkName":"شبكة الغاز","__layerId":"gas_assets","__layerName":"عناصر شبكة الغاز","__assetName":"عناصر الغاز","__geometryKind":"point","__featureIndex":172,"__typeValue":"مخفض"},"geometry":{"type":"Point","coordinates":[31.55387781482957,30.273124423274755]}},{"type":"Feature","properties":{"Gas_Facility_Type":"مخفض","Easting":"031° 33' 26.53\" E","Northing":"30° 16' 29.49\" N","Description":null,"GlobalID":"{8BA1A855-B974-43DD-A4B5-CB368C4E0AC1}","sectors":"القطاع الثالث","Implementing":"غاز مصر","__networkId":"gas","__networkName":"شبكة الغاز","__layerId":"gas_assets","__layerName":"عناصر شبكة الغاز","__assetName":"عناصر الغاز","__geometryKind":"point","__featureIndex":173,"__typeValue":"مخفض"},"geometry":{"type":"Point","coordinates":[31.557369744205364,30.274859365281184]}},{"type":"Feature","properties":{"Gas_Facility_Type":"مخفض","Easting":"031° 33' 31.16\" E","Northing":"30° 16' 20.18\" N","Description":null,"GlobalID":"{61EADE50-9B0A-4C73-A795-F7183ECA025F}","sectors":"القطاع الثالث","Implementing":"غاز مصر","__networkId":"gas","__networkName":"شبكة الغاز","__layerId":"gas_assets","__layerName":"عناصر شبكة الغاز","__assetName":"عناصر الغاز","__geometryKind":"point","__featureIndex":174,"__typeValue":"مخفض"},"geometry":{"type":"Point","coordinates":[31.55865467911641,30.272273429289267]}},{"type":"Feature","properties":{"Gas_Facility_Type":"مخفض","Easting":"031° 33' 33.0\" E","Northing":"30° 16' 21.49\" N","Description":null,"GlobalID":"{A80C61C2-5C82-43CF-B588-AEF1F5A5ADDF}","sectors":"القطاع الثالث","Implementing":"غاز مصر","__networkId":"gas","__networkName":"شبكة الغاز","__layerId":"gas_assets","__layerName":"عناصر شبكة الغاز","__assetName":"عناصر الغاز","__geometryKind":"point","__featureIndex":175,"__typeValue":"مخفض"},"geometry":{"type":"Point","coordinates":[31.559166339739313,30.272635108453226]}},{"type":"Feature","properties":{"Gas_Facility_Type":"مخفض","Easting":"031° 33' 20.58\" E","Northing":"30° 16' 26.72\" N","Description":null,"GlobalID":"{299C45CA-8A1C-4EB7-B8FD-64104B54AD91}","sectors":"القطاع الثالث","Implementing":"غاز مصر","__networkId":"gas","__networkName":"شبكة الغاز","__layerId":"gas_assets","__layerName":"عناصر شبكة الغاز","__assetName":"عناصر الغاز","__geometryKind":"point","__featureIndex":176,"__typeValue":"مخفض"},"geometry":{"type":"Point","coordinates":[31.55571782324625,30.274089244782655]}},{"type":"Feature","properties":{"Gas_Facility_Type":"مخفض","Easting":"031° 33' 13.07\" E","Northing":"30° 16' 17.87\" N","Description":null,"GlobalID":"{5CEBCD7B-9E46-49C5-9FFA-532AD55502C0}","sectors":"القطاع الثالث","Implementing":"غاز مصر","__networkId":"gas","__networkName":"شبكة الغاز","__layerId":"gas_assets","__layerName":"عناصر شبكة الغاز","__assetName":"عناصر الغاز","__geometryKind":"point","__featureIndex":177,"__typeValue":"مخفض"},"geometry":{"type":"Point","coordinates":[31.553631542592733,30.27163056745048]}},{"type":"Feature","properties":{"Gas_Facility_Type":"مخفض","Easting":"031° 33' 17.11\" E","Northing":"30° 16' 14.51\" N","Description":null,"GlobalID":"{120D80A4-5D3C-416E-9FA8-E5E4307E193A}","sectors":"القطاع الثالث","Implementing":"غاز مصر","__networkId":"gas","__networkName":"شبكة الغاز","__layerId":"gas_assets","__layerName":"عناصر شبكة الغاز","__assetName":"عناصر الغاز","__geometryKind":"point","__featureIndex":178,"__typeValue":"مخفض"},"geometry":{"type":"Point","coordinates":[31.55475251520149,30.270696207366576]}},{"type":"Feature","properties":{"Gas_Facility_Type":"مخفض","Easting":"031° 33' 22.5\" E","Northing":"30° 16' 28.16\" N","Description":null,"GlobalID":"{1598F72D-0DE2-46B2-96CB-E4D1CD19898A}","sectors":"القطاع الثالث","Implementing":"غاز مصر","__networkId":"gas","__networkName":"شبكة الغاز","__layerId":"gas_assets","__layerName":"عناصر شبكة الغاز","__assetName":"عناصر الغاز","__geometryKind":"point","__featureIndex":179,"__typeValue":"مخفض"},"geometry":{"type":"Point","coordinates":[31.556249424671826,30.27449008756373]}},{"type":"Feature","properties":{"Gas_Facility_Type":"مخفض","Easting":"031° 33' 19.91\" E","Northing":"30° 16' 28.34\" N","Description":null,"GlobalID":"{2501635E-41C1-40A4-ACA5-B954A2FABF8F}","sectors":"القطاع الثالث","Implementing":"غاز مصر","__networkId":"gas","__networkName":"شبكة الغاز","__layerId":"gas_assets","__layerName":"عناصر شبكة الغاز","__assetName":"عناصر الغاز","__geometryKind":"point","__featureIndex":180,"__typeValue":"مخفض"},"geometry":{"type":"Point","coordinates":[31.55553100600651,30.274537677643764]}},{"type":"Feature","properties":{"Gas_Facility_Type":"مخفض","Easting":"031° 33' 20.79\" E","Northing":"30° 16' 24.74\" N","Description":null,"GlobalID":"{24D5EAD1-B1D0-432B-8F0C-2E7EE218D85A}","sectors":"القطاع الثالث","Implementing":"غاز مصر","__networkId":"gas","__networkName":"شبكة الغاز","__layerId":"gas_assets","__layerName":"عناصر شبكة الغاز","__assetName":"عناصر الغاز","__geometryKind":"point","__featureIndex":181,"__typeValue":"مخفض"},"geometry":{"type":"Point","coordinates":[31.555775403459336,30.27353961473592]}},{"type":"Feature","properties":{"Gas_Facility_Type":"مخفض","Easting":"031° 33' 28.32\" E","Northing":"30° 16' 29.35\" N","Description":null,"GlobalID":"{7A7B5CD4-A6B2-429C-A2B9-0F1C080FB323}","sectors":"القطاع الثالث","Implementing":"غاز مصر","__networkId":"gas","__networkName":"شبكة الغاز","__layerId":"gas_assets","__layerName":"عناصر شبكة الغاز","__assetName":"عناصر الغاز","__geometryKind":"point","__featureIndex":182,"__typeValue":"مخفض"},"geometry":{"type":"Point","coordinates":[31.55786553339382,30.274819814978336]}},{"type":"Feature","properties":{"Gas_Facility_Type":"مخفض","Easting":"031° 33' 17.51\" E","Northing":"30° 16' 13.34\" N","Description":null,"GlobalID":"{D1A770DB-DE54-469C-A45B-45FD2FBC0033}","sectors":"القطاع الثالث","Implementing":"غاز مصر","__networkId":"gas","__networkName":"شبكة الغاز","__layerId":"gas_assets","__layerName":"عناصر شبكة الغاز","__assetName":"عناصر الغاز","__geometryKind":"point","__featureIndex":183,"__typeValue":"مخفض"},"geometry":{"type":"Point","coordinates":[31.55486304391406,30.27037245399978]}},{"type":"Feature","properties":{"Gas_Facility_Type":"مخفض","Easting":"031° 33' 26.38\" E","Northing":"30° 16' 24.27\" N","Description":null,"GlobalID":"{AC9FF51D-A140-4BD8-92E4-5D64696EBE64}","sectors":"القطاع الثالث","Implementing":"غاز مصر","__networkId":"gas","__networkName":"شبكة الغاز","__layerId":"gas_assets","__layerName":"عناصر شبكة الغاز","__assetName":"عناصر الغاز","__geometryKind":"point","__featureIndex":184,"__typeValue":"مخفض"},"geometry":{"type":"Point","coordinates":[31.55732883582564,30.27340717213228]}},{"type":"Feature","properties":{"Gas_Facility_Type":"مخفض","Easting":"031° 33' 30.56\" E","Northing":"30° 16' 27.67\" N","Description":null,"GlobalID":"{F3A80005-2F36-4BED-A82F-118154DB7597}","sectors":"القطاع الثالث","Implementing":"غاز مصر","__networkId":"gas","__networkName":"شبكة الغاز","__layerId":"gas_assets","__layerName":"عناصر شبكة الغاز","__assetName":"عناصر الغاز","__geometryKind":"point","__featureIndex":185,"__typeValue":"مخفض"},"geometry":{"type":"Point","coordinates":[31.55848985263481,30.274352439044826]}},{"type":"Feature","properties":{"Gas_Facility_Type":"مخفض","Easting":"031° 33' 16.05\" E","Northing":"30° 16' 26.24\" N","Description":null,"GlobalID":"{02FF0F9A-7EDC-406C-9DA5-98599E5A786B}","sectors":"القطاع الثالث","Implementing":"غاز مصر","__networkId":"gas","__networkName":"شبكة الغاز","__layerId":"gas_assets","__layerName":"عناصر شبكة الغاز","__assetName":"عناصر الغاز","__geometryKind":"point","__featureIndex":186,"__typeValue":"مخفض"},"geometry":{"type":"Point","coordinates":[31.554457328799135,30.273956532939632]}},{"type":"Feature","properties":{"Gas_Facility_Type":"مخفض","Easting":"031° 33' 14.84\" E","Northing":"30° 16' 16.03\" N","Description":null,"GlobalID":"{BDB34335-2524-46FE-A8F7-E63114C79C93}","sectors":"القطاع الثالث","Implementing":"غاز مصر","__networkId":"gas","__networkName":"شبكة الغاز","__layerId":"gas_assets","__layerName":"عناصر شبكة الغاز","__assetName":"عناصر الغاز","__geometryKind":"point","__featureIndex":187,"__typeValue":"مخفض"},"geometry":{"type":"Point","coordinates":[31.554123154615116,30.271118720518736]}},{"type":"Feature","properties":{"Gas_Facility_Type":"مخفض","Easting":"031° 33' 30.96\" E","Northing":"30° 16' 27.95\" N","Description":null,"GlobalID":"{9A6AE725-5A15-496A-8D06-6FB6348AB075}","sectors":"القطاع الثالث","Implementing":"غاز مصر","__networkId":"gas","__networkName":"شبكة الغاز","__layerId":"gas_assets","__layerName":"عناصر شبكة الغاز","__assetName":"عناصر الغاز","__geometryKind":"point","__featureIndex":188,"__typeValue":"مخفض"},"geometry":{"type":"Point","coordinates":[31.558600410991787,30.2744294430141]}},{"type":"Feature","properties":{"Gas_Facility_Type":"مخفض","Easting":"031° 33' 30.78\" E","Northing":"30° 16' 21.09\" N","Description":null,"GlobalID":"{DD5C8FB6-87BB-4EAB-904C-568E84FF63D1}","sectors":"القطاع الثالث","Implementing":"غاز مصر","__networkId":"gas","__networkName":"شبكة الغاز","__layerId":"gas_assets","__layerName":"عناصر شبكة الغاز","__assetName":"عناصر الغاز","__geometryKind":"point","__featureIndex":189,"__typeValue":"مخفض"},"geometry":{"type":"Point","coordinates":[31.55855115007655,30.272525820491296]}},{"type":"Feature","properties":{"Gas_Facility_Type":"مخفض","Easting":"031° 33' 30.02\" E","Northing":"30° 16' 19.1\" N","Description":null,"GlobalID":"{38DC21A5-0CBB-4F34-8FE6-DE4D7B5A9E2E}","sectors":"القطاع الثالث","Implementing":"غاز مصر","__networkId":"gas","__networkName":"شبكة الغاز","__layerId":"gas_assets","__layerName":"عناصر شبكة الغاز","__assetName":"عناصر الغاز","__geometryKind":"point","__featureIndex":190,"__typeValue":"مخفض"},"geometry":{"type":"Point","coordinates":[31.558340187020296,30.27197119625131]}},{"type":"Feature","properties":{"Gas_Facility_Type":"مخفض","Easting":"031° 33' 26.51\" E","Northing":"30° 16' 31.3\" N","Description":null,"GlobalID":"{E8B1C34A-ABCB-4B18-9B04-CB36C8C02248}","sectors":"القطاع الثالث","Implementing":"غاز مصر","__networkId":"gas","__networkName":"شبكة الغاز","__layerId":"gas_assets","__layerName":"عناصر شبكة الغاز","__assetName":"عناصر الغاز","__geometryKind":"point","__featureIndex":191,"__typeValue":"مخفض"},"geometry":{"type":"Point","coordinates":[31.557363251182508,30.27536023846461]}},{"type":"Feature","properties":{"Gas_Facility_Type":"مخفض","Easting":"031° 33' 23.52\" E","Northing":"30° 16' 27.13\" N","Description":null,"GlobalID":"{7EFB3D04-74F8-453F-A7D9-138EE714E421}","sectors":"القطاع الثالث","Implementing":"غاز مصر","__networkId":"gas","__networkName":"شبكة الغاز","__layerId":"gas_assets","__layerName":"عناصر شبكة الغاز","__assetName":"عناصر الغاز","__geometryKind":"point","__featureIndex":192,"__typeValue":"مخفض"},"geometry":{"type":"Point","coordinates":[31.556533036281746,30.274202191253814]}},{"type":"Feature","properties":{"Gas_Facility_Type":"مخفض","Easting":"031° 33' 22.0\" E","Northing":"30° 16' 30.9\" N","Description":null,"GlobalID":"{7EBCB882-520B-42D0-B5B2-92DC2C3F41A7}","sectors":"القطاع الثالث","Implementing":"غاز مصر","__networkId":"gas","__networkName":"شبكة الغاز","__layerId":"gas_assets","__layerName":"عناصر شبكة الغاز","__assetName":"عناصر الغاز","__geometryKind":"point","__featureIndex":193,"__typeValue":"مخفض"},"geometry":{"type":"Point","coordinates":[31.556111317680028,30.275250595118678]}},{"type":"Feature","properties":{"Gas_Facility_Type":"مخفض","Easting":"031° 33' 25.34\" E","Northing":"30° 16' 26.94\" N","Description":null,"GlobalID":"{4CD09F37-424D-4F3C-AC98-F3037B6DE58B}","sectors":"القطاع الثالث","Implementing":"غاز مصر","__networkId":"gas","__networkName":"شبكة الغاز","__layerId":"gas_assets","__layerName":"عناصر شبكة الغاز","__assetName":"عناصر الغاز","__geometryKind":"point","__featureIndex":194,"__typeValue":"مخفض"},"geometry":{"type":"Point","coordinates":[31.557037860725345,30.27414976463771]}},{"type":"Feature","properties":{"Gas_Facility_Type":"مخفض","Easting":"031° 33' 16.48\" E","Northing":"30° 16' 22.26\" N","Description":null,"GlobalID":"{791731C6-F70C-4C14-9A46-FFC2063CA7EC}","sectors":"القطاع الثالث","Implementing":"غاز مصر","__networkId":"gas","__networkName":"شبكة الغاز","__layerId":"gas_assets","__layerName":"عناصر شبكة الغاز","__assetName":"عناصر الغاز","__geometryKind":"point","__featureIndex":195,"__typeValue":"مخفض"},"geometry":{"type":"Point","coordinates":[31.554576401388367,30.272849643561848]}},{"type":"Feature","properties":{"Gas_Facility_Type":"مخفض","Easting":"031° 33' 20.56\" E","Northing":"30° 16' 23.17\" N","Description":null,"GlobalID":"{7311B25B-CFBD-4C1D-826A-8AFE6D287F80}","sectors":"القطاع الثالث","Implementing":"غاز مصر","__networkId":"gas","__networkName":"شبكة الغاز","__layerId":"gas_assets","__layerName":"عناصر شبكة الغاز","__assetName":"عناصر الغاز","__geometryKind":"point","__featureIndex":196,"__typeValue":"مخفض"},"geometry":{"type":"Point","coordinates":[31.55571230399715,30.273103183814577]}},{"type":"Feature","properties":{"Gas_Facility_Type":"مخفض","Easting":"031° 33' 23.54\" E","Northing":"30° 16' 25.6\" N","Description":null,"GlobalID":"{A4BC5B4F-B747-4422-91C3-E11E2C49C5FF}","sectors":"القطاع الثالث","Implementing":"غاز مصر","__networkId":"gas","__networkName":"شبكة الغاز","__layerId":"gas_assets","__layerName":"عناصر شبكة الغاز","__assetName":"عناصر الغاز","__geometryKind":"point","__featureIndex":197,"__typeValue":"مخفض"},"geometry":{"type":"Point","coordinates":[31.55653910529981,30.27377888453287]}},{"type":"Feature","properties":{"Gas_Facility_Type":"مخفض","Easting":"031° 33' 20.56\" E","Northing":"30° 16' 14.54\" N","Description":null,"GlobalID":"{928E1705-EA42-4024-BFEF-6E90D1D158FD}","sectors":"القطاع الثالث","Implementing":"غاز مصر","__networkId":"gas","__networkName":"شبكة الغاز","__layerId":"gas_assets","__layerName":"عناصر شبكة الغاز","__assetName":"عناصر الغاز","__geometryKind":"point","__featureIndex":198,"__typeValue":"مخفض"},"geometry":{"type":"Point","coordinates":[31.55571083435333,30.270704596449715]}},{"type":"Feature","properties":{"Gas_Facility_Type":"مخفض","Easting":"031° 33' 21.81\" E","Northing":"30° 16' 2.38\" N","Description":null,"GlobalID":"{6643EB46-5A85-4532-BC7B-62BF8E0B1A87}","sectors":"القطاع الثاني","Implementing":"غاز مصر","__networkId":"gas","__networkName":"شبكة الغاز","__layerId":"gas_assets","__layerName":"عناصر شبكة الغاز","__assetName":"عناصر الغاز","__geometryKind":"point","__featureIndex":199,"__typeValue":"مخفض"},"geometry":{"type":"Point","coordinates":[31.556057031589102,30.26732894233436]}},{"type":"Feature","properties":{"Gas_Facility_Type":"مخفض","Easting":"031° 33' 25.88\" E","Northing":"30° 16' 7.46\" N","Description":null,"GlobalID":"{36DBD30D-61FA-4123-A226-954960947FE1}","sectors":"القطاع الثاني","Implementing":"غاز مصر","__networkId":"gas","__networkName":"شبكة الغاز","__layerId":"gas_assets","__layerName":"عناصر شبكة الغاز","__assetName":"عناصر الغاز","__geometryKind":"point","__featureIndex":200,"__typeValue":"مخفض"},"geometry":{"type":"Point","coordinates":[31.55718837255289,30.268737724358935]}},{"type":"Feature","properties":{"Gas_Facility_Type":"مخفض","Easting":"031° 33' 27.96\" E","Northing":"30° 16' 13.34\" N","Description":null,"GlobalID":"{158954E6-6055-41EF-AE32-85C0826E1708}","sectors":"القطاع الثالث","Implementing":"غاز مصر","__networkId":"gas","__networkName":"شبكة الغاز","__layerId":"gas_assets","__layerName":"عناصر شبكة الغاز","__assetName":"عناصر الغاز","__geometryKind":"point","__featureIndex":201,"__typeValue":"مخفض"},"geometry":{"type":"Point","coordinates":[31.557766086298606,30.27037358206487]}},{"type":"Feature","properties":{"Gas_Facility_Type":"مخفض","Easting":"031° 33' 25.48\" E","Northing":"30° 16' 4.88\" N","Description":null,"GlobalID":"{B746FD54-DAA4-4BF2-A833-6783331489D8}","sectors":"القطاع الثاني","Implementing":"غاز مصر","__networkId":"gas","__networkName":"شبكة الغاز","__layerId":"gas_assets","__layerName":"عناصر شبكة الغاز","__assetName":"عناصر الغاز","__geometryKind":"point","__featureIndex":202,"__typeValue":"مخفض"},"geometry":{"type":"Point","coordinates":[31.557078266946824,30.26802281839398]}},{"type":"Feature","properties":{"Gas_Facility_Type":"مخفض","Easting":"031° 33' 26.73\" E","Northing":"30° 16' 12.92\" N","Description":null,"GlobalID":"{4F95874C-B30E-40C8-AA7F-970FD6757486}","sectors":"القطاع الثالث","Implementing":"غاز مصر","__networkId":"gas","__networkName":"شبكة الغاز","__layerId":"gas_assets","__layerName":"عناصر شبكة الغاز","__assetName":"عناصر الغاز","__geometryKind":"point","__featureIndex":203,"__typeValue":"مخفض"},"geometry":{"type":"Point","coordinates":[31.557424143484027,30.270256009529717]}},{"type":"Feature","properties":{"Gas_Facility_Type":"مخفض","Easting":"031° 33' 21.52\" E","Northing":"30° 16' 3.62\" N","Description":null,"GlobalID":"{062C7537-632C-498D-8254-10FFB52EF979}","sectors":"القطاع الثاني","Implementing":"غاز مصر","__networkId":"gas","__networkName":"شبكة الغاز","__layerId":"gas_assets","__layerName":"عناصر شبكة الغاز","__assetName":"عناصر الغاز","__geometryKind":"point","__featureIndex":204,"__typeValue":"مخفض"},"geometry":{"type":"Point","coordinates":[31.555978309525827,30.267672282164455]}},{"type":"Feature","properties":{"Gas_Facility_Type":"مخفض","Easting":"031° 33' 19.69\" E","Northing":"30° 16' 7.98\" N","Description":null,"GlobalID":"{3E5DF586-6D3E-4956-9275-01A1DF9EC6CB}","sectors":"القطاع الثالث","Implementing":"غاز مصر","__networkId":"gas","__networkName":"شبكة الغاز","__layerId":"gas_assets","__layerName":"عناصر شبكة الغاز","__assetName":"عناصر الغاز","__geometryKind":"point","__featureIndex":205,"__typeValue":"مخفض"},"geometry":{"type":"Point","coordinates":[31.555470311334325,30.26888433325541]}},{"type":"Feature","properties":{"Gas_Facility_Type":"مخفض","Easting":"031° 33' 19.27\" E","Northing":"30° 16' 5.33\" N","Description":null,"GlobalID":"{ECFABBB2-374F-459E-9B2F-8354C49F5EBD}","sectors":"القطاع الثاني","Implementing":"غاز مصر","__networkId":"gas","__networkName":"شبكة الغاز","__layerId":"gas_assets","__layerName":"عناصر شبكة الغاز","__assetName":"عناصر الغاز","__geometryKind":"point","__featureIndex":206,"__typeValue":"مخفض"},"geometry":{"type":"Point","coordinates":[31.555351517222856,30.268147264560383]}},{"type":"Feature","properties":{"Gas_Facility_Type":"مخفض","Easting":"031° 33' 22.24\" E","Northing":"30° 16' 6.27\" N","Description":null,"GlobalID":"{94B12F28-19B0-4FCE-9B84-4EA5D1843147}","sectors":"القطاع الثاني","Implementing":"غاز مصر","__networkId":"gas","__networkName":"شبكة الغاز","__layerId":"gas_assets","__layerName":"عناصر شبكة الغاز","__assetName":"عناصر الغاز","__geometryKind":"point","__featureIndex":207,"__typeValue":"مخفض"},"geometry":{"type":"Point","coordinates":[31.556177616042948,30.268407336436546]}},{"type":"Feature","properties":{"Gas_Facility_Type":"مخفض","Easting":"031° 33' 29.04\" E","Northing":"30° 16' 11.26\" N","Description":null,"GlobalID":"{0C810FB1-793F-4CF2-AF56-67738AEED918}","sectors":"القطاع الثالث","Implementing":"غاز مصر","__networkId":"gas","__networkName":"شبكة الغاز","__layerId":"gas_assets","__layerName":"عناصر شبكة الغاز","__assetName":"عناصر الغاز","__geometryKind":"point","__featureIndex":208,"__typeValue":"مخفض"},"geometry":{"type":"Point","coordinates":[31.558067406397747,30.269794912464242]}},{"type":"Feature","properties":{"Gas_Facility_Type":"مخفض","Easting":"031° 33' 27.91\" E","Northing":"30° 16' 10.76\" N","Description":null,"GlobalID":"{044C53D3-050D-40B6-9F65-D349E846DEDB}","sectors":"القطاع الثالث","Implementing":"غاز مصر","__networkId":"gas","__networkName":"شبكة الغاز","__layerId":"gas_assets","__layerName":"عناصر شبكة الغاز","__assetName":"عناصر الغاز","__geometryKind":"point","__featureIndex":209,"__typeValue":"مخفض"},"geometry":{"type":"Point","coordinates":[31.557752636722196,30.269654569070912]}},{"type":"Feature","properties":{"Gas_Facility_Type":"مخفض","Easting":"031° 33' 47.66\" E","Northing":"30° 16' 1.24\" N","Description":null,"GlobalID":"{5FF70F3A-F876-4F23-B038-C349CD42C5E1}","sectors":"القطاع الثاني","Implementing":"غاز مصر","__networkId":"gas","__networkName":"شبكة الغاز","__layerId":"gas_assets","__layerName":"عناصر شبكة الغاز","__assetName":"عناصر الغاز","__geometryKind":"point","__featureIndex":210,"__typeValue":"مخفض"},"geometry":{"type":"Point","coordinates":[31.563238220564223,30.267011277691907]}},{"type":"Feature","properties":{"Gas_Facility_Type":"مخفض","Easting":"031° 33' 23.27\" E","Northing":"30° 15' 58.81\" N","Description":null,"GlobalID":"{5C303153-8B5E-4981-8025-43819D527F6B}","sectors":"القطاع الثاني","Implementing":"غاز مصر","__networkId":"gas","__networkName":"شبكة الغاز","__layerId":"gas_assets","__layerName":"عناصر شبكة الغاز","__assetName":"عناصر الغاز","__geometryKind":"point","__featureIndex":211,"__typeValue":"مخفض"},"geometry":{"type":"Point","coordinates":[31.556464369959752,30.266335237887443]}},{"type":"Feature","properties":{"Gas_Facility_Type":"مخفض","Easting":"031° 33' 30.14\" E","Northing":"30° 16' 8.96\" N","Description":null,"GlobalID":"{F221E675-20A6-401E-BFD7-6A8A5108308E}","sectors":"القطاع الثاني","Implementing":"غاز مصر","__networkId":"gas","__networkName":"شبكة الغاز","__layerId":"gas_assets","__layerName":"عناصر شبكة الغاز","__assetName":"عناصر الغاز","__geometryKind":"point","__featureIndex":212,"__typeValue":"مخفض"},"geometry":{"type":"Point","coordinates":[31.5583718670071,30.269155413200227]}},{"type":"Feature","properties":{"Gas_Facility_Type":"مخفض","Easting":"031° 33' 33.58\" E","Northing":"30° 15' 54.59\" N","Description":null,"GlobalID":"{B188F5A8-A982-453B-8941-527FC995560A}","sectors":"القطاع الثاني","Implementing":"غاز مصر","__networkId":"gas","__networkName":"شبكة الغاز","__layerId":"gas_assets","__layerName":"عناصر شبكة الغاز","__assetName":"عناصر الغاز","__geometryKind":"point","__featureIndex":213,"__typeValue":"مخفض"},"geometry":{"type":"Point","coordinates":[31.55932699803798,30.265164633710977]}},{"type":"Feature","properties":{"Gas_Facility_Type":"مخفض","Easting":"031° 33' 24.3\" E","Northing":"30° 15' 54.49\" N","Description":null,"GlobalID":"{4750FF91-FC11-42F8-8FA5-4F19D3C506EC}","sectors":"القطاع الثاني","Implementing":"غاز مصر","__networkId":"gas","__networkName":"شبكة الغاز","__layerId":"gas_assets","__layerName":"عناصر شبكة الغاز","__assetName":"عناصر الغاز","__geometryKind":"point","__featureIndex":214,"__typeValue":"مخفض"},"geometry":{"type":"Point","coordinates":[31.556751329590753,30.265136986112015]}},{"type":"Feature","properties":{"Gas_Facility_Type":"مخفض","Easting":"031° 33' 45.24\" E","Northing":"30° 16' 0.18\" N","Description":null,"GlobalID":"{82EA1A20-0451-4BE7-83FB-EAC1800DC7F0}","sectors":"القطاع الثاني","Implementing":"غاز مصر","__networkId":"gas","__networkName":"شبكة الغاز","__layerId":"gas_assets","__layerName":"عناصر شبكة الغاز","__assetName":"عناصر الغاز","__geometryKind":"point","__featureIndex":215,"__typeValue":"مخفض"},"geometry":{"type":"Point","coordinates":[31.562565454281632,30.26671555037084]}},{"type":"Feature","properties":{"Gas_Facility_Type":"مخفض","Easting":"031° 33' 51.65\" E","Northing":"30° 16' 1.73\" N","Description":null,"GlobalID":"{17A6E4F8-F613-4B32-9F70-DF1BDCBF76CE}","sectors":"القطاع الثاني","Implementing":"غاز مصر","__networkId":"gas","__networkName":"شبكة الغاز","__layerId":"gas_assets","__layerName":"عناصر شبكة الغاز","__assetName":"عناصر الغاز","__geometryKind":"point","__featureIndex":216,"__typeValue":"مخفض"},"geometry":{"type":"Point","coordinates":[31.564346022074268,30.267146240387575]}},{"type":"Feature","properties":{"Gas_Facility_Type":"مخفض","Easting":"031° 33' 24.39\" E","Northing":"30° 15' 56.81\" N","Description":null,"GlobalID":"{1CC28F9B-3EE2-418A-9665-872F450C1A0E}","sectors":"القطاع الثاني","Implementing":"غاز مصر","__networkId":"gas","__networkName":"شبكة الغاز","__layerId":"gas_assets","__layerName":"عناصر شبكة الغاز","__assetName":"عناصر الغاز","__geometryKind":"point","__featureIndex":217,"__typeValue":"مخفض"},"geometry":{"type":"Point","coordinates":[31.556775461932546,30.26578042427367]}},{"type":"Feature","properties":{"Gas_Facility_Type":"مخفض","Easting":"031° 33' 41.56\" E","Northing":"30° 15' 58.79\" N","Description":null,"GlobalID":"{F1EA04B4-3564-4667-8058-1D2AF74D9699}","sectors":"القطاع الثاني","Implementing":"غاز مصر","__networkId":"gas","__networkName":"شبكة الغاز","__layerId":"gas_assets","__layerName":"عناصر شبكة الغاز","__assetName":"عناصر الغاز","__geometryKind":"point","__featureIndex":218,"__typeValue":"مخفض"},"geometry":{"type":"Point","coordinates":[31.561545007644767,30.266329331983258]}},{"type":"Feature","properties":{"Gas_Facility_Type":"مخفض","Easting":"031° 33' 21.24\" E","Northing":"30° 15' 59.57\" N","Description":null,"GlobalID":"{FA46A69E-AFE3-4C98-BA4D-AB27213DD34B}","sectors":"القطاع الثاني","Implementing":"غاز مصر","__networkId":"gas","__networkName":"شبكة الغاز","__layerId":"gas_assets","__layerName":"عناصر شبكة الغاز","__assetName":"عناصر الغاز","__geometryKind":"point","__featureIndex":219,"__typeValue":"مخفض"},"geometry":{"type":"Point","coordinates":[31.55589872507984,30.266548548482]}},{"type":"Feature","properties":{"Gas_Facility_Type":"مخفض","Easting":"031° 33' 44.53\" E","Northing":"30° 15' 58.53\" N","Description":null,"GlobalID":"{BE498B37-DE14-41EA-8791-5F259A6E0AD0}","sectors":"القطاع الثاني","Implementing":"غاز مصر","__networkId":"gas","__networkName":"شبكة الغاز","__layerId":"gas_assets","__layerName":"عناصر شبكة الغاز","__assetName":"عناصر الغاز","__geometryKind":"point","__featureIndex":220,"__typeValue":"مخفض"},"geometry":{"type":"Point","coordinates":[31.56237066539205,30.26625792808348]}},{"type":"Feature","properties":{"Gas_Facility_Type":"مخفض","Easting":"031° 33' 22.76\" E","Northing":"30° 16' 0.26\" N","Description":null,"GlobalID":"{7BD547C6-BFED-4059-9C1D-B62F0CBBF183}","sectors":"القطاع الثاني","Implementing":"غاز مصر","__networkId":"gas","__networkName":"شبكة الغاز","__layerId":"gas_assets","__layerName":"عناصر شبكة الغاز","__assetName":"عناصر الغاز","__geometryKind":"point","__featureIndex":221,"__typeValue":"مخفض"},"geometry":{"type":"Point","coordinates":[31.556323566225505,30.266739754239193]}},{"type":"Feature","properties":{"Gas_Facility_Type":"مخفض","Easting":"031° 33' 46.19\" E","Northing":"30° 15' 57.89\" N","Description":null,"GlobalID":"{B7936291-7F9F-4CB1-8FE2-01CE0B484848}","sectors":"القطاع الثاني","Implementing":"غاز مصر","__networkId":"gas","__networkName":"شبكة الغاز","__layerId":"gas_assets","__layerName":"عناصر شبكة الغاز","__assetName":"عناصر الغاز","__geometryKind":"point","__featureIndex":222,"__typeValue":"مخفض"},"geometry":{"type":"Point","coordinates":[31.562831038500438,30.266079757549825]}},{"type":"Feature","properties":{"Gas_Facility_Type":"مخفض","Easting":"031° 33' 49.09\" E","Northing":"30° 15' 59.09\" N","Description":null,"GlobalID":"{A3A6D0F6-53D2-42AD-AB65-8153F97EAA55}","sectors":"القطاع الثاني","Implementing":"غاز مصر","__networkId":"gas","__networkName":"شبكة الغاز","__layerId":"gas_assets","__layerName":"عناصر شبكة الغاز","__assetName":"عناصر الغاز","__geometryKind":"point","__featureIndex":223,"__typeValue":"مخفض"},"geometry":{"type":"Point","coordinates":[31.563634887847616,30.266414574195085]}},{"type":"Feature","properties":{"Gas_Facility_Type":"مخفض","Easting":"031° 33' 48.16\" E","Northing":"30° 16' 5.98\" N","Description":null,"GlobalID":"{C145EC02-F2B9-4453-A90E-CF10A4856B72}","sectors":"القطاع الثاني","Implementing":"غاز مصر","__networkId":"gas","__networkName":"شبكة الغاز","__layerId":"gas_assets","__layerName":"عناصر شبكة الغاز","__assetName":"عناصر الغاز","__geometryKind":"point","__featureIndex":224,"__typeValue":"مخفض"},"geometry":{"type":"Point","coordinates":[31.56337683151089,30.26832778760412]}},{"type":"Feature","properties":{"Gas_Facility_Type":"مخفض","Easting":"031° 33' 30.73\" E","Northing":"30° 16' 7.99\" N","Description":null,"GlobalID":"{8AA80B3E-FDF3-4201-952A-B5269386C5B5}","sectors":"القطاع الثاني","Implementing":"غاز مصر","__networkId":"gas","__networkName":"شبكة الغاز","__layerId":"gas_assets","__layerName":"عناصر شبكة الغاز","__assetName":"عناصر الغاز","__geometryKind":"point","__featureIndex":225,"__typeValue":"مخفض"},"geometry":{"type":"Point","coordinates":[31.55853608443093,30.268885067207087]}},{"type":"Feature","properties":{"Gas_Facility_Type":"مخفض","Easting":"031° 33' 42.42\" E","Northing":"30° 15' 56.42\" N","Description":null,"GlobalID":"{A3CCC45E-4F3D-4B87-9A75-7DB9F1AC18FF}","sectors":"القطاع الثاني","Implementing":"غاز مصر","__networkId":"gas","__networkName":"شبكة الغاز","__layerId":"gas_assets","__layerName":"عناصر شبكة الغاز","__assetName":"عناصر الغاز","__geometryKind":"point","__featureIndex":226,"__typeValue":"مخفض"},"geometry":{"type":"Point","coordinates":[31.561783218400215,30.265671872742622]}},{"type":"Feature","properties":{"Gas_Facility_Type":"مخفض","Easting":"031° 33' 48.24\" E","Northing":"30° 16' 0.0\" N","Description":null,"GlobalID":"{1BC3A2C0-A2BC-412D-8346-02A0729E2709}","sectors":"القطاع الثاني","Implementing":"غاز مصر","__networkId":"gas","__networkName":"شبكة الغاز","__layerId":"gas_assets","__layerName":"عناصر شبكة الغاز","__assetName":"عناصر الغاز","__geometryKind":"point","__featureIndex":227,"__typeValue":"مخفض"},"geometry":{"type":"Point","coordinates":[31.563399061220895,30.266667715980372]}},{"type":"Feature","properties":{"Gas_Facility_Type":"مخفض","Easting":"031° 33' 29.81\" E","Northing":"30° 16' 12.23\" N","Description":null,"GlobalID":"{817702DA-25A1-4394-8352-496DF58B451D}","sectors":"القطاع الثالث","Implementing":"غاز مصر","__networkId":"gas","__networkName":"شبكة الغاز","__layerId":"gas_assets","__layerName":"عناصر شبكة الغاز","__assetName":"عناصر الغاز","__geometryKind":"point","__featureIndex":228,"__typeValue":"مخفض"},"geometry":{"type":"Point","coordinates":[31.558280810176647,30.270062781028187]}},{"type":"Feature","properties":{"Gas_Facility_Type":"مخفض","Easting":"031° 33' 23.81\" E","Northing":"30° 15' 52.83\" N","Description":null,"GlobalID":"{0358E584-92C7-4944-9E06-B4007E4D0F46}","sectors":"القطاع الثاني","Implementing":"غاز مصر","__networkId":"gas","__networkName":"شبكة الغاز","__layerId":"gas_assets","__layerName":"عناصر شبكة الغاز","__assetName":"عناصر الغاز","__geometryKind":"point","__featureIndex":229,"__typeValue":"مخفض"},"geometry":{"type":"Point","coordinates":[31.556612764458173,30.264673780212714]}},{"type":"Feature","properties":{"Gas_Facility_Type":"مخفض","Easting":"031° 34' 10.76\" E","Northing":"30° 16' 29.04\" N","Description":null,"GlobalID":"{89046E54-FF41-474F-B1AD-62C9F54FB6F6}","sectors":"القطاع الثاني","Implementing":"غاز مصر","__networkId":"gas","__networkName":"شبكة الغاز","__layerId":"gas_assets","__layerName":"عناصر شبكة الغاز","__assetName":"عناصر الغاز","__geometryKind":"point","__featureIndex":230,"__typeValue":"مخفض"},"geometry":{"type":"Point","coordinates":[31.56965547144194,30.274732895024655]}},{"type":"Feature","properties":{"Gas_Facility_Type":"مخفض","Easting":"031° 34' 11.3\" E","Northing":"30° 16' 28.67\" N","Description":null,"GlobalID":"{CB9B3641-D1E9-4806-A915-7BFEBA55F340}","sectors":"القطاع الثاني","Implementing":"غاز مصر","__networkId":"gas","__networkName":"شبكة الغاز","__layerId":"gas_assets","__layerName":"عناصر شبكة الغاز","__assetName":"عناصر الغاز","__geometryKind":"point","__featureIndex":231,"__typeValue":"مخفض"},"geometry":{"type":"Point","coordinates":[31.56980534456732,30.274631219240778]}},{"type":"Feature","properties":{"Gas_Facility_Type":"مخفض","Easting":"031° 34' 11.34\" E","Northing":"30° 16' 24.23\" N","Description":null,"GlobalID":"{1DA38A8F-C16F-4A0E-A32A-DF7F87868BBD}","sectors":"القطاع الثاني","Implementing":"غاز مصر","__networkId":"gas","__networkName":"شبكة الغاز","__layerId":"gas_assets","__layerName":"عناصر شبكة الغاز","__assetName":"عناصر الغاز","__geometryKind":"point","__featureIndex":232,"__typeValue":"مخفض"},"geometry":{"type":"Point","coordinates":[31.56981691935975,30.273396809614926]}},{"type":"Feature","properties":{"Gas_Facility_Type":"مخفض","Easting":"031° 34' 10.91\" E","Northing":"30° 16' 24.87\" N","Description":null,"GlobalID":"{D23D5084-35D5-471F-96EA-09F8709C5145}","sectors":"القطاع الثاني","Implementing":"غاز مصر","__networkId":"gas","__networkName":"شبكة الغاز","__layerId":"gas_assets","__layerName":"عناصر شبكة الغاز","__assetName":"عناصر الغاز","__geometryKind":"point","__featureIndex":233,"__typeValue":"مخفض"},"geometry":{"type":"Point","coordinates":[31.569696519060546,30.273574821792536]}},{"type":"Feature","properties":{"Gas_Facility_Type":"مخفض","Easting":"031° 34' 12.86\" E","Northing":"30° 16' 26.43\" N","Description":null,"GlobalID":"{3CBCC4F1-31BE-4DE9-8D54-37518B5D09BB}","sectors":"القطاع الثاني","Implementing":"غاز مصر","__networkId":"gas","__networkName":"شبكة الغاز","__layerId":"gas_assets","__layerName":"عناصر شبكة الغاز","__assetName":"عناصر الغاز","__geometryKind":"point","__featureIndex":234,"__typeValue":"مخفض"},"geometry":{"type":"Point","coordinates":[31.57023913652643,30.27400787818409]}},{"type":"Feature","properties":{"Gas_Facility_Type":"مخفض","Easting":"031° 34' 11.71\" E","Northing":"30° 16' 27.26\" N","Description":null,"GlobalID":"{441B3507-A48E-4706-8D98-E7616EDC94A0}","sectors":"القطاع الثاني","Implementing":"غاز مصر","__networkId":"gas","__networkName":"شبكة الغاز","__layerId":"gas_assets","__layerName":"عناصر شبكة الغاز","__assetName":"عناصر الغاز","__geometryKind":"point","__featureIndex":235,"__typeValue":"مخفض"},"geometry":{"type":"Point","coordinates":[31.569919088350268,30.274237778993054]}},{"type":"Feature","properties":{"Gas_Facility_Type":"مخفض","Easting":"031° 34' 9.91\" E","Northing":"30° 16' 25.51\" N","Description":null,"GlobalID":"{9C71E172-CC63-4767-A34A-A42D8E677DCF}","sectors":"القطاع الثاني","Implementing":"غاز مصر","__networkId":"gas","__networkName":"شبكة الغاز","__layerId":"gas_assets","__layerName":"عناصر شبكة الغاز","__assetName":"عناصر الغاز","__geometryKind":"point","__featureIndex":236,"__typeValue":"مخفض"},"geometry":{"type":"Point","coordinates":[31.569419990666635,30.273753531099516]}},{"type":"Feature","properties":{"Gas_Facility_Type":"مخفض","Easting":"031° 34' 15.75\" E","Northing":"30° 16' 9.75\" N","Description":null,"GlobalID":"{3319FFBD-3B49-4EDB-A4D8-65807E56356F}","sectors":"القطاع الثاني","Implementing":"غاز مصر","__networkId":"gas","__networkName":"شبكة الغاز","__layerId":"gas_assets","__layerName":"عناصر شبكة الغاز","__assetName":"عناصر الغاز","__geometryKind":"point","__featureIndex":237,"__typeValue":"مخفض"},"geometry":{"type":"Point","coordinates":[31.57104032236878,30.26937586551428]}},{"type":"Feature","properties":{"Gas_Facility_Type":"مخفض","Easting":"031° 34' 11.94\" E","Northing":"30° 16' 22.05\" N","Description":null,"GlobalID":"{A9F81D9C-562A-45ED-B3AA-BD6284B21CEA}","sectors":"القطاع الثاني","Implementing":"غاز مصر","__networkId":"gas","__networkName":"شبكة الغاز","__layerId":"gas_assets","__layerName":"عناصر شبكة الغاز","__assetName":"عناصر الغاز","__geometryKind":"point","__featureIndex":238,"__typeValue":"مخفض"},"geometry":{"type":"Point","coordinates":[31.569982097980944,30.272792906562536]}},{"type":"Feature","properties":{"Gas_Facility_Type":"مخفض","Easting":"031° 34' 12.77\" E","Northing":"30° 16' 23.27\" N","Description":null,"GlobalID":"{3081992C-0BC3-448D-9F27-B8F8D1AD560A}","sectors":"القطاع الثاني","Implementing":"غاز مصر","__networkId":"gas","__networkName":"شبكة الغاز","__layerId":"gas_assets","__layerName":"عناصر شبكة الغاز","__assetName":"عناصر الغاز","__geometryKind":"point","__featureIndex":239,"__typeValue":"مخفض"},"geometry":{"type":"Point","coordinates":[31.570215119168996,30.273130566945063]}},{"type":"Feature","properties":{"Gas_Facility_Type":"مخفض","Easting":"031° 34' 13.89\" E","Northing":"30° 16' 20.16\" N","Description":null,"GlobalID":"{726557E8-CE49-46F1-B8C3-C4D9E7BB26A0}","sectors":"القطاع الثاني","Implementing":"غاز مصر","__networkId":"gas","__networkName":"شبكة الغاز","__layerId":"gas_assets","__layerName":"عناصر شبكة الغاز","__assetName":"عناصر الغاز","__geometryKind":"point","__featureIndex":240,"__typeValue":"مخفض"},"geometry":{"type":"Point","coordinates":[31.57052537301363,30.272268033456527]}},{"type":"Feature","properties":{"Gas_Facility_Type":"مخفض","Easting":"031° 34' 15.29\" E","Northing":"30° 16' 15.92\" N","Description":null,"GlobalID":"{94BCC603-3393-4434-9013-8CC603C3A4A9}","sectors":"القطاع الثاني","Implementing":"غاز مصر","__networkId":"gas","__networkName":"شبكة الغاز","__layerId":"gas_assets","__layerName":"عناصر شبكة الغاز","__assetName":"عناصر الغاز","__geometryKind":"point","__featureIndex":241,"__typeValue":"مخفض"},"geometry":{"type":"Point","coordinates":[31.570913208061135,30.271088875894247]}},{"type":"Feature","properties":{"Gas_Facility_Type":"مخفض","Easting":"031° 34' 13.73\" E","Northing":"30° 16' 15.83\" N","Description":null,"GlobalID":"{5407B850-3599-48BD-9139-94BFCC627746}","sectors":"القطاع الثاني","Implementing":"غاز مصر","__networkId":"gas","__networkName":"شبكة الغاز","__layerId":"gas_assets","__layerName":"عناصر شبكة الغاز","__assetName":"عناصر الغاز","__geometryKind":"point","__featureIndex":242,"__typeValue":"مخفض"},"geometry":{"type":"Point","coordinates":[31.570479593968415,30.27106284834544]}},{"type":"Feature","properties":{"Gas_Facility_Type":"مخفض","Easting":"031° 34' 17.54\" E","Northing":"30° 16' 15.33\" N","Description":null,"GlobalID":"{CED256F3-9DD3-4435-A816-171B15B7EC5D}","sectors":"القطاع الثاني","Implementing":"غاز مصر","__networkId":"gas","__networkName":"شبكة الغاز","__layerId":"gas_assets","__layerName":"عناصر شبكة الغاز","__assetName":"عناصر الغاز","__geometryKind":"point","__featureIndex":243,"__typeValue":"مخفض"},"geometry":{"type":"Point","coordinates":[31.571537662049426,30.27092532691164]}},{"type":"Feature","properties":{"Gas_Facility_Type":"مخفض","Easting":"031° 34' 15.63\" E","Northing":"30° 16' 14.19\" N","Description":null,"GlobalID":"{2D991CD3-BE3A-4FA0-B352-4C23481C9B12}","sectors":"القطاع الثاني","Implementing":"غاز مصر","__networkId":"gas","__networkName":"شبكة الغاز","__layerId":"gas_assets","__layerName":"عناصر شبكة الغاز","__assetName":"عناصر الغاز","__geometryKind":"point","__featureIndex":244,"__typeValue":"مخفض"},"geometry":{"type":"Point","coordinates":[31.571007028109396,30.270608887310217]}},{"type":"Feature","properties":{"Gas_Facility_Type":"مخفض","Easting":"031° 34' 13.19\" E","Northing":"30° 16' 15.66\" N","Description":null,"GlobalID":"{EAC1CF2E-ADA1-4C2B-B9AD-B5447F647410}","sectors":"القطاع الثاني","Implementing":"غاز مصر","__networkId":"gas","__networkName":"شبكة الغاز","__layerId":"gas_assets","__layerName":"عناصر شبكة الغاز","__assetName":"عناصر الغاز","__geometryKind":"point","__featureIndex":245,"__typeValue":"مخفض"},"geometry":{"type":"Point","coordinates":[31.57033167917038,30.27101713719404]}},{"type":"Feature","properties":{"Gas_Facility_Type":"مخفض","Easting":"031° 34' 12.53\" E","Northing":"30° 16' 17.26\" N","Description":null,"GlobalID":"{9161BF7B-E8EC-4F5D-A3B1-03AB1BE0098F}","sectors":"القطاع الثاني","Implementing":"غاز مصر","__networkId":"gas","__networkName":"شبكة الغاز","__layerId":"gas_assets","__layerName":"عناصر شبكة الغاز","__assetName":"عناصر الغاز","__geometryKind":"point","__featureIndex":246,"__typeValue":"مخفض"},"geometry":{"type":"Point","coordinates":[31.570147870388517,30.271461615734967]}},{"type":"Feature","properties":{"Gas_Facility_Type":"مخفض","Easting":"031° 34' 10.15\" E","Northing":"30° 16' 15.51\" N","Description":null,"GlobalID":"{C6D23889-4EB8-4D74-9B5A-520E149B77E8}","sectors":"القطاع الثاني","Implementing":"غاز مصر","__networkId":"gas","__networkName":"شبكة الغاز","__layerId":"gas_assets","__layerName":"عناصر شبكة الغاز","__assetName":"عناصر الغاز","__geometryKind":"point","__featureIndex":247,"__typeValue":"مخفض"},"geometry":{"type":"Point","coordinates":[31.569487264599932,30.270975625594094]}},{"type":"Feature","properties":{"Gas_Facility_Type":"مخفض","Easting":"031° 34' 7.34\" E","Northing":"30° 16' 12.96\" N","Description":null,"GlobalID":"{CA9EF349-2656-4510-B705-A33BF8FDA9B2}","sectors":"القطاع الثاني","Implementing":"غاز مصر","__networkId":"gas","__networkName":"شبكة الغاز","__layerId":"gas_assets","__layerName":"عناصر شبكة الغاز","__assetName":"عناصر الغاز","__geometryKind":"point","__featureIndex":248,"__typeValue":"مخفض"},"geometry":{"type":"Point","coordinates":[31.568706122866544,30.27026618229866]}},{"type":"Feature","properties":{"Gas_Facility_Type":"مخفض","Easting":"031° 34' 10.16\" E","Northing":"30° 16' 13.85\" N","Description":null,"GlobalID":"{33722FF6-A8A6-4444-B611-29373D1154F2}","sectors":"القطاع الثاني","Implementing":"غاز مصر","__networkId":"gas","__networkName":"شبكة الغاز","__layerId":"gas_assets","__layerName":"عناصر شبكة الغاز","__assetName":"عناصر الغاز","__geometryKind":"point","__featureIndex":249,"__typeValue":"مخفض"},"geometry":{"type":"Point","coordinates":[31.56948810721968,30.270514940773523]}},{"type":"Feature","properties":{"Gas_Facility_Type":"مخفض","Easting":"031° 33' 50.5\" E","Northing":"30° 16' 4.12\" N","Description":null,"GlobalID":"{1E9B7CE7-4B6B-46F9-9E56-4A207951EF93}","sectors":"القطاع الثاني","Implementing":"غاز مصر","__networkId":"gas","__networkName":"شبكة الغاز","__layerId":"gas_assets","__layerName":"عناصر شبكة الغاز","__assetName":"عناصر الغاز","__geometryKind":"point","__featureIndex":250,"__typeValue":"مخفض"},"geometry":{"type":"Point","coordinates":[31.564027049181504,30.267812293221887]}},{"type":"Feature","properties":{"Gas_Facility_Type":"مخفض","Easting":"031° 33' 50.34\" E","Northing":"30° 16' 4.04\" N","Description":null,"GlobalID":"{AD611BFD-0514-4D09-9F69-57484E35A5E6}","sectors":"القطاع الثاني","Implementing":"غاز مصر","__networkId":"gas","__networkName":"شبكة الغاز","__layerId":"gas_assets","__layerName":"عناصر شبكة الغاز","__assetName":"عناصر الغاز","__geometryKind":"point","__featureIndex":251,"__typeValue":"مخفض"},"geometry":{"type":"Point","coordinates":[31.563982704745822,30.267789133144372]}},{"type":"Feature","properties":{"Gas_Facility_Type":"مخفض","Easting":"031° 33' 50.32\" E","Northing":"30° 15' 58.41\" N","Description":null,"GlobalID":"{03CD5FE1-9870-40AB-9495-0EE7E71BE110}","sectors":"القطاع الثاني","Implementing":"غاز مصر","__networkId":"gas","__networkName":"شبكة الغاز","__layerId":"gas_assets","__layerName":"عناصر شبكة الغاز","__assetName":"عناصر الغاز","__geometryKind":"point","__featureIndex":252,"__typeValue":"مخفض"},"geometry":{"type":"Point","coordinates":[31.563977077698897,30.26622586377343]}},{"type":"Feature","properties":{"Gas_Facility_Type":"مخفض","Easting":"031° 33' 52.43\" E","Northing":"30° 16' 0.54\" N","Description":null,"GlobalID":"{CC227A47-43D1-4E09-B99D-6566BE00FED2}","sectors":"القطاع الثاني","Implementing":"غاز مصر","__networkId":"gas","__networkName":"شبكة الغاز","__layerId":"gas_assets","__layerName":"عناصر شبكة الغاز","__assetName":"عناصر الغاز","__geometryKind":"point","__featureIndex":253,"__typeValue":"مخفض"},"geometry":{"type":"Point","coordinates":[31.56456359044285,30.266815795902343]}},{"type":"Feature","properties":{"Gas_Facility_Type":"مخفض","Easting":"031° 33' 51.77\" E","Northing":"30° 15' 55.4\" N","Description":null,"GlobalID":"{64945296-EFA6-4B03-A69A-2494E67F6C13}","sectors":"القطاع الثاني","Implementing":"غاز مصر","__networkId":"gas","__networkName":"شبكة الغاز","__layerId":"gas_assets","__layerName":"عناصر شبكة الغاز","__assetName":"عناصر الغاز","__geometryKind":"point","__featureIndex":254,"__typeValue":"مخفض"},"geometry":{"type":"Point","coordinates":[31.564379363046044,30.2653898286]}},{"type":"Feature","properties":{"Gas_Facility_Type":"مخفض","Easting":"031° 33' 54.31\" E","Northing":"30° 15' 57.01\" N","Description":null,"GlobalID":"{A24901CA-66B2-4BF5-A06C-8EE6D88D854A}","sectors":"القطاع الثاني","Implementing":"غاز مصر","__networkId":"gas","__networkName":"شبكة الغاز","__layerId":"gas_assets","__layerName":"عناصر شبكة الغاز","__assetName":"عناصر الغاز","__geometryKind":"point","__featureIndex":255,"__typeValue":"مخفض"},"geometry":{"type":"Point","coordinates":[31.5650857820158,30.26583636617827]}},{"type":"Feature","properties":{"Gas_Facility_Type":"مخفض","Easting":"031° 33' 49.98\" E","Northing":"30° 15' 56.76\" N","Description":null,"GlobalID":"{5C027961-9DA8-4758-8FEC-E0FE4A9B10A7}","sectors":"القطاع الثاني","Implementing":"غاز مصر","__networkId":"gas","__networkName":"شبكة الغاز","__layerId":"gas_assets","__layerName":"عناصر شبكة الغاز","__assetName":"عناصر الغاز","__geometryKind":"point","__featureIndex":256,"__typeValue":"مخفض"},"geometry":{"type":"Point","coordinates":[31.563883699621748,30.265767270915354]}},{"type":"Feature","properties":{"Gas_Facility_Type":"مخفض","Easting":"031° 33' 48.83\" E","Northing":"30° 15' 58.33\" N","Description":null,"GlobalID":"{278A4BD0-3EAA-454A-AAA3-FA0ED6129CC5}","sectors":"القطاع الثاني","Implementing":"غاز مصر","__networkId":"gas","__networkName":"شبكة الغاز","__layerId":"gas_assets","__layerName":"عناصر شبكة الغاز","__assetName":"عناصر الغاز","__geometryKind":"point","__featureIndex":257,"__typeValue":"مخفض"},"geometry":{"type":"Point","coordinates":[31.56356304508275,30.266202844529733]}},{"type":"Feature","properties":{"Gas_Facility_Type":"مخفض","Easting":"031° 33' 46.71\" E","Northing":"30° 15' 57.35\" N","Description":null,"GlobalID":"{DF616925-E713-4400-9554-DA696A1E27D3}","sectors":"القطاع الثاني","Implementing":"غاز مصر","__networkId":"gas","__networkName":"شبكة الغاز","__layerId":"gas_assets","__layerName":"عناصر شبكة الغاز","__assetName":"عناصر الغاز","__geometryKind":"point","__featureIndex":258,"__typeValue":"مخفض"},"geometry":{"type":"Point","coordinates":[31.56297562683699,30.265930380813575]}},{"type":"Feature","properties":{"Gas_Facility_Type":"مخفض","Easting":"031° 33' 30.92\" E","Northing":"30° 16' 34.94\" N","Description":null,"GlobalID":"{7E67AAF6-A016-4B45-B819-DD14BB316E1E}","sectors":"القطاع الثالث","Implementing":"غاز مصر","__networkId":"gas","__networkName":"شبكة الغاز","__layerId":"gas_assets","__layerName":"عناصر شبكة الغاز","__assetName":"عناصر الغاز","__geometryKind":"point","__featureIndex":259,"__typeValue":"مخفض"},"geometry":{"type":"Point","coordinates":[31.55858962761513,30.276372319972598]}},{"type":"Feature","properties":{"Gas_Facility_Type":"مخفض","Easting":"031° 33' 53.04\" E","Northing":"30° 16' 41.09\" N","Description":null,"GlobalID":"{DBEAFA1C-A82B-4EE6-BA8D-0DBC2BE52E2B}","sectors":"القطاع الثالث","Implementing":"غاز مصر","__networkId":"gas","__networkName":"شبكة الغاز","__layerId":"gas_assets","__layerName":"عناصر شبكة الغاز","__assetName":"عناصر الغاز","__geometryKind":"point","__featureIndex":260,"__typeValue":"مخفض"},"geometry":{"type":"Point","coordinates":[31.564733723272806,30.278080912788397]}},{"type":"Feature","properties":{"Gas_Facility_Type":"مخفض","Easting":"031° 33' 38.12\" E","Northing":"30° 16' 40.53\" N","Description":null,"GlobalID":"{A70D32F2-E86E-430A-8C3E-C304ECAD8F16}","sectors":"القطاع الثالث","Implementing":"غاز مصر","__networkId":"gas","__networkName":"شبكة الغاز","__layerId":"gas_assets","__layerName":"عناصر شبكة الغاز","__assetName":"عناصر الغاز","__geometryKind":"point","__featureIndex":261,"__typeValue":"مخفض"},"geometry":{"type":"Point","coordinates":[31.560587850912903,30.277924264347284]}},{"type":"Feature","properties":{"Gas_Facility_Type":"مخفض","Easting":"031° 33' 53.33\" E","Northing":"30° 16' 37.84\" N","Description":null,"GlobalID":"{9155E74E-DF7A-4263-BC50-B19E2A2A9705}","sectors":"القطاع الثالث","Implementing":"غاز مصر","__networkId":"gas","__networkName":"شبكة الغاز","__layerId":"gas_assets","__layerName":"عناصر شبكة الغاز","__assetName":"عناصر الغاز","__geometryKind":"point","__featureIndex":262,"__typeValue":"مخفض"},"geometry":{"type":"Point","coordinates":[31.56481475759964,30.277177245084793]}},{"type":"Feature","properties":{"Gas_Facility_Type":"مخفض","Easting":"031° 34' 0.3\" E","Northing":"30° 16' 13.24\" N","Description":null,"GlobalID":"{C6C9C667-CB02-4D2E-BC29-82D0C7A992FA}","sectors":"القطاع الثاني","Implementing":"غاز مصر","__networkId":"gas","__networkName":"شبكة الغاز","__layerId":"gas_assets","__layerName":"عناصر شبكة الغاز","__assetName":"عناصر الغاز","__geometryKind":"point","__featureIndex":263,"__typeValue":"مخفض"},"geometry":{"type":"Point","coordinates":[31.56675105104175,30.2703449490695]}},{"type":"Feature","properties":{"Gas_Facility_Type":"مخفض","Easting":"031° 34' 6.53\" E","Northing":"30° 16' 10.71\" N","Description":null,"GlobalID":"{DDA8F212-33D3-477B-AC86-01CE19FF2FA6}","sectors":"القطاع الثاني","Implementing":"غاز مصر","__networkId":"gas","__networkName":"شبكة الغاز","__layerId":"gas_assets","__layerName":"عناصر شبكة الغاز","__assetName":"عناصر الغاز","__geometryKind":"point","__featureIndex":264,"__typeValue":"مخفض"},"geometry":{"type":"Point","coordinates":[31.568479899230233,30.269642835245616]}},{"type":"Feature","properties":{"Gas_Facility_Type":"مخفض","Easting":"031° 33' 22.94\" E","Northing":"30° 15' 56.15\" N","Description":null,"GlobalID":"{05A0221B-91CD-4301-9380-DDD3A0D6D830}","sectors":"القطاع الثاني","Implementing":"غاز مصر","__networkId":"gas","__networkName":"شبكة الغاز","__layerId":"gas_assets","__layerName":"عناصر شبكة الغاز","__assetName":"عناصر الغاز","__geometryKind":"point","__featureIndex":265,"__typeValue":"مخفض"},"geometry":{"type":"Point","coordinates":[31.55637175994215,30.265597257800604]}},{"type":"Feature","properties":{"Gas_Facility_Type":"مخفض","Easting":"031° 34' 4.22\" E","Northing":"30° 16' 7.25\" N","Description":null,"GlobalID":"{3F0148EC-E951-4E79-9D60-4675977B7ECB}","sectors":"القطاع الثاني","Implementing":"غاز مصر","__networkId":"gas","__networkName":"شبكة الغاز","__layerId":"gas_assets","__layerName":"عناصر شبكة الغاز","__assetName":"عناصر الغاز","__geometryKind":"point","__featureIndex":266,"__typeValue":"مخفض"},"geometry":{"type":"Point","coordinates":[31.56783951541701,30.26868120222069]}},{"type":"Feature","properties":{"Gas_Facility_Type":"مخفض","Easting":"031° 33' 43.59\" E","Northing":"30° 15' 54.4\" N","Description":null,"GlobalID":"{A50AE908-5C44-4BE0-809F-8DCCD4FA2420}","sectors":"القطاع الثاني","Implementing":"غاز مصر","__networkId":"gas","__networkName":"شبكة الغاز","__layerId":"gas_assets","__layerName":"عناصر شبكة الغاز","__assetName":"عناصر الغاز","__geometryKind":"point","__featureIndex":267,"__typeValue":"مخفض"},"geometry":{"type":"Point","coordinates":[31.562107295520423,30.2651112525945]}},{"type":"Feature","properties":{"Gas_Facility_Type":"مخفض","Easting":"031° 33' 18.74\" E","Northing":"30° 16' 19.46\" N","Description":null,"GlobalID":"{489E52AF-3E36-468B-BA41-21268372B795}","sectors":"القطاع الثالث","Implementing":"غاز مصر","__networkId":"gas","__networkName":"شبكة الغاز","__layerId":"gas_assets","__layerName":"عناصر شبكة الغاز","__assetName":"عناصر الغاز","__geometryKind":"point","__featureIndex":268,"__typeValue":"مخفض"},"geometry":{"type":"Point","coordinates":[31.55520472442059,30.27207336976525]}},{"type":"Feature","properties":{"Gas_Facility_Type":"مخفض","Easting":"031° 34' 5.52\" E","Northing":"30° 16' 8.6\" N","Description":null,"GlobalID":"{0FAAB817-D184-408E-B49A-CC4D14AAC4B2}","sectors":"القطاع الثاني","Implementing":"غاز مصر","__networkId":"gas","__networkName":"شبكة الغاز","__layerId":"gas_assets","__layerName":"عناصر شبكة الغاز","__assetName":"عناصر الغاز","__geometryKind":"point","__featureIndex":269,"__typeValue":"مخفض"},"geometry":{"type":"Point","coordinates":[31.568200391124517,30.269055179367715]}},{"type":"Feature","properties":{"Gas_Facility_Type":"مخفض","Easting":"031° 33' 55.39\" E","Northing":"30° 16' 34.01\" N","Description":null,"GlobalID":"{2659E3E8-DAF1-4708-B477-B29DF99FF99A}","sectors":"القطاع الاول","Implementing":"غاز مصر","__networkId":"gas","__networkName":"شبكة الغاز","__layerId":"gas_assets","__layerName":"عناصر شبكة الغاز","__assetName":"عناصر الغاز","__geometryKind":"point","__featureIndex":270,"__typeValue":"مخفض"},"geometry":{"type":"Point","coordinates":[31.565385677386907,30.276113507360147]}},{"type":"Feature","properties":{"Gas_Facility_Type":"مخفض","Easting":"031° 33' 56.5\" E","Northing":"30° 15' 55.83\" N","Description":null,"GlobalID":"{3042B17A-A88D-4382-B4A3-4CB89F03D011}","sectors":"القطاع الثاني","Implementing":"غاز مصر","__networkId":"gas","__networkName":"شبكة الغاز","__layerId":"gas_assets","__layerName":"عناصر شبكة الغاز","__assetName":"عناصر الغاز","__geometryKind":"point","__featureIndex":271,"__typeValue":"مخفض"},"geometry":{"type":"Point","coordinates":[31.56569429719603,30.265509048712488]}},{"type":"Feature","properties":{"Gas_Facility_Type":"مخفض","Easting":"031° 33' 15.82\" E","Northing":"30° 16' 18.99\" N","Description":null,"GlobalID":"{C85FF73D-5EF8-4AE3-9628-B334641C977A}","sectors":"القطاع الثالث","Implementing":"غاز مصر","__networkId":"gas","__networkName":"شبكة الغاز","__layerId":"gas_assets","__layerName":"عناصر شبكة الغاز","__assetName":"عناصر الغاز","__geometryKind":"point","__featureIndex":272,"__typeValue":"مخفض"},"geometry":{"type":"Point","coordinates":[31.55439520939892,30.271941913582022]}},{"type":"Feature","properties":{"Gas_Facility_Type":"مخفض","Easting":"031° 33' 13.22\" E","Northing":"30° 16' 20.54\" N","Description":null,"GlobalID":"{188BB235-1296-4B23-924B-C69F16FB5225}","sectors":"القطاع الثالث","Implementing":"غاز مصر","__networkId":"gas","__networkName":"شبكة الغاز","__layerId":"gas_assets","__layerName":"عناصر شبكة الغاز","__assetName":"عناصر الغاز","__geometryKind":"point","__featureIndex":273,"__typeValue":"مخفض"},"geometry":{"type":"Point","coordinates":[31.553672368327454,30.27237285220725]}},{"type":"Feature","properties":{"Gas_Facility_Type":"مخفض","Easting":"031° 33' 40.53\" E","Northing":"30° 15' 57.15\" N","Description":null,"GlobalID":"{452F9986-3A8D-4B94-BBB3-762EE157F5F8}","sectors":"القطاع الثاني","Implementing":"غاز مصر","__networkId":"gas","__networkName":"شبكة الغاز","__layerId":"gas_assets","__layerName":"عناصر شبكة الغاز","__assetName":"عناصر الغاز","__geometryKind":"point","__featureIndex":274,"__typeValue":"مخفض"},"geometry":{"type":"Point","coordinates":[31.56125712364735,30.265875581820826]}},{"type":"Feature","properties":{"Gas_Facility_Type":"مخفض","Easting":"031° 33' 15.92\" E","Northing":"30° 16' 20.14\" N","Description":null,"GlobalID":"{86480B70-AA0A-4A67-A6BC-AB16FE2DA887}","sectors":"القطاع الثالث","Implementing":"غاز مصر","__networkId":"gas","__networkName":"شبكة الغاز","__layerId":"gas_assets","__layerName":"عناصر شبكة الغاز","__assetName":"عناصر الغاز","__geometryKind":"point","__featureIndex":275,"__typeValue":"مخفض"},"geometry":{"type":"Point","coordinates":[31.55442324761559,30.272260888147624]}},{"type":"Feature","properties":{"Gas_Facility_Type":"مخفض","Easting":"031° 33' 26.74\" E","Northing":"30° 15' 58.07\" N","Description":null,"GlobalID":"{034C603F-51E0-45B0-9970-8FAB533A72C6}","sectors":"القطاع الثاني","Implementing":"غاز مصر","__networkId":"gas","__networkName":"شبكة الغاز","__layerId":"gas_assets","__layerName":"عناصر شبكة الغاز","__assetName":"عناصر الغاز","__geometryKind":"point","__featureIndex":276,"__typeValue":"مخفض"},"geometry":{"type":"Point","coordinates":[31.557427798728913,30.266129829833577]}},{"type":"Feature","properties":{"Gas_Facility_Type":"مخفض","Easting":"031° 33' 18.85\" E","Northing":"30° 16' 17.45\" N","Description":null,"GlobalID":"{9D128D58-5CE6-44B9-A8CC-885384EB193F}","sectors":"القطاع الثالث","Implementing":"غاز مصر","__networkId":"gas","__networkName":"شبكة الغاز","__layerId":"gas_assets","__layerName":"عناصر شبكة الغاز","__assetName":"عناصر الغاز","__geometryKind":"point","__featureIndex":277,"__typeValue":"مخفض"},"geometry":{"type":"Point","coordinates":[31.555235121613173,30.27151321054902]}},{"type":"Feature","properties":{"Gas_Facility_Type":"مخفض","Easting":"031° 33' 53.02\" E","Northing":"30° 16' 32.25\" N","Description":null,"GlobalID":"{72F2A9B1-9476-4AB7-85E7-1596522E5772}","sectors":"القطاع الاول","Implementing":"غاز مصر","__networkId":"gas","__networkName":"شبكة الغاز","__layerId":"gas_assets","__layerName":"عناصر شبكة الغاز","__assetName":"عناصر الغاز","__geometryKind":"point","__featureIndex":278,"__typeValue":"مخفض"},"geometry":{"type":"Point","coordinates":[31.564728019869065,30.275625560425066]}},{"type":"Feature","properties":{"Gas_Facility_Type":"مخفض","Easting":"031° 33' 37.6\" E","Northing":"30° 15' 57.44\" N","Description":null,"GlobalID":"{A47332BA-4F1E-4B11-922F-4EA0C0423BCB}","sectors":"القطاع الثاني","Implementing":"غاز مصر","__networkId":"gas","__networkName":"شبكة الغاز","__layerId":"gas_assets","__layerName":"عناصر شبكة الغاز","__assetName":"عناصر الغاز","__geometryKind":"point","__featureIndex":279,"__typeValue":"مخفض"},"geometry":{"type":"Point","coordinates":[31.560444452844102,30.26595520402024]}},{"type":"Feature","properties":{"Gas_Facility_Type":"مخفض","Easting":"031° 33' 56.67\" E","Northing":"30° 16' 32.9\" N","Description":null,"GlobalID":"{02653BB3-7C70-4ED0-A80E-05134C70CE5B}","sectors":"القطاع الاول","Implementing":"غاز مصر","__networkId":"gas","__networkName":"شبكة الغاز","__layerId":"gas_assets","__layerName":"عناصر شبكة الغاز","__assetName":"عناصر الغاز","__geometryKind":"point","__featureIndex":280,"__typeValue":"مخفض"},"geometry":{"type":"Point","coordinates":[31.56574089730139,30.275806615098524]}},{"type":"Feature","properties":{"Gas_Facility_Type":"مخفض","Easting":"031° 33' 57.31\" E","Northing":"30° 15' 56.05\" N","Description":null,"GlobalID":"{9960DCCF-A9BE-4E01-89FE-8A21B63772A8}","sectors":"القطاع الثاني","Implementing":"غاز مصر","__networkId":"gas","__networkName":"شبكة الغاز","__layerId":"gas_assets","__layerName":"عناصر شبكة الغاز","__assetName":"عناصر الغاز","__geometryKind":"point","__featureIndex":281,"__typeValue":"مخفض"},"geometry":{"type":"Point","coordinates":[31.56591894518733,30.26556880496664]}},{"type":"Feature","properties":{"Gas_Facility_Type":"مخفض","Easting":"031° 33' 42.99\" E","Northing":"30° 15' 55.39\" N","Description":null,"GlobalID":"{A5A3D263-9912-4721-936D-B73E33D988F2}","sectors":"القطاع الثاني","Implementing":"غاز مصر","__networkId":"gas","__networkName":"شبكة الغاز","__layerId":"gas_assets","__layerName":"عناصر شبكة الغاز","__assetName":"عناصر الغاز","__geometryKind":"point","__featureIndex":282,"__typeValue":"مخفض"},"geometry":{"type":"Point","coordinates":[31.561942942451,30.265386850791494]}},{"type":"Feature","properties":{"Gas_Facility_Type":"مخفض","Easting":"031° 33' 26.92\" E","Northing":"30° 15' 52.97\" N","Description":null,"GlobalID":"{82590FA8-F75B-4DD9-9D6D-6CD1045FE3B9}","sectors":"القطاع الثاني","Implementing":"غاز مصر","__networkId":"gas","__networkName":"شبكة الغاز","__layerId":"gas_assets","__layerName":"عناصر شبكة الغاز","__assetName":"عناصر الغاز","__geometryKind":"point","__featureIndex":283,"__typeValue":"مخفض"},"geometry":{"type":"Point","coordinates":[31.55747854366102,30.264714143070766]}},{"type":"Feature","properties":{"Gas_Facility_Type":"مخفض","Easting":"031° 33' 25.74\" E","Northing":"30° 15' 59.94\" N","Description":null,"GlobalID":"{3B5AAB5A-F264-4751-9BA9-BE1DF6A27439}","sectors":"القطاع الثاني","Implementing":"غاز مصر","__networkId":"gas","__networkName":"شبكة الغاز","__layerId":"gas_assets","__layerName":"عناصر شبكة الغاز","__assetName":"عناصر الغاز","__geometryKind":"point","__featureIndex":284,"__typeValue":"مخفض"},"geometry":{"type":"Point","coordinates":[31.557151000840445,30.26665073927785]}},{"type":"Feature","properties":{"Gas_Facility_Type":"مخفض","Easting":"031° 34' 4.81\" E","Northing":"30° 16' 9.51\" N","Description":null,"GlobalID":"{E438FB7E-F590-4A86-AC24-DB2F31B77CF2}","sectors":"القطاع الثاني","Implementing":"غاز مصر","__networkId":"gas","__networkName":"شبكة الغاز","__layerId":"gas_assets","__layerName":"عناصر شبكة الغاز","__assetName":"عناصر الغاز","__geometryKind":"point","__featureIndex":285,"__typeValue":"مخفض"},"geometry":{"type":"Point","coordinates":[31.568001739479215,30.269307186267195]}},{"type":"Feature","properties":{"Gas_Facility_Type":"مخفض","Easting":"031° 33' 17.76\" E","Northing":"30° 16' 20.8\" N","Description":null,"GlobalID":"{21817407-CB74-4556-96A9-34E02DC8CB33}","sectors":"القطاع الثالث","Implementing":"غاز مصر","__networkId":"gas","__networkName":"شبكة الغاز","__layerId":"gas_assets","__layerName":"عناصر شبكة الغاز","__assetName":"عناصر الغاز","__geometryKind":"point","__featureIndex":286,"__typeValue":"مخفض"},"geometry":{"type":"Point","coordinates":[31.554932601364815,30.27244568071864]}},{"type":"Feature","properties":{"Gas_Facility_Type":"مخفض","Easting":"031° 34' 2.59\" E","Northing":"30° 16' 7.92\" N","Description":null,"GlobalID":"{E31066FF-9594-4021-98F3-CBF3B4517883}","sectors":"القطاع الثاني","Implementing":"غاز مصر","__networkId":"gas","__networkName":"شبكة الغاز","__layerId":"gas_assets","__layerName":"عناصر شبكة الغاز","__assetName":"عناصر الغاز","__geometryKind":"point","__featureIndex":287,"__typeValue":"مخفض"},"geometry":{"type":"Point","coordinates":[31.567385021782155,30.268865687312143]}},{"type":"Feature","properties":{"Gas_Facility_Type":"مخفض","Easting":"031° 33' 28.88\" E","Northing":"30° 15' 55.4\" N","Description":null,"GlobalID":"{BFEFCCDE-2A8E-4DA8-A53A-118D400BC4AD}","sectors":"القطاع الثاني","Implementing":"غاز مصر","__networkId":"gas","__networkName":"شبكة الغاز","__layerId":"gas_assets","__layerName":"عناصر شبكة الغاز","__assetName":"عناصر الغاز","__geometryKind":"point","__featureIndex":288,"__typeValue":"مخفض"},"geometry":{"type":"Point","coordinates":[31.55802126802642,30.26538854763033]}},{"type":"Feature","properties":{"Gas_Facility_Type":"مخفض","Easting":"031° 34' 8.26\" E","Northing":"30° 16' 22.4\" N","Description":null,"GlobalID":"{6E0B1F93-B0EF-4835-B7B2-6EDA4B4F50FC}","sectors":"القطاع الثاني","Implementing":"غاز مصر","__networkId":"gas","__networkName":"شبكة الغاز","__layerId":"gas_assets","__layerName":"عناصر شبكة الغاز","__assetName":"عناصر الغاز","__geometryKind":"point","__featureIndex":289,"__typeValue":"مخفض"},"geometry":{"type":"Point","coordinates":[31.568960779978223,30.27288820937255]}},{"type":"Feature","properties":{"Gas_Facility_Type":"مخفض","Easting":"031° 33' 17.35\" E","Northing":"30° 16' 16.63\" N","Description":null,"GlobalID":"{DD53F6DB-88FD-4972-A7F6-F60ED264C3F8}","sectors":"القطاع الثالث","Implementing":"غاز مصر","__networkId":"gas","__networkName":"شبكة الغاز","__layerId":"gas_assets","__layerName":"عناصر شبكة الغاز","__assetName":"عناصر الغاز","__geometryKind":"point","__featureIndex":290,"__typeValue":"مخفض"},"geometry":{"type":"Point","coordinates":[31.554818332965727,30.27128581704274]}},{"type":"Feature","properties":{"Gas_Facility_Type":"مخفض","Easting":"031° 34' 9.71\" E","Northing":"30° 16' 25.01\" N","Description":null,"GlobalID":"{7C9A3E32-3DC0-4C27-AE7A-42AF56DF64A6}","sectors":"القطاع الثاني","Implementing":"غاز مصر","__networkId":"gas","__networkName":"شبكة الغاز","__layerId":"gas_assets","__layerName":"عناصر شبكة الغاز","__assetName":"عناصر الغاز","__geometryKind":"point","__featureIndex":291,"__typeValue":"مخفض"},"geometry":{"type":"Point","coordinates":[31.56936281739037,30.273613113457344]}},{"type":"Feature","properties":{"Gas_Facility_Type":"مخفض","Easting":"031° 33' 39.1\" E","Northing":"30° 15' 54.35\" N","Description":null,"GlobalID":"{3AF69460-D8E1-48C3-9D11-FEBADD52E2DF}","sectors":"القطاع الثاني","Implementing":"غاز مصر","__networkId":"gas","__networkName":"شبكة الغاز","__layerId":"gas_assets","__layerName":"عناصر شبكة الغاز","__assetName":"عناصر الغاز","__geometryKind":"point","__featureIndex":292,"__typeValue":"مخفض"},"geometry":{"type":"Point","coordinates":[31.56086225479118,30.265096590840905]}},{"type":"Feature","properties":{"Gas_Facility_Type":"مخفض","Easting":"031° 33' 56.53\" E","Northing":"30° 15' 55.79\" N","Description":null,"GlobalID":"{58B13A02-CF4C-42F6-AC7C-86E8967AB5DF}","sectors":"القطاع الثاني","Implementing":"غاز مصر","__networkId":"gas","__networkName":"شبكة الغاز","__layerId":"gas_assets","__layerName":"عناصر شبكة الغاز","__assetName":"عناصر الغاز","__geometryKind":"point","__featureIndex":293,"__typeValue":"مخفض"},"geometry":{"type":"Point","coordinates":[31.56570271171527,30.265497682931958]}},{"type":"Feature","properties":{"Gas_Facility_Type":"مخفض","Easting":"031° 33' 44.16\" E","Northing":"30° 15' 52.91\" N","Description":null,"GlobalID":"{68C8AB1E-C64A-4C3B-99A2-BAF3256B8272}","sectors":"القطاع الثاني","Implementing":"غاز مصر","__networkId":"gas","__networkName":"شبكة الغاز","__layerId":"gas_assets","__layerName":"عناصر شبكة الغاز","__assetName":"عناصر الغاز","__geometryKind":"point","__featureIndex":294,"__typeValue":"مخفض"},"geometry":{"type":"Point","coordinates":[31.562266857874462,30.264697079907705]}},{"type":"Feature","properties":{"Gas_Facility_Type":"مخفض","Easting":"031° 33' 41.51\" E","Northing":"30° 15' 55.16\" N","Description":null,"GlobalID":"{158DA71D-7CF0-400C-9821-8E4F832ADE66}","sectors":"القطاع الثاني","Implementing":"غاز مصر","__networkId":"gas","__networkName":"شبكة الغاز","__layerId":"gas_assets","__layerName":"عناصر شبكة الغاز","__assetName":"عناصر الغاز","__geometryKind":"point","__featureIndex":295,"__typeValue":"مخفض"},"geometry":{"type":"Point","coordinates":[31.561529638368555,30.26532159579648]}},{"type":"Feature","properties":{"Gas_Facility_Type":"مخفض","Easting":"031° 33' 54.41\" E","Northing":"30° 16' 30.87\" N","Description":null,"GlobalID":"{9AFB9FA7-E1A3-4F93-B0F3-CC6C45E4EFD2}","sectors":"القطاع الاول","Implementing":"غاز مصر","__networkId":"gas","__networkName":"شبكة الغاز","__layerId":"gas_assets","__layerName":"عناصر شبكة الغاز","__assetName":"عناصر الغاز","__geometryKind":"point","__featureIndex":296,"__typeValue":"مخفض"},"geometry":{"type":"Point","coordinates":[31.565112691050153,30.275241512861374]}},{"type":"Feature","properties":{"Gas_Facility_Type":"مخفض","Easting":"031° 33' 46.49\" E","Northing":"30° 16' 41.9\" N","Description":null,"GlobalID":"{9EC65F25-A69A-4AAE-B082-0D440D483DDE}","sectors":"القطاع الثالث","Implementing":"غاز مصر","__networkId":"gas","__networkName":"شبكة الغاز","__layerId":"gas_assets","__layerName":"عناصر شبكة الغاز","__assetName":"عناصر الغاز","__geometryKind":"point","__featureIndex":297,"__typeValue":"مخفض"},"geometry":{"type":"Point","coordinates":[31.56291341401201,30.27830456606619]}},{"type":"Feature","properties":{"Gas_Facility_Type":"مخفض","Easting":"031° 33' 53.16\" E","Northing":"30° 16' 36.28\" N","Description":null,"GlobalID":"{71969719-0380-486D-A783-DBA675EC6DFA}","sectors":"القطاع الثالث","Implementing":"غاز مصر","__networkId":"gas","__networkName":"شبكة الغاز","__layerId":"gas_assets","__layerName":"عناصر شبكة الغاز","__assetName":"عناصر الغاز","__geometryKind":"point","__featureIndex":298,"__typeValue":"مخفض"},"geometry":{"type":"Point","coordinates":[31.56476658723918,30.276743935807247]}},{"type":"Feature","properties":{"Gas_Facility_Type":"مخفض","Easting":"031° 33' 48.34\" E","Northing":"30° 16' 43.61\" N","Description":null,"GlobalID":"{116320C0-C050-4473-9D9D-34C32BA0815A}","sectors":"القطاع الثالث","Implementing":"غاز مصر","__networkId":"gas","__networkName":"شبكة الغاز","__layerId":"gas_assets","__layerName":"عناصر شبكة الغاز","__assetName":"عناصر الغاز","__geometryKind":"point","__featureIndex":299,"__typeValue":"مخفض"},"geometry":{"type":"Point","coordinates":[31.563427753411087,30.278779632774018]}},{"type":"Feature","properties":{"Gas_Facility_Type":"مخفض","Easting":"031° 33' 41.51\" E","Northing":"30° 16' 39.05\" N","Description":null,"GlobalID":"{411F11A3-A20E-415A-9EC9-C06362473820}","sectors":"القطاع الثالث","Implementing":"غاز مصر","__networkId":"gas","__networkName":"شبكة الغاز","__layerId":"gas_assets","__layerName":"عناصر شبكة الغاز","__assetName":"عناصر الغاز","__geometryKind":"point","__featureIndex":300,"__typeValue":"مخفض"},"geometry":{"type":"Point","coordinates":[31.561530026440767,30.27751308902476]}},{"type":"Feature","properties":{"Gas_Facility_Type":"مخفض","Easting":"031° 33' 50.46\" E","Northing":"30° 16' 42.75\" N","Description":null,"GlobalID":"{414A647E-A5A2-4C8E-A9AE-765F3F40D062}","sectors":"القطاع الثالث","Implementing":"غاز مصر","__networkId":"gas","__networkName":"شبكة الغاز","__layerId":"gas_assets","__layerName":"عناصر شبكة الغاز","__assetName":"عناصر الغاز","__geometryKind":"point","__featureIndex":301,"__typeValue":"مخفض"},"geometry":{"type":"Point","coordinates":[31.564015285742883,30.278541914298298]}},{"type":"Feature","properties":{"Gas_Facility_Type":"مخفض","Easting":"031° 33' 42.86\" E","Northing":"30° 16' 29.31\" N","Description":null,"GlobalID":"{99BAD73D-653F-46B3-B59E-20228AEF96F5}","sectors":"القطاع الثالث","Implementing":"غاز مصر","__networkId":"gas","__networkName":"شبكة الغاز","__layerId":"gas_assets","__layerName":"عناصر شبكة الغاز","__assetName":"عناصر الغاز","__geometryKind":"point","__featureIndex":302,"__typeValue":"مخفض"},"geometry":{"type":"Point","coordinates":[31.561906231898615,30.274809254780973]}},{"type":"Feature","properties":{"Gas_Facility_Type":"مخفض","Easting":"031° 33' 46.56\" E","Northing":"30° 16' 43.22\" N","Description":null,"GlobalID":"{DB204401-36BA-4819-A709-14EF5B8BE9E1}","sectors":"القطاع الثالث","Implementing":"غاز مصر","__networkId":"gas","__networkName":"شبكة الغاز","__layerId":"gas_assets","__layerName":"عناصر شبكة الغاز","__assetName":"عناصر الغاز","__geometryKind":"point","__featureIndex":303,"__typeValue":"مخفض"},"geometry":{"type":"Point","coordinates":[31.562932808638973,30.278673557135924]}},{"type":"Feature","properties":{"Gas_Facility_Type":"مخفض","Easting":"031° 33' 55.74\" E","Northing":"30° 16' 39.02\" N","Description":null,"GlobalID":"{F6F0C7EE-981B-4618-B00F-2EFB19E63BC8}","sectors":"القطاع الثالث","Implementing":"غاز مصر","__networkId":"gas","__networkName":"شبكة الغاز","__layerId":"gas_assets","__layerName":"عناصر شبكة الغاز","__assetName":"عناصر الغاز","__geometryKind":"point","__featureIndex":304,"__typeValue":"مخفض"},"geometry":{"type":"Point","coordinates":[31.56548461783229,30.27750451666384]}},{"type":"Feature","properties":{"Gas_Facility_Type":"مخفض","Easting":"031° 33' 7.35\" E","Northing":"30° 16' 21.92\" N","Description":null,"GlobalID":"{32908564-D934-466C-B8D5-5F5F21A3B59A}","sectors":"القطاع الثالث","Implementing":"غاز مصر","__networkId":"gas","__networkName":"شبكة الغاز","__layerId":"gas_assets","__layerName":"عناصر شبكة الغاز","__assetName":"عناصر الغاز","__geometryKind":"point","__featureIndex":305,"__typeValue":"مخفض"},"geometry":{"type":"Point","coordinates":[31.55204201681662,30.27275670617993]}},{"type":"Feature","properties":{"Gas_Facility_Type":"مخفض","Easting":"031° 33' 7.36\" E","Northing":"30° 16' 21.97\" N","Description":null,"GlobalID":"{042902E2-51F5-4B49-936A-80F4B0C30BE0}","sectors":"القطاع الثالث","Implementing":"غاز مصر","__networkId":"gas","__networkName":"شبكة الغاز","__layerId":"gas_assets","__layerName":"عناصر شبكة الغاز","__assetName":"عناصر الغاز","__geometryKind":"point","__featureIndex":306,"__typeValue":"مخفض"},"geometry":{"type":"Point","coordinates":[31.552045521144564,30.272768566091163]}},{"type":"Feature","properties":{"Gas_Facility_Type":"مخفض","Easting":"031° 33' 42.13\" E","Northing":"30° 16' 44.53\" N","Description":null,"GlobalID":"{59E5D6F5-76ED-4395-A8EA-246F254257F5}","sectors":"القطاع الثالث","Implementing":"غاز مصر","__networkId":"gas","__networkName":"شبكة الغاز","__layerId":"gas_assets","__layerName":"عناصر شبكة الغاز","__assetName":"عناصر الغاز","__geometryKind":"point","__featureIndex":307,"__typeValue":"مخفض"},"geometry":{"type":"Point","coordinates":[31.561704109163028,30.279035073077328]}},{"type":"Feature","properties":{"Gas_Facility_Type":"مخفض","Easting":"031° 33' 42.77\" E","Northing":"30° 16' 42.11\" N","Description":null,"GlobalID":"{455EA5A3-DFF7-4D79-BC9D-46B468C5D9FF}","sectors":"القطاع الثالث","Implementing":"غاز مصر","__networkId":"gas","__networkName":"شبكة الغاز","__layerId":"gas_assets","__layerName":"عناصر شبكة الغاز","__assetName":"عناصر الغاز","__geometryKind":"point","__featureIndex":308,"__typeValue":"مخفض"},"geometry":{"type":"Point","coordinates":[31.56187959864707,30.27836400577395]}},{"type":"Feature","properties":{"Gas_Facility_Type":"مخفض","Easting":"031° 33' 19.39\" E","Northing":"30° 16' 21.73\" N","Description":null,"GlobalID":"{1D3E0985-2D37-495F-843C-6FEEA02147E5}","sectors":"القطاع الثالث","Implementing":"غاز مصر","__networkId":"gas","__networkName":"شبكة الغاز","__layerId":"gas_assets","__layerName":"عناصر شبكة الغاز","__assetName":"عناصر الغاز","__geometryKind":"point","__featureIndex":309,"__typeValue":"مخفض"},"geometry":{"type":"Point","coordinates":[31.55538662877404,30.272701883068088]}},{"type":"Feature","properties":{"Gas_Facility_Type":"مخفض","Easting":"031° 33' 19.06\" E","Northing":"30° 16' 13.72\" N","Description":null,"GlobalID":"{2D220E16-0B93-463D-A368-D4495A9AD83F}","sectors":"القطاع الثالث","Implementing":"غاز مصر","__networkId":"gas","__networkName":"شبكة الغاز","__layerId":"gas_assets","__layerName":"عناصر شبكة الغاز","__assetName":"عناصر الغاز","__geometryKind":"point","__featureIndex":310,"__typeValue":"مخفض"},"geometry":{"type":"Point","coordinates":[31.555295094039867,30.270478487404567]}},{"type":"Feature","properties":{"Gas_Facility_Type":"مخفض","Easting":"031° 33' 27.59\" E","Northing":"30° 16' 14.23\" N","Description":null,"GlobalID":"{C9AD8ACD-A58C-4C5F-8842-5DD525F793FD}","sectors":"القطاع الثالث","Implementing":"غاز مصر","__networkId":"gas","__networkName":"شبكة الغاز","__layerId":"gas_assets","__layerName":"عناصر شبكة الغاز","__assetName":"عناصر الغاز","__geometryKind":"point","__featureIndex":311,"__typeValue":"مخفض"},"geometry":{"type":"Point","coordinates":[31.557664948574025,30.270619651227896]}},{"type":"Feature","properties":{"Gas_Facility_Type":"مخفض","Easting":"031° 33' 26.33\" E","Northing":"30° 16' 16.21\" N","Description":null,"GlobalID":"{63213481-4238-410B-A6E2-7E1AD9724ABF}","sectors":"القطاع الثالث","Implementing":"غاز مصر","__networkId":"gas","__networkName":"شبكة الغاز","__layerId":"gas_assets","__layerName":"عناصر شبكة الغاز","__assetName":"عناصر الغاز","__geometryKind":"point","__featureIndex":312,"__typeValue":"مخفض"},"geometry":{"type":"Point","coordinates":[31.55731351865173,30.27116978872487]}},{"type":"Feature","properties":{"Gas_Facility_Type":"مخفض","Easting":"031° 33' 25.07\" E","Northing":"30° 16' 15.74\" N","Description":null,"GlobalID":"{BF6A0261-342D-42EC-95FC-56C80B9348AE}","sectors":"القطاع الثالث","Implementing":"غاز مصر","__networkId":"gas","__networkName":"شبكة الغاز","__layerId":"gas_assets","__layerName":"عناصر شبكة الغاز","__assetName":"عناصر الغاز","__geometryKind":"point","__featureIndex":313,"__typeValue":"مخفض"},"geometry":{"type":"Point","coordinates":[31.556964367755306,30.271039302671284]}},{"type":"Feature","properties":{"Gas_Facility_Type":"مخفض","Easting":"031° 33' 25.46\" E","Northing":"30° 16' 18.57\" N","Description":null,"GlobalID":"{4E95601E-A28D-4403-9F97-1471E2F0360C}","sectors":"القطاع الثالث","Implementing":"غاز مصر","__networkId":"gas","__networkName":"شبكة الغاز","__layerId":"gas_assets","__layerName":"عناصر شبكة الغاز","__assetName":"عناصر الغاز","__geometryKind":"point","__featureIndex":314,"__typeValue":"مخفض"},"geometry":{"type":"Point","coordinates":[31.55707241621936,30.27182638644623]}},{"type":"Feature","properties":{"Gas_Facility_Type":"مخفض","Easting":"031° 33' 25.93\" E","Northing":"30° 16' 17.33\" N","Description":null,"GlobalID":"{C9CA055E-55CF-41F7-9894-80FE735AF0CB}","sectors":"القطاع الثالث","Implementing":"غاز مصر","__networkId":"gas","__networkName":"شبكة الغاز","__layerId":"gas_assets","__layerName":"عناصر شبكة الغاز","__assetName":"عناصر الغاز","__geometryKind":"point","__featureIndex":315,"__typeValue":"مخفض"},"geometry":{"type":"Point","coordinates":[31.557201976639533,30.271479339502783]}},{"type":"Feature","properties":{"Gas_Facility_Type":"مخفض","Easting":"031° 33' 27.57\" E","Northing":"30° 16' 20.17\" N","Description":null,"GlobalID":"{F3DB6970-9395-4E02-9EC6-43A31507EDB1}","sectors":"القطاع الثالث","Implementing":"غاز مصر","__networkId":"gas","__networkName":"شبكة الغاز","__layerId":"gas_assets","__layerName":"عناصر شبكة الغاز","__assetName":"عناصر الغاز","__geometryKind":"point","__featureIndex":316,"__typeValue":"مخفض"},"geometry":{"type":"Point","coordinates":[31.557659026879698,30.27226910331322]}},{"type":"Feature","properties":{"Gas_Facility_Type":"مخفض","Easting":"031° 33' 26.25\" E","Northing":"30° 16' 22.24\" N","Description":null,"GlobalID":"{D9925256-406B-48AC-92BB-E782FF16D92C}","sectors":"القطاع الثالث","Implementing":"غاز مصر","__networkId":"gas","__networkName":"شبكة الغاز","__layerId":"gas_assets","__layerName":"عناصر شبكة الغاز","__assetName":"عناصر الغاز","__geometryKind":"point","__featureIndex":317,"__typeValue":"مخفض"},"geometry":{"type":"Point","coordinates":[31.557290668205862,30.27284368063911]}},{"type":"Feature","properties":{"Gas_Facility_Type":"مخفض","Easting":"031° 33' 24.67\" E","Northing":"30° 16' 19.6\" N","Description":null,"GlobalID":"{4FE21DAF-D9DB-41F2-BD73-A2B6947A211C}","sectors":"القطاع الثالث","Implementing":"غاز مصر","__networkId":"gas","__networkName":"شبكة الغاز","__layerId":"gas_assets","__layerName":"عناصر شبكة الغاز","__assetName":"عناصر الغاز","__geometryKind":"point","__featureIndex":318,"__typeValue":"مخفض"},"geometry":{"type":"Point","coordinates":[31.556852222075264,30.27210998391297]}},{"type":"Feature","properties":{"Gas_Facility_Type":"مخفض","Easting":"031° 33' 23.44\" E","Northing":"30° 16' 19.6\" N","Description":null,"GlobalID":"{AB01B6E4-11DF-4B82-8D6D-797236028820}","sectors":"القطاع الثالث","Implementing":"غاز مصر","__networkId":"gas","__networkName":"شبكة الغاز","__layerId":"gas_assets","__layerName":"عناصر شبكة الغاز","__assetName":"عناصر الغاز","__geometryKind":"point","__featureIndex":319,"__typeValue":"مخفض"},"geometry":{"type":"Point","coordinates":[31.556512436115643,30.272111710116757]}},{"type":"Feature","properties":{"Gas_Facility_Type":"مخفض","Easting":"031° 33' 45.61\" E","Northing":"30° 16' 14.74\" N","Description":null,"GlobalID":"{7C45AB90-6DF7-43A6-A22E-493354EBC390}","sectors":"القطاع الاول","Implementing":"غاز مصر","__networkId":"gas","__networkName":"شبكة الغاز","__layerId":"gas_assets","__layerName":"عناصر شبكة الغاز","__assetName":"عناصر الغاز","__geometryKind":"point","__featureIndex":320,"__typeValue":"مخفض"},"geometry":{"type":"Point","coordinates":[31.562669855585636,30.270760513049375]}},{"type":"Feature","properties":{"Gas_Facility_Type":"مخفض","Easting":"031° 33' 51.11\" E","Northing":"30° 16' 6.04\" N","Description":null,"GlobalID":"{91902A66-FD7F-4643-B5C3-7E3DF2DDC807}","sectors":"القطاع الثاني","Implementing":"غاز مصر","__networkId":"gas","__networkName":"شبكة الغاز","__layerId":"gas_assets","__layerName":"عناصر شبكة الغاز","__assetName":"عناصر الغاز","__geometryKind":"point","__featureIndex":321,"__typeValue":"مخفض"},"geometry":{"type":"Point","coordinates":[31.56419780813723,30.26834316576219]}},{"type":"Feature","properties":{"Gas_Facility_Type":"مخفض","Easting":"031° 33' 54.94\" E","Northing":"30° 16' 0.4\" N","Description":null,"GlobalID":"{3B7365C5-3A01-46EF-9A5C-CB3C2394E80F}","sectors":"القطاع الثاني","Implementing":"غاز مصر","__networkId":"gas","__networkName":"شبكة الغاز","__layerId":"gas_assets","__layerName":"عناصر شبكة الغاز","__assetName":"عناصر الغاز","__geometryKind":"point","__featureIndex":322,"__typeValue":"مخفض"},"geometry":{"type":"Point","coordinates":[31.56526036420137,30.266778722796136]}},{"type":"Feature","properties":{"Gas_Facility_Type":"مخفض","Easting":"031° 33' 54.1\" E","Northing":"30° 15' 56.0\" N","Description":null,"GlobalID":"{9833ED18-2A61-4271-8539-B1674CDA1307}","sectors":"القطاع الثاني","Implementing":"غاز مصر","__networkId":"gas","__networkName":"شبكة الغاز","__layerId":"gas_assets","__layerName":"عناصر شبكة الغاز","__assetName":"عناصر الغاز","__geometryKind":"point","__featureIndex":323,"__typeValue":"مخفض"},"geometry":{"type":"Point","coordinates":[31.56502812095434,30.26555612408704]}},{"type":"Feature","properties":{"Gas_Facility_Type":"مخفض","Easting":"031° 33' 44.94\" E","Northing":"30° 15' 57.52\" N","Description":null,"GlobalID":"{70834C69-1FC4-481D-A152-79CC557A5977}","sectors":"القطاع الثاني","Implementing":"غاز مصر","__networkId":"gas","__networkName":"شبكة الغاز","__layerId":"gas_assets","__layerName":"عناصر شبكة الغاز","__assetName":"عناصر الغاز","__geometryKind":"point","__featureIndex":324,"__typeValue":"مخفض"},"geometry":{"type":"Point","coordinates":[31.562483849524607,30.265976498562015]}},{"type":"Feature","properties":{"Gas_Facility_Type":"مخفض","Easting":"031° 33' 36.39\" E","Northing":"30° 15' 57.05\" N","Description":null,"GlobalID":"{479CA62B-FDB4-4826-A9D9-72E779F711DA}","sectors":"القطاع الثاني","Implementing":"غاز مصر","__networkId":"gas","__networkName":"شبكة الغاز","__layerId":"gas_assets","__layerName":"عناصر شبكة الغاز","__assetName":"عناصر الغاز","__geometryKind":"point","__featureIndex":325,"__typeValue":"مخفض"},"geometry":{"type":"Point","coordinates":[31.560108349078856,30.26584789640435]}},{"type":"Feature","properties":{"Gas_Facility_Type":"مخفض","Easting":"031° 33' 36.43\" E","Northing":"30° 15' 54.63\" N","Description":null,"GlobalID":"{0A91B0C6-30C9-4041-93AC-1B093DD65E99}","sectors":"القطاع الثاني","Implementing":"غاز مصر","__networkId":"gas","__networkName":"شبكة الغاز","__layerId":"gas_assets","__layerName":"عناصر شبكة الغاز","__assetName":"عناصر الغاز","__geometryKind":"point","__featureIndex":326,"__typeValue":"مخفض"},"geometry":{"type":"Point","coordinates":[31.560119485493438,30.265173765005]}},{"type":"Feature","properties":{"Gas_Facility_Type":"مخفض","Easting":"031° 33' 35.16\" E","Northing":"30° 15' 54.66\" N","Description":null,"GlobalID":"{1B607F85-08F5-4E61-895E-184330993AEC}","sectors":"القطاع الثاني","Implementing":"غاز مصر","__networkId":"gas","__networkName":"شبكة الغاز","__layerId":"gas_assets","__layerName":"عناصر شبكة الغاز","__assetName":"عناصر الغاز","__geometryKind":"point","__featureIndex":327,"__typeValue":"مخفض"},"geometry":{"type":"Point","coordinates":[31.55976779505968,30.26518405157857]}},{"type":"Feature","properties":{"Gas_Facility_Type":"مخفض","Easting":"031° 33' 24.86\" E","Northing":"30° 16' 9.35\" N","Description":null,"GlobalID":"{D453E02C-533A-4843-BED4-39C2CBD74FBA}","sectors":"القطاع الثالث","Implementing":"غاز مصر","__networkId":"gas","__networkName":"شبكة الغاز","__layerId":"gas_assets","__layerName":"عناصر شبكة الغاز","__assetName":"عناصر الغاز","__geometryKind":"point","__featureIndex":328,"__typeValue":"مخفض"},"geometry":{"type":"Point","coordinates":[31.556906589014563,30.26926283125018]}},{"type":"Feature","properties":{"Gas_Facility_Type":"مخفض","Easting":"031° 33' 22.55\" E","Northing":"30° 16' 11.43\" N","Description":null,"GlobalID":"{C2C1D2D1-2CF5-46BB-A51A-3AEA8C0091DE}","sectors":"القطاع الثالث","Implementing":"غاز مصر","__networkId":"gas","__networkName":"شبكة الغاز","__layerId":"gas_assets","__layerName":"عناصر شبكة الغاز","__assetName":"عناصر الغاز","__geometryKind":"point","__featureIndex":329,"__typeValue":"مخفض"},"geometry":{"type":"Point","coordinates":[31.55626263260145,30.26984126114935]}},{"type":"Feature","properties":{"Gas_Facility_Type":"مخفض","Easting":"031° 33' 51.07\" E","Northing":"30° 16' 24.11\" N","Description":null,"GlobalID":"{D881B31F-41EF-4F25-8FB3-75724EE6EB21}","sectors":"القطاع الاول","Implementing":"غاز مصر","__networkId":"gas","__networkName":"شبكة الغاز","__layerId":"gas_assets","__layerName":"عناصر شبكة الغاز","__assetName":"عناصر الغاز","__geometryKind":"point","__featureIndex":330,"__typeValue":"مخفض"},"geometry":{"type":"Point","coordinates":[31.564187429900766,30.273364151037093]}},{"type":"Feature","properties":{"Gas_Facility_Type":"مخفض","Easting":"031° 33' 49.26\" E","Northing":"30° 16' 22.43\" N","Description":null,"GlobalID":"{8FA866E0-BA35-4033-B51A-3B3BFF3439C0}","sectors":"القطاع الاول","Implementing":"غاز مصر","__networkId":"gas","__networkName":"شبكة الغاز","__layerId":"gas_assets","__layerName":"عناصر شبكة الغاز","__assetName":"عناصر الغاز","__geometryKind":"point","__featureIndex":331,"__typeValue":"مخفض"},"geometry":{"type":"Point","coordinates":[31.563684602412053,30.272898318251787]}},{"type":"Feature","properties":{"Gas_Facility_Type":"مخفض","Easting":"031° 33' 53.45\" E","Northing":"30° 16' 22.04\" N","Description":null,"GlobalID":"{78EE8582-54BF-4F4C-B846-D3379E9B65B8}","sectors":"القطاع الاول","Implementing":"غاز مصر","__networkId":"gas","__networkName":"شبكة الغاز","__layerId":"gas_assets","__layerName":"عناصر شبكة الغاز","__assetName":"عناصر الغاز","__geometryKind":"point","__featureIndex":332,"__typeValue":"مخفض"},"geometry":{"type":"Point","coordinates":[31.564847389800665,30.272787521619737]}},{"type":"Feature","properties":{"Gas_Facility_Type":"مخفض","Easting":"031° 33' 51.69\" E","Northing":"30° 16' 20.42\" N","Description":null,"GlobalID":"{2C9CFD36-F929-40BB-891A-6888170B2C7C}","sectors":"القطاع الاول","Implementing":"غاز مصر","__networkId":"gas","__networkName":"شبكة الغاز","__layerId":"gas_assets","__layerName":"عناصر شبكة الغاز","__assetName":"عناصر الغاز","__geometryKind":"point","__featureIndex":333,"__typeValue":"مخفض"},"geometry":{"type":"Point","coordinates":[31.56435953273615,30.272339896925402]}},{"type":"Feature","properties":{"Gas_Facility_Type":"مخفض","Easting":"031° 34' 13.02\" E","Northing":"30° 16' 22.1\" N","Description":null,"GlobalID":"{977877F0-D7DC-4605-9D8F-0E235A96A315}","sectors":"القطاع الثاني","Implementing":"غاز مصر","__networkId":"gas","__networkName":"شبكة الغاز","__layerId":"gas_assets","__layerName":"عناصر شبكة الغاز","__assetName":"عناصر الغاز","__geometryKind":"point","__featureIndex":334,"__typeValue":"مخفض"},"geometry":{"type":"Point","coordinates":[31.570283928323132,30.27280603105016]}},{"type":"Feature","properties":{"Gas_Facility_Type":"مخفض","Easting":"031° 34' 10.32\" E","Northing":"30° 16' 21.36\" N","Description":null,"GlobalID":"{75EF539B-36E0-45BD-A178-E9B6D0AFCFC5}","sectors":"القطاع الثاني","Implementing":"غاز مصر","__networkId":"gas","__networkName":"شبكة الغاز","__layerId":"gas_assets","__layerName":"عناصر شبكة الغاز","__assetName":"عناصر الغاز","__geometryKind":"point","__featureIndex":335,"__typeValue":"مخفض"},"geometry":{"type":"Point","coordinates":[31.569534026402042,30.27260089022762]}},{"type":"Feature","properties":{"Gas_Facility_Type":"مخفض","Easting":"031° 33' 59.69\" E","Northing":"30° 16' 6.13\" N","Description":null,"GlobalID":"{6539ED0E-9E4E-4E56-AB23-30F0C5B5BD53}","sectors":"القطاع الثاني","Implementing":"غاز مصر","__networkId":"gas","__networkName":"شبكة الغاز","__layerId":"gas_assets","__layerName":"عناصر شبكة الغاز","__assetName":"عناصر الغاز","__geometryKind":"point","__featureIndex":336,"__typeValue":"مخفض"},"geometry":{"type":"Point","coordinates":[31.56658115357037,30.2683698985052]}},{"type":"Feature","properties":{"Gas_Facility_Type":"مخفض","Easting":"031° 33' 28.35\" E","Northing":"30° 16' 20.9\" N","Description":null,"GlobalID":"{E2DF2F40-425D-4195-9F7E-C24FAACC77E2}","sectors":"القطاع الثالث","Implementing":"غاز مصر","__networkId":"gas","__networkName":"شبكة الغاز","__layerId":"gas_assets","__layerName":"عناصر شبكة الغاز","__assetName":"عناصر الغاز","__geometryKind":"point","__featureIndex":337,"__typeValue":"مخفض"},"geometry":{"type":"Point","coordinates":[31.557876217057494,30.272471239306103]}},{"type":"Feature","properties":{"Gas_Facility_Type":"مخفض","Easting":"031° 33' 26.24\" E","Northing":"30° 16' 13.73\" N","Description":null,"GlobalID":"{83A11BC6-471A-430A-8CAC-8A46E969E303}","sectors":"القطاع الثالث","Implementing":"غاز مصر","__networkId":"gas","__networkName":"شبكة الغاز","__layerId":"gas_assets","__layerName":"عناصر شبكة الغاز","__assetName":"عناصر الغاز","__geometryKind":"point","__featureIndex":338,"__typeValue":"مخفض"},"geometry":{"type":"Point","coordinates":[31.557289343190813,30.270479416854652]}},{"type":"Feature","properties":{"Gas_Facility_Type":"مخفض","Easting":"031° 33' 32.86\" E","Northing":"30° 16' 29.54\" N","Description":null,"GlobalID":"{586D58E7-3F64-49EF-8F80-9AB427BE9BAB}","sectors":"القطاع الثالث","Implementing":"غاز مصر","__networkId":"gas","__networkName":"شبكة الغاز","__layerId":"gas_assets","__layerName":"عناصر شبكة الغاز","__assetName":"عناصر الغاز","__geometryKind":"point","__featureIndex":339,"__typeValue":"مخفض"},"geometry":{"type":"Point","coordinates":[31.559128267340927,30.2748730744458]}},{"type":"Feature","properties":{"Gas_Facility_Type":"مخفض","Easting":"031° 33' 22.22\" E","Northing":"30° 16' 8.79\" N","Description":null,"GlobalID":"{2BD07686-6329-48DF-AD6F-7E74AE9D7DEB}","sectors":"القطاع الثالث","Implementing":"غاز مصر","__networkId":"gas","__networkName":"شبكة الغاز","__layerId":"gas_assets","__layerName":"عناصر شبكة الغاز","__assetName":"عناصر الغاز","__geometryKind":"point","__featureIndex":340,"__typeValue":"مخفض"},"geometry":{"type":"Point","coordinates":[31.556171895571232,30.269108055591932]}},{"type":"Feature","properties":{"Gas_Facility_Type":"مخفض","Easting":"031° 33' 24.91\" E","Northing":"30° 16' 0.25\" N","Description":null,"GlobalID":"{1EEC2CCC-E90A-479B-BDAD-874D189F9EC6}","sectors":"القطاع الثاني","Implementing":"غاز مصر","__networkId":"gas","__networkName":"شبكة الغاز","__layerId":"gas_assets","__layerName":"عناصر شبكة الغاز","__assetName":"عناصر الغاز","__geometryKind":"point","__featureIndex":341,"__typeValue":"مخفض"},"geometry":{"type":"Point","coordinates":[31.556918162010366,30.266735664657958]}},{"type":"Feature","properties":{"Gas_Facility_Type":"مخفض","Easting":"031° 33' 30.19\" E","Northing":"30° 15' 55.79\" N","Description":null,"GlobalID":"{D8AD5B4A-431E-4702-9616-F0130CD237DB}","sectors":"القطاع الثاني","Implementing":"غاز مصر","__networkId":"gas","__networkName":"شبكة الغاز","__layerId":"gas_assets","__layerName":"عناصر شبكة الغاز","__assetName":"عناصر الغاز","__geometryKind":"point","__featureIndex":342,"__typeValue":"مخفض"},"geometry":{"type":"Point","coordinates":[31.558386616445745,30.265497538619396]}},{"type":"Feature","properties":{"Gas_Facility_Type":"مخفض","Easting":"031° 33' 33.32\" E","Northing":"30° 15' 57.23\" N","Description":null,"GlobalID":"{5A87999C-5B6E-488E-A1B2-1ACE31C28520}","sectors":"القطاع الثاني","Implementing":"غاز مصر","__networkId":"gas","__networkName":"شبكة الغاز","__layerId":"gas_assets","__layerName":"عناصر شبكة الغاز","__assetName":"عناصر الغاز","__geometryKind":"point","__featureIndex":343,"__typeValue":"مخفض"},"geometry":{"type":"Point","coordinates":[31.559256544068553,30.265895942231097]}},{"type":"Feature","properties":{"Gas_Facility_Type":"مخفض","Easting":"031° 33' 31.31\" E","Northing":"30° 15' 55.23\" N","Description":null,"GlobalID":"{B831ADFF-8110-499E-AD7D-3FE71B7CA432}","sectors":"القطاع الثاني","Implementing":"غاز مصر","__networkId":"gas","__networkName":"شبكة الغاز","__layerId":"gas_assets","__layerName":"عناصر شبكة الغاز","__assetName":"عناصر الغاز","__geometryKind":"point","__featureIndex":344,"__typeValue":"مخفض"},"geometry":{"type":"Point","coordinates":[31.558696784052096,30.265342853233662]}},{"type":"Feature","properties":{"Gas_Facility_Type":"مخفض","Easting":"031° 33' 47.95\" E","Northing":"30° 16' 40.59\" N","Description":null,"GlobalID":"{CDA32836-23F0-4ED5-81B0-7FB90AC79C48}","sectors":"القطاع الثالث","Implementing":"غاز مصر","__networkId":"gas","__networkName":"شبكة الغاز","__layerId":"gas_assets","__layerName":"عناصر شبكة الغاز","__assetName":"عناصر الغاز","__geometryKind":"point","__featureIndex":345,"__typeValue":"مخفض"},"geometry":{"type":"Point","coordinates":[31.563319213568562,30.27794157578689]}},{"type":"Feature","properties":{"Gas_Facility_Type":"مخفض","Easting":"031° 33' 50.42\" E","Northing":"30° 16' 39.82\" N","Description":null,"GlobalID":"{341DAAFB-A7C9-4754-A934-F3D89125ABCF}","sectors":"القطاع الثالث","Implementing":"غاز مصر","__networkId":"gas","__networkName":"شبكة الغاز","__layerId":"gas_assets","__layerName":"عناصر شبكة الغاز","__assetName":"عناصر الغاز","__geometryKind":"point","__featureIndex":346,"__typeValue":"مخفض"},"geometry":{"type":"Point","coordinates":[31.564006191198935,30.277727486243638]}},{"type":"Feature","properties":{"Gas_Facility_Type":"مخفض","Easting":"031° 33' 38.32\" E","Northing":"30° 16' 39.24\" N","Description":null,"GlobalID":"{B17D0269-F03D-4EB7-B719-C598F6FDF832}","sectors":"القطاع الثالث","Implementing":"غاز مصر","__networkId":"gas","__networkName":"شبكة الغاز","__layerId":"gas_assets","__layerName":"عناصر شبكة الغاز","__assetName":"عناصر الغاز","__geometryKind":"point","__featureIndex":347,"__typeValue":"مخفض"},"geometry":{"type":"Point","coordinates":[31.56064400549963,30.277566748108363]}},{"type":"Feature","properties":{"Gas_Facility_Type":"مخفض","Easting":"031° 33' 37.4\" E","Northing":"30° 16' 27.99\" N","Description":null,"GlobalID":"{B1856386-6376-4F3C-8727-A1CC9BCD8CB8}","sectors":"القطاع الثالث","Implementing":"غاز مصر","__networkId":"gas","__networkName":"شبكة الغاز","__layerId":"gas_assets","__layerName":"عناصر شبكة الغاز","__assetName":"عناصر الغاز","__geometryKind":"point","__featureIndex":348,"__typeValue":"مخفض"},"geometry":{"type":"Point","coordinates":[31.560387708064216,30.274440959818097]}},{"type":"Feature","properties":{"Gas_Facility_Type":"مخفض","Easting":"031° 33' 46.0\" E","Northing":"30° 15' 55.27\" N","Description":null,"GlobalID":"{07A2CBBC-44C5-463A-9BAB-DB98194A9B45}","sectors":"القطاع الثاني","Implementing":"غاز مصر","__networkId":"gas","__networkName":"شبكة الغاز","__layerId":"gas_assets","__layerName":"عناصر شبكة الغاز","__assetName":"عناصر الغاز","__geometryKind":"point","__featureIndex":349,"__typeValue":"مخفض"},"geometry":{"type":"Point","coordinates":[31.562779432084014,30.265351857267582]}},{"type":"Feature","properties":{"Gas_Facility_Type":"مخفض","Easting":"031° 33' 46.29\" E","Northing":"30° 15' 54.2\" N","Description":null,"GlobalID":"{CA2E6DCD-B974-42A2-A055-709F8647B78D}","sectors":"القطاع الثاني","Implementing":"غاز مصر","__networkId":"gas","__networkName":"شبكة الغاز","__layerId":"gas_assets","__layerName":"عناصر شبكة الغاز","__assetName":"عناصر الغاز","__geometryKind":"point","__featureIndex":350,"__typeValue":"مخفض"},"geometry":{"type":"Point","coordinates":[31.562859452212898,30.265055611317255]}},{"type":"Feature","properties":{"Gas_Facility_Type":"مخفض","Easting":"031° 33' 55.74\" E","Northing":"30° 15' 59.31\" N","Description":null,"GlobalID":"{DDCFB718-4772-443B-9CD5-DD03793E7A6D}","sectors":"القطاع الثاني","Implementing":"غاز مصر","__networkId":"gas","__networkName":"شبكة الغاز","__layerId":"gas_assets","__layerName":"عناصر شبكة الغاز","__assetName":"عناصر الغاز","__geometryKind":"point","__featureIndex":351,"__typeValue":"مخفض"},"geometry":{"type":"Point","coordinates":[31.565483498531435,30.266476138442858]}},{"type":"Feature","properties":{"Gas_Facility_Type":"مخفض","Easting":"031° 33' 54.26\" E","Northing":"30° 16' 1.61\" N","Description":null,"GlobalID":"{18BB4193-599C-4E27-8168-CEA93B672651}","sectors":"القطاع الثاني","Implementing":"غاز مصر","__networkId":"gas","__networkName":"شبكة الغاز","__layerId":"gas_assets","__layerName":"عناصر شبكة الغاز","__assetName":"عناصر الغاز","__geometryKind":"point","__featureIndex":352,"__typeValue":"مخفض"},"geometry":{"type":"Point","coordinates":[31.565072663917718,30.267113980850485]}},{"type":"Feature","properties":{"Gas_Facility_Type":"مخفض","Easting":"031° 33' 59.69\" E","Northing":"30° 16' 15.76\" N","Description":null,"GlobalID":"{69B510A5-594D-4D78-8AB7-74E301FCF930}","sectors":"القطاع الثاني","Implementing":"غاز مصر","__networkId":"gas","__networkName":"شبكة الغاز","__layerId":"gas_assets","__layerName":"عناصر شبكة الغاز","__assetName":"عناصر الغاز","__geometryKind":"point","__featureIndex":353,"__typeValue":"مخفض"},"geometry":{"type":"Point","coordinates":[31.566581737475317,30.271043619391577]}},{"type":"Feature","properties":{"Gas_Facility_Type":"مخفض","Easting":"031° 33' 50.3\" E","Northing":"30° 16' 7.21\" N","Description":null,"GlobalID":"{CB197803-7707-44E5-B61B-65147CED5C97}","sectors":"القطاع الثاني","Implementing":"غاز مصر","__networkId":"gas","__networkName":"شبكة الغاز","__layerId":"gas_assets","__layerName":"عناصر شبكة الغاز","__assetName":"عناصر الغاز","__geometryKind":"point","__featureIndex":354,"__typeValue":"مخفض"},"geometry":{"type":"Point","coordinates":[31.563971157801163,30.268670495503347]}},{"type":"Feature","properties":{"Gas_Facility_Type":"مخفض","Easting":"031° 33' 13.61\" E","Northing":"30° 16' 26.06\" N","Description":null,"GlobalID":"{EA05BCB7-622D-4FC3-B3DA-229E0C964757}","sectors":"القطاع الثالث","Implementing":"غاز مصر","__networkId":"gas","__networkName":"شبكة الغاز","__layerId":"gas_assets","__layerName":"عناصر شبكة الغاز","__assetName":"عناصر الغاز","__geometryKind":"point","__featureIndex":355,"__typeValue":"مخفض"},"geometry":{"type":"Point","coordinates":[31.553779979311987,30.27390440798156]}},{"type":"Feature","properties":{"Gas_Facility_Type":"مخفض","Easting":"031° 33' 20.91\" E","Northing":"30° 16' 27.31\" N","Description":null,"GlobalID":"{AD7CFB39-E787-4180-AB00-3A38961A3675}","sectors":"القطاع الثالث","Implementing":"غاز مصر","__networkId":"gas","__networkName":"شبكة الغاز","__layerId":"gas_assets","__layerName":"عناصر شبكة الغاز","__assetName":"عناصر الغاز","__geometryKind":"point","__featureIndex":356,"__typeValue":"مخفض"},"geometry":{"type":"Point","coordinates":[31.55580826652739,30.274252317580046]}},{"type":"Feature","properties":{"Gas_Facility_Type":"مخفض","Easting":"031° 33' 59.13\" E","Northing":"30° 16' 10.86\" N","Description":null,"GlobalID":"{8ECAB562-5754-48AA-927D-896910A85530}","sectors":"القطاع الثاني","Implementing":"غاز مصر","__networkId":"gas","__networkName":"شبكة الغاز","__layerId":"gas_assets","__layerName":"عناصر شبكة الغاز","__assetName":"عناصر الغاز","__geometryKind":"point","__featureIndex":357,"__typeValue":"مخفض"},"geometry":{"type":"Point","coordinates":[31.566424167584575,30.269683934661632]}},{"type":"Feature","properties":{"Gas_Facility_Type":"محبس","Easting":"031° 33' 0.88\" E","Northing":"30° 16' 21.17\" N","Description":null,"GlobalID":"{73CF5C03-6B1C-496A-BB4B-9079BF86BF14}","sectors":"القطاع الثالث","Implementing":"غاز مصر","__networkId":"gas","__networkName":"شبكة الغاز","__layerId":"gas_assets","__layerName":"عناصر شبكة الغاز","__assetName":"عناصر الغاز","__geometryKind":"point","__featureIndex":358,"__typeValue":"محبس"},"geometry":{"type":"Point","coordinates":[31.551921507821262,30.272713358956405]}},{"type":"Feature","properties":{"Gas_Facility_Type":"محبس","Easting":"031° 33' 54.06\" E","Northing":"30° 16' 37.99\" N","Description":null,"GlobalID":"{9D09D9D6-B5BF-4275-8F52-484F323CC36D}","sectors":"القطاع الثالث","Implementing":"غاز مصر","__networkId":"gas","__networkName":"شبكة الغاز","__layerId":"gas_assets","__layerName":"عناصر شبكة الغاز","__assetName":"عناصر الغاز","__geometryKind":"point","__featureIndex":359,"__typeValue":"محبس"},"geometry":{"type":"Point","coordinates":[31.56669494586236,30.27738507838514]}},{"type":"Feature","properties":{"Gas_Facility_Type":"محبس","Easting":"031° 33' 54.16\" E","Northing":"30° 16' 37.97\" N","Description":null,"GlobalID":"{E2A2D991-3CF5-41B5-8C05-4F8671FEDE19}","sectors":"القطاع الثالث","Implementing":"غاز مصر","__networkId":"gas","__networkName":"شبكة الغاز","__layerId":"gas_assets","__layerName":"عناصر شبكة الغاز","__assetName":"عناصر الغاز","__geometryKind":"point","__featureIndex":360,"__typeValue":"محبس"},"geometry":{"type":"Point","coordinates":[31.566720706849758,30.27738022044912]}},{"type":"Feature","properties":{"Gas_Facility_Type":"محبس","Easting":"031° 33' 52.1\" E","Northing":"30° 16' 36.54\" N","Description":null,"GlobalID":"{7F10E96D-9AF0-4B39-941C-A4B1538ECDDD}","sectors":"القطاع الاول","Implementing":"غاز مصر","__networkId":"gas","__networkName":"شبكة الغاز","__layerId":"gas_assets","__layerName":"عناصر شبكة الغاز","__assetName":"عناصر الغاز","__geometryKind":"point","__featureIndex":361,"__typeValue":"محبس"},"geometry":{"type":"Point","coordinates":[31.566149659501736,30.276983075218787]}},{"type":"Feature","properties":{"Gas_Facility_Type":"محبس","Easting":"031° 33' 51.98\" E","Northing":"30° 16' 36.57\" N","Description":null,"GlobalID":"{EFAA438B-7F50-422F-96CF-EC93DA034245}","sectors":"القطاع الاول","Implementing":"غاز مصر","__networkId":"gas","__networkName":"شبكة الغاز","__layerId":"gas_assets","__layerName":"عناصر شبكة الغاز","__assetName":"عناصر الغاز","__geometryKind":"point","__featureIndex":362,"__typeValue":"محبس"},"geometry":{"type":"Point","coordinates":[31.56611712970868,30.276992185243152]}},{"type":"Feature","properties":{"Gas_Facility_Type":"محبس","Easting":"031° 34' 6.18\" E","Northing":"30° 16' 28.8\" N","Description":null,"GlobalID":"{7C6CA300-6F03-4610-91F3-773311A46BFC}","sectors":"القطاع الثالث","Implementing":"غاز مصر","__networkId":"gas","__networkName":"شبكة الغاز","__layerId":"gas_assets","__layerName":"عناصر شبكة الغاز","__assetName":"عناصر الغاز","__geometryKind":"point","__featureIndex":363,"__typeValue":"محبس"},"geometry":{"type":"Point","coordinates":[31.570059183313774,30.274833937650104]}},{"type":"Feature","properties":{"Gas_Facility_Type":"محبس","Easting":"031° 34' 2.91\" E","Northing":"30° 16' 28.17\" N","Description":null,"GlobalID":"{8DB7F725-8F52-41B5-99A3-41C40685B6BA}","sectors":"القطاع الاول","Implementing":"غاز مصر","__networkId":"gas","__networkName":"شبكة الغاز","__layerId":"gas_assets","__layerName":"عناصر شبكة الغاز","__assetName":"عناصر الغاز","__geometryKind":"point","__featureIndex":364,"__typeValue":"محبس"},"geometry":{"type":"Point","coordinates":[31.569150964103653,30.274658899077004]}},{"type":"Feature","properties":{"Gas_Facility_Type":"محبس","Easting":"031° 34' 4.52\" E","Northing":"30° 16' 29.89\" N","Description":null,"GlobalID":"{A4E974E7-B1CC-43DF-B710-33DEA75BCD81}","sectors":"القطاع الاول","Implementing":"غاز مصر","__networkId":"gas","__networkName":"شبكة الغاز","__layerId":"gas_assets","__layerName":"عناصر شبكة الغاز","__assetName":"عناصر الغاز","__geometryKind":"point","__featureIndex":365,"__typeValue":"محبس"},"geometry":{"type":"Point","coordinates":[31.569598502981577,30.2751358818103]}},{"type":"Feature","properties":{"Gas_Facility_Type":"محبس","Easting":"031° 34' 2.97\" E","Northing":"30° 16' 28.14\" N","Description":null,"GlobalID":"{74B04AAD-0E49-42E4-8AD4-33FA6493D896}","sectors":"القطاع الاول","Implementing":"غاز مصر","__networkId":"gas","__networkName":"شبكة الغاز","__layerId":"gas_assets","__layerName":"عناصر شبكة الغاز","__assetName":"عناصر الغاز","__geometryKind":"point","__featureIndex":366,"__typeValue":"محبس"},"geometry":{"type":"Point","coordinates":[31.56917019344062,30.27464960264365]}},{"type":"Feature","properties":{"Gas_Facility_Type":"محبس","Easting":"031° 33' 35.9\" E","Northing":"30° 16' 44.28\" N","Description":null,"GlobalID":"{AEC5288A-815D-419F-BBDB-AD55B13184F5}","sectors":"القطاع الثالث","Implementing":"غاز مصر","__networkId":"gas","__networkName":"شبكة الغاز","__layerId":"gas_assets","__layerName":"عناصر شبكة الغاز","__assetName":"عناصر الغاز","__geometryKind":"point","__featureIndex":367,"__typeValue":"محبس"},"geometry":{"type":"Point","coordinates":[31.561649610171383,30.27913260636076]}},{"type":"Feature","properties":{"Gas_Facility_Type":"محبس","Easting":"031° 33' 10.19\" E","Northing":"30° 16' 6.74\" N","Description":null,"GlobalID":"{B851E420-F037-4A45-A434-568087A3F2F4}","sectors":"القطاع الثالث","Implementing":"غاز مصر","__networkId":"gas","__networkName":"شبكة الغاز","__layerId":"gas_assets","__layerName":"عناصر شبكة الغاز","__assetName":"عناصر الغاز","__geometryKind":"point","__featureIndex":368,"__typeValue":"محبس"},"geometry":{"type":"Point","coordinates":[31.55450702180404,30.26870646153475]}},{"type":"Feature","properties":{"Gas_Facility_Type":"محبس","Easting":"031° 33' 9.21\" E","Northing":"30° 16' 6.37\" N","Description":null,"GlobalID":"{371EB1E8-A27A-4E3C-930F-DD1D8E137C44}","sectors":"القطاع الثالث","Implementing":"غاز مصر","__networkId":"gas","__networkName":"شبكة الغاز","__layerId":"gas_assets","__layerName":"عناصر شبكة الغاز","__assetName":"عناصر الغاز","__geometryKind":"point","__featureIndex":369,"__typeValue":"محبس"},"geometry":{"type":"Point","coordinates":[31.55423566051963,30.26860276695446]}},{"type":"Feature","properties":{"Gas_Facility_Type":"محبس","Easting":"031° 33' 34.55\" E","Northing":"30° 16' 47.19\" N","Description":null,"GlobalID":"{A85F1627-2C6B-4199-BE1E-6E8F852C6550}","sectors":"القطاع الثالث","Implementing":"غاز مصر","__networkId":"gas","__networkName":"شبكة الغاز","__layerId":"gas_assets","__layerName":"عناصر شبكة الغاز","__assetName":"عناصر الغاز","__geometryKind":"point","__featureIndex":370,"__typeValue":"محبس"},"geometry":{"type":"Point","coordinates":[31.561275059410292,30.279940409399984]}},{"type":"Feature","properties":{"Gas_Facility_Type":"محبس","Easting":"031° 33' 9.21\" E","Northing":"30° 16' 6.3\" N","Description":null,"GlobalID":"{9BC6D952-3CC2-4944-AF64-F0D92B19842C}","sectors":"القطاع الثالث","Implementing":"غاز مصر","__networkId":"gas","__networkName":"شبكة الغاز","__layerId":"gas_assets","__layerName":"عناصر شبكة الغاز","__assetName":"عناصر الغاز","__geometryKind":"point","__featureIndex":371,"__typeValue":"محبس"},"geometry":{"type":"Point","coordinates":[31.55423426633431,30.268583187610425]}},{"type":"Feature","properties":{"Gas_Facility_Type":"محبس","Easting":"031° 33' 36.21\" E","Northing":"30° 16' 44.14\" N","Description":null,"GlobalID":"{F57287E3-D541-422B-969F-F32A3FDE43D2}","sectors":"القطاع الثالث","Implementing":"غاز مصر","__networkId":"gas","__networkName":"شبكة الغاز","__layerId":"gas_assets","__layerName":"عناصر شبكة الغاز","__assetName":"عناصر الغاز","__geometryKind":"point","__featureIndex":372,"__typeValue":"محبس"},"geometry":{"type":"Point","coordinates":[31.5617347462058,30.279093024422025]}},{"type":"Feature","properties":{"Gas_Facility_Type":"محبس","Easting":"031° 33' 1.35\" E","Northing":"30° 16' 21.27\" N","Description":null,"GlobalID":"{450CB21A-6F4A-4AFE-8F1F-0E24C3345EC4}","sectors":"القطاع الثالث","Implementing":"غاز مصر","__networkId":"gas","__networkName":"شبكة الغاز","__layerId":"gas_assets","__layerName":"عناصر شبكة الغاز","__assetName":"عناصر الغاز","__geometryKind":"point","__featureIndex":373,"__typeValue":"محبس"},"geometry":{"type":"Point","coordinates":[31.552051302701717,30.272742172026277]}},{"type":"Feature","properties":{"Gas_Facility_Type":"محبس","Easting":"031° 33' 18.65\" E","Northing":"30° 15' 51.24\" N","Description":null,"GlobalID":"{A7168FC5-8C91-4A0D-A423-5F309725B9AE}","sectors":"القطاع الثاني","Implementing":"غاز مصر","__networkId":"gas","__networkName":"شبكة الغاز","__layerId":"gas_assets","__layerName":"عناصر شبكة الغاز","__assetName":"عناصر الغاز","__geometryKind":"point","__featureIndex":374,"__typeValue":"محبس"},"geometry":{"type":"Point","coordinates":[31.55685736672687,30.264398417434368]}},{"type":"Feature","properties":{"Gas_Facility_Type":"محبس","Easting":"031° 33' 39.32\" E","Northing":"30° 16' 51.11\" N","Description":null,"GlobalID":"{FD04AA2E-823A-47F8-A4F8-0122F464643F}","sectors":"القطاع الثالث","Implementing":"غاز مصر","__networkId":"gas","__networkName":"شبكة الغاز","__layerId":"gas_assets","__layerName":"عناصر شبكة الغاز","__assetName":"عناصر الغاز","__geometryKind":"point","__featureIndex":375,"__typeValue":"محبس"},"geometry":{"type":"Point","coordinates":[31.562592379485665,30.28103758319978]}},{"type":"Feature","properties":{"Gas_Facility_Type":"محبس","Easting":"031° 33' 1.36\" E","Northing":"30° 16' 21.39\" N","Description":null,"GlobalID":"{EE466594-EC81-4FB7-8472-9D5610975937}","sectors":"القطاع الثالث","Implementing":"غاز مصر","__networkId":"gas","__networkName":"شبكة الغاز","__layerId":"gas_assets","__layerName":"عناصر شبكة الغاز","__assetName":"عناصر الغاز","__geometryKind":"point","__featureIndex":376,"__typeValue":"محبس"},"geometry":{"type":"Point","coordinates":[31.552054177310627,30.272775059677034]}},{"type":"Feature","properties":{"Gas_Facility_Type":"محبس","Easting":"031° 33' 18.07\" E","Northing":"30° 16' 34.47\" N","Description":null,"GlobalID":"{20AD9EEF-7FE6-45C6-8A22-0486CCD22624}","sectors":"القطاع الثالث","Implementing":"غاز مصر","__networkId":"gas","__networkName":"شبكة الغاز","__layerId":"gas_assets","__layerName":"عناصر شبكة الغاز","__assetName":"عناصر الغاز","__geometryKind":"point","__featureIndex":377,"__typeValue":"محبس"},"geometry":{"type":"Point","coordinates":[31.55669645689992,30.276409180768816]}},{"type":"Feature","properties":{"Gas_Facility_Type":"محبس","Easting":"031° 29' 11.76\" E","Northing":"30° 16' 36.98\" N","Description":null,"GlobalID":"{9F9BBF3B-47E7-4D21-8DB0-D5B8EE2820A8}","sectors":"القطاع الخامس عشر","Implementing":"غاز مصر","__networkId":"gas","__networkName":"شبكة الغاز","__layerId":"gas_assets","__layerName":"عناصر شبكة الغاز","__assetName":"عناصر الغاز","__geometryKind":"point","__featureIndex":378,"__typeValue":"محبس"},"geometry":{"type":"Point","coordinates":[31.488276625424554,30.277105655129954]}},{"type":"Feature","properties":{"Gas_Facility_Type":"محبس","Easting":"031° 29' 11.78\" E","Northing":"30° 16' 37.06\" N","Description":null,"GlobalID":"{B8A6519C-9E38-4222-8897-CF7E1F8028E6}","sectors":"القطاع الخامس عشر","Implementing":"غاز مصر","__networkId":"gas","__networkName":"شبكة الغاز","__layerId":"gas_assets","__layerName":"عناصر شبكة الغاز","__assetName":"عناصر الغاز","__geometryKind":"point","__featureIndex":379,"__typeValue":"محبس"},"geometry":{"type":"Point","coordinates":[31.48828160658279,30.27712692475525]}},{"type":"Feature","properties":{"Gas_Facility_Type":"محبس","Easting":"031° 32' 36.92\" E","Northing":"30° 16' 29.57\" N","Description":null,"GlobalID":"{CAAF163C-273F-4210-ADD6-00C2965E9C83}","sectors":"القطاع السادس","Implementing":"غاز مصر","__networkId":"gas","__networkName":"شبكة الغاز","__layerId":"gas_assets","__layerName":"عناصر شبكة الغاز","__assetName":"عناصر الغاز","__geometryKind":"point","__featureIndex":380,"__typeValue":"محبس"},"geometry":{"type":"Point","coordinates":[31.545266149494324,30.275046412086127]}},{"type":"Feature","properties":{"Gas_Facility_Type":"محبس","Easting":"031° 31' 11.6\" E","Northing":"30° 16' 23.18\" N","Description":null,"GlobalID":"{ACFBF616-6AC0-48BA-ACCF-F35E573EA492}","sectors":"القطاع السابع عشر","Implementing":"غاز مصر","__networkId":"gas","__networkName":"شبكة الغاز","__layerId":"gas_assets","__layerName":"عناصر شبكة الغاز","__assetName":"عناصر الغاز","__geometryKind":"point","__featureIndex":381,"__typeValue":"محبس"},"geometry":{"type":"Point","coordinates":[31.52156522721023,30.27327227700576]}},{"type":"Feature","properties":{"Gas_Facility_Type":"محبس","Easting":"031° 33' 0.88\" E","Northing":"30° 16' 21.17\" N","Description":null,"GlobalID":"{01938A82-0DD0-496C-BBCD-E3173C62DAAE}","sectors":"القطاع السادس","Implementing":"غاز مصر","__networkId":"gas","__networkName":"شبكة الغاز","__layerId":"gas_assets","__layerName":"عناصر شبكة الغاز","__assetName":"عناصر الغاز","__geometryKind":"point","__featureIndex":382,"__typeValue":"محبس"},"geometry":{"type":"Point","coordinates":[31.551921507821262,30.272713358180578]}},{"type":"Feature","properties":{"Gas_Facility_Type":"محبس","Easting":"031° 29' 13.24\" E","Northing":"30° 16' 36.56\" N","Description":null,"GlobalID":"{EF9DBE82-A1EC-4FDC-A4F6-C6CD17C0622F}","sectors":"القطاع الخامس عشر","Implementing":"غاز مصر","__networkId":"gas","__networkName":"شبكة الغاز","__layerId":"gas_assets","__layerName":"عناصر شبكة الغاز","__assetName":"عناصر الغاز","__geometryKind":"point","__featureIndex":383,"__typeValue":"محبس"},"geometry":{"type":"Point","coordinates":[31.48868727139208,30.276989249678905]}},{"type":"Feature","properties":{"Gas_Facility_Type":"محبس","Easting":"031° 31' 26.09\" E","Northing":"30° 16' 14.68\" N","Description":null,"GlobalID":"{2E9B6587-16FF-4894-ABCB-DFAB5ACEBB6C}","sectors":"القطاع السابع عشر","Implementing":"غاز مصر","__networkId":"gas","__networkName":"شبكة الغاز","__layerId":"gas_assets","__layerName":"عناصر شبكة الغاز","__assetName":"عناصر الغاز","__geometryKind":"point","__featureIndex":384,"__typeValue":"محبس"},"geometry":{"type":"Point","coordinates":[31.525591592196307,30.27091212303774]}},{"type":"Feature","properties":{"Gas_Facility_Type":"محبس","Easting":"031° 30' 40.56\" E","Northing":"30° 16' 10.74\" N","Description":null,"GlobalID":"{18B05DA1-32E5-4A34-BC2E-32153A7D3778}","sectors":"القطاع الرابع عشر","Implementing":"غاز مصر","__networkId":"gas","__networkName":"شبكة الغاز","__layerId":"gas_assets","__layerName":"عناصر شبكة الغاز","__assetName":"عناصر الغاز","__geometryKind":"point","__featureIndex":385,"__typeValue":"محبس"},"geometry":{"type":"Point","coordinates":[31.512941996964017,30.269815763944383]}},{"type":"Feature","properties":{"Gas_Facility_Type":"محبس","Easting":"031° 32' 26.57\" E","Northing":"30° 16' 41.51\" N","Description":null,"GlobalID":"{305B03D2-FFF6-4145-81CC-C33CFCB7DFBD}","sectors":"القطاع السادس","Implementing":"غاز مصر","__networkId":"gas","__networkName":"شبكة الغاز","__layerId":"gas_assets","__layerName":"عناصر شبكة الغاز","__assetName":"عناصر الغاز","__geometryKind":"point","__featureIndex":386,"__typeValue":"محبس"},"geometry":{"type":"Point","coordinates":[31.542391060884796,30.27836444020651]}},{"type":"Feature","properties":{"Gas_Facility_Type":"محبس","Easting":"031° 29' 13.34\" E","Northing":"30° 16' 36.6\" N","Description":null,"GlobalID":"{85E6A983-02BD-4F11-BCCA-88FF24F48B71}","sectors":"القطاع الخامس عشر","Implementing":"غاز مصر","__networkId":"gas","__networkName":"شبكة الغاز","__layerId":"gas_assets","__layerName":"عناصر شبكة الغاز","__assetName":"عناصر الغاز","__geometryKind":"point","__featureIndex":387,"__typeValue":"محبس"},"geometry":{"type":"Point","coordinates":[31.488715801885494,30.276999229355756]}},{"type":"Feature","properties":{"Gas_Facility_Type":"محبس","Easting":"031° 31' 26.16\" E","Northing":"30° 16' 14.58\" N","Description":null,"GlobalID":"{3174B57A-A302-4183-901E-14DA7D552E05}","sectors":"القطاع السابع عشر","Implementing":"غاز مصر","__networkId":"gas","__networkName":"شبكة الغاز","__layerId":"gas_assets","__layerName":"عناصر شبكة الغاز","__assetName":"عناصر الغاز","__geometryKind":"point","__featureIndex":388,"__typeValue":"محبس"},"geometry":{"type":"Point","coordinates":[31.52561028254412,30.27088259411389]}},{"type":"Feature","properties":{"Gas_Facility_Type":"محبس","Easting":"031° 30' 40.55\" E","Northing":"30° 16' 10.69\" N","Description":null,"GlobalID":"{16C8903B-0AD5-4DD7-B9CA-E378404281FF}","sectors":"القطاع الرابع عشر","Implementing":"غاز مصر","__networkId":"gas","__networkName":"شبكة الغاز","__layerId":"gas_assets","__layerName":"عناصر شبكة الغاز","__assetName":"عناصر الغاز","__geometryKind":"point","__featureIndex":389,"__typeValue":"محبس"},"geometry":{"type":"Point","coordinates":[31.512940966596382,30.269803085165037]}},{"type":"Feature","properties":{"Gas_Facility_Type":"محبس","Easting":"031° 29' 13.78\" E","Northing":"30° 16' 36.77\" N","Description":null,"GlobalID":"{16CDBE42-5528-4AD5-A9AF-3F19E4398DD8}","sectors":"القطاع الخامس عشر","Implementing":"غاز مصر","__networkId":"gas","__networkName":"شبكة الغاز","__layerId":"gas_assets","__layerName":"عناصر شبكة الغاز","__assetName":"عناصر الغاز","__geometryKind":"point","__featureIndex":390,"__typeValue":"محبس"},"geometry":{"type":"Point","coordinates":[31.488837993425385,30.27704841943507]}},{"type":"Feature","properties":{"Gas_Facility_Type":"محبس","Easting":"031° 32' 48.38\" E","Northing":"30° 16' 13.7\" N","Description":null,"GlobalID":"{C10A9C78-9ABB-4266-9A9C-A4874EC07E9F}","sectors":"القطاع السادس","Implementing":"غاز مصر","__networkId":"gas","__networkName":"شبكة الغاز","__layerId":"gas_assets","__layerName":"عناصر شبكة الغاز","__assetName":"عناصر الغاز","__geometryKind":"point","__featureIndex":391,"__typeValue":"محبس"},"geometry":{"type":"Point","coordinates":[31.548449322517108,30.270637988832085]}},{"type":"Feature","properties":{"Gas_Facility_Type":"محبس","Easting":"031° 29' 57.19\" E","Northing":"30° 16' 23.3\" N","Description":null,"GlobalID":"{6CEF2810-2565-47F2-99BF-83646E1AFBB6}","sectors":"القطاع الخامس عشر","Implementing":"غاز مصر","__networkId":"gas","__networkName":"شبكة الغاز","__layerId":"gas_assets","__layerName":"عناصر شبكة الغاز","__assetName":"عناصر الغاز","__geometryKind":"point","__featureIndex":392,"__typeValue":"محبس"},"geometry":{"type":"Point","coordinates":[31.500894426584,30.27330646939553]}},{"type":"Feature","properties":{"Gas_Facility_Type":"محبس","Easting":"031° 29' 13.53\" E","Northing":"30° 16' 36.72\" N","Description":null,"GlobalID":"{53E3F321-D58C-44E8-8AC5-1BA961C1F19E}","sectors":"القطاع الخامس عشر","Implementing":"غاز مصر","__networkId":"gas","__networkName":"شبكة الغاز","__layerId":"gas_assets","__layerName":"عناصر شبكة الغاز","__assetName":"عناصر الغاز","__geometryKind":"point","__featureIndex":393,"__typeValue":"محبس"},"geometry":{"type":"Point","coordinates":[31.48876828415932,30.277032825421557]}},{"type":"Feature","properties":{"Gas_Facility_Type":"محبس","Easting":"031° 32' 12.39\" E","Northing":"30° 16' 45.16\" N","Description":null,"GlobalID":"{A95D90DE-8856-4AEC-A1E3-F7B88DF0628B}","sectors":"القطاع السادس","Implementing":"غاز مصر","__networkId":"gas","__networkName":"شبكة الغاز","__layerId":"gas_assets","__layerName":"عناصر شبكة الغاز","__assetName":"عناصر الغاز","__geometryKind":"point","__featureIndex":394,"__typeValue":"محبس"},"geometry":{"type":"Point","coordinates":[31.53845249633626,30.27937743794211]}},{"type":"Feature","properties":{"Gas_Facility_Type":"محبس","Easting":"031° 31' 47.81\" E","Northing":"30° 16' 36.71\" N","Description":null,"GlobalID":"{1F6FBF72-F9F2-4ADC-8DA8-006F090DE7B6}","sectors":"القطاع الثاني عشر","Implementing":"غاز مصر","__networkId":"gas","__networkName":"شبكة الغاز","__layerId":"gas_assets","__layerName":"عناصر شبكة الغاز","__assetName":"عناصر الغاز","__geometryKind":"point","__featureIndex":395,"__typeValue":"محبس"},"geometry":{"type":"Point","coordinates":[31.531624922884536,30.27703015362473]}},{"type":"Feature","properties":{"Gas_Facility_Type":"محبس","Easting":"031° 31' 47.48\" E","Northing":"30° 16' 36.2\" N","Description":null,"GlobalID":"{1F58F4C9-47BB-45E8-B86B-76137D9A068E}","sectors":"القطاع السادس عشر","Implementing":"غاز مصر","__networkId":"gas","__networkName":"شبكة الغاز","__layerId":"gas_assets","__layerName":"عناصر شبكة الغاز","__assetName":"عناصر الغاز","__geometryKind":"point","__featureIndex":396,"__typeValue":"محبس"},"geometry":{"type":"Point","coordinates":[31.53153138400894,30.276889962544573]}},{"type":"Feature","properties":{"Gas_Facility_Type":"محبس","Easting":"031° 32' 25.76\" E","Northing":"30° 16' 41.89\" N","Description":null,"GlobalID":"{1CE03E64-E6E8-4AC3-9572-A845F9A7A0FF}","sectors":"القطاع السادس","Implementing":"غاز مصر","__networkId":"gas","__networkName":"شبكة الغاز","__layerId":"gas_assets","__layerName":"عناصر شبكة الغاز","__assetName":"عناصر الغاز","__geometryKind":"point","__featureIndex":397,"__typeValue":"محبس"},"geometry":{"type":"Point","coordinates":[31.54216609848314,30.27846899101164]}},{"type":"Feature","properties":{"Gas_Facility_Type":"محبس","Easting":"031° 32' 25.94\" E","Northing":"30° 16' 42.3\" N","Description":null,"GlobalID":"{227ED2D3-5007-47FF-98A3-2409821A91E8}","sectors":"القطاع السادس","Implementing":"غاز مصر","__networkId":"gas","__networkName":"شبكة الغاز","__layerId":"gas_assets","__layerName":"عناصر شبكة الغاز","__assetName":"عناصر الغاز","__geometryKind":"point","__featureIndex":398,"__typeValue":"محبس"},"geometry":{"type":"Point","coordinates":[31.54221555343448,30.2785835173422]}},{"type":"Feature","properties":{"Gas_Facility_Type":"محبس","Easting":"031° 31' 54.09\" E","Northing":"30° 16' 4.68\" N","Description":null,"GlobalID":"{D20EA651-C205-49A4-8424-2F1BA80A4790}","sectors":"القطاع السادس عشر","Implementing":"غاز مصر","__networkId":"gas","__networkName":"شبكة الغاز","__layerId":"gas_assets","__layerName":"عناصر شبكة الغاز","__assetName":"عناصر الغاز","__geometryKind":"point","__featureIndex":399,"__typeValue":"محبس"},"geometry":{"type":"Point","coordinates":[31.533366999663883,30.268132662225025]}},{"type":"Feature","properties":{"Gas_Facility_Type":"محبس","Easting":"031° 29' 57.16\" E","Northing":"30° 16' 23.27\" N","Description":null,"GlobalID":"{B50B9A7D-2002-4C54-AFC0-8ABB5AB0C96F}","sectors":"القطاع الخامس عشر","Implementing":"غاز مصر","__networkId":"gas","__networkName":"شبكة الغاز","__layerId":"gas_assets","__layerName":"عناصر شبكة الغاز","__assetName":"عناصر الغاز","__geometryKind":"point","__featureIndex":400,"__typeValue":"محبس"},"geometry":{"type":"Point","coordinates":[31.50088865580661,30.27329764995878]}},{"type":"Feature","properties":{"Gas_Facility_Type":"محبس","Easting":"031° 31' 13.78\" E","Northing":"30° 16' 24.8\" N","Description":null,"GlobalID":"{D21B0D98-1481-4721-8E4F-E51F94C70A83}","sectors":"القطاع الثالث عشر","Implementing":"غاز مصر","__networkId":"gas","__networkName":"شبكة الغاز","__layerId":"gas_assets","__layerName":"عناصر شبكة الغاز","__assetName":"عناصر الغاز","__geometryKind":"point","__featureIndex":401,"__typeValue":"محبس"},"geometry":{"type":"Point","coordinates":[31.522170665660564,30.273723144209683]}},{"type":"Feature","properties":{"Gas_Facility_Type":"محبس","Easting":"031° 31' 47.77\" E","Northing":"30° 16' 36.69\" N","Description":null,"GlobalID":"{D38B3C4E-3974-4BCC-BDA9-70BD31E89B33}","sectors":"القطاع الثاني عشر","Implementing":"غاز مصر","__networkId":"gas","__networkName":"شبكة الغاز","__layerId":"gas_assets","__layerName":"عناصر شبكة الغاز","__assetName":"عناصر الغاز","__geometryKind":"point","__featureIndex":402,"__typeValue":"محبس"},"geometry":{"type":"Point","coordinates":[31.531612806407992,30.277026288673486]}},{"type":"Feature","properties":{"Gas_Facility_Type":"محبس","Easting":"031° 31' 15.48\" E","Northing":"30° 16' 23.5\" N","Description":null,"GlobalID":"{081FC6EC-787A-4851-9969-E0D2346B3A94}","sectors":"القطاع السابع عشر","Implementing":"غاز مصر","__networkId":"gas","__networkName":"شبكة الغاز","__layerId":"gas_assets","__layerName":"عناصر شبكة الغاز","__assetName":"عناصر الغاز","__geometryKind":"point","__featureIndex":403,"__typeValue":"محبس"},"geometry":{"type":"Point","coordinates":[31.522642546187736,30.273362185129336]}},{"type":"Feature","properties":{"Gas_Facility_Type":"محبس","Easting":"031° 31' 13.74\" E","Northing":"30° 16' 24.79\" N","Description":null,"GlobalID":"{2D8CD530-A33A-4F83-BD46-06294149967B}","sectors":"القطاع الثالث عشر","Implementing":"غاز مصر","__networkId":"gas","__networkName":"شبكة الغاز","__layerId":"gas_assets","__layerName":"عناصر شبكة الغاز","__assetName":"عناصر الغاز","__geometryKind":"point","__featureIndex":404,"__typeValue":"محبس"},"geometry":{"type":"Point","coordinates":[31.52215873333865,30.273718331865112]}},{"type":"Feature","properties":{"Gas_Facility_Type":"محبس","Easting":"031° 31' 30.21\" E","Northing":"30° 16' 40.29\" N","Description":null,"GlobalID":"{78129616-DE20-4589-8067-1E9FDB869866}","sectors":"القطاع الثاني عشر","Implementing":"غاز مصر","__networkId":"gas","__networkName":"شبكة الغاز","__layerId":"gas_assets","__layerName":"عناصر شبكة الغاز","__assetName":"عناصر الغاز","__geometryKind":"point","__featureIndex":405,"__typeValue":"محبس"},"geometry":{"type":"Point","coordinates":[31.526734010285836,30.278026164797577]}},{"type":"Feature","properties":{"Gas_Facility_Type":"محبس","Easting":"031° 31' 15.99\" E","Northing":"30° 16' 24.58\" N","Description":null,"GlobalID":"{325F5783-80E6-491C-855B-6401C5AA2402}","sectors":"القطاع السابع عشر","Implementing":"غاز مصر","__networkId":"gas","__networkName":"شبكة الغاز","__layerId":"gas_assets","__layerName":"عناصر شبكة الغاز","__assetName":"عناصر الغاز","__geometryKind":"point","__featureIndex":406,"__typeValue":"محبس"},"geometry":{"type":"Point","coordinates":[31.522785135772782,30.273659806350732]}},{"type":"Feature","properties":{"Gas_Facility_Type":"محبس","Easting":"031° 31' 42.68\" E","Northing":"30° 15' 59.25\" N","Description":null,"GlobalID":"{907A2470-4D02-4486-AAAF-3CDA7FCE30B4}","sectors":"القطاع السادس عشر","Implementing":"غاز مصر","__networkId":"gas","__networkName":"شبكة الغاز","__layerId":"gas_assets","__layerName":"عناصر شبكة الغاز","__assetName":"عناصر الغاز","__geometryKind":"point","__featureIndex":407,"__typeValue":"محبس"},"geometry":{"type":"Point","coordinates":[31.530199083627902,30.26662355373723]}},{"type":"Feature","properties":{"Gas_Facility_Type":"محبس","Easting":"031° 31' 17.84\" E","Northing":"30° 16' 31.85\" N","Description":null,"GlobalID":"{5F43FB81-B7D3-4B0E-B0C0-394EFC799DEC}","sectors":"القطاع الثالث عشر","Implementing":"غاز مصر","__networkId":"gas","__networkName":"شبكة الغاز","__layerId":"gas_assets","__layerName":"عناصر شبكة الغاز","__assetName":"عناصر الغاز","__geometryKind":"point","__featureIndex":408,"__typeValue":"محبس"},"geometry":{"type":"Point","coordinates":[31.523299899176664,30.275680347768965]}},{"type":"Feature","properties":{"Gas_Facility_Type":"محبس","Easting":"031° 31' 20.0\" E","Northing":"30° 16' 32.57\" N","Description":null,"GlobalID":"{DF6DC6FB-8F51-4ABC-9472-75AE4A62B6C3}","sectors":"القطاع الثالث عشر","Implementing":"غاز مصر","__networkId":"gas","__networkName":"شبكة الغاز","__layerId":"gas_assets","__layerName":"عناصر شبكة الغاز","__assetName":"عناصر الغاز","__geometryKind":"point","__featureIndex":409,"__typeValue":"محبس"},"geometry":{"type":"Point","coordinates":[31.523898715246762,30.275880108243378]}},{"type":"Feature","properties":{"Gas_Facility_Type":"محبس","Easting":"031° 31' 10.75\" E","Northing":"30° 16' 24.43\" N","Description":null,"GlobalID":"{CB390BB0-F5D3-4A5B-9AC7-66EBEDFF29EC}","sectors":"القطاع الثالث عشر","Implementing":"غاز مصر","__networkId":"gas","__networkName":"شبكة الغاز","__layerId":"gas_assets","__layerName":"عناصر شبكة الغاز","__assetName":"عناصر الغاز","__geometryKind":"point","__featureIndex":410,"__typeValue":"محبس"},"geometry":{"type":"Point","coordinates":[31.521328410640074,30.27362047667035]}},{"type":"Feature","properties":{"Gas_Facility_Type":"محبس","Easting":"031° 31' 26.22\" E","Northing":"30° 16' 22.48\" N","Description":null,"GlobalID":"{015D7CA3-2A86-4DD2-955C-CD2E32213226}","sectors":"القطاع السابع عشر","Implementing":"غاز مصر","__networkId":"gas","__networkName":"شبكة الغاز","__layerId":"gas_assets","__layerName":"عناصر شبكة الغاز","__assetName":"عناصر الغاز","__geometryKind":"point","__featureIndex":411,"__typeValue":"محبس"},"geometry":{"type":"Point","coordinates":[31.525627580503222,30.2730782662143]}},{"type":"Feature","properties":{"Gas_Facility_Type":"محبس","Easting":"031° 30' 39.01\" E","Northing":"30° 16' 19.49\" N","Description":null,"GlobalID":"{68A45FA1-66EC-4AFD-8AF9-0D54BB4B80F6}","sectors":"القطاع الرابع عشر","Implementing":"غاز مصر","__networkId":"gas","__networkName":"شبكة الغاز","__layerId":"gas_assets","__layerName":"عناصر شبكة الغاز","__assetName":"عناصر الغاز","__geometryKind":"point","__featureIndex":412,"__typeValue":"محبس"},"geometry":{"type":"Point","coordinates":[31.512512452239555,30.272246294182377]}},{"type":"Feature","properties":{"Gas_Facility_Type":"محبس","Easting":"031° 31' 12.94\" E","Northing":"30° 16' 25.32\" N","Description":null,"GlobalID":"{9ECFE763-96A1-4640-ACC5-199359A57DED}","sectors":"القطاع الثالث عشر","Implementing":"غاز مصر","__networkId":"gas","__networkName":"شبكة الغاز","__layerId":"gas_assets","__layerName":"عناصر شبكة الغاز","__assetName":"عناصر الغاز","__geometryKind":"point","__featureIndex":413,"__typeValue":"محبس"},"geometry":{"type":"Point","coordinates":[31.521938496075393,30.2738670877421]}},{"type":"Feature","properties":{"Gas_Facility_Type":"محبس","Easting":"031° 31' 10.91\" E","Northing":"30° 16' 29.7\" N","Description":null,"GlobalID":"{2255887D-392F-4251-AD9D-012FF16FFFEC}","sectors":"القطاع الثالث عشر","Implementing":"غاز مصر","__networkId":"gas","__networkName":"شبكة الغاز","__layerId":"gas_assets","__layerName":"عناصر شبكة الغاز","__assetName":"عناصر الغاز","__geometryKind":"point","__featureIndex":414,"__typeValue":"محبس"},"geometry":{"type":"Point","coordinates":[31.521373174589,30.2750843207082]}},{"type":"Feature","properties":{"Gas_Facility_Type":"محبس","Easting":"031° 31' 48.12\" E","Northing":"30° 16' 9.92\" N","Description":null,"GlobalID":"{C18A7650-866D-4EAC-AA90-DD904599B4EF}","sectors":"القطاع السادس عشر","Implementing":"غاز مصر","__networkId":"gas","__networkName":"شبكة الغاز","__layerId":"gas_assets","__layerName":"عناصر شبكة الغاز","__assetName":"عناصر الغاز","__geometryKind":"point","__featureIndex":415,"__typeValue":"محبس"},"geometry":{"type":"Point","coordinates":[31.531709693304638,30.269589267258514]}},{"type":"Feature","properties":{"Gas_Facility_Type":"محبس","Easting":"031° 31' 13.62\" E","Northing":"30° 16' 30.67\" N","Description":null,"GlobalID":"{605167B2-0812-43BC-868D-326F6B47C612}","sectors":"القطاع الثالث عشر","Implementing":"غاز مصر","__networkId":"gas","__networkName":"شبكة الغاز","__layerId":"gas_assets","__layerName":"عناصر شبكة الغاز","__assetName":"عناصر الغاز","__geometryKind":"point","__featureIndex":416,"__typeValue":"محبس"},"geometry":{"type":"Point","coordinates":[31.522127072216453,30.275352257072395]}},{"type":"Feature","properties":{"Gas_Facility_Type":"محبس","Easting":"031° 31' 8.7\" E","Northing":"30° 16' 24.0\" N","Description":null,"GlobalID":"{A101C613-C8CD-447B-8ABF-EF4EFD001A71}","sectors":"القطاع الثالث عشر","Implementing":"غاز مصر","__networkId":"gas","__networkName":"شبكة الغاز","__layerId":"gas_assets","__layerName":"عناصر شبكة الغاز","__assetName":"عناصر الغاز","__geometryKind":"point","__featureIndex":417,"__typeValue":"محبس"},"geometry":{"type":"Point","coordinates":[31.52075929646654,30.27349972719928]}},{"type":"Feature","properties":{"Gas_Facility_Type":"محبس","Easting":"031° 31' 50.31\" E","Northing":"30° 16' 38.32\" N","Description":null,"GlobalID":"{4E4058ED-C12E-4369-B2B3-37628470A3C4}","sectors":"القطاع الثاني عشر","Implementing":"غاز مصر","__networkId":"gas","__networkName":"شبكة الغاز","__layerId":"gas_assets","__layerName":"عناصر شبكة الغاز","__assetName":"عناصر الغاز","__geometryKind":"point","__featureIndex":418,"__typeValue":"محبس"},"geometry":{"type":"Point","coordinates":[31.53231814919602,30.27747715957856]}},{"type":"Feature","properties":{"Gas_Facility_Type":"محبس","Easting":"031° 31' 21.95\" E","Northing":"30° 16' 33.28\" N","Description":null,"GlobalID":"{1234CB7C-6F99-49DF-98D0-103177EE0156}","sectors":"القطاع الثالث عشر","Implementing":"غاز مصر","__networkId":"gas","__networkName":"شبكة الغاز","__layerId":"gas_assets","__layerName":"عناصر شبكة الغاز","__assetName":"عناصر الغاز","__geometryKind":"point","__featureIndex":419,"__typeValue":"محبس"},"geometry":{"type":"Point","coordinates":[31.524440545788487,30.276077360956027]}},{"type":"Feature","properties":{"Gas_Facility_Type":"محبس","Easting":"031° 31' 38.16\" E","Northing":"30° 15' 55.84\" N","Description":null,"GlobalID":"{000C2F51-E884-47CB-A1C0-29020345D654}","sectors":"القطاع السادس عشر","Implementing":"غاز مصر","__networkId":"gas","__networkName":"شبكة الغاز","__layerId":"gas_assets","__layerName":"عناصر شبكة الغاز","__assetName":"عناصر الغاز","__geometryKind":"point","__featureIndex":420,"__typeValue":"محبس"},"geometry":{"type":"Point","coordinates":[31.5289428040761,30.26567690815715]}},{"type":"Feature","properties":{"Gas_Facility_Type":"محبس","Easting":"031° 31' 52.81\" E","Northing":"30° 15' 57.56\" N","Description":null,"GlobalID":"{1B889F30-D0EA-4312-868A-8F27471183D5}","sectors":"القطاع السادس عشر","Implementing":"غاز مصر","__networkId":"gas","__networkName":"شبكة الغاز","__layerId":"gas_assets","__layerName":"عناصر شبكة الغاز","__assetName":"عناصر الغاز","__geometryKind":"point","__featureIndex":421,"__typeValue":"محبس"},"geometry":{"type":"Point","coordinates":[31.53301161805265,30.266155573946307]}},{"type":"Feature","properties":{"Gas_Facility_Type":"محبس","Easting":"031° 31' 29.73\" E","Northing":"30° 16' 5.05\" N","Description":null,"GlobalID":"{E75797A7-E1B3-4564-A890-CD674EB6B1E2}","sectors":"القطاع السابع عشر","Implementing":"غاز مصر","__networkId":"gas","__networkName":"شبكة الغاز","__layerId":"gas_assets","__layerName":"عناصر شبكة الغاز","__assetName":"عناصر الغاز","__geometryKind":"point","__featureIndex":422,"__typeValue":"محبس"},"geometry":{"type":"Point","coordinates":[31.526601168319928,30.2682361447183]}},{"type":"Feature","properties":{"Gas_Facility_Type":"محبس","Easting":"031° 31' 32.37\" E","Northing":"30° 16' 40.64\" N","Description":null,"GlobalID":"{96559974-EE86-4FDF-938C-018E8447CC4B}","sectors":"القطاع الثاني عشر","Implementing":"غاز مصر","__networkId":"gas","__networkName":"شبكة الغاز","__layerId":"gas_assets","__layerName":"عناصر شبكة الغاز","__assetName":"عناصر الغاز","__geometryKind":"point","__featureIndex":423,"__typeValue":"محبس"},"geometry":{"type":"Point","coordinates":[31.52733405255627,30.278123555565482]}},{"type":"Feature","properties":{"Gas_Facility_Type":"محبس","Easting":"031° 31' 35.76\" E","Northing":"30° 16' 16.06\" N","Description":null,"GlobalID":"{93C3E180-9913-4883-9766-9DA3A07D9754}","sectors":"القطاع السادس عشر","Implementing":"غاز مصر","__networkId":"gas","__networkName":"شبكة الغاز","__layerId":"gas_assets","__layerName":"عناصر شبكة الغاز","__assetName":"عناصر الغاز","__geometryKind":"point","__featureIndex":424,"__typeValue":"محبس"},"geometry":{"type":"Point","coordinates":[31.528275588483677,30.271294202972246]}},{"type":"Feature","properties":{"Gas_Facility_Type":"محبس","Easting":"031° 29' 57.86\" E","Northing":"30° 16' 22.69\" N","Description":null,"GlobalID":"{82147CAA-128D-4CF2-8C00-E252C4DC50D8}","sectors":"القطاع الخامس عشر","Implementing":"غاز مصر","__networkId":"gas","__networkName":"شبكة الغاز","__layerId":"gas_assets","__layerName":"عناصر شبكة الغاز","__assetName":"عناصر الغاز","__geometryKind":"point","__featureIndex":425,"__typeValue":"محبس"},"geometry":{"type":"Point","coordinates":[31.501082197834556,30.27313499296309]}},{"type":"Feature","properties":{"Gas_Facility_Type":"محبس","Easting":"031° 32' 4.2\" E","Northing":"30° 16' 1.2\" N","Description":null,"GlobalID":"{E2FC8E0B-52FD-4EC4-8891-BA76256722E4}","sectors":"القطاع السادس عشر","Implementing":"غاز مصر","__networkId":"gas","__networkName":"شبكة الغاز","__layerId":"gas_assets","__layerName":"عناصر شبكة الغاز","__assetName":"عناصر الغاز","__geometryKind":"point","__featureIndex":426,"__typeValue":"محبس"},"geometry":{"type":"Point","coordinates":[31.536176183372593,30.26716539096706]}},{"type":"Feature","properties":{"Gas_Facility_Type":"محبس","Easting":"031° 32' 4.04\" E","Northing":"30° 16' 2.08\" N","Description":null,"GlobalID":"{1268DA0E-9804-4A53-9FF5-193F31F7CB85}","sectors":"القطاع السادس عشر","Implementing":"غاز مصر","__networkId":"gas","__networkName":"شبكة الغاز","__layerId":"gas_assets","__layerName":"عناصر شبكة الغاز","__assetName":"عناصر الغاز","__geometryKind":"point","__featureIndex":427,"__typeValue":"محبس"},"geometry":{"type":"Point","coordinates":[31.536132031176383,30.267410330762136]}},{"type":"Feature","properties":{"Gas_Facility_Type":"محبس","Easting":"031° 32' 4.07\" E","Northing":"30° 16' 4.36\" N","Description":null,"GlobalID":"{861D4967-151F-4AC6-8C89-B006A42CDD6C}","sectors":"القطاع السادس عشر","Implementing":"غاز مصر","__networkId":"gas","__networkName":"شبكة الغاز","__layerId":"gas_assets","__layerName":"عناصر شبكة الغاز","__assetName":"عناصر الغاز","__geometryKind":"point","__featureIndex":428,"__typeValue":"محبس"},"geometry":{"type":"Point","coordinates":[31.536140212133684,30.268045171528126]}},{"type":"Feature","properties":{"Gas_Facility_Type":"محبس","Easting":"031° 31' 55.07\" E","Northing":"30° 16' 3.87\" N","Description":null,"GlobalID":"{52224694-54D9-4308-B2FA-3F6154176C1A}","sectors":"القطاع السادس عشر","Implementing":"غاز مصر","__networkId":"gas","__networkName":"شبكة الغاز","__layerId":"gas_assets","__layerName":"عناصر شبكة الغاز","__assetName":"عناصر الغاز","__geometryKind":"point","__featureIndex":429,"__typeValue":"محبس"},"geometry":{"type":"Point","coordinates":[31.533641593086674,30.267907087251196]}},{"type":"Feature","properties":{"Gas_Facility_Type":"محبس","Easting":"031° 31' 54.48\" E","Northing":"30° 16' 1.51\" N","Description":null,"GlobalID":"{DB569EE5-E80D-4D20-B466-139E9F1880F7}","sectors":"القطاع السادس عشر","Implementing":"غاز مصر","__networkId":"gas","__networkName":"شبكة الغاز","__layerId":"gas_assets","__layerName":"عناصر شبكة الغاز","__assetName":"عناصر الغاز","__geometryKind":"point","__featureIndex":430,"__typeValue":"محبس"},"geometry":{"type":"Point","coordinates":[31.53347750142697,30.26725361020497]}},{"type":"Feature","properties":{"Gas_Facility_Type":"محبس","Easting":"031° 32' 5.52\" E","Northing":"30° 16' 5.57\" N","Description":null,"GlobalID":"{82A0C5AC-67E7-4993-8255-B28B98278DD5}","sectors":"القطاع السادس عشر","Implementing":"غاز مصر","__networkId":"gas","__networkName":"شبكة الغاز","__layerId":"gas_assets","__layerName":"عناصر شبكة الغاز","__assetName":"عناصر الغاز","__geometryKind":"point","__featureIndex":431,"__typeValue":"محبس"},"geometry":{"type":"Point","coordinates":[31.53654379105485,30.268380723960643]}},{"type":"Feature","properties":{"Gas_Facility_Type":"محبس","Easting":"031° 32' 5.55\" E","Northing":"30° 16' 5.12\" N","Description":null,"GlobalID":"{E46A8680-3171-4354-AB62-88DEA9330E27}","sectors":"القطاع السادس عشر","Implementing":"غاز مصر","__networkId":"gas","__networkName":"شبكة الغاز","__layerId":"gas_assets","__layerName":"عناصر شبكة الغاز","__assetName":"عناصر الغاز","__geometryKind":"point","__featureIndex":432,"__typeValue":"محبس"},"geometry":{"type":"Point","coordinates":[31.536552904463402,30.268254326821342]}},{"type":"Feature","properties":{"Gas_Facility_Type":"محبس","Easting":"031° 31' 47.42\" E","Northing":"30° 16' 35.85\" N","Description":null,"GlobalID":"{1CA59D04-913D-487F-8626-691218DADB56}","sectors":"القطاع السادس عشر","Implementing":"غاز مصر","__networkId":"gas","__networkName":"شبكة الغاز","__layerId":"gas_assets","__layerName":"عناصر شبكة الغاز","__assetName":"عناصر الغاز","__geometryKind":"point","__featureIndex":433,"__typeValue":"محبس"},"geometry":{"type":"Point","coordinates":[31.531515062518544,30.276792928965108]}},{"type":"Feature","properties":{"Gas_Facility_Type":"محبس","Easting":"031° 31' 44.17\" E","Northing":"30° 16' 25.57\" N","Description":null,"GlobalID":"{35ABA762-7FF3-45A9-9ABB-D1F36B7940EF}","sectors":"القطاع السادس عشر","Implementing":"غاز مصر","__networkId":"gas","__networkName":"شبكة الغاز","__layerId":"gas_assets","__layerName":"عناصر شبكة الغاز","__assetName":"عناصر الغاز","__geometryKind":"point","__featureIndex":434,"__typeValue":"محبس"},"geometry":{"type":"Point","coordinates":[31.530613989406497,30.27393710361844]}},{"type":"Feature","properties":{"Gas_Facility_Type":"محبس","Easting":"031° 31' 16.42\" E","Northing":"30° 16' 21.72\" N","Description":null,"GlobalID":"{50DA523A-0E66-410C-9CF5-9DEE07951B6F}","sectors":"القطاع السابع عشر","Implementing":"غاز مصر","__networkId":"gas","__networkName":"شبكة الغاز","__layerId":"gas_assets","__layerName":"عناصر شبكة الغاز","__assetName":"عناصر الغاز","__geometryKind":"point","__featureIndex":435,"__typeValue":"محبس"},"geometry":{"type":"Point","coordinates":[31.522903613677304,30.272865221172058]}},{"type":"Feature","properties":{"Gas_Facility_Type":"محبس","Easting":"031° 31' 8.51\" E","Northing":"30° 16' 39.74\" N","Description":null,"GlobalID":"{A16814E6-C867-4B20-919D-2B554F9ECCBE}","sectors":"القطاع الثالث عشر","Implementing":"غاز مصر","__networkId":"gas","__networkName":"شبكة الغاز","__layerId":"gas_assets","__layerName":"عناصر شبكة الغاز","__assetName":"عناصر الغاز","__geometryKind":"point","__featureIndex":436,"__typeValue":"محبس"},"geometry":{"type":"Point","coordinates":[31.520706750412323,30.277871898678413]}},{"type":"Feature","properties":{"Gas_Facility_Type":"محبس","Easting":"031° 31' 48.02\" E","Northing":"30° 16' 20.58\" N","Description":null,"GlobalID":"{C2E2D971-0C3A-4DE7-A174-CCB65FE2062D}","sectors":"القطاع السادس عشر","Implementing":"غاز مصر","__networkId":"gas","__networkName":"شبكة الغاز","__layerId":"gas_assets","__layerName":"عناصر شبكة الغاز","__assetName":"عناصر الغاز","__geometryKind":"point","__featureIndex":437,"__typeValue":"محبس"},"geometry":{"type":"Point","coordinates":[31.531681134065117,30.27254999344608]}},{"type":"Feature","properties":{"Gas_Facility_Type":"محبس","Easting":"031° 31' 52.5\" E","Northing":"30° 16' 45.24\" N","Description":null,"GlobalID":"{BF4DC80C-391C-44C5-A816-CDDEDB58E1D5}","sectors":"القطاع الثاني عشر","Implementing":"غاز مصر","__networkId":"gas","__networkName":"شبكة الغاز","__layerId":"gas_assets","__layerName":"عناصر شبكة الغاز","__assetName":"عناصر الغاز","__geometryKind":"point","__featureIndex":438,"__typeValue":"محبس"},"geometry":{"type":"Point","coordinates":[31.532925378887068,30.27939881800935]}},{"type":"Feature","properties":{"Gas_Facility_Type":"محبس","Easting":"031° 31' 14.74\" E","Northing":"30° 16' 34.52\" N","Description":null,"GlobalID":"{C17EB3B2-AB44-41BF-9C3A-D6C4E51F26A9}","sectors":"القطاع الثالث عشر","Implementing":"غاز مصر","__networkId":"gas","__networkName":"شبكة الغاز","__layerId":"gas_assets","__layerName":"عناصر شبكة الغاز","__assetName":"عناصر الغاز","__geometryKind":"point","__featureIndex":439,"__typeValue":"محبس"},"geometry":{"type":"Point","coordinates":[31.522436584052652,30.276421007655642]}},{"type":"Feature","properties":{"Gas_Facility_Type":"محبس","Easting":"031° 31' 30.91\" E","Northing":"30° 16' 19.7\" N","Description":null,"GlobalID":"{1E181B13-57DA-49B7-B41B-E778D6CEB1D2}","sectors":"القطاع السابع عشر","Implementing":"غاز مصر","__networkId":"gas","__networkName":"شبكة الغاز","__layerId":"gas_assets","__layerName":"عناصر شبكة الغاز","__assetName":"عناصر الغاز","__geometryKind":"point","__featureIndex":440,"__typeValue":"محبس"},"geometry":{"type":"Point","coordinates":[31.526928280847496,30.27230460796476]}},{"type":"Feature","properties":{"Gas_Facility_Type":"محبس","Easting":"031° 31' 14.33\" E","Northing":"30° 16' 36.68\" N","Description":null,"GlobalID":"{659902D2-F3FE-4773-8297-2C600A211D41}","sectors":"القطاع الثالث عشر","Implementing":"غاز مصر","__networkId":"gas","__networkName":"شبكة الغاز","__layerId":"gas_assets","__layerName":"عناصر شبكة الغاز","__assetName":"عناصر الغاز","__geometryKind":"point","__featureIndex":441,"__typeValue":"محبس"},"geometry":{"type":"Point","coordinates":[31.5223239451975,30.277020945855245]}},{"type":"Feature","properties":{"Gas_Facility_Type":"محبس","Easting":"031° 31' 46.7\" E","Northing":"30° 16' 27.7\" N","Description":null,"GlobalID":"{35FC1E6B-1DE6-4704-BF70-DA249DC3C321}","sectors":"القطاع السادس عشر","Implementing":"غاز مصر","__networkId":"gas","__networkName":"شبكة الغاز","__layerId":"gas_assets","__layerName":"عناصر شبكة الغاز","__assetName":"عناصر الغاز","__geometryKind":"point","__featureIndex":442,"__typeValue":"محبس"},"geometry":{"type":"Point","coordinates":[31.53131455854712,30.27452771245683]}},{"type":"Feature","properties":{"Gas_Facility_Type":"محبس","Easting":"031° 31' 28.08\" E","Northing":"30° 16' 32.81\" N","Description":null,"GlobalID":"{7A2DECC2-B4C5-4551-929B-E95C3981FE0A}","sectors":"القطاع الثاني عشر","Implementing":"غاز مصر","__networkId":"gas","__networkName":"شبكة الغاز","__layerId":"gas_assets","__layerName":"عناصر شبكة الغاز","__assetName":"عناصر الغاز","__geometryKind":"point","__featureIndex":443,"__typeValue":"محبس"},"geometry":{"type":"Point","coordinates":[31.526144243843927,30.27594834922414]}},{"type":"Feature","properties":{"Gas_Facility_Type":"محبس","Easting":"031° 30' 55.65\" E","Northing":"30° 16' 38.68\" N","Description":null,"GlobalID":"{6FF61C8E-566E-431F-B0BD-966A02DAC4A7}","sectors":"القطاع الثالث عشر","Implementing":"غاز مصر","__networkId":"gas","__networkName":"شبكة الغاز","__layerId":"gas_assets","__layerName":"عناصر شبكة الغاز","__assetName":"عناصر الغاز","__geometryKind":"point","__featureIndex":444,"__typeValue":"محبس"},"geometry":{"type":"Point","coordinates":[31.517135232098987,30.277577693570993]}},{"type":"Feature","properties":{"Gas_Facility_Type":"محبس","Easting":"031° 31' 22.05\" E","Northing":"30° 16' 22.02\" N","Description":null,"GlobalID":"{BD1871C2-4DCA-4EF1-9EA4-6A3F03C4521E}","sectors":"القطاع السابع عشر","Implementing":"غاز مصر","__networkId":"gas","__networkName":"شبكة الغاز","__layerId":"gas_assets","__layerName":"عناصر شبكة الغاز","__assetName":"عناصر الغاز","__geometryKind":"point","__featureIndex":445,"__typeValue":"محبس"},"geometry":{"type":"Point","coordinates":[31.52446756351895,30.272948799015726]}},{"type":"Feature","properties":{"Gas_Facility_Type":"محبس","Easting":"031° 31' 22.78\" E","Northing":"30° 16' 1.65\" N","Description":null,"GlobalID":"{1236299C-9954-4226-B8BB-9F41765B27F7}","sectors":"القطاع السابع عشر","Implementing":"غاز مصر","__networkId":"gas","__networkName":"شبكة الغاز","__layerId":"gas_assets","__layerName":"عناصر شبكة الغاز","__assetName":"عناصر الغاز","__geometryKind":"point","__featureIndex":446,"__typeValue":"محبس"},"geometry":{"type":"Point","coordinates":[31.524670051868828,30.267291406233447]}},{"type":"Feature","properties":{"Gas_Facility_Type":"محبس","Easting":"031° 31' 15.8\" E","Northing":"30° 16' 31.44\" N","Description":null,"GlobalID":"{D36EEA9D-7AEA-4C1C-8895-D8555954C0E9}","sectors":"القطاع الثالث عشر","Implementing":"غاز مصر","__networkId":"gas","__networkName":"شبكة الغاز","__layerId":"gas_assets","__layerName":"عناصر شبكة الغاز","__assetName":"عناصر الغاز","__geometryKind":"point","__featureIndex":447,"__typeValue":"محبس"},"geometry":{"type":"Point","coordinates":[31.522730802071138,30.275566366537223]}},{"type":"Feature","properties":{"Gas_Facility_Type":"محبس","Easting":"031° 31' 36.83\" E","Northing":"30° 16' 21.92\" N","Description":null,"GlobalID":"{B51413F0-58AB-41F1-86C1-F0BB504F1333}","sectors":"القطاع السادس عشر","Implementing":"غاز مصر","__networkId":"gas","__networkName":"شبكة الغاز","__layerId":"gas_assets","__layerName":"عناصر شبكة الغاز","__assetName":"عناصر الغاز","__geometryKind":"point","__featureIndex":448,"__typeValue":"محبس"},"geometry":{"type":"Point","coordinates":[31.528572958690475,30.272921740901243]}},{"type":"Feature","properties":{"Gas_Facility_Type":"محبس","Easting":"031° 31' 59.2\" E","Northing":"30° 16' 43.95\" N","Description":null,"GlobalID":"{FBEC8CF2-AB91-4AD7-A354-1F19E7040BED}","sectors":"القطاع الثاني عشر","Implementing":"غاز مصر","__networkId":"gas","__networkName":"شبكة الغاز","__layerId":"gas_assets","__layerName":"عناصر شبكة الغاز","__assetName":"عناصر الغاز","__geometryKind":"point","__featureIndex":449,"__typeValue":"محبس"},"geometry":{"type":"Point","coordinates":[31.53478918996381,30.27904070669861]}},{"type":"Feature","properties":{"Gas_Facility_Type":"محبس","Easting":"031° 31' 28.95\" E","Northing":"30° 16' 16.63\" N","Description":null,"GlobalID":"{5F7874DA-4F18-43A7-8F69-06BFB538D0A2}","sectors":"القطاع السابع عشر","Implementing":"غاز مصر","__networkId":"gas","__networkName":"شبكة الغاز","__layerId":"gas_assets","__layerName":"عناصر شبكة الغاز","__assetName":"عناصر الغاز","__geometryKind":"point","__featureIndex":450,"__typeValue":"محبس"},"geometry":{"type":"Point","coordinates":[31.526384850406274,30.27145237873744]}},{"type":"Feature","properties":{"Gas_Facility_Type":"محبس","Easting":"031° 31' 20.3\" E","Northing":"30° 16' 41.29\" N","Description":null,"GlobalID":"{0ABF1A95-61B8-4B02-8860-A4D028905623}","sectors":"القطاع الثالث عشر","Implementing":"غاز مصر","__networkId":"gas","__networkName":"شبكة الغاز","__layerId":"gas_assets","__layerName":"عناصر شبكة الغاز","__assetName":"عناصر الغاز","__geometryKind":"point","__featureIndex":451,"__typeValue":"محبس"},"geometry":{"type":"Point","coordinates":[31.52398073412715,30.278302041700858]}},{"type":"Feature","properties":{"Gas_Facility_Type":"محبس","Easting":"031° 31' 29.8\" E","Northing":"30° 16' 21.37\" N","Description":null,"GlobalID":"{B89573D1-C718-4BB8-B163-5B879DBC0D8D}","sectors":"القطاع السابع عشر","Implementing":"غاز مصر","__networkId":"gas","__networkName":"شبكة الغاز","__layerId":"gas_assets","__layerName":"عناصر شبكة الغاز","__assetName":"عناصر الغاز","__geometryKind":"point","__featureIndex":452,"__typeValue":"محبس"},"geometry":{"type":"Point","coordinates":[31.526621756807938,30.272770106087375]}},{"type":"Feature","properties":{"Gas_Facility_Type":"محبس","Easting":"031° 31' 43.97\" E","Northing":"30° 15' 58.96\" N","Description":null,"GlobalID":"{9BC866C2-686A-4166-9531-E4A470A421A5}","sectors":"القطاع السادس عشر","Implementing":"غاز مصر","__networkId":"gas","__networkName":"شبكة الغاز","__layerId":"gas_assets","__layerName":"عناصر شبكة الغاز","__assetName":"عناصر الغاز","__geometryKind":"point","__featureIndex":453,"__typeValue":"محبس"},"geometry":{"type":"Point","coordinates":[31.53055658346658,30.266543164748363]}},{"type":"Feature","properties":{"Gas_Facility_Type":"محبس","Easting":"031° 31' 18.84\" E","Northing":"30° 16' 35.15\" N","Description":null,"GlobalID":"{0AA337FC-69C9-4B0E-9216-01C98B9BCE1E}","sectors":"القطاع الثالث عشر","Implementing":"غاز مصر","__networkId":"gas","__networkName":"شبكة الغاز","__layerId":"gas_assets","__layerName":"عناصر شبكة الغاز","__assetName":"عناصر الغاز","__geometryKind":"point","__featureIndex":454,"__typeValue":"محبس"},"geometry":{"type":"Point","coordinates":[31.523577714856376,30.276596724226625]}},{"type":"Feature","properties":{"Gas_Facility_Type":"محبس","Easting":"031° 31' 0.11\" E","Northing":"30° 16' 39.2\" N","Description":null,"GlobalID":"{0629ADBC-106D-4349-B762-BBE95E2638D6}","sectors":"القطاع الثالث عشر","Implementing":"غاز مصر","__networkId":"gas","__networkName":"شبكة الغاز","__layerId":"gas_assets","__layerName":"عناصر شبكة الغاز","__assetName":"عناصر الغاز","__geometryKind":"point","__featureIndex":455,"__typeValue":"محبس"},"geometry":{"type":"Point","coordinates":[31.51837382292451,30.277722550746763]}},{"type":"Feature","properties":{"Gas_Facility_Type":"محبس","Easting":"031° 31' 28.0\" E","Northing":"30° 16' 18.61\" N","Description":null,"GlobalID":"{50C35718-CBC7-41BB-8339-82591EEDEFA4}","sectors":"القطاع السابع عشر","Implementing":"غاز مصر","__networkId":"gas","__networkName":"شبكة الغاز","__layerId":"gas_assets","__layerName":"عناصر شبكة الغاز","__assetName":"عناصر الغاز","__geometryKind":"point","__featureIndex":456,"__typeValue":"محبس"},"geometry":{"type":"Point","coordinates":[31.526120320809593,30.272003292045255]}},{"type":"Feature","properties":{"Gas_Facility_Type":"محبس","Easting":"031° 31' 42.76\" E","Northing":"30° 15' 59.69\" N","Description":null,"GlobalID":"{284D5596-6873-48DE-A61D-1D63B8210E78}","sectors":"القطاع السادس عشر","Implementing":"غاز مصر","__networkId":"gas","__networkName":"شبكة الغاز","__layerId":"gas_assets","__layerName":"عناصر شبكة الغاز","__assetName":"عناصر الغاز","__geometryKind":"point","__featureIndex":457,"__typeValue":"محبس"},"geometry":{"type":"Point","coordinates":[31.53022063690653,30.266746010033533]}},{"type":"Feature","properties":{"Gas_Facility_Type":"محبس","Easting":"031° 31' 27.15\" E","Northing":"30° 16' 20.54\" N","Description":null,"GlobalID":"{70EB596A-BE87-4946-AD25-72A9502F30C0}","sectors":"القطاع السابع عشر","Implementing":"غاز مصر","__networkId":"gas","__networkName":"شبكة الغاز","__layerId":"gas_assets","__layerName":"عناصر شبكة الغاز","__assetName":"عناصر الغاز","__geometryKind":"point","__featureIndex":458,"__typeValue":"محبس"},"geometry":{"type":"Point","coordinates":[31.525883487171463,30.272539779019652]}},{"type":"Feature","properties":{"Gas_Facility_Type":"محبس","Easting":"031° 31' 41.17\" E","Northing":"30° 15' 56.38\" N","Description":null,"GlobalID":"{C1A96C85-A072-4601-96D7-3AA978AD04FD}","sectors":"القطاع السادس عشر","Implementing":"غاز مصر","__networkId":"gas","__networkName":"شبكة الغاز","__layerId":"gas_assets","__layerName":"عناصر شبكة الغاز","__assetName":"عناصر الغاز","__geometryKind":"point","__featureIndex":459,"__typeValue":"محبس"},"geometry":{"type":"Point","coordinates":[31.529778682854726,30.26582713253082]}},{"type":"Feature","properties":{"Gas_Facility_Type":"محبس","Easting":"031° 31' 36.75\" E","Northing":"30° 16' 41.23\" N","Description":null,"GlobalID":"{FA5694DB-CE3C-4A35-A9C5-3C193702E277}","sectors":"القطاع الثاني عشر","Implementing":"غاز مصر","__networkId":"gas","__networkName":"شبكة الغاز","__layerId":"gas_assets","__layerName":"عناصر شبكة الغاز","__assetName":"عناصر الغاز","__geometryKind":"point","__featureIndex":460,"__typeValue":"محبس"},"geometry":{"type":"Point","coordinates":[31.528551635380573,30.27828669458241]}},{"type":"Feature","properties":{"Gas_Facility_Type":"محبس","Easting":"031° 31' 37.38\" E","Northing":"30° 16' 19.71\" N","Description":null,"GlobalID":"{C07A1690-C539-432E-807C-E14100021B79}","sectors":"القطاع السادس عشر","Implementing":"غاز مصر","__networkId":"gas","__networkName":"شبكة الغاز","__layerId":"gas_assets","__layerName":"عناصر شبكة الغاز","__assetName":"عناصر الغاز","__geometryKind":"point","__featureIndex":461,"__typeValue":"محبس"},"geometry":{"type":"Point","coordinates":[31.528726569705743,30.272308964196238]}},{"type":"Feature","properties":{"Gas_Facility_Type":"محبس","Easting":"031° 31' 37.66\" E","Northing":"30° 16' 33.88\" N","Description":null,"GlobalID":"{66EB6F2F-6CB8-4568-B094-126AF45047A3}","sectors":"القطاع الثاني عشر","Implementing":"غاز مصر","__networkId":"gas","__networkName":"شبكة الغاز","__layerId":"gas_assets","__layerName":"عناصر شبكة الغاز","__assetName":"عناصر الغاز","__geometryKind":"point","__featureIndex":462,"__typeValue":"محبس"},"geometry":{"type":"Point","coordinates":[31.528803455612618,30.276244595662824]}},{"type":"Feature","properties":{"Gas_Facility_Type":"محبس","Easting":"031° 31' 6.8\" E","Northing":"30° 16' 39.91\" N","Description":null,"GlobalID":"{698AB0A2-7426-4A4C-9BF9-358068B0902F}","sectors":"القطاع الثالث عشر","Implementing":"غاز مصر","__networkId":"gas","__networkName":"شبكة الغاز","__layerId":"gas_assets","__layerName":"عناصر شبكة الغاز","__assetName":"عناصر الغاز","__geometryKind":"point","__featureIndex":463,"__typeValue":"محبس"},"geometry":{"type":"Point","coordinates":[31.52023339125819,30.277919148104484]}},{"type":"Feature","properties":{"Gas_Facility_Type":"محبس","Easting":"031° 31' 14.84\" E","Northing":"30° 16' 28.11\" N","Description":null,"GlobalID":"{DEC3BD5D-11F6-426F-BBEA-1BD02B9709CE}","sectors":"القطاع الثالث عشر","Implementing":"غاز مصر","__networkId":"gas","__networkName":"شبكة الغاز","__layerId":"gas_assets","__layerName":"عناصر شبكة الغاز","__assetName":"عناصر الغاز","__geometryKind":"point","__featureIndex":464,"__typeValue":"محبس"},"geometry":{"type":"Point","coordinates":[31.522466774632736,30.274641407848137]}},{"type":"Feature","properties":{"Gas_Facility_Type":"محبس","Easting":"031° 31' 6.83\" E","Northing":"30° 16' 28.22\" N","Description":null,"GlobalID":"{29C03507-FD57-407B-9682-80D1EA2B9712}","sectors":"القطاع الثالث عشر","Implementing":"غاز مصر","__networkId":"gas","__networkName":"شبكة الغاز","__layerId":"gas_assets","__layerName":"عناصر شبكة الغاز","__assetName":"عناصر الغاز","__geometryKind":"point","__featureIndex":465,"__typeValue":"محبس"},"geometry":{"type":"Point","coordinates":[31.520239218629428,30.274671335179043]}},{"type":"Feature","properties":{"Gas_Facility_Type":"محبس","Easting":"031° 31' 34.45\" E","Northing":"30° 16' 40.92\" N","Description":null,"GlobalID":"{614DC906-6D95-4DE4-8020-59DC8756631B}","sectors":"القطاع الثاني عشر","Implementing":"غاز مصر","__networkId":"gas","__networkName":"شبكة الغاز","__layerId":"gas_assets","__layerName":"عناصر شبكة الغاز","__assetName":"عناصر الغاز","__geometryKind":"point","__featureIndex":466,"__typeValue":"محبس"},"geometry":{"type":"Point","coordinates":[31.527913173962077,30.278199471268483]}},{"type":"Feature","properties":{"Gas_Facility_Type":"محبس","Easting":"031° 31' 48.67\" E","Northing":"30° 16' 36.27\" N","Description":null,"GlobalID":"{3892B775-7862-4B82-82AA-2FB864E4CB66}","sectors":"القطاع السادس عشر","Implementing":"غاز مصر","__networkId":"gas","__networkName":"شبكة الغاز","__layerId":"gas_assets","__layerName":"عناصر شبكة الغاز","__assetName":"عناصر الغاز","__geometryKind":"point","__featureIndex":467,"__typeValue":"محبس"},"geometry":{"type":"Point","coordinates":[31.531862819229637,30.276907695417385]}},{"type":"Feature","properties":{"Gas_Facility_Type":"محبس","Easting":"031° 31' 22.98\" E","Northing":"30° 16' 19.91\" N","Description":null,"GlobalID":"{AFAB8B30-7610-4948-81AF-90C281380753}","sectors":"القطاع السابع عشر","Implementing":"غاز مصر","__networkId":"gas","__networkName":"شبكة الغاز","__layerId":"gas_assets","__layerName":"عناصر شبكة الغاز","__assetName":"عناصر الغاز","__geometryKind":"point","__featureIndex":468,"__typeValue":"محبس"},"geometry":{"type":"Point","coordinates":[31.524726214540394,30.272363065239137]}},{"type":"Feature","properties":{"Gas_Facility_Type":"محبس","Easting":"031° 31' 48.14\" E","Northing":"30° 16' 23.27\" N","Description":null,"GlobalID":"{532055B4-0943-4E4B-B1D3-E59CFED9635C}","sectors":"القطاع السادس عشر","Implementing":"غاز مصر","__networkId":"gas","__networkName":"شبكة الغاز","__layerId":"gas_assets","__layerName":"عناصر شبكة الغاز","__assetName":"عناصر الغاز","__geometryKind":"point","__featureIndex":469,"__typeValue":"محبس"},"geometry":{"type":"Point","coordinates":[31.531715812628327,30.273297947094992]}},{"type":"Feature","properties":{"Gas_Facility_Type":"محبس","Easting":"031° 31' 24.07\" E","Northing":"30° 16' 34.07\" N","Description":null,"GlobalID":"{B4556CD0-3246-469F-9D30-681F1640FEF9}","sectors":"القطاع الثالث عشر","Implementing":"غاز مصر","__networkId":"gas","__networkName":"شبكة الغاز","__layerId":"gas_assets","__layerName":"عناصر شبكة الغاز","__assetName":"عناصر الغاز","__geometryKind":"point","__featureIndex":470,"__typeValue":"محبس"},"geometry":{"type":"Point","coordinates":[31.52503004902401,30.276296232182702]}},{"type":"Feature","properties":{"Gas_Facility_Type":"محبس","Easting":"031° 31' 36.06\" E","Northing":"30° 16' 26.84\" N","Description":null,"GlobalID":"{5A520B60-6CC6-46D0-BB30-306BD2C7E76A}","sectors":"القطاع السادس عشر","Implementing":"غاز مصر","__networkId":"gas","__networkName":"شبكة الغاز","__layerId":"gas_assets","__layerName":"عناصر شبكة الغاز","__assetName":"عناصر الغاز","__geometryKind":"point","__featureIndex":471,"__typeValue":"محبس"},"geometry":{"type":"Point","coordinates":[31.528360097494016,30.27428812718126]}},{"type":"Feature","properties":{"Gas_Facility_Type":"محبس","Easting":"031° 32' 1.31\" E","Northing":"30° 16' 46.11\" N","Description":null,"GlobalID":"{A73E0113-C520-45AD-87D2-42FFE4F4C7DF}","sectors":"القطاع الثاني عشر","Implementing":"غاز مصر","__networkId":"gas","__networkName":"شبكة الغاز","__layerId":"gas_assets","__layerName":"عناصر شبكة الغاز","__assetName":"عناصر الغاز","__geometryKind":"point","__featureIndex":472,"__typeValue":"محبس"},"geometry":{"type":"Point","coordinates":[31.535373633887673,30.279642946085783]}},{"type":"Feature","properties":{"Gas_Facility_Type":"محبس","Easting":"031° 31' 38.15\" E","Northing":"30° 16' 40.2\" N","Description":null,"GlobalID":"{BD1A0B9A-4F1E-4896-A80C-C748BB5D4332}","sectors":"القطاع الثاني عشر","Implementing":"غاز مصر","__networkId":"gas","__networkName":"شبكة الغاز","__layerId":"gas_assets","__layerName":"عناصر شبكة الغاز","__assetName":"عناصر الغاز","__geometryKind":"point","__featureIndex":473,"__typeValue":"محبس"},"geometry":{"type":"Point","coordinates":[31.528940946360102,30.277998585210227]}},{"type":"Feature","properties":{"Gas_Facility_Type":"محبس","Easting":"031° 31' 45.02\" E","Northing":"30° 16' 43.77\" N","Description":null,"GlobalID":"{142902AC-F821-45E8-98AF-C590C9DF966F}","sectors":"القطاع الثاني عشر","Implementing":"غاز مصر","__networkId":"gas","__networkName":"شبكة الغاز","__layerId":"gas_assets","__layerName":"عناصر شبكة الغاز","__assetName":"عناصر الغاز","__geometryKind":"point","__featureIndex":474,"__typeValue":"محبس"},"geometry":{"type":"Point","coordinates":[31.530849457605413,30.278990541702324]}},{"type":"Feature","properties":{"Gas_Facility_Type":"محبس","Easting":"031° 31' 50.6\" E","Northing":"30° 16' 21.38\" N","Description":null,"GlobalID":"{C910EB44-FCB4-4E3B-B2D2-D4B6BA831E6E}","sectors":"القطاع السادس عشر","Implementing":"غاز مصر","__networkId":"gas","__networkName":"شبكة الغاز","__layerId":"gas_assets","__layerName":"عناصر شبكة الغاز","__assetName":"عناصر الغاز","__geometryKind":"point","__featureIndex":475,"__typeValue":"محبس"},"geometry":{"type":"Point","coordinates":[31.532398524159454,30.272771866415482]}},{"type":"Feature","properties":{"Gas_Facility_Type":"محبس","Easting":"031° 31' 54.88\" E","Northing":"30° 16' 43.3\" N","Description":null,"GlobalID":"{15E48222-04B2-4243-989B-0A3A9CE2A352}","sectors":"القطاع الثاني عشر","Implementing":"غاز مصر","__networkId":"gas","__networkName":"شبكة الغاز","__layerId":"gas_assets","__layerName":"عناصر شبكة الغاز","__assetName":"عناصر الغاز","__geometryKind":"point","__featureIndex":476,"__typeValue":"محبس"},"geometry":{"type":"Point","coordinates":[31.53358878113111,30.2788603949717]}},{"type":"Feature","properties":{"Gas_Facility_Type":"محبس","Easting":"031° 31' 58.89\" E","Northing":"30° 16' 45.91\" N","Description":null,"GlobalID":"{0FBFFD53-0CAD-4329-9291-61796F76E765}","sectors":"القطاع الثاني عشر","Implementing":"غاز مصر","__networkId":"gas","__networkName":"شبكة الغاز","__layerId":"gas_assets","__layerName":"عناصر شبكة الغاز","__assetName":"عناصر الغاز","__geometryKind":"point","__featureIndex":477,"__typeValue":"محبس"},"geometry":{"type":"Point","coordinates":[31.534701361678486,30.2795871532381]}},{"type":"Feature","properties":{"Gas_Facility_Type":"محبس","Easting":"031° 31' 24.52\" E","Northing":"30° 16' 37.03\" N","Description":null,"GlobalID":"{BBF631DC-ED02-440A-9443-54CF0F937691}","sectors":"القطاع الثالث عشر","Implementing":"غاز مصر","__networkId":"gas","__networkName":"شبكة الغاز","__layerId":"gas_assets","__layerName":"عناصر شبكة الغاز","__assetName":"عناصر الغاز","__geometryKind":"point","__featureIndex":478,"__typeValue":"محبس"},"geometry":{"type":"Point","coordinates":[31.525153650020577,30.277119972969903]}},{"type":"Feature","properties":{"Gas_Facility_Type":"محبس","Easting":"031° 31' 22.0\" E","Northing":"30° 16' 28.63\" N","Description":null,"GlobalID":"{6E22A528-1A31-4678-830B-4F4BC03904E5}","sectors":"القطاع الثالث عشر","Implementing":"غاز مصر","__networkId":"gas","__networkName":"شبكة الغاز","__layerId":"gas_assets","__layerName":"عناصر شبكة الغاز","__assetName":"عناصر الغاز","__geometryKind":"point","__featureIndex":479,"__typeValue":"محبس"},"geometry":{"type":"Point","coordinates":[31.524453472545414,30.274786820176416]}},{"type":"Feature","properties":{"Gas_Facility_Type":"محبس","Easting":"031° 31' 48.11\" E","Northing":"30° 16' 16.43\" N","Description":null,"GlobalID":"{D41E1503-6AEC-481E-8779-A098FB897F5A}","sectors":"القطاع السادس عشر","Implementing":"غاز مصر","__networkId":"gas","__networkName":"شبكة الغاز","__layerId":"gas_assets","__layerName":"عناصر شبكة الغاز","__assetName":"عناصر الغاز","__geometryKind":"point","__featureIndex":480,"__typeValue":"محبس"},"geometry":{"type":"Point","coordinates":[31.531707861639756,30.27139618866474]}},{"type":"Feature","properties":{"Gas_Facility_Type":"محبس","Easting":"031° 31' 26.4\" E","Northing":"30° 16' 36.39\" N","Description":null,"GlobalID":"{AC085145-3C6E-4279-8CD9-6B73ABA48EEA}","sectors":"القطاع الثاني عشر","Implementing":"غاز مصر","__networkId":"gas","__networkName":"شبكة الغاز","__layerId":"gas_assets","__layerName":"عناصر شبكة الغاز","__assetName":"عناصر الغاز","__geometryKind":"point","__featureIndex":481,"__typeValue":"محبس"},"geometry":{"type":"Point","coordinates":[31.52567570684625,30.276941293841865]}},{"type":"Feature","properties":{"Gas_Facility_Type":"محبس","Easting":"031° 31' 18.29\" E","Northing":"30° 16' 41.09\" N","Description":null,"GlobalID":"{F484E3E8-EB55-45FC-84B1-CAF1BF7145B9}","sectors":"القطاع الثالث عشر","Implementing":"غاز مصر","__networkId":"gas","__networkName":"شبكة الغاز","__layerId":"gas_assets","__layerName":"عناصر شبكة الغاز","__assetName":"عناصر الغاز","__geometryKind":"point","__featureIndex":482,"__typeValue":"محبس"},"geometry":{"type":"Point","coordinates":[31.523423422019814,30.27824688655234]}},{"type":"Feature","properties":{"Gas_Facility_Type":"محبس","Easting":"031° 31' 3.69\" E","Northing":"30° 16' 29.36\" N","Description":null,"GlobalID":"{AF41912A-F980-4894-B2E7-D3460BD72B2F}","sectors":"القطاع الثالث عشر","Implementing":"غاز مصر","__networkId":"gas","__networkName":"شبكة الغاز","__layerId":"gas_assets","__layerName":"عناصر شبكة الغاز","__assetName":"عناصر الغاز","__geometryKind":"point","__featureIndex":483,"__typeValue":"محبس"},"geometry":{"type":"Point","coordinates":[31.519367377595067,30.274988948656937]}},{"type":"Feature","properties":{"Gas_Facility_Type":"محبس","Easting":"031° 31' 50.15\" E","Northing":"30° 16' 44.79\" N","Description":null,"GlobalID":"{1218AC34-EAEB-4BDA-9B51-E3AE66483D9E}","sectors":"القطاع الثاني عشر","Implementing":"غاز مصر","__networkId":"gas","__networkName":"شبكة الغاز","__layerId":"gas_assets","__layerName":"عناصر شبكة الغاز","__assetName":"عناصر الغاز","__geometryKind":"point","__featureIndex":484,"__typeValue":"محبس"},"geometry":{"type":"Point","coordinates":[31.53227467612615,30.279275430287804]}},{"type":"Feature","properties":{"Gas_Facility_Type":"محبس","Easting":"031° 30' 55.97\" E","Northing":"30° 16' 36.61\" N","Description":null,"GlobalID":"{3F733FCC-DDFA-452C-838E-F1895ECE5474}","sectors":"القطاع الثالث عشر","Implementing":"غاز مصر","__networkId":"gas","__networkName":"شبكة الغاز","__layerId":"gas_assets","__layerName":"عناصر شبكة الغاز","__assetName":"عناصر الغاز","__geometryKind":"point","__featureIndex":485,"__typeValue":"محبس"},"geometry":{"type":"Point","coordinates":[31.517224698911377,30.27700353960769]}},{"type":"Feature","properties":{"Gas_Facility_Type":"محبس","Easting":"031° 31' 40.49\" E","Northing":"30° 16' 16.09\" N","Description":null,"GlobalID":"{A8986D6D-C943-4167-BDF9-1D16E6712B34}","sectors":"القطاع السادس عشر","Implementing":"غاز مصر","__networkId":"gas","__networkName":"شبكة الغاز","__layerId":"gas_assets","__layerName":"عناصر شبكة الغاز","__assetName":"عناصر الغاز","__geometryKind":"point","__featureIndex":486,"__typeValue":"محبس"},"geometry":{"type":"Point","coordinates":[31.52959152964507,30.271301471708163]}},{"type":"Feature","properties":{"Gas_Facility_Type":"محبس","Easting":"031° 31' 31.4\" E","Northing":"30° 16' 31.76\" N","Description":null,"GlobalID":"{481E5262-BE97-4B0C-A91A-A882546C7B3F}","sectors":"القطاع الثاني عشر","Implementing":"غاز مصر","__networkId":"gas","__networkName":"شبكة الغاز","__layerId":"gas_assets","__layerName":"عناصر شبكة الغاز","__assetName":"عناصر الغاز","__geometryKind":"point","__featureIndex":487,"__typeValue":"محبس"},"geometry":{"type":"Point","coordinates":[31.527065769798355,30.275656833458342]}},{"type":"Feature","properties":{"Gas_Facility_Type":"محبس","Easting":"031° 31' 47.39\" E","Northing":"30° 16' 25.65\" N","Description":null,"GlobalID":"{F133266E-7B35-4666-8AE9-5AEE9EF467F6}","sectors":"القطاع السادس عشر","Implementing":"غاز مصر","__networkId":"gas","__networkName":"شبكة الغاز","__layerId":"gas_assets","__layerName":"عناصر شبكة الغاز","__assetName":"عناصر الغاز","__geometryKind":"point","__featureIndex":488,"__typeValue":"محبس"},"geometry":{"type":"Point","coordinates":[31.53150825778026,30.273956991441793]}},{"type":"Feature","properties":{"Gas_Facility_Type":"محبس","Easting":"031° 31' 34.0\" E","Northing":"30° 16' 26.2\" N","Description":null,"GlobalID":"{D3709FC4-0115-4B7F-A046-6CC62EB611FE}","sectors":"القطاع السادس عشر","Implementing":"غاز مصر","__networkId":"gas","__networkName":"شبكة الغاز","__layerId":"gas_assets","__layerName":"عناصر شبكة الغاز","__assetName":"عناصر الغاز","__geometryKind":"point","__featureIndex":489,"__typeValue":"محبس"},"geometry":{"type":"Point","coordinates":[31.52778830993422,30.274111748593413]}},{"type":"Feature","properties":{"Gas_Facility_Type":"محبس","Easting":"031° 31' 7.75\" E","Northing":"30° 16' 30.74\" N","Description":null,"GlobalID":"{54D23733-56DB-4AC6-8BDC-93B727E0D54D}","sectors":"القطاع الثالث عشر","Implementing":"غاز مصر","__networkId":"gas","__networkName":"شبكة الغاز","__layerId":"gas_assets","__layerName":"عناصر شبكة الغاز","__assetName":"عناصر الغاز","__geometryKind":"point","__featureIndex":490,"__typeValue":"محبس"},"geometry":{"type":"Point","coordinates":[31.520495474742344,30.275370946779674]}},{"type":"Feature","properties":{"Gas_Facility_Type":"محبس","Easting":"031° 31' 9.64\" E","Northing":"30° 16' 26.69\" N","Description":null,"GlobalID":"{439BCCEA-2C42-4017-AA27-C10CB8C09F31}","sectors":"القطاع الثالث عشر","Implementing":"غاز مصر","__networkId":"gas","__networkName":"شبكة الغاز","__layerId":"gas_assets","__layerName":"عناصر شبكة الغاز","__assetName":"عناصر الغاز","__geometryKind":"point","__featureIndex":491,"__typeValue":"محبس"},"geometry":{"type":"Point","coordinates":[31.521020528347808,30.274247010297795]}},{"type":"Feature","properties":{"Gas_Facility_Type":"محبس","Easting":"031° 31' 15.94\" E","Northing":"30° 16' 40.68\" N","Description":null,"GlobalID":"{51F643B3-A9F2-4A85-BA9F-F270D0525260}","sectors":"القطاع الثالث عشر","Implementing":"غاز مصر","__networkId":"gas","__networkName":"شبكة الغاز","__layerId":"gas_assets","__layerName":"عناصر شبكة الغاز","__assetName":"عناصر الغاز","__geometryKind":"point","__featureIndex":492,"__typeValue":"محبس"},"geometry":{"type":"Point","coordinates":[31.522772138048946,30.278132625919508]}},{"type":"Feature","properties":{"Gas_Facility_Type":"محبس","Easting":"031° 31' 39.51\" E","Northing":"30° 16' 25.53\" N","Description":null,"GlobalID":"{5C862462-3EAC-44A6-986D-3AA516C63A58}","sectors":"القطاع السادس عشر","Implementing":"غاز مصر","__networkId":"gas","__networkName":"شبكة الغاز","__layerId":"gas_assets","__layerName":"عناصر شبكة الغاز","__assetName":"عناصر الغاز","__geometryKind":"point","__featureIndex":493,"__typeValue":"محبس"},"geometry":{"type":"Point","coordinates":[31.52931779950325,30.273924214351748]}},{"type":"Feature","properties":{"Gas_Facility_Type":"محبس","Easting":"031° 31' 9.76\" E","Northing":"30° 16' 41.39\" N","Description":null,"GlobalID":"{BAC48ED8-845C-4575-BB38-2E416FB0F867}","sectors":"القطاع الثالث عشر","Implementing":"غاز مصر","__networkId":"gas","__networkName":"شبكة الغاز","__layerId":"gas_assets","__layerName":"عناصر شبكة الغاز","__assetName":"عناصر الغاز","__geometryKind":"point","__featureIndex":494,"__typeValue":"محبس"},"geometry":{"type":"Point","coordinates":[31.52105326205844,30.278330452831327]}},{"type":"Feature","properties":{"Gas_Facility_Type":"محبس","Easting":"031° 31' 35.02\" E","Northing":"30° 16' 18.66\" N","Description":null,"GlobalID":"{E6104B4B-66CC-47DD-8496-396CE1B1F368}","sectors":"القطاع السادس عشر","Implementing":"غاز مصر","__networkId":"gas","__networkName":"شبكة الغاز","__layerId":"gas_assets","__layerName":"عناصر شبكة الغاز","__assetName":"عناصر الغاز","__geometryKind":"point","__featureIndex":495,"__typeValue":"محبس"},"geometry":{"type":"Point","coordinates":[31.528071171450872,30.272017737864537]}},{"type":"Feature","properties":{"Gas_Facility_Type":"محبس","Easting":"031° 31' 31.61\" E","Northing":"30° 16' 17.56\" N","Description":null,"GlobalID":"{FB23F0AB-778B-4F16-A742-235D49DADF0F}","sectors":"القطاع السابع عشر","Implementing":"غاز مصر","__networkId":"gas","__networkName":"شبكة الغاز","__layerId":"gas_assets","__layerName":"عناصر شبكة الغاز","__assetName":"عناصر الغاز","__geometryKind":"point","__featureIndex":496,"__typeValue":"محبس"},"geometry":{"type":"Point","coordinates":[31.52712344253791,30.271711397597137]}},{"type":"Feature","properties":{"Gas_Facility_Type":"محبس","Easting":"031° 31' 18.86\" E","Northing":"30° 16' 29.81\" N","Description":null,"GlobalID":"{45314B84-CAAA-4B48-A560-1A5A3781ACD7}","sectors":"القطاع الثالث عشر","Implementing":"غاز مصر","__networkId":"gas","__networkName":"شبكة الغاز","__layerId":"gas_assets","__layerName":"عناصر شبكة الغاز","__assetName":"عناصر الغاز","__geometryKind":"point","__featureIndex":497,"__typeValue":"محبس"},"geometry":{"type":"Point","coordinates":[31.523581770749907,30.275112819659604]}},{"type":"Feature","properties":{"Gas_Facility_Type":"محبس","Easting":"031° 31' 8.87\" E","Northing":"30° 16' 37.49\" N","Description":null,"GlobalID":"{33F71F48-5781-4B44-9FB1-8A1D362B5E3E}","sectors":"القطاع الثالث عشر","Implementing":"غاز مصر","__networkId":"gas","__networkName":"شبكة الغاز","__layerId":"gas_assets","__layerName":"عناصر شبكة الغاز","__assetName":"عناصر الغاز","__geometryKind":"point","__featureIndex":498,"__typeValue":"محبس"},"geometry":{"type":"Point","coordinates":[31.520806897295135,30.277247529347456]}},{"type":"Feature","properties":{"Gas_Facility_Type":"محبس","Easting":"031° 31' 47.38\" E","Northing":"30° 16' 39.58\" N","Description":null,"GlobalID":"{FDD6B8F5-BA59-4FCB-AB61-6054C1350C50}","sectors":"القطاع الثاني عشر","Implementing":"غاز مصر","__networkId":"gas","__networkName":"شبكة الغاز","__layerId":"gas_assets","__layerName":"عناصر شبكة الغاز","__assetName":"عناصر الغاز","__geometryKind":"point","__featureIndex":499,"__typeValue":"محبس"},"geometry":{"type":"Point","coordinates":[31.531504112055227,30.277829009870747]}},{"type":"Feature","properties":{"Gas_Facility_Type":"محبس","Easting":"031° 30' 56.87\" E","Northing":"30° 16' 34.64\" N","Description":null,"GlobalID":"{176D93BE-A17E-44F1-A0F2-BB520BF42D4E}","sectors":"القطاع الثالث عشر","Implementing":"غاز مصر","__networkId":"gas","__networkName":"شبكة الغاز","__layerId":"gas_assets","__layerName":"عناصر شبكة الغاز","__assetName":"عناصر الغاز","__geometryKind":"point","__featureIndex":500,"__typeValue":"محبس"},"geometry":{"type":"Point","coordinates":[31.517474092793833,30.276456213678614]}},{"type":"Feature","properties":{"Gas_Facility_Type":"محبس","Easting":"031° 31' 52.37\" E","Northing":"30° 16' 39.37\" N","Description":null,"GlobalID":"{A9F5772B-80A5-4252-8904-F7BAA8D1C9C1}","sectors":"القطاع الثاني عشر","Implementing":"غاز مصر","__networkId":"gas","__networkName":"شبكة الغاز","__layerId":"gas_assets","__layerName":"عناصر شبكة الغاز","__assetName":"عناصر الغاز","__geometryKind":"point","__featureIndex":501,"__typeValue":"محبس"},"geometry":{"type":"Point","coordinates":[31.532889243256427,30.277770600071058]}},{"type":"Feature","properties":{"Gas_Facility_Type":"محبس","Easting":"031° 31' 13.8\" E","Northing":"30° 16' 40.68\" N","Description":null,"GlobalID":"{F5E71298-BE30-41C6-9337-DA9670D8AFB3}","sectors":"القطاع الثالث عشر","Implementing":"غاز مصر","__networkId":"gas","__networkName":"شبكة الغاز","__layerId":"gas_assets","__layerName":"عناصر شبكة الغاز","__assetName":"عناصر الغاز","__geometryKind":"point","__featureIndex":502,"__typeValue":"محبس"},"geometry":{"type":"Point","coordinates":[31.52217693590124,30.27813462043526]}},{"type":"Feature","properties":{"Gas_Facility_Type":"محبس","Easting":"031° 32' 1.57\" E","Northing":"30° 16' 44.24\" N","Description":null,"GlobalID":"{32FC488D-B916-4F68-8B8D-6A4F577D5995}","sectors":"القطاع الثاني عشر","Implementing":"غاز مصر","__networkId":"gas","__networkName":"شبكة الغاز","__layerId":"gas_assets","__layerName":"عناصر شبكة الغاز","__assetName":"عناصر الغاز","__geometryKind":"point","__featureIndex":503,"__typeValue":"محبس"},"geometry":{"type":"Point","coordinates":[31.535445755130244,30.279122301854677]}},{"type":"Feature","properties":{"Gas_Facility_Type":"محبس","Easting":"031° 31' 5.91\" E","Northing":"30° 16' 30.18\" N","Description":null,"GlobalID":"{96584DA5-DD32-4BFA-A4C8-53DEC34045DA}","sectors":"القطاع الثالث عشر","Implementing":"غاز مصر","__networkId":"gas","__networkName":"شبكة الغاز","__layerId":"gas_assets","__layerName":"عناصر شبكة الغاز","__assetName":"عناصر الغاز","__geometryKind":"point","__featureIndex":504,"__typeValue":"محبس"},"geometry":{"type":"Point","coordinates":[31.519983906645905,30.275216734671666]}},{"type":"Feature","properties":{"Gas_Facility_Type":"محبس","Easting":"031° 31' 48.03\" E","Northing":"30° 16' 30.86\" N","Description":null,"GlobalID":"{232E7FEA-D798-424F-96BD-B6219A80939E}","sectors":"القطاع السادس عشر","Implementing":"غاز مصر","__networkId":"gas","__networkName":"شبكة الغاز","__layerId":"gas_assets","__layerName":"عناصر شبكة الغاز","__assetName":"عناصر الغاز","__geometryKind":"point","__featureIndex":505,"__typeValue":"محبس"},"geometry":{"type":"Point","coordinates":[31.53168619607176,30.275404954574725]}},{"type":"Feature","properties":{"Gas_Facility_Type":"محبس","Easting":"031° 31' 7.83\" E","Northing":"30° 16' 25.85\" N","Description":null,"GlobalID":"{6815B5DF-63B1-4DAB-A3D9-E3D0CD4D3E3D}","sectors":"القطاع الثالث عشر","Implementing":"غاز مصر","__networkId":"gas","__networkName":"شبكة الغاز","__layerId":"gas_assets","__layerName":"عناصر شبكة الغاز","__assetName":"عناصر الغاز","__geometryKind":"point","__featureIndex":506,"__typeValue":"محبس"},"geometry":{"type":"Point","coordinates":[31.520517454720686,30.27401426617825]}},{"type":"Feature","properties":{"Gas_Facility_Type":"محبس","Easting":"031° 31' 15.89\" E","Northing":"30° 16' 26.17\" N","Description":null,"GlobalID":"{F280A215-F1CC-48A1-B5A0-7FA333E694F5}","sectors":"القطاع الثالث عشر","Implementing":"غاز مصر","__networkId":"gas","__networkName":"شبكة الغاز","__layerId":"gas_assets","__layerName":"عناصر شبكة الغاز","__assetName":"عناصر الغاز","__geometryKind":"point","__featureIndex":507,"__typeValue":"محبس"},"geometry":{"type":"Point","coordinates":[31.522756881062143,30.27410314024829]}},{"type":"Feature","properties":{"Gas_Facility_Type":"محبس","Easting":"031° 31' 25.21\" E","Northing":"30° 16' 31.97\" N","Description":null,"GlobalID":"{2E01BDD6-D983-45DD-8CE4-E9C37E0EF217}","sectors":"القطاع الثالث عشر","Implementing":"غاز مصر","__networkId":"gas","__networkName":"شبكة الغاز","__layerId":"gas_assets","__layerName":"عناصر شبكة الغاز","__assetName":"عناصر الغاز","__geometryKind":"point","__featureIndex":508,"__typeValue":"محبس"},"geometry":{"type":"Point","coordinates":[31.525346617126743,30.27571504280977]}},{"type":"Feature","properties":{"Gas_Facility_Type":"محبس","Easting":"031° 31' 26.23\" E","Northing":"30° 16' 4.38\" N","Description":null,"GlobalID":"{A30E994A-50DB-47C5-B70D-1461DC24C989}","sectors":"القطاع السابع عشر","Implementing":"غاز مصر","__networkId":"gas","__networkName":"شبكة الغاز","__layerId":"gas_assets","__layerName":"عناصر شبكة الغاز","__assetName":"عناصر الغاز","__geometryKind":"point","__featureIndex":509,"__typeValue":"محبس"},"geometry":{"type":"Point","coordinates":[31.525630322161465,30.268050329405874]}},{"type":"Feature","properties":{"Gas_Facility_Type":"محبس","Easting":"031° 31' 45.67\" E","Northing":"30° 16' 29.99\" N","Description":null,"GlobalID":"{326AAD4A-A656-4D9E-87A0-F7CE2FEBCE5E}","sectors":"القطاع السادس عشر","Implementing":"غاز مصر","__networkId":"gas","__networkName":"شبكة الغاز","__layerId":"gas_assets","__layerName":"عناصر شبكة الغاز","__assetName":"عناصر الغاز","__geometryKind":"point","__featureIndex":510,"__typeValue":"محبس"},"geometry":{"type":"Point","coordinates":[31.53102851250277,30.275163516507973]}},{"type":"Feature","properties":{"Gas_Facility_Type":"محبس","Easting":"031° 31' 20.56\" E","Northing":"30° 16' 39.18\" N","Description":null,"GlobalID":"{3D6C9EFB-F21A-4510-BE74-5A880A5CA9E8}","sectors":"القطاع الثالث عشر","Implementing":"غاز مصر","__networkId":"gas","__networkName":"شبكة الغاز","__layerId":"gas_assets","__layerName":"عناصر شبكة الغاز","__assetName":"عناصر الغاز","__geometryKind":"point","__featureIndex":511,"__typeValue":"محبس"},"geometry":{"type":"Point","coordinates":[31.524055594333035,30.27771661604814]}},{"type":"Feature","properties":{"Gas_Facility_Type":"محبس","Easting":"031° 31' 54.62\" E","Northing":"30° 16' 40.18\" N","Description":null,"GlobalID":"{6020A11E-3FB4-4FC1-B899-3045E80FF62C}","sectors":"القطاع الثاني عشر","Implementing":"غاز مصر","__networkId":"gas","__networkName":"شبكة الغاز","__layerId":"gas_assets","__layerName":"عناصر شبكة الغاز","__assetName":"عناصر الغاز","__geometryKind":"point","__featureIndex":512,"__typeValue":"محبس"},"geometry":{"type":"Point","coordinates":[31.533516120899353,30.27799490648319]}},{"type":"Feature","properties":{"Gas_Facility_Type":"محبس","Easting":"031° 31' 19.93\" E","Northing":"30° 16' 27.66\" N","Description":null,"GlobalID":"{90D81DAA-02A6-46D6-BFE4-24695A2FF8AC}","sectors":"القطاع الثالث عشر","Implementing":"غاز مصر","__networkId":"gas","__networkName":"شبكة الغاز","__layerId":"gas_assets","__layerName":"عناصر شبكة الغاز","__assetName":"عناصر الغاز","__geometryKind":"point","__featureIndex":513,"__typeValue":"محبس"},"geometry":{"type":"Point","coordinates":[31.52387845913541,30.274517560300456]}},{"type":"Feature","properties":{"Gas_Facility_Type":"محبس","Easting":"031° 31' 44.63\" E","Northing":"30° 16' 27.1\" N","Description":null,"GlobalID":"{87E236C8-10AF-4F0D-80A6-E49C3A07D129}","sectors":"القطاع السادس عشر","Implementing":"غاز مصر","__networkId":"gas","__networkName":"شبكة الغاز","__layerId":"gas_assets","__layerName":"عناصر شبكة الغاز","__assetName":"عناصر الغاز","__geometryKind":"point","__featureIndex":514,"__typeValue":"محبس"},"geometry":{"type":"Point","coordinates":[31.530741493582987,30.274360305699293]}},{"type":"Feature","properties":{"Gas_Facility_Type":"محبس","Easting":"031° 31' 14.2\" E","Northing":"30° 16' 38.63\" N","Description":null,"GlobalID":"{94896593-6129-4166-9474-C0CFFE60BABE}","sectors":"القطاع الثالث عشر","Implementing":"غاز مصر","__networkId":"gas","__networkName":"شبكة الغاز","__layerId":"gas_assets","__layerName":"عناصر شبكة الغاز","__assetName":"عناصر الغاز","__geometryKind":"point","__featureIndex":515,"__typeValue":"محبس"},"geometry":{"type":"Point","coordinates":[31.522287109779285,30.2775625185622]}},{"type":"Feature","properties":{"Gas_Facility_Type":"محبس","Easting":"031° 31' 17.06\" E","Northing":"30° 16' 29.06\" N","Description":null,"GlobalID":"{39213733-F166-458A-BBEF-ED0CF793D970}","sectors":"القطاع الثالث عشر","Implementing":"غاز مصر","__networkId":"gas","__networkName":"شبكة الغاز","__layerId":"gas_assets","__layerName":"عناصر شبكة الغاز","__assetName":"عناصر الغاز","__geometryKind":"point","__featureIndex":516,"__typeValue":"محبس"},"geometry":{"type":"Point","coordinates":[31.523082482623426,30.274906667360412]}},{"type":"Feature","properties":{"Gas_Facility_Type":"محبس","Easting":"031° 31' 21.06\" E","Northing":"30° 16' 30.58\" N","Description":null,"GlobalID":"{30691B48-1363-4668-9732-C65AF8B1233F}","sectors":"القطاع الثالث عشر","Implementing":"غاز مصر","__networkId":"gas","__networkName":"شبكة الغاز","__layerId":"gas_assets","__layerName":"عناصر شبكة الغاز","__assetName":"عناصر الغاز","__geometryKind":"point","__featureIndex":517,"__typeValue":"محبس"},"geometry":{"type":"Point","coordinates":[31.524192147239354,30.275327048343623]}},{"type":"Feature","properties":{"Gas_Facility_Type":"محبس","Easting":"031° 31' 4.61\" E","Northing":"30° 16' 27.25\" N","Description":null,"GlobalID":"{F7514F98-EB08-4FFE-B8A3-C75FB9D095E1}","sectors":"القطاع الثالث عشر","Implementing":"غاز مصر","__networkId":"gas","__networkName":"شبكة الغاز","__layerId":"gas_assets","__layerName":"عناصر شبكة الغاز","__assetName":"عناصر الغاز","__geometryKind":"point","__featureIndex":518,"__typeValue":"محبس"},"geometry":{"type":"Point","coordinates":[31.519624631736225,30.27440204162672]}},{"type":"Feature","properties":{"Gas_Facility_Type":"محبس","Easting":"031° 31' 36.4\" E","Northing":"30° 16' 43.15\" N","Description":null,"GlobalID":"{74218F59-E489-48AB-927D-9D08D105596E}","sectors":"القطاع الثاني عشر","Implementing":"غاز مصر","__networkId":"gas","__networkName":"شبكة الغاز","__layerId":"gas_assets","__layerName":"عناصر شبكة الغاز","__assetName":"عناصر الغاز","__geometryKind":"point","__featureIndex":519,"__typeValue":"محبس"},"geometry":{"type":"Point","coordinates":[31.528455056606063,30.278818696625546]}},{"type":"Feature","properties":{"Gas_Facility_Type":"محبس","Easting":"031° 31' 39.17\" E","Northing":"30° 16' 23.91\" N","Description":null,"GlobalID":"{CE7E1FAE-448B-4964-90C3-A99B7F15BD9A}","sectors":"القطاع السادس عشر","Implementing":"غاز مصر","__networkId":"gas","__networkName":"شبكة الغاز","__layerId":"gas_assets","__layerName":"عناصر شبكة الغاز","__assetName":"عناصر الغاز","__geometryKind":"point","__featureIndex":520,"__typeValue":"محبس"},"geometry":{"type":"Point","coordinates":[31.529223988438133,30.27347585471736]}},{"type":"Feature","properties":{"Gas_Facility_Type":"محبس","Easting":"031° 31' 28.87\" E","Northing":"30° 16' 23.43\" N","Description":null,"GlobalID":"{9844A455-7B00-4D44-BBCA-566D9AE9C708}","sectors":"القطاع السابع عشر","Implementing":"غاز مصر","__networkId":"gas","__networkName":"شبكة الغاز","__layerId":"gas_assets","__layerName":"عناصر شبكة الغاز","__assetName":"عناصر الغاز","__geometryKind":"point","__featureIndex":521,"__typeValue":"محبس"},"geometry":{"type":"Point","coordinates":[31.526363113871337,30.27334255010025]}},{"type":"Feature","properties":{"Gas_Facility_Type":"محبس","Easting":"031° 31' 54.58\" E","Northing":"30° 16' 45.22\" N","Description":null,"GlobalID":"{AB520324-7D8A-4D54-853E-9097E250B17F}","sectors":"القطاع الثاني عشر","Implementing":"غاز مصر","__networkId":"gas","__networkName":"شبكة الغاز","__layerId":"gas_assets","__layerName":"عناصر شبكة الغاز","__assetName":"عناصر الغاز","__geometryKind":"point","__featureIndex":522,"__typeValue":"محبس"},"geometry":{"type":"Point","coordinates":[31.53350347082353,30.27939482359874]}},{"type":"Feature","properties":{"Gas_Facility_Type":"محبس","Easting":"031° 31' 39.13\" E","Northing":"30° 16' 14.64\" N","Description":null,"GlobalID":"{71B88598-8391-4521-B089-3A36F97A510C}","sectors":"القطاع السادس عشر","Implementing":"غاز مصر","__networkId":"gas","__networkName":"شبكة الغاز","__layerId":"gas_assets","__layerName":"عناصر شبكة الغاز","__assetName":"عناصر الغاز","__geometryKind":"point","__featureIndex":523,"__typeValue":"محبس"},"geometry":{"type":"Point","coordinates":[31.529211854893603,30.270899058811732]}},{"type":"Feature","properties":{"Gas_Facility_Type":"محبس","Easting":"031° 31' 29.14\" E","Northing":"30° 16' 30.93\" N","Description":null,"GlobalID":"{591FB5F1-BBD3-4369-8EB6-DB947E4EADBD}","sectors":"القطاع الثاني عشر","Implementing":"غاز مصر","__networkId":"gas","__networkName":"شبكة الغاز","__layerId":"gas_assets","__layerName":"عناصر شبكة الغاز","__assetName":"عناصر الغاز","__geometryKind":"point","__featureIndex":524,"__typeValue":"محبس"},"geometry":{"type":"Point","coordinates":[31.526437501563386,30.27542378546682]}},{"type":"Feature","properties":{"Gas_Facility_Type":"محبس","Easting":"031° 31' 19.21\" E","Northing":"30° 16' 1.98\" N","Description":null,"GlobalID":"{0A379575-C92E-4D50-9574-2C2218622EFF}","sectors":"القطاع السابع عشر","Implementing":"غاز مصر","__networkId":"gas","__networkName":"شبكة الغاز","__layerId":"gas_assets","__layerName":"عناصر شبكة الغاز","__assetName":"عناصر الغاز","__geometryKind":"point","__featureIndex":525,"__typeValue":"محبس"},"geometry":{"type":"Point","coordinates":[31.523680587227783,30.267382040608208]}},{"type":"Feature","properties":{"Gas_Facility_Type":"محبس","Easting":"031° 31' 36.78\" E","Northing":"30° 16' 32.12\" N","Description":null,"GlobalID":"{18DE47CE-D079-455D-83C8-DDD5EECA51FF}","sectors":"القطاع السادس عشر","Implementing":"غاز مصر","__networkId":"gas","__networkName":"شبكة الغاز","__layerId":"gas_assets","__layerName":"عناصر شبكة الغاز","__assetName":"عناصر الغاز","__geometryKind":"point","__featureIndex":526,"__typeValue":"محبس"},"geometry":{"type":"Point","coordinates":[31.52855935819709,30.275755604386134]}},{"type":"Feature","properties":{"Gas_Facility_Type":"محبس","Easting":"031° 30' 0.65\" E","Northing":"30° 16' 33.27\" N","Description":null,"GlobalID":"{EC29903D-F9B5-4078-9978-1E8AF23E0165}","sectors":"القطاع الخامس عشر","Implementing":"غاز مصر","__networkId":"gas","__networkName":"شبكة الغاز","__layerId":"gas_assets","__layerName":"عناصر شبكة الغاز","__assetName":"عناصر الغاز","__geometryKind":"point","__featureIndex":527,"__typeValue":"محبس"},"geometry":{"type":"Point","coordinates":[31.501855866483123,30.276076170117488]}},{"type":"Feature","properties":{"Gas_Facility_Type":"محبس","Easting":"031° 29' 51.88\" E","Northing":"30° 16' 29.57\" N","Description":null,"GlobalID":"{E30932B3-D148-49A5-8094-292846A33B86}","sectors":"القطاع الخامس عشر","Implementing":"غاز مصر","__networkId":"gas","__networkName":"شبكة الغاز","__layerId":"gas_assets","__layerName":"عناصر شبكة الغاز","__assetName":"عناصر الغاز","__geometryKind":"point","__featureIndex":528,"__typeValue":"محبس"},"geometry":{"type":"Point","coordinates":[31.499420192388065,30.275047959028793]}},{"type":"Feature","properties":{"Gas_Facility_Type":"محبس","Easting":"031° 30' 23.77\" E","Northing":"30° 16' 19.17\" N","Description":null,"GlobalID":"{C795C756-810B-4258-908F-9036F207A6E7}","sectors":"القطاع الرابع عشر","Implementing":"غاز مصر","__networkId":"gas","__networkName":"شبكة الغاز","__layerId":"gas_assets","__layerName":"عناصر شبكة الغاز","__assetName":"عناصر الغاز","__geometryKind":"point","__featureIndex":529,"__typeValue":"محبس"},"geometry":{"type":"Point","coordinates":[31.508278244046178,30.272156990953363]}},{"type":"Feature","properties":{"Gas_Facility_Type":"محبس","Easting":"031° 29' 57.8\" E","Northing":"30° 16' 22.69\" N","Description":null,"GlobalID":"{15835BD2-BDBA-4CA8-8D96-BAF55F759D5B}","sectors":"القطاع الخامس عشر","Implementing":"غاز مصر","__networkId":"gas","__networkName":"شبكة الغاز","__layerId":"gas_assets","__layerName":"عناصر شبكة الغاز","__assetName":"عناصر الغاز","__geometryKind":"point","__featureIndex":530,"__typeValue":"محبس"},"geometry":{"type":"Point","coordinates":[31.501064997791836,30.27313591773324]}},{"type":"Feature","properties":{"Gas_Facility_Type":"محبس","Easting":"031° 30' 20.24\" E","Northing":"30° 16' 34.74\" N","Description":null,"GlobalID":"{970E43B4-588F-4372-8D52-478ABE4E75B1}","sectors":"القطاع الرابع عشر","Implementing":"غاز مصر","__networkId":"gas","__networkName":"شبكة الغاز","__layerId":"gas_assets","__layerName":"عناصر شبكة الغاز","__assetName":"عناصر الغاز","__geometryKind":"point","__featureIndex":531,"__typeValue":"محبس"},"geometry":{"type":"Point","coordinates":[31.507298553075422,30.2764822933266]}},{"type":"Feature","properties":{"Gas_Facility_Type":"محبس","Easting":"031° 29' 57.35\" E","Northing":"30° 16' 21.61\" N","Description":null,"GlobalID":"{17FCEA69-E677-4254-BE02-4C3B7A0BE9DB}","sectors":"القطاع الخامس عشر","Implementing":"غاز مصر","__networkId":"gas","__networkName":"شبكة الغاز","__layerId":"gas_assets","__layerName":"عناصر شبكة الغاز","__assetName":"عناصر الغاز","__geometryKind":"point","__featureIndex":532,"__typeValue":"محبس"},"geometry":{"type":"Point","coordinates":[31.50093939085722,30.272835203295752]}},{"type":"Feature","properties":{"Gas_Facility_Type":"محبس","Easting":"031° 29' 50.77\" E","Northing":"30° 16' 27.03\" N","Description":null,"GlobalID":"{5CEF09A4-FF27-4A1A-89C6-15BFA3CC76D3}","sectors":"القطاع الخامس عشر","Implementing":"غاز مصر","__networkId":"gas","__networkName":"شبكة الغاز","__layerId":"gas_assets","__layerName":"عناصر شبكة الغاز","__assetName":"عناصر الغاز","__geometryKind":"point","__featureIndex":533,"__typeValue":"محبس"},"geometry":{"type":"Point","coordinates":[31.499112732304003,30.274341471499888]}},{"type":"Feature","properties":{"Gas_Facility_Type":"محبس","Easting":"031° 29' 50.78\" E","Northing":"30° 16' 27.06\" N","Description":null,"GlobalID":"{817D13C3-F0EF-4F07-A521-0C41EAD7ABE9}","sectors":"القطاع الخامس عشر","Implementing":"غاز مصر","__networkId":"gas","__networkName":"شبكة الغاز","__layerId":"gas_assets","__layerName":"عناصر شبكة الغاز","__assetName":"عناصر الغاز","__geometryKind":"point","__featureIndex":534,"__typeValue":"محبس"},"geometry":{"type":"Point","coordinates":[31.499114274711317,30.27435089131538]}},{"type":"Feature","properties":{"Gas_Facility_Type":"محبس","Easting":"031° 29' 51.84\" E","Northing":"30° 16' 25.06\" N","Description":null,"GlobalID":"{F2DC44EE-2E0C-42D8-BDF1-B8F151E83D90}","sectors":"القطاع الخامس عشر","Implementing":"غاز مصر","__networkId":"gas","__networkName":"شبكة الغاز","__layerId":"gas_assets","__layerName":"عناصر شبكة الغاز","__assetName":"عناصر الغاز","__geometryKind":"point","__featureIndex":535,"__typeValue":"محبس"},"geometry":{"type":"Point","coordinates":[31.499408939192524,30.27379568467]}},{"type":"Feature","properties":{"Gas_Facility_Type":"محبس","Easting":"031° 29' 50.32\" E","Northing":"30° 16' 31.34\" N","Description":null,"GlobalID":"{7D5EA801-DFA5-4BC1-9BC4-B1EC083CBB3D}","sectors":"القطاع الخامس عشر","Implementing":"غاز مصر","__networkId":"gas","__networkName":"شبكة الغاز","__layerId":"gas_assets","__layerName":"عناصر شبكة الغاز","__assetName":"عناصر الغاز","__geometryKind":"point","__featureIndex":536,"__typeValue":"محبس"},"geometry":{"type":"Point","coordinates":[31.498988411756862,30.275539119074566]}},{"type":"Feature","properties":{"Gas_Facility_Type":"محبس","Easting":"031° 29' 50.57\" E","Northing":"30° 16' 25.42\" N","Description":null,"GlobalID":"{5E31A4C6-6A1C-47E7-B32D-C84067E1D499}","sectors":"القطاع الخامس عشر","Implementing":"غاز مصر","__networkId":"gas","__networkName":"شبكة الغاز","__layerId":"gas_assets","__layerName":"عناصر شبكة الغاز","__assetName":"عناصر الغاز","__geometryKind":"point","__featureIndex":537,"__typeValue":"محبس"},"geometry":{"type":"Point","coordinates":[31.49905785871487,30.273895382233682]}},{"type":"Feature","properties":{"Gas_Facility_Type":"محبس","Easting":"031° 30' 20.0\" E","Northing":"30° 16' 24.46\" N","Description":null,"GlobalID":"{081F4DCB-5E42-49AC-B4F3-132258AD7C84}","sectors":"القطاع الخامس عشر","Implementing":"غاز مصر","__networkId":"gas","__networkName":"شبكة الغاز","__layerId":"gas_assets","__layerName":"عناصر شبكة الغاز","__assetName":"عناصر الغاز","__geometryKind":"point","__featureIndex":538,"__typeValue":"محبس"},"geometry":{"type":"Point","coordinates":[31.507230646728136,30.273627976425413]}},{"type":"Feature","properties":{"Gas_Facility_Type":"محبس","Easting":"031° 29' 47.99\" E","Northing":"30° 16' 26.07\" N","Description":null,"GlobalID":"{6C05A987-3589-49ED-8FD7-424DD7509B27}","sectors":"القطاع الخامس عشر","Implementing":"غاز مصر","__networkId":"gas","__networkName":"شبكة الغاز","__layerId":"gas_assets","__layerName":"عناصر شبكة الغاز","__assetName":"عناصر الغاز","__geometryKind":"point","__featureIndex":539,"__typeValue":"محبس"},"geometry":{"type":"Point","coordinates":[31.498340395856996,30.274075988579483]}},{"type":"Feature","properties":{"Gas_Facility_Type":"محبس","Easting":"031° 29' 57.26\" E","Northing":"30° 16' 21.63\" N","Description":null,"GlobalID":"{120BBD0C-CDB7-4594-A1B1-C744C590F26D}","sectors":"القطاع الخامس عشر","Implementing":"غاز مصر","__networkId":"gas","__networkName":"شبكة الغاز","__layerId":"gas_assets","__layerName":"عناصر شبكة الغاز","__assetName":"عناصر الغاز","__geometryKind":"point","__featureIndex":540,"__typeValue":"محبس"},"geometry":{"type":"Point","coordinates":[31.500914651254284,30.272842079354582]}},{"type":"Feature","properties":{"Gas_Facility_Type":"محبس","Easting":"031° 30' 9.59\" E","Northing":"30° 16' 33.01\" N","Description":null,"GlobalID":"{40FC5408-54A9-4C46-9741-8B3F54BE4030}","sectors":"القطاع الخامس عشر","Implementing":"غاز مصر","__networkId":"gas","__networkName":"شبكة الغاز","__layerId":"gas_assets","__layerName":"عناصر شبكة الغاز","__assetName":"عناصر الغاز","__geometryKind":"point","__featureIndex":541,"__typeValue":"محبس"},"geometry":{"type":"Point","coordinates":[31.50433943874912,30.276001699622554]}},{"type":"Feature","properties":{"Gas_Facility_Type":"محبس","Easting":"031° 29' 46.84\" E","Northing":"30° 16' 26.45\" N","Description":null,"GlobalID":"{E68D266C-BFE1-4973-AD0B-37B020E30D8D}","sectors":"القطاع الخامس عشر","Implementing":"غاز مصر","__networkId":"gas","__networkName":"شبكة الغاز","__layerId":"gas_assets","__layerName":"عناصر شبكة الغاز","__assetName":"عناصر الغاز","__geometryKind":"point","__featureIndex":542,"__typeValue":"محبس"},"geometry":{"type":"Point","coordinates":[31.498020638734996,30.274181734814693]}},{"type":"Feature","properties":{"Gas_Facility_Type":"محبس","Easting":"031° 29' 56.78\" E","Northing":"30° 16' 23.86\" N","Description":null,"GlobalID":"{AB15E32D-BC11-4FE1-A88D-F06CE3B13D24}","sectors":"القطاع الخامس عشر","Implementing":"غاز مصر","__networkId":"gas","__networkName":"شبكة الغاز","__layerId":"gas_assets","__layerName":"عناصر شبكة الغاز","__assetName":"عناصر الغاز","__geometryKind":"point","__featureIndex":543,"__typeValue":"محبس"},"geometry":{"type":"Point","coordinates":[31.500781728440035,30.2734612042985]}},{"type":"Feature","properties":{"Gas_Facility_Type":"محبس","Easting":"031° 29' 49.37\" E","Northing":"30° 16' 30.02\" N","Description":null,"GlobalID":"{396F1BBC-E038-48DC-93BC-FED00D444FCB}","sectors":"القطاع الخامس عشر","Implementing":"غاز مصر","__networkId":"gas","__networkName":"شبكة الغاز","__layerId":"gas_assets","__layerName":"عناصر شبكة الغاز","__assetName":"عناصر الغاز","__geometryKind":"point","__featureIndex":544,"__typeValue":"محبس"},"geometry":{"type":"Point","coordinates":[31.498723518342523,30.275172872629113]}},{"type":"Feature","properties":{"Gas_Facility_Type":"محبس","Easting":"031° 29' 57.45\" E","Northing":"30° 16' 21.66\" N","Description":null,"GlobalID":"{A5708C2E-3179-4E9E-901E-C71EACED95BA}","sectors":"القطاع الخامس عشر","Implementing":"غاز مصر","__networkId":"gas","__networkName":"شبكة الغاز","__layerId":"gas_assets","__layerName":"عناصر شبكة الغاز","__assetName":"عناصر الغاز","__geometryKind":"point","__featureIndex":545,"__typeValue":"محبس"},"geometry":{"type":"Point","coordinates":[31.500967182935486,30.27285124407043]}},{"type":"Feature","properties":{"Gas_Facility_Type":"محبس","Easting":"031° 30' 29.82\" E","Northing":"30° 16' 33.79\" N","Description":null,"GlobalID":"{037C4BB9-2E10-4A2D-B92A-312C6986BDE7}","sectors":"القطاع الرابع عشر","Implementing":"غاز مصر","__networkId":"gas","__networkName":"شبكة الغاز","__layerId":"gas_assets","__layerName":"عناصر شبكة الغاز","__assetName":"عناصر الغاز","__geometryKind":"point","__featureIndex":546,"__typeValue":"محبس"},"geometry":{"type":"Point","coordinates":[31.509959697120262,30.276219872807477]}},{"type":"Feature","properties":{"Gas_Facility_Type":"محبس","Easting":"031° 30' 21.1\" E","Northing":"30° 16' 20.28\" N","Description":null,"GlobalID":"{B5CA6FCB-D046-4622-AEA3-5B753DDAC0FF}","sectors":"القطاع الرابع عشر","Implementing":"غاز مصر","__networkId":"gas","__networkName":"شبكة الغاز","__layerId":"gas_assets","__layerName":"عناصر شبكة الغاز","__assetName":"عناصر الغاز","__geometryKind":"point","__featureIndex":547,"__typeValue":"محبس"},"geometry":{"type":"Point","coordinates":[31.50753752380562,30.272467141429583]}},{"type":"Feature","properties":{"Gas_Facility_Type":"محبس","Easting":"031° 29' 56.95\" E","Northing":"30° 16' 25.28\" N","Description":null,"GlobalID":"{F739FA76-F8A1-437E-B464-19EEBE26D238}","sectors":"القطاع الخامس عشر","Implementing":"غاز مصر","__networkId":"gas","__networkName":"شبكة الغاز","__layerId":"gas_assets","__layerName":"عناصر شبكة الغاز","__assetName":"عناصر الغاز","__geometryKind":"point","__featureIndex":548,"__typeValue":"محبس"},"geometry":{"type":"Point","coordinates":[31.500828335731914,30.27385490212422]}},{"type":"Feature","properties":{"Gas_Facility_Type":"محبس","Easting":"031° 29' 50.36\" E","Northing":"30° 16' 31.34\" N","Description":null,"GlobalID":"{B4D85767-09CD-4CD5-B401-2A642D675AFA}","sectors":"القطاع الخامس عشر","Implementing":"غاز مصر","__networkId":"gas","__networkName":"شبكة الغاز","__layerId":"gas_assets","__layerName":"عناصر شبكة الغاز","__assetName":"عناصر الغاز","__geometryKind":"point","__featureIndex":549,"__typeValue":"محبس"},"geometry":{"type":"Point","coordinates":[31.498999124166644,30.275537810308705]}},{"type":"Feature","properties":{"Gas_Facility_Type":"محبس","Easting":"031° 30' 0.52\" E","Northing":"30° 16' 33.26\" N","Description":null,"GlobalID":"{7CCE6CB4-7933-4F74-8254-5F52C15A3780}","sectors":"القطاع الخامس عشر","Implementing":"غاز مصر","__networkId":"gas","__networkName":"شبكة الغاز","__layerId":"gas_assets","__layerName":"عناصر شبكة الغاز","__assetName":"عناصر الغاز","__geometryKind":"point","__featureIndex":550,"__typeValue":"محبس"},"geometry":{"type":"Point","coordinates":[31.501819364339866,30.276072143764203]}},{"type":"Feature","properties":{"Gas_Facility_Type":"محبس","Easting":"031° 30' 8.53\" E","Northing":"30° 16' 26.8\" N","Description":null,"GlobalID":"{F76E6A22-9361-45D1-BB7F-F3E7644DA2D7}","sectors":"القطاع الخامس عشر","Implementing":"غاز مصر","__networkId":"gas","__networkName":"شبكة الغاز","__layerId":"gas_assets","__layerName":"عناصر شبكة الغاز","__assetName":"عناصر الغاز","__geometryKind":"point","__featureIndex":551,"__typeValue":"محبس"},"geometry":{"type":"Point","coordinates":[31.504045535140985,30.27427727522411]}},{"type":"Feature","properties":{"Gas_Facility_Type":"محبس","Easting":"031° 30' 30.55\" E","Northing":"30° 16' 35.07\" N","Description":null,"GlobalID":"{961F336B-6BD0-4BCF-A7E1-E10F1D9458E0}","sectors":"القطاع الرابع عشر","Implementing":"غاز مصر","__networkId":"gas","__networkName":"شبكة الغاز","__layerId":"gas_assets","__layerName":"عناصر شبكة الغاز","__assetName":"عناصر الغاز","__geometryKind":"point","__featureIndex":552,"__typeValue":"محبس"},"geometry":{"type":"Point","coordinates":[31.510162688526677,30.276575767128364]}},{"type":"Feature","properties":{"Gas_Facility_Type":"محبس","Easting":"031° 29' 49.41\" E","Northing":"30° 16' 30.02\" N","Description":null,"GlobalID":"{A1EAF13F-B894-4C85-AF12-7B764EE43CA4}","sectors":"القطاع الخامس عشر","Implementing":"غاز مصر","__networkId":"gas","__networkName":"شبكة الغاز","__layerId":"gas_assets","__layerName":"عناصر شبكة الغاز","__assetName":"عناصر الغاز","__geometryKind":"point","__featureIndex":553,"__typeValue":"محبس"},"geometry":{"type":"Point","coordinates":[31.498734330465286,30.275171618164144]}},{"type":"Feature","properties":{"Gas_Facility_Type":"محبس","Easting":"031° 30' 22.82\" E","Northing":"30° 16' 20.46\" N","Description":null,"GlobalID":"{D3E6A024-F550-444D-BB67-BB6ABA6330C9}","sectors":"القطاع الرابع عشر","Implementing":"غاز مصر","__networkId":"gas","__networkName":"شبكة الغاز","__layerId":"gas_assets","__layerName":"عناصر شبكة الغاز","__assetName":"عناصر الغاز","__geometryKind":"point","__featureIndex":554,"__typeValue":"محبس"},"geometry":{"type":"Point","coordinates":[31.50801532602712,30.272515416762552]}},{"type":"Feature","properties":{"Gas_Facility_Type":"محبس","Easting":"031° 29' 57.76\" E","Northing":"30° 16' 22.74\" N","Description":null,"GlobalID":"{EDD6647F-019B-49B7-A73A-538C64683DDB}","sectors":"القطاع الخامس عشر","Implementing":"غاز مصر","__networkId":"gas","__networkName":"شبكة الغاز","__layerId":"gas_assets","__layerName":"عناصر شبكة الغاز","__assetName":"عناصر الغاز","__geometryKind":"point","__featureIndex":555,"__typeValue":"محبس"},"geometry":{"type":"Point","coordinates":[31.501052905569807,30.273149061570326]}},{"type":"Feature","properties":{"Gas_Facility_Type":"محبس","Easting":"031° 29' 55.61\" E","Northing":"30° 16' 25.14\" N","Description":null,"GlobalID":"{9FE457FC-0CF4-4B4C-98CF-B6B7CEBB3C5E}","sectors":"القطاع الخامس عشر","Implementing":"غاز مصر","__networkId":"gas","__networkName":"شبكة الغاز","__layerId":"gas_assets","__layerName":"عناصر شبكة الغاز","__assetName":"عناصر الغاز","__geometryKind":"point","__featureIndex":556,"__typeValue":"محبس"},"geometry":{"type":"Point","coordinates":[31.50045744201234,30.273817470925245]}},{"type":"Feature","properties":{"Gas_Facility_Type":"محبس","Easting":"031° 31' 56.31\" E","Northing":"30° 16' 41.38\" N","Description":null,"GlobalID":"{2FEEE0C6-1F0B-4249-96B3-8B20D4FB4FB5}","sectors":"القطاع الثاني عشر","Implementing":"غاز مصر","__networkId":"gas","__networkName":"شبكة الغاز","__layerId":"gas_assets","__layerName":"عناصر شبكة الغاز","__assetName":"عناصر الغاز","__geometryKind":"point","__featureIndex":557,"__typeValue":"محبس"},"geometry":{"type":"Point","coordinates":[31.533986041302597,30.278327054170774]}},{"type":"Feature","properties":{"Gas_Facility_Type":"محبس","Easting":"031° 31' 20.73\" E","Northing":"30° 16' 5.7\" N","Description":null,"GlobalID":"{560B959D-18CF-4EEF-97EB-B4E6F1B8A9F0}","sectors":"القطاع السابع عشر","Implementing":"غاز مصر","__networkId":"gas","__networkName":"شبكة الغاز","__layerId":"gas_assets","__layerName":"عناصر شبكة الغاز","__assetName":"عناصر الغاز","__geometryKind":"point","__featureIndex":558,"__typeValue":"محبس"},"geometry":{"type":"Point","coordinates":[31.524101333852347,30.268417128454175]}},{"type":"Feature","properties":{"Gas_Facility_Type":"محبس","Easting":"031° 31' 23.31\" E","Northing":"30° 16' 8.25\" N","Description":null,"GlobalID":"{7B6CEA81-C0B1-4F07-8455-7A2499911751}","sectors":"القطاع السابع عشر","Implementing":"غاز مصر","__networkId":"gas","__networkName":"شبكة الغاز","__layerId":"gas_assets","__layerName":"عناصر شبكة الغاز","__assetName":"عناصر الغاز","__geometryKind":"point","__featureIndex":559,"__typeValue":"محبس"},"geometry":{"type":"Point","coordinates":[31.52481923418974,30.269125475653237]}},{"type":"Feature","properties":{"Gas_Facility_Type":"محبس","Easting":"031° 31' 26.8\" E","Northing":"30° 16' 6.21\" N","Description":null,"GlobalID":"{860D5733-6922-41D0-B620-21C6327C36D7}","sectors":"القطاع السابع عشر","Implementing":"غاز مصر","__networkId":"gas","__networkName":"شبكة الغاز","__layerId":"gas_assets","__layerName":"عناصر شبكة الغاز","__assetName":"عناصر الغاز","__geometryKind":"point","__featureIndex":560,"__typeValue":"محبس"},"geometry":{"type":"Point","coordinates":[31.525787255146668,30.268556865350103]}},{"type":"Feature","properties":{"Gas_Facility_Type":"محبس","Easting":"031° 31' 50.77\" E","Northing":"30° 16' 1.54\" N","Description":null,"GlobalID":"{1FFA9C47-9D75-4801-A2AE-3E4BC010EA91}","sectors":"القطاع السادس عشر","Implementing":"غاز مصر","__networkId":"gas","__networkName":"شبكة الغاز","__layerId":"gas_assets","__layerName":"عناصر شبكة الغاز","__assetName":"عناصر الغاز","__geometryKind":"point","__featureIndex":561,"__typeValue":"محبس"},"geometry":{"type":"Point","coordinates":[31.532446553484434,30.267262199754285]}},{"type":"Feature","properties":{"Gas_Facility_Type":"محبس","Easting":"031° 31' 20.29\" E","Northing":"30° 16' 0.74\" N","Description":null,"GlobalID":"{ADC1872C-B560-435B-B4EA-A8778617FBF8}","sectors":"القطاع السابع عشر","Implementing":"غاز مصر","__networkId":"gas","__networkName":"شبكة الغاز","__layerId":"gas_assets","__layerName":"عناصر شبكة الغاز","__assetName":"عناصر الغاز","__geometryKind":"point","__featureIndex":562,"__typeValue":"محبس"},"geometry":{"type":"Point","coordinates":[31.523979996610297,30.267037476228676]}},{"type":"Feature","properties":{"Gas_Facility_Type":"محبس","Easting":"031° 31' 28.79\" E","Northing":"30° 16' 2.35\" N","Description":null,"GlobalID":"{75BC4A1C-6BB9-46F0-89FC-1940AC8C6F4F}","sectors":"القطاع السابع عشر","Implementing":"غاز مصر","__networkId":"gas","__networkName":"شبكة الغاز","__layerId":"gas_assets","__layerName":"عناصر شبكة الغاز","__assetName":"عناصر الغاز","__geometryKind":"point","__featureIndex":563,"__typeValue":"محبس"},"geometry":{"type":"Point","coordinates":[31.526340338883927,30.267486218285985]}},{"type":"Feature","properties":{"Gas_Facility_Type":"محبس","Easting":"031° 31' 50.83\" E","Northing":"30° 16' 1.53\" N","Description":null,"GlobalID":"{B5F5AE1C-A31B-4E3F-95CD-88E6AE95D222}","sectors":"القطاع السادس عشر","Implementing":"غاز مصر","__networkId":"gas","__networkName":"شبكة الغاز","__layerId":"gas_assets","__layerName":"عناصر شبكة الغاز","__assetName":"عناصر الغاز","__geometryKind":"point","__featureIndex":564,"__typeValue":"محبس"},"geometry":{"type":"Point","coordinates":[31.532463630457958,30.26725811329818]}},{"type":"Feature","properties":{"Gas_Facility_Type":"محبس","Easting":"031° 31' 21.5\" E","Northing":"30° 16' 8.31\" N","Description":null,"GlobalID":"{181EFB65-3F3E-4666-9B95-AE5806B412C5}","sectors":"القطاع السابع عشر","Implementing":"غاز مصر","__networkId":"gas","__networkName":"شبكة الغاز","__layerId":"gas_assets","__layerName":"عناصر شبكة الغاز","__assetName":"عناصر الغاز","__geometryKind":"point","__featureIndex":565,"__typeValue":"محبس"},"geometry":{"type":"Point","coordinates":[31.524314973888156,30.26914260011432]}},{"type":"Feature","properties":{"Gas_Facility_Type":"محبس","Easting":"031° 31' 32.7\" E","Northing":"30° 15' 55.29\" N","Description":null,"GlobalID":"{2DD1B914-DAD1-49A4-89CA-3714A02322A2}","sectors":"القطاع السادس عشر","Implementing":"غاز مصر","__networkId":"gas","__networkName":"شبكة الغاز","__layerId":"gas_assets","__layerName":"عناصر شبكة الغاز","__assetName":"عناصر الغاز","__geometryKind":"point","__featureIndex":566,"__typeValue":"محبس"},"geometry":{"type":"Point","coordinates":[31.527425326779056,30.26552452429628]}},{"type":"Feature","properties":{"Gas_Facility_Type":"محبس","Easting":"031° 31' 24.8\" E","Northing":"30° 16' 4.52\" N","Description":null,"GlobalID":"{254FCAA9-25C4-4943-B431-6D93DA049A02}","sectors":"القطاع السابع عشر","Implementing":"غاز مصر","__networkId":"gas","__networkName":"شبكة الغاز","__layerId":"gas_assets","__layerName":"عناصر شبكة الغاز","__assetName":"عناصر الغاز","__geometryKind":"point","__featureIndex":567,"__typeValue":"محبس"},"geometry":{"type":"Point","coordinates":[31.52523069133598,30.268088100300297]}},{"type":"Feature","properties":{"Gas_Facility_Type":"محبس","Easting":"031° 31' 19.39\" E","Northing":"30° 16' 5.83\" N","Description":null,"GlobalID":"{6B685F2C-CABC-4B2B-A290-5D661A6A7A8C}","sectors":"القطاع السابع عشر","Implementing":"غاز مصر","__networkId":"gas","__networkName":"شبكة الغاز","__layerId":"gas_assets","__layerName":"عناصر شبكة الغاز","__assetName":"عناصر الغاز","__geometryKind":"point","__featureIndex":568,"__typeValue":"محبس"},"geometry":{"type":"Point","coordinates":[31.52373039162377,30.268453635346468]}},{"type":"Feature","properties":{"Gas_Facility_Type":"محبس","Easting":"031° 31' 16.71\" E","Northing":"30° 16' 1.15\" N","Description":null,"GlobalID":"{0549CCB8-60AC-4F5C-913E-DE8F955F2478}","sectors":"القطاع السابع عشر","Implementing":"غاز مصر","__networkId":"gas","__networkName":"شبكة الغاز","__layerId":"gas_assets","__layerName":"عناصر شبكة الغاز","__assetName":"عناصر الغاز","__geometryKind":"point","__featureIndex":569,"__typeValue":"محبس"},"geometry":{"type":"Point","coordinates":[31.522983901504116,30.26715246279395]}},{"type":"Feature","properties":{"Gas_Facility_Type":"محبس","Easting":"031° 31' 20.52\" E","Northing":"30° 16' 4.42\" N","Description":null,"GlobalID":"{D9029220-83A9-4B53-A0DE-FC5E56D986FB}","sectors":"القطاع السابع عشر","Implementing":"غاز مصر","__networkId":"gas","__networkName":"شبكة الغاز","__layerId":"gas_assets","__layerName":"عناصر شبكة الغاز","__assetName":"عناصر الغاز","__geometryKind":"point","__featureIndex":570,"__typeValue":"محبس"},"geometry":{"type":"Point","coordinates":[31.52404235675901,30.26806218755811]}},{"type":"Feature","properties":{"Gas_Facility_Type":"محبس","Easting":"031° 31' 18.12\" E","Northing":"30° 16' 3.15\" N","Description":null,"GlobalID":"{C77ABEB5-D43B-4212-A5E4-3798B07F708A}","sectors":"القطاع السابع عشر","Implementing":"غاز مصر","__networkId":"gas","__networkName":"شبكة الغاز","__layerId":"gas_assets","__layerName":"عناصر شبكة الغاز","__assetName":"عناصر الغاز","__geometryKind":"point","__featureIndex":571,"__typeValue":"محبس"},"geometry":{"type":"Point","coordinates":[31.523377474091344,30.267707786926838]}},{"type":"Feature","properties":{"Gas_Facility_Type":"محبس","Easting":"031° 31' 20.32\" E","Northing":"30° 16' 0.81\" N","Description":null,"GlobalID":"{0ADA40E0-B1E6-4880-9262-AF568C55A115}","sectors":"القطاع السابع عشر","Implementing":"غاز مصر","__networkId":"gas","__networkName":"شبكة الغاز","__layerId":"gas_assets","__layerName":"عناصر شبكة الغاز","__assetName":"عناصر الغاز","__geometryKind":"point","__featureIndex":572,"__typeValue":"محبس"},"geometry":{"type":"Point","coordinates":[31.523986231816682,30.267058185535852]}},{"type":"Feature","properties":{"Gas_Facility_Type":"محبس","Easting":"031° 31' 32.8\" E","Northing":"30° 15' 55.69\" N","Description":null,"GlobalID":"{22FB9E32-0C9A-49C3-8428-93A7D070C992}","sectors":"القطاع السادس عشر","Implementing":"غاز مصر","__networkId":"gas","__networkName":"شبكة الغاز","__layerId":"gas_assets","__layerName":"عناصر شبكة الغاز","__assetName":"عناصر الغاز","__geometryKind":"point","__featureIndex":573,"__typeValue":"محبس"},"geometry":{"type":"Point","coordinates":[31.527454972980067,30.265634765841888]}},{"type":"Feature","properties":{"Gas_Facility_Type":"محبس","Easting":"031° 31' 17.54\" E","Northing":"30° 16' 0.88\" N","Description":null,"GlobalID":"{79AE61AC-DAB4-4814-BD41-FD2038EED9C1}","sectors":"القطاع السابع عشر","Implementing":"غاز مصر","__networkId":"gas","__networkName":"شبكة الغاز","__layerId":"gas_assets","__layerName":"عناصر شبكة الغاز","__assetName":"عناصر الغاز","__geometryKind":"point","__featureIndex":574,"__typeValue":"محبس"},"geometry":{"type":"Point","coordinates":[31.52321500029748,30.26707885294217]}},{"type":"Feature","properties":{"Gas_Facility_Type":"محبس","Easting":"031° 31' 47.64\" E","Northing":"30° 15' 59.0\" N","Description":null,"GlobalID":"{35AB5327-4BB5-48E2-9620-EBC650DA92C1}","sectors":"القطاع السادس عشر","Implementing":"غاز مصر","__networkId":"gas","__networkName":"شبكة الغاز","__layerId":"gas_assets","__layerName":"عناصر شبكة الغاز","__assetName":"عناصر الغاز","__geometryKind":"point","__featureIndex":575,"__typeValue":"محبس"},"geometry":{"type":"Point","coordinates":[31.531577205274953,30.266555479291796]}},{"type":"Feature","properties":{"Gas_Facility_Type":"محبس","Easting":"031° 31' 47.08\" E","Northing":"30° 16' 1.92\" N","Description":null,"GlobalID":"{9607A9C9-14F9-4E90-ADA4-CEBE7C24E564}","sectors":"القطاع السادس عشر","Implementing":"غاز مصر","__networkId":"gas","__networkName":"شبكة الغاز","__layerId":"gas_assets","__layerName":"عناصر شبكة الغاز","__assetName":"عناصر الغاز","__geometryKind":"point","__featureIndex":576,"__typeValue":"محبس"},"geometry":{"type":"Point","coordinates":[31.53142178235774,30.26736535342471]}},{"type":"Feature","properties":{"Gas_Facility_Type":"محبس","Easting":"031° 31' 46.5\" E","Northing":"30° 15' 56.8\" N","Description":null,"GlobalID":"{F00C7687-D4A9-4040-922A-2FF6C2A4BAC7}","sectors":"القطاع السادس عشر","Implementing":"غاز مصر","__networkId":"gas","__networkName":"شبكة الغاز","__layerId":"gas_assets","__layerName":"عناصر شبكة الغاز","__assetName":"عناصر الغاز","__geometryKind":"point","__featureIndex":577,"__typeValue":"محبس"},"geometry":{"type":"Point","coordinates":[31.531259451396014,30.26594535201505]}},{"type":"Feature","properties":{"Gas_Facility_Type":"محبس","Easting":"031° 31' 51.1\" E","Northing":"30° 16' 18.22\" N","Description":null,"GlobalID":"{531C913B-7D77-4279-AB39-757258D26C3E}","sectors":"القطاع السادس عشر","Implementing":"غاز مصر","__networkId":"gas","__networkName":"شبكة الغاز","__layerId":"gas_assets","__layerName":"عناصر شبكة الغاز","__assetName":"عناصر الغاز","__geometryKind":"point","__featureIndex":578,"__typeValue":"محبس"},"geometry":{"type":"Point","coordinates":[31.53253866224209,30.271894974711117]}},{"type":"Feature","properties":{"Gas_Facility_Type":"محبس","Easting":"031° 31' 43.79\" E","Northing":"30° 16' 0.72\" N","Description":null,"GlobalID":"{7D247E16-B40D-4C7D-80CA-B08C79288132}","sectors":"القطاع السادس عشر","Implementing":"غاز مصر","__networkId":"gas","__networkName":"شبكة الغاز","__layerId":"gas_assets","__layerName":"عناصر شبكة الغاز","__assetName":"عناصر الغاز","__geometryKind":"point","__featureIndex":579,"__typeValue":"محبس"},"geometry":{"type":"Point","coordinates":[31.53050677457902,30.267033278039108]}},{"type":"Feature","properties":{"Gas_Facility_Type":"محبس","Easting":"031° 31' 59.29\" E","Northing":"30° 16' 11.48\" N","Description":null,"GlobalID":"{83E88D55-BB6B-4D36-805D-0124D9928D61}","sectors":"القطاع السادس عشر","Implementing":"غاز مصر","__networkId":"gas","__networkName":"شبكة الغاز","__layerId":"gas_assets","__layerName":"عناصر شبكة الغاز","__assetName":"عناصر الغاز","__geometryKind":"point","__featureIndex":580,"__typeValue":"محبس"},"geometry":{"type":"Point","coordinates":[31.534812770740018,30.270021927711568]}},{"type":"Feature","properties":{"Gas_Facility_Type":"محبس","Easting":"031° 31' 34.33\" E","Northing":"30° 15' 57.79\" N","Description":null,"GlobalID":"{6B36B55D-06E6-4827-B26C-BDDDE3C4658C}","sectors":"القطاع السادس عشر","Implementing":"غاز مصر","__networkId":"gas","__networkName":"شبكة الغاز","__layerId":"gas_assets","__layerName":"عناصر شبكة الغاز","__assetName":"عناصر الغاز","__geometryKind":"point","__featureIndex":581,"__typeValue":"محبس"},"geometry":{"type":"Point","coordinates":[31.527878489110645,30.266219887258593]}},{"type":"Feature","properties":{"Gas_Facility_Type":"محبس","Easting":"031° 31' 49.56\" E","Northing":"30° 16' 0.12\" N","Description":null,"GlobalID":"{FB94BBCB-1B70-4788-B3C1-8D70F6C2B05D}","sectors":"القطاع السادس عشر","Implementing":"غاز مصر","__networkId":"gas","__networkName":"شبكة الغاز","__layerId":"gas_assets","__layerName":"عناصر شبكة الغاز","__assetName":"عناصر الغاز","__geometryKind":"point","__featureIndex":582,"__typeValue":"محبس"},"geometry":{"type":"Point","coordinates":[31.532109736456857,30.266866844622726]}},{"type":"Feature","properties":{"Gas_Facility_Type":"محبس","Easting":"031° 31' 40.71\" E","Northing":"30° 16' 2.94\" N","Description":null,"GlobalID":"{B7944986-3D45-4D18-BAA4-096A5006A68D}","sectors":"القطاع السادس عشر","Implementing":"غاز مصر","__networkId":"gas","__networkName":"شبكة الغاز","__layerId":"gas_assets","__layerName":"عناصر شبكة الغاز","__assetName":"عناصر الغاز","__geometryKind":"point","__featureIndex":583,"__typeValue":"محبس"},"geometry":{"type":"Point","coordinates":[31.5296518101939,30.267648944382604]}},{"type":"Feature","properties":{"Gas_Facility_Type":"محبس","Easting":"031° 31' 51.19\" E","Northing":"30° 16' 8.04\" N","Description":null,"GlobalID":"{AC1265BB-9B9B-49EF-805B-86BEF1C2C2F5}","sectors":"القطاع السادس عشر","Implementing":"غاز مصر","__networkId":"gas","__networkName":"شبكة الغاز","__layerId":"gas_assets","__layerName":"عناصر شبكة الغاز","__assetName":"عناصر الغاز","__geometryKind":"point","__featureIndex":584,"__typeValue":"محبس"},"geometry":{"type":"Point","coordinates":[31.532562409206623,30.269065754149374]}},{"type":"Feature","properties":{"Gas_Facility_Type":"محبس","Easting":"031° 31' 57.75\" E","Northing":"30° 16' 10.06\" N","Description":null,"GlobalID":"{188552CA-A74A-4ACD-8E70-CD2E1496C49A}","sectors":"القطاع السادس عشر","Implementing":"غاز مصر","__networkId":"gas","__networkName":"شبكة الغاز","__layerId":"gas_assets","__layerName":"عناصر شبكة الغاز","__assetName":"عناصر الغاز","__geometryKind":"point","__featureIndex":585,"__typeValue":"محبس"},"geometry":{"type":"Point","coordinates":[31.53438497593373,30.269628486832918]}},{"type":"Feature","properties":{"Gas_Facility_Type":"محبس","Easting":"031° 31' 47.6\" E","Northing":"30° 15' 52.84\" N","Description":null,"GlobalID":"{9C88115C-D30A-4162-82A4-17B9BA0BF292}","sectors":"القطاع السادس عشر","Implementing":"غاز مصر","__networkId":"gas","__networkName":"شبكة الغاز","__layerId":"gas_assets","__layerName":"عناصر شبكة الغاز","__assetName":"عناصر الغاز","__geometryKind":"point","__featureIndex":586,"__typeValue":"محبس"},"geometry":{"type":"Point","coordinates":[31.53156488038924,30.264843824409883]}},{"type":"Feature","properties":{"Gas_Facility_Type":"محبس","Easting":"031° 31' 51.78\" E","Northing":"30° 15' 51.82\" N","Description":null,"GlobalID":"{44286692-1712-4D0A-8EDC-26050C642C59}","sectors":"القطاع السادس عشر","Implementing":"غاز مصر","__networkId":"gas","__networkName":"شبكة الغاز","__layerId":"gas_assets","__layerName":"عناصر شبكة الغاز","__assetName":"عناصر الغاز","__geometryKind":"point","__featureIndex":587,"__typeValue":"محبس"},"geometry":{"type":"Point","coordinates":[31.532727594115997,30.264561278996787]}},{"type":"Feature","properties":{"Gas_Facility_Type":"محبس","Easting":"031° 31' 59.17\" E","Northing":"30° 16' 14.36\" N","Description":null,"GlobalID":"{DE5950A2-17A5-4D88-8048-3234B51E82DB}","sectors":"القطاع السادس عشر","Implementing":"غاز مصر","__networkId":"gas","__networkName":"شبكة الغاز","__layerId":"gas_assets","__layerName":"عناصر شبكة الغاز","__assetName":"عناصر الغاز","__geometryKind":"point","__featureIndex":588,"__typeValue":"محبس"},"geometry":{"type":"Point","coordinates":[31.534780798800753,30.270822812388236]}},{"type":"Feature","properties":{"Gas_Facility_Type":"محبس","Easting":"031° 32' 0.08\" E","Northing":"30° 16' 6.61\" N","Description":null,"GlobalID":"{54778976-AAC5-46EE-A071-3AD3B5F29C0B}","sectors":"القطاع السادس عشر","Implementing":"غاز مصر","__networkId":"gas","__networkName":"شبكة الغاز","__layerId":"gas_assets","__layerName":"عناصر شبكة الغاز","__assetName":"عناصر الغاز","__geometryKind":"point","__featureIndex":589,"__typeValue":"محبس"},"geometry":{"type":"Point","coordinates":[31.53503109638835,30.26866888639223]}},{"type":"Feature","properties":{"Gas_Facility_Type":"محبس","Easting":"031° 32' 3.33\" E","Northing":"30° 16' 20.22\" N","Description":null,"GlobalID":"{2F559F32-1ED6-499F-90ED-A747D4193120}","sectors":"القطاع السادس عشر","Implementing":"غاز مصر","__networkId":"gas","__networkName":"شبكة الغاز","__layerId":"gas_assets","__layerName":"عناصر شبكة الغاز","__assetName":"عناصر الغاز","__geometryKind":"point","__featureIndex":590,"__typeValue":"محبس"},"geometry":{"type":"Point","coordinates":[31.535935665743494,30.272450128490565]}},{"type":"Feature","properties":{"Gas_Facility_Type":"محبس","Easting":"031° 31' 55.92\" E","Northing":"30° 16' 11.09\" N","Description":null,"GlobalID":"{24378BD4-E373-47F4-9681-041AB462664C}","sectors":"القطاع السادس عشر","Implementing":"غاز مصر","__networkId":"gas","__networkName":"شبكة الغاز","__layerId":"gas_assets","__layerName":"عناصر شبكة الغاز","__assetName":"عناصر الغاز","__geometryKind":"point","__featureIndex":591,"__typeValue":"محبس"},"geometry":{"type":"Point","coordinates":[31.533876531279567,30.26991298441627]}},{"type":"Feature","properties":{"Gas_Facility_Type":"محبس","Easting":"031° 31' 43.78\" E","Northing":"30° 16' 1.93\" N","Description":null,"GlobalID":"{A4A4A62E-8DC2-482B-BE72-D151EAD4ECD3}","sectors":"القطاع السادس عشر","Implementing":"غاز مصر","__networkId":"gas","__networkName":"شبكة الغاز","__layerId":"gas_assets","__layerName":"عناصر شبكة الغاز","__assetName":"عناصر الغاز","__geometryKind":"point","__featureIndex":592,"__typeValue":"محبس"},"geometry":{"type":"Point","coordinates":[31.53050429253391,30.26736808057065]}},{"type":"Feature","properties":{"Gas_Facility_Type":"محبس","Easting":"031° 31' 27.86\" E","Northing":"30° 15' 59.46\" N","Description":null,"GlobalID":"{AA5FFCCE-5F0F-469D-AA53-C9585B9FBA37}","sectors":"القطاع السابع عشر","Implementing":"غاز مصر","__networkId":"gas","__networkName":"شبكة الغاز","__layerId":"gas_assets","__layerName":"عناصر شبكة الغاز","__assetName":"عناصر الغاز","__geometryKind":"point","__featureIndex":593,"__typeValue":"محبس"},"geometry":{"type":"Point","coordinates":[31.52608307396298,30.266682680862502]}},{"type":"Feature","properties":{"Gas_Facility_Type":"محبس","Easting":"031° 31' 55.89\" E","Northing":"30° 15' 54.77\" N","Description":null,"GlobalID":"{92C428BF-9815-4A16-8124-79B3017AF73A}","sectors":"القطاع السادس عشر","Implementing":"غاز مصر","__networkId":"gas","__networkName":"شبكة الغاز","__layerId":"gas_assets","__layerName":"عناصر شبكة الغاز","__assetName":"عناصر الغاز","__geometryKind":"point","__featureIndex":594,"__typeValue":"محبس"},"geometry":{"type":"Point","coordinates":[31.533869395062922,30.265379659205152]}},{"type":"Feature","properties":{"Gas_Facility_Type":"محبس","Easting":"031° 31' 51.15\" E","Northing":"30° 16' 16.36\" N","Description":null,"GlobalID":"{DCBCD70A-7A0E-4558-8F98-BFB6BD0333E7}","sectors":"القطاع السادس عشر","Implementing":"غاز مصر","__networkId":"gas","__networkName":"شبكة الغاز","__layerId":"gas_assets","__layerName":"عناصر شبكة الغاز","__assetName":"عناصر الغاز","__geometryKind":"point","__featureIndex":595,"__typeValue":"محبس"},"geometry":{"type":"Point","coordinates":[31.53255292569217,30.27137727941718]}},{"type":"Feature","properties":{"Gas_Facility_Type":"محبس","Easting":"031° 31' 46.17\" E","Northing":"30° 15' 55.5\" N","Description":null,"GlobalID":"{FA71D020-AF6E-4A3E-BB3A-558922A870A0}","sectors":"القطاع السادس عشر","Implementing":"غاز مصر","__networkId":"gas","__networkName":"شبكة الغاز","__layerId":"gas_assets","__layerName":"عناصر شبكة الغاز","__assetName":"عناصر الغاز","__geometryKind":"point","__featureIndex":596,"__typeValue":"محبس"},"geometry":{"type":"Point","coordinates":[31.53116693749817,30.265582205079355]}},{"type":"Feature","properties":{"Gas_Facility_Type":"محبس","Easting":"031° 31' 51.48\" E","Northing":"30° 16' 9.93\" N","Description":null,"GlobalID":"{B16275BE-963B-48BA-9BE5-A7D7A7D39FDB}","sectors":"القطاع السادس عشر","Implementing":"غاز مصر","__networkId":"gas","__networkName":"شبكة الغاز","__layerId":"gas_assets","__layerName":"عناصر شبكة الغاز","__assetName":"عناصر الغاز","__geometryKind":"point","__featureIndex":597,"__typeValue":"محبس"},"geometry":{"type":"Point","coordinates":[31.53264365194259,30.26959125418951]}},{"type":"Feature","properties":{"Gas_Facility_Type":"محبس","Easting":"031° 31' 17.95\" E","Northing":"30° 16' 10.58\" N","Description":null,"GlobalID":"{3DF3AFBD-B0AC-4ACE-94EB-D951B4BA82F4}","sectors":"القطاع السابع عشر","Implementing":"غاز مصر","__networkId":"gas","__networkName":"شبكة الغاز","__layerId":"gas_assets","__layerName":"عناصر شبكة الغاز","__assetName":"عناصر الغاز","__geometryKind":"point","__featureIndex":598,"__typeValue":"محبس"},"geometry":{"type":"Point","coordinates":[31.523329398952278,30.2697734581517]}},{"type":"Feature","properties":{"Gas_Facility_Type":"محبس","Easting":"031° 31' 36.06\" E","Northing":"30° 15' 57.22\" N","Description":null,"GlobalID":"{584E73B3-6B0B-44C0-B389-928B8153CB3C}","sectors":"القطاع السادس عشر","Implementing":"غاز مصر","__networkId":"gas","__networkName":"شبكة الغاز","__layerId":"gas_assets","__layerName":"عناصر شبكة الغاز","__assetName":"عناصر الغاز","__geometryKind":"point","__featureIndex":599,"__typeValue":"محبس"},"geometry":{"type":"Point","coordinates":[31.528360894299677,30.266059689680556]}},{"type":"Feature","properties":{"Gas_Facility_Type":"محبس","Easting":"031° 32' 0.01\" E","Northing":"30° 16' 8.4\" N","Description":null,"GlobalID":"{1789F226-38CA-4423-BE63-1CC43F63951C}","sectors":"القطاع السادس عشر","Implementing":"غاز مصر","__networkId":"gas","__networkName":"شبكة الغاز","__layerId":"gas_assets","__layerName":"عناصر شبكة الغاز","__assetName":"عناصر الغاز","__geometryKind":"point","__featureIndex":600,"__typeValue":"محبس"},"geometry":{"type":"Point","coordinates":[31.535011622709636,30.269165222987645]}},{"type":"Feature","properties":{"Gas_Facility_Type":"محبس","Easting":"031° 31' 50.35\" E","Northing":"30° 15' 52.92\" N","Description":null,"GlobalID":"{7E30A2DE-94B6-44DC-B031-0C30D668DFEB}","sectors":"القطاع السادس عشر","Implementing":"غاز مصر","__networkId":"gas","__networkName":"شبكة الغاز","__layerId":"gas_assets","__layerName":"عناصر شبكة الغاز","__assetName":"عناصر الغاز","__geometryKind":"point","__featureIndex":601,"__typeValue":"محبس"},"geometry":{"type":"Point","coordinates":[31.532329094269453,30.264866476205423]}},{"type":"Feature","properties":{"Gas_Facility_Type":"محبس","Easting":"031° 31' 49.41\" E","Northing":"30° 16' 8.87\" N","Description":null,"GlobalID":"{3A1FF817-2327-4616-B6E3-411CB7307615}","sectors":"القطاع السادس عشر","Implementing":"غاز مصر","__networkId":"gas","__networkName":"شبكة الغاز","__layerId":"gas_assets","__layerName":"عناصر شبكة الغاز","__assetName":"عناصر الغاز","__geometryKind":"point","__featureIndex":602,"__typeValue":"محبس"},"geometry":{"type":"Point","coordinates":[31.53206923681058,30.269295951268187]}},{"type":"Feature","properties":{"Gas_Facility_Type":"محبس","Easting":"031° 31' 56.29\" E","Northing":"30° 15' 51.58\" N","Description":null,"GlobalID":"{243953CC-198C-480B-9F89-5435E7D7BD76}","sectors":"القطاع السادس عشر","Implementing":"غاز مصر","__networkId":"gas","__networkName":"شبكة الغاز","__layerId":"gas_assets","__layerName":"عناصر شبكة الغاز","__assetName":"عناصر الغاز","__geometryKind":"point","__featureIndex":603,"__typeValue":"محبس"},"geometry":{"type":"Point","coordinates":[31.533979848317003,30.264495072221592]}},{"type":"Feature","properties":{"Gas_Facility_Type":"محبس","Easting":"031° 31' 57.84\" E","Northing":"30° 15' 58.18\" N","Description":null,"GlobalID":"{E229F48B-287D-4573-80F7-884C0FF9A41F}","sectors":"القطاع السادس عشر","Implementing":"غاز مصر","__networkId":"gas","__networkName":"شبكة الغاز","__layerId":"gas_assets","__layerName":"عناصر شبكة الغاز","__assetName":"عناصر الغاز","__geometryKind":"point","__featureIndex":604,"__typeValue":"محبس"},"geometry":{"type":"Point","coordinates":[31.534408581862756,30.266328150336857]}},{"type":"Feature","properties":{"Gas_Facility_Type":"محبس","Easting":"031° 32' 0.64\" E","Northing":"30° 16' 13.23\" N","Description":null,"GlobalID":"{743CA455-3138-4DAD-80E3-274B3FCBECE6}","sectors":"القطاع السادس عشر","Implementing":"غاز مصر","__networkId":"gas","__networkName":"شبكة الغاز","__layerId":"gas_assets","__layerName":"عناصر شبكة الغاز","__assetName":"عناصر الغاز","__geometryKind":"point","__featureIndex":605,"__typeValue":"محبس"},"geometry":{"type":"Point","coordinates":[31.5351889429602,30.270508320577086]}},{"type":"Feature","properties":{"Gas_Facility_Type":"محبس","Easting":"031° 32' 3.19\" E","Northing":"30° 16' 8.48\" N","Description":null,"GlobalID":"{9A552622-80A8-47E0-8D33-F41C76228A30}","sectors":"القطاع السادس عشر","Implementing":"غاز مصر","__networkId":"gas","__networkName":"شبكة الغاز","__layerId":"gas_assets","__layerName":"عناصر شبكة الغاز","__assetName":"عناصر الغاز","__geometryKind":"point","__featureIndex":606,"__typeValue":"محبس"},"geometry":{"type":"Point","coordinates":[31.535896335703708,30.269187653446167]}},{"type":"Feature","properties":{"Gas_Facility_Type":"محبس","Easting":"031° 31' 36.82\" E","Northing":"30° 16' 3.91\" N","Description":null,"GlobalID":"{0F05E6FA-EB27-49E2-B888-7FC276B01795}","sectors":"القطاع السادس عشر","Implementing":"غاز مصر","__networkId":"gas","__networkName":"شبكة الغاز","__layerId":"gas_assets","__layerName":"عناصر شبكة الغاز","__assetName":"عناصر الغاز","__geometryKind":"point","__featureIndex":607,"__typeValue":"محبس"},"geometry":{"type":"Point","coordinates":[31.528571963357162,30.267919048609535]}},{"type":"Feature","properties":{"Gas_Facility_Type":"محبس","Easting":"031° 31' 56.85\" E","Northing":"30° 15' 56.24\" N","Description":null,"GlobalID":"{4321E69C-25DE-414B-B785-2A8FEBFDCAD1}","sectors":"القطاع السادس عشر","Implementing":"غاز مصر","__networkId":"gas","__networkName":"شبكة الغاز","__layerId":"gas_assets","__layerName":"عناصر شبكة الغاز","__assetName":"عناصر الغاز","__geometryKind":"point","__featureIndex":608,"__typeValue":"محبس"},"geometry":{"type":"Point","coordinates":[31.53413470439725,30.26578845687583]}},{"type":"Feature","properties":{"Gas_Facility_Type":"محبس","Easting":"031° 31' 35.94\" E","Northing":"30° 16' 5.42\" N","Description":null,"GlobalID":"{6A8E1CB7-6A91-4043-853F-036392B507A2}","sectors":"القطاع السادس عشر","Implementing":"غاز مصر","__networkId":"gas","__networkName":"شبكة الغاز","__layerId":"gas_assets","__layerName":"عناصر شبكة الغاز","__assetName":"عناصر الغاز","__geometryKind":"point","__featureIndex":609,"__typeValue":"محبس"},"geometry":{"type":"Point","coordinates":[31.52832667836883,30.26833923452146]}},{"type":"Feature","properties":{"Gas_Facility_Type":"محبس","Easting":"031° 31' 54.95\" E","Northing":"30° 15' 51.05\" N","Description":null,"GlobalID":"{489281C8-1AD1-4C54-AFB8-FEA39F238F9A}","sectors":"القطاع السادس عشر","Implementing":"غاز مصر","__networkId":"gas","__networkName":"شبكة الغاز","__layerId":"gas_assets","__layerName":"عناصر شبكة الغاز","__assetName":"عناصر الغاز","__geometryKind":"point","__featureIndex":610,"__typeValue":"محبس"},"geometry":{"type":"Point","coordinates":[31.533606062920544,30.26434688948647]}},{"type":"Feature","properties":{"Gas_Facility_Type":"محبس","Easting":"031° 31' 48.36\" E","Northing":"30° 15' 55.79\" N","Description":null,"GlobalID":"{5C4A374C-3B64-46C1-9B27-30332CD77579}","sectors":"القطاع السادس عشر","Implementing":"غاز مصر","__networkId":"gas","__networkName":"شبكة الغاز","__layerId":"gas_assets","__layerName":"عناصر شبكة الغاز","__assetName":"عناصر الغاز","__geometryKind":"point","__featureIndex":611,"__typeValue":"محبس"},"geometry":{"type":"Point","coordinates":[31.531775558679588,30.26566378814749]}},{"type":"Feature","properties":{"Gas_Facility_Type":"محبس","Easting":"031° 31' 39.91\" E","Northing":"30° 15' 55.41\" N","Description":null,"GlobalID":"{40BAA6B3-C3C2-4848-8A43-F61EDA5040D3}","sectors":"القطاع السادس عشر","Implementing":"غاز مصر","__networkId":"gas","__networkName":"شبكة الغاز","__layerId":"gas_assets","__layerName":"عناصر شبكة الغاز","__assetName":"عناصر الغاز","__geometryKind":"point","__featureIndex":612,"__typeValue":"محبس"},"geometry":{"type":"Point","coordinates":[31.529430101490192,30.265558725591642]}},{"type":"Feature","properties":{"Gas_Facility_Type":"محبس","Easting":"031° 31' 44.56\" E","Northing":"30° 16' 1.06\" N","Description":null,"GlobalID":"{324B37C9-38BA-4A38-A1EF-73BF62EE006B}","sectors":"القطاع السادس عشر","Implementing":"غاز مصر","__networkId":"gas","__networkName":"شبكة الغاز","__layerId":"gas_assets","__layerName":"عناصر شبكة الغاز","__assetName":"عناصر الغاز","__geometryKind":"point","__featureIndex":613,"__typeValue":"محبس"},"geometry":{"type":"Point","coordinates":[31.530720650871764,30.2671268741149]}},{"type":"Feature","properties":{"Gas_Facility_Type":"محبس","Easting":"031° 31' 55.57\" E","Northing":"30° 16' 8.98\" N","Description":null,"GlobalID":"{4B39C427-B4F4-4332-BCE0-323D8C188193}","sectors":"القطاع السادس عشر","Implementing":"غاز مصر","__networkId":"gas","__networkName":"شبكة الغاز","__layerId":"gas_assets","__layerName":"عناصر شبكة الغاز","__assetName":"عناصر الغاز","__geometryKind":"point","__featureIndex":614,"__typeValue":"محبس"},"geometry":{"type":"Point","coordinates":[31.533778658931034,30.269327600274938]}},{"type":"Feature","properties":{"Gas_Facility_Type":"محبس","Easting":"031° 31' 36.96\" E","Northing":"30° 15' 59.08\" N","Description":null,"GlobalID":"{EAE3B556-B311-4627-B1B8-724EC6C206AC}","sectors":"القطاع السادس عشر","Implementing":"غاز مصر","__networkId":"gas","__networkName":"شبكة الغاز","__layerId":"gas_assets","__layerName":"عناصر شبكة الغاز","__assetName":"عناصر الغاز","__geometryKind":"point","__featureIndex":615,"__typeValue":"محبس"},"geometry":{"type":"Point","coordinates":[31.528608622705576,30.266577805604726]}},{"type":"Feature","properties":{"Gas_Facility_Type":"محبس","Easting":"031° 31' 36.61\" E","Northing":"30° 16' 2.77\" N","Description":null,"GlobalID":"{1F861F86-3C05-4FD1-A777-F8251CE8186E}","sectors":"القطاع السادس عشر","Implementing":"غاز مصر","__networkId":"gas","__networkName":"شبكة الغاز","__layerId":"gas_assets","__layerName":"عناصر شبكة الغاز","__assetName":"عناصر الغاز","__geometryKind":"point","__featureIndex":616,"__typeValue":"محبس"},"geometry":{"type":"Point","coordinates":[31.528513819900393,30.267602745954708]}},{"type":"Feature","properties":{"Gas_Facility_Type":"محبس","Easting":"031° 31' 34.49\" E","Northing":"30° 15' 56.36\" N","Description":null,"GlobalID":"{DE0CCDBB-8AFF-4346-90F2-FA05712692D5}","sectors":"القطاع السادس عشر","Implementing":"غاز مصر","__networkId":"gas","__networkName":"شبكة الغاز","__layerId":"gas_assets","__layerName":"عناصر شبكة الغاز","__assetName":"عناصر الغاز","__geometryKind":"point","__featureIndex":617,"__typeValue":"محبس"},"geometry":{"type":"Point","coordinates":[31.52792470383875,30.26582269066584]}},{"type":"Feature","properties":{"Gas_Facility_Type":"محبس","Easting":"031° 31' 49.29\" E","Northing":"30° 15' 58.8\" N","Description":null,"GlobalID":"{C8194FA8-715C-4E27-99A3-4187C7239F7A}","sectors":"القطاع السادس عشر","Implementing":"غاز مصر","__networkId":"gas","__networkName":"شبكة الغاز","__layerId":"gas_assets","__layerName":"عناصر شبكة الغاز","__assetName":"عناصر الغاز","__geometryKind":"point","__featureIndex":618,"__typeValue":"محبس"},"geometry":{"type":"Point","coordinates":[31.53203539996878,30.2665004509915]}},{"type":"Feature","properties":{"Gas_Facility_Type":"محبس","Easting":"031° 31' 53.12\" E","Northing":"30° 16' 14.48\" N","Description":null,"GlobalID":"{C9D9C8FD-A97A-4BFD-A1FE-0D0C579630EE}","sectors":"القطاع السادس عشر","Implementing":"غاز مصر","__networkId":"gas","__networkName":"شبكة الغاز","__layerId":"gas_assets","__layerName":"عناصر شبكة الغاز","__assetName":"عناصر الغاز","__geometryKind":"point","__featureIndex":619,"__typeValue":"محبس"},"geometry":{"type":"Point","coordinates":[31.533100179363238,30.27085627091848]}},{"type":"Feature","properties":{"Gas_Facility_Type":"محبس","Easting":"031° 32' 3.91\" E","Northing":"30° 16' 11.21\" N","Description":null,"GlobalID":"{BDA53510-BD66-4B10-A672-75AE941339EA}","sectors":"القطاع السادس عشر","Implementing":"غاز مصر","__networkId":"gas","__networkName":"شبكة الغاز","__layerId":"gas_assets","__layerName":"عناصر شبكة الغاز","__assetName":"عناصر الغاز","__geometryKind":"point","__featureIndex":620,"__typeValue":"محبس"},"geometry":{"type":"Point","coordinates":[31.536096483942277,30.2699477924407]}},{"type":"Feature","properties":{"Gas_Facility_Type":"محبس","Easting":"031° 31' 59.16\" E","Northing":"30° 16' 20.43\" N","Description":null,"GlobalID":"{012DD0A5-C39F-4634-B583-B9F18CA0784C}","sectors":"القطاع السادس عشر","Implementing":"غاز مصر","__networkId":"gas","__networkName":"شبكة الغاز","__layerId":"gas_assets","__layerName":"عناصر شبكة الغاز","__assetName":"عناصر الغاز","__geometryKind":"point","__featureIndex":621,"__typeValue":"محبس"},"geometry":{"type":"Point","coordinates":[31.534775331653915,30.272506833103645]}},{"type":"Feature","properties":{"Gas_Facility_Type":"محبس","Easting":"031° 31' 58.46\" E","Northing":"30° 16' 8.52\" N","Description":null,"GlobalID":"{DF741C26-3313-41E5-A426-43A9CB7CB751}","sectors":"القطاع السادس عشر","Implementing":"غاز مصر","__networkId":"gas","__networkName":"شبكة الغاز","__layerId":"gas_assets","__layerName":"عناصر شبكة الغاز","__assetName":"عناصر الغاز","__geometryKind":"point","__featureIndex":622,"__typeValue":"محبس"},"geometry":{"type":"Point","coordinates":[31.534583345508047,30.269200258599756]}},{"type":"Feature","properties":{"Gas_Facility_Type":"محبس","Easting":"031° 31' 54.68\" E","Northing":"30° 16' 10.64\" N","Description":null,"GlobalID":"{61F5C430-A5DE-45D7-B10C-DEF1AA59941D}","sectors":"القطاع السادس عشر","Implementing":"غاز مصر","__networkId":"gas","__networkName":"شبكة الغاز","__layerId":"gas_assets","__layerName":"عناصر شبكة الغاز","__assetName":"عناصر الغاز","__geometryKind":"point","__featureIndex":623,"__typeValue":"محبس"},"geometry":{"type":"Point","coordinates":[31.533533127804304,30.269788957890217]}},{"type":"Feature","properties":{"Gas_Facility_Type":"محبس","Easting":"031° 31' 52.96\" E","Northing":"30° 16' 5.65\" N","Description":null,"GlobalID":"{124D4FF3-DFEC-4760-ABCF-F227A0679C7E}","sectors":"القطاع السادس عشر","Implementing":"غاز مصر","__networkId":"gas","__networkName":"شبكة الغاز","__layerId":"gas_assets","__layerName":"عناصر شبكة الغاز","__assetName":"عناصر الغاز","__geometryKind":"point","__featureIndex":624,"__typeValue":"محبس"},"geometry":{"type":"Point","coordinates":[31.53305444792877,30.268403616229907]}},{"type":"Feature","properties":{"Gas_Facility_Type":"محبس","Easting":"031° 31' 52.96\" E","Northing":"30° 16' 5.55\" N","Description":null,"GlobalID":"{299C85FC-FB2D-4C2E-8671-BE12E9F06092}","sectors":"القطاع السادس عشر","Implementing":"غاز مصر","__networkId":"gas","__networkName":"شبكة الغاز","__layerId":"gas_assets","__layerName":"عناصر شبكة الغاز","__assetName":"عناصر الغاز","__geometryKind":"point","__featureIndex":625,"__typeValue":"محبس"},"geometry":{"type":"Point","coordinates":[31.533053809226598,30.26837421146362]}},{"type":"Feature","properties":{"Gas_Facility_Type":"محبس","Easting":"031° 32' 3.76\" E","Northing":"30° 16' 21.71\" N","Description":null,"GlobalID":"{A9861358-2727-4EFC-8E98-4CFC9C9C1F62}","sectors":"القطاع السادس عشر","Implementing":"غاز مصر","__networkId":"gas","__networkName":"شبكة الغاز","__layerId":"gas_assets","__layerName":"عناصر شبكة الغاز","__assetName":"عناصر الغاز","__geometryKind":"point","__featureIndex":626,"__typeValue":"محبس"},"geometry":{"type":"Point","coordinates":[31.53605463502646,30.27286475645828]}},{"type":"Feature","properties":{"Gas_Facility_Type":"محبس","Easting":"031° 32' 2.64\" E","Northing":"30° 16' 11.54\" N","Description":null,"GlobalID":"{1303396A-142C-46CC-881B-F191CEAA13AE}","sectors":"القطاع السادس عشر","Implementing":"غاز مصر","__networkId":"gas","__networkName":"شبكة الغاز","__layerId":"gas_assets","__layerName":"عناصر شبكة الغاز","__assetName":"عناصر الغاز","__geometryKind":"point","__featureIndex":627,"__typeValue":"محبس"},"geometry":{"type":"Point","coordinates":[31.535743763140918,30.27003814506131]}},{"type":"Feature","properties":{"Gas_Facility_Type":"محبس","Easting":"031° 32' 3.07\" E","Northing":"30° 16' 17.46\" N","Description":null,"GlobalID":"{35602E69-EDA2-4CFD-A4FC-2CAEF470BF6B}","sectors":"القطاع السادس عشر","Implementing":"غاز مصر","__networkId":"gas","__networkName":"شبكة الغاز","__layerId":"gas_assets","__layerName":"عناصر شبكة الغاز","__assetName":"عناصر الغاز","__geometryKind":"point","__featureIndex":628,"__typeValue":"محبس"},"geometry":{"type":"Point","coordinates":[31.53586240813206,30.271681802968548]}},{"type":"Feature","properties":{"Gas_Facility_Type":"محبس","Easting":"031° 31' 55.29\" E","Northing":"30° 15' 53.63\" N","Description":null,"GlobalID":"{AA94165C-6E6D-43C0-B4D9-20EF71720992}","sectors":"القطاع السادس عشر","Implementing":"غاز مصر","__networkId":"gas","__networkName":"شبكة الغاز","__layerId":"gas_assets","__layerName":"عناصر شبكة الغاز","__assetName":"عناصر الغاز","__geometryKind":"point","__featureIndex":629,"__typeValue":"محبس"},"geometry":{"type":"Point","coordinates":[31.533701570004915,30.26506428485362]}},{"type":"Feature","properties":{"Gas_Facility_Type":"محبس","Easting":"031° 31' 57.0\" E","Northing":"30° 15' 55.2\" N","Description":null,"GlobalID":"{E0C2775F-B5C3-4A74-ACEB-D58F206F4B2A}","sectors":"القطاع السادس عشر","Implementing":"غاز مصر","__networkId":"gas","__networkName":"شبكة الغاز","__layerId":"gas_assets","__layerName":"عناصر شبكة الغاز","__assetName":"عناصر الغاز","__geometryKind":"point","__featureIndex":630,"__typeValue":"محبس"},"geometry":{"type":"Point","coordinates":[31.534176945876865,30.26549875286248]}},{"type":"Feature","properties":{"Gas_Facility_Type":"محبس","Easting":"031° 31' 37.1\" E","Northing":"30° 16' 0.47\" N","Description":null,"GlobalID":"{0A163A60-D4E5-4FB4-82DC-0DDA50F0C999}","sectors":"القطاع السادس عشر","Implementing":"غاز مصر","__networkId":"gas","__networkName":"شبكة الغاز","__layerId":"gas_assets","__layerName":"عناصر شبكة الغاز","__assetName":"عناصر الغاز","__geometryKind":"point","__featureIndex":631,"__typeValue":"محبس"},"geometry":{"type":"Point","coordinates":[31.528649167267602,30.266964230946048]}},{"type":"Feature","properties":{"Gas_Facility_Type":"محبس","Easting":"031° 31' 35.48\" E","Northing":"30° 15' 59.6\" N","Description":null,"GlobalID":"{BF394D5E-9365-4674-B76A-877BB9B306DD}","sectors":"القطاع السادس عشر","Implementing":"غاز مصر","__networkId":"gas","__networkName":"شبكة الغاز","__layerId":"gas_assets","__layerName":"عناصر شبكة الغاز","__assetName":"عناصر الغاز","__geometryKind":"point","__featureIndex":632,"__typeValue":"محبس"},"geometry":{"type":"Point","coordinates":[31.52819971677476,30.26672184651167]}},{"type":"Feature","properties":{"Gas_Facility_Type":"محبس","Easting":"031° 32' 0.51\" E","Northing":"30° 16' 12.31\" N","Description":null,"GlobalID":"{00B3D286-1014-430B-BE9B-B4BCBBEAB0FD}","sectors":"القطاع السادس عشر","Implementing":"غاز مصر","__networkId":"gas","__networkName":"شبكة الغاز","__layerId":"gas_assets","__layerName":"عناصر شبكة الغاز","__assetName":"عناصر الغاز","__geometryKind":"point","__featureIndex":633,"__typeValue":"محبس"},"geometry":{"type":"Point","coordinates":[31.535152880991415,30.27025128623638]}},{"type":"Feature","properties":{"Gas_Facility_Type":"محبس","Easting":"031° 31' 45.34\" E","Northing":"30° 15' 53.76\" N","Description":null,"GlobalID":"{697617A2-E1BD-412A-A983-56667F6BE094}","sectors":"القطاع السادس عشر","Implementing":"غاز مصر","__networkId":"gas","__networkName":"شبكة الغاز","__layerId":"gas_assets","__layerName":"عناصر شبكة الغاز","__assetName":"عناصر الغاز","__geometryKind":"point","__featureIndex":634,"__typeValue":"محبس"},"geometry":{"type":"Point","coordinates":[31.53093675139312,30.265099389430567]}},{"type":"Feature","properties":{"Gas_Facility_Type":"محبس","Easting":"031° 31' 54.29\" E","Northing":"30° 15' 57.43\" N","Description":null,"GlobalID":"{9900F333-F01E-4C25-AFED-B98E82C0DA9F}","sectors":"القطاع السادس عشر","Implementing":"غاز مصر","__networkId":"gas","__networkName":"شبكة الغاز","__layerId":"gas_assets","__layerName":"عناصر شبكة الغاز","__assetName":"عناصر الغاز","__geometryKind":"point","__featureIndex":635,"__typeValue":"محبس"},"geometry":{"type":"Point","coordinates":[31.53342255058272,30.266119562755804]}},{"type":"Feature","properties":{"Gas_Facility_Type":"محبس","Easting":"031° 31' 53.67\" E","Northing":"30° 15' 52.3\" N","Description":null,"GlobalID":"{D3440487-FA1D-4066-8442-49647CD85CD1}","sectors":"القطاع السادس عشر","Implementing":"غاز مصر","__networkId":"gas","__networkName":"شبكة الغاز","__layerId":"gas_assets","__layerName":"عناصر شبكة الغاز","__assetName":"عناصر الغاز","__geometryKind":"point","__featureIndex":636,"__typeValue":"محبس"},"geometry":{"type":"Point","coordinates":[31.53325091756622,30.264694427172163]}},{"type":"Feature","properties":{"Gas_Facility_Type":"محبس","Easting":"031° 31' 54.65\" E","Northing":"30° 16' 8.39\" N","Description":null,"GlobalID":"{B97DE4FE-6747-4265-8BF2-724990F73599}","sectors":"القطاع السادس عشر","Implementing":"غاز مصر","__networkId":"gas","__networkName":"شبكة الغاز","__layerId":"gas_assets","__layerName":"عناصر شبكة الغاز","__assetName":"عناصر الغاز","__geometryKind":"point","__featureIndex":637,"__typeValue":"محبس"},"geometry":{"type":"Point","coordinates":[31.533523743104556,30.269163180963012]}},{"type":"Feature","properties":{"Gas_Facility_Type":"محبس","Easting":"031° 31' 56.0\" E","Northing":"30° 16' 6.06\" N","Description":null,"GlobalID":"{2A4F6EDF-F876-4F6C-B64B-76BC16F0AFBB}","sectors":"القطاع السادس عشر","Implementing":"غاز مصر","__networkId":"gas","__networkName":"شبكة الغاز","__layerId":"gas_assets","__layerName":"عناصر شبكة الغاز","__assetName":"عناصر الغاز","__geometryKind":"point","__featureIndex":638,"__typeValue":"محبس"},"geometry":{"type":"Point","coordinates":[31.533899078094883,30.268517719053403]}},{"type":"Feature","properties":{"Gas_Facility_Type":"محبس","Easting":"031° 31' 19.48\" E","Northing":"30° 16' 21.23\" N","Description":null,"GlobalID":"{73642195-20D8-456D-B6F3-6FF26AD64938}","sectors":"القطاع السابع عشر","Implementing":"غاز مصر","__networkId":"gas","__networkName":"شبكة الغاز","__layerId":"gas_assets","__layerName":"عناصر شبكة الغاز","__assetName":"عناصر الغاز","__geometryKind":"point","__featureIndex":639,"__typeValue":"محبس"},"geometry":{"type":"Point","coordinates":[31.523753869992035,30.272730988624325]}},{"type":"Feature","properties":{"Gas_Facility_Type":"محبس","Easting":"031° 31' 53.05\" E","Northing":"30° 16' 23.71\" N","Description":null,"GlobalID":"{2B485E20-EEF5-43CC-87ED-5107A960DCEA}","sectors":"القطاع السادس عشر","Implementing":"غاز مصر","__networkId":"gas","__networkName":"شبكة الغاز","__layerId":"gas_assets","__layerName":"عناصر شبكة الغاز","__assetName":"عناصر الغاز","__geometryKind":"point","__featureIndex":640,"__typeValue":"محبس"},"geometry":{"type":"Point","coordinates":[31.533078607220006,30.273420696856565]}},{"type":"Feature","properties":{"Gas_Facility_Type":"محبس","Easting":"031° 31' 53.04\" E","Northing":"30° 16' 23.61\" N","Description":null,"GlobalID":"{27B202D2-AF61-4DC9-90F5-DE1DA5993447}","sectors":"القطاع السادس عشر","Implementing":"غاز مصر","__networkId":"gas","__networkName":"شبكة الغاز","__layerId":"gas_assets","__layerName":"عناصر شبكة الغاز","__assetName":"عناصر الغاز","__geometryKind":"point","__featureIndex":641,"__typeValue":"محبس"},"geometry":{"type":"Point","coordinates":[31.53307595269835,30.27339262876522]}},{"type":"Feature","properties":{"Gas_Facility_Type":"محبس","Easting":"031° 32' 5.34\" E","Northing":"30° 16' 14.68\" N","Description":null,"GlobalID":"{CD530258-BD7F-4FD8-B3B6-01CF305F19DD}","sectors":"القطاع السادس عشر","Implementing":"غاز مصر","__networkId":"gas","__networkName":"شبكة الغاز","__layerId":"gas_assets","__layerName":"عناصر شبكة الغاز","__assetName":"عناصر الغاز","__geometryKind":"point","__featureIndex":642,"__typeValue":"محبس"},"geometry":{"type":"Point","coordinates":[31.536492068755738,30.270911956233995]}},{"type":"Feature","properties":{"Gas_Facility_Type":"محبس","Easting":"031° 32' 5.21\" E","Northing":"30° 16' 14.67\" N","Description":null,"GlobalID":"{8CDD233B-CD77-4929-96EA-AD4F61250619}","sectors":"القطاع السادس عشر","Implementing":"غاز مصر","__networkId":"gas","__networkName":"شبكة الغاز","__layerId":"gas_assets","__layerName":"عناصر شبكة الغاز","__assetName":"عناصر الغاز","__geometryKind":"point","__featureIndex":643,"__typeValue":"محبس"},"geometry":{"type":"Point","coordinates":[31.536456062482543,30.270909440212698]}},{"type":"Feature","properties":{"Gas_Facility_Type":"محبس","Easting":"031° 30' 45.74\" E","Northing":"30° 16' 38.55\" N","Description":null,"GlobalID":"{7A68F987-C024-421C-BA6F-CA3CD9DD4AEC}","sectors":"القطاع الرابع عشر","Implementing":"غاز مصر","__networkId":"gas","__networkName":"شبكة الغاز","__layerId":"gas_assets","__layerName":"عناصر شبكة الغاز","__assetName":"عناصر الغاز","__geometryKind":"point","__featureIndex":644,"__typeValue":"محبس"},"geometry":{"type":"Point","coordinates":[31.514382905459534,30.277541491850087]}},{"type":"Feature","properties":{"Gas_Facility_Type":"محبس","Easting":"031° 30' 13.3\" E","Northing":"30° 16' 31.63\" N","Description":null,"GlobalID":"{FF0F8DF5-FE11-47CA-A585-834D8979B034}","sectors":"القطاع الخامس عشر","Implementing":"غاز مصر","__networkId":"gas","__networkName":"شبكة الغاز","__layerId":"gas_assets","__layerName":"عناصر شبكة الغاز","__assetName":"عناصر الغاز","__geometryKind":"point","__featureIndex":645,"__typeValue":"محبس"},"geometry":{"type":"Point","coordinates":[31.505369875550308,30.27562006935385]}},{"type":"Feature","properties":{"Gas_Facility_Type":"محبس","Easting":"031° 31' 6.45\" E","Northing":"30° 16' 23.24\" N","Description":null,"GlobalID":"{F5E64351-99A8-4A67-AEAD-CC6765F45704}","sectors":"القطاع الثالث عشر","Implementing":"غاز مصر","__networkId":"gas","__networkName":"شبكة الغاز","__layerId":"gas_assets","__layerName":"عناصر شبكة الغاز","__assetName":"عناصر الغاز","__geometryKind":"point","__featureIndex":646,"__typeValue":"محبس"},"geometry":{"type":"Point","coordinates":[31.520135078735183,30.273289188170846]}},{"type":"Feature","properties":{"Gas_Facility_Type":"محبس","Easting":"031° 30' 16.91\" E","Northing":"30° 16' 33.84\" N","Description":null,"GlobalID":"{72430335-D2C4-456D-A4BF-CFE15F94DBDA}","sectors":"القطاع الخامس عشر","Implementing":"غاز مصر","__networkId":"gas","__networkName":"شبكة الغاز","__layerId":"gas_assets","__layerName":"عناصر شبكة الغاز","__assetName":"عناصر الغاز","__geometryKind":"point","__featureIndex":647,"__typeValue":"محبس"},"geometry":{"type":"Point","coordinates":[31.506372312762362,30.27623210467908]}},{"type":"Feature","properties":{"Gas_Facility_Type":"محبس","Easting":"031° 29' 53.32\" E","Northing":"30° 16' 29.61\" N","Description":null,"GlobalID":"{F544CE31-D40B-416A-BBC6-122742555480}","sectors":"القطاع الخامس عشر","Implementing":"غاز مصر","__networkId":"gas","__networkName":"شبكة الغاز","__layerId":"gas_assets","__layerName":"عناصر شبكة الغاز","__assetName":"عناصر الغاز","__geometryKind":"point","__featureIndex":648,"__typeValue":"محبس"},"geometry":{"type":"Point","coordinates":[31.49982001096148,30.275059667382415]}},{"type":"Feature","properties":{"Gas_Facility_Type":"محبس","Easting":"031° 29' 50.82\" E","Northing":"30° 16' 29.72\" N","Description":null,"GlobalID":"{5A159FD8-6374-4C9B-A360-DC9FFB8BFBDB}","sectors":"القطاع الخامس عشر","Implementing":"غاز مصر","__networkId":"gas","__networkName":"شبكة الغاز","__layerId":"gas_assets","__layerName":"عناصر شبكة الغاز","__assetName":"عناصر الغاز","__geometryKind":"point","__featureIndex":649,"__typeValue":"محبس"},"geometry":{"type":"Point","coordinates":[31.499125249429156,30.27509004454891]}},{"type":"Feature","properties":{"Gas_Facility_Type":"محبس","Easting":"031° 30' 45.33\" E","Northing":"30° 16' 18.2\" N","Description":null,"GlobalID":"{9FED9EEE-CEED-4909-890F-5D3E02DE4779}","sectors":"القطاع الرابع عشر","Implementing":"غاز مصر","__networkId":"gas","__networkName":"شبكة الغاز","__layerId":"gas_assets","__layerName":"عناصر شبكة الغاز","__assetName":"عناصر الغاز","__geometryKind":"point","__featureIndex":650,"__typeValue":"محبس"},"geometry":{"type":"Point","coordinates":[31.514269403323368,30.271888190908964]}},{"type":"Feature","properties":{"Gas_Facility_Type":"محبس","Easting":"031° 30' 45.37\" E","Northing":"30° 16' 31.01\" N","Description":null,"GlobalID":"{680AAD12-1170-4CC1-AE08-976A27D319CB}","sectors":"القطاع الرابع عشر","Implementing":"غاز مصر","__networkId":"gas","__networkName":"شبكة الغاز","__layerId":"gas_assets","__layerName":"عناصر شبكة الغاز","__assetName":"عناصر الغاز","__geometryKind":"point","__featureIndex":651,"__typeValue":"محبس"},"geometry":{"type":"Point","coordinates":[31.514278049608002,30.275446884782625]}},{"type":"Feature","properties":{"Gas_Facility_Type":"محبس","Easting":"031° 30' 56.37\" E","Northing":"30° 16' 32.45\" N","Description":null,"GlobalID":"{5FA19BA2-84F7-4F01-8294-C275C9EF45B3}","sectors":"القطاع الثالث عشر","Implementing":"غاز مصر","__networkId":"gas","__networkName":"شبكة الغاز","__layerId":"gas_assets","__layerName":"عناصر شبكة الغاز","__assetName":"عناصر الغاز","__geometryKind":"point","__featureIndex":652,"__typeValue":"محبس"},"geometry":{"type":"Point","coordinates":[31.517334146950645,30.27584825498847]}},{"type":"Feature","properties":{"Gas_Facility_Type":"محبس","Easting":"031° 30' 28.77\" E","Northing":"30° 16' 14.63\" N","Description":null,"GlobalID":"{B7B91FDF-74E7-4CD3-BEBC-99DE964C3E94}","sectors":"القطاع الرابع عشر","Implementing":"غاز مصر","__networkId":"gas","__networkName":"شبكة الغاز","__layerId":"gas_assets","__layerName":"عناصر شبكة الغاز","__assetName":"عناصر الغاز","__geometryKind":"point","__featureIndex":653,"__typeValue":"محبس"},"geometry":{"type":"Point","coordinates":[31.509667951265428,30.270897327931614]}},{"type":"Feature","properties":{"Gas_Facility_Type":"محبس","Easting":"031° 30' 18.21\" E","Northing":"30° 16' 35.28\" N","Description":null,"GlobalID":"{4B89E66D-9652-4B8A-BD22-6EF713C23FFC}","sectors":"القطاع الخامس عشر","Implementing":"غاز مصر","__networkId":"gas","__networkName":"شبكة الغاز","__layerId":"gas_assets","__layerName":"عناصر شبكة الغاز","__assetName":"عناصر الغاز","__geometryKind":"point","__featureIndex":654,"__typeValue":"محبس"},"geometry":{"type":"Point","coordinates":[31.506735366884435,30.276632674941332]}},{"type":"Feature","properties":{"Gas_Facility_Type":"محبس","Easting":"031° 29' 54.43\" E","Northing":"30° 16' 30.34\" N","Description":null,"GlobalID":"{30EBDA43-7EC7-42E8-81B3-6FC6A77C2EE7}","sectors":"القطاع الخامس عشر","Implementing":"غاز مصر","__networkId":"gas","__networkName":"شبكة الغاز","__layerId":"gas_assets","__layerName":"عناصر شبكة الغاز","__assetName":"عناصر الغاز","__geometryKind":"point","__featureIndex":655,"__typeValue":"محبس"},"geometry":{"type":"Point","coordinates":[31.500130228873463,30.275260863568796]}},{"type":"Feature","properties":{"Gas_Facility_Type":"محبس","Easting":"031° 30' 42.35\" E","Northing":"30° 16' 37.0\" N","Description":null,"GlobalID":"{A7CA5AB3-B8E5-4375-A110-CC61597A4712}","sectors":"القطاع الرابع عشر","Implementing":"غاز مصر","__networkId":"gas","__networkName":"شبكة الغاز","__layerId":"gas_assets","__layerName":"عناصر شبكة الغاز","__assetName":"عناصر الغاز","__geometryKind":"point","__featureIndex":656,"__typeValue":"محبس"},"geometry":{"type":"Point","coordinates":[31.513440052601954,30.277111771398623]}},{"type":"Feature","properties":{"Gas_Facility_Type":"محبس","Easting":"031° 30' 39.32\" E","Northing":"30° 16' 26.34\" N","Description":null,"GlobalID":"{4E5B4461-6257-47F7-8927-A5165F36F6BD}","sectors":"القطاع الرابع عشر","Implementing":"غاز مصر","__networkId":"gas","__networkName":"شبكة الغاز","__layerId":"gas_assets","__layerName":"عناصر شبكة الغاز","__assetName":"عناصر الغاز","__geometryKind":"point","__featureIndex":657,"__typeValue":"محبس"},"geometry":{"type":"Point","coordinates":[31.512597246914176,30.274149557497573]}},{"type":"Feature","properties":{"Gas_Facility_Type":"محبس","Easting":"031° 30' 22.1\" E","Northing":"30° 16' 23.73\" N","Description":null,"GlobalID":"{AD0C8B9B-1B8D-4A7B-9526-16EBAA14CF56}","sectors":"القطاع الرابع عشر","Implementing":"غاز مصر","__networkId":"gas","__networkName":"شبكة الغاز","__layerId":"gas_assets","__layerName":"عناصر شبكة الغاز","__assetName":"عناصر الغاز","__geometryKind":"point","__featureIndex":658,"__typeValue":"محبس"},"geometry":{"type":"Point","coordinates":[31.507815908118896,30.273424905634297]}},{"type":"Feature","properties":{"Gas_Facility_Type":"محبس","Easting":"031° 30' 59.36\" E","Northing":"30° 16' 30.68\" N","Description":null,"GlobalID":"{85EB4D09-41D1-4FEB-AD25-AEEA99B464BA}","sectors":"القطاع الثالث عشر","Implementing":"غاز مصر","__networkId":"gas","__networkName":"شبكة الغاز","__layerId":"gas_assets","__layerName":"عناصر شبكة الغاز","__assetName":"عناصر الغاز","__geometryKind":"point","__featureIndex":659,"__typeValue":"محبس"},"geometry":{"type":"Point","coordinates":[31.51816596624248,30.27535558679014]}},{"type":"Feature","properties":{"Gas_Facility_Type":"محبس","Easting":"031° 30' 33.57\" E","Northing":"30° 16' 35.95\" N","Description":null,"GlobalID":"{F06CAA1F-F328-47B2-AD04-018BBF7283A9}","sectors":"القطاع الرابع عشر","Implementing":"غاز مصر","__networkId":"gas","__networkName":"شبكة الغاز","__layerId":"gas_assets","__layerName":"عناصر شبكة الغاز","__assetName":"عناصر الغاز","__geometryKind":"point","__featureIndex":660,"__typeValue":"محبس"},"geometry":{"type":"Point","coordinates":[31.51100031991844,30.27682066637559]}},{"type":"Feature","properties":{"Gas_Facility_Type":"محبس","Easting":"031° 30' 13.93\" E","Northing":"30° 16' 18.98\" N","Description":null,"GlobalID":"{5C57E1A3-CF1F-47A2-954C-CB8B545D97C3}","sectors":"القطاع الخامس عشر","Implementing":"غاز مصر","__networkId":"gas","__networkName":"شبكة الغاز","__layerId":"gas_assets","__layerName":"عناصر شبكة الغاز","__assetName":"عناصر الغاز","__geometryKind":"point","__featureIndex":661,"__typeValue":"محبس"},"geometry":{"type":"Point","coordinates":[31.505546703524093,30.272106635465367]}},{"type":"Feature","properties":{"Gas_Facility_Type":"محبس","Easting":"031° 30' 7.65\" E","Northing":"30° 16' 20.09\" N","Description":null,"GlobalID":"{A4D07300-1EA5-4412-B084-AC3B94301C3F}","sectors":"القطاع الخامس عشر","Implementing":"غاز مصر","__networkId":"gas","__networkName":"شبكة الغاز","__layerId":"gas_assets","__layerName":"عناصر شبكة الغاز","__assetName":"عناصر الغاز","__geometryKind":"point","__featureIndex":662,"__typeValue":"محبس"},"geometry":{"type":"Point","coordinates":[31.5038001863723,30.272414305805693]}},{"type":"Feature","properties":{"Gas_Facility_Type":"محبس","Easting":"031° 30' 23.21\" E","Northing":"30° 16' 25.23\" N","Description":null,"GlobalID":"{37994F68-ABA3-4691-A574-C7CC5485C1B9}","sectors":"القطاع الرابع عشر","Implementing":"غاز مصر","__networkId":"gas","__networkName":"شبكة الغاز","__layerId":"gas_assets","__layerName":"عناصر شبكة الغاز","__assetName":"عناصر الغاز","__geometryKind":"point","__featureIndex":663,"__typeValue":"محبس"},"geometry":{"type":"Point","coordinates":[31.508123498458705,30.273842216884226]}},{"type":"Feature","properties":{"Gas_Facility_Type":"محبس","Easting":"031° 30' 36.95\" E","Northing":"30° 16' 26.05\" N","Description":null,"GlobalID":"{30F8FE61-7CBB-4D6D-8893-74BC8ED09D35}","sectors":"القطاع الرابع عشر","Implementing":"غاز مصر","__networkId":"gas","__networkName":"شبكة الغاز","__layerId":"gas_assets","__layerName":"عناصر شبكة الغاز","__assetName":"عناصر الغاز","__geometryKind":"point","__featureIndex":664,"__typeValue":"محبس"},"geometry":{"type":"Point","coordinates":[31.51194107610813,30.274069418274806]}},{"type":"Feature","properties":{"Gas_Facility_Type":"محبس","Easting":"031° 30' 40.31\" E","Northing":"30° 16' 36.77\" N","Description":null,"GlobalID":"{A199A286-4B96-4A18-8A9C-AD4230BD3BD6}","sectors":"القطاع الرابع عشر","Implementing":"غاز مصر","__networkId":"gas","__networkName":"شبكة الغاز","__layerId":"gas_assets","__layerName":"عناصر شبكة الغاز","__assetName":"عناصر الغاز","__geometryKind":"point","__featureIndex":665,"__typeValue":"محبس"},"geometry":{"type":"Point","coordinates":[31.512874720335766,30.277048346511457]}},{"type":"Feature","properties":{"Gas_Facility_Type":"محبس","Easting":"031° 30' 38.82\" E","Northing":"30° 16' 30.32\" N","Description":null,"GlobalID":"{80DDF992-9D41-4955-A3C8-B16D436B9A33}","sectors":"القطاع الرابع عشر","Implementing":"غاز مصر","__networkId":"gas","__networkName":"شبكة الغاز","__layerId":"gas_assets","__layerName":"عناصر شبكة الغاز","__assetName":"عناصر الغاز","__geometryKind":"point","__featureIndex":666,"__typeValue":"محبس"},"geometry":{"type":"Point","coordinates":[31.51245858386521,30.27525582321535]}},{"type":"Feature","properties":{"Gas_Facility_Type":"محبس","Easting":"031° 30' 40.94\" E","Northing":"30° 16' 14.16\" N","Description":null,"GlobalID":"{B0EB2ECF-7569-48FF-9E0B-3B32E05ADEC4}","sectors":"القطاع الرابع عشر","Implementing":"غاز مصر","__networkId":"gas","__networkName":"شبكة الغاز","__layerId":"gas_assets","__layerName":"عناصر شبكة الغاز","__assetName":"عناصر الغاز","__geometryKind":"point","__featureIndex":667,"__typeValue":"محبس"},"geometry":{"type":"Point","coordinates":[31.513048181423862,30.27076766700162]}},{"type":"Feature","properties":{"Gas_Facility_Type":"محبس","Easting":"031° 29' 49.36\" E","Northing":"30° 16' 27.23\" N","Description":null,"GlobalID":"{B6CA86B6-07E8-4D51-B8D3-3B1EA186E1AE}","sectors":"القطاع الخامس عشر","Implementing":"غاز مصر","__networkId":"gas","__networkName":"شبكة الغاز","__layerId":"gas_assets","__layerName":"عناصر شبكة الغاز","__assetName":"عناصر الغاز","__geometryKind":"point","__featureIndex":668,"__typeValue":"محبس"},"geometry":{"type":"Point","coordinates":[31.498720318543462,30.274396722715547]}},{"type":"Feature","properties":{"Gas_Facility_Type":"محبس","Easting":"031° 30' 36.58\" E","Northing":"30° 16' 32.4\" N","Description":null,"GlobalID":"{17866E05-212B-4E51-9583-4A2890819E60}","sectors":"القطاع الرابع عشر","Implementing":"غاز مصر","__networkId":"gas","__networkName":"شبكة الغاز","__layerId":"gas_assets","__layerName":"عناصر شبكة الغاز","__assetName":"عناصر الغاز","__geometryKind":"point","__featureIndex":669,"__typeValue":"محبس"},"geometry":{"type":"Point","coordinates":[31.511838365433498,30.27583260027246]}},{"type":"Feature","properties":{"Gas_Facility_Type":"محبس","Easting":"031° 30' 31.97\" E","Northing":"30° 16' 36.66\" N","Description":null,"GlobalID":"{420BEABA-ED20-4FF5-88A0-12BAE5EF2320}","sectors":"القطاع الرابع عشر","Implementing":"غاز مصر","__networkId":"gas","__networkName":"شبكة الغاز","__layerId":"gas_assets","__layerName":"عناصر شبكة الغاز","__assetName":"عناصر الغاز","__geometryKind":"point","__featureIndex":670,"__typeValue":"محبس"},"geometry":{"type":"Point","coordinates":[31.51055601497554,30.277016926522773]}},{"type":"Feature","properties":{"Gas_Facility_Type":"محبس","Easting":"031° 30' 41.61\" E","Northing":"30° 16' 10.22\" N","Description":null,"GlobalID":"{033AB66A-367E-476B-BEEF-41F5E9A699AB}","sectors":"القطاع السابع عشر","Implementing":"غاز مصر","__networkId":"gas","__networkName":"شبكة الغاز","__layerId":"gas_assets","__layerName":"عناصر شبكة الغاز","__assetName":"عناصر الغاز","__geometryKind":"point","__featureIndex":671,"__typeValue":"محبس"},"geometry":{"type":"Point","coordinates":[31.513235328345306,30.269672134117524]}},{"type":"Feature","properties":{"Gas_Facility_Type":"محبس","Easting":"031° 31' 2.56\" E","Northing":"30° 16' 21.69\" N","Description":null,"GlobalID":"{72701214-2C8E-4FD7-8473-2C3A103851CE}","sectors":"القطاع الثالث عشر","Implementing":"غاز مصر","__networkId":"gas","__networkName":"شبكة الغاز","__layerId":"gas_assets","__layerName":"عناصر شبكة الغاز","__assetName":"عناصر الغاز","__geometryKind":"point","__featureIndex":672,"__typeValue":"محبس"},"geometry":{"type":"Point","coordinates":[31.51905503426908,30.272859163600742]}},{"type":"Feature","properties":{"Gas_Facility_Type":"محبس","Easting":"031° 30' 41.7\" E","Northing":"30° 16' 33.02\" N","Description":null,"GlobalID":"{E5D21B4A-7446-4283-B078-90711EFCBF1A}","sectors":"القطاع الرابع عشر","Implementing":"غاز مصر","__networkId":"gas","__networkName":"شبكة الغاز","__layerId":"gas_assets","__layerName":"عناصر شبكة الغاز","__assetName":"عناصر الغاز","__geometryKind":"point","__featureIndex":673,"__typeValue":"محبس"},"geometry":{"type":"Point","coordinates":[31.513258584829696,30.27600588579169]}},{"type":"Feature","properties":{"Gas_Facility_Type":"محبس","Easting":"031° 30' 58.03\" E","Northing":"30° 16' 26.53\" N","Description":null,"GlobalID":"{F3A1F3DF-2E75-4F15-818D-4651FEC6D4F5}","sectors":"القطاع الثالث عشر","Implementing":"غاز مصر","__networkId":"gas","__networkName":"شبكة الغاز","__layerId":"gas_assets","__layerName":"عناصر شبكة الغاز","__assetName":"عناصر الغاز","__geometryKind":"point","__featureIndex":674,"__typeValue":"محبس"},"geometry":{"type":"Point","coordinates":[31.517795027607157,30.27420194842672]}},{"type":"Feature","properties":{"Gas_Facility_Type":"محبس","Easting":"031° 31' 0.62\" E","Northing":"30° 16' 30.26\" N","Description":null,"GlobalID":"{CCA77CFD-5091-420D-AF84-66FEB8F36D27}","sectors":"القطاع الثالث عشر","Implementing":"غاز مصر","__networkId":"gas","__networkName":"شبكة الغاز","__layerId":"gas_assets","__layerName":"عناصر شبكة الغاز","__assetName":"عناصر الغاز","__geometryKind":"point","__featureIndex":675,"__typeValue":"محبس"},"geometry":{"type":"Point","coordinates":[31.518515128817004,30.275239455447164]}},{"type":"Feature","properties":{"Gas_Facility_Type":"محبس","Easting":"031° 30' 10.85\" E","Northing":"30° 16' 18.02\" N","Description":null,"GlobalID":"{D8ACEF33-2589-43F8-BAE6-36FCEB0EB446}","sectors":"القطاع الخامس عشر","Implementing":"غاز مصر","__networkId":"gas","__networkName":"شبكة الغاز","__layerId":"gas_assets","__layerName":"عناصر شبكة الغاز","__assetName":"عناصر الغاز","__geometryKind":"point","__featureIndex":676,"__typeValue":"محبس"},"geometry":{"type":"Point","coordinates":[31.504691266625098,30.271840085948757]}},{"type":"Feature","properties":{"Gas_Facility_Type":"محبس","Easting":"031° 30' 37.02\" E","Northing":"30° 16' 18.06\" N","Description":null,"GlobalID":"{D3DFCB0C-4A2E-432B-ADDE-6C4DF5EB6688}","sectors":"القطاع الرابع عشر","Implementing":"غاز مصر","__networkId":"gas","__networkName":"شبكة الغاز","__layerId":"gas_assets","__layerName":"عناصر شبكة الغاز","__assetName":"عناصر الغاز","__geometryKind":"point","__featureIndex":677,"__typeValue":"محبس"},"geometry":{"type":"Point","coordinates":[31.511959176262813,30.2718511980764]}},{"type":"Feature","properties":{"Gas_Facility_Type":"محبس","Easting":"031° 29' 54.67\" E","Northing":"30° 16' 29.21\" N","Description":null,"GlobalID":"{F1438352-6B15-4622-9379-D4680A9AEF9F}","sectors":"القطاع الخامس عشر","Implementing":"غاز مصر","__networkId":"gas","__networkName":"شبكة الغاز","__layerId":"gas_assets","__layerName":"عناصر شبكة الغاز","__assetName":"عناصر الغاز","__geometryKind":"point","__featureIndex":678,"__typeValue":"محبس"},"geometry":{"type":"Point","coordinates":[31.50019592177191,30.27494858614423]}},{"type":"Feature","properties":{"Gas_Facility_Type":"محبس","Easting":"031° 30' 36.75\" E","Northing":"30° 16' 13.36\" N","Description":null,"GlobalID":"{EDBA4C7A-4455-41FE-9AB4-A947179F6A89}","sectors":"القطاع الرابع عشر","Implementing":"غاز مصر","__networkId":"gas","__networkName":"شبكة الغاز","__layerId":"gas_assets","__layerName":"عناصر شبكة الغاز","__assetName":"عناصر الغاز","__geometryKind":"point","__featureIndex":679,"__typeValue":"محبس"},"geometry":{"type":"Point","coordinates":[31.511884509194704,30.270545041597824]}},{"type":"Feature","properties":{"Gas_Facility_Type":"محبس","Easting":"031° 31' 0.34\" E","Northing":"30° 16' 32.35\" N","Description":null,"GlobalID":"{A1DD12A4-FC28-4499-88FC-8C350A9FD35D}","sectors":"القطاع الثالث عشر","Implementing":"غاز مصر","__networkId":"gas","__networkName":"شبكة الغاز","__layerId":"gas_assets","__layerName":"عناصر شبكة الغاز","__assetName":"عناصر الغاز","__geometryKind":"point","__featureIndex":680,"__typeValue":"محبس"},"geometry":{"type":"Point","coordinates":[31.518438729797055,30.275818819093153]}},{"type":"Feature","properties":{"Gas_Facility_Type":"محبس","Easting":"031° 30' 42.63\" E","Northing":"30° 16' 35.13\" N","Description":null,"GlobalID":"{45194DFD-5BE5-452B-AF96-B7CA96AE5907}","sectors":"القطاع الرابع عشر","Implementing":"غاز مصر","__networkId":"gas","__networkName":"شبكة الغاز","__layerId":"gas_assets","__layerName":"عناصر شبكة الغاز","__assetName":"عناصر الغاز","__geometryKind":"point","__featureIndex":681,"__typeValue":"محبس"},"geometry":{"type":"Point","coordinates":[31.513517204410103,30.276592740562933]}},{"type":"Feature","properties":{"Gas_Facility_Type":"محبس","Easting":"031° 30' 41.76\" E","Northing":"30° 16' 10.3\" N","Description":null,"GlobalID":"{B7103FFD-E528-435A-9A2A-BA651DC16C7C}","sectors":"القطاع الرابع عشر","Implementing":"غاز مصر","__networkId":"gas","__networkName":"شبكة الغاز","__layerId":"gas_assets","__layerName":"عناصر شبكة الغاز","__assetName":"عناصر الغاز","__geometryKind":"point","__featureIndex":682,"__typeValue":"محبس"},"geometry":{"type":"Point","coordinates":[31.513276248403155,30.269694528771566]}},{"type":"Feature","properties":{"Gas_Facility_Type":"محبس","Easting":"031° 30' 42.15\" E","Northing":"30° 16' 30.61\" N","Description":null,"GlobalID":"{16B231E2-B5F4-41DB-ACBF-708B66A25B46}","sectors":"القطاع الرابع عشر","Implementing":"غاز مصر","__networkId":"gas","__networkName":"شبكة الغاز","__layerId":"gas_assets","__layerName":"عناصر شبكة الغاز","__assetName":"عناصر الغاز","__geometryKind":"point","__featureIndex":683,"__typeValue":"محبس"},"geometry":{"type":"Point","coordinates":[31.51338594258079,30.27533723687875]}},{"type":"Feature","properties":{"Gas_Facility_Type":"محبس","Easting":"031° 30' 46.38\" E","Northing":"30° 16' 29.69\" N","Description":null,"GlobalID":"{35A9E9EA-96DC-4E99-9320-CF74073C22F5}","sectors":"القطاع الرابع عشر","Implementing":"غاز مصر","__networkId":"gas","__networkName":"شبكة الغاز","__layerId":"gas_assets","__layerName":"عناصر شبكة الغاز","__assetName":"عناصر الغاز","__geometryKind":"point","__featureIndex":684,"__typeValue":"محبس"},"geometry":{"type":"Point","coordinates":[31.514558367095766,30.27508065816368]}},{"type":"Feature","properties":{"Gas_Facility_Type":"محبس","Easting":"031° 30' 37.48\" E","Northing":"30° 16' 23.64\" N","Description":null,"GlobalID":"{0F157DBF-3DFE-4FBC-B07C-CA90211FDD3F}","sectors":"القطاع الرابع عشر","Implementing":"غاز مصر","__networkId":"gas","__networkName":"شبكة الغاز","__layerId":"gas_assets","__layerName":"عناصر شبكة الغاز","__assetName":"عناصر الغاز","__geometryKind":"point","__featureIndex":685,"__typeValue":"محبس"},"geometry":{"type":"Point","coordinates":[31.51208755450004,30.27340061885069]}},{"type":"Feature","properties":{"Gas_Facility_Type":"محبس","Easting":"031° 30' 34.2\" E","Northing":"30° 16' 14.09\" N","Description":null,"GlobalID":"{5C47AE62-B227-409A-B0EF-42B564A94412}","sectors":"القطاع الرابع عشر","Implementing":"غاز مصر","__networkId":"gas","__networkName":"شبكة الغاز","__layerId":"gas_assets","__layerName":"عناصر شبكة الغاز","__assetName":"عناصر الغاز","__geometryKind":"point","__featureIndex":686,"__typeValue":"محبس"},"geometry":{"type":"Point","coordinates":[31.51117662147946,30.270746259451673]}},{"type":"Feature","properties":{"Gas_Facility_Type":"محبس","Easting":"031° 30' 43.14\" E","Northing":"30° 16' 17.37\" N","Description":null,"GlobalID":"{82AB0F14-4AC5-444D-9F5B-F65C9C4A0696}","sectors":"القطاع الرابع عشر","Implementing":"غاز مصر","__networkId":"gas","__networkName":"شبكة الغاز","__layerId":"gas_assets","__layerName":"عناصر شبكة الغاز","__assetName":"عناصر الغاز","__geometryKind":"point","__featureIndex":687,"__typeValue":"محبس"},"geometry":{"type":"Point","coordinates":[31.51366066985255,30.271657755483737]}},{"type":"Feature","properties":{"Gas_Facility_Type":"محبس","Easting":"031° 29' 51.61\" E","Northing":"30° 16' 31.26\" N","Description":null,"GlobalID":"{F8282859-586D-421E-A48F-CA9068B64C78}","sectors":"القطاع الخامس عشر","Implementing":"غاز مصر","__networkId":"gas","__networkName":"شبكة الغاز","__layerId":"gas_assets","__layerName":"عناصر شبكة الغاز","__assetName":"عناصر الغاز","__geometryKind":"point","__featureIndex":688,"__typeValue":"محبس"},"geometry":{"type":"Point","coordinates":[31.499344299119617,30.275515853760357]}},{"type":"Feature","properties":{"Gas_Facility_Type":"محبس","Easting":"031° 30' 46.65\" E","Northing":"30° 16' 21.08\" N","Description":null,"GlobalID":"{9824EA85-B6E6-4F55-9F39-5C873A8A70D4}","sectors":"القطاع الرابع عشر","Implementing":"غاز مصر","__networkId":"gas","__networkName":"شبكة الغاز","__layerId":"gas_assets","__layerName":"عناصر شبكة الغاز","__assetName":"عناصر الغاز","__geometryKind":"point","__featureIndex":689,"__typeValue":"محبس"},"geometry":{"type":"Point","coordinates":[31.514634626876866,30.272688805891388]}},{"type":"Feature","properties":{"Gas_Facility_Type":"محبس","Easting":"031° 30' 58.95\" E","Northing":"30° 16' 24.55\" N","Description":null,"GlobalID":"{E525EE6B-2295-4FD4-8B48-34369285E10D}","sectors":"القطاع الثالث عشر","Implementing":"غاز مصر","__networkId":"gas","__networkName":"شبكة الغاز","__layerId":"gas_assets","__layerName":"عناصر شبكة الغاز","__assetName":"عناصر الغاز","__geometryKind":"point","__featureIndex":690,"__typeValue":"محبس"},"geometry":{"type":"Point","coordinates":[31.51805238505461,30.273651969896694]}},{"type":"Feature","properties":{"Gas_Facility_Type":"محبس","Easting":"031° 30' 42.04\" E","Northing":"30° 16' 13.96\" N","Description":null,"GlobalID":"{8C7586DD-F2CE-4864-87D1-F921228A512A}","sectors":"القطاع الرابع عشر","Implementing":"غاز مصر","__networkId":"gas","__networkName":"شبكة الغاز","__layerId":"gas_assets","__layerName":"عناصر شبكة الغاز","__assetName":"عناصر الغاز","__geometryKind":"point","__featureIndex":691,"__typeValue":"محبس"},"geometry":{"type":"Point","coordinates":[31.51335303639361,30.270711301974604]}},{"type":"Feature","properties":{"Gas_Facility_Type":"محبس","Easting":"031° 30' 34.14\" E","Northing":"30° 16' 32.11\" N","Description":null,"GlobalID":"{CD759BB0-602D-45D7-BD39-F63641AEFFC2}","sectors":"القطاع الرابع عشر","Implementing":"غاز مصر","__networkId":"gas","__networkName":"شبكة الغاز","__layerId":"gas_assets","__layerName":"عناصر شبكة الغاز","__assetName":"عناصر الغاز","__geometryKind":"point","__featureIndex":692,"__typeValue":"محبس"},"geometry":{"type":"Point","coordinates":[31.51115998468038,30.27575382704409]}},{"type":"Feature","properties":{"Gas_Facility_Type":"محبس","Easting":"031° 30' 21.39\" E","Northing":"30° 16' 30.95\" N","Description":null,"GlobalID":"{D07144C6-E39F-453A-BE6E-0144F91E7346}","sectors":"القطاع الرابع عشر","Implementing":"غاز مصر","__networkId":"gas","__networkName":"شبكة الغاز","__layerId":"gas_assets","__layerName":"عناصر شبكة الغاز","__assetName":"عناصر الغاز","__geometryKind":"point","__featureIndex":693,"__typeValue":"محبس"},"geometry":{"type":"Point","coordinates":[31.507618982137252,30.275430875463975]}},{"type":"Feature","properties":{"Gas_Facility_Type":"محبس","Easting":"031° 30' 58.43\" E","Northing":"30° 16' 28.86\" N","Description":null,"GlobalID":"{CCA25CBC-EF4D-4562-839B-8013C93449AD}","sectors":"القطاع الثالث عشر","Implementing":"غاز مصر","__networkId":"gas","__networkName":"شبكة الغاز","__layerId":"gas_assets","__layerName":"عناصر شبكة الغاز","__assetName":"عناصر الغاز","__geometryKind":"point","__featureIndex":694,"__typeValue":"محبس"},"geometry":{"type":"Point","coordinates":[31.517905939900356,30.274850242646075]}},{"type":"Feature","properties":{"Gas_Facility_Type":"محبس","Easting":"031° 30' 44.91\" E","Northing":"30° 16' 27.31\" N","Description":null,"GlobalID":"{6D46491C-CB4A-4C28-994F-8AFA08D8FF2D}","sectors":"القطاع الرابع عشر","Implementing":"غاز مصر","__networkId":"gas","__networkName":"شبكة الغاز","__layerId":"gas_assets","__layerName":"عناصر شبكة الغاز","__assetName":"عناصر الغاز","__geometryKind":"point","__featureIndex":695,"__typeValue":"محبس"},"geometry":{"type":"Point","coordinates":[31.51415035409036,30.274418594175845]}},{"type":"Feature","properties":{"Gas_Facility_Type":"محبس","Easting":"031° 30' 17.88\" E","Northing":"30° 16' 26.05\" N","Description":null,"GlobalID":"{8904053B-8968-4ED8-B3C1-CA3DF8401402}","sectors":"القطاع الخامس عشر","Implementing":"غاز مصر","__networkId":"gas","__networkName":"شبكة الغاز","__layerId":"gas_assets","__layerName":"عناصر شبكة الغاز","__assetName":"عناصر الغاز","__geometryKind":"point","__featureIndex":696,"__typeValue":"محبس"},"geometry":{"type":"Point","coordinates":[31.506643096430036,30.27406874487478]}},{"type":"Feature","properties":{"Gas_Facility_Type":"محبس","Easting":"031° 30' 37.91\" E","Northing":"30° 16' 36.47\" N","Description":null,"GlobalID":"{A9DB738A-C432-44F0-B6D9-57DBDAE79FA5}","sectors":"القطاع الرابع عشر","Implementing":"غاز مصر","__networkId":"gas","__networkName":"شبكة الغاز","__layerId":"gas_assets","__layerName":"عناصر شبكة الغاز","__assetName":"عناصر الغاز","__geometryKind":"point","__featureIndex":697,"__typeValue":"محبس"},"geometry":{"type":"Point","coordinates":[31.5122062471019,30.276963591416084]}},{"type":"Feature","properties":{"Gas_Facility_Type":"محبس","Easting":"031° 31' 4.1\" E","Northing":"30° 16' 22.24\" N","Description":null,"GlobalID":"{73440BC3-2CD2-4CD7-8300-4FFFA02C9BA7}","sectors":"القطاع الثالث عشر","Implementing":"غاز مصر","__networkId":"gas","__networkName":"شبكة الغاز","__layerId":"gas_assets","__layerName":"عناصر شبكة الغاز","__assetName":"عناصر الغاز","__geometryKind":"point","__featureIndex":698,"__typeValue":"محبس"},"geometry":{"type":"Point","coordinates":[31.519482285594624,30.273011188511905]}},{"type":"Feature","properties":{"Gas_Facility_Type":"محبس","Easting":"031° 29' 58.75\" E","Northing":"30° 16' 29.48\" N","Description":null,"GlobalID":"{A1B4DE21-09FD-4489-84B9-F0CC2DA73D71}","sectors":"القطاع الخامس عشر","Implementing":"غاز مصر","__networkId":"gas","__networkName":"شبكة الغاز","__layerId":"gas_assets","__layerName":"عناصر شبكة الغاز","__assetName":"عناصر الغاز","__geometryKind":"point","__featureIndex":699,"__typeValue":"محبس"},"geometry":{"type":"Point","coordinates":[31.501328034388504,30.275021373178756]}},{"type":"Feature","properties":{"Gas_Facility_Type":"محبس","Easting":"031° 30' 44.15\" E","Northing":"30° 16' 33.2\" N","Description":null,"GlobalID":"{CA7B1CDB-DAC1-4002-8EC0-F42F9DD8E078}","sectors":"القطاع الرابع عشر","Implementing":"غاز مصر","__networkId":"gas","__networkName":"شبكة الغاز","__layerId":"gas_assets","__layerName":"عناصر شبكة الغاز","__assetName":"عناصر الغاز","__geometryKind":"point","__featureIndex":700,"__typeValue":"محبس"},"geometry":{"type":"Point","coordinates":[31.51394066574345,30.27605494603603]}},{"type":"Feature","properties":{"Gas_Facility_Type":"محبس","Easting":"031° 30' 24.56\" E","Northing":"30° 16' 33.26\" N","Description":null,"GlobalID":"{6DFF47C7-0FE6-423A-9163-C5A821DDA09F}","sectors":"القطاع الرابع عشر","Implementing":"غاز مصر","__networkId":"gas","__networkName":"شبكة الغاز","__layerId":"gas_assets","__layerName":"عناصر شبكة الغاز","__assetName":"عناصر الغاز","__geometryKind":"point","__featureIndex":701,"__typeValue":"محبس"},"geometry":{"type":"Point","coordinates":[31.508498823567564,30.27607186603114]}},{"type":"Feature","properties":{"Gas_Facility_Type":"محبس","Easting":"031° 30' 21.53\" E","Northing":"30° 16' 28.06\" N","Description":null,"GlobalID":"{FB51C86B-EF52-4B10-A127-01F0AD18D50A}","sectors":"القطاع الرابع عشر","Implementing":"غاز مصر","__networkId":"gas","__networkName":"شبكة الغاز","__layerId":"gas_assets","__layerName":"عناصر شبكة الغاز","__assetName":"عناصر الغاز","__geometryKind":"point","__featureIndex":702,"__typeValue":"محبس"},"geometry":{"type":"Point","coordinates":[31.507656185864743,30.2746284418695]}},{"type":"Feature","properties":{"Gas_Facility_Type":"محبس","Easting":"031° 30' 40.08\" E","Northing":"30° 16' 21.8\" N","Description":null,"GlobalID":"{51338DAE-5B75-4168-AD6A-9D16905D68D7}","sectors":"القطاع الرابع عشر","Implementing":"غاز مصر","__networkId":"gas","__networkName":"شبكة الغاز","__layerId":"gas_assets","__layerName":"عناصر شبكة الغاز","__assetName":"عناصر الغاز","__geometryKind":"point","__featureIndex":703,"__typeValue":"محبس"},"geometry":{"type":"Point","coordinates":[31.51281003983865,30.272888941742625]}},{"type":"Feature","properties":{"Gas_Facility_Type":"محبس","Easting":"031° 30' 33.86\" E","Northing":"30° 16' 33.86\" N","Description":null,"GlobalID":"{75F68D3F-0CAB-46F8-B0D7-56DB35EB57C7}","sectors":"القطاع الرابع عشر","Implementing":"غاز مصر","__networkId":"gas","__networkName":"شبكة الغاز","__layerId":"gas_assets","__layerName":"عناصر شبكة الغاز","__assetName":"عناصر الغاز","__geometryKind":"point","__featureIndex":704,"__typeValue":"محبس"},"geometry":{"type":"Point","coordinates":[31.51108243581685,30.276239365291485]}},{"type":"Feature","properties":{"Gas_Facility_Type":"محبس","Easting":"031° 30' 48.1\" E","Northing":"30° 16' 16.87\" N","Description":null,"GlobalID":"{F819FEBA-4E61-40E9-A371-43AF7BDBC469}","sectors":"القطاع الرابع عشر","Implementing":"غاز مصر","__networkId":"gas","__networkName":"شبكة الغاز","__layerId":"gas_assets","__layerName":"عناصر شبكة الغاز","__assetName":"عناصر الغاز","__geometryKind":"point","__featureIndex":705,"__typeValue":"محبس"},"geometry":{"type":"Point","coordinates":[31.515037769216804,30.27151875460617]}},{"type":"Feature","properties":{"Gas_Facility_Type":"محبس","Easting":"031° 30' 46.24\" E","Northing":"30° 16' 16.26\" N","Description":null,"GlobalID":"{6E2FEDC5-E9D3-460F-9F35-D9D9C7EE323C}","sectors":"القطاع الرابع عشر","Implementing":"غاز مصر","__networkId":"gas","__networkName":"شبكة الغاز","__layerId":"gas_assets","__layerName":"عناصر شبكة الغاز","__assetName":"عناصر الغاز","__geometryKind":"point","__featureIndex":706,"__typeValue":"محبس"},"geometry":{"type":"Point","coordinates":[31.514520222832182,30.271351089796763]}},{"type":"Feature","properties":{"Gas_Facility_Type":"محبس","Easting":"031° 31' 1.75\" E","Northing":"30° 16' 23.64\" N","Description":null,"GlobalID":"{7D4CEA6A-5FD8-46B1-892B-36DC58E8A976}","sectors":"القطاع الثالث عشر","Implementing":"غاز مصر","__networkId":"gas","__networkName":"شبكة الغاز","__layerId":"gas_assets","__layerName":"عناصر شبكة الغاز","__assetName":"عناصر الغاز","__geometryKind":"point","__featureIndex":707,"__typeValue":"محبس"},"geometry":{"type":"Point","coordinates":[31.518828725292806,30.273399120758217]}},{"type":"Feature","properties":{"Gas_Facility_Type":"محبس","Easting":"031° 30' 31.09\" E","Northing":"30° 16' 14.05\" N","Description":null,"GlobalID":"{B8FE372A-06E3-45FD-B1D7-E80745304512}","sectors":"القطاع الرابع عشر","Implementing":"غاز مصر","__networkId":"gas","__networkName":"شبكة الغاز","__layerId":"gas_assets","__layerName":"عناصر شبكة الغاز","__assetName":"عناصر الغاز","__geometryKind":"point","__featureIndex":708,"__typeValue":"محبس"},"geometry":{"type":"Point","coordinates":[31.510311536674337,30.270736709726187]}},{"type":"Feature","properties":{"Gas_Facility_Type":"محبس","Easting":"031° 30' 39.06\" E","Northing":"30° 16' 12.78\" N","Description":null,"GlobalID":"{C3FA4F74-23DF-4D33-9380-41E75487212A}","sectors":"القطاع الرابع عشر","Implementing":"غاز مصر","__networkId":"gas","__networkName":"شبكة الغاز","__layerId":"gas_assets","__layerName":"عناصر شبكة الغاز","__assetName":"عناصر الغاز","__geometryKind":"point","__featureIndex":709,"__typeValue":"محبس"},"geometry":{"type":"Point","coordinates":[31.512527364273275,30.270382544518075]}},{"type":"Feature","properties":{"Gas_Facility_Type":"محبس","Easting":"031° 30' 21.52\" E","Northing":"30° 16' 26.38\" N","Description":null,"GlobalID":"{4EF28453-AE51-4C13-B92A-A80D3A479529}","sectors":"القطاع الرابع عشر","Implementing":"غاز مصر","__networkId":"gas","__networkName":"شبكة الغاز","__layerId":"gas_assets","__layerName":"عناصر شبكة الغاز","__assetName":"عناصر الغاز","__geometryKind":"point","__featureIndex":710,"__typeValue":"محبس"},"geometry":{"type":"Point","coordinates":[31.507653115423093,30.27415995329504]}},{"type":"Feature","properties":{"Gas_Facility_Type":"محبس","Easting":"031° 30' 17.76\" E","Northing":"30° 16' 29.09\" N","Description":null,"GlobalID":"{66AC9367-2913-4CB7-8672-549C2EB93E52}","sectors":"القطاع الخامس عشر","Implementing":"غاز مصر","__networkId":"gas","__networkName":"شبكة الغاز","__layerId":"gas_assets","__layerName":"عناصر شبكة الغاز","__assetName":"عناصر الغاز","__geometryKind":"point","__featureIndex":711,"__typeValue":"محبس"},"geometry":{"type":"Point","coordinates":[31.506608594834915,30.274913721708103]}},{"type":"Feature","properties":{"Gas_Facility_Type":"محبس","Easting":"031° 31' 3.28\" E","Northing":"30° 16' 24.17\" N","Description":null,"GlobalID":"{AC88DE01-32ED-47D4-A5FC-25389A7C2737}","sectors":"القطاع الثالث عشر","Implementing":"غاز مصر","__networkId":"gas","__networkName":"شبكة الغاز","__layerId":"gas_assets","__layerName":"عناصر شبكة الغاز","__assetName":"عناصر الغاز","__geometryKind":"point","__featureIndex":712,"__typeValue":"محبس"},"geometry":{"type":"Point","coordinates":[31.51925311548416,30.273546057843113]}},{"type":"Feature","properties":{"Gas_Facility_Type":"محبس","Easting":"031° 30' 36.66\" E","Northing":"30° 16' 28.38\" N","Description":null,"GlobalID":"{AF2663CB-1B45-4482-8CC9-AABFCD34B5C0}","sectors":"القطاع الرابع عشر","Implementing":"غاز مصر","__networkId":"gas","__networkName":"شبكة الغاز","__layerId":"gas_assets","__layerName":"عناصر شبكة الغاز","__assetName":"عناصر الغاز","__geometryKind":"point","__featureIndex":713,"__typeValue":"محبس"},"geometry":{"type":"Point","coordinates":[31.51186082511223,30.274717571397915]}},{"type":"Feature","properties":{"Gas_Facility_Type":"محبس","Easting":"031° 30' 15.83\" E","Northing":"30° 16' 30.14\" N","Description":null,"GlobalID":"{C69E9919-FD5B-48A0-B162-087675691BCF}","sectors":"القطاع الخامس عشر","Implementing":"غاز مصر","__networkId":"gas","__networkName":"شبكة الغاز","__layerId":"gas_assets","__layerName":"عناصر شبكة الغاز","__assetName":"عناصر الغاز","__geometryKind":"point","__featureIndex":714,"__typeValue":"محبس"},"geometry":{"type":"Point","coordinates":[31.506074472736646,30.27520619934253]}},{"type":"Feature","properties":{"Gas_Facility_Type":"محبس","Easting":"031° 30' 16.07\" E","Northing":"30° 16' 22.13\" N","Description":null,"GlobalID":"{969DCDA3-521C-41E6-8C7F-1A3C1A120583}","sectors":"القطاع الخامس عشر","Implementing":"غاز مصر","__networkId":"gas","__networkName":"شبكة الغاز","__layerId":"gas_assets","__layerName":"عناصر شبكة الغاز","__assetName":"عناصر الغاز","__geometryKind":"point","__featureIndex":715,"__typeValue":"محبس"},"geometry":{"type":"Point","coordinates":[31.506141284935907,30.27298048330807]}},{"type":"Feature","properties":{"Gas_Facility_Type":"محبس","Easting":"031° 30' 39.24\" E","Northing":"30° 16' 32.8\" N","Description":null,"GlobalID":"{A4770C74-82AC-4B8B-98C0-A4DFD83716EC}","sectors":"القطاع الرابع عشر","Implementing":"غاز مصر","__networkId":"gas","__networkName":"شبكة الغاز","__layerId":"gas_assets","__layerName":"عناصر شبكة الغاز","__assetName":"عناصر الغاز","__geometryKind":"point","__featureIndex":716,"__typeValue":"محبس"},"geometry":{"type":"Point","coordinates":[31.51257754596167,30.275944940395746]}},{"type":"Feature","properties":{"Gas_Facility_Type":"محبس","Easting":"031° 30' 43.36\" E","Northing":"30° 16' 20.83\" N","Description":null,"GlobalID":"{8854C6FD-735E-4BCC-BD22-0C450B7E4989}","sectors":"القطاع الرابع عشر","Implementing":"غاز مصر","__networkId":"gas","__networkName":"شبكة الغاز","__layerId":"gas_assets","__layerName":"عناصر شبكة الغاز","__assetName":"عناصر الغاز","__geometryKind":"point","__featureIndex":717,"__typeValue":"محبس"},"geometry":{"type":"Point","coordinates":[31.51372193495493,30.27261925383949]}},{"type":"Feature","properties":{"Gas_Facility_Type":"محبس","Easting":"031° 30' 18.39\" E","Northing":"30° 16' 35.29\" N","Description":null,"GlobalID":"{792DF493-DEE9-4AC8-9C31-02A797969342}","sectors":"القطاع الرابع عشر","Implementing":"غاز مصر","__networkId":"gas","__networkName":"شبكة الغاز","__layerId":"gas_assets","__layerName":"عناصر شبكة الغاز","__assetName":"عناصر الغاز","__geometryKind":"point","__featureIndex":718,"__typeValue":"محبس"},"geometry":{"type":"Point","coordinates":[31.506785252128818,30.276637094595216]}},{"type":"Feature","properties":{"Gas_Facility_Type":"محبس","Easting":"031° 30' 24.87\" E","Northing":"30° 16' 27.39\" N","Description":null,"GlobalID":"{B91DFEAD-5330-4707-91BC-7E57CC6D46CF}","sectors":"القطاع الرابع عشر","Implementing":"غاز مصر","__networkId":"gas","__networkName":"شبكة الغاز","__layerId":"gas_assets","__layerName":"عناصر شبكة الغاز","__assetName":"عناصر الغاز","__geometryKind":"point","__featureIndex":719,"__typeValue":"محبس"},"geometry":{"type":"Point","coordinates":[31.508584812103187,30.274441687521744]}},{"type":"Feature","properties":{"Gas_Facility_Type":"محبس","Easting":"031° 29' 53.76\" E","Northing":"30° 16' 23.86\" N","Description":null,"GlobalID":"{F44C313A-1582-481F-8CC0-E39CD593F82D}","sectors":"القطاع الخامس عشر","Implementing":"غاز مصر","__networkId":"gas","__networkName":"شبكة الغاز","__layerId":"gas_assets","__layerName":"عناصر شبكة الغاز","__assetName":"عناصر الغاز","__geometryKind":"point","__featureIndex":720,"__typeValue":"محبس"},"geometry":{"type":"Point","coordinates":[31.499941912345534,30.273461021982826]}},{"type":"Feature","properties":{"Gas_Facility_Type":"محبس","Easting":"031° 30' 59.53\" E","Northing":"30° 16' 22.81\" N","Description":null,"GlobalID":"{3D86B057-B7CC-498D-87CD-AEAC51AD8B4A}","sectors":"القطاع الثالث عشر","Implementing":"غاز مصر","__networkId":"gas","__networkName":"شبكة الغاز","__layerId":"gas_assets","__layerName":"عناصر شبكة الغاز","__assetName":"عناصر الغاز","__geometryKind":"point","__featureIndex":721,"__typeValue":"محبس"},"geometry":{"type":"Point","coordinates":[31.518211190128863,30.273170336708024]}},{"type":"Feature","properties":{"Gas_Facility_Type":"محبس","Easting":"031° 30' 49.49\" E","Northing":"30° 16' 19.54\" N","Description":null,"GlobalID":"{4C6C64DF-501C-43D2-BEED-14CE5B0875A2}","sectors":"القطاع الرابع عشر","Implementing":"غاز مصر","__networkId":"gas","__networkName":"شبكة الغاز","__layerId":"gas_assets","__layerName":"عناصر شبكة الغاز","__assetName":"عناصر الغاز","__geometryKind":"point","__featureIndex":722,"__typeValue":"محبس"},"geometry":{"type":"Point","coordinates":[31.515424011551314,30.272260696519897]}},{"type":"Feature","properties":{"Gas_Facility_Type":"محبس","Easting":"031° 31' 1.19\" E","Northing":"30° 16' 25.31\" N","Description":null,"GlobalID":"{EB72CD9D-AD86-49E0-B683-FDF0992E9898}","sectors":"القطاع الثالث عشر","Implementing":"غاز مصر","__networkId":"gas","__networkName":"شبكة الغاز","__layerId":"gas_assets","__layerName":"عناصر شبكة الغاز","__assetName":"عناصر الغاز","__geometryKind":"point","__featureIndex":723,"__typeValue":"محبس"},"geometry":{"type":"Point","coordinates":[31.518673482038682,30.273863587296084]}},{"type":"Feature","properties":{"Gas_Facility_Type":"محبس","Easting":"031° 30' 39.66\" E","Northing":"30° 16' 23.88\" N","Description":null,"GlobalID":"{EF794126-BAE1-475F-8152-15A40A69C043}","sectors":"القطاع الرابع عشر","Implementing":"غاز مصر","__networkId":"gas","__networkName":"شبكة الغاز","__layerId":"gas_assets","__layerName":"عناصر شبكة الغاز","__assetName":"عناصر الغاز","__geometryKind":"point","__featureIndex":724,"__typeValue":"محبس"},"geometry":{"type":"Point","coordinates":[31.512691950904678,30.273466499986043]}},{"type":"Feature","properties":{"Gas_Facility_Type":"محبس","Easting":"031° 30' 44.77\" E","Northing":"30° 16' 37.32\" N","Description":null,"GlobalID":"{FA242BBE-0202-4649-9B17-0320D8B65118}","sectors":"القطاع الرابع عشر","Implementing":"غاز مصر","__networkId":"gas","__networkName":"شبكة الغاز","__layerId":"gas_assets","__layerName":"عناصر شبكة الغاز","__assetName":"عناصر الغاز","__geometryKind":"point","__featureIndex":725,"__typeValue":"محبس"},"geometry":{"type":"Point","coordinates":[31.514113238397755,30.27720028735586]}},{"type":"Feature","properties":{"Gas_Facility_Type":"محبس","Easting":"031° 30' 41.66\" E","Northing":"30° 16' 16.28\" N","Description":null,"GlobalID":"{ADE4510D-EF67-45CB-9D57-A0FF39A154DF}","sectors":"القطاع الرابع عشر","Implementing":"غاز مصر","__networkId":"gas","__networkName":"شبكة الغاز","__layerId":"gas_assets","__layerName":"عناصر شبكة الغاز","__assetName":"عناصر الغاز","__geometryKind":"point","__featureIndex":726,"__typeValue":"محبس"},"geometry":{"type":"Point","coordinates":[31.513247378346534,30.271354200090983]}},{"type":"Feature","properties":{"Gas_Facility_Type":"محبس","Easting":"031° 30' 45.03\" E","Northing":"30° 16' 35.0\" N","Description":null,"GlobalID":"{3235542F-1076-4444-9844-1039A644D5BB}","sectors":"القطاع الرابع عشر","Implementing":"غاز مصر","__networkId":"gas","__networkName":"شبكة الغاز","__layerId":"gas_assets","__layerName":"عناصر شبكة الغاز","__assetName":"عناصر الغاز","__geometryKind":"point","__featureIndex":727,"__typeValue":"محبس"},"geometry":{"type":"Point","coordinates":[31.514183834300987,30.276554428338525]}},{"type":"Feature","properties":{"Gas_Facility_Type":"محبس","Easting":"031° 30' 15.63\" E","Northing":"30° 16' 25.27\" N","Description":null,"GlobalID":"{AB4126E5-C528-4CA0-B9F6-2D0BF8658898}","sectors":"القطاع الخامس عشر","Implementing":"غاز مصر","__networkId":"gas","__networkName":"شبكة الغاز","__layerId":"gas_assets","__layerName":"عناصر شبكة الغاز","__assetName":"عناصر الغاز","__geometryKind":"point","__featureIndex":728,"__typeValue":"محبس"},"geometry":{"type":"Point","coordinates":[31.506019181430933,30.273851457535912]}},{"type":"Feature","properties":{"Gas_Facility_Type":"محبس","Easting":"031° 29' 48.96\" E","Northing":"30° 16' 31.63\" N","Description":null,"GlobalID":"{432041DC-A7D6-49F1-98FC-3E5519F29D3D}","sectors":"القطاع الخامس عشر","Implementing":"غاز مصر","__networkId":"gas","__networkName":"شبكة الغاز","__layerId":"gas_assets","__layerName":"عناصر شبكة الغاز","__assetName":"عناصر الغاز","__geometryKind":"point","__featureIndex":729,"__typeValue":"محبس"},"geometry":{"type":"Point","coordinates":[31.498608374086032,30.275620518538727]}},{"type":"Feature","properties":{"Gas_Facility_Type":"محبس","Easting":"031° 30' 39.36\" E","Northing":"30° 16' 17.47\" N","Description":null,"GlobalID":"{80238A96-A9D3-449C-8453-A07423EE2A23}","sectors":"القطاع الرابع عشر","Implementing":"غاز مصر","__networkId":"gas","__networkName":"شبكة الغاز","__layerId":"gas_assets","__layerName":"عناصر شبكة الغاز","__assetName":"عناصر الغاز","__geometryKind":"point","__featureIndex":730,"__typeValue":"محبس"},"geometry":{"type":"Point","coordinates":[31.512610610252327,30.271685092467905]}},{"type":"Feature","properties":{"Gas_Facility_Type":"محبس","Easting":"031° 30' 24.91\" E","Northing":"30° 16' 25.45\" N","Description":null,"GlobalID":"{4FB01349-EEC5-4DD0-A01D-E280F29B8B0E}","sectors":"القطاع الرابع عشر","Implementing":"غاز مصر","__networkId":"gas","__networkName":"شبكة الغاز","__layerId":"gas_assets","__layerName":"عناصر شبكة الغاز","__assetName":"عناصر الغاز","__geometryKind":"point","__featureIndex":731,"__typeValue":"محبس"},"geometry":{"type":"Point","coordinates":[31.508596765984663,30.27390294480813]}},{"type":"Feature","properties":{"Gas_Facility_Type":"محبس","Easting":"031° 30' 59.1\" E","Northing":"30° 16' 32.8\" N","Description":null,"GlobalID":"{65073071-0D08-4587-A0C2-19C740E2F263}","sectors":"القطاع الثالث عشر","Implementing":"غاز مصر","__networkId":"gas","__networkName":"شبكة الغاز","__layerId":"gas_assets","__layerName":"عناصر شبكة الغاز","__assetName":"عناصر الغاز","__geometryKind":"point","__featureIndex":732,"__typeValue":"محبس"},"geometry":{"type":"Point","coordinates":[31.518094071375348,30.275944683608703]}},{"type":"Feature","properties":{"Gas_Facility_Type":"محبس","Easting":"031° 30' 30.81\" E","Northing":"30° 16' 25.74\" N","Description":null,"GlobalID":"{DDFFBED6-9EE6-45AD-A362-75FD952EBD34}","sectors":"القطاع الرابع عشر","Implementing":"غاز مصر","__networkId":"gas","__networkName":"شبكة الغاز","__layerId":"gas_assets","__layerName":"عناصر شبكة الغاز","__assetName":"عناصر الغاز","__geometryKind":"point","__featureIndex":733,"__typeValue":"محبس"},"geometry":{"type":"Point","coordinates":[31.510233375159782,30.273984491480977]}},{"type":"Feature","properties":{"Gas_Facility_Type":"محبس","Easting":"031° 30' 38.49\" E","Northing":"30° 16' 15.17\" N","Description":null,"GlobalID":"{4EDDD0FB-5910-48A3-94D7-3DC10C8F5ACF}","sectors":"القطاع الرابع عشر","Implementing":"غاز مصر","__networkId":"gas","__networkName":"شبكة الغاز","__layerId":"gas_assets","__layerName":"عناصر شبكة الغاز","__assetName":"عناصر الغاز","__geometryKind":"point","__featureIndex":734,"__typeValue":"محبس"},"geometry":{"type":"Point","coordinates":[31.51236875323513,30.271046788658552]}},{"type":"Feature","properties":{"Gas_Facility_Type":"محبس","Easting":"031° 31' 39.98\" E","Northing":"30° 16' 34.69\" N","Description":null,"GlobalID":"{4DC6ACC1-7EA0-4162-9A70-D6CBE4D02C49}","sectors":"القطاع الثاني عشر","Implementing":"غاز مصر","__networkId":"gas","__networkName":"شبكة الغاز","__layerId":"gas_assets","__layerName":"عناصر شبكة الغاز","__assetName":"عناصر الغاز","__geometryKind":"point","__featureIndex":735,"__typeValue":"محبس"},"geometry":{"type":"Point","coordinates":[31.5294501554806,30.276469402842555]}},{"type":"Feature","properties":{"Gas_Facility_Type":"محبس","Easting":"031° 31' 18.54\" E","Northing":"30° 16' 7.26\" N","Description":null,"GlobalID":"{1381BB0F-F6B2-4178-BFF6-B548E52E1E14}","sectors":"القطاع السابع عشر","Implementing":"غاز مصر","__networkId":"gas","__networkName":"شبكة الغاز","__layerId":"gas_assets","__layerName":"عناصر شبكة الغاز","__assetName":"عناصر الغاز","__geometryKind":"point","__featureIndex":736,"__typeValue":"محبس"},"geometry":{"type":"Point","coordinates":[31.523494126619195,30.268848800212194]}},{"type":"Feature","properties":{"Gas_Facility_Type":"محبس","Easting":"031° 31' 11.57\" E","Northing":"30° 16' 40.29\" N","Description":null,"GlobalID":"{40598723-4045-4D22-8139-FF7CDEF5A749}","sectors":"القطاع الثالث عشر","Implementing":"غاز مصر","__networkId":"gas","__networkName":"شبكة الغاز","__layerId":"gas_assets","__layerName":"عناصر شبكة الغاز","__assetName":"عناصر الغاز","__geometryKind":"point","__featureIndex":737,"__typeValue":"محبس"},"geometry":{"type":"Point","coordinates":[31.521556774961702,30.278024373532634]}},{"type":"Feature","properties":{"Gas_Facility_Type":"محبس","Easting":"031° 31' 10.77\" E","Northing":"30° 16' 35.34\" N","Description":null,"GlobalID":"{0278D226-BED1-4A7E-B095-9B6473165AE8}","sectors":"القطاع الثالث عشر","Implementing":"غاز مصر","__networkId":"gas","__networkName":"شبكة الغاز","__layerId":"gas_assets","__layerName":"عناصر شبكة الغاز","__assetName":"عناصر الغاز","__geometryKind":"point","__featureIndex":738,"__typeValue":"محبس"},"geometry":{"type":"Point","coordinates":[31.521335605247195,30.276648729059552]}},{"type":"Feature","properties":{"Gas_Facility_Type":"محبس","Easting":"031° 31' 22.88\" E","Northing":"30° 16' 39.38\" N","Description":null,"GlobalID":"{9BF32B28-F471-451D-85C0-B54180E6A397}","sectors":"القطاع الثالث عشر","Implementing":"غاز مصر","__networkId":"gas","__networkName":"شبكة الغاز","__layerId":"gas_assets","__layerName":"عناصر شبكة الغاز","__assetName":"عناصر الغاز","__geometryKind":"point","__featureIndex":739,"__typeValue":"محبس"},"geometry":{"type":"Point","coordinates":[31.524699404320753,30.277772702427296]}},{"type":"Feature","properties":{"Gas_Facility_Type":"محبس","Easting":"031° 30' 58.32\" E","Northing":"30° 16' 36.85\" N","Description":null,"GlobalID":"{C9889EF1-D2E4-40B4-BA7C-7D3FE00267CD}","sectors":"القطاع الثالث عشر","Implementing":"غاز مصر","__networkId":"gas","__networkName":"شبكة الغاز","__layerId":"gas_assets","__layerName":"عناصر شبكة الغاز","__assetName":"عناصر الغاز","__geometryKind":"point","__featureIndex":740,"__typeValue":"محبس"},"geometry":{"type":"Point","coordinates":[31.51787629819093,30.277069988524943]}},{"type":"Feature","properties":{"Gas_Facility_Type":"محبس","Easting":"031° 31' 10.04\" E","Northing":"30° 16' 31.6\" N","Description":null,"GlobalID":"{BA2DB3BF-B9DF-4189-A088-1DA172BE6CCD}","sectors":"القطاع الثالث عشر","Implementing":"غاز مصر","__networkId":"gas","__networkName":"شبكة الغاز","__layerId":"gas_assets","__layerName":"عناصر شبكة الغاز","__assetName":"عناصر الغاز","__geometryKind":"point","__featureIndex":741,"__typeValue":"محبس"},"geometry":{"type":"Point","coordinates":[31.521132816859993,30.275610009629926]}},{"type":"Feature","properties":{"Gas_Facility_Type":"محبس","Easting":"031° 31' 2.45\" E","Northing":"30° 16' 39.12\" N","Description":null,"GlobalID":"{86F6DBB2-72AE-46BC-BD40-615C7303ACF4}","sectors":"القطاع الثالث عشر","Implementing":"غاز مصر","__networkId":"gas","__networkName":"شبكة الغاز","__layerId":"gas_assets","__layerName":"عناصر شبكة الغاز","__assetName":"عناصر الغاز","__geometryKind":"point","__featureIndex":742,"__typeValue":"محبس"},"geometry":{"type":"Point","coordinates":[31.519024228343053,30.27770084060879]}},{"type":"Feature","properties":{"Gas_Facility_Type":"محبس","Easting":"031° 31' 24.46\" E","Northing":"30° 16' 38.05\" N","Description":null,"GlobalID":"{B1E7E51C-C25F-4B0D-AF30-186E9FCE301C}","sectors":"القطاع الثالث عشر","Implementing":"غاز مصر","__networkId":"gas","__networkName":"شبكة الغاز","__layerId":"gas_assets","__layerName":"عناصر شبكة الغاز","__assetName":"عناصر الغاز","__geometryKind":"point","__featureIndex":743,"__typeValue":"محبس"},"geometry":{"type":"Point","coordinates":[31.52513863018904,30.27740294382688]}},{"type":"Feature","properties":{"Gas_Facility_Type":"محبس","Easting":"031° 31' 22.79\" E","Northing":"30° 16' 37.94\" N","Description":null,"GlobalID":"{09CC2FD5-7DE2-4BCA-B6EF-75407C47385A}","sectors":"القطاع الثالث عشر","Implementing":"غاز مصر","__networkId":"gas","__networkName":"شبكة الغاز","__layerId":"gas_assets","__layerName":"عناصر شبكة الغاز","__assetName":"عناصر الغاز","__geometryKind":"point","__featureIndex":744,"__typeValue":"محبس"},"geometry":{"type":"Point","coordinates":[31.524674671904332,30.27737097780235]}},{"type":"Feature","properties":{"Gas_Facility_Type":"محبس","Easting":"031° 31' 12.71\" E","Northing":"30° 16' 32.52\" N","Description":null,"GlobalID":"{62F6B167-FBDC-47C7-9627-121BB08A9108}","sectors":"القطاع الثالث عشر","Implementing":"غاز مصر","__networkId":"gas","__networkName":"شبكة الغاز","__layerId":"gas_assets","__layerName":"عناصر شبكة الغاز","__assetName":"عناصر الغاز","__geometryKind":"point","__featureIndex":745,"__typeValue":"محبس"},"geometry":{"type":"Point","coordinates":[31.521874983388173,30.275866670746684]}},{"type":"Feature","properties":{"Gas_Facility_Type":"محبس","Easting":"031° 31' 21.92\" E","Northing":"30° 16' 5.52\" N","Description":null,"GlobalID":"{A96ED381-92DB-456E-A8D3-9A440C35C91B}","sectors":"القطاع السابع عشر","Implementing":"غاز مصر","__networkId":"gas","__networkName":"شبكة الغاز","__layerId":"gas_assets","__layerName":"عناصر شبكة الغاز","__assetName":"عناصر الغاز","__geometryKind":"point","__featureIndex":746,"__typeValue":"محبس"},"geometry":{"type":"Point","coordinates":[31.524431637195804,30.268366144159742]}},{"type":"Feature","properties":{"Gas_Facility_Type":"محبس","Easting":"031° 31' 19.34\" E","Northing":"30° 16' 37.2\" N","Description":null,"GlobalID":"{74C72724-9660-41F2-A870-AB39C6D03D7A}","sectors":"القطاع الثالث عشر","Implementing":"غاز مصر","__networkId":"gas","__networkName":"شبكة الغاز","__layerId":"gas_assets","__layerName":"عناصر شبكة الغاز","__assetName":"عناصر الغاز","__geometryKind":"point","__featureIndex":747,"__typeValue":"محبس"},"geometry":{"type":"Point","coordinates":[31.523715721236865,30.27716665721297]}},{"type":"Feature","properties":{"Gas_Facility_Type":"محبس","Easting":"031° 31' 48.23\" E","Northing":"30° 16' 18.22\" N","Description":null,"GlobalID":"{1A733D2E-966C-47E6-BFE0-A7F7EE11BA93}","sectors":"القطاع السادس عشر","Implementing":"غاز مصر","__networkId":"gas","__networkName":"شبكة الغاز","__layerId":"gas_assets","__layerName":"عناصر شبكة الغاز","__assetName":"عناصر الغاز","__geometryKind":"point","__featureIndex":748,"__typeValue":"محبس"},"geometry":{"type":"Point","coordinates":[31.531739164334144,30.27189419888746]}},{"type":"Feature","properties":{"Gas_Facility_Type":"محبس","Easting":"031° 31' 48.51\" E","Northing":"30° 16' 12.85\" N","Description":null,"GlobalID":"{6E3612FF-22C4-415C-9607-50BFA3B6BE86}","sectors":"القطاع السادس عشر","Implementing":"غاز مصر","__networkId":"gas","__networkName":"شبكة الغاز","__layerId":"gas_assets","__layerName":"عناصر شبكة الغاز","__assetName":"عناصر الغاز","__geometryKind":"point","__featureIndex":749,"__typeValue":"محبس"},"geometry":{"type":"Point","coordinates":[31.531818399335464,30.270401653346987]}},{"type":"Feature","properties":{"Gas_Facility_Type":"محبس","Easting":"031° 31' 47.98\" E","Northing":"30° 16' 36.1\" N","Description":null,"GlobalID":"{BA9977F3-C0A3-435C-BA94-5DB28446C959}","sectors":"القطاع السادس عشر","Implementing":"غاز مصر","__networkId":"gas","__networkName":"شبكة الغاز","__layerId":"gas_assets","__layerName":"عناصر شبكة الغاز","__assetName":"عناصر الغاز","__geometryKind":"point","__featureIndex":750,"__typeValue":"محبس"},"geometry":{"type":"Point","coordinates":[31.531669764986887,30.276861557203343]}},{"type":"Feature","properties":{"Gas_Facility_Type":"محبس","Easting":"031° 31' 25.67\" E","Northing":"30° 16' 39.44\" N","Description":null,"GlobalID":"{127C11E7-5F0A-4FF9-BC98-1F357499E1D9}","sectors":"القطاع الثاني عشر","Implementing":"غاز مصر","__networkId":"gas","__networkName":"شبكة الغاز","__layerId":"gas_assets","__layerName":"عناصر شبكة الغاز","__assetName":"عناصر الغاز","__geometryKind":"point","__featureIndex":751,"__typeValue":"محبس"},"geometry":{"type":"Point","coordinates":[31.52547442134053,30.277789761766112]}},{"type":"Feature","properties":{"Gas_Facility_Type":"محبس","Easting":"031° 31' 1.67\" E","Northing":"30° 16' 35.2\" N","Description":null,"GlobalID":"{B12731D4-CDDB-48CE-98DA-2F25355B7974}","sectors":"القطاع الثالث عشر","Implementing":"غاز مصر","__networkId":"gas","__networkName":"شبكة الغاز","__layerId":"gas_assets","__layerName":"عناصر شبكة الغاز","__assetName":"عناصر الغاز","__geometryKind":"point","__featureIndex":752,"__typeValue":"محبس"},"geometry":{"type":"Point","coordinates":[31.51880567272599,30.27661185438914]}},{"type":"Feature","properties":{"Gas_Facility_Type":"محبس","Easting":"031° 31' 49.41\" E","Northing":"30° 16' 40.29\" N","Description":null,"GlobalID":"{4CD6DF59-853A-44EA-9AA7-163FB1F70CA0}","sectors":"القطاع الثاني عشر","Implementing":"غاز مصر","__networkId":"gas","__networkName":"شبكة الغاز","__layerId":"gas_assets","__layerName":"عناصر شبكة الغاز","__assetName":"عناصر الغاز","__geometryKind":"point","__featureIndex":753,"__typeValue":"محبس"},"geometry":{"type":"Point","coordinates":[31.532069377846092,30.27802588629426]}},{"type":"Feature","properties":{"Gas_Facility_Type":"محبس","Easting":"031° 31' 11.69\" E","Northing":"30° 16' 38.41\" N","Description":null,"GlobalID":"{80939779-889A-43DF-980C-8E60190176CA}","sectors":"القطاع الثالث عشر","Implementing":"غاز مصر","__networkId":"gas","__networkName":"شبكة الغاز","__layerId":"gas_assets","__layerName":"عناصر شبكة الغاز","__assetName":"عناصر الغاز","__geometryKind":"point","__featureIndex":754,"__typeValue":"محبس"},"geometry":{"type":"Point","coordinates":[31.52159159096718,30.277502625313826]}},{"type":"Feature","properties":{"Gas_Facility_Type":"محبس","Easting":"031° 31' 31.99\" E","Northing":"30° 16' 42.77\" N","Description":null,"GlobalID":"{90473785-1EF1-4DC4-B7EC-4E9DDB72C2A4}","sectors":"القطاع الثاني عشر","Implementing":"غاز مصر","__networkId":"gas","__networkName":"شبكة الغاز","__layerId":"gas_assets","__layerName":"عناصر شبكة الغاز","__assetName":"عناصر الغاز","__geometryKind":"point","__featureIndex":755,"__typeValue":"محبس"},"geometry":{"type":"Point","coordinates":[31.5272288059376,30.278712504664263]}},{"type":"Feature","properties":{"Gas_Facility_Type":"محبس","Easting":"031° 31' 42.32\" E","Northing":"30° 16' 26.17\" N","Description":null,"GlobalID":"{9B4275BE-9A61-453E-8C98-4D63D8CDE59F}","sectors":"القطاع السادس عشر","Implementing":"غاز مصر","__networkId":"gas","__networkName":"شبكة الغاز","__layerId":"gas_assets","__layerName":"عناصر شبكة الغاز","__assetName":"عناصر الغاز","__geometryKind":"point","__featureIndex":756,"__typeValue":"محبس"},"geometry":{"type":"Point","coordinates":[31.53010014677578,30.274101583981068]}},{"type":"Feature","properties":{"Gas_Facility_Type":"محبس","Easting":"031° 31' 34.79\" E","Northing":"30° 16' 39.04\" N","Description":null,"GlobalID":"{D4F0C475-62C1-4063-A1AD-E0186AFAEDF1}","sectors":"القطاع الثاني عشر","Implementing":"غاز مصر","__networkId":"gas","__networkName":"شبكة الغاز","__layerId":"gas_assets","__layerName":"عناصر شبكة الغاز","__assetName":"عناصر الغاز","__geometryKind":"point","__featureIndex":757,"__typeValue":"محبس"},"geometry":{"type":"Point","coordinates":[31.528006199899632,30.277676927256618]}},{"type":"Feature","properties":{"Gas_Facility_Type":"محبس","Easting":"031° 31' 53.82\" E","Northing":"30° 16' 41.86\" N","Description":null,"GlobalID":"{37551CB6-0F95-4910-A9F1-F5AB87A7AB45}","sectors":"القطاع الثاني عشر","Implementing":"غاز مصر","__networkId":"gas","__networkName":"شبكة الغاز","__layerId":"gas_assets","__layerName":"عناصر شبكة الغاز","__assetName":"عناصر الغاز","__geometryKind":"point","__featureIndex":758,"__typeValue":"محبس"},"geometry":{"type":"Point","coordinates":[31.533292932670395,30.278462357387728]}},{"type":"Feature","properties":{"Gas_Facility_Type":"محبس","Easting":"031° 31' 27.26\" E","Northing":"30° 16' 34.4\" N","Description":null,"GlobalID":"{0FAC16CA-B789-41E3-B5FD-409E94542528}","sectors":"القطاع الثاني عشر","Implementing":"غاز مصر","__networkId":"gas","__networkName":"شبكة الغاز","__layerId":"gas_assets","__layerName":"عناصر شبكة الغاز","__assetName":"عناصر الغاز","__geometryKind":"point","__featureIndex":759,"__typeValue":"محبس"},"geometry":{"type":"Point","coordinates":[31.525915654045157,30.276387951328942]}},{"type":"Feature","properties":{"Gas_Facility_Type":"محبس","Easting":"031° 31' 57.16\" E","Northing":"30° 16' 44.01\" N","Description":null,"GlobalID":"{147496D5-4189-461B-BC01-3FE67DDC85D1}","sectors":"القطاع الثاني عشر","Implementing":"غاز مصر","__networkId":"gas","__networkName":"شبكة الغاز","__layerId":"gas_assets","__layerName":"عناصر شبكة الغاز","__assetName":"عناصر الغاز","__geometryKind":"point","__featureIndex":760,"__typeValue":"محبس"},"geometry":{"type":"Point","coordinates":[31.534219797312534,30.279058320490396]}},{"type":"Feature","properties":{"Gas_Facility_Type":"محبس","Easting":"031° 31' 14.91\" E","Northing":"30° 16' 33.3\" N","Description":null,"GlobalID":"{BE91A29B-C3DB-4EBC-A790-1DE8C4F702CA}","sectors":"القطاع الثالث عشر","Implementing":"غاز مصر","__networkId":"gas","__networkName":"شبكة الغاز","__layerId":"gas_assets","__layerName":"عناصر شبكة الغاز","__assetName":"عناصر الغاز","__geometryKind":"point","__featureIndex":761,"__typeValue":"محبس"},"geometry":{"type":"Point","coordinates":[31.52248368901122,30.27608374726395]}},{"type":"Feature","properties":{"Gas_Facility_Type":"محبس","Easting":"031° 31' 38.03\" E","Northing":"30° 16' 22.23\" N","Description":null,"GlobalID":"{8FC04665-4060-45F8-BA7B-C3EEE72B4708}","sectors":"القطاع السادس عشر","Implementing":"غاز مصر","__networkId":"gas","__networkName":"شبكة الغاز","__layerId":"gas_assets","__layerName":"عناصر شبكة الغاز","__assetName":"عناصر الغاز","__geometryKind":"point","__featureIndex":762,"__typeValue":"محبس"},"geometry":{"type":"Point","coordinates":[31.52890614921927,30.273007050315563]}},{"type":"Feature","properties":{"Gas_Facility_Type":"محبس","Easting":"031° 31' 41.26\" E","Northing":"30° 16' 28.45\" N","Description":null,"GlobalID":"{B403EE14-EE65-4613-B33B-6F964C8C31F1}","sectors":"القطاع السادس عشر","Implementing":"غاز مصر","__networkId":"gas","__networkName":"شبكة الغاز","__layerId":"gas_assets","__layerName":"عناصر شبكة الغاز","__assetName":"عناصر الغاز","__geometryKind":"point","__featureIndex":763,"__typeValue":"محبس"},"geometry":{"type":"Point","coordinates":[31.529805077154407,30.27473633027238]}},{"type":"Feature","properties":{"Gas_Facility_Type":"محبس","Easting":"031° 31' 48.16\" E","Northing":"30° 16' 44.54\" N","Description":null,"GlobalID":"{D23C3108-B95E-4036-BF08-422B70C905CA}","sectors":"القطاع الثاني عشر","Implementing":"غاز مصر","__networkId":"gas","__networkName":"شبكة الغاز","__layerId":"gas_assets","__layerName":"عناصر شبكة الغاز","__assetName":"عناصر الغاز","__geometryKind":"point","__featureIndex":764,"__typeValue":"محبس"},"geometry":{"type":"Point","coordinates":[31.53172155286302,30.279206429818426]}},{"type":"Feature","properties":{"Gas_Facility_Type":"محبس","Easting":"031° 29' 48.06\" E","Northing":"30° 16' 30.21\" N","Description":null,"GlobalID":"{710EEB87-A029-4ED9-96EC-0800741B9AD9}","sectors":"القطاع الخامس عشر","Implementing":"غاز مصر","__networkId":"gas","__networkName":"شبكة الغاز","__layerId":"gas_assets","__layerName":"عناصر شبكة الغاز","__assetName":"عناصر الغاز","__geometryKind":"point","__featureIndex":765,"__typeValue":"محبس"},"geometry":{"type":"Point","coordinates":[31.498359930621177,30.275226040360923]}},{"type":"Feature","properties":{"Gas_Facility_Type":"محبس","Easting":"031° 31' 2.36\" E","Northing":"30° 16' 26.09\" N","Description":null,"GlobalID":"{10F9FF84-F7CA-452B-877F-ECC7E747C423}","sectors":"القطاع الثالث عشر","Implementing":"غاز مصر","__networkId":"gas","__networkName":"شبكة الغاز","__layerId":"gas_assets","__layerName":"عناصر شبكة الغاز","__assetName":"عناصر الغاز","__geometryKind":"point","__featureIndex":766,"__typeValue":"محبس"},"geometry":{"type":"Point","coordinates":[31.518998279607725,30.2740808986581]}},{"type":"Feature","properties":{"Gas_Facility_Type":"محبس","Easting":"031° 30' 44.55\" E","Northing":"30° 16' 29.27\" N","Description":null,"GlobalID":"{433DC1AE-0B20-4D26-A1C0-86213ECED873}","sectors":"القطاع الرابع عشر","Implementing":"غاز مصر","__networkId":"gas","__networkName":"شبكة الغاز","__layerId":"gas_assets","__layerName":"عناصر شبكة الغاز","__assetName":"عناصر الغاز","__geometryKind":"point","__featureIndex":767,"__typeValue":"محبس"},"geometry":{"type":"Point","coordinates":[31.514051052522216,30.27496331780001]}},{"type":"Feature","properties":{"Gas_Facility_Type":"محبس","Easting":"031° 30' 45.68\" E","Northing":"30° 16' 22.36\" N","Description":null,"GlobalID":"{2F33930A-AC23-4BEF-A58C-B823EF6F467C}","sectors":"القطاع الرابع عشر","Implementing":"غاز مصر","__networkId":"gas","__networkName":"شبكة الغاز","__layerId":"gas_assets","__layerName":"عناصر شبكة الغاز","__assetName":"عناصر الغاز","__geometryKind":"point","__featureIndex":768,"__typeValue":"محبس"},"geometry":{"type":"Point","coordinates":[31.514365353277178,30.273045237466928]}},{"type":"Feature","properties":{"Gas_Facility_Type":"محبس","Easting":"031° 30' 13.76\" E","Northing":"30° 16' 33.38\" N","Description":null,"GlobalID":"{D92F816B-0BF0-4411-B809-F47080D01CE4}","sectors":"القطاع الخامس عشر","Implementing":"غاز مصر","__networkId":"gas","__networkName":"شبكة الغاز","__layerId":"gas_assets","__layerName":"عناصر شبكة الغاز","__assetName":"عناصر الغاز","__geometryKind":"point","__featureIndex":769,"__typeValue":"محبس"},"geometry":{"type":"Point","coordinates":[31.505499806974687,30.276105162959336]}},{"type":"Feature","properties":{"Gas_Facility_Type":"محبس","Easting":"031° 30' 47.22\" E","Northing":"30° 16' 18.86\" N","Description":null,"GlobalID":"{F4AC7E1C-61D5-4CAC-A370-BE01CF04D720}","sectors":"القطاع الرابع عشر","Implementing":"غاز مصر","__networkId":"gas","__networkName":"شبكة الغاز","__layerId":"gas_assets","__layerName":"عناصر شبكة الغاز","__assetName":"عناصر الغاز","__geometryKind":"point","__featureIndex":770,"__typeValue":"محبس"},"geometry":{"type":"Point","coordinates":[31.514791794322335,30.272073147880086]}},{"type":"Feature","properties":{"Gas_Facility_Type":"محبس","Easting":"031° 30' 36.34\" E","Northing":"30° 16' 16.06\" N","Description":null,"GlobalID":"{72C50C9B-5379-492C-BFA0-B31262B0AF86}","sectors":"القطاع الرابع عشر","Implementing":"غاز مصر","__networkId":"gas","__networkName":"شبكة الغاز","__layerId":"gas_assets","__layerName":"عناصر شبكة الغاز","__assetName":"عناصر الغاز","__geometryKind":"point","__featureIndex":771,"__typeValue":"محبس"},"geometry":{"type":"Point","coordinates":[31.511770283914746,30.271295048625174]}},{"type":"Feature","properties":{"Gas_Facility_Type":"محبس","Easting":"031° 30' 22.27\" E","Northing":"30° 16' 32.91\" N","Description":null,"GlobalID":"{E9C0AEC7-ADD1-4C82-8CE7-42C3A2B2A01D}","sectors":"القطاع الرابع عشر","Implementing":"غاز مصر","__networkId":"gas","__networkName":"شبكة الغاز","__layerId":"gas_assets","__layerName":"عناصر شبكة الغاز","__assetName":"عناصر الغاز","__geometryKind":"point","__featureIndex":772,"__typeValue":"محبس"},"geometry":{"type":"Point","coordinates":[31.507861733876496,30.27597492861676]}},{"type":"Feature","properties":{"Gas_Facility_Type":"محبس","Easting":"031° 30' 45.34\" E","Northing":"30° 16' 24.72\" N","Description":null,"GlobalID":"{BE5005B8-A73E-4128-B0FC-804B4C85A82D}","sectors":"القطاع الرابع عشر","Implementing":"غاز مصر","__networkId":"gas","__networkName":"شبكة الغاز","__layerId":"gas_assets","__layerName":"عناصر شبكة الغاز","__assetName":"عناصر الغاز","__geometryKind":"point","__featureIndex":773,"__typeValue":"محبس"},"geometry":{"type":"Point","coordinates":[31.514271658993046,30.27369868527016]}},{"type":"Feature","properties":{"Gas_Facility_Type":"محبس","Easting":"031° 30' 37.73\" E","Northing":"30° 16' 21.57\" N","Description":null,"GlobalID":"{D48D5ECA-B6E7-43E8-A80E-BBD7972BF178}","sectors":"القطاع الرابع عشر","Implementing":"غاز مصر","__networkId":"gas","__networkName":"شبكة الغاز","__layerId":"gas_assets","__layerName":"عناصر شبكة الغاز","__assetName":"عناصر الغاز","__geometryKind":"point","__featureIndex":774,"__typeValue":"محبس"},"geometry":{"type":"Point","coordinates":[31.51215664482687,30.272825829883814]}},{"type":"Feature","properties":{"Gas_Facility_Type":"محبس","Easting":"031° 30' 56.91\" E","Northing":"30° 16' 30.38\" N","Description":null,"GlobalID":"{4131387E-9733-4696-9A05-E376E5AFBB17}","sectors":"القطاع الثالث عشر","Implementing":"غاز مصر","__networkId":"gas","__networkName":"شبكة الغاز","__layerId":"gas_assets","__layerName":"عناصر شبكة الغاز","__assetName":"عناصر الغاز","__geometryKind":"point","__featureIndex":775,"__typeValue":"محبس"},"geometry":{"type":"Point","coordinates":[31.517485921809474,30.27527149431508]}},{"type":"Feature","properties":{"Gas_Facility_Type":"محبس","Easting":"031° 30' 43.25\" E","Northing":"30° 16' 22.04\" N","Description":null,"GlobalID":"{CE651BC2-C8CD-4DB4-B28A-717FD9E17569}","sectors":"القطاع الرابع عشر","Implementing":"غاز مصر","__networkId":"gas","__networkName":"شبكة الغاز","__layerId":"gas_assets","__layerName":"عناصر شبكة الغاز","__assetName":"عناصر الغاز","__geometryKind":"point","__featureIndex":776,"__typeValue":"محبس"},"geometry":{"type":"Point","coordinates":[31.51369103111255,30.272955500508164]}},{"type":"Feature","properties":{"Gas_Facility_Type":"محبس","Easting":"031° 29' 53.39\" E","Northing":"30° 16' 29.61\" N","Description":null,"GlobalID":"{73D51C71-CD32-47FD-8BD6-ABB7B4FCD1B5}","sectors":"القطاع الخامس عشر","Implementing":"غاز مصر","__networkId":"gas","__networkName":"شبكة الغاز","__layerId":"gas_assets","__layerName":"عناصر شبكة الغاز","__assetName":"عناصر الغاز","__geometryKind":"point","__featureIndex":777,"__typeValue":"محبس"},"geometry":{"type":"Point","coordinates":[31.499839523267763,30.275057293438568]}},{"type":"Feature","properties":{"Gas_Facility_Type":"محبس","Easting":"031° 30' 42.14\" E","Northing":"30° 16' 28.99\" N","Description":null,"GlobalID":"{7ED3A2C0-9F3D-4A3A-91BE-3AB881F7ECD8}","sectors":"القطاع الرابع عشر","Implementing":"غاز مصر","__networkId":"gas","__networkName":"شبكة الغاز","__layerId":"gas_assets","__layerName":"عناصر شبكة الغاز","__assetName":"عناصر الغاز","__geometryKind":"point","__featureIndex":778,"__typeValue":"محبس"},"geometry":{"type":"Point","coordinates":[31.513381371952622,30.274886791366512]}},{"type":"Feature","properties":{"Gas_Facility_Type":"محبس","Easting":"031° 30' 46.72\" E","Northing":"30° 16' 27.44\" N","Description":null,"GlobalID":"{B8F7F3DD-DD16-46C7-83DE-41DCC6F99845}","sectors":"القطاع الرابع عشر","Implementing":"غاز مصر","__networkId":"gas","__networkName":"شبكة الغاز","__layerId":"gas_assets","__layerName":"عناصر شبكة الغاز","__assetName":"عناصر الغاز","__geometryKind":"point","__featureIndex":779,"__typeValue":"محبس"},"geometry":{"type":"Point","coordinates":[31.514654920717458,30.274455018152636]}},{"type":"Feature","properties":{"Gas_Facility_Type":"محبس","Easting":"031° 31' 1.42\" E","Northing":"30° 16' 28.11\" N","Description":null,"GlobalID":"{5E7E88FE-971B-4667-B93E-3F7E031FDE82}","sectors":"القطاع الثالث عشر","Implementing":"غاز مصر","__networkId":"gas","__networkName":"شبكة الغاز","__layerId":"gas_assets","__layerName":"عناصر شبكة الغاز","__assetName":"عناصر الغاز","__geometryKind":"point","__featureIndex":780,"__typeValue":"محبس"},"geometry":{"type":"Point","coordinates":[31.518736453041786,30.2746404466295]}},{"type":"Feature","properties":{"Gas_Facility_Type":"محبس","Easting":"031° 30' 36.24\" E","Northing":"30° 16' 34.14\" N","Description":null,"GlobalID":"{5B0D1877-B921-4A3E-85BD-34ADF8FA7D09}","sectors":"القطاع الرابع عشر","Implementing":"غاز مصر","__networkId":"gas","__networkName":"شبكة الغاز","__layerId":"gas_assets","__layerName":"عناصر شبكة الغاز","__assetName":"عناصر الغاز","__geometryKind":"point","__featureIndex":781,"__typeValue":"محبس"},"geometry":{"type":"Point","coordinates":[31.51174412407537,30.276317893756747]}},{"type":"Feature","properties":{"Gas_Facility_Type":"محبس","Easting":"031° 30' 35.94\" E","Northing":"30° 16' 36.14\" N","Description":null,"GlobalID":"{270E9997-47D5-4703-8335-880F3A1CE9E3}","sectors":"القطاع الرابع عشر","Implementing":"غاز مصر","__networkId":"gas","__networkName":"شبكة الغاز","__layerId":"gas_assets","__layerName":"عناصر شبكة الغاز","__assetName":"عناصر الغاز","__geometryKind":"point","__featureIndex":782,"__typeValue":"محبس"},"geometry":{"type":"Point","coordinates":[31.5116610775223,30.276872927874454]}},{"type":"Feature","properties":{"Gas_Facility_Type":"محبس","Easting":"031° 31' 10.4\" E","Northing":"30° 16' 41.45\" N","Description":null,"GlobalID":"{999FF2D6-1846-473E-8FED-2905E2DAAD2E}","sectors":"القطاع الثالث عشر","Implementing":"غاز مصر","__networkId":"gas","__networkName":"شبكة الغاز","__layerId":"gas_assets","__layerName":"عناصر شبكة الغاز","__assetName":"عناصر الغاز","__geometryKind":"point","__featureIndex":783,"__typeValue":"محبس"},"geometry":{"type":"Point","coordinates":[31.521232677180233,30.278345875968665]}},{"type":"Feature","properties":{"Gas_Facility_Type":"محبس","Easting":"031° 31' 54.71\" E","Northing":"30° 15' 58.98\" N","Description":null,"GlobalID":"{47918C07-6F00-43E8-B875-7B194CF9200A}","sectors":"القطاع السادس عشر","Implementing":"غاز مصر","__networkId":"gas","__networkName":"شبكة الغاز","__layerId":"gas_assets","__layerName":"عناصر شبكة الغاز","__assetName":"عناصر الغاز","__geometryKind":"point","__featureIndex":784,"__typeValue":"محبس"},"geometry":{"type":"Point","coordinates":[31.533539576809734,30.266551130563684]}},{"type":"Feature","properties":{"Gas_Facility_Type":"محبس","Easting":"031° 31' 12.68\" E","Northing":"30° 16' 34.21\" N","Description":null,"GlobalID":"{C7B41A54-B7DA-4DAB-AAF4-324E98C35DFA}","sectors":"القطاع الثالث عشر","Implementing":"غاز مصر","__networkId":"gas","__networkName":"شبكة الغاز","__layerId":"gas_assets","__layerName":"عناصر شبكة الغاز","__assetName":"عناصر الغاز","__geometryKind":"point","__featureIndex":785,"__typeValue":"محبس"},"geometry":{"type":"Point","coordinates":[31.521866337103546,30.276334785002312]}},{"type":"Feature","properties":{"Gas_Facility_Type":"محبس","Easting":"031° 31' 23.23\" E","Northing":"30° 16' 42.99\" N","Description":null,"GlobalID":"{65BAB04D-3623-458C-B4F8-8F853EC76A0F}","sectors":"القطاع الثالث عشر","Implementing":"غاز مصر","__networkId":"gas","__networkName":"شبكة الغاز","__layerId":"gas_assets","__layerName":"عناصر شبكة الغاز","__assetName":"عناصر الغاز","__geometryKind":"point","__featureIndex":786,"__typeValue":"محبس"},"geometry":{"type":"Point","coordinates":[31.52479718234616,30.278773710551548]}},{"type":"Feature","properties":{"Gas_Facility_Type":"محبس","Easting":"031° 31' 27.75\" E","Northing":"30° 16' 41.92\" N","Description":null,"GlobalID":"{BA8C7A23-9C10-44A2-B279-CD040275226A}","sectors":"القطاع الثاني عشر","Implementing":"غاز مصر","__networkId":"gas","__networkName":"شبكة الغاز","__layerId":"gas_assets","__layerName":"عناصر شبكة الغاز","__assetName":"عناصر الغاز","__geometryKind":"point","__featureIndex":787,"__typeValue":"محبس"},"geometry":{"type":"Point","coordinates":[31.5260508082746,30.278478090037247]}},{"type":"Feature","properties":{"Gas_Facility_Type":"محبس","Easting":"031° 31' 4.53\" E","Northing":"30° 16' 39.47\" N","Description":null,"GlobalID":"{AAE80EFD-5217-4008-9CE1-C4CFE8F17966}","sectors":"القطاع الثالث عشر","Implementing":"غاز مصر","__networkId":"gas","__networkName":"شبكة الغاز","__layerId":"gas_assets","__layerName":"عناصر شبكة الغاز","__assetName":"عناصر الغاز","__geometryKind":"point","__featureIndex":788,"__typeValue":"محبس"},"geometry":{"type":"Point","coordinates":[31.51960199239444,30.277796812803466]}},{"type":"Feature","properties":{"Gas_Facility_Type":"محبس","Easting":"031° 31' 4.75\" E","Northing":"30° 16' 37.58\" N","Description":null,"GlobalID":"{1F585039-CD02-4D14-B229-CD18AADB96DB}","sectors":"القطاع الثالث عشر","Implementing":"غاز مصر","__networkId":"gas","__networkName":"شبكة الغاز","__layerId":"gas_assets","__layerName":"عناصر شبكة الغاز","__assetName":"عناصر الغاز","__geometryKind":"point","__featureIndex":789,"__typeValue":"محبس"},"geometry":{"type":"Point","coordinates":[31.519661239880673,30.27727133264332]}},{"type":"Feature","properties":{"Gas_Facility_Type":"محبس","Easting":"031° 31' 35.04\" E","Northing":"30° 16' 23.93\" N","Description":null,"GlobalID":"{35DD7781-CA4F-4159-85FD-3F39D0B79A05}","sectors":"القطاع السادس عشر","Implementing":"غاز مصر","__networkId":"gas","__networkName":"شبكة الغاز","__layerId":"gas_assets","__layerName":"عناصر شبكة الغاز","__assetName":"عناصر الغاز","__geometryKind":"point","__featureIndex":790,"__typeValue":"محبس"},"geometry":{"type":"Point","coordinates":[31.528077049127777,30.273479545250915]}},{"type":"Feature","properties":{"Gas_Facility_Type":"محبس","Easting":"031° 31' 23.94\" E","Northing":"30° 16' 29.25\" N","Description":null,"GlobalID":"{693867B7-A78A-44BC-9ABB-60D9959999D4}","sectors":"القطاع الثالث عشر","Implementing":"غاز مصر","__networkId":"gas","__networkName":"شبكة الغاز","__layerId":"gas_assets","__layerName":"عناصر شبكة الغاز","__assetName":"عناصر الغاز","__geometryKind":"point","__featureIndex":791,"__typeValue":"محبس"},"geometry":{"type":"Point","coordinates":[31.524994474840415,30.27495820760925]}},{"type":"Feature","properties":{"Gas_Facility_Type":"محبس","Easting":"031° 31' 31.96\" E","Northing":"30° 16' 36.71\" N","Description":null,"GlobalID":"{6AE95B8B-17DB-4892-8E9B-2A161551260F}","sectors":"القطاع الثاني عشر","Implementing":"غاز مصر","__networkId":"gas","__networkName":"شبكة الغاز","__layerId":"gas_assets","__layerName":"عناصر شبكة الغاز","__assetName":"عناصر الغاز","__geometryKind":"point","__featureIndex":792,"__typeValue":"محبس"},"geometry":{"type":"Point","coordinates":[31.52721967456274,30.277030574874946]}},{"type":"Feature","properties":{"Gas_Facility_Type":"محبس","Easting":"031° 31' 47.14\" E","Northing":"30° 15' 57.79\" N","Description":null,"GlobalID":"{3A1265F0-D640-46B0-A2AE-A01E5F4E2600}","sectors":"القطاع السادس عشر","Implementing":"غاز مصر","__networkId":"gas","__networkName":"شبكة الغاز","__layerId":"gas_assets","__layerName":"عناصر شبكة الغاز","__assetName":"عناصر الغاز","__geometryKind":"point","__featureIndex":793,"__typeValue":"محبس"},"geometry":{"type":"Point","coordinates":[31.53143763672421,30.266218779318358]}},{"type":"Feature","properties":{"Gas_Facility_Type":"محبس","Easting":"031° 31' 51.54\" E","Northing":"30° 16' 41.18\" N","Description":null,"GlobalID":"{117F6499-23F9-48DC-A0CD-4B04AAC6DDA0}","sectors":"القطاع الثاني عشر","Implementing":"غاز مصر","__networkId":"gas","__networkName":"شبكة الغاز","__layerId":"gas_assets","__layerName":"عناصر شبكة الغاز","__assetName":"عناصر الغاز","__geometryKind":"point","__featureIndex":794,"__typeValue":"محبس"},"geometry":{"type":"Point","coordinates":[31.532658775080392,30.27827147701563]}},{"type":"Feature","properties":{"Gas_Facility_Type":"محبس","Easting":"031° 31' 32.91\" E","Northing":"30° 16' 22.84\" N","Description":null,"GlobalID":"{2B28C726-098A-4A06-9473-944BAC7879E6}","sectors":"القطاع السادس عشر","Implementing":"غاز مصر","__networkId":"gas","__networkName":"شبكة الغاز","__layerId":"gas_assets","__layerName":"عناصر شبكة الغاز","__assetName":"عناصر الغاز","__geometryKind":"point","__featureIndex":795,"__typeValue":"محبس"},"geometry":{"type":"Point","coordinates":[31.527484863522822,30.273178893155443]}},{"type":"Feature","properties":{"Gas_Facility_Type":"محبس","Easting":"031° 31' 45.42\" E","Northing":"30° 16' 42.75\" N","Description":null,"GlobalID":"{1445AB45-ABA8-43BC-919E-77F8100E14E6}","sectors":"القطاع الثاني عشر","Implementing":"غاز مصر","__networkId":"gas","__networkName":"شبكة الغاز","__layerId":"gas_assets","__layerName":"عناصر شبكة الغاز","__assetName":"عناصر الغاز","__geometryKind":"point","__featureIndex":796,"__typeValue":"محبس"},"geometry":{"type":"Point","coordinates":[31.53096109573733,30.27870845049142]}},{"type":"Feature","properties":{"Gas_Facility_Type":"محبس","Easting":"031° 31' 33.94\" E","Northing":"30° 16' 20.78\" N","Description":null,"GlobalID":"{D4892DFE-B39D-4C2A-A5E8-159FF1E35009}","sectors":"القطاع السادس عشر","Implementing":"غاز مصر","__networkId":"gas","__networkName":"شبكة الغاز","__layerId":"gas_assets","__layerName":"عناصر شبكة الغاز","__assetName":"عناصر الغاز","__geometryKind":"point","__featureIndex":797,"__typeValue":"محبس"},"geometry":{"type":"Point","coordinates":[31.527769994183902,30.27260677791075]}},{"type":"Feature","properties":{"Gas_Facility_Type":"محبس","Easting":"031° 31' 25.28\" E","Northing":"30° 16' 41.64\" N","Description":null,"GlobalID":"{AAA33735-BE7B-4477-AAD3-D9A82D812181}","sectors":"القطاع الثاني عشر","Implementing":"غاز مصر","__networkId":"gas","__networkName":"شبكة الغاز","__layerId":"gas_assets","__layerName":"عناصر شبكة الغاز","__assetName":"عناصر الغاز","__geometryKind":"point","__featureIndex":798,"__typeValue":"محبس"},"geometry":{"type":"Point","coordinates":[31.52536648965747,30.278398743309257]}},{"type":"Feature","properties":{"Gas_Facility_Type":"محبس","Easting":"031° 31' 16.76\" E","Northing":"30° 16' 34.05\" N","Description":null,"GlobalID":"{1A159635-7437-4215-8C45-73273F2235D6}","sectors":"القطاع الثالث عشر","Implementing":"غاز مصر","__networkId":"gas","__networkName":"شبكة الغاز","__layerId":"gas_assets","__layerName":"عناصر شبكة الغاز","__assetName":"عناصر الغاز","__geometryKind":"point","__featureIndex":799,"__typeValue":"محبس"},"geometry":{"type":"Point","coordinates":[31.522998165852524,30.276290419972412]}},{"type":"Feature","properties":{"Gas_Facility_Type":"محبس","Easting":"031° 31' 38.48\" E","Northing":"30° 16' 27.74\" N","Description":null,"GlobalID":"{502F83F9-D60A-41F4-9E10-6B70DFB78D03}","sectors":"القطاع السادس عشر","Implementing":"غاز مصر","__networkId":"gas","__networkName":"شبكة الغاز","__layerId":"gas_assets","__layerName":"عناصر شبكة الغاز","__assetName":"عناصر الغاز","__geometryKind":"point","__featureIndex":800,"__typeValue":"محبس"},"geometry":{"type":"Point","coordinates":[31.529033356053386,30.274539429406378]}},{"type":"Feature","properties":{"Gas_Facility_Type":"محبس","Easting":"031° 31' 31.71\" E","Northing":"30° 16' 25.35\" N","Description":null,"GlobalID":"{D5F909E5-DBC7-4B78-BC9C-6AEAE76F9AC8}","sectors":"القطاع السادس عشر","Implementing":"غاز مصر","__networkId":"gas","__networkName":"شبكة الغاز","__layerId":"gas_assets","__layerName":"عناصر شبكة الغاز","__assetName":"عناصر الغاز","__geometryKind":"point","__featureIndex":801,"__typeValue":"محبس"},"geometry":{"type":"Point","coordinates":[31.527151149276214,30.27387421121143]}},{"type":"Feature","properties":{"Gas_Facility_Type":"محبس","Easting":"031° 31' 4.06\" E","Northing":"30° 16' 35.71\" N","Description":null,"GlobalID":"{316BEC9D-12AE-465D-8968-2A557088EF94}","sectors":"القطاع الثالث عشر","Implementing":"غاز مصر","__networkId":"gas","__networkName":"شبكة الغاز","__layerId":"gas_assets","__layerName":"عناصر شبكة الغاز","__assetName":"عناصر الغاز","__geometryKind":"point","__featureIndex":802,"__typeValue":"محبس"},"geometry":{"type":"Point","coordinates":[31.519470251763074,30.276753861979817]}},{"type":"Feature","properties":{"Gas_Facility_Type":"محبس","Easting":"031° 30' 58.06\" E","Northing":"30° 16' 38.68\" N","Description":null,"GlobalID":"{07A5B963-5DAE-4A0C-A2D1-AA0AF5DC5A65}","sectors":"القطاع الثالث عشر","Implementing":"غاز مصر","__networkId":"gas","__networkName":"شبكة الغاز","__layerId":"gas_assets","__layerName":"عناصر شبكة الغاز","__assetName":"عناصر الغاز","__geometryKind":"point","__featureIndex":803,"__typeValue":"محبس"},"geometry":{"type":"Point","coordinates":[31.517803590348453,30.277578240495004]}},{"type":"Feature","properties":{"Gas_Facility_Type":"محبس","Easting":"031° 31' 16.73\" E","Northing":"30° 16' 37.04\" N","Description":null,"GlobalID":"{414F52C9-5EA7-4DB9-8754-D09A72FA1661}","sectors":"القطاع الثالث عشر","Implementing":"غاز مصر","__networkId":"gas","__networkName":"شبكة الغاز","__layerId":"gas_assets","__layerName":"عناصر شبكة الغاز","__assetName":"عناصر الغاز","__geometryKind":"point","__featureIndex":804,"__typeValue":"محبس"},"geometry":{"type":"Point","coordinates":[31.522990345119663,30.27712142988918]}},{"type":"Feature","properties":{"Gas_Facility_Type":"محبس","Easting":"031° 31' 14.25\" E","Northing":"30° 16' 24.09\" N","Description":null,"GlobalID":"{32C569BA-6643-44EC-A1CD-9C450AD26A12}","sectors":"القطاع السابع عشر","Implementing":"غاز مصر","__networkId":"gas","__networkName":"شبكة الغاز","__layerId":"gas_assets","__layerName":"عناصر شبكة الغاز","__assetName":"عناصر الغاز","__geometryKind":"point","__featureIndex":805,"__typeValue":"محبس"},"geometry":{"type":"Point","coordinates":[31.522300887240768,30.273523796731435]}},{"type":"Feature","properties":{"Gas_Facility_Type":"محبس","Easting":"031° 31' 18.55\" E","Northing":"30° 16' 38.81\" N","Description":null,"GlobalID":"{067A1541-E88F-40C8-A526-06E1BB197D3C}","sectors":"القطاع الثالث عشر","Implementing":"غاز مصر","__networkId":"gas","__networkName":"شبكة الغاز","__layerId":"gas_assets","__layerName":"عناصر شبكة الغاز","__assetName":"عناصر الغاز","__geometryKind":"point","__featureIndex":806,"__typeValue":"محبس"},"geometry":{"type":"Point","coordinates":[31.523495188427862,30.277612616795757]}},{"type":"Feature","properties":{"Gas_Facility_Type":"محبس","Easting":"031° 31' 5.59\" E","Northing":"30° 16' 25.14\" N","Description":null,"GlobalID":"{CF76257D-854B-4817-9CA9-495AC3DAAC0B}","sectors":"القطاع الثالث عشر","Implementing":"غاز مصر","__networkId":"gas","__networkName":"شبكة الغاز","__layerId":"gas_assets","__layerName":"عناصر شبكة الغاز","__assetName":"عناصر الغاز","__geometryKind":"point","__featureIndex":807,"__typeValue":"محبس"},"geometry":{"type":"Point","coordinates":[31.519897185085007,30.27381657176329]}},{"type":"Feature","properties":{"Gas_Facility_Type":"محبس","Easting":"031° 31' 50.42\" E","Northing":"30° 16' 42.98\" N","Description":null,"GlobalID":"{DC8217EE-DCCB-419F-8563-78FD87FBA2E8}","sectors":"القطاع الثاني عشر","Implementing":"غاز مصر","__networkId":"gas","__networkName":"شبكة الغاز","__layerId":"gas_assets","__layerName":"عناصر شبكة الغاز","__assetName":"عناصر الغاز","__geometryKind":"point","__featureIndex":808,"__typeValue":"محبس"},"geometry":{"type":"Point","coordinates":[31.532349744741204,30.27877328543002]}},{"type":"Feature","properties":{"Gas_Facility_Type":"محبس","Easting":"031° 31' 23.03\" E","Northing":"30° 16' 31.25\" N","Description":null,"GlobalID":"{4B725FD1-2123-4A0B-95D9-55B3954D8A6C}","sectors":"القطاع الثالث عشر","Implementing":"غاز مصر","__networkId":"gas","__networkName":"شبكة الغاز","__layerId":"gas_assets","__layerName":"عناصر شبكة الغاز","__assetName":"عناصر الغاز","__geometryKind":"point","__featureIndex":809,"__typeValue":"محبس"},"geometry":{"type":"Point","coordinates":[31.52473926526486,30.275512551200872]}},{"type":"Feature","properties":{"Gas_Facility_Type":"محبس","Easting":"031° 31' 39.09\" E","Northing":"30° 16' 36.69\" N","Description":null,"GlobalID":"{D6942BAE-F730-49CF-A347-DD5D892F17CB}","sectors":"القطاع الثاني عشر","Implementing":"غاز مصر","__networkId":"gas","__networkName":"شبكة الغاز","__layerId":"gas_assets","__layerName":"عناصر شبكة الغاز","__assetName":"عناصر الغاز","__geometryKind":"point","__featureIndex":810,"__typeValue":"محبس"},"geometry":{"type":"Point","coordinates":[31.529202263581293,30.27702381702855]}},{"type":"Feature","properties":{"Gas_Facility_Type":"محبس","Easting":"031° 31' 33.4\" E","Northing":"30° 16' 34.34\" N","Description":null,"GlobalID":"{0B9B6ABC-CF2F-4F07-A307-4908DE1B3CEA}","sectors":"القطاع الثاني عشر","Implementing":"غاز مصر","__networkId":"gas","__networkName":"شبكة الغاز","__layerId":"gas_assets","__layerName":"عناصر شبكة الغاز","__assetName":"عناصر الغاز","__geometryKind":"point","__featureIndex":811,"__typeValue":"محبس"},"geometry":{"type":"Point","coordinates":[31.527619878513374,30.276370938293724]}},{"type":"Feature","properties":{"Gas_Facility_Type":"محبس","Easting":"031° 31' 49.16\" E","Northing":"30° 16' 28.54\" N","Description":null,"GlobalID":"{096251FB-7B5D-4A6C-8D21-D27E74EC43FD}","sectors":"القطاع السادس عشر","Implementing":"غاز مصر","__networkId":"gas","__networkName":"شبكة الغاز","__layerId":"gas_assets","__layerName":"عناصر شبكة الغاز","__assetName":"عناصر الغاز","__geometryKind":"point","__featureIndex":812,"__typeValue":"محبس"},"geometry":{"type":"Point","coordinates":[31.53199781355896,30.27476068189277]}},{"type":"Feature","properties":{"Gas_Facility_Type":"محبس","Easting":"031° 31' 34.04\" E","Northing":"30° 16' 22.98\" N","Description":null,"GlobalID":"{CDCDEF03-32FC-44DD-875B-ABD1239E3D43}","sectors":"القطاع السادس عشر","Implementing":"غاز مصر","__networkId":"gas","__networkName":"شبكة الغاز","__layerId":"gas_assets","__layerName":"عناصر شبكة الغاز","__assetName":"عناصر الغاز","__geometryKind":"point","__featureIndex":813,"__typeValue":"محبس"},"geometry":{"type":"Point","coordinates":[31.527798287522085,30.273216382008044]}},{"type":"Feature","properties":{"Gas_Facility_Type":"محبس","Easting":"031° 31' 49.74\" E","Northing":"30° 16' 26.3\" N","Description":null,"GlobalID":"{A662780E-02CB-438F-8E5B-DB3D17ED0C86}","sectors":"القطاع السادس عشر","Implementing":"غاز مصر","__networkId":"gas","__networkName":"شبكة الغاز","__layerId":"gas_assets","__layerName":"عناصر شبكة الغاز","__assetName":"عناصر الغاز","__geometryKind":"point","__featureIndex":814,"__typeValue":"محبس"},"geometry":{"type":"Point","coordinates":[31.532159190509866,30.27413855734615]}},{"type":"Feature","properties":{"Gas_Facility_Type":"محبس","Easting":"031° 31' 52.81\" E","Northing":"30° 16' 43.07\" N","Description":null,"GlobalID":"{706FD54D-4C27-4194-B4DD-3783ECDAB3B1}","sectors":"القطاع الثاني عشر","Implementing":"غاز مصر","__networkId":"gas","__networkName":"شبكة الغاز","__layerId":"gas_assets","__layerName":"عناصر شبكة الغاز","__assetName":"عناصر الغاز","__geometryKind":"point","__featureIndex":815,"__typeValue":"محبس"},"geometry":{"type":"Point","coordinates":[31.533013896180194,30.27879727764343]}},{"type":"Feature","properties":{"Gas_Facility_Type":"محبس","Easting":"031° 31' 43.6\" E","Northing":"30° 16' 29.26\" N","Description":null,"GlobalID":"{0D9DB75B-9B1D-4A01-A11B-F7E36EF63AB7}","sectors":"القطاع السادس عشر","Implementing":"غاز مصر","__networkId":"gas","__networkName":"شبكة الغاز","__layerId":"gas_assets","__layerName":"عناصر شبكة الغاز","__assetName":"عناصر الغاز","__geometryKind":"point","__featureIndex":816,"__typeValue":"محبس"},"geometry":{"type":"Point","coordinates":[31.53045511785693,30.274959822047844]}},{"type":"Feature","properties":{"Gas_Facility_Type":"محبس","Easting":"031° 31' 29.7\" E","Northing":"30° 16' 42.4\" N","Description":null,"GlobalID":"{7E13B03F-DABE-4A22-B48A-A33DE10B3B60}","sectors":"القطاع الثاني عشر","Implementing":"غاز مصر","__networkId":"gas","__networkName":"شبكة الغاز","__layerId":"gas_assets","__layerName":"عناصر شبكة الغاز","__assetName":"عناصر الغاز","__geometryKind":"point","__featureIndex":817,"__typeValue":"محبس"},"geometry":{"type":"Point","coordinates":[31.52659193633376,30.278609757009388]}},{"type":"Feature","properties":{"Gas_Facility_Type":"محبس","Easting":"031° 31' 22.31\" E","Northing":"30° 16' 35.47\" N","Description":null,"GlobalID":"{DF6FD032-3DF8-462D-8A98-12AEA00E5A85}","sectors":"القطاع الثالث عشر","Implementing":"غاز مصر","__networkId":"gas","__networkName":"شبكة الغاز","__layerId":"gas_assets","__layerName":"عناصر شبكة الغاز","__assetName":"عناصر الغاز","__geometryKind":"point","__featureIndex":818,"__typeValue":"محبس"},"geometry":{"type":"Point","coordinates":[31.52453960750644,30.276686706107686]}},{"type":"Feature","properties":{"Gas_Facility_Type":"محبس","Easting":"031° 31' 35.93\" E","Northing":"30° 15' 55.81\" N","Description":null,"GlobalID":"{005F9B98-1D16-45D5-B287-44A326C5A83A}","sectors":"القطاع السادس عشر","Implementing":"غاز مصر","__networkId":"gas","__networkName":"شبكة الغاز","__layerId":"gas_assets","__layerName":"عناصر شبكة الغاز","__assetName":"عناصر الغاز","__geometryKind":"point","__featureIndex":819,"__typeValue":"محبس"},"geometry":{"type":"Point","coordinates":[31.5283241612894,30.2656684837301]}},{"type":"Feature","properties":{"Gas_Facility_Type":"محبس","Easting":"031° 31' 6.32\" E","Northing":"30° 16' 35.95\" N","Description":null,"GlobalID":"{96900E0C-81B8-4125-8C0B-B458432D8AE1}","sectors":"القطاع الثالث عشر","Implementing":"غاز مصر","__networkId":"gas","__networkName":"شبكة الغاز","__layerId":"gas_assets","__layerName":"عناصر شبكة الغاز","__assetName":"عناصر الغاز","__geometryKind":"point","__featureIndex":820,"__typeValue":"محبس"},"geometry":{"type":"Point","coordinates":[31.520098268469784,30.276820017043775]}},{"type":"Feature","properties":{"Gas_Facility_Type":"محبس","Easting":"031° 31' 37.12\" E","Northing":"30° 16' 24.62\" N","Description":null,"GlobalID":"{4B6E5189-93F2-4B2B-B17D-CDE33958E72D}","sectors":"القطاع السادس عشر","Implementing":"غاز مصر","__networkId":"gas","__networkName":"شبكة الغاز","__layerId":"gas_assets","__layerName":"عناصر شبكة الغاز","__assetName":"عناصر الغاز","__geometryKind":"point","__featureIndex":821,"__typeValue":"محبس"},"geometry":{"type":"Point","coordinates":[31.528654629922855,30.273670832157503]}},{"type":"Feature","properties":{"Gas_Facility_Type":"محبس","Easting":"031° 31' 57.49\" E","Northing":"30° 16' 43.12\" N","Description":null,"GlobalID":"{C38DE778-2AA7-4E6C-BA27-0B0C4CBCEDDA}","sectors":"القطاع الثاني عشر","Implementing":"غاز مصر","__networkId":"gas","__networkName":"شبكة الغاز","__layerId":"gas_assets","__layerName":"عناصر شبكة الغاز","__assetName":"عناصر الغاز","__geometryKind":"point","__featureIndex":822,"__typeValue":"محبس"},"geometry":{"type":"Point","coordinates":[31.534313708989,30.27881138422749]}},{"type":"Feature","properties":{"Gas_Facility_Type":"محبس","Easting":"031° 30' 58.92\" E","Northing":"30° 16' 34.97\" N","Description":null,"GlobalID":"{D2ECA300-B83C-49AD-9144-41637CDF3A60}","sectors":"القطاع الثالث عشر","Implementing":"غاز مصر","__networkId":"gas","__networkName":"شبكة الغاز","__layerId":"gas_assets","__layerName":"عناصر شبكة الغاز","__assetName":"عناصر الغاز","__geometryKind":"point","__featureIndex":823,"__typeValue":"محبس"},"geometry":{"type":"Point","coordinates":[31.518043921127987,30.27654598389874]}},{"type":"Feature","properties":{"Gas_Facility_Type":"محبس","Easting":"031° 31' 30.36\" E","Northing":"30° 16' 33.62\" N","Description":null,"GlobalID":"{D497EAFF-04B0-4701-AD50-77F1E38E169D}","sectors":"القطاع الثاني عشر","Implementing":"غاز مصر","__networkId":"gas","__networkName":"شبكة الغاز","__layerId":"gas_assets","__layerName":"عناصر شبكة الغاز","__assetName":"عناصر الغاز","__geometryKind":"point","__featureIndex":824,"__typeValue":"محبس"},"geometry":{"type":"Point","coordinates":[31.52677538399289,30.27617307019396]}},{"type":"Feature","properties":{"Gas_Facility_Type":"محبس","Easting":"031° 31' 33.98\" E","Northing":"30° 16' 43.06\" N","Description":null,"GlobalID":"{C2044F79-08F9-4054-A946-1BC4603E5D17}","sectors":"القطاع الثاني عشر","Implementing":"غاز مصر","__networkId":"gas","__networkName":"شبكة الغاز","__layerId":"gas_assets","__layerName":"عناصر شبكة الغاز","__assetName":"عناصر الغاز","__geometryKind":"point","__featureIndex":825,"__typeValue":"محبس"},"geometry":{"type":"Point","coordinates":[31.527780970698334,30.2787956795591]}},{"type":"Feature","properties":{"Gas_Facility_Type":"محبس","Easting":"031° 31' 48.37\" E","Northing":"30° 16' 37.65\" N","Description":null,"GlobalID":"{7125BED3-19B1-4F2A-BA1E-B3BA4C35EC3A}","sectors":"القطاع الثاني عشر","Implementing":"غاز مصر","__networkId":"gas","__networkName":"شبكة الغاز","__layerId":"gas_assets","__layerName":"عناصر شبكة الغاز","__assetName":"عناصر الغاز","__geometryKind":"point","__featureIndex":826,"__typeValue":"محبس"},"geometry":{"type":"Point","coordinates":[31.531778629121234,30.277291754304134]}},{"type":"Feature","properties":{"Gas_Facility_Type":"محبس","Easting":"031° 31' 28.62\" E","Northing":"30° 16' 37.16\" N","Description":null,"GlobalID":"{E91B037F-38D2-4F91-B026-0CDF4AD8B5DD}","sectors":"القطاع الثاني عشر","Implementing":"غاز مصر","__networkId":"gas","__networkName":"شبكة الغاز","__layerId":"gas_assets","__layerName":"عناصر شبكة الغاز","__assetName":"عناصر الغاز","__geometryKind":"point","__featureIndex":827,"__typeValue":"محبس"},"geometry":{"type":"Point","coordinates":[31.526293185416353,30.277155167105455]}},{"type":"Feature","properties":{"Gas_Facility_Type":"محبس","Easting":"031° 31' 0.44\" E","Northing":"30° 16' 37.08\" N","Description":null,"GlobalID":"{DCF4C787-EC3D-4C00-AD3E-798E4695514C}","sectors":"القطاع الثالث عشر","Implementing":"غاز مصر","__networkId":"gas","__networkName":"شبكة الغاز","__layerId":"gas_assets","__layerName":"عناصر شبكة الغاز","__assetName":"عناصر الغاز","__geometryKind":"point","__featureIndex":828,"__typeValue":"محبس"},"geometry":{"type":"Point","coordinates":[31.518464162899377,30.277133824562732]}},{"type":"Feature","properties":{"Gas_Facility_Type":"محبس","Easting":"031° 31' 38.32\" E","Northing":"30° 16' 16.63\" N","Description":null,"GlobalID":"{DE8ED4B7-ADA6-4ABB-AABA-5A90B62050EB}","sectors":"القطاع السادس عشر","Implementing":"غاز مصر","__networkId":"gas","__networkName":"شبكة الغاز","__layerId":"gas_assets","__layerName":"عناصر شبكة الغاز","__assetName":"عناصر الغاز","__geometryKind":"point","__featureIndex":829,"__typeValue":"محبس"},"geometry":{"type":"Point","coordinates":[31.528988085454625,30.271452348480192]}},{"type":"Feature","properties":{"Gas_Facility_Type":"محبس","Easting":"031° 31' 36.79\" E","Northing":"30° 16' 13.79\" N","Description":null,"GlobalID":"{C35DEC1A-3AAD-4D71-86EF-815142499E78}","sectors":"القطاع السادس عشر","Implementing":"غاز مصر","__networkId":"gas","__networkName":"شبكة الغاز","__layerId":"gas_assets","__layerName":"عناصر شبكة الغاز","__assetName":"عناصر الغاز","__geometryKind":"point","__featureIndex":830,"__typeValue":"محبس"},"geometry":{"type":"Point","coordinates":[31.528561533916687,30.270663831069346]}},{"type":"Feature","properties":{"Gas_Facility_Type":"محبس","Easting":"031° 31' 2.72\" E","Northing":"30° 16' 37.32\" N","Description":null,"GlobalID":"{9D56DC4F-20EE-4C9C-AE2F-929BE18F086E}","sectors":"القطاع الثالث عشر","Implementing":"غاز مصر","__networkId":"gas","__networkName":"شبكة الغاز","__layerId":"gas_assets","__layerName":"عناصر شبكة الغاز","__assetName":"عناصر الغاز","__geometryKind":"point","__featureIndex":831,"__typeValue":"محبس"},"geometry":{"type":"Point","coordinates":[31.519099678742066,30.27720093435783]}},{"type":"Feature","properties":{"Gas_Facility_Type":"محبس","Easting":"031° 31' 21.72\" E","Northing":"30° 16' 0.47\" N","Description":null,"GlobalID":"{441A35A7-FD70-4731-A2D9-22E4BCB69461}","sectors":"القطاع السابع عشر","Implementing":"غاز مصر","__networkId":"gas","__networkName":"شبكة الغاز","__layerId":"gas_assets","__layerName":"عناصر شبكة الغاز","__assetName":"عناصر الغاز","__geometryKind":"point","__featureIndex":832,"__typeValue":"محبس"},"geometry":{"type":"Point","coordinates":[31.524375653288992,30.26696491292933]}},{"type":"Feature","properties":{"Gas_Facility_Type":"محبس","Easting":"031° 31' 28.11\" E","Northing":"30° 16' 39.83\" N","Description":null,"GlobalID":"{4F86C1A7-FA0B-40DB-834E-3D3D0F38F184}","sectors":"القطاع الثاني عشر","Implementing":"غاز مصر","__networkId":"gas","__networkName":"شبكة الغاز","__layerId":"gas_assets","__layerName":"عناصر شبكة الغاز","__assetName":"عناصر الغاز","__geometryKind":"point","__featureIndex":833,"__typeValue":"محبس"},"geometry":{"type":"Point","coordinates":[31.526150614695947,30.277895974120273]}},{"type":"Feature","properties":{"Gas_Facility_Type":"محبس","Easting":"031° 31' 48.41\" E","Northing":"30° 16' 42.56\" N","Description":null,"GlobalID":"{DA349170-96CB-4D15-991D-A6F411A2FA62}","sectors":"القطاع الثاني عشر","Implementing":"غاز مصر","__networkId":"gas","__networkName":"شبكة الغاز","__layerId":"gas_assets","__layerName":"عناصر شبكة الغاز","__assetName":"عناصر الغاز","__geometryKind":"point","__featureIndex":834,"__typeValue":"محبس"},"geometry":{"type":"Point","coordinates":[31.53179072852977,30.278654716006585]}},{"type":"Feature","properties":{"Gas_Facility_Type":"محبس","Easting":"031° 31' 26.15\" E","Northing":"30° 16' 30.05\" N","Description":null,"GlobalID":"{EA0E3545-4DC0-4EFD-98A5-9BAAD114004E}","sectors":"القطاع الثالث عشر","Implementing":"غاز مصر","__networkId":"gas","__networkName":"شبكة الغاز","__layerId":"gas_assets","__layerName":"عناصر شبكة الغاز","__assetName":"عناصر الغاز","__geometryKind":"point","__featureIndex":835,"__typeValue":"محبس"},"geometry":{"type":"Point","coordinates":[31.525606073937016,30.27517970197629]}},{"type":"Feature","properties":{"Gas_Facility_Type":"محبس","Easting":"031° 31' 16.77\" E","Northing":"30° 16' 2.55\" N","Description":null,"GlobalID":"{84AC5853-06C6-40EF-BB1B-E63E33272BB3}","sectors":"القطاع السابع عشر","Implementing":"غاز مصر","__networkId":"gas","__networkName":"شبكة الغاز","__layerId":"gas_assets","__layerName":"عناصر شبكة الغاز","__assetName":"عناصر الغاز","__geometryKind":"point","__featureIndex":836,"__typeValue":"محبس"},"geometry":{"type":"Point","coordinates":[31.523000657779104,30.26754065870923]}},{"type":"Feature","properties":{"Gas_Facility_Type":"محبس","Easting":"031° 31' 17.93\" E","Northing":"30° 16' 27.18\" N","Description":null,"GlobalID":"{8D90022D-18D7-4F04-8885-50CE01ADEBDD}","sectors":"القطاع الثالث عشر","Implementing":"غاز مصر","__networkId":"gas","__networkName":"شبكة الغاز","__layerId":"gas_assets","__layerName":"عناصر شبكة الغاز","__assetName":"عناصر الغاز","__geometryKind":"point","__featureIndex":837,"__typeValue":"محبس"},"geometry":{"type":"Point","coordinates":[31.523323135898114,30.27438330906569]}},{"type":"Feature","properties":{"Gas_Facility_Type":"محبس","Easting":"031° 31' 12.11\" E","Northing":"30° 16' 27.21\" N","Description":null,"GlobalID":"{7EEDE587-D10D-4D90-B840-CABD63B97F91}","sectors":"القطاع الثالث عشر","Implementing":"غاز مصر","__networkId":"gas","__networkName":"شبكة الغاز","__layerId":"gas_assets","__layerName":"عناصر شبكة الغاز","__assetName":"عناصر الغاز","__geometryKind":"point","__featureIndex":838,"__typeValue":"محبس"},"geometry":{"type":"Point","coordinates":[31.52170593931631,30.274392415452336]}},{"type":"Feature","properties":{"Gas_Facility_Type":"محبس","Easting":"031° 31' 36.76\" E","Northing":"30° 16' 35.89\" N","Description":null,"GlobalID":"{A4F23A08-D5C4-440F-88B8-BC51F9A119C4}","sectors":"القطاع الثاني عشر","Implementing":"غاز مصر","__networkId":"gas","__networkName":"شبكة الغاز","__layerId":"gas_assets","__layerName":"عناصر شبكة الغاز","__assetName":"عناصر الغاز","__geometryKind":"point","__featureIndex":839,"__typeValue":"محبس"},"geometry":{"type":"Point","coordinates":[31.528553257738,30.27680194436138]}},{"type":"Feature","properties":{"Gas_Facility_Type":"محبس","Easting":"031° 31' 50.67\" E","Northing":"30° 16' 24.19\" N","Description":null,"GlobalID":"{E051FB83-4F2F-489E-AA6C-D2C2549875A7}","sectors":"القطاع السادس عشر","Implementing":"غاز مصر","__networkId":"gas","__networkName":"شبكة الغاز","__layerId":"gas_assets","__layerName":"عناصر شبكة الغاز","__assetName":"عناصر الغاز","__geometryKind":"point","__featureIndex":840,"__typeValue":"محبس"},"geometry":{"type":"Point","coordinates":[31.532416967470528,30.273551973398742]}},{"type":"Feature","properties":{"Gas_Facility_Type":"محبس","Easting":"031° 31' 8.71\" E","Northing":"30° 16' 28.71\" N","Description":null,"GlobalID":"{28699C70-E379-439A-9519-ACD56DC75803}","sectors":"القطاع الثالث عشر","Implementing":"غاز مصر","__networkId":"gas","__networkName":"شبكة الغاز","__layerId":"gas_assets","__layerName":"عناصر شبكة الغاز","__assetName":"عناصر الغاز","__geometryKind":"point","__featureIndex":841,"__typeValue":"محبس"},"geometry":{"type":"Point","coordinates":[31.52076127904837,30.27480752319399]}},{"type":"Feature","properties":{"Gas_Facility_Type":"محبس","Easting":"031° 31' 16.17\" E","Northing":"30° 16' 38.61\" N","Description":null,"GlobalID":"{A47911F8-E7AE-41AC-B4F3-A7B936651BE0}","sectors":"القطاع الثالث عشر","Implementing":"غاز مصر","__networkId":"gas","__networkName":"شبكة الغاز","__layerId":"gas_assets","__layerName":"عناصر شبكة الغاز","__assetName":"عناصر الغاز","__geometryKind":"point","__featureIndex":842,"__typeValue":"محبس"},"geometry":{"type":"Point","coordinates":[31.522836078334247,30.27755826884555]}},{"type":"Feature","properties":{"Gas_Facility_Type":"محبس","Easting":"031° 31' 19.06\" E","Northing":"30° 16' 34.72\" N","Description":null,"GlobalID":"{4348BCCC-1D79-4829-9912-AB9B0AEEFAC3}","sectors":"القطاع الثالث عشر","Implementing":"غاز مصر","__networkId":"gas","__networkName":"شبكة الغاز","__layerId":"gas_assets","__layerName":"عناصر شبكة الغاز","__assetName":"عناصر الغاز","__geometryKind":"point","__featureIndex":843,"__typeValue":"محبس"},"geometry":{"type":"Point","coordinates":[31.52363833945996,30.27647722665906]}},{"type":"Feature","properties":{"Gas_Facility_Type":"محبس","Easting":"031° 31' 22.62\" E","Northing":"30° 16' 41.51\" N","Description":null,"GlobalID":"{500616CB-0548-47CB-B10F-D10EAC939B2B}","sectors":"القطاع الثالث عشر","Implementing":"غاز مصر","__networkId":"gas","__networkName":"شبكة الغاز","__layerId":"gas_assets","__layerName":"عناصر شبكة الغاز","__assetName":"عناصر الغاز","__geometryKind":"point","__featureIndex":844,"__typeValue":"محبس"},"geometry":{"type":"Point","coordinates":[31.524627518436755,30.278364351768445]}},{"type":"Feature","properties":{"Gas_Facility_Type":"محبس","Easting":"031° 31' 49.08\" E","Northing":"30° 16' 21.14\" N","Description":null,"GlobalID":"{789A9C41-0DD1-4AAE-9B5A-4E776038517B}","sectors":"القطاع السادس عشر","Implementing":"غاز مصر","__networkId":"gas","__networkName":"شبكة الغاز","__layerId":"gas_assets","__layerName":"عناصر شبكة الغاز","__assetName":"عناصر الغاز","__geometryKind":"point","__featureIndex":845,"__typeValue":"محبس"},"geometry":{"type":"Point","coordinates":[31.531976013243664,30.27270441378398]}},{"type":"Feature","properties":{"Gas_Facility_Type":"محبس","Easting":"031° 31' 12.22\" E","Northing":"30° 16' 36.59\" N","Description":null,"GlobalID":"{9FF22268-167D-4580-9FE1-94458D9D03F9}","sectors":"القطاع الثالث عشر","Implementing":"غاز مصر","__networkId":"gas","__networkName":"شبكة الغاز","__layerId":"gas_assets","__layerName":"عناصر شبكة الغاز","__assetName":"عناصر الغاز","__geometryKind":"point","__featureIndex":846,"__typeValue":"محبس"},"geometry":{"type":"Point","coordinates":[31.521738902097365,30.276996871750253]}},{"type":"Feature","properties":{"Gas_Facility_Type":"محبس","Easting":"031° 31' 7.11\" E","Northing":"30° 16' 37.85\" N","Description":null,"GlobalID":"{84D75750-1AF5-49EE-8322-473CBFDF86DA}","sectors":"القطاع الثالث عشر","Implementing":"غاز مصر","__networkId":"gas","__networkName":"شبكة الغاز","__layerId":"gas_assets","__layerName":"عناصر شبكة الغاز","__assetName":"عناصر الغاز","__geometryKind":"point","__featureIndex":847,"__typeValue":"محبس"},"geometry":{"type":"Point","coordinates":[31.52031767029981,30.277347942553384]}},{"type":"Feature","properties":{"Gas_Facility_Type":"محبس","Easting":"031° 31' 29.83\" E","Northing":"30° 16' 35.26\" N","Description":null,"GlobalID":"{89D1AC14-AB2B-42D2-929D-2C3A41D2DEFF}","sectors":"القطاع الثاني عشر","Implementing":"غاز مصر","__networkId":"gas","__networkName":"شبكة الغاز","__layerId":"gas_assets","__layerName":"عناصر شبكة الغاز","__assetName":"عناصر الغاز","__geometryKind":"point","__featureIndex":848,"__typeValue":"محبس"},"geometry":{"type":"Point","coordinates":[31.52662805309976,30.276627867394158]}},{"type":"Feature","properties":{"Gas_Facility_Type":"محبس","Easting":"031° 30' 32.2\" E","Northing":"30° 16' 36.69\" N","Description":null,"GlobalID":"{5A00AF35-20C5-42B7-B14C-6134B1D7DB62}","sectors":"القطاع الرابع عشر","Implementing":"غاز مصر","__networkId":"gas","__networkName":"شبكة الغاز","__layerId":"gas_assets","__layerName":"عناصر شبكة الغاز","__assetName":"عناصر الغاز","__geometryKind":"point","__featureIndex":849,"__typeValue":"محبس"},"geometry":{"type":"Point","coordinates":[31.510621997131473,30.27702618161545]}},{"type":"Feature","properties":{"Gas_Facility_Type":"محبس","Easting":"031° 31' 0.3\" E","Northing":"30° 16' 20.91\" N","Description":null,"GlobalID":"{DC78F5CB-81F7-4035-9CB2-A67CA54A121E}","sectors":"القطاع الثالث عشر","Implementing":"غاز مصر","__networkId":"gas","__networkName":"شبكة الغاز","__layerId":"gas_assets","__layerName":"عناصر شبكة الغاز","__assetName":"عناصر الغاز","__geometryKind":"point","__featureIndex":850,"__typeValue":"محبس"},"geometry":{"type":"Point","coordinates":[31.518427676925803,30.272640975187212]}},{"type":"Feature","properties":{"Gas_Facility_Type":"محبس","Easting":"031° 30' 44.09\" E","Northing":"30° 16' 15.46\" N","Description":null,"GlobalID":"{D091DFAB-4229-4F8A-94FF-FD2D7B11DD09}","sectors":"القطاع الرابع عشر","Implementing":"غاز مصر","__networkId":"gas","__networkName":"شبكة الغاز","__layerId":"gas_assets","__layerName":"عناصر شبكة الغاز","__assetName":"عناصر الغاز","__geometryKind":"point","__featureIndex":851,"__typeValue":"محبس"},"geometry":{"type":"Point","coordinates":[31.51392408104671,30.271127270162577]}},{"type":"Feature","properties":{"Gas_Facility_Type":"محبس","Easting":"031° 30' 30.41\" E","Northing":"30° 16' 28.93\" N","Description":null,"GlobalID":"{697258C6-0AAE-4549-846D-83EF96653486}","sectors":"القطاع الرابع عشر","Implementing":"غاز مصر","__networkId":"gas","__networkName":"شبكة الغاز","__layerId":"gas_assets","__layerName":"عناصر شبكة الغاز","__assetName":"عناصر الغاز","__geometryKind":"point","__featureIndex":852,"__typeValue":"محبس"},"geometry":{"type":"Point","coordinates":[31.51012306114455,30.27486892856994]}},{"type":"Feature","properties":{"Gas_Facility_Type":"محبس","Easting":"031° 30' 17.6\" E","Northing":"30° 16' 28.16\" N","Description":null,"GlobalID":"{E7F23C3B-8A70-4F93-834B-5D84AD898127}","sectors":"القطاع الخامس عشر","Implementing":"غاز مصر","__networkId":"gas","__networkName":"شبكة الغاز","__layerId":"gas_assets","__layerName":"عناصر شبكة الغاز","__assetName":"عناصر الغاز","__geometryKind":"point","__featureIndex":853,"__typeValue":"محبس"},"geometry":{"type":"Point","coordinates":[31.506565537685038,30.274655448310572]}},{"type":"Feature","properties":{"Gas_Facility_Type":"محبس","Easting":"031° 30' 36.55\" E","Northing":"30° 16' 29.98\" N","Description":null,"GlobalID":"{54CECBD8-7FB3-4B96-BCEE-0240EDD1D1F3}","sectors":"القطاع الرابع عشر","Implementing":"غاز مصر","__networkId":"gas","__networkName":"شبكة الغاز","__layerId":"gas_assets","__layerName":"عناصر شبكة الغاز","__assetName":"عناصر الغاز","__geometryKind":"point","__featureIndex":854,"__typeValue":"محبس"},"geometry":{"type":"Point","coordinates":[31.51182992126985,30.275161801994788]}},{"type":"Feature","properties":{"Gas_Facility_Type":"محبس","Easting":"031° 30' 16.08\" E","Northing":"30° 16' 27.57\" N","Description":null,"GlobalID":"{5777E2F2-95AD-4373-9D06-5341DC9F63B4}","sectors":"القطاع الخامس عشر","Implementing":"غاز مصر","__networkId":"gas","__networkName":"شبكة الغاز","__layerId":"gas_assets","__layerName":"عناصر شبكة الغاز","__assetName":"عناصر الغاز","__geometryKind":"point","__featureIndex":855,"__typeValue":"محبس"},"geometry":{"type":"Point","coordinates":[31.506144128103788,30.27449293243379]}},{"type":"Feature","properties":{"Gas_Facility_Type":"محبس","Easting":"031° 30' 38.95\" E","Northing":"30° 16' 28.68\" N","Description":null,"GlobalID":"{EB818279-C2B5-46DF-ABC4-AA4A3A884C81}","sectors":"القطاع الرابع عشر","Implementing":"غاز مصر","__networkId":"gas","__networkName":"شبكة الغاز","__layerId":"gas_assets","__layerName":"عناصر شبكة الغاز","__assetName":"عناصر الغاز","__geometryKind":"point","__featureIndex":856,"__typeValue":"محبس"},"geometry":{"type":"Point","coordinates":[31.512495149788865,30.274798914134134]}},{"type":"Feature","properties":{"Gas_Facility_Type":"محبس","Easting":"031° 30' 50.35\" E","Northing":"30° 16' 17.62\" N","Description":null,"GlobalID":"{91B4E4A6-48EE-4490-AE47-A959C047C2E5}","sectors":"القطاع الرابع عشر","Implementing":"غاز مصر","__networkId":"gas","__networkName":"شبكة الغاز","__layerId":"gas_assets","__layerName":"عناصر شبكة الغاز","__assetName":"عناصر الغاز","__geometryKind":"point","__featureIndex":857,"__typeValue":"محبس"},"geometry":{"type":"Point","coordinates":[31.5156626750577,30.271726793844927]}},{"type":"Feature","properties":{"Gas_Facility_Type":"محبس","Easting":"031° 30' 28.86\" E","Northing":"30° 16' 28.87\" N","Description":null,"GlobalID":"{5B732899-69DF-4D7F-9BC0-FB7386CD9BC2}","sectors":"القطاع الرابع عشر","Implementing":"غاز مصر","__networkId":"gas","__networkName":"شبكة الغاز","__layerId":"gas_assets","__layerName":"عناصر شبكة الغاز","__assetName":"عناصر الغاز","__geometryKind":"point","__featureIndex":858,"__typeValue":"محبس"},"geometry":{"type":"Point","coordinates":[31.50969273308919,30.27485345058017]}},{"type":"Feature","properties":{"Gas_Facility_Type":"محبس","Easting":"031° 30' 31.88\" E","Northing":"30° 16' 12.26\" N","Description":null,"GlobalID":"{656EACB5-82EB-4969-9C91-85A96181E906}","sectors":"القطاع الرابع عشر","Implementing":"غاز مصر","__networkId":"gas","__networkName":"شبكة الغاز","__layerId":"gas_assets","__layerName":"عناصر شبكة الغاز","__assetName":"عناصر الغاز","__geometryKind":"point","__featureIndex":859,"__typeValue":"محبس"},"geometry":{"type":"Point","coordinates":[31.51053173800498,30.270239678167993]}},{"type":"Feature","properties":{"Gas_Facility_Type":"محبس","Easting":"031° 31' 0.32\" E","Northing":"30° 16' 27.3\" N","Description":null,"GlobalID":"{AF6C9DAB-8E55-450F-A0B5-1D3E697B02EE}","sectors":"القطاع الثالث عشر","Implementing":"غاز مصر","__networkId":"gas","__networkName":"شبكة الغاز","__layerId":"gas_assets","__layerName":"عناصر شبكة الغاز","__assetName":"عناصر الغاز","__geometryKind":"point","__featureIndex":860,"__typeValue":"محبس"},"geometry":{"type":"Point","coordinates":[31.518431925957074,30.27441628072916]}},{"type":"Feature","properties":{"Gas_Facility_Type":"محبس","Easting":"031° 30' 17.54\" E","Northing":"30° 16' 32.67\" N","Description":null,"GlobalID":"{24179576-B7D2-455A-AFC8-E69BCF34A127}","sectors":"القطاع الخامس عشر","Implementing":"غاز مصر","__networkId":"gas","__networkName":"شبكة الغاز","__layerId":"gas_assets","__layerName":"عناصر شبكة الغاز","__assetName":"عناصر الغاز","__geometryKind":"point","__featureIndex":861,"__typeValue":"محبس"},"geometry":{"type":"Point","coordinates":[31.506548565814374,30.275907166318106]}},{"type":"Feature","properties":{"Gas_Facility_Type":"محبس","Easting":"031° 30' 42.63\" E","Northing":"30° 16' 26.65\" N","Description":null,"GlobalID":"{B5FCE54C-B9EA-40F8-93A4-401DD7DA5D78}","sectors":"القطاع الرابع عشر","Implementing":"غاز مصر","__networkId":"gas","__networkName":"شبكة الغاز","__layerId":"gas_assets","__layerName":"عناصر شبكة الغاز","__assetName":"عناصر الغاز","__geometryKind":"point","__featureIndex":862,"__typeValue":"محبس"},"geometry":{"type":"Point","coordinates":[31.51351845037341,30.274234939546222]}},{"type":"Feature","properties":{"Gas_Facility_Type":"محبس","Easting":"031° 29' 55.2\" E","Northing":"30° 16' 23.4\" N","Description":null,"GlobalID":"{AA81C35B-AF32-409E-8B91-58A5C279522A}","sectors":"القطاع الخامس عشر","Implementing":"غاز مصر","__networkId":"gas","__networkName":"شبكة الغاز","__layerId":"gas_assets","__layerName":"عناصر شبكة الغاز","__assetName":"عناصر الغاز","__geometryKind":"point","__featureIndex":863,"__typeValue":"محبس"},"geometry":{"type":"Point","coordinates":[31.50034343502301,30.273334066593478]}},{"type":"Feature","properties":{"Gas_Facility_Type":"محبس","Easting":"031° 30' 48.08\" E","Northing":"30° 16' 29.13\" N","Description":null,"GlobalID":"{A5A90467-7428-4615-ADB8-D6A96E1A56A8}","sectors":"القطاع الرابع عشر","Implementing":"غاز مصر","__networkId":"gas","__networkName":"شبكة الغاز","__layerId":"gas_assets","__layerName":"عناصر شبكة الغاز","__assetName":"عناصر الغاز","__geometryKind":"point","__featureIndex":864,"__typeValue":"محبس"},"geometry":{"type":"Point","coordinates":[31.51503130943161,30.27492447506833]}},{"type":"Feature","properties":{"Gas_Facility_Type":"محبس","Easting":"031° 31' 51.2\" E","Northing":"30° 16' 1.12\" N","Description":null,"GlobalID":"{8F79197E-EAE3-4734-827E-A336F169DB69}","sectors":"القطاع السادس عشر","Implementing":"غاز مصر","__networkId":"gas","__networkName":"شبكة الغاز","__layerId":"gas_assets","__layerName":"عناصر شبكة الغاز","__assetName":"عناصر الغاز","__geometryKind":"point","__featureIndex":865,"__typeValue":"محبس"},"geometry":{"type":"Point","coordinates":[31.532565598225855,30.26714400668323]}},{"type":"Feature","properties":{"Gas_Facility_Type":"محبس","Easting":"031° 31' 34.63\" E","Northing":"30° 16' 5.47\" N","Description":null,"GlobalID":"{CED4EB1B-0101-4C7F-BFE4-C0D3DB0CBA96}","sectors":"القطاع السابع عشر","Implementing":"غاز مصر","__networkId":"gas","__networkName":"شبكة الغاز","__layerId":"gas_assets","__layerName":"عناصر شبكة الغاز","__assetName":"عناصر الغاز","__geometryKind":"point","__featureIndex":866,"__typeValue":"محبس"},"geometry":{"type":"Point","coordinates":[31.52796205758489,30.268351560477345]}},{"type":"Feature","properties":{"Gas_Facility_Type":"محبس","Easting":"031° 31' 34.65\" E","Northing":"30° 16' 5.47\" N","Description":null,"GlobalID":"{E43B13D4-443E-4C6C-A82C-5CCEC962BFAA}","sectors":"القطاع السابع عشر","Implementing":"غاز مصر","__networkId":"gas","__networkName":"شبكة الغاز","__layerId":"gas_assets","__layerName":"عناصر شبكة الغاز","__assetName":"عناصر الغاز","__geometryKind":"point","__featureIndex":867,"__typeValue":"محبس"},"geometry":{"type":"Point","coordinates":[31.527968671880323,30.268351659010555]}},{"type":"Feature","properties":{"Gas_Facility_Type":"محبس","Easting":"031° 31' 34.85\" E","Northing":"30° 16' 5.86\" N","Description":null,"GlobalID":"{A0C0AF16-74D6-4E12-8348-27A41BF2A7F9}","sectors":"القطاع السابع عشر","Implementing":"غاز مصر","__networkId":"gas","__networkName":"شبكة الغاز","__layerId":"gas_assets","__layerName":"عناصر شبكة الغاز","__assetName":"عناصر الغاز","__geometryKind":"point","__featureIndex":868,"__typeValue":"محبس"},"geometry":{"type":"Point","coordinates":[31.52802303073481,30.26846228763465]}},{"type":"Feature","properties":{"Gas_Facility_Type":"محبس","Easting":"031° 31' 50.75\" E","Northing":"30° 16' 1.23\" N","Description":null,"GlobalID":"{B99B189E-529B-402C-A648-8D326A5A32C9}","sectors":"القطاع السادس عشر","Implementing":"غاز مصر","__networkId":"gas","__networkName":"شبكة الغاز","__layerId":"gas_assets","__layerName":"عناصر شبكة الغاز","__assetName":"عناصر الغاز","__geometryKind":"point","__featureIndex":869,"__typeValue":"محبس"},"geometry":{"type":"Point","coordinates":[31.53243925377442,30.267173778024365]}},{"type":"Feature","properties":{"Gas_Facility_Type":"محبس","Easting":"031° 30' 45.28\" E","Northing":"30° 16' 8.15\" N","Description":null,"GlobalID":"{D4899FB9-10B1-4895-BCA7-94FCF8ADF484}","sectors":"القطاع السابع عشر","Implementing":"غاز مصر","__networkId":"gas","__networkName":"شبكة الغاز","__layerId":"gas_assets","__layerName":"عناصر شبكة الغاز","__assetName":"عناصر الغاز","__geometryKind":"point","__featureIndex":870,"__typeValue":"محبس"},"geometry":{"type":"Point","coordinates":[31.514253451938878,30.269096412475292]}},{"type":"Feature","properties":{"Gas_Facility_Type":"محبس","Easting":"031° 31' 57.34\" E","Northing":"30° 16' 8.89\" N","Description":null,"GlobalID":"{143DF27E-0DE6-414A-A08D-1319DB881B41}","sectors":"القطاع السادس عشر","Implementing":"غاز مصر","__networkId":"gas","__networkName":"شبكة الغاز","__layerId":"gas_assets","__layerName":"عناصر شبكة الغاز","__assetName":"عناصر الغاز","__geometryKind":"point","__featureIndex":871,"__typeValue":"محبس"},"geometry":{"type":"Point","coordinates":[31.534271509730182,30.269301645188524]}},{"type":"Feature","properties":{"Gas_Facility_Type":"محبس","Easting":"031° 31' 45.29\" E","Northing":"30° 16' 7.47\" N","Description":null,"GlobalID":"{AA593804-7A58-42D2-942F-F9EDF1677D4B}","sectors":"القطاع السادس عشر","Implementing":"غاز مصر","__networkId":"gas","__networkName":"شبكة الغاز","__layerId":"gas_assets","__layerName":"عناصر شبكة الغاز","__assetName":"عناصر الغاز","__geometryKind":"point","__featureIndex":872,"__typeValue":"محبس"},"geometry":{"type":"Point","coordinates":[31.530923037712,30.268907085754744]}},{"type":"Feature","properties":{"Gas_Facility_Type":"محبس","Easting":"031° 31' 26.25\" E","Northing":"30° 16' 14.33\" N","Description":null,"GlobalID":"{76D8FA0C-1406-457F-8A5B-844B3AC219F6}","sectors":"القطاع السابع عشر","Implementing":"غاز مصر","__networkId":"gas","__networkName":"شبكة الغاز","__layerId":"gas_assets","__layerName":"عناصر شبكة الغاز","__assetName":"عناصر الغاز","__geometryKind":"point","__featureIndex":873,"__typeValue":"محبس"},"geometry":{"type":"Point","coordinates":[31.525634506514077,30.27081436667948]}},{"type":"Feature","properties":{"Gas_Facility_Type":"محبس","Easting":"031° 31' 45.87\" E","Northing":"30° 16' 25.12\" N","Description":null,"GlobalID":"{92A7CBFE-F5C2-4CA8-A3EB-DD1230D61A3B}","sectors":"القطاع السادس عشر","Implementing":"غاز مصر","__networkId":"gas","__networkName":"شبكة الغاز","__layerId":"gas_assets","__layerName":"عناصر شبكة الغاز","__assetName":"عناصر الغاز","__geometryKind":"point","__featureIndex":874,"__typeValue":"محبس"},"geometry":{"type":"Point","coordinates":[31.531083681637643,30.273812094572577]}},{"type":"Feature","properties":{"Gas_Facility_Type":"محبس","Easting":"031° 31' 20.88\" E","Northing":"30° 16' 18.19\" N","Description":null,"GlobalID":"{C6EAB3BD-042E-4C4F-A78A-90E9D01670AD}","sectors":"القطاع السابع عشر","Implementing":"غاز مصر","__networkId":"gas","__networkName":"شبكة الغاز","__layerId":"gas_assets","__layerName":"عناصر شبكة الغاز","__assetName":"عناصر الغاز","__geometryKind":"point","__featureIndex":875,"__typeValue":"محبس"},"geometry":{"type":"Point","coordinates":[31.524141898177312,30.271885463888594]}},{"type":"Feature","properties":{"Gas_Facility_Type":"محبس","Easting":"031° 32' 1.42\" E","Northing":"30° 16' 8.91\" N","Description":null,"GlobalID":"{A1050D08-9FB9-4EFA-B64B-E6A564325522}","sectors":"القطاع السادس عشر","Implementing":"غاز مصر","__networkId":"gas","__networkName":"شبكة الغاز","__layerId":"gas_assets","__layerName":"عناصر شبكة الغاز","__assetName":"عناصر الغاز","__geometryKind":"point","__featureIndex":876,"__typeValue":"محبس"},"geometry":{"type":"Point","coordinates":[31.53540449640756,30.269309213547775]}},{"type":"Feature","properties":{"Gas_Facility_Type":"محبس","Easting":"031° 31' 42.03\" E","Northing":"30° 15' 59.84\" N","Description":null,"GlobalID":"{C2228191-B74E-47E6-824C-104AEE2F5A3E}","sectors":"القطاع السادس عشر","Implementing":"غاز مصر","__networkId":"gas","__networkName":"شبكة الغاز","__layerId":"gas_assets","__layerName":"عناصر شبكة الغاز","__assetName":"عناصر الغاز","__geometryKind":"point","__featureIndex":877,"__typeValue":"محبس"},"geometry":{"type":"Point","coordinates":[31.530018663291294,30.266789233426234]}},{"type":"Feature","properties":{"Gas_Facility_Type":"محبس","Easting":"031° 31' 14.6\" E","Northing":"30° 15' 59.68\" N","Description":null,"GlobalID":"{CC1C3F86-C2A0-470B-896C-192DA2701205}","sectors":"القطاع السابع عشر","Implementing":"غاز مصر","__networkId":"gas","__networkName":"شبكة الغاز","__layerId":"gas_assets","__layerName":"عناصر شبكة الغاز","__assetName":"عناصر الغاز","__geometryKind":"point","__featureIndex":878,"__typeValue":"محبس"},"geometry":{"type":"Point","coordinates":[31.52239895003215,30.266744845461158]}},{"type":"Feature","properties":{"Gas_Facility_Type":"محبس","Easting":"031° 31' 51.56\" E","Northing":"30° 16' 1.12\" N","Description":null,"GlobalID":"{DC4C38CE-6005-4557-99A3-B0D2B03E13F5}","sectors":"القطاع السادس عشر","Implementing":"غاز مصر","__networkId":"gas","__networkName":"شبكة الغاز","__layerId":"gas_assets","__layerName":"عناصر شبكة الغاز","__assetName":"عناصر الغاز","__geometryKind":"point","__featureIndex":879,"__typeValue":"محبس"},"geometry":{"type":"Point","coordinates":[31.53266517467848,30.267143825907574]}},{"type":"Feature","properties":{"Gas_Facility_Type":"محبس","Easting":"031° 31' 51.35\" E","Northing":"30° 16' 26.25\" N","Description":null,"GlobalID":"{64F5C47B-656A-4C69-84B9-1504A6A51B3E}","sectors":"القطاع السادس عشر","Implementing":"غاز مصر","__networkId":"gas","__networkName":"شبكة الغاز","__layerId":"gas_assets","__layerName":"عناصر شبكة الغاز","__assetName":"عناصر الغاز","__geometryKind":"point","__featureIndex":880,"__typeValue":"محبس"},"geometry":{"type":"Point","coordinates":[31.53260646348645,30.274124482674303]}},{"type":"Feature","properties":{"Gas_Facility_Type":"محبس","Easting":"031° 31' 48.49\" E","Northing":"30° 15' 50.44\" N","Description":null,"GlobalID":"{BD8F68C1-EA1A-47E8-AACD-90DE7C7A1AF3}","sectors":"القطاع السادس عشر","Implementing":"غاز مصر","__networkId":"gas","__networkName":"شبكة الغاز","__layerId":"gas_assets","__layerName":"عناصر شبكة الغاز","__assetName":"عناصر الغاز","__geometryKind":"point","__featureIndex":881,"__typeValue":"محبس"},"geometry":{"type":"Point","coordinates":[31.5318139625563,30.264178073429957]}},{"type":"Feature","properties":{"Gas_Facility_Type":"محبس","Easting":"031° 31' 56.68\" E","Northing":"30° 15' 49.1\" N","Description":null,"GlobalID":"{4D6DE413-4EA5-4414-80A6-23DFD9D09B33}","sectors":"القطاع السادس عشر","Implementing":"غاز مصر","__networkId":"gas","__networkName":"شبكة الغاز","__layerId":"gas_assets","__layerName":"عناصر شبكة الغاز","__assetName":"عناصر الغاز","__geometryKind":"point","__featureIndex":882,"__typeValue":"محبس"},"geometry":{"type":"Point","coordinates":[31.53408767310058,30.263806435627814]}},{"type":"Feature","properties":{"Gas_Facility_Type":"محبس","Easting":"031° 31' 57.13\" E","Northing":"30° 16' 7.83\" N","Description":null,"GlobalID":"{7B60A8F0-2C1C-4E0C-97E6-67A0584A7AC1}","sectors":"القطاع السادس عشر","Implementing":"غاز مصر","__networkId":"gas","__networkName":"شبكة الغاز","__layerId":"gas_assets","__layerName":"عناصر شبكة الغاز","__assetName":"عناصر الغاز","__geometryKind":"point","__featureIndex":883,"__typeValue":"محبس"},"geometry":{"type":"Point","coordinates":[31.534211653186183,30.26900800325915]}},{"type":"Feature","properties":{"Gas_Facility_Type":"محبس","Easting":"031° 31' 57.91\" E","Northing":"30° 16' 21.22\" N","Description":null,"GlobalID":"{D044C868-B0FC-4CAF-A249-1ED062D64C61}","sectors":"القطاع السادس عشر","Implementing":"غاز مصر","__networkId":"gas","__networkName":"شبكة الغاز","__layerId":"gas_assets","__layerName":"عناصر شبكة الغاز","__assetName":"عناصر الغاز","__geometryKind":"point","__featureIndex":884,"__typeValue":"محبس"},"geometry":{"type":"Point","coordinates":[31.53442863315824,30.272726450870376]}},{"type":"Feature","properties":{"Gas_Facility_Type":"محبس","Easting":"031° 29' 51.86\" E","Northing":"30° 16' 32.42\" N","Description":null,"GlobalID":"{EBDA083C-C602-47D6-A172-68A5450047C7}","sectors":"القطاع الخامس عشر","Implementing":"غاز مصر","__networkId":"gas","__networkName":"شبكة الغاز","__layerId":"gas_assets","__layerName":"عناصر شبكة الغاز","__assetName":"عناصر الغاز","__geometryKind":"point","__featureIndex":885,"__typeValue":"محبس"},"geometry":{"type":"Point","coordinates":[31.49941557325089,30.275840354318397]}},{"type":"Feature","properties":{"Gas_Facility_Type":"محبس","Easting":"031° 30' 30.48\" E","Northing":"30° 16' 32.08\" N","Description":null,"GlobalID":"{AB316A85-6931-4D4F-B046-E24672F5C8FF}","sectors":"القطاع الرابع عشر","Implementing":"غاز مصر","__networkId":"gas","__networkName":"شبكة الغاز","__layerId":"gas_assets","__layerName":"عناصر شبكة الغاز","__assetName":"عناصر الغاز","__geometryKind":"point","__featureIndex":886,"__typeValue":"محبس"},"geometry":{"type":"Point","coordinates":[31.51014268394365,30.27574365949857]}},{"type":"Feature","properties":{"Gas_Facility_Type":"محبس","Easting":"031° 30' 27.09\" E","Northing":"30° 16' 33.57\" N","Description":null,"GlobalID":"{71271FD3-0AB0-4F4E-8C68-1B7CBBB771FF}","sectors":"القطاع الرابع عشر","Implementing":"غاز مصر","__networkId":"gas","__networkName":"شبكة الغاز","__layerId":"gas_assets","__layerName":"عناصر شبكة الغاز","__assetName":"عناصر الغاز","__geometryKind":"point","__featureIndex":887,"__typeValue":"محبس"},"geometry":{"type":"Point","coordinates":[31.509201598072192,30.27615924018773]}},{"type":"Feature","properties":{"Gas_Facility_Type":"محبس","Easting":"031° 30' 14.51\" E","Northing":"30° 16' 24.33\" N","Description":null,"GlobalID":"{5F3EC5AD-EB63-4E7A-9375-B22935D17972}","sectors":"القطاع الخامس عشر","Implementing":"غاز مصر","__networkId":"gas","__networkName":"شبكة الغاز","__layerId":"gas_assets","__layerName":"عناصر شبكة الغاز","__assetName":"عناصر الغاز","__geometryKind":"point","__featureIndex":888,"__typeValue":"محبس"},"geometry":{"type":"Point","coordinates":[31.505705857144648,30.273590895030356]}},{"type":"Feature","properties":{"Gas_Facility_Type":"محبس","Easting":"031° 30' 21.38\" E","Northing":"30° 16' 21.44\" N","Description":null,"GlobalID":"{83CA19DE-7223-4248-B8E6-38C7AC8178A4}","sectors":"القطاع الرابع عشر","Implementing":"غاز مصر","__networkId":"gas","__networkName":"شبكة الغاز","__layerId":"gas_assets","__layerName":"عناصر شبكة الغاز","__assetName":"عناصر الغاز","__geometryKind":"point","__featureIndex":889,"__typeValue":"محبس"},"geometry":{"type":"Point","coordinates":[31.50761571226961,30.272788280368307]}},{"type":"Feature","properties":{"Gas_Facility_Type":"محبس","Easting":"031° 29' 57.92\" E","Northing":"30° 16' 22.69\" N","Description":null,"GlobalID":"{7B369C17-A744-43C2-B6D9-84C45AD47CB5}","sectors":"القطاع الخامس عشر","Implementing":"غاز مصر","__networkId":"gas","__networkName":"شبكة الغاز","__layerId":"gas_assets","__layerName":"عناصر شبكة الغاز","__assetName":"عناصر الغاز","__geometryKind":"point","__featureIndex":890,"__typeValue":"محبس"},"geometry":{"type":"Point","coordinates":[31.501098931651693,30.273136179182472]}},{"type":"Feature","properties":{"Gas_Facility_Type":"محبس","Easting":"031° 29' 49.32\" E","Northing":"30° 16' 32.75\" N","Description":null,"GlobalID":"{1E33A1B5-21B2-4DE8-BB0E-CE6C78F84076}","sectors":"القطاع الخامس عشر","Implementing":"غاز مصر","__networkId":"gas","__networkName":"شبكة الغاز","__layerId":"gas_assets","__layerName":"عناصر شبكة الغاز","__assetName":"عناصر الغاز","__geometryKind":"point","__featureIndex":891,"__typeValue":"محبس"},"geometry":{"type":"Point","coordinates":[31.49871042899052,30.275930909427267]}},{"type":"Feature","properties":{"Gas_Facility_Type":"محبس","Easting":"031° 29' 45.06\" E","Northing":"30° 16' 24.88\" N","Description":null,"GlobalID":"{D59F56F9-C7EB-478F-932A-2EF5ED98AF71}","sectors":"القطاع الخامس عشر","Implementing":"غاز مصر","__networkId":"gas","__networkName":"شبكة الغاز","__layerId":"gas_assets","__layerName":"عناصر شبكة الغاز","__assetName":"عناصر الغاز","__geometryKind":"point","__featureIndex":892,"__typeValue":"محبس"},"geometry":{"type":"Point","coordinates":[31.497526350631357,30.273744285007915]}},{"type":"Feature","properties":{"Gas_Facility_Type":"محبس","Easting":"031° 30' 33.15\" E","Northing":"30° 16' 15.83\" N","Description":null,"GlobalID":"{EAA429D5-875F-4A72-9B64-95EFA7A5A19F}","sectors":"القطاع الرابع عشر","Implementing":"غاز مصر","__networkId":"gas","__networkName":"شبكة الغاز","__layerId":"gas_assets","__layerName":"عناصر شبكة الغاز","__assetName":"عناصر الغاز","__geometryKind":"point","__featureIndex":893,"__typeValue":"محبس"},"geometry":{"type":"Point","coordinates":[31.51088338442127,30.27123018159238]}},{"type":"Feature","properties":{"Gas_Facility_Type":"محبس","Easting":"031° 32' 2.17\" E","Northing":"30° 16' 47.3\" N","Description":null,"GlobalID":"{77D412FE-59E6-4F8B-86B3-888A62BEBE5A}","sectors":"القطاع الثاني عشر","Implementing":"غاز مصر","__networkId":"gas","__networkName":"شبكة الغاز","__layerId":"gas_assets","__layerName":"عناصر شبكة الغاز","__assetName":"عناصر الغاز","__geometryKind":"point","__featureIndex":894,"__typeValue":"محبس"},"geometry":{"type":"Point","coordinates":[31.535611789845905,30.27997197274394]}},{"type":"Feature","properties":{"Gas_Facility_Type":"محبس","Easting":"031° 31' 48.51\" E","Northing":"30° 16' 36.19\" N","Description":null,"GlobalID":"{8C866E73-A178-4A45-A900-38E3E68D1425}","sectors":"القطاع السادس عشر","Implementing":"غاز مصر","__networkId":"gas","__networkName":"شبكة الغاز","__layerId":"gas_assets","__layerName":"عناصر شبكة الغاز","__assetName":"عناصر الغاز","__geometryKind":"point","__featureIndex":895,"__typeValue":"محبس"},"geometry":{"type":"Point","coordinates":[31.531819684824644,30.27688540869146]}},{"type":"Feature","properties":{"Gas_Facility_Type":"محبس","Easting":"031° 30' 40.57\" E","Northing":"30° 16' 12.74\" N","Description":null,"GlobalID":"{96031625-9EDB-4AAE-9996-9AF6A1B2BE3C}","sectors":"القطاع الرابع عشر","Implementing":"غاز مصر","__networkId":"gas","__networkName":"شبكة الغاز","__layerId":"gas_assets","__layerName":"عناصر شبكة الغاز","__assetName":"عناصر الغاز","__geometryKind":"point","__featureIndex":896,"__typeValue":"محبس"},"geometry":{"type":"Point","coordinates":[31.512945415053675,30.270373094840025]}},{"type":"Feature","properties":{"Gas_Facility_Type":"محبس","Easting":"031° 32' 3.83\" E","Northing":"30° 16' 41.56\" N","Description":null,"GlobalID":"{6B776F46-ED43-46B9-894F-36D1BECD3ED9}","sectors":"القطاع السادس عشر","Implementing":"غاز مصر","__networkId":"gas","__networkName":"شبكة الغاز","__layerId":"gas_assets","__layerName":"عناصر شبكة الغاز","__assetName":"عناصر الغاز","__geometryKind":"point","__featureIndex":897,"__typeValue":"محبس"},"geometry":{"type":"Point","coordinates":[31.53607284836884,30.278378630636176]}},{"type":"Feature","properties":{"Gas_Facility_Type":"محبس","Easting":"031° 31' 46.64\" E","Northing":"30° 16' 32.43\" N","Description":null,"GlobalID":"{12BF6B5F-8F03-436C-914F-7B9B3AB5849E}","sectors":"القطاع السادس عشر","Implementing":"غاز مصر","__networkId":"gas","__networkName":"شبكة الغاز","__layerId":"gas_assets","__layerName":"عناصر شبكة الغاز","__assetName":"عناصر الغاز","__geometryKind":"point","__featureIndex":898,"__typeValue":"محبس"},"geometry":{"type":"Point","coordinates":[31.53129995553387,30.275840458274605]}},{"type":"Feature","properties":{"Gas_Facility_Type":"محبس","Easting":"031° 30' 45.9\" E","Northing":"30° 16' 38.57\" N","Description":null,"GlobalID":"{1FA43B02-8E79-4C36-9BF6-A2E1A78EF87F}","sectors":"القطاع الرابع عشر","Implementing":"غاز مصر","__networkId":"gas","__networkName":"شبكة الغاز","__layerId":"gas_assets","__layerName":"عناصر شبكة الغاز","__assetName":"عناصر الغاز","__geometryKind":"point","__featureIndex":899,"__typeValue":"محبس"},"geometry":{"type":"Point","coordinates":[31.51442524305887,30.277546103080407]}},{"type":"Feature","properties":{"Gas_Facility_Type":"محبس","Easting":"031° 30' 43.53\" E","Northing":"30° 16' 34.83\" N","Description":null,"GlobalID":"{51B00513-9CB6-4FE1-968A-307120D07F88}","sectors":"القطاع الرابع عشر","Implementing":"غاز مصر","__networkId":"gas","__networkName":"شبكة الغاز","__layerId":"gas_assets","__layerName":"عناصر شبكة الغاز","__assetName":"عناصر الغاز","__geometryKind":"point","__featureIndex":900,"__typeValue":"محبس"},"geometry":{"type":"Point","coordinates":[31.51376889438643,30.276508044033935]}},{"type":"Feature","properties":{"Gas_Facility_Type":"محبس","Easting":"031° 31' 46.85\" E","Northing":"30° 16' 22.94\" N","Description":null,"GlobalID":"{AB1FCD8A-B478-45C0-95A4-FE125E7D97ED}","sectors":"القطاع السادس عشر","Implementing":"غاز مصر","__networkId":"gas","__networkName":"شبكة الغاز","__layerId":"gas_assets","__layerName":"عناصر شبكة الغاز","__assetName":"عناصر الغاز","__geometryKind":"point","__featureIndex":901,"__typeValue":"محبس"},"geometry":{"type":"Point","coordinates":[31.531356518854047,30.273204780496787]}},{"type":"Feature","properties":{"Gas_Facility_Type":"محبس","Easting":"031° 31' 0.38\" E","Northing":"30° 16' 19.29\" N","Description":null,"GlobalID":"{3BE0C428-3F8E-40F4-B436-F3C89080F6AE}","sectors":"القطاع السابع عشر","Implementing":"غاز مصر","__networkId":"gas","__networkName":"شبكة الغاز","__layerId":"gas_assets","__layerName":"عناصر شبكة الغاز","__assetName":"عناصر الغاز","__geometryKind":"point","__featureIndex":902,"__typeValue":"محبس"},"geometry":{"type":"Point","coordinates":[31.518447963579856,30.272192934760227]}},{"type":"Feature","properties":{"Gas_Facility_Type":"محبس","Easting":"031° 31' 43.35\" E","Northing":"30° 16' 45.28\" N","Description":null,"GlobalID":"{92B52CC3-DADA-4FE0-B9CF-08564AFCADF7}","sectors":"القطاع الثاني عشر","Implementing":"غاز مصر","__networkId":"gas","__networkName":"شبكة الغاز","__layerId":"gas_assets","__layerName":"عناصر شبكة الغاز","__assetName":"عناصر الغاز","__geometryKind":"point","__featureIndex":903,"__typeValue":"محبس"},"geometry":{"type":"Point","coordinates":[31.530384924398934,30.279410669360296]}},{"type":"Feature","properties":{"Gas_Facility_Type":"محبس","Easting":"031° 30' 16.88\" E","Northing":"30° 16' 30.19\" N","Description":null,"GlobalID":"{F29311F3-924D-402A-A6B6-D5C976F05F74}","sectors":"القطاع الخامس عشر","Implementing":"غاز مصر","__networkId":"gas","__networkName":"شبكة الغاز","__layerId":"gas_assets","__layerName":"عناصر شبكة الغاز","__assetName":"عناصر الغاز","__geometryKind":"point","__featureIndex":904,"__typeValue":"محبس"},"geometry":{"type":"Point","coordinates":[31.50636575865404,30.275220430570375]}},{"type":"Feature","properties":{"Gas_Facility_Type":"محبس","Easting":"031° 30' 8.82\" E","Northing":"30° 16' 29.74\" N","Description":null,"GlobalID":"{3A5B500E-AA0F-4CF0-A4AB-9A29817E1068}","sectors":"القطاع الخامس عشر","Implementing":"غاز مصر","__networkId":"gas","__networkName":"شبكة الغاز","__layerId":"gas_assets","__layerName":"عناصر شبكة الغاز","__assetName":"عناصر الغاز","__geometryKind":"point","__featureIndex":905,"__typeValue":"محبس"},"geometry":{"type":"Point","coordinates":[31.504125423217527,30.275093763726275]}},{"type":"Feature","properties":{"Gas_Facility_Type":"محبس","Easting":"031° 30' 48.65\" E","Northing":"30° 16' 22.52\" N","Description":null,"GlobalID":"{9DC2EE86-C1C9-4F71-8812-651E8A5A0ED4}","sectors":"القطاع الرابع عشر","Implementing":"غاز مصر","__networkId":"gas","__networkName":"شبكة الغاز","__layerId":"gas_assets","__layerName":"عناصر شبكة الغاز","__assetName":"عناصر الغاز","__geometryKind":"point","__featureIndex":906,"__typeValue":"محبس"},"geometry":{"type":"Point","coordinates":[31.51518976326456,30.273089680769303]}},{"type":"Feature","properties":{"Gas_Facility_Type":"محبس","Easting":"031° 32' 59.64\" E","Northing":"30° 16' 26.17\" N","Description":null,"GlobalID":"{BD931D93-FB2C-49A8-9581-6FF5137F26B4}","sectors":"القطاع السادس","Implementing":"غاز مصر","__networkId":"gas","__networkName":"شبكة الغاز","__layerId":"gas_assets","__layerName":"عناصر شبكة الغاز","__assetName":"عناصر الغاز","__geometryKind":"point","__featureIndex":907,"__typeValue":"محبس"},"geometry":{"type":"Point","coordinates":[31.551577673154696,30.27410155682786]}},{"type":"Feature","properties":{"Gas_Facility_Type":"محبس","Easting":"031° 32' 59.64\" E","Northing":"30° 16' 26.1\" N","Description":null,"GlobalID":"{C6439F79-7E17-475F-A1BC-FEB57C5D647C}","sectors":"القطاع السادس","Implementing":"غاز مصر","__networkId":"gas","__networkName":"شبكة الغاز","__layerId":"gas_assets","__layerName":"عناصر شبكة الغاز","__assetName":"عناصر الغاز","__geometryKind":"point","__featureIndex":908,"__typeValue":"محبس"},"geometry":{"type":"Point","coordinates":[31.551575786692588,30.274082755938515]}},{"type":"Feature","properties":{"Gas_Facility_Type":"محبس","Easting":"031° 33' 10.84\" E","Northing":"30° 16' 31.0\" N","Description":null,"GlobalID":"{3FEEADE5-E4D6-49B4-BB38-79B8B0A18E0C}","sectors":"القطاع الخامس","Implementing":"غاز مصر","__networkId":"gas","__networkName":"شبكة الغاز","__layerId":"gas_assets","__layerName":"عناصر شبكة الغاز","__assetName":"عناصر الغاز","__geometryKind":"point","__featureIndex":909,"__typeValue":"محبس"},"geometry":{"type":"Point","coordinates":[31.554688212895158,30.275444531794626]}},{"type":"Feature","properties":{"Gas_Facility_Type":"محبس","Easting":"031° 33' 5.64\" E","Northing":"30° 16' 35.12\" N","Description":null,"GlobalID":"{8B9E66F6-1472-41E6-8038-D0BC1A1FC6E2}","sectors":"القطاع الخامس","Implementing":"غاز مصر","__networkId":"gas","__networkName":"شبكة الغاز","__layerId":"gas_assets","__layerName":"عناصر شبكة الغاز","__assetName":"عناصر الغاز","__geometryKind":"point","__featureIndex":910,"__typeValue":"محبس"},"geometry":{"type":"Point","coordinates":[31.553243232336467,30.276588711127697]}},{"type":"Feature","properties":{"Gas_Facility_Type":"محبس","Easting":"031° 33' 10.36\" E","Northing":"30° 16' 35.0\" N","Description":null,"GlobalID":"{A442F569-54BF-45C6-B95B-EE4545757B03}","sectors":"القطاع الخامس","Implementing":"غاز مصر","__networkId":"gas","__networkName":"شبكة الغاز","__layerId":"gas_assets","__layerName":"عناصر شبكة الغاز","__assetName":"عناصر الغاز","__geometryKind":"point","__featureIndex":911,"__typeValue":"محبس"},"geometry":{"type":"Point","coordinates":[31.55455447620724,30.27655656097649]}},{"type":"Feature","properties":{"Gas_Facility_Type":"محبس","Easting":"031° 33' 8.53\" E","Northing":"30° 16' 33.63\" N","Description":null,"GlobalID":"{224E6E2B-4E9F-40A3-B31A-55A97491F32D}","sectors":"القطاع الخامس","Implementing":"غاز مصر","__networkId":"gas","__networkName":"شبكة الغاز","__layerId":"gas_assets","__layerName":"عناصر شبكة الغاز","__assetName":"عناصر الغاز","__geometryKind":"point","__featureIndex":912,"__typeValue":"محبس"},"geometry":{"type":"Point","coordinates":[31.554046654085532,30.276173686171106]}},{"type":"Feature","properties":{"Gas_Facility_Type":"محبس","Easting":"031° 33' 20.07\" E","Northing":"30° 16' 42.6\" N","Description":null,"GlobalID":"{75F24C96-22E2-491D-A073-78EDEA88BFF4}","sectors":"القطاع الخامس","Implementing":"غاز مصر","__networkId":"gas","__networkName":"شبكة الغاز","__layerId":"gas_assets","__layerName":"عناصر شبكة الغاز","__assetName":"عناصر الغاز","__geometryKind":"point","__featureIndex":913,"__typeValue":"محبس"},"geometry":{"type":"Point","coordinates":[31.5572513732004,30.278666908010525]}},{"type":"Feature","properties":{"Gas_Facility_Type":"محبس","Easting":"031° 33' 0.97\" E","Northing":"30° 16' 34.5\" N","Description":null,"GlobalID":"{DC507953-2F17-4131-A6EB-4EF452246CAB}","sectors":"القطاع الخامس","Implementing":"غاز مصر","__networkId":"gas","__networkName":"شبكة الغاز","__layerId":"gas_assets","__layerName":"عناصر شبكة الغاز","__assetName":"عناصر الغاز","__geometryKind":"point","__featureIndex":914,"__typeValue":"محبس"},"geometry":{"type":"Point","coordinates":[31.551945445228654,30.27641523113895]}},{"type":"Feature","properties":{"Gas_Facility_Type":"محبس","Easting":"031° 33' 23.13\" E","Northing":"30° 16' 51.9\" N","Description":null,"GlobalID":"{76CA9FDA-AA93-4B22-A13F-1EBD6414DFE8}","sectors":"القطاع الخامس","Implementing":"غاز مصر","__networkId":"gas","__networkName":"شبكة الغاز","__layerId":"gas_assets","__layerName":"عناصر شبكة الغاز","__assetName":"عناصر الغاز","__geometryKind":"point","__featureIndex":915,"__typeValue":"محبس"},"geometry":{"type":"Point","coordinates":[31.558102912309355,30.281250640756245]}},{"type":"Feature","properties":{"Gas_Facility_Type":"محبس","Easting":"031° 33' 14.69\" E","Northing":"30° 16' 45.32\" N","Description":null,"GlobalID":"{14B1B812-D9A9-465A-AF45-D743D21A132F}","sectors":"القطاع الخامس","Implementing":"غاز مصر","__networkId":"gas","__networkName":"شبكة الغاز","__layerId":"gas_assets","__layerName":"عناصر شبكة الغاز","__assetName":"عناصر الغاز","__geometryKind":"point","__featureIndex":916,"__typeValue":"محبس"},"geometry":{"type":"Point","coordinates":[31.555758918475565,30.27942080859838]}},{"type":"Feature","properties":{"Gas_Facility_Type":"محبس","Easting":"031° 33' 11.65\" E","Northing":"30° 16' 42.82\" N","Description":null,"GlobalID":"{8A669809-86CB-4BF6-982C-9B72C5749C95}","sectors":"القطاع الخامس","Implementing":"غاز مصر","__networkId":"gas","__networkName":"شبكة الغاز","__layerId":"gas_assets","__layerName":"عناصر شبكة الغاز","__assetName":"عناصر الغاز","__geometryKind":"point","__featureIndex":917,"__typeValue":"محبس"},"geometry":{"type":"Point","coordinates":[31.55491319775468,30.27872715817806]}},{"type":"Feature","properties":{"Gas_Facility_Type":"محبس","Easting":"031° 33' 7.06\" E","Northing":"30° 16' 39.23\" N","Description":null,"GlobalID":"{D98F576C-98E1-42A9-A243-B95DDE2B69B5}","sectors":"القطاع الخامس","Implementing":"غاز مصر","__networkId":"gas","__networkName":"شبكة الغاز","__layerId":"gas_assets","__layerName":"عناصر شبكة الغاز","__assetName":"عناصر الغاز","__geometryKind":"point","__featureIndex":918,"__typeValue":"محبس"},"geometry":{"type":"Point","coordinates":[31.55363911988218,30.277729412499262]}},{"type":"Feature","properties":{"Gas_Facility_Type":"محبس","Easting":"031° 33' 16.81\" E","Northing":"30° 16' 37.37\" N","Description":null,"GlobalID":"{E8EEFEED-00C0-4E36-ACD4-3179EE071086}","sectors":"القطاع الخامس","Implementing":"غاز مصر","__networkId":"gas","__networkName":"شبكة الغاز","__layerId":"gas_assets","__layerName":"عناصر شبكة الغاز","__assetName":"عناصر الغاز","__geometryKind":"point","__featureIndex":919,"__typeValue":"محبس"},"geometry":{"type":"Point","coordinates":[31.55634755932841,30.277213266182997]}},{"type":"Feature","properties":{"Gas_Facility_Type":"محبس","Easting":"031° 33' 13.17\" E","Northing":"30° 16' 37.25\" N","Description":null,"GlobalID":"{9950EA88-43CC-4509-A438-E7EC223503C6}","sectors":"القطاع الخامس","Implementing":"غاز مصر","__networkId":"gas","__networkName":"شبكة الغاز","__layerId":"gas_assets","__layerName":"عناصر شبكة الغاز","__assetName":"عناصر الغاز","__geometryKind":"point","__featureIndex":920,"__typeValue":"محبس"},"geometry":{"type":"Point","coordinates":[31.555336675257713,30.27718001307458]}},{"type":"Feature","properties":{"Gas_Facility_Type":"محبس","Easting":"031° 33' 11.74\" E","Northing":"30° 16' 36.06\" N","Description":null,"GlobalID":"{E611387C-89B3-4C80-BD44-BE66AD544DD8}","sectors":"القطاع الخامس","Implementing":"غاز مصر","__networkId":"gas","__networkName":"شبكة الغاز","__layerId":"gas_assets","__layerName":"عناصر شبكة الغاز","__assetName":"عناصر الغاز","__geometryKind":"point","__featureIndex":921,"__typeValue":"محبس"},"geometry":{"type":"Point","coordinates":[31.55493857965303,30.27684855971089]}},{"type":"Feature","properties":{"Gas_Facility_Type":"محبس","Easting":"031° 33' 10.31\" E","Northing":"30° 16' 37.32\" N","Description":null,"GlobalID":"{06AB4E32-1202-42B3-9DDB-D9A2CE9B9D30}","sectors":"القطاع الخامس","Implementing":"غاز مصر","__networkId":"gas","__networkName":"شبكة الغاز","__layerId":"gas_assets","__layerName":"عناصر شبكة الغاز","__assetName":"عناصر الغاز","__geometryKind":"point","__featureIndex":922,"__typeValue":"محبس"},"geometry":{"type":"Point","coordinates":[31.554540635863624,30.27720061783885]}},{"type":"Feature","properties":{"Gas_Facility_Type":"محبس","Easting":"031° 33' 12.01\" E","Northing":"30° 16' 38.59\" N","Description":null,"GlobalID":"{B4CCBAF8-4CB4-4A39-B76B-0329998B2DE3}","sectors":"القطاع الخامس","Implementing":"غاز مصر","__networkId":"gas","__networkName":"شبكة الغاز","__layerId":"gas_assets","__layerName":"عناصر شبكة الغاز","__assetName":"عناصر الغاز","__geometryKind":"point","__featureIndex":923,"__typeValue":"محبس"},"geometry":{"type":"Point","coordinates":[31.55501396537335,30.27755320999137]}},{"type":"Feature","properties":{"Gas_Facility_Type":"محبس","Easting":"031° 33' 8.62\" E","Northing":"30° 16' 37.48\" N","Description":null,"GlobalID":"{A698E333-C38E-4C8D-9391-D034090FBE4D}","sectors":"القطاع الخامس","Implementing":"غاز مصر","__networkId":"gas","__networkName":"شبكة الغاز","__layerId":"gas_assets","__layerName":"عناصر شبكة الغاز","__assetName":"عناصر الغاز","__geometryKind":"point","__featureIndex":924,"__typeValue":"محبس"},"geometry":{"type":"Point","coordinates":[31.55407088075042,30.277243433221937]}},{"type":"Feature","properties":{"Gas_Facility_Type":"محبس","Easting":"031° 33' 7.32\" E","Northing":"30° 16' 34.97\" N","Description":null,"GlobalID":"{02A1F666-DE66-4CB3-989D-BC393AD36697}","sectors":"القطاع الخامس","Implementing":"غاز مصر","__networkId":"gas","__networkName":"شبكة الغاز","__layerId":"gas_assets","__layerName":"عناصر شبكة الغاز","__assetName":"عناصر الغاز","__geometryKind":"point","__featureIndex":925,"__typeValue":"محبس"},"geometry":{"type":"Point","coordinates":[31.553709708598877,30.2765465936672]}},{"type":"Feature","properties":{"Gas_Facility_Type":"محبس","Easting":"031° 33' 22.72\" E","Northing":"30° 16' 40.36\" N","Description":null,"GlobalID":"{C84DE9A6-4723-49F6-BD8D-FE01E4C090C0}","sectors":"القطاع الخامس","Implementing":"غاز مصر","__networkId":"gas","__networkName":"شبكة الغاز","__layerId":"gas_assets","__layerName":"عناصر شبكة الغاز","__assetName":"عناصر الغاز","__geometryKind":"point","__featureIndex":926,"__typeValue":"محبس"},"geometry":{"type":"Point","coordinates":[31.557988852319394,30.27804395797553]}},{"type":"Feature","properties":{"Gas_Facility_Type":"محبس","Easting":"031° 33' 23.85\" E","Northing":"30° 16' 44.34\" N","Description":null,"GlobalID":"{225BA669-3154-4D66-985B-DB7A1FF4E80D}","sectors":"القطاع الخامس","Implementing":"غاز مصر","__networkId":"gas","__networkName":"شبكة الغاز","__layerId":"gas_assets","__layerName":"عناصر شبكة الغاز","__assetName":"عناصر الغاز","__geometryKind":"point","__featureIndex":927,"__typeValue":"محبس"},"geometry":{"type":"Point","coordinates":[31.55830073301301,30.279149082862713]}},{"type":"Feature","properties":{"Gas_Facility_Type":"محبس","Easting":"031° 33' 13.17\" E","Northing":"30° 16' 36.01\" N","Description":null,"GlobalID":"{4BD4BDA0-3D15-433A-8C5A-C36A31C209AF}","sectors":"القطاع الخامس","Implementing":"غاز مصر","__networkId":"gas","__networkName":"شبكة الغاز","__layerId":"gas_assets","__layerName":"عناصر شبكة الغاز","__assetName":"عناصر الغاز","__geometryKind":"point","__featureIndex":928,"__typeValue":"محبس"},"geometry":{"type":"Point","coordinates":[31.555334379163867,30.27683558471444]}},{"type":"Feature","properties":{"Gas_Facility_Type":"محبس","Easting":"031° 33' 20.89\" E","Northing":"30° 16' 42.08\" N","Description":null,"GlobalID":"{A9927111-CCFE-432E-A1A2-BF672AD2C3D3}","sectors":"القطاع الخامس","Implementing":"غاز مصر","__networkId":"gas","__networkName":"شبكة الغاز","__layerId":"gas_assets","__layerName":"عناصر شبكة الغاز","__assetName":"عناصر الغاز","__geometryKind":"point","__featureIndex":929,"__typeValue":"محبس"},"geometry":{"type":"Point","coordinates":[31.55748019925607,30.27852120896534]}},{"type":"Feature","properties":{"Gas_Facility_Type":"محبس","Easting":"031° 33' 12.94\" E","Northing":"30° 16' 34.24\" N","Description":null,"GlobalID":"{FCB2A276-3EFB-45AF-A58A-9BB1DA945200}","sectors":"القطاع الخامس","Implementing":"غاز مصر","__networkId":"gas","__networkName":"شبكة الغاز","__layerId":"gas_assets","__layerName":"عناصر شبكة الغاز","__assetName":"عناصر الغاز","__geometryKind":"point","__featureIndex":930,"__typeValue":"محبس"},"geometry":{"type":"Point","coordinates":[31.555271226701084,30.27634478569201]}},{"type":"Feature","properties":{"Gas_Facility_Type":"محبس","Easting":"031° 33' 23.7\" E","Northing":"30° 16' 41.11\" N","Description":null,"GlobalID":"{49657622-75DB-43AB-AA47-A4EE345BBF76}","sectors":"القطاع الخامس","Implementing":"غاز مصر","__networkId":"gas","__networkName":"شبكة الغاز","__layerId":"gas_assets","__layerName":"عناصر شبكة الغاز","__assetName":"عناصر الغاز","__geometryKind":"point","__featureIndex":931,"__typeValue":"محبس"},"geometry":{"type":"Point","coordinates":[31.558259239830043,30.278252960082373]}},{"type":"Feature","properties":{"Gas_Facility_Type":"محبس","Easting":"031° 33' 21.88\" E","Northing":"30° 16' 42.81\" N","Description":null,"GlobalID":"{C7AC1905-E7DE-4140-9E9A-3641D115A300}","sectors":"القطاع الخامس","Implementing":"غاز مصر","__networkId":"gas","__networkName":"شبكة الغاز","__layerId":"gas_assets","__layerName":"عناصر شبكة الغاز","__assetName":"عناصر الغاز","__geometryKind":"point","__featureIndex":932,"__typeValue":"محبس"},"geometry":{"type":"Point","coordinates":[31.557754556421962,30.278724370837686]}},{"type":"Feature","properties":{"Gas_Facility_Type":"محبس","Easting":"031° 33' 20.75\" E","Northing":"30° 16' 38.83\" N","Description":null,"GlobalID":"{F38FD495-D722-4346-9AF7-673A0CCA0909}","sectors":"القطاع الخامس","Implementing":"غاز مصر","__networkId":"gas","__networkName":"شبكة الغاز","__layerId":"gas_assets","__layerName":"عناصر شبكة الغاز","__assetName":"عناصر الغاز","__geometryKind":"point","__featureIndex":933,"__typeValue":"محبس"},"geometry":{"type":"Point","coordinates":[31.55744224363868,30.277620594125196]}},{"type":"Feature","properties":{"Gas_Facility_Type":"محبس","Easting":"031° 33' 20.05\" E","Northing":"30° 16' 41.23\" N","Description":null,"GlobalID":"{61280310-4984-4F5C-A4A3-C6F672311D3C}","sectors":"القطاع الخامس","Implementing":"غاز مصر","__networkId":"gas","__networkName":"شبكة الغاز","__layerId":"gas_assets","__layerName":"عناصر شبكة الغاز","__assetName":"عناصر الغاز","__geometryKind":"point","__featureIndex":934,"__typeValue":"محبس"},"geometry":{"type":"Point","coordinates":[31.557246584281607,30.278285728744876]}},{"type":"Feature","properties":{"Gas_Facility_Type":"محبس","Easting":"031° 33' 18.93\" E","Northing":"30° 16' 40.58\" N","Description":null,"GlobalID":"{226541A5-9D69-44F0-98C4-7550532C7455}","sectors":"القطاع الخامس","Implementing":"غاز مصر","__networkId":"gas","__networkName":"شبكة الغاز","__layerId":"gas_assets","__layerName":"عناصر شبكة الغاز","__assetName":"عناصر الغاز","__geometryKind":"point","__featureIndex":935,"__typeValue":"محبس"},"geometry":{"type":"Point","coordinates":[31.556936616101247,30.278105522687625]}},{"type":"Feature","properties":{"Gas_Facility_Type":"محبس","Easting":"031° 33' 15.0\" E","Northing":"30° 16' 35.85\" N","Description":null,"GlobalID":"{032FC7DE-D46B-41DC-9F6A-34CBC8D50E64}","sectors":"القطاع الخامس","Implementing":"غاز مصر","__networkId":"gas","__networkName":"شبكة الغاز","__layerId":"gas_assets","__layerName":"عناصر شبكة الغاز","__assetName":"عناصر الغاز","__geometryKind":"point","__featureIndex":936,"__typeValue":"محبس"},"geometry":{"type":"Point","coordinates":[31.55584331789143,30.276791427045477]}},{"type":"Feature","properties":{"Gas_Facility_Type":"محبس","Easting":"031° 33' 11.07\" E","Northing":"30° 16' 34.43\" N","Description":null,"GlobalID":"{FB45F94B-1C92-4E95-BA50-985A8D91D0BA}","sectors":"القطاع الخامس","Implementing":"غاز مصر","__networkId":"gas","__networkName":"شبكة الغاز","__layerId":"gas_assets","__layerName":"عناصر شبكة الغاز","__assetName":"عناصر الغاز","__geometryKind":"point","__featureIndex":937,"__typeValue":"محبس"},"geometry":{"type":"Point","coordinates":[31.554752022026417,30.276396657222943]}},{"type":"Feature","properties":{"Gas_Facility_Type":"محبس","Easting":"031° 33' 8.0\" E","Northing":"30° 16' 32.24\" N","Description":null,"GlobalID":"{68AD5FAF-9C48-44EF-97C9-801C2B928CFD}","sectors":"القطاع الخامس","Implementing":"غاز مصر","__networkId":"gas","__networkName":"شبكة الغاز","__layerId":"gas_assets","__layerName":"عناصر شبكة الغاز","__assetName":"عناصر الغاز","__geometryKind":"point","__featureIndex":938,"__typeValue":"محبس"},"geometry":{"type":"Point","coordinates":[31.553899478600968,30.275788496457714]}},{"type":"Feature","properties":{"Gas_Facility_Type":"محبس","Easting":"031° 33' 10.18\" E","Northing":"30° 16' 32.19\" N","Description":null,"GlobalID":"{0E594166-FC77-47CF-B9E7-26DD65F02AF6}","sectors":"القطاع الخامس","Implementing":"غاز مصر","__networkId":"gas","__networkName":"شبكة الغاز","__layerId":"gas_assets","__layerName":"عناصر شبكة الغاز","__assetName":"عناصر الغاز","__geometryKind":"point","__featureIndex":939,"__typeValue":"محبس"},"geometry":{"type":"Point","coordinates":[31.554503777987552,30.275775253672577]}},{"type":"Feature","properties":{"Gas_Facility_Type":"محبس","Easting":"031° 33' 13.7\" E","Northing":"30° 16' 33.26\" N","Description":null,"GlobalID":"{C724DD22-544C-45BB-9DE2-3FB0673549AA}","sectors":"القطاع الخامس","Implementing":"غاز مصر","__networkId":"gas","__networkName":"شبكة الغاز","__layerId":"gas_assets","__layerName":"عناصر شبكة الغاز","__assetName":"عناصر الغاز","__geometryKind":"point","__featureIndex":940,"__typeValue":"محبس"},"geometry":{"type":"Point","coordinates":[31.55548143696914,30.276071510719028]}},{"type":"Feature","properties":{"Gas_Facility_Type":"محبس","Easting":"031° 33' 8.97\" E","Northing":"30° 16' 33.04\" N","Description":null,"GlobalID":"{1ECBDBA6-A203-4615-BA3B-F001A29BC8FF}","sectors":"القطاع الخامس","Implementing":"غاز مصر","__networkId":"gas","__networkName":"شبكة الغاز","__layerId":"gas_assets","__layerName":"عناصر شبكة الغاز","__assetName":"عناصر الغاز","__geometryKind":"point","__featureIndex":941,"__typeValue":"محبس"},"geometry":{"type":"Point","coordinates":[31.554168098227102,30.27601133184542]}},{"type":"Feature","properties":{"Gas_Facility_Type":"محبس","Easting":"031° 33' 5.62\" E","Northing":"30° 16' 31.31\" N","Description":null,"GlobalID":"{E95EB341-CF9B-4771-9ED2-40F3E78220B8}","sectors":"القطاع الخامس","Implementing":"غاز مصر","__networkId":"gas","__networkName":"شبكة الغاز","__layerId":"gas_assets","__layerName":"عناصر شبكة الغاز","__assetName":"عناصر الغاز","__geometryKind":"point","__featureIndex":942,"__typeValue":"محبس"},"geometry":{"type":"Point","coordinates":[31.55323840029855,30.27552901900102]}},{"type":"Feature","properties":{"Gas_Facility_Type":"محبس","Easting":"031° 33' 7.43\" E","Northing":"30° 16' 32.73\" N","Description":null,"GlobalID":"{3F9CA1DC-EB37-4AC2-82C2-FBB3C14AE843}","sectors":"القطاع الخامس","Implementing":"غاز مصر","__networkId":"gas","__networkName":"شبكة الغاز","__layerId":"gas_assets","__layerName":"عناصر شبكة الغاز","__assetName":"عناصر الغاز","__geometryKind":"point","__featureIndex":943,"__typeValue":"محبس"},"geometry":{"type":"Point","coordinates":[31.553741746115158,30.275924081683918]}},{"type":"Feature","properties":{"Gas_Facility_Type":"محبس","Easting":"031° 33' 4.38\" E","Northing":"30° 16' 32.75\" N","Description":null,"GlobalID":"{566A7261-ECE2-4D9C-8394-60EC41AA39D5}","sectors":"القطاع الخامس","Implementing":"غاز مصر","__networkId":"gas","__networkName":"شبكة الغاز","__layerId":"gas_assets","__layerName":"عناصر شبكة الغاز","__assetName":"عناصر الغاز","__geometryKind":"point","__featureIndex":944,"__typeValue":"محبس"},"geometry":{"type":"Point","coordinates":[31.552894411121745,30.275930945113707]}},{"type":"Feature","properties":{"Gas_Facility_Type":"محبس","Easting":"031° 33' 16.99\" E","Northing":"30° 16' 40.92\" N","Description":null,"GlobalID":"{3C8EB73F-9C38-4C81-994E-B5182C4EEC31}","sectors":"القطاع الخامس","Implementing":"غاز مصر","__networkId":"gas","__networkName":"شبكة الغاز","__layerId":"gas_assets","__layerName":"عناصر شبكة الغاز","__assetName":"عناصر الغاز","__geometryKind":"point","__featureIndex":945,"__typeValue":"محبس"},"geometry":{"type":"Point","coordinates":[31.556395517686486,30.278198784708657]}},{"type":"Feature","properties":{"Gas_Facility_Type":"محبس","Easting":"031° 33' 14.89\" E","Northing":"30° 16' 39.21\" N","Description":null,"GlobalID":"{4FDA6AAE-A289-472A-B85F-F8002D978EFA}","sectors":"القطاع الخامس","Implementing":"غاز مصر","__networkId":"gas","__networkName":"شبكة الغاز","__layerId":"gas_assets","__layerName":"عناصر شبكة الغاز","__assetName":"عناصر الغاز","__geometryKind":"point","__featureIndex":946,"__typeValue":"محبس"},"geometry":{"type":"Point","coordinates":[31.55581408850874,30.277724753179285]}},{"type":"Feature","properties":{"Gas_Facility_Type":"محبس","Easting":"031° 33' 14.26\" E","Northing":"30° 16' 40.25\" N","Description":null,"GlobalID":"{C0334DCD-F124-4258-86EE-6A67945983AD}","sectors":"القطاع الخامس","Implementing":"غاز مصر","__networkId":"gas","__networkName":"شبكة الغاز","__layerId":"gas_assets","__layerName":"عناصر شبكة الغاز","__assetName":"عناصر الغاز","__geometryKind":"point","__featureIndex":947,"__typeValue":"محبس"},"geometry":{"type":"Point","coordinates":[31.555638892773818,30.278012823015082]}},{"type":"Feature","properties":{"Gas_Facility_Type":"محبس","Easting":"031° 33' 15.39\" E","Northing":"30° 16' 42.9\" N","Description":null,"GlobalID":"{A40AF61B-E657-4007-A877-E4029FB79AA3}","sectors":"القطاع الخامس","Implementing":"غاز مصر","__networkId":"gas","__networkName":"شبكة الغاز","__layerId":"gas_assets","__layerName":"عناصر شبكة الغاز","__assetName":"عناصر الغاز","__geometryKind":"point","__featureIndex":948,"__typeValue":"محبس"},"geometry":{"type":"Point","coordinates":[31.555950651296527,30.278748892913676]}},{"type":"Feature","properties":{"Gas_Facility_Type":"محبس","Easting":"031° 33' 18.49\" E","Northing":"30° 16' 41.39\" N","Description":null,"GlobalID":"{CF97460C-BD6D-4254-8A01-0383221E5353}","sectors":"القطاع الخامس","Implementing":"غاز مصر","__networkId":"gas","__networkName":"شبكة الغاز","__layerId":"gas_assets","__layerName":"عناصر شبكة الغاز","__assetName":"عناصر الغاز","__geometryKind":"point","__featureIndex":949,"__typeValue":"محبس"},"geometry":{"type":"Point","coordinates":[31.55681193173644,30.278331068019135]}},{"type":"Feature","properties":{"Gas_Facility_Type":"محبس","Easting":"031° 33' 17.1\" E","Northing":"30° 16' 42.67\" N","Description":null,"GlobalID":"{B855995B-2237-4DC8-81DA-F54F44760431}","sectors":"القطاع الخامس","Implementing":"غاز مصر","__networkId":"gas","__networkName":"شبكة الغاز","__layerId":"gas_assets","__layerName":"عناصر شبكة الغاز","__assetName":"عناصر الغاز","__geometryKind":"point","__featureIndex":950,"__typeValue":"محبس"},"geometry":{"type":"Point","coordinates":[31.556427307267768,30.278686857712778]}},{"type":"Feature","properties":{"Gas_Facility_Type":"محبس","Easting":"031° 33' 22.93\" E","Northing":"30° 16' 44.79\" N","Description":null,"GlobalID":"{6176F4D1-AFCF-4732-82E4-EC0DE42E31C8}","sectors":"القطاع الخامس","Implementing":"غاز مصر","__networkId":"gas","__networkName":"شبكة الغاز","__layerId":"gas_assets","__layerName":"عناصر شبكة الغاز","__assetName":"عناصر الغاز","__geometryKind":"point","__featureIndex":951,"__typeValue":"محبس"},"geometry":{"type":"Point","coordinates":[31.558046732569778,30.279275780157974]}},{"type":"Feature","properties":{"Gas_Facility_Type":"محبس","Easting":"031° 33' 21.5\" E","Northing":"30° 16' 43.68\" N","Description":null,"GlobalID":"{73E1E9E4-EA06-4B78-BD27-521F4A631E30}","sectors":"القطاع الخامس","Implementing":"غاز مصر","__networkId":"gas","__networkName":"شبكة الغاز","__layerId":"gas_assets","__layerName":"عناصر شبكة الغاز","__assetName":"عناصر الغاز","__geometryKind":"point","__featureIndex":952,"__typeValue":"محبس"},"geometry":{"type":"Point","coordinates":[31.557650487494588,30.27896703439094]}},{"type":"Feature","properties":{"Gas_Facility_Type":"محبس","Easting":"031° 33' 20.13\" E","Northing":"30° 16' 44.86\" N","Description":null,"GlobalID":"{D41A83E5-363E-49BE-AEB9-8CBF74F43E11}","sectors":"القطاع الخامس","Implementing":"غاز مصر","__networkId":"gas","__networkName":"شبكة الغاز","__layerId":"gas_assets","__layerName":"عناصر شبكة الغاز","__assetName":"عناصر الغاز","__geometryKind":"point","__featureIndex":953,"__typeValue":"محبس"},"geometry":{"type":"Point","coordinates":[31.557269707815326,30.279293476914464]}},{"type":"Feature","properties":{"Gas_Facility_Type":"محبس","Easting":"031° 33' 21.34\" E","Northing":"30° 16' 47.28\" N","Description":null,"GlobalID":"{FCA2F8A5-2B84-4F5C-9C02-170E5B976E5E}","sectors":"القطاع الخامس","Implementing":"غاز مصر","__networkId":"gas","__networkName":"شبكة الغاز","__layerId":"gas_assets","__layerName":"عناصر شبكة الغاز","__assetName":"عناصر الغاز","__geometryKind":"point","__featureIndex":954,"__typeValue":"محبس"},"geometry":{"type":"Point","coordinates":[31.55760351638502,30.279967808465273]}},{"type":"Feature","properties":{"Gas_Facility_Type":"محبس","Easting":"031° 33' 23.73\" E","Northing":"30° 16' 46.07\" N","Description":null,"GlobalID":"{F833FDD4-6E61-465C-8B64-52CBE224D986}","sectors":"القطاع الخامس","Implementing":"غاز مصر","__networkId":"gas","__networkName":"شبكة الغاز","__layerId":"gas_assets","__layerName":"عناصر شبكة الغاز","__assetName":"عناصر الغاز","__geometryKind":"point","__featureIndex":955,"__typeValue":"محبس"},"geometry":{"type":"Point","coordinates":[31.558267768435357,30.279630466395272]}},{"type":"Feature","properties":{"Gas_Facility_Type":"محبس","Easting":"031° 33' 22.89\" E","Northing":"30° 16' 47.04\" N","Description":null,"GlobalID":"{C3DD6EB3-FEE5-41A6-AAB9-F94965AB39E4}","sectors":"القطاع الخامس","Implementing":"غاز مصر","__networkId":"gas","__networkName":"شبكة الغاز","__layerId":"gas_assets","__layerName":"عناصر شبكة الغاز","__assetName":"عناصر الغاز","__geometryKind":"point","__featureIndex":956,"__typeValue":"محبس"},"geometry":{"type":"Point","coordinates":[31.558035418288803,30.279899357721145]}},{"type":"Feature","properties":{"Gas_Facility_Type":"محبس","Easting":"031° 33' 25.89\" E","Northing":"30° 16' 46.1\" N","Description":null,"GlobalID":"{291C9812-C199-4248-A2B5-E2205E365E69}","sectors":"القطاع الخامس","Implementing":"غاز مصر","__networkId":"gas","__networkName":"شبكة الغاز","__layerId":"gas_assets","__layerName":"عناصر شبكة الغاز","__assetName":"عناصر الغاز","__geometryKind":"point","__featureIndex":957,"__typeValue":"محبس"},"geometry":{"type":"Point","coordinates":[31.558868721597484,30.27963769417419]}},{"type":"Feature","properties":{"Gas_Facility_Type":"محبس","Easting":"031° 33' 2.89\" E","Northing":"30° 16' 33.08\" N","Description":null,"GlobalID":"{F4056AF1-5E9D-459E-AE68-F002A4DA5E8E}","sectors":"القطاع الخامس","Implementing":"غاز مصر","__networkId":"gas","__networkName":"شبكة الغاز","__layerId":"gas_assets","__layerName":"عناصر شبكة الغاز","__assetName":"عناصر الغاز","__geometryKind":"point","__featureIndex":958,"__typeValue":"محبس"},"geometry":{"type":"Point","coordinates":[31.55247970566747,30.276021187495186]}},{"type":"Feature","properties":{"Gas_Facility_Type":"محبس","Easting":"031° 33' 18.48\" E","Northing":"30° 16' 48.29\" N","Description":null,"GlobalID":"{60BB9AB1-22C2-47CF-B291-A7BDFA0A463F}","sectors":"القطاع الخامس","Implementing":"غاز مصر","__networkId":"gas","__networkName":"شبكة الغاز","__layerId":"gas_assets","__layerName":"عناصر شبكة الغاز","__assetName":"عناصر الغاز","__geometryKind":"point","__featureIndex":959,"__typeValue":"محبس"},"geometry":{"type":"Point","coordinates":[31.55680995274787,30.280246315158852]}},{"type":"Feature","properties":{"Gas_Facility_Type":"محبس","Easting":"031° 33' 3.51\" E","Northing":"30° 16' 36.39\" N","Description":null,"GlobalID":"{B07DB9D6-A042-4009-8D67-48AA2D7C3402}","sectors":"القطاع الخامس","Implementing":"غاز مصر","__networkId":"gas","__networkName":"شبكة الغاز","__layerId":"gas_assets","__layerName":"عناصر شبكة الغاز","__assetName":"عناصر الغاز","__geometryKind":"point","__featureIndex":960,"__typeValue":"محبس"},"geometry":{"type":"Point","coordinates":[31.552652317847606,30.276940247309593]}},{"type":"Feature","properties":{"Gas_Facility_Type":"محبس","Easting":"031° 33' 0.22\" E","Northing":"30° 16' 33.34\" N","Description":null,"GlobalID":"{D03444C5-89A4-4988-88EC-850C8A45D65F}","sectors":"القطاع الخامس","Implementing":"غاز مصر","__networkId":"gas","__networkName":"شبكة الغاز","__layerId":"gas_assets","__layerName":"عناصر شبكة الغاز","__assetName":"عناصر الغاز","__geometryKind":"point","__featureIndex":961,"__typeValue":"محبس"},"geometry":{"type":"Point","coordinates":[31.551738808458783,30.276095606773104]}},{"type":"Feature","properties":{"Gas_Facility_Type":"محبس","Easting":"031° 33' 26.71\" E","Northing":"30° 16' 43.38\" N","Description":null,"GlobalID":"{CC699A68-31E9-4B80-B155-A33CDC8948D7}","sectors":"القطاع الخامس","Implementing":"غاز مصر","__networkId":"gas","__networkName":"شبكة الغاز","__layerId":"gas_assets","__layerName":"عناصر شبكة الغاز","__assetName":"عناصر الغاز","__geometryKind":"point","__featureIndex":962,"__typeValue":"محبس"},"geometry":{"type":"Point","coordinates":[31.55909611214536,30.278883405041046]}},{"type":"Feature","properties":{"Gas_Facility_Type":"محبس","Easting":"031° 33' 18.42\" E","Northing":"30° 16' 45.14\" N","Description":null,"GlobalID":"{73C6913C-B15B-427C-B6B5-3DCB22D66AA2}","sectors":"القطاع الخامس","Implementing":"غاز مصر","__networkId":"gas","__networkName":"شبكة الغاز","__layerId":"gas_assets","__layerName":"عناصر شبكة الغاز","__assetName":"عناصر الغاز","__geometryKind":"point","__featureIndex":963,"__typeValue":"محبس"},"geometry":{"type":"Point","coordinates":[31.55679340937359,30.27937100530267]}}]}