{"type":"FeatureCollection","features":[{"type":"Feature","properties":{"اسم_الحي":"حي 39","نوع_الطريق":"2","اسم_القطاع":"ABOR 20","موقف_التنفيذ":"تم التسليم","موقف_المتخلص":"3","ملاحظات":null,"Length":0.283013698630137,"Field":"رئيسي","SHAPE_Length":384.93003241948463,"__networkId":"roads","__networkName":"الطرق والقطاعات","__layerId":"roads_lines","__layerName":"طرق المدينة","__assetName":"طرق المدينة","__geometryKind":"line","__featureIndex":1,"__length_m":384.93,"__typeValue":"تم التسليم"},"geometry":{"type":"LineString","coordinates":[[31.50881736976057,30.257386712858995],[31.508924738183417,30.257353255147187],[31.509034410348004,30.25732593546832],[31.5091459165,30.257304870847882],[31.50925877902797,30.257290151513104],[31.509372514512037,30.257281840515645],[31.509486635789628,30.257279973454484],[31.509600654050093,30.2572845583275],[31.509714080922897,30.257295575495274],[31.509826430568,30.257312977765366],[31.50993722176191,30.2573366905977],[31.510045979955873,30.257366612416764],[31.510152239308447,30.25740261505625],[31.510255544682682,30.257444544298433],[31.51168536886588,30.258619836331164]]}},{"type":"Feature","properties":{"اسم_الحي":"حي 39","نوع_الطريق":"3","اسم_القطاع":"ABOR 16","موقف_التنفيذ":"تم التسليم","موقف_المتخلص":"3","ملاحظات":null,"Length":0.283013698630137,"Field":"ثانوي","SHAPE_Length":165.9520325992565,"__networkId":"roads","__networkName":"الطرق والقطاعات","__layerId":"roads_lines","__layerName":"طرق المدينة","__assetName":"طرق المدينة","__geometryKind":"line","__featureIndex":2,"__length_m":165.95,"__typeValue":"تم التسليم"},"geometry":{"type":"LineString","coordinates":[[31.53303736017541,30.269893385161716],[31.531546604164795,30.269899435933507]]}},{"type":"Feature","properties":{"اسم_الحي":"حي 39","نوع_الطريق":"2","اسم_القطاع":"ABOR 19","موقف_التنفيذ":"تم التسليم","موقف_المتخلص":"3","ملاحظات":null,"Length":0.283013698630137,"Field":"رئيسي","SHAPE_Length":118.89926632495698,"__networkId":"roads","__networkName":"الطرق والقطاعات","__layerId":"roads_lines","__layerName":"طرق المدينة","__assetName":"طرق المدينة","__geometryKind":"line","__featureIndex":3,"__length_m":118.9,"__typeValue":"تم التسليم"},"geometry":{"type":"LineString","coordinates":[[31.51534804372267,30.260085288276105],[31.515308808625146,30.26010626184436],[31.515289473553462,30.260123460496033],[31.5152741177647,30.26014343004498],[31.515085498504483,30.26069425706048],[31.515087720397016,30.2607685382068],[31.51508444784181,30.2608427903028],[31.51506927223551,30.26095345172584]]}},{"type":"Feature","properties":{"اسم_الحي":"حي 15","نوع_الطريق":"3","اسم_القطاع":"ABOR 7","موقف_التنفيذ":"جاري العمل ميدانيا","موقف_المتخلص":"3","ملاحظات":null,"Length":0.1752358490566038,"Field":"ثانوي","SHAPE_Length":46.29452436415981,"__networkId":"roads","__networkName":"الطرق والقطاعات","__layerId":"roads_lines","__layerName":"طرق المدينة","__assetName":"طرق المدينة","__geometryKind":"line","__featureIndex":4,"__length_m":46.29,"__typeValue":"جاري العمل ميدانيا"},"geometry":{"type":"LineString","coordinates":[[31.590597380027656,30.25087970155194],[31.590563189249632,30.250521676328873]]}},{"type":"Feature","properties":{"اسم_الحي":"حي 39","نوع_الطريق":"1","اسم_القطاع":"ABOR 16","موقف_التنفيذ":"تم التسليم","موقف_المتخلص":"3","ملاحظات":null,"Length":0.283013698630137,"Field":"رئيسي","SHAPE_Length":465.05268149487,"__networkId":"roads","__networkName":"الطرق والقطاعات","__layerId":"roads_lines","__layerName":"طرق المدينة","__assetName":"طرق المدينة","__geometryKind":"line","__featureIndex":5,"__length_m":465.05,"__typeValue":"تم التسليم"},"geometry":{"type":"LineString","coordinates":[[31.532796455372434,30.267177291898562],[31.536777724931248,30.266084063626018]]}},{"type":"Feature","properties":{"اسم_الحي":"حي 39","نوع_الطريق":"2","اسم_القطاع":"ABOR 20","موقف_التنفيذ":"تم التسليم","موقف_المتخلص":"3","ملاحظات":null,"Length":0.283013698630137,"Field":"رئيسي","SHAPE_Length":67.55788844388545,"__networkId":"roads","__networkName":"الطرق والقطاعات","__layerId":"roads_lines","__layerName":"طرق المدينة","__assetName":"طرق المدينة","__geometryKind":"line","__featureIndex":6,"__length_m":67.56,"__typeValue":"تم التسليم"},"geometry":{"type":"LineString","coordinates":[[31.510506482769078,30.259195579831527],[31.510807915157624,30.258740612638704]]}},{"type":"Feature","properties":{"اسم_الحي":"حي 15","نوع_الطريق":"3","اسم_القطاع":"ABOR 8","موقف_التنفيذ":"جاري العمل ميدانيا","موقف_المتخلص":"3","ملاحظات":null,"Length":0.1752358490566038,"Field":"ثانوي","SHAPE_Length":53.00050217757446,"__networkId":"roads","__networkName":"الطرق والقطاعات","__layerId":"roads_lines","__layerName":"طرق المدينة","__assetName":"طرق المدينة","__geometryKind":"line","__featureIndex":7,"__length_m":53.0,"__typeValue":"جاري العمل ميدانيا"},"geometry":{"type":"LineString","coordinates":[[31.572617076796497,30.258590770043565],[31.57214174314538,30.258567270261874]]}},{"type":"Feature","properties":{"اسم_الحي":"حي 39","نوع_الطريق":"2","اسم_القطاع":"ABOR 19","موقف_التنفيذ":"تم التسليم","موقف_المتخلص":"3","ملاحظات":null,"Length":0.283013698630137,"Field":"رئيسي","SHAPE_Length":248.92933500943968,"__networkId":"roads","__networkName":"الطرق والقطاعات","__layerId":"roads_lines","__layerName":"طرق المدينة","__assetName":"طرق المدينة","__geometryKind":"line","__featureIndex":8,"__length_m":248.93,"__typeValue":"تم التسليم"},"geometry":{"type":"LineString","coordinates":[[31.52192484617463,30.261392021520418],[31.52125091926872,30.26323366134232]]}},{"type":"Feature","properties":{"اسم_الحي":"حي 39","نوع_الطريق":"2","اسم_القطاع":"ABOR 20","موقف_التنفيذ":"تم التسليم","موقف_المتخلص":"3","ملاحظات":null,"Length":0.283013698630137,"Field":"رئيسي","SHAPE_Length":399.7128658379244,"__networkId":"roads","__networkName":"الطرق والقطاعات","__layerId":"roads_lines","__layerName":"طرق المدينة","__assetName":"طرق المدينة","__geometryKind":"line","__featureIndex":9,"__length_m":399.71,"__typeValue":"تم التسليم"},"geometry":{"type":"LineString","coordinates":[[31.51025134416039,30.261488836775857],[31.513667948901297,30.262442782814098]]}},{"type":"Feature","properties":{"اسم_الحي":"حي 15","نوع_الطريق":"2","اسم_القطاع":"ABOR 7","موقف_التنفيذ":"جاري العمل ميدانيا","موقف_المتخلص":"3","ملاحظات":null,"Length":0.1752358490566038,"Field":"رئيسي","SHAPE_Length":521.6251030127921,"__networkId":"roads","__networkName":"الطرق والقطاعات","__layerId":"roads_lines","__layerName":"طرق المدينة","__assetName":"طرق المدينة","__geometryKind":"line","__featureIndex":10,"__length_m":521.63,"__typeValue":"جاري العمل ميدانيا"},"geometry":{"type":"LineString","coordinates":[[31.58664016914874,30.254160345716695],[31.586906873566722,30.250119202329632]]}},{"type":"Feature","properties":{"اسم_الحي":"حي 39","نوع_الطريق":"2","اسم_القطاع":"ABOR 21","موقف_التنفيذ":"تم التسليم","موقف_المتخلص":"3","ملاحظات":null,"Length":0.283013698630137,"Field":"رئيسي","SHAPE_Length":165.74197418099243,"__networkId":"roads","__networkName":"الطرق والقطاعات","__layerId":"roads_lines","__layerName":"طرق المدينة","__assetName":"طرق المدينة","__geometryKind":"line","__featureIndex":11,"__length_m":165.74,"__typeValue":"تم التسليم"},"geometry":{"type":"LineString","coordinates":[[31.503641002209005,30.268140232226195],[31.502222733055273,30.268531556343166]]}},{"type":"Feature","properties":{"اسم_الحي":"حي 39","نوع_الطريق":"3","اسم_القطاع":"ABOR 16","موقف_التنفيذ":"تم التسليم","موقف_المتخلص":"3","ملاحظات":null,"Length":0.283013698630137,"Field":"ثانوي","SHAPE_Length":100.45241178755948,"__networkId":"roads","__networkName":"الطرق والقطاعات","__layerId":"roads_lines","__layerName":"طرق المدينة","__assetName":"طرق المدينة","__geometryKind":"line","__featureIndex":12,"__length_m":100.45,"__typeValue":"تم التسليم"},"geometry":{"type":"LineString","coordinates":[[31.536707584473877,30.26879901172389],[31.535805434281816,30.26878144807273]]}},{"type":"Feature","properties":{"اسم_الحي":"حي 39","نوع_الطريق":"2","اسم_القطاع":"ABOR 20","موقف_التنفيذ":"تم التسليم","موقف_المتخلص":"3","ملاحظات":null,"Length":0.283013698630137,"Field":"رئيسي","SHAPE_Length":51.54685351761136,"__networkId":"roads","__networkName":"الطرق والقطاعات","__layerId":"roads_lines","__layerName":"طرق المدينة","__assetName":"طرق المدينة","__geometryKind":"line","__featureIndex":13,"__length_m":51.55,"__typeValue":"تم التسليم"},"geometry":{"type":"LineString","coordinates":[[31.50981961742811,30.260675851646482],[31.50998916725148,30.260303668311867]]}},{"type":"Feature","properties":{"اسم_الحي":"حي 16","نوع_الطريق":"3","اسم_القطاع":"ABOR 10","موقف_التنفيذ":"جاري العمل مكتبيا","موقف_المتخلص":"3","ملاحظات":null,"Length":0.1752358490566038,"Field":"ثانوي","SHAPE_Length":46.27653399432543,"__networkId":"roads","__networkName":"الطرق والقطاعات","__layerId":"roads_lines","__layerName":"طرق المدينة","__assetName":"طرق المدينة","__geometryKind":"line","__featureIndex":14,"__length_m":46.28,"__typeValue":"جاري العمل مكتبيا"},"geometry":{"type":"LineString","coordinates":[[31.561034885835955,30.252961295894792],[31.561011128091618,30.253319801864265]]}},{"type":"Feature","properties":{"اسم_الحي":"حي 39","نوع_الطريق":"1","اسم_القطاع":"ABOR 22","موقف_التنفيذ":"تم التسليم","موقف_المتخلص":"3","ملاحظات":null,"Length":0.283013698630137,"Field":"رئيسي","SHAPE_Length":573.4441398751636,"__networkId":"roads","__networkName":"الطرق والقطاعات","__layerId":"roads_lines","__layerName":"طرق المدينة","__assetName":"طرق المدينة","__geometryKind":"line","__featureIndex":15,"__length_m":573.44,"__typeValue":"تم التسليم"},"geometry":{"type":"LineString","coordinates":[[31.493749251966946,30.26777240723728],[31.493790129695903,30.26780348753896],[31.49386803514239,30.267869212895963],[31.493940499903207,30.267939427442364],[31.493974582862403,30.267976114207865],[31.494007178047926,30.268013795984526],[31.494069294986232,30.26809416931344],[31.494124695562757,30.26817812537968],[31.49417310399093,30.268265246240283],[31.494214279290627,30.268355098194725],[31.49424801649097,30.268447233947974],[31.494274147645513,30.268541194838292],[31.494292542672895,30.268636513121344],[31.494303110000438,30.26873271429365],[31.49430579702566,30.26882931946035],[31.494300590370145,30.268925847715007],[31.4942875159544,30.26902181853689],[31.4942666388641,30.269116754181766],[31.494238063023406,30.26921018205883],[31.494201930687375,30.26930163708531],[31.49415842172237,30.26939066399903],[31.494107752719337,30.26947681962839],[31.494050175909027,30.269559675093568],[31.493986422230197,30.26963834170407],[31.493916382285448,30.26971291426335],[31.493840407307946,30.269783018820302],[31.493758878292624,30.2698483038268],[31.493672204088945,30.269908441904683],[31.49358081934484,30.26996313148667],[31.49348518233281,30.270012098326006],[31.493385772649702,30.270055096876096],[31.49328308880936,30.270091911517632],[31.493177645746453,30.270122357640446],[31.493069972231336,30.270146282571496],[31.49296060822075,30.270163566339065],[31.49285010214792,30.270174122270166],[31.492740767776475,30.270177794630406],[31.49263140349281,30.270174860910704],[31.492522543758454,30.27016533544828],[31.492414720569247,30.270149264790387],[31.49230846085472,30.270126727472448],[31.492204283903703,30.27009783362823],[31.492102698829576,30.270062724456366],[31.49200420207513,30.270021571530016],[31.491909274991297,30.26997457595218],[31.491805891197966,30.26991414948691],[31.4917563624158,30.269881327188884],[31.491662020960447,30.269810722820036],[31.491574458511856,30.26973388019681]]}},{"type":"Feature","properties":{"اسم_الحي":"حي 15","نوع_الطريق":"3","اسم_القطاع":"ABOR 7","موقف_التنفيذ":"جاري العمل ميدانيا","موقف_المتخلص":"3","ملاحظات":null,"Length":0.1752358490566038,"Field":"ثانوي","SHAPE_Length":49.768092094892324,"__networkId":"roads","__networkName":"الطرق والقطاعات","__layerId":"roads_lines","__layerName":"طرق المدينة","__assetName":"طرق المدينة","__geometryKind":"line","__featureIndex":16,"__length_m":49.77,"__typeValue":"جاري العمل ميدانيا"},"geometry":{"type":"LineString","coordinates":[[31.584224644265507,30.252213022819195],[31.584245386365424,30.251827247903638]]}},{"type":"Feature","properties":{"اسم_الحي":"حي 39","نوع_الطريق":"2","اسم_القطاع":"ABOR 21","موقف_التنفيذ":"تم التسليم","موقف_المتخلص":"3","ملاحظات":null,"Length":0.283013698630137,"Field":"رئيسي","SHAPE_Length":83.42433748679298,"__networkId":"roads","__networkName":"الطرق والقطاعات","__layerId":"roads_lines","__layerName":"طرق المدينة","__assetName":"طرق المدينة","__geometryKind":"line","__featureIndex":17,"__length_m":83.42,"__typeValue":"تم التسليم"},"geometry":{"type":"LineString","coordinates":[[31.5065926605184,30.269076840988127],[31.506374430989823,30.26845764494354]]}},{"type":"Feature","properties":{"اسم_الحي":"حي 16","نوع_الطريق":"3","اسم_القطاع":"ABOR 9","موقف_التنفيذ":"جاري العمل ميدانيا","موقف_المتخلص":"3","ملاحظات":null,"Length":0.1752358490566038,"Field":"ثانوي","SHAPE_Length":68.0704209086775,"__networkId":"roads","__networkName":"الطرق والقطاعات","__layerId":"roads_lines","__layerName":"طرق المدينة","__assetName":"طرق المدينة","__geometryKind":"line","__featureIndex":18,"__length_m":68.07,"__typeValue":"جاري العمل ميدانيا"},"geometry":{"type":"LineString","coordinates":[[31.569199532417787,30.258091496628452],[31.568630191868824,30.257898802083872]]}},{"type":"Feature","properties":{"اسم_الحي":"حي 15","نوع_الطريق":"2","اسم_القطاع":"ABOR 7","موقف_التنفيذ":"جاري العمل ميدانيا","موقف_المتخلص":"3","ملاحظات":null,"Length":0.1752358490566038,"Field":"رئيسي","SHAPE_Length":45.52906572730276,"__networkId":"roads","__networkName":"الطرق والقطاعات","__layerId":"roads_lines","__layerName":"طرق المدينة","__assetName":"طرق المدينة","__geometryKind":"line","__featureIndex":19,"__length_m":45.53,"__typeValue":"جاري العمل ميدانيا"},"geometry":{"type":"LineString","coordinates":[[31.58158924863167,30.256546932210917],[31.581580928425108,30.256592366732754],[31.581562075297636,30.256635387028915],[31.58153347871194,30.256674191659194],[31.58149633613146,30.25670715570964],[31.581452202877227,30.25673289883858],[31.58141979983862,30.256745503070974],[31.58136823206497,30.2567569860229],[31.581315037891173,30.25675916145306]]}},{"type":"Feature","properties":{"اسم_الحي":"حي 39","نوع_الطريق":"1","اسم_القطاع":"ABOR 13","موقف_التنفيذ":"تم التسليم","موقف_المتخلص":"3","ملاحظات":null,"Length":0.283013698630137,"Field":"رئيسي","SHAPE_Length":493.4608342474635,"__networkId":"roads","__networkName":"الطرق والقطاعات","__layerId":"roads_lines","__layerName":"طرق المدينة","__assetName":"طرق المدينة","__geometryKind":"line","__featureIndex":20,"__length_m":493.46,"__typeValue":"تم التسليم"},"geometry":{"type":"LineString","coordinates":[[31.520053374265142,30.27267550838075],[31.518951797181685,30.275016312642176],[31.518925885376493,30.275077627606194],[31.518896766605245,30.275172221804766],[31.518884000428873,30.275236554741387],[31.518718346598916,30.276300020359578]]}},{"type":"Feature","properties":{"اسم_الحي":"حي 39","نوع_الطريق":"2","اسم_القطاع":"ABOR 19","موقف_التنفيذ":"تم التسليم","موقف_المتخلص":"3","ملاحظات":null,"Length":0.283013698630137,"Field":"رئيسي","SHAPE_Length":174.73743787436644,"__networkId":"roads","__networkName":"الطرق والقطاعات","__layerId":"roads_lines","__layerName":"طرق المدينة","__assetName":"طرق المدينة","__geometryKind":"line","__featureIndex":21,"__length_m":174.74,"__typeValue":"تم التسليم"},"geometry":{"type":"LineString","coordinates":[[31.51695837358247,30.263569857137597],[31.516934808458636,30.263531129320576],[31.516908085351023,30.263493962504022],[31.516878342149187,30.26345854846924],[31.516845732323503,30.26342506994758],[31.516810424136292,30.263393699685825],[31.516772599774505,30.263364599555047],[31.51673245440623,30.26333791970787],[31.51669019517622,30.263313797813105],[31.51664604013795,30.26329235833736],[31.515577506683922,30.26302116289005]]}},{"type":"Feature","properties":{"اسم_الحي":"حي 39","نوع_الطريق":"2","اسم_القطاع":"ABOR 20","موقف_التنفيذ":"تم التسليم","موقف_المتخلص":"3","ملاحظات":null,"Length":0.283013698630137,"Field":"رئيسي","SHAPE_Length":80.77725231450776,"__networkId":"roads","__networkName":"الطرق والقطاعات","__layerId":"roads_lines","__layerName":"طرق المدينة","__assetName":"طرق المدينة","__geometryKind":"line","__featureIndex":22,"__length_m":80.78,"__typeValue":"تم التسليم"},"geometry":{"type":"LineString","coordinates":[[31.50853214297977,30.258492636730566],[31.50906747421039,30.258069511348346]]}},{"type":"Feature","properties":{"اسم_الحي":"حي 39","نوع_الطريق":"1","اسم_القطاع":"ABOR 17","موقف_التنفيذ":"تم التسليم","موقف_المتخلص":"3","ملاحظات":null,"Length":0.283013698630137,"Field":"رئيسي","SHAPE_Length":343.13991270531966,"__networkId":"roads","__networkName":"الطرق والقطاعات","__layerId":"roads_lines","__layerName":"طرق المدينة","__assetName":"طرق المدينة","__geometryKind":"line","__featureIndex":23,"__length_m":343.14,"__typeValue":"تم التسليم"},"geometry":{"type":"LineString","coordinates":[[31.52830526343076,30.268410370014738],[31.525367611653277,30.26921681512944]]}},{"type":"Feature","properties":{"اسم_الحي":"حي 39","نوع_الطريق":"2","اسم_القطاع":"ABOR 20","موقف_التنفيذ":"تم التسليم","موقف_المتخلص":"3","ملاحظات":null,"Length":0.283013698630137,"Field":"رئيسي","SHAPE_Length":77.76705176368115,"__networkId":"roads","__networkName":"الطرق والقطاعات","__layerId":"roads_lines","__layerName":"طرق المدينة","__assetName":"طرق المدينة","__geometryKind":"line","__featureIndex":24,"__length_m":77.77,"__typeValue":"تم التسليم"},"geometry":{"type":"LineString","coordinates":[[31.51023987716581,30.259753321727548],[31.510506482769078,30.259195579831527]]}},{"type":"Feature","properties":{"اسم_الحي":"حي 39","نوع_الطريق":"1","اسم_القطاع":"ABOR 15","موقف_التنفيذ":"تم التسليم","موقف_المتخلص":"3","ملاحظات":null,"Length":0.283013698630137,"Field":"رئيسي","SHAPE_Length":71.23395721899476,"__networkId":"roads","__networkName":"الطرق والقطاعات","__layerId":"roads_lines","__layerName":"طرق المدينة","__assetName":"طرق المدينة","__geometryKind":"line","__featureIndex":25,"__length_m":71.23,"__typeValue":"تم التسليم"},"geometry":{"type":"LineString","coordinates":[[31.50507090185069,30.273241537747833],[31.50509907461681,30.273316637330446],[31.505123433416028,30.27339272526334],[31.505143932024737,30.273469657153658],[31.50516053154019,30.273547287003083],[31.505173200461517,30.273625467489786],[31.50518191474756,30.273704050250597],[31.505186657859902,30.273782886154333]]}},{"type":"Feature","properties":{"اسم_الحي":"حي 39","نوع_الطريق":"3","اسم_القطاع":"ABOR 16","موقف_التنفيذ":"تم التسليم","موقف_المتخلص":"3","ملاحظات":null,"Length":0.283013698630137,"Field":"ثانوي","SHAPE_Length":181.20221785051473,"__networkId":"roads","__networkName":"الطرق والقطاعات","__layerId":"roads_lines","__layerName":"طرق المدينة","__assetName":"طرق المدينة","__geometryKind":"line","__featureIndex":26,"__length_m":181.2,"__typeValue":"تم التسليم"},"geometry":{"type":"LineString","coordinates":[[31.53110766126583,30.2758018843144],[31.531714574749895,30.27449748872537]]}},{"type":"Feature","properties":{"اسم_الحي":"حي 39","نوع_الطريق":"3","اسم_القطاع":"ABOR 12","موقف_التنفيذ":"تم التسليم","موقف_المتخلص":"3","ملاحظات":null,"Length":0.283013698630137,"Field":"ثانوي","SHAPE_Length":142.82839136248887,"__networkId":"roads","__networkName":"الطرق والقطاعات","__layerId":"roads_lines","__layerName":"طرق المدينة","__assetName":"طرق المدينة","__geometryKind":"line","__featureIndex":27,"__length_m":142.83,"__typeValue":"تم التسليم"},"geometry":{"type":"LineString","coordinates":[[31.52806121721923,30.279240968459586],[31.52822801011297,30.278142351026098]]}},{"type":"Feature","properties":{"اسم_الحي":"حي 16","نوع_الطريق":"3","اسم_القطاع":"ABOR 10","موقف_التنفيذ":"جاري العمل مكتبيا","موقف_المتخلص":"3","ملاحظات":null,"Length":0.1752358490566038,"Field":"ثانوي","SHAPE_Length":81.13048069820923,"__networkId":"roads","__networkName":"الطرق والقطاعات","__layerId":"roads_lines","__layerName":"طرق المدينة","__assetName":"طرق المدينة","__geometryKind":"line","__featureIndex":28,"__length_m":81.13,"__typeValue":"جاري العمل مكتبيا"},"geometry":{"type":"LineString","coordinates":[[31.558309265211573,30.250454388442716],[31.558281503676042,30.251083496408587]]}},{"type":"Feature","properties":{"اسم_الحي":"حي 39","نوع_الطريق":"2","اسم_القطاع":"ABOR 16","موقف_التنفيذ":"تم التسليم","موقف_المتخلص":"3","ملاحظات":null,"Length":0.283013698630137,"Field":"رئيسي","SHAPE_Length":192.58910684945081,"__networkId":"roads","__networkName":"الطرق والقطاعات","__layerId":"roads_lines","__layerName":"طرق المدينة","__assetName":"طرق المدينة","__geometryKind":"line","__featureIndex":29,"__length_m":192.59,"__typeValue":"تم التسليم"},"geometry":{"type":"LineString","coordinates":[[31.52962891662887,30.272190621261146],[31.5302682251587,30.27080222180167]]}},{"type":"Feature","properties":{"اسم_الحي":"حي 15","نوع_الطريق":"3","اسم_القطاع":"ABOR 7","موقف_التنفيذ":"جاري العمل ميدانيا","موقف_المتخلص":"3","ملاحظات":null,"Length":0.1752358490566038,"Field":"ثانوي","SHAPE_Length":46.85925217360094,"__networkId":"roads","__networkName":"الطرق والقطاعات","__layerId":"roads_lines","__layerName":"طرق المدينة","__assetName":"طرق المدينة","__geometryKind":"line","__featureIndex":30,"__length_m":46.86,"__typeValue":"جاري العمل ميدانيا"},"geometry":{"type":"LineString","coordinates":[[31.5795087306707,30.256669228813866],[31.579532687841024,30.25630621595455]]}},{"type":"Feature","properties":{"اسم_الحي":"حي 16","نوع_الطريق":"3","اسم_القطاع":"ABOR 10","موقف_التنفيذ":"جاري العمل مكتبيا","موقف_المتخلص":"3","ملاحظات":null,"Length":0.1752358490566038,"Field":"ثانوي","SHAPE_Length":57.62113793474168,"__networkId":"roads","__networkName":"الطرق والقطاعات","__layerId":"roads_lines","__layerName":"طرق المدينة","__assetName":"طرق المدينة","__geometryKind":"line","__featureIndex":31,"__length_m":57.62,"__typeValue":"جاري العمل مكتبيا"},"geometry":{"type":"LineString","coordinates":[[31.566533948000494,30.253333746827604],[31.56601721548951,30.253307582657406]]}},{"type":"Feature","properties":{"اسم_الحي":"حي 16","نوع_الطريق":"3","اسم_القطاع":"ABOR 10","موقف_التنفيذ":"جاري العمل مكتبيا","موقف_المتخلص":"3","ملاحظات":null,"Length":0.1752358490566038,"Field":"ثانوي","SHAPE_Length":45.90602088733529,"__networkId":"roads","__networkName":"الطرق والقطاعات","__layerId":"roads_lines","__layerName":"طرق المدينة","__assetName":"طرق المدينة","__geometryKind":"line","__featureIndex":32,"__length_m":45.91,"__typeValue":"جاري العمل مكتبيا"},"geometry":{"type":"LineString","coordinates":[[31.56311500674154,30.251352636641375],[31.562703174997843,30.251334260516273]]}},{"type":"Feature","properties":{"اسم_الحي":"حي 39","نوع_الطريق":"2","اسم_القطاع":"ABOR 17","موقف_التنفيذ":"تم التسليم","موقف_المتخلص":"3","ملاحظات":null,"Length":0.283013698630137,"Field":"رئيسي","SHAPE_Length":104.85168287530522,"__networkId":"roads","__networkName":"الطرق والقطاعات","__layerId":"roads_lines","__layerName":"طرق المدينة","__assetName":"طرق المدينة","__geometryKind":"line","__featureIndex":33,"__length_m":104.85,"__typeValue":"تم التسليم"},"geometry":{"type":"LineString","coordinates":[[31.5249444674252,30.267876600793787],[31.524036753966577,30.26809377644604]]}},{"type":"Feature","properties":{"اسم_الحي":"حي 39","نوع_الطريق":"2","اسم_القطاع":"ABOR 17","موقف_التنفيذ":"تم التسليم","موقف_المتخلص":"3","ملاحظات":null,"Length":0.283013698630137,"Field":"رئيسي","SHAPE_Length":216.60667377139802,"__networkId":"roads","__networkName":"الطرق والقطاعات","__layerId":"roads_lines","__layerName":"طرق المدينة","__assetName":"طرق المدينة","__geometryKind":"line","__featureIndex":34,"__length_m":216.61,"__typeValue":"تم التسليم"},"geometry":{"type":"LineString","coordinates":[[31.52383902758602,30.26752299862651],[31.52570163671694,30.26703682295282]]}},{"type":"Feature","properties":{"اسم_الحي":"حي 15","نوع_الطريق":"3","اسم_القطاع":"ABOR 7","موقف_التنفيذ":"جاري العمل ميدانيا","موقف_المتخلص":"3","ملاحظات":"محتاج النظر فيها","Length":0.1752358490566038,"Field":"ثانوي","SHAPE_Length":48.58288656690196,"__networkId":"roads","__networkName":"الطرق والقطاعات","__layerId":"roads_lines","__layerName":"طرق المدينة","__assetName":"طرق المدينة","__geometryKind":"line","__featureIndex":35,"__length_m":48.58,"__typeValue":"جاري العمل ميدانيا"},"geometry":{"type":"LineString","coordinates":[[31.58113198459247,30.25762237822503],[31.58115679785726,30.257246014972335]]}},{"type":"Feature","properties":{"اسم_الحي":"حي 15","نوع_الطريق":"2","اسم_القطاع":"ABOR 7","موقف_التنفيذ":"جاري العمل ميدانيا","موقف_المتخلص":"3","ملاحظات":null,"Length":0.1752358490566038,"Field":"رئيسي","SHAPE_Length":280.6687701941044,"__networkId":"roads","__networkName":"الطرق والقطاعات","__layerId":"roads_lines","__layerName":"طرق المدينة","__assetName":"طرق المدينة","__geometryKind":"line","__featureIndex":36,"__length_m":280.67,"__typeValue":"جاري العمل ميدانيا"},"geometry":{"type":"LineString","coordinates":[[31.58757285307734,30.2527933006471],[31.590091412927023,30.252894635114405]]}},{"type":"Feature","properties":{"اسم_الحي":"حي 15","نوع_الطريق":"3","اسم_القطاع":"ABOR 8","موقف_التنفيذ":"جاري العمل ميدانيا","موقف_المتخلص":"3","ملاحظات":null,"Length":0.1752358490566038,"Field":"ثانوي","SHAPE_Length":31.206772708426463,"__networkId":"roads","__networkName":"الطرق والقطاعات","__layerId":"roads_lines","__layerName":"طرق المدينة","__assetName":"طرق المدينة","__geometryKind":"line","__featureIndex":37,"__length_m":31.21,"__typeValue":"جاري العمل ميدانيا"},"geometry":{"type":"LineString","coordinates":[[31.57440631782321,30.251801960192306],[31.574422239563297,30.251560191713008]]}},{"type":"Feature","properties":{"اسم_الحي":"حي 39","نوع_الطريق":"2","اسم_القطاع":"ABOR 19","موقف_التنفيذ":"تم التسليم","موقف_المتخلص":"3","ملاحظات":null,"Length":0.283013698630137,"Field":"رئيسي","SHAPE_Length":84.21040967730129,"__networkId":"roads","__networkName":"الطرق والقطاعات","__layerId":"roads_lines","__layerName":"طرق المدينة","__assetName":"طرق المدينة","__geometryKind":"line","__featureIndex":38,"__length_m":84.21,"__typeValue":"تم التسليم"},"geometry":{"type":"LineString","coordinates":[[31.51734179341034,30.26053872767341],[31.51660599144595,30.260387018643545]]}},{"type":"Feature","properties":{"اسم_الحي":"حي 39","نوع_الطريق":"2","اسم_القطاع":"ABOR 19","موقف_التنفيذ":"تم التسليم","موقف_المتخلص":"3","ملاحظات":null,"Length":0.283013698630137,"Field":"رئيسي","SHAPE_Length":89.48299262099303,"__networkId":"roads","__networkName":"الطرق والقطاعات","__layerId":"roads_lines","__layerName":"طرق المدينة","__assetName":"طرق المدينة","__geometryKind":"line","__featureIndex":39,"__length_m":89.48,"__typeValue":"تم التسليم"},"geometry":{"type":"LineString","coordinates":[[31.521769673887405,30.264903896851575],[31.52253933515149,30.26470360040741]]}},{"type":"Feature","properties":{"اسم_الحي":"حي 39","نوع_الطريق":"2","اسم_القطاع":"ABOR 17","موقف_التنفيذ":"تم التسليم","موقف_المتخلص":"3","ملاحظات":null,"Length":0.283013698630137,"Field":"رئيسي","SHAPE_Length":165.72575397258433,"__networkId":"roads","__networkName":"الطرق والقطاعات","__layerId":"roads_lines","__layerName":"طرق المدينة","__assetName":"طرق المدينة","__geometryKind":"line","__featureIndex":40,"__length_m":165.73,"__typeValue":"تم التسليم"},"geometry":{"type":"LineString","coordinates":[[31.5222416208899,30.270751746140526],[31.52086418106418,30.270263948665296]]}},{"type":"Feature","properties":{"اسم_الحي":"حي 16","نوع_الطريق":"3","اسم_القطاع":"ABOR 9","موقف_التنفيذ":"جاري العمل ميدانيا","موقف_المتخلص":"3","ملاحظات":null,"Length":0.1752358490566038,"Field":"ثانوي","SHAPE_Length":46.04521784543959,"__networkId":"roads","__networkName":"الطرق والقطاعات","__layerId":"roads_lines","__layerName":"طرق المدينة","__assetName":"طرق المدينة","__geometryKind":"line","__featureIndex":41,"__length_m":46.05,"__typeValue":"جاري العمل ميدانيا"},"geometry":{"type":"LineString","coordinates":[[31.568201524798386,30.25296869712729],[31.56861446955472,30.252989273606193]]}},{"type":"Feature","properties":{"اسم_الحي":"حي 15","نوع_الطريق":"3","اسم_القطاع":"ABOR 7","موقف_التنفيذ":"جاري العمل ميدانيا","موقف_المتخلص":"3","ملاحظات":"محتاج النظر فيها","Length":0.1752358490566038,"Field":"ثانوي","SHAPE_Length":46.857511450742734,"__networkId":"roads","__networkName":"الطرق والقطاعات","__layerId":"roads_lines","__layerName":"طرق المدينة","__assetName":"طرق المدينة","__geometryKind":"line","__featureIndex":42,"__length_m":46.86,"__typeValue":"جاري العمل ميدانيا"},"geometry":{"type":"LineString","coordinates":[[31.58068519850278,30.252832766706003],[31.580704602112917,30.252469550329952]]}},{"type":"Feature","properties":{"اسم_الحي":"حي 15","نوع_الطريق":"3","اسم_القطاع":"ABOR 8","موقف_التنفيذ":"جاري العمل ميدانيا","موقف_المتخلص":"3","ملاحظات":null,"Length":0.1752358490566038,"Field":"ثانوي","SHAPE_Length":32.94353970788729,"__networkId":"roads","__networkName":"الطرق والقطاعات","__layerId":"roads_lines","__layerName":"طرق المدينة","__assetName":"طرق المدينة","__geometryKind":"line","__featureIndex":43,"__length_m":32.94,"__typeValue":"جاري العمل ميدانيا"},"geometry":{"type":"LineString","coordinates":[[31.577035537539505,30.251932433011085],[31.577018735450427,30.25218765605726]]}},{"type":"Feature","properties":{"اسم_الحي":"حي 39","نوع_الطريق":"3","اسم_القطاع":"ABOR 16","موقف_التنفيذ":"تم التسليم","موقف_المتخلص":"3","ملاحظات":null,"Length":0.283013698630137,"Field":"ثانوي","SHAPE_Length":181.15084955549298,"__networkId":"roads","__networkName":"الطرق والقطاعات","__layerId":"roads_lines","__layerName":"طرق المدينة","__assetName":"طرق المدينة","__geometryKind":"line","__featureIndex":44,"__length_m":181.15,"__typeValue":"تم التسليم"},"geometry":{"type":"LineString","coordinates":[[31.528460076391877,30.274869771864687],[31.52907866438136,30.273569891517475]]}},{"type":"Feature","properties":{"اسم_الحي":"حي 39","نوع_الطريق":"2","اسم_القطاع":"ABOR 22","موقف_التنفيذ":"تم التسليم","موقف_المتخلص":"3","ملاحظات":null,"Length":0.283013698630137,"Field":"رئيسي","SHAPE_Length":82.18712376298741,"__networkId":"roads","__networkName":"الطرق والقطاعات","__layerId":"roads_lines","__layerName":"طرق المدينة","__assetName":"طرق المدينة","__geometryKind":"line","__featureIndex":45,"__length_m":82.19,"__typeValue":"تم التسليم"},"geometry":{"type":"LineString","coordinates":[[31.49700642371123,30.270306573115295],[31.49771304570023,30.27012179979246]]}},{"type":"Feature","properties":{"اسم_الحي":"حي 16","نوع_الطريق":"2","اسم_القطاع":"ABOR 10","موقف_التنفيذ":"جاري العمل مكتبيا","موقف_المتخلص":"3","ملاحظات":null,"Length":0.1752358490566038,"Field":"رئيسي","SHAPE_Length":590.9100414918355,"__networkId":"roads","__networkName":"الطرق والقطاعات","__layerId":"roads_lines","__layerName":"طرق المدينة","__assetName":"طرق المدينة","__geometryKind":"line","__featureIndex":46,"__length_m":590.91,"__typeValue":"جاري العمل مكتبيا"},"geometry":{"type":"LineString","coordinates":[[31.56666344553861,30.25137895497742],[31.56638778334461,30.25131662891913],[31.566021796897473,30.251228537009403],[31.565701526810795,30.25114638161067],[31.56538280190918,30.25105985827092],[31.565062475146288,30.250968039462848],[31.564777771264446,30.25088227938964],[31.564456943668183,30.2507808799062],[31.564147804674406,30.250678323389184],[31.56384770266851,30.250574128359172],[31.563544600419224,30.250464167452975],[31.56324320245186,30.25035002658247],[31.56293836987481,30.250229616158187],[31.56262936179875,30.250102345437433],[31.562314267971736,30.2499670404295],[31.56199992115411,30.24982635630399],[31.56173693001028,30.249704174899087]]}},{"type":"Feature","properties":{"اسم_الحي":"حي 15","نوع_الطريق":"3","اسم_القطاع":"ABOR 7","موقف_التنفيذ":"جاري العمل ميدانيا","موقف_المتخلص":"3","ملاحظات":null,"Length":0.1752358490566038,"Field":"ثانوي","SHAPE_Length":52.981751413728595,"__networkId":"roads","__networkName":"الطرق والقطاعات","__layerId":"roads_lines","__layerName":"طرق المدينة","__assetName":"طرق المدينة","__geometryKind":"line","__featureIndex":47,"__length_m":52.98,"__typeValue":"جاري العمل ميدانيا"},"geometry":{"type":"LineString","coordinates":[[31.587142518733728,30.258570034896756],[31.58761767541675,30.25859365882634]]}},{"type":"Feature","properties":{"اسم_الحي":"حي 39","نوع_الطريق":"2","اسم_القطاع":"ABOR 17","موقف_التنفيذ":"تم التسليم","موقف_المتخلص":"3","ملاحظات":null,"Length":0.283013698630137,"Field":"رئيسي","SHAPE_Length":227.76501075692624,"__networkId":"roads","__networkName":"الطرق والقطاعات","__layerId":"roads_lines","__layerName":"طرق المدينة","__assetName":"طرق المدينة","__geometryKind":"line","__featureIndex":48,"__length_m":227.77,"__typeValue":"تم التسليم"},"geometry":{"type":"LineString","coordinates":[[31.523410999217756,30.2715650093782],[31.525305527287344,30.272232351904574]]}},{"type":"Feature","properties":{"اسم_الحي":"حي 39","نوع_الطريق":"2","اسم_القطاع":"ABOR 20","موقف_التنفيذ":"تم التسليم","موقف_المتخلص":"3","ملاحظات":null,"Length":0.283013698630137,"Field":"رئيسي","SHAPE_Length":90.4669703715019,"__networkId":"roads","__networkName":"الطرق والقطاعات","__layerId":"roads_lines","__layerName":"طرق المدينة","__assetName":"طرق المدينة","__geometryKind":"line","__featureIndex":49,"__length_m":90.47,"__typeValue":"تم التسليم"},"geometry":{"type":"LineString","coordinates":[[31.513495549621865,30.26619858811438],[31.512763692159908,30.26650374299206]]}},{"type":"Feature","properties":{"اسم_الحي":"حي 16","نوع_الطريق":"3","اسم_القطاع":"ABOR 9","موقف_التنفيذ":"جاري العمل ميدانيا","موقف_المتخلص":"3","ملاحظات":null,"Length":0.1752358490566038,"Field":"ثانوي","SHAPE_Length":53.00028168154832,"__networkId":"roads","__networkName":"الطرق والقطاعات","__layerId":"roads_lines","__layerName":"طرق المدينة","__assetName":"طرق المدينة","__geometryKind":"line","__featureIndex":50,"__length_m":53.0,"__typeValue":"جاري العمل ميدانيا"},"geometry":{"type":"LineString","coordinates":[[31.56653604915994,30.253302035244047],[31.56701136843804,30.253325722518383]]}},{"type":"Feature","properties":{"اسم_الحي":"حي 15","نوع_الطريق":"2","اسم_القطاع":"ABOR 7","موقف_التنفيذ":"جاري العمل ميدانيا","موقف_المتخلص":"3","ملاحظات":null,"Length":0.1752358490566038,"Field":"رئيسي","SHAPE_Length":151.09245514088602,"__networkId":"roads","__networkName":"الطرق والقطاعات","__layerId":"roads_lines","__layerName":"طرق المدينة","__assetName":"طرق المدينة","__geometryKind":"line","__featureIndex":51,"__length_m":151.09,"__typeValue":"جاري العمل ميدانيا"},"geometry":{"type":"LineString","coordinates":[[31.588875791124988,30.251795656887],[31.58881767648403,30.251767448919292],[31.588768099076628,30.2517289557129],[31.58872945376858,30.251682036694408],[31.588714203735236,30.251650502035726],[31.588693937394016,30.25162115082098],[31.588655051627782,30.251582497228895],[31.588607619931018,30.251551853256686],[31.588572326426576,30.251536609340615],[31.588534879672547,30.251525862106476],[31.588496042874223,30.251519830597804],[31.58845660756901,30.25151863774418],[31.58765585022307,30.251535536360322]]}},{"type":"Feature","properties":{"اسم_الحي":"حي 13","نوع_الطريق":"2","اسم_القطاع":"ABOR 5","موقف_التنفيذ":"تم التسليم","موقف_المتخلص":"3","ملاحظات":null,"Length":0.283013698630137,"Field":"رئيسي","SHAPE_Length":188.2317712171496,"__networkId":"roads","__networkName":"الطرق والقطاعات","__layerId":"roads_lines","__layerName":"طرق المدينة","__assetName":"طرق المدينة","__geometryKind":"line","__featureIndex":52,"__length_m":188.23,"__typeValue":"تم التسليم"},"geometry":{"type":"LineString","coordinates":[[31.55213461874938,30.276307978401075],[31.55326331058136,30.275220637708248]]}},{"type":"Feature","properties":{"اسم_الحي":"حي 39","نوع_الطريق":"2","اسم_القطاع":"ABOR 20","موقف_التنفيذ":"تم التسليم","موقف_المتخلص":"3","ملاحظات":null,"Length":0.283013698630137,"Field":"رئيسي","SHAPE_Length":80.99427323716495,"__networkId":"roads","__networkName":"الطرق والقطاعات","__layerId":"roads_lines","__layerName":"طرق المدينة","__assetName":"طرق المدينة","__geometryKind":"line","__featureIndex":53,"__length_m":80.99,"__typeValue":"تم التسليم"},"geometry":{"type":"LineString","coordinates":[[31.509854332822275,30.264245787961734],[31.509157927372996,30.264063797195913]]}},{"type":"Feature","properties":{"اسم_الحي":"حي 39","نوع_الطريق":"2","اسم_القطاع":"ABOR 19","موقف_التنفيذ":"تم التسليم","موقف_المتخلص":"3","ملاحظات":null,"Length":0.283013698630137,"Field":"رئيسي","SHAPE_Length":77.79284102606707,"__networkId":"roads","__networkName":"الطرق والقطاعات","__layerId":"roads_lines","__layerName":"طرق المدينة","__assetName":"طرق المدينة","__geometryKind":"line","__featureIndex":54,"__length_m":77.79,"__typeValue":"تم التسليم"},"geometry":{"type":"LineString","coordinates":[[31.52430133297056,30.264245036905933],[31.524970440415007,30.264070893444725]]}},{"type":"Feature","properties":{"اسم_الحي":"حي 39","نوع_الطريق":"2","اسم_القطاع":"ABOR 19","موقف_التنفيذ":"تم التسليم","موقف_المتخلص":"3","ملاحظات":null,"Length":0.283013698630137,"Field":"رئيسي","SHAPE_Length":250.27983491097908,"__networkId":"roads","__networkName":"الطرق والقطاعات","__layerId":"roads_lines","__layerName":"طرق المدينة","__assetName":"طرق المدينة","__geometryKind":"line","__featureIndex":55,"__length_m":250.28,"__typeValue":"تم التسليم"},"geometry":{"type":"LineString","coordinates":[[31.519992280740976,30.263557610497987],[31.520061660325304,30.263573980213984],[31.520386455199457,30.263684453612548],[31.520468903919674,30.26372253214285],[31.52054449589007,30.26377005451625],[31.520579264596016,30.2637970807401],[31.520641919108126,30.26385701937124],[31.52069442008211,30.263923839171042],[31.520735767115934,30.26399626687984],[31.520765172346817,30.264072922385235],[31.52104782994593,30.265097175076562]]}},{"type":"Feature","properties":{"اسم_الحي":"حي 39","نوع_الطريق":"3","اسم_القطاع":"ABOR 12","موقف_التنفيذ":"تم التسليم","موقف_المتخلص":"3","ملاحظات":null,"Length":0.283013698630137,"Field":"ثانوي","SHAPE_Length":127.10274674307313,"__networkId":"roads","__networkName":"الطرق والقطاعات","__layerId":"roads_lines","__layerName":"طرق المدينة","__assetName":"طرق المدينة","__geometryKind":"line","__featureIndex":56,"__length_m":127.1,"__typeValue":"تم التسليم"},"geometry":{"type":"LineString","coordinates":[[31.531216336753953,30.27741311663092],[31.53228428360811,30.277761947051815]]}},{"type":"Feature","properties":{"اسم_الحي":"حي 39","نوع_الطريق":"2","اسم_القطاع":"ABOR 19","موقف_التنفيذ":"تم التسليم","موقف_المتخلص":"3","ملاحظات":null,"Length":0.283013698630137,"Field":"رئيسي","SHAPE_Length":86.53300434349381,"__networkId":"roads","__networkName":"الطرق والقطاعات","__layerId":"roads_lines","__layerName":"طرق المدينة","__assetName":"طرق المدينة","__geometryKind":"line","__featureIndex":57,"__length_m":86.53,"__typeValue":"تم التسليم"},"geometry":{"type":"LineString","coordinates":[[31.515577506683922,30.26302116289005],[31.514831701978828,30.262831868680383]]}},{"type":"Feature","properties":{"اسم_الحي":"حي 15","نوع_الطريق":"1","اسم_القطاع":"ABOR 7","موقف_التنفيذ":"جاري العمل ميدانيا","موقف_المتخلص":"3","ملاحظات":null,"Length":0.1752358490566038,"Field":"رئيسي","SHAPE_Length":2234.957585650411,"__networkId":"roads","__networkName":"الطرق والقطاعات","__layerId":"roads_lines","__layerName":"طرق المدينة","__assetName":"طرق المدينة","__geometryKind":"line","__featureIndex":58,"__length_m":2234.96,"__typeValue":"جاري العمل ميدانيا"},"geometry":{"type":"LineString","coordinates":[[31.568783351031517,30.259017993170012],[31.588826857196498,30.260018755701353]]}},{"type":"Feature","properties":{"اسم_الحي":"حي 15","نوع_الطريق":"2","اسم_القطاع":"ABOR 7","موقف_التنفيذ":"جاري العمل ميدانيا","موقف_المتخلص":"3","ملاحظات":null,"Length":0.1752358490566038,"Field":"رئيسي","SHAPE_Length":543.2124322947535,"__networkId":"roads","__networkName":"الطرق والقطاعات","__layerId":"roads_lines","__layerName":"طرق المدينة","__assetName":"طرق المدينة","__geometryKind":"line","__featureIndex":59,"__length_m":543.21,"__typeValue":"جاري العمل ميدانيا"},"geometry":{"type":"LineString","coordinates":[[31.586839028304873,30.25114722130496],[31.591702304233834,30.25080103478971]]}},{"type":"Feature","properties":{"اسم_الحي":"حي 39","نوع_الطريق":"2","اسم_القطاع":"ABOR 13","موقف_التنفيذ":"تم التسليم","موقف_المتخلص":"3","ملاحظات":"remove","Length":0.283013698630137,"Field":"رئيسي","SHAPE_Length":408.15768940272994,"__networkId":"roads","__networkName":"الطرق والقطاعات","__layerId":"roads_lines","__layerName":"طرق المدينة","__assetName":"طرق المدينة","__geometryKind":"line","__featureIndex":60,"__length_m":408.16,"__typeValue":"تم التسليم"},"geometry":{"type":"LineString","coordinates":[[31.515828147427975,30.276352239467368],[31.51610139697108,30.27459836401986],[31.516130781755407,30.274448618009412],[31.516171935312048,30.274300953607877],[31.516224665618257,30.274156059834816],[31.516620222556703,30.27327918949722]]}},{"type":"Feature","properties":{"اسم_الحي":"حي 16","نوع_الطريق":"3","اسم_القطاع":"ABOR 9","موقف_التنفيذ":"جاري العمل ميدانيا","موقف_المتخلص":"3","ملاحظات":null,"Length":0.1752358490566038,"Field":"ثانوي","SHAPE_Length":46.045023936411276,"__networkId":"roads","__networkName":"الطرق والقطاعات","__layerId":"roads_lines","__layerName":"طرق المدينة","__assetName":"طرق المدينة","__geometryKind":"line","__featureIndex":61,"__length_m":46.05,"__typeValue":"جاري العمل ميدانيا"},"geometry":{"type":"LineString","coordinates":[[31.56822460970457,30.25262036912938],[31.56863755266427,30.252640946457188]]}},{"type":"Feature","properties":{"اسم_الحي":"حي 16","نوع_الطريق":"3","اسم_القطاع":"ABOR 10","موقف_التنفيذ":"جاري العمل مكتبيا","موقف_المتخلص":"3","ملاحظات":null,"Length":0.1752358490566038,"Field":"ثانوي","SHAPE_Length":46.31837140652348,"__networkId":"roads","__networkName":"الطرق والقطاعات","__layerId":"roads_lines","__layerName":"طرق المدينة","__assetName":"طرق المدينة","__geometryKind":"line","__featureIndex":62,"__length_m":46.32,"__typeValue":"جاري العمل مكتبيا"},"geometry":{"type":"LineString","coordinates":[[31.56210567226473,30.249874328822763],[31.56229651126198,30.249554933887065]]}},{"type":"Feature","properties":{"اسم_الحي":"حي 39","نوع_الطريق":"2","اسم_القطاع":"ABOR 20","موقف_التنفيذ":"تم التسليم","موقف_المتخلص":"3","ملاحظات":null,"Length":0.283013698630137,"Field":"رئيسي","SHAPE_Length":121.9776454533904,"__networkId":"roads","__networkName":"الطرق والقطاعات","__layerId":"roads_lines","__layerName":"طرق المدينة","__assetName":"طرق المدينة","__geometryKind":"line","__featureIndex":63,"__length_m":121.98,"__typeValue":"تم التسليم"},"geometry":{"type":"LineString","coordinates":[[31.510003459447628,30.262133252425468],[31.509657968287684,30.263031397704243]]}},{"type":"Feature","properties":{"اسم_الحي":"حي 16","نوع_الطريق":"3","اسم_القطاع":"ABOR 9","موقف_التنفيذ":"جاري العمل ميدانيا","موقف_المتخلص":"3","ملاحظات":null,"Length":0.1752358490566038,"Field":"ثانوي","SHAPE_Length":52.91816406887107,"__networkId":"roads","__networkName":"الطرق والقطاعات","__layerId":"roads_lines","__layerName":"طرق المدينة","__assetName":"طرق المدينة","__geometryKind":"line","__featureIndex":64,"__length_m":52.92,"__typeValue":"جاري العمل ميدانيا"},"geometry":{"type":"LineString","coordinates":[[31.56621133782915,30.25819689228913],[31.566685910607223,30.258220691669056]]}},{"type":"Feature","properties":{"اسم_الحي":"حي 39","نوع_الطريق":"3","اسم_القطاع":"ABOR 16","موقف_التنفيذ":"تم التسليم","موقف_المتخلص":"3","ملاحظات":null,"Length":0.283013698630137,"Field":"ثانوي","SHAPE_Length":88.04465822258061,"__networkId":"roads","__networkName":"الطرق والقطاعات","__layerId":"roads_lines","__layerName":"طرق المدينة","__assetName":"طرق المدينة","__geometryKind":"line","__featureIndex":65,"__length_m":88.04,"__typeValue":"تم التسليم"},"geometry":{"type":"LineString","coordinates":[[31.53477636381818,30.27082002947839],[31.534772135448144,30.270136958107457]]}},{"type":"Feature","properties":{"اسم_الحي":"حي 39","نوع_الطريق":"3","اسم_القطاع":"ABOR 13","موقف_التنفيذ":"تم التسليم","موقف_المتخلص":"3","ملاحظات":null,"Length":0.283013698630137,"Field":"ثانوي","SHAPE_Length":120.81801185564133,"__networkId":"roads","__networkName":"الطرق والقطاعات","__layerId":"roads_lines","__layerName":"طرق المدينة","__assetName":"طرق المدينة","__geometryKind":"line","__featureIndex":66,"__length_m":120.82,"__typeValue":"تم التسليم"},"geometry":{"type":"LineString","coordinates":[[31.52049087267314,30.273349299666226],[31.52008175653654,30.27421747306752]]}},{"type":"Feature","properties":{"اسم_الحي":"حي 15","نوع_الطريق":"3","اسم_القطاع":"ABOR 7","موقف_التنفيذ":"جاري العمل ميدانيا","موقف_المتخلص":"3","ملاحظات":null,"Length":0.1752358490566038,"Field":"ثانوي","SHAPE_Length":46.050033182224915,"__networkId":"roads","__networkName":"الطرق والقطاعات","__layerId":"roads_lines","__layerName":"طرق المدينة","__assetName":"طرق المدينة","__geometryKind":"line","__featureIndex":67,"__length_m":46.05,"__typeValue":"جاري العمل ميدانيا"},"geometry":{"type":"LineString","coordinates":[[31.583117981819246,30.253003701271563],[31.58353096699975,30.253024321197607]]}},{"type":"Feature","properties":{"اسم_الحي":"حي 39","نوع_الطريق":"2","اسم_القطاع":"ABOR 19","موقف_التنفيذ":"تم التسليم","موقف_المتخلص":"3","ملاحظات":null,"Length":0.283013698630137,"Field":"رئيسي","SHAPE_Length":53.21427152165869,"__networkId":"roads","__networkName":"الطرق والقطاعات","__layerId":"roads_lines","__layerName":"طرق المدينة","__assetName":"طرق المدينة","__geometryKind":"line","__featureIndex":68,"__length_m":53.21,"__typeValue":"تم التسليم"},"geometry":{"type":"LineString","coordinates":[[31.51660582076607,30.260790698238583],[31.516580148416253,30.260719034220454],[31.516571519378303,30.260682252746918],[31.51656575055717,30.260645055961426],[31.516562883525303,30.260570080540624],[31.516571598363925,30.260495442792738],[31.516591739916045,30.2604224715457],[31.51660599144595,30.260387018643545]]}},{"type":"Feature","properties":{"اسم_الحي":"حي 39","نوع_الطريق":"3","اسم_القطاع":"ABOR 16","موقف_التنفيذ":"تم التسليم","موقف_المتخلص":"3","ملاحظات":null,"Length":0.283013698630137,"Field":"ثانوي","SHAPE_Length":181.21275881273095,"__networkId":"roads","__networkName":"الطرق والقطاعات","__layerId":"roads_lines","__layerName":"طرق المدينة","__assetName":"طرق المدينة","__geometryKind":"line","__featureIndex":69,"__length_m":181.21,"__typeValue":"تم التسليم"},"geometry":{"type":"LineString","coordinates":[[31.529879268115394,30.275371300542766],[31.53048646456878,30.274066909316698]]}},{"type":"Feature","properties":{"اسم_الحي":"حي 15","نوع_الطريق":"3","اسم_القطاع":"ABOR 8","موقف_التنفيذ":"جاري العمل ميدانيا","موقف_المتخلص":"3","ملاحظات":null,"Length":0.1752358490566038,"Field":"ثانوي","SHAPE_Length":39.38553523743625,"__networkId":"roads","__networkName":"الطرق والقطاعات","__layerId":"roads_lines","__layerName":"طرق المدينة","__assetName":"طرق المدينة","__geometryKind":"line","__featureIndex":70,"__length_m":39.39,"__typeValue":"جاري العمل ميدانيا"},"geometry":{"type":"LineString","coordinates":[[31.575470021035976,30.255385729979356],[31.575449822416807,30.255690844742997]]}},{"type":"Feature","properties":{"اسم_الحي":"حي 16","نوع_الطريق":"3","اسم_القطاع":"ABOR 10","موقف_التنفيذ":"جاري العمل مكتبيا","موقف_المتخلص":"3","ملاحظات":null,"Length":0.1752358490566038,"Field":"ثانوي","SHAPE_Length":46.42350564102794,"__networkId":"roads","__networkName":"الطرق والقطاعات","__layerId":"roads_lines","__layerName":"طرق المدينة","__assetName":"طرق المدينة","__geometryKind":"line","__featureIndex":71,"__length_m":46.42,"__typeValue":"جاري العمل مكتبيا"},"geometry":{"type":"LineString","coordinates":[[31.56284085349326,30.25019002432732],[31.563019442164986,30.249864483740303]]}},{"type":"Feature","properties":{"اسم_الحي":"حي 15","نوع_الطريق":"3","اسم_القطاع":"ABOR 7","موقف_التنفيذ":"جاري العمل ميدانيا","موقف_المتخلص":"3","ملاحظات":null,"Length":0.1752358490566038,"Field":"ثانوي","SHAPE_Length":34.61921701892794,"__networkId":"roads","__networkName":"الطرق والقطاعات","__layerId":"roads_lines","__layerName":"طرق المدينة","__assetName":"طرق المدينة","__geometryKind":"line","__featureIndex":72,"__length_m":34.62,"__typeValue":"جاري العمل ميدانيا"},"geometry":{"type":"LineString","coordinates":[[31.58427821170423,30.25106323768568],[31.584300044358883,30.251331215546813]]}},{"type":"Feature","properties":{"اسم_الحي":"حي 39","نوع_الطريق":"2","اسم_القطاع":"ABOR 20","موقف_التنفيذ":"تم التسليم","موقف_المتخلص":"3","ملاحظات":null,"Length":0.283013698630137,"Field":"رئيسي","SHAPE_Length":251.16414830476452,"__networkId":"roads","__networkName":"الطرق والقطاعات","__layerId":"roads_lines","__layerName":"طرق المدينة","__assetName":"طرق المدينة","__geometryKind":"line","__featureIndex":73,"__length_m":251.16,"__typeValue":"تم التسليم"},"geometry":{"type":"LineString","coordinates":[[31.50853214297977,30.258492636730566],[31.508745934868095,30.25870095398103],[31.508970615143845,30.258900538372348],[31.509205706283698,30.25909096577355],[31.509450708635445,30.259271831512805],[31.50970510148385,30.25944275124067],[31.509968344155773,30.259603361747118],[31.51023987716581,30.259753321727548]]}},{"type":"Feature","properties":{"اسم_الحي":"حي 39","نوع_الطريق":"1","اسم_القطاع":"ABOR 19","موقف_التنفيذ":"تم التسليم","موقف_المتخلص":"3","ملاحظات":null,"Length":0.283013698630137,"Field":"رئيسي","SHAPE_Length":505.66867694586733,"__networkId":"roads","__networkName":"الطرق والقطاعات","__layerId":"roads_lines","__layerName":"طرق المدينة","__assetName":"طرق المدينة","__geometryKind":"line","__featureIndex":74,"__length_m":505.67,"__typeValue":"تم التسليم"},"geometry":{"type":"LineString","coordinates":[[31.526201865379516,30.26582403835484],[31.52502426297527,30.262034754098966]]}},{"type":"Feature","properties":{"اسم_الحي":"حي 15","نوع_الطريق":"3","اسم_القطاع":"ABOR 7","موقف_التنفيذ":"جاري العمل ميدانيا","موقف_المتخلص":"3","ملاحظات":null,"Length":0.1752358490566038,"Field":"ثانوي","SHAPE_Length":50.579698364655876,"__networkId":"roads","__networkName":"الطرق والقطاعات","__layerId":"roads_lines","__layerName":"طرق المدينة","__assetName":"طرق المدينة","__geometryKind":"line","__featureIndex":75,"__length_m":50.58,"__typeValue":"جاري العمل ميدانيا"},"geometry":{"type":"LineString","coordinates":[[31.590173199143763,30.252460606417152],[31.590621946255716,30.252522135958095]]}},{"type":"Feature","properties":{"اسم_الحي":"حي 39","نوع_الطريق":"1","اسم_القطاع":"ABOR 14","موقف_التنفيذ":"تم التسليم","موقف_المتخلص":"3","ملاحظات":null,"Length":0.283013698630137,"Field":"رئيسي","SHAPE_Length":327.91625078353655,"__networkId":"roads","__networkName":"الطرق والقطاعات","__layerId":"roads_lines","__layerName":"طرق المدينة","__assetName":"طرق المدينة","__geometryKind":"line","__featureIndex":76,"__length_m":327.92,"__typeValue":"تم التسليم"},"geometry":{"type":"LineString","coordinates":[[31.5110386680996,30.273622724191927],[31.51121707351502,30.27247794858935],[31.51122271118,30.27241076210134],[31.51122193677227,30.272377071473027],[31.51121321608988,30.272310131082182],[31.511195057604024,30.272244619185145],[31.51080500551442,30.271141902309854]]}},{"type":"Feature","properties":{"اسم_الحي":"حي 39","نوع_الطريق":"3","اسم_القطاع":"ABOR 16","موقف_التنفيذ":"تم التسليم","موقف_المتخلص":"3","ملاحظات":null,"Length":0.283013698630137,"Field":"ثانوي","SHAPE_Length":113.42615843042755,"__networkId":"roads","__networkName":"الطرق والقطاعات","__layerId":"roads_lines","__layerName":"طرق المدينة","__assetName":"طرق المدينة","__geometryKind":"line","__featureIndex":77,"__length_m":113.43,"__typeValue":"تم التسليم"},"geometry":{"type":"LineString","coordinates":[[31.53304017100396,30.270414287826423],[31.534059084216654,30.27041014253808]]}},{"type":"Feature","properties":{"اسم_الحي":"حي 39","نوع_الطريق":"2","اسم_القطاع":"ABOR 19","موقف_التنفيذ":"تم التسليم","موقف_المتخلص":"3","ملاحظات":null,"Length":0.283013698630137,"Field":"رئيسي","SHAPE_Length":225.4350409869282,"__networkId":"roads","__networkName":"الطرق والقطاعات","__layerId":"roads_lines","__layerName":"طرق المدينة","__assetName":"طرق المدينة","__geometryKind":"line","__featureIndex":78,"__length_m":225.44,"__typeValue":"تم التسليم"},"geometry":{"type":"LineString","coordinates":[[31.519293125548618,30.26348610294094],[31.518983966750305,30.264294863394266],[31.51896889535003,30.26432258817036],[31.518938180302126,30.264360038793537],[31.518912898391292,30.26438151650511],[31.518884354168186,30.264399690586252],[31.518836690980315,30.26441997842125],[31.518785141730163,30.264431113133764],[31.51805138163642,30.26464068501536]]}},{"type":"Feature","properties":{"اسم_الحي":"حي 15","نوع_الطريق":"3","اسم_القطاع":"ABOR 8","موقف_التنفيذ":"جاري العمل ميدانيا","موقف_المتخلص":"3","ملاحظات":null,"Length":0.1752358490566038,"Field":"ثانوي","SHAPE_Length":74.44602316941535,"__networkId":"roads","__networkName":"الطرق والقطاعات","__layerId":"roads_lines","__layerName":"طرق المدينة","__assetName":"طرق المدينة","__geometryKind":"line","__featureIndex":79,"__length_m":74.45,"__typeValue":"جاري العمل ميدانيا"},"geometry":{"type":"LineString","coordinates":[[31.575419895043108,30.255980701067077],[31.575381714846905,30.25655742065786]]}},{"type":"Feature","properties":{"اسم_الحي":"حي 39","نوع_الطريق":"3","اسم_القطاع":"ABOR 16","موقف_التنفيذ":"تم التسليم","موقف_المتخلص":"3","ملاحظات":null,"Length":0.283013698630137,"Field":"ثانوي","SHAPE_Length":88.07987672526957,"__networkId":"roads","__networkName":"الطرق والقطاعات","__layerId":"roads_lines","__layerName":"طرق المدينة","__assetName":"طرق المدينة","__geometryKind":"line","__featureIndex":80,"__length_m":88.08,"__typeValue":"تم التسليم"},"geometry":{"type":"LineString","coordinates":[[31.533031512142937,30.268808996888595],[31.53382273836371,30.268805778670874]]}},{"type":"Feature","properties":{"اسم_الحي":"حي 39","نوع_الطريق":"2","اسم_القطاع":"ABOR 21","موقف_التنفيذ":"تم التسليم","موقف_المتخلص":"3","ملاحظات":null,"Length":0.283013698630137,"Field":"رئيسي","SHAPE_Length":160.87457318537747,"__networkId":"roads","__networkName":"الطرق والقطاعات","__layerId":"roads_lines","__layerName":"طرق المدينة","__assetName":"طرق المدينة","__geometryKind":"line","__featureIndex":81,"__length_m":160.87,"__typeValue":"تم التسليم"},"geometry":{"type":"LineString","coordinates":[[31.5065143489852,30.266640490099466],[31.507882115751972,30.2670434759696]]}},{"type":"Feature","properties":{"اسم_الحي":"حي 39","نوع_الطريق":"2","اسم_القطاع":"ABOR 16","موقف_التنفيذ":"تم التسليم","موقف_المتخلص":"3","ملاحظات":null,"Length":0.283013698630137,"Field":"رئيسي","SHAPE_Length":100.32697728999625,"__networkId":"roads","__networkName":"الطرق والقطاعات","__layerId":"roads_lines","__layerName":"طرق المدينة","__assetName":"طرق المدينة","__geometryKind":"line","__featureIndex":82,"__length_m":100.33,"__typeValue":"تم التسليم"},"geometry":{"type":"LineString","coordinates":[[31.529964553270162,30.266495528119872],[31.529103337508968,30.266724956952498]]}},{"type":"Feature","properties":{"اسم_الحي":"حي 39","نوع_الطريق":"2","اسم_القطاع":"ABOR 21","موقف_التنفيذ":"تم التسليم","موقف_المتخلص":"3","ملاحظات":null,"Length":0.283013698630137,"Field":"رئيسي","SHAPE_Length":61.417185256195204,"__networkId":"roads","__networkName":"الطرق والقطاعات","__layerId":"roads_lines","__layerName":"طرق المدينة","__assetName":"طرق المدينة","__geometryKind":"line","__featureIndex":83,"__length_m":61.42,"__typeValue":"تم التسليم"},"geometry":{"type":"LineString","coordinates":[[31.509274606850294,30.267252645810565],[31.509271873288096,30.267184625558077],[31.50927424162299,30.267116595041397],[31.50928170192588,30.26704883941599],[31.509294222928272,30.266981642683632],[31.509311752147646,30.26691528650551],[31.509334216108034,30.26685004902108],[31.509361520650668,30.26678620367727]]}},{"type":"Feature","properties":{"اسم_الحي":"حي 39","نوع_الطريق":"3","اسم_القطاع":"ABOR 13","موقف_التنفيذ":"تم التسليم","موقف_المتخلص":"3","ملاحظات":null,"Length":0.283013698630137,"Field":"ثانوي","SHAPE_Length":118.31323278910367,"__networkId":"roads","__networkName":"الطرق والقطاعات","__layerId":"roads_lines","__layerName":"طرق المدينة","__assetName":"طرق المدينة","__geometryKind":"line","__featureIndex":84,"__length_m":118.31,"__typeValue":"تم التسليم"},"geometry":{"type":"LineString","coordinates":[[31.52121149670247,30.274614549581376],[31.520810862458788,30.275464713339016]]}},{"type":"Feature","properties":{"اسم_الحي":"حي 15","نوع_الطريق":"3","اسم_القطاع":"ABOR 7","موقف_التنفيذ":"جاري العمل ميدانيا","موقف_المتخلص":"3","ملاحظات":null,"Length":0.1752358490566038,"Field":"ثانوي","SHAPE_Length":50.49662050995947,"__networkId":"roads","__networkName":"الطرق والقطاعات","__layerId":"roads_lines","__layerName":"طرق المدينة","__assetName":"طرق المدينة","__geometryKind":"line","__featureIndex":85,"__length_m":50.5,"__typeValue":"جاري العمل ميدانيا"},"geometry":{"type":"LineString","coordinates":[[31.59024298386828,30.252049959975757],[31.59069222325704,30.25210427781591]]}},{"type":"Feature","properties":{"اسم_الحي":"حي 15","نوع_الطريق":"2","اسم_القطاع":"ABOR 7","موقف_التنفيذ":"جاري العمل ميدانيا","موقف_المتخلص":"3","ملاحظات":null,"Length":0.1752358490566038,"Field":"رئيسي","SHAPE_Length":535.9825108655319,"__networkId":"roads","__networkName":"الطرق والقطاعات","__layerId":"roads_lines","__layerName":"طرق المدينة","__assetName":"طرق المدينة","__geometryKind":"line","__featureIndex":86,"__length_m":535.98,"__typeValue":"جاري العمل ميدانيا"},"geometry":{"type":"LineString","coordinates":[[31.5820523229741,30.251199903863345],[31.586855015621982,30.250904978636804]]}},{"type":"Feature","properties":{"اسم_الحي":"حي 39","نوع_الطريق":"2","اسم_القطاع":"ABOR 20","موقف_التنفيذ":"تم التسليم","موقف_المتخلص":"3","ملاحظات":null,"Length":0.283013698630137,"Field":"رئيسي","SHAPE_Length":78.9701664984204,"__networkId":"roads","__networkName":"الطرق والقطاعات","__layerId":"roads_lines","__layerName":"طرق المدينة","__assetName":"طرق المدينة","__geometryKind":"line","__featureIndex":87,"__length_m":78.97,"__typeValue":"تم التسليم"},"geometry":{"type":"LineString","coordinates":[[31.50981961742811,30.260675851646482],[31.510491004796723,30.260873738568606]]}},{"type":"Feature","properties":{"اسم_الحي":"حي 39","نوع_الطريق":"3","اسم_القطاع":"ABOR 17","موقف_التنفيذ":"تم التسليم","موقف_المتخلص":"3","ملاحظات":null,"Length":0.283013698630137,"Field":"ثانوي","SHAPE_Length":164.3309046185988,"__networkId":"roads","__networkName":"الطرق والقطاعات","__layerId":"roads_lines","__layerName":"طرق المدينة","__assetName":"طرق المدينة","__geometryKind":"line","__featureIndex":88,"__length_m":164.33,"__typeValue":"تم التسليم"},"geometry":{"type":"LineString","coordinates":[[31.527432802558838,30.272137905740795],[31.526059828258383,30.271669514670407]]}},{"type":"Feature","properties":{"اسم_الحي":"حي 39","نوع_الطريق":"2","اسم_القطاع":"ABOR 19","موقف_التنفيذ":"تم التسليم","موقف_المتخلص":"3","ملاحظات":null,"Length":0.283013698630137,"Field":"رئيسي","SHAPE_Length":81.22545859684344,"__networkId":"roads","__networkName":"الطرق والقطاعات","__layerId":"roads_lines","__layerName":"طرق المدينة","__assetName":"طرق المدينة","__geometryKind":"line","__featureIndex":89,"__length_m":81.23,"__typeValue":"تم التسليم"},"geometry":{"type":"LineString","coordinates":[[31.522917518699572,30.26277892855621],[31.522837147843443,30.262788018537094],[31.52275623889595,30.262792247700986],[31.522675185439205,30.262791595477506],[31.522594381761966,30.262786065036796],[31.522514220935435,30.2627756832822],[31.52243509290492,30.262760500713913],[31.522357382590105,30.262740591186635],[31.5222814680164,30.26271605154845],[31.522207718471105,30.262687001168384]]}},{"type":"Feature","properties":{"اسم_الحي":"حي 15","نوع_الطريق":"3","اسم_القطاع":"ABOR 7","موقف_التنفيذ":"جاري العمل ميدانيا","موقف_المتخلص":"3","ملاحظات":null,"Length":0.1752358490566038,"Field":"ثانوي","SHAPE_Length":50.81228597230891,"__networkId":"roads","__networkName":"الطرق والقطاعات","__layerId":"roads_lines","__layerName":"طرق المدينة","__assetName":"طرق المدينة","__geometryKind":"line","__featureIndex":90,"__length_m":50.81,"__typeValue":"جاري العمل ميدانيا"},"geometry":{"type":"LineString","coordinates":[[31.586646124979097,30.257448542705976],[31.586620063954367,30.25784217050691]]}},{"type":"Feature","properties":{"اسم_الحي":"حي 15","نوع_الطريق":"3","اسم_القطاع":"ABOR 7","موقف_التنفيذ":"جاري العمل ميدانيا","موقف_المتخلص":"3","ملاحظات":"محتاج النظر فيها","Length":0.1752358490566038,"Field":"ثانوي","SHAPE_Length":51.51038604694937,"__networkId":"roads","__networkName":"الطرق والقطاعات","__layerId":"roads_lines","__layerName":"طرق المدينة","__assetName":"طرق المدينة","__geometryKind":"line","__featureIndex":91,"__length_m":51.51,"__typeValue":"جاري العمل ميدانيا"},"geometry":{"type":"LineString","coordinates":[[31.57970625403202,30.25279328667961],[31.579684918145688,30.253192568240866]]}},{"type":"Feature","properties":{"اسم_الحي":"حي 15","نوع_الطريق":"2","اسم_القطاع":"ABOR 8","موقف_التنفيذ":"جاري العمل ميدانيا","موقف_المتخلص":"3","ملاحظات":null,"Length":0.1752358490566038,"Field":"رئيسي","SHAPE_Length":153.05359504093235,"__networkId":"roads","__networkName":"الطرق والقطاعات","__layerId":"roads_lines","__layerName":"طرق المدينة","__assetName":"طرق المدينة","__geometryKind":"line","__featureIndex":92,"__length_m":153.05,"__typeValue":"جاري العمل ميدانيا"},"geometry":{"type":"LineString","coordinates":[[31.57498277392756,30.257148481669272],[31.57506132531095,30.255962810000284]]}},{"type":"Feature","properties":{"اسم_الحي":"حي 15","نوع_الطريق":"3","اسم_القطاع":"ABOR 8","موقف_التنفيذ":"جاري العمل ميدانيا","موقف_المتخلص":"3","ملاحظات":null,"Length":0.1752358490566038,"Field":"ثانوي","SHAPE_Length":40.52382952909278,"__networkId":"roads","__networkName":"الطرق والقطاعات","__layerId":"roads_lines","__layerName":"طرق المدينة","__assetName":"طرق المدينة","__geometryKind":"line","__featureIndex":93,"__length_m":40.52,"__typeValue":"جاري العمل ميدانيا"},"geometry":{"type":"LineString","coordinates":[[31.576803084086684,30.255452233878525],[31.57682525540621,30.25513837102152]]}},{"type":"Feature","properties":{"اسم_الحي":"حي 39","نوع_الطريق":"2","اسم_القطاع":"ABOR 19","موقف_التنفيذ":"تم التسليم","موقف_المتخلص":"3","ملاحظات":null,"Length":0.283013698630137,"Field":"رئيسي","SHAPE_Length":92.29539518640325,"__networkId":"roads","__networkName":"الطرق والقطاعات","__layerId":"roads_lines","__layerName":"طرق المدينة","__assetName":"طرق المدينة","__geometryKind":"line","__featureIndex":94,"__length_m":92.3,"__typeValue":"تم التسليم"},"geometry":{"type":"LineString","coordinates":[[31.51734179341034,30.26053872767341],[31.517092244119354,30.261221649343838]]}},{"type":"Feature","properties":{"اسم_الحي":"حي 15","نوع_الطريق":"3","اسم_القطاع":"ABOR 8","موقف_التنفيذ":"جاري العمل ميدانيا","موقف_المتخلص":"3","ملاحظات":null,"Length":0.1752358490566038,"Field":"ثانوي","SHAPE_Length":53.000191241689116,"__networkId":"roads","__networkName":"الطرق والقطاعات","__layerId":"roads_lines","__layerName":"طرق المدينة","__assetName":"طرق المدينة","__geometryKind":"line","__featureIndex":95,"__length_m":53.0,"__typeValue":"جاري العمل ميدانيا"},"geometry":{"type":"LineString","coordinates":[[31.57266191171233,30.257912937276924],[31.57218658075614,30.25788943888495]]}},{"type":"Feature","properties":{"اسم_الحي":"حي 39","نوع_الطريق":"2","اسم_القطاع":"ABOR 19","موقف_التنفيذ":"تم التسليم","موقف_المتخلص":"3","ملاحظات":null,"Length":0.283013698630137,"Field":"رئيسي","SHAPE_Length":248.84837879595403,"__networkId":"roads","__networkName":"الطرق والقطاعات","__layerId":"roads_lines","__layerName":"طرق المدينة","__assetName":"طرق المدينة","__geometryKind":"line","__featureIndex":96,"__length_m":248.85,"__typeValue":"تم التسليم"},"geometry":{"type":"LineString","coordinates":[[31.517925224932874,30.262477323474453],[31.51786046457835,30.262473851178513],[31.51779557956478,30.262473850192993],[31.517730819068298,30.262477320524397],[31.517666431790055,30.262484248842586],[31.517602664994076,30.262494608541285],[31.517539763564905,30.26250835983488],[31.517477969062014,30.262525449912847],[31.51741751879351,30.262545813143714],[31.51730171967605,30.262590462822914],[31.517243358281476,30.262608388567394],[31.51718379644215,30.262623076158874],[31.51712327472378,30.262634466276342],[31.517062037568632,30.26264251291667],[31.517000332310353,30.262647183580118],[31.516938408170514,30.262648459404847],[31.516876515256335,30.262646335235353],[31.51681490355078,30.262640819652574],[31.516753821896362,30.262631934933594],[31.51669351699905,30.262619716960433],[31.515764613181197,30.262378702125158]]}},{"type":"Feature","properties":{"اسم_الحي":"حي 39","نوع_الطريق":"2","اسم_القطاع":"ABOR 19","موقف_التنفيذ":"تم التسليم","موقف_المتخلص":"3","ملاحظات":null,"Length":0.283013698630137,"Field":"رئيسي","SHAPE_Length":230.80292618925614,"__networkId":"roads","__networkName":"الطرق والقطاعات","__layerId":"roads_lines","__layerName":"طرق المدينة","__assetName":"طرق المدينة","__geometryKind":"line","__featureIndex":97,"__length_m":230.8,"__typeValue":"تم التسليم"},"geometry":{"type":"LineString","coordinates":[[31.517925224932874,30.262477323474453],[31.518040183906457,30.26242151814313],[31.518158044059376,30.262370426687596],[31.51827854647494,30.26232416135536],[31.518401426431712,30.262282823787526],[31.518526413984524,30.262246504802317],[31.51865323455989,30.26221528419245],[31.518781609554477,30.262189230547595],[31.519564027741527,30.262132889654428],[31.519613820137845,30.26212275687617],[31.51964513488427,30.26211101122694],[31.519674256034133,30.26209551419992],[31.51970054292606,30.262076611432565],[31.51972346574259,30.262054683911103],[31.51973351832843,30.26204272183182],[31.519799570552973,30.261917099418902]]}},{"type":"Feature","properties":{"اسم_الحي":"حي 15","نوع_الطريق":"3","اسم_القطاع":"ABOR 8","موقف_التنفيذ":"جاري العمل ميدانيا","موقف_المتخلص":"3","ملاحظات":null,"Length":0.1752358490566038,"Field":"ثانوي","SHAPE_Length":35.52914910746002,"__networkId":"roads","__networkName":"الطرق والقطاعات","__layerId":"roads_lines","__layerName":"طرق المدينة","__assetName":"طرق المدينة","__geometryKind":"line","__featureIndex":98,"__length_m":35.53,"__typeValue":"جاري العمل ميدانيا"},"geometry":{"type":"LineString","coordinates":[[31.57505682385306,30.254213749857094],[31.575075045280283,30.25393850595854]]}},{"type":"Feature","properties":{"اسم_الحي":"حي 39","نوع_الطريق":"1","اسم_القطاع":"ABOR 18","موقف_التنفيذ":"تم التسليم","موقف_المتخلص":"3","ملاحظات":null,"Length":0.283013698630137,"Field":"رئيسي","SHAPE_Length":730.1528362496142,"__networkId":"roads","__networkName":"الطرق والقطاعات","__layerId":"roads_lines","__layerName":"طرق المدينة","__assetName":"طرق المدينة","__geometryKind":"line","__featureIndex":99,"__length_m":730.15,"__typeValue":"تم التسليم"},"geometry":{"type":"LineString","coordinates":[[31.52502426297527,30.262034754098966],[31.527678481009257,30.261310850013476],[31.527807781116252,30.261279525995167],[31.527939161821187,30.261255514259965],[31.528072069440046,30.2612389160089],[31.52820594385688,30.261229801195846],[31.52834022088105,30.261228208233945],[31.528474334623514,30.26123414383966],[31.528607719885937,30.261247582994372],[31.528739814535918,30.261268469060077],[31.528870061885364,30.261296714009276],[31.52899791302718,30.261332198803828],[31.52912282915399,30.261374773890182],[31.531232298019916,30.26216262104171]]}},{"type":"Feature","properties":{"اسم_الحي":"حي 39","نوع_الطريق":"2","اسم_القطاع":"ABOR 19","موقف_التنفيذ":"تم التسليم","موقف_المتخلص":"3","ملاحظات":null,"Length":0.283013698630137,"Field":"رئيسي","SHAPE_Length":73.17394841432011,"__networkId":"roads","__networkName":"الطرق والقطاعات","__layerId":"roads_lines","__layerName":"طرق المدينة","__assetName":"طرق المدينة","__geometryKind":"line","__featureIndex":100,"__length_m":73.17,"__typeValue":"تم التسليم"},"geometry":{"type":"LineString","coordinates":[[31.515924966052648,30.261828097155323],[31.515764613181197,30.262378702125158]]}},{"type":"Feature","properties":{"اسم_الحي":"حي 39","نوع_الطريق":"2","اسم_القطاع":"ABOR 20","موقف_التنفيذ":"تم التسليم","موقف_المتخلص":"3","ملاحظات":null,"Length":0.283013698630137,"Field":"رئيسي","SHAPE_Length":105.16060103053829,"__networkId":"roads","__networkName":"الطرق والقطاعات","__layerId":"roads_lines","__layerName":"طرق المدينة","__assetName":"طرق المدينة","__geometryKind":"line","__featureIndex":101,"__length_m":105.16,"__typeValue":"تم التسليم"},"geometry":{"type":"LineString","coordinates":[[31.514714053219333,30.264317556438275],[31.514582047584984,30.264658502344385],[31.514535685532746,30.264709943891724],[31.514485348867286,30.26475851875164],[31.51443127451517,30.264803998298035],[31.51437371699346,30.26484616846844],[31.514312947216474,30.264884830780247],[31.51424925121713,30.26491980326289],[31.51418292879918,30.264950921308298]]}},{"type":"Feature","properties":{"اسم_الحي":"حي 16","نوع_الطريق":"3","اسم_القطاع":"ABOR 10","موقف_التنفيذ":"جاري العمل مكتبيا","موقف_المتخلص":"3","ملاحظات":null,"Length":0.1752358490566038,"Field":"ثانوي","SHAPE_Length":34.418336551705195,"__networkId":"roads","__networkName":"الطرق والقطاعات","__layerId":"roads_lines","__layerName":"طرق المدينة","__assetName":"طرق المدينة","__geometryKind":"line","__featureIndex":102,"__length_m":34.42,"__typeValue":"جاري العمل مكتبيا"},"geometry":{"type":"LineString","coordinates":[[31.56018126622879,30.252117959894605],[31.560489934546915,30.252133396461687]]}},{"type":"Feature","properties":{"اسم_الحي":"حي 39","نوع_الطريق":"2","اسم_القطاع":"ABOR 20","موقف_التنفيذ":"تم التسليم","موقف_المتخلص":"3","ملاحظات":null,"Length":0.283013698630137,"Field":"رئيسي","SHAPE_Length":116.93771654732214,"__networkId":"roads","__networkName":"الطرق والقطاعات","__layerId":"roads_lines","__layerName":"طرق المدينة","__assetName":"طرق المدينة","__geometryKind":"line","__featureIndex":103,"__length_m":116.94,"__typeValue":"تم التسليم"},"geometry":{"type":"LineString","coordinates":[[31.5139485439685,30.26701717346887],[31.513495549621865,30.26619858811438]]}},{"type":"Feature","properties":{"اسم_الحي":"حي 15","نوع_الطريق":"3","اسم_القطاع":"ABOR 8","موقف_التنفيذ":"جاري العمل ميدانيا","موقف_المتخلص":"3","ملاحظات":null,"Length":0.1752358490566038,"Field":"ثانوي","SHAPE_Length":74.72491109331696,"__networkId":"roads","__networkName":"الطرق والقطاعات","__layerId":"roads_lines","__layerName":"طرق المدينة","__assetName":"طرق المدينة","__geometryKind":"line","__featureIndex":104,"__length_m":74.72,"__typeValue":"جاري العمل ميدانيا"},"geometry":{"type":"LineString","coordinates":[[31.574662943143696,30.255942933274948],[31.57462461472547,30.256521813318706]]}},{"type":"Feature","properties":{"اسم_الحي":"حي 39","نوع_الطريق":"2","اسم_القطاع":"ABOR 20","موقف_التنفيذ":"تم التسليم","موقف_المتخلص":"3","ملاحظات":null,"Length":0.283013698630137,"Field":"رئيسي","SHAPE_Length":78.04251367344749,"__networkId":"roads","__networkName":"الطرق والقطاعات","__layerId":"roads_lines","__layerName":"طرق المدينة","__assetName":"طرق المدينة","__geometryKind":"line","__featureIndex":105,"__length_m":78.04,"__typeValue":"تم التسليم"},"geometry":{"type":"LineString","coordinates":[[31.50965974964689,30.26473369758237],[31.508987973307736,30.264560497684027]]}},{"type":"Feature","properties":{"اسم_الحي":"حي 16","نوع_الطريق":"3","اسم_القطاع":"ABOR 10","موقف_التنفيذ":"جاري العمل مكتبيا","موقف_المتخلص":"3","ملاحظات":null,"Length":0.1752358490566038,"Field":"ثانوي","SHAPE_Length":48.35397616645111,"__networkId":"roads","__networkName":"الطرق والقطاعات","__layerId":"roads_lines","__layerName":"طرق المدينة","__assetName":"طرق المدينة","__geometryKind":"line","__featureIndex":106,"__length_m":48.35,"__typeValue":"جاري العمل مكتبيا"},"geometry":{"type":"LineString","coordinates":[[31.56163204541264,30.251282369536167],[31.562065686454797,30.251304115779675]]}},{"type":"Feature","properties":{"اسم_الحي":"حي 15","نوع_الطريق":"2","اسم_القطاع":"ABOR 8","موقف_التنفيذ":"جاري العمل ميدانيا","موقف_المتخلص":"3","ملاحظات":null,"Length":0.1752358490566038,"Field":"رئيسي","SHAPE_Length":155.49133254137254,"__networkId":"roads","__networkName":"الطرق والقطاعات","__layerId":"roads_lines","__layerName":"طرق المدينة","__assetName":"طرق المدينة","__geometryKind":"line","__featureIndex":107,"__length_m":155.49,"__typeValue":"جاري العمل ميدانيا"},"geometry":{"type":"LineString","coordinates":[[31.575511083027603,30.254236413416134],[31.57559087857767,30.25303182097393]]}},{"type":"Feature","properties":{"اسم_الحي":"حي 39","نوع_الطريق":"3","اسم_القطاع":"ABOR 12","موقف_التنفيذ":"تم التسليم","موقف_المتخلص":"3","ملاحظات":null,"Length":0.283013698630137,"Field":"ثانوي","SHAPE_Length":133.52270763359928,"__networkId":"roads","__networkName":"الطرق والقطاعات","__layerId":"roads_lines","__layerName":"طرق المدينة","__assetName":"طرق المدينة","__geometryKind":"line","__featureIndex":108,"__length_m":133.52,"__typeValue":"تم التسليم"},"geometry":{"type":"LineString","coordinates":[[31.53254908898756,30.279777986832663],[31.53271020812201,30.278751551475583]]}},{"type":"Feature","properties":{"اسم_الحي":"حي 39","نوع_الطريق":"2","اسم_القطاع":"ABOR 20","موقف_التنفيذ":"تم التسليم","موقف_المتخلص":"3","ملاحظات":null,"Length":0.283013698630137,"Field":"رئيسي","SHAPE_Length":101.89048107286061,"__networkId":"roads","__networkName":"الطرق والقطاعات","__layerId":"roads_lines","__layerName":"طرق المدينة","__assetName":"طرق المدينة","__geometryKind":"line","__featureIndex":109,"__length_m":101.89,"__typeValue":"تم التسليم"},"geometry":{"type":"LineString","coordinates":[[31.512974796251676,30.26572828721537],[31.51307160319825,30.265701964965512],[31.513184417861535,30.265677790359376],[31.513298834589328,30.26566010285004],[31.51341435390315,30.26564897965864],[31.513530471512844,30.265644469341186],[31.513646680514242,30.26564659158998],[31.51376247360482,30.265655337141133],[31.513877345295715,30.265670667812127]]}},{"type":"Feature","properties":{"اسم_الحي":"حي 39","نوع_الطريق":"2","اسم_القطاع":"ABOR 15","موقف_التنفيذ":"تم التسليم","موقف_المتخلص":"3","ملاحظات":null,"Length":0.283013698630137,"Field":"رئيسي","SHAPE_Length":409.59054258876927,"__networkId":"roads","__networkName":"الطرق والقطاعات","__layerId":"roads_lines","__layerName":"طرق المدينة","__assetName":"طرق المدينة","__geometryKind":"line","__featureIndex":110,"__length_m":409.59,"__typeValue":"تم التسليم"},"geometry":{"type":"LineString","coordinates":[[31.501628705005675,30.274338002878782],[31.501419449146194,30.274391010565704],[31.501207882566955,30.274436667485254],[31.500994351324618,30.274474898966734],[31.500886957990733,30.27449121015085],[31.49800427951536,30.27487146543635]]}},{"type":"Feature","properties":{"اسم_الحي":"حي 39","نوع_الطريق":"2","اسم_القطاع":"ABOR 16","موقف_التنفيذ":"تم التسليم","موقف_المتخلص":"3","ملاحظات":null,"Length":0.283013698630137,"Field":"رئيسي","SHAPE_Length":109.28338593211706,"__networkId":"roads","__networkName":"الطرق والقطاعات","__layerId":"roads_lines","__layerName":"طرق المدينة","__assetName":"طرق المدينة","__geometryKind":"line","__featureIndex":111,"__length_m":109.28,"__typeValue":"تم التسليم"},"geometry":{"type":"LineString","coordinates":[[31.530885841171052,30.266202659097168],[31.529964553270162,30.266495528119872]]}},{"type":"Feature","properties":{"اسم_الحي":"حي 39","نوع_الطريق":"2","اسم_القطاع":"ABOR 19","موقف_التنفيذ":"تم التسليم","موقف_المتخلص":"3","ملاحظات":null,"Length":0.283013698630137,"Field":"رئيسي","SHAPE_Length":76.1989018349239,"__networkId":"roads","__networkName":"الطرق والقطاعات","__layerId":"roads_lines","__layerName":"طرق المدينة","__assetName":"طرق المدينة","__geometryKind":"line","__featureIndex":112,"__length_m":76.2,"__typeValue":"تم التسليم"},"geometry":{"type":"LineString","coordinates":[[31.519799570552973,30.261917099418902],[31.520013130638745,30.261510934572755],[31.520013831560433,30.261448851301243],[31.52000581903394,30.26140799897942],[31.519991191084532,30.26136853792719]]}},{"type":"Feature","properties":{"اسم_الحي":"حي 39","نوع_الطريق":"1","اسم_القطاع":"ABOR 12","موقف_التنفيذ":"تم التسليم","موقف_المتخلص":"3","ملاحظات":null,"Length":0.283013698630137,"Field":"رئيسي","SHAPE_Length":171.94412292449636,"__networkId":"roads","__networkName":"الطرق والقطاعات","__layerId":"roads_lines","__layerName":"طرق المدينة","__assetName":"طرق المدينة","__geometryKind":"line","__featureIndex":113,"__length_m":171.94,"__typeValue":"تم التسليم"},"geometry":{"type":"LineString","coordinates":[[31.528633768347024,30.275722631621036],[31.528033787162023,30.27695180803857]]}},{"type":"Feature","properties":{"اسم_الحي":"حي 39","نوع_الطريق":"1","اسم_القطاع":"ABOR 17","موقف_التنفيذ":"تم التسليم","موقف_المتخلص":"3","ملاحظات":null,"Length":0.283013698630137,"Field":"رئيسي","SHAPE_Length":122.02319642583197,"__networkId":"roads","__networkName":"الطرق والقطاعات","__layerId":"roads_lines","__layerName":"طرق المدينة","__assetName":"طرق المدينة","__geometryKind":"line","__featureIndex":114,"__length_m":122.02,"__typeValue":"تم التسليم"},"geometry":{"type":"LineString","coordinates":[[31.524596010028166,30.270649049890807],[31.52355135020113,30.27093579985791]]}},{"type":"Feature","properties":{"اسم_الحي":"حي 16","نوع_الطريق":"3","اسم_القطاع":"ABOR 9","موقف_التنفيذ":"جاري العمل ميدانيا","موقف_المتخلص":"3","ملاحظات":null,"Length":0.1752358490566038,"Field":"ثانوي","SHAPE_Length":46.270833397090925,"__networkId":"roads","__networkName":"الطرق والقطاعات","__layerId":"roads_lines","__layerName":"طرق المدينة","__assetName":"طرق المدينة","__geometryKind":"line","__featureIndex":115,"__length_m":46.27,"__typeValue":"جاري العمل ميدانيا"},"geometry":{"type":"LineString","coordinates":[[31.568887420857187,30.251799317972154],[31.568911019599675,30.251440842925074]]}},{"type":"Feature","properties":{"اسم_الحي":"حي 39","نوع_الطريق":"2","اسم_القطاع":"ABOR 20","موقف_التنفيذ":"تم التسليم","موقف_المتخلص":"3","ملاحظات":null,"Length":0.283013698630137,"Field":"رئيسي","SHAPE_Length":105.47841098170585,"__networkId":"roads","__networkName":"الطرق والقطاعات","__layerId":"roads_lines","__layerName":"طرق المدينة","__assetName":"طرق المدينة","__geometryKind":"line","__featureIndex":116,"__length_m":105.48,"__typeValue":"تم التسليم"},"geometry":{"type":"LineString","coordinates":[[31.512763692159908,30.26650374299206],[31.513305308004263,30.26717523586708]]}},{"type":"Feature","properties":{"اسم_الحي":"حي 39","نوع_الطريق":"3","اسم_القطاع":"ABOR 12","موقف_التنفيذ":"تم التسليم","موقف_المتخلص":"3","ملاحظات":null,"Length":0.283013698630137,"Field":"ثانوي","SHAPE_Length":140.03634610509874,"__networkId":"roads","__networkName":"الطرق والقطاعات","__layerId":"roads_lines","__layerName":"طرق المدينة","__assetName":"طرق المدينة","__geometryKind":"line","__featureIndex":117,"__length_m":140.04,"__typeValue":"تم التسليم"},"geometry":{"type":"LineString","coordinates":[[31.53134031504297,30.27963648476052],[31.531509294436113,30.278559975023676]]}},{"type":"Feature","properties":{"اسم_الحي":"حي 39","نوع_الطريق":"2","اسم_القطاع":"ABOR 20","موقف_التنفيذ":"تم التسليم","موقف_المتخلص":"3","ملاحظات":null,"Length":0.283013698630137,"Field":"رئيسي","SHAPE_Length":75.7386318850287,"__networkId":"roads","__networkName":"الطرق والقطاعات","__layerId":"roads_lines","__layerName":"طرق المدينة","__assetName":"طرق المدينة","__geometryKind":"line","__featureIndex":118,"__length_m":75.74,"__typeValue":"تم التسليم"},"geometry":{"type":"LineString","coordinates":[[31.51205357841939,30.263606511699454],[31.51140362036187,30.26343277755191]]}},{"type":"Feature","properties":{"اسم_الحي":"حي 13","نوع_الطريق":"2","اسم_القطاع":"ABOR 5","موقف_التنفيذ":"تم التسليم","موقف_المتخلص":"3","ملاحظات":null,"Length":0.283013698630137,"Field":"رئيسي","SHAPE_Length":142.71151813796322,"__networkId":"roads","__networkName":"الطرق والقطاعات","__layerId":"roads_lines","__layerName":"طرق المدينة","__assetName":"طرق المدينة","__geometryKind":"line","__featureIndex":119,"__length_m":142.71,"__typeValue":"تم التسليم"},"geometry":{"type":"LineString","coordinates":[[31.55591732290118,30.279265349992887],[31.55539810834505,30.279765201509274],[31.555361116104844,30.279818489321976],[31.555343500367314,30.279857054520967],[31.5553318903221,30.27989728099995],[31.555326486317117,30.279938474599973],[31.55533019090409,30.28000052182544],[31.555347899817406,30.28006073988897],[31.55536716867901,30.28009871086451],[31.555392034808595,30.28013417304486],[31.55542206910863,30.280166514490475]]}},{"type":"Feature","properties":{"اسم_الحي":"حي 15","نوع_الطريق":"3","اسم_القطاع":"ABOR 7","موقف_التنفيذ":"جاري العمل ميدانيا","موقف_المتخلص":"3","ملاحظات":null,"Length":0.1752358490566038,"Field":"ثانوي","SHAPE_Length":34.761083967521415,"__networkId":"roads","__networkName":"الطرق والقطاعات","__layerId":"roads_lines","__layerName":"طرق المدينة","__assetName":"طرق المدينة","__geometryKind":"line","__featureIndex":120,"__length_m":34.76,"__typeValue":"جاري العمل ميدانيا"},"geometry":{"type":"LineString","coordinates":[[31.585116497967807,30.25101175861244],[31.585138422250637,30.25128083463488]]}},{"type":"Feature","properties":{"اسم_الحي":"حي 39","نوع_الطريق":"1","اسم_القطاع":"ABOR 17","موقف_التنفيذ":"تم التسليم","موقف_المتخلص":"3","ملاحظات":null,"Length":0.283013698630137,"Field":"رئيسي","SHAPE_Length":389.05025698185415,"__networkId":"roads","__networkName":"الطرق والقطاعات","__layerId":"roads_lines","__layerName":"طرق المدينة","__assetName":"طرق المدينة","__geometryKind":"line","__featureIndex":121,"__length_m":389.05,"__typeValue":"تم التسليم"},"geometry":{"type":"LineString","coordinates":[[31.52830526343076,30.268410370014738],[31.527399176821117,30.26549508375334]]}},{"type":"Feature","properties":{"اسم_الحي":"حي 39","نوع_الطريق":"2","اسم_القطاع":"ABOR 20","موقف_التنفيذ":"تم التسليم","موقف_المتخلص":"3","ملاحظات":null,"Length":0.283013698630137,"Field":"رئيسي","SHAPE_Length":110.09766040097827,"__networkId":"roads","__networkName":"الطرق والقطاعات","__layerId":"roads_lines","__layerName":"طرق المدينة","__assetName":"طرق المدينة","__geometryKind":"line","__featureIndex":122,"__length_m":110.1,"__typeValue":"تم التسليم"},"geometry":{"type":"LineString","coordinates":[[31.51087541636468,30.26008664302711],[31.510491004796723,30.260873738568606]]}},{"type":"Feature","properties":{"اسم_الحي":"حي 16","نوع_الطريق":"3","اسم_القطاع":"ABOR 10","موقف_التنفيذ":"جاري العمل مكتبيا","موقف_المتخلص":"3","ملاحظات":null,"Length":0.1752358490566038,"Field":"ثانوي","SHAPE_Length":45.90562141687221,"__networkId":"roads","__networkName":"الطرق والقطاعات","__layerId":"roads_lines","__layerName":"طرق المدينة","__assetName":"طرق المدينة","__geometryKind":"line","__featureIndex":123,"__length_m":45.91,"__typeValue":"جاري العمل مكتبيا"},"geometry":{"type":"LineString","coordinates":[[31.56316120080838,30.25065739267037],[31.562749372657972,30.250639016415228]]}},{"type":"Feature","properties":{"اسم_الحي":"حي 39","نوع_الطريق":"1","اسم_القطاع":"ABOR 16","موقف_التنفيذ":"تم التسليم","موقف_المتخلص":"3","ملاحظات":null,"Length":0.283013698630137,"Field":"رئيسي","SHAPE_Length":422.6149436797327,"__networkId":"roads","__networkName":"الطرق والقطاعات","__layerId":"roads_lines","__layerName":"طرق المدينة","__assetName":"طرق المدينة","__geometryKind":"line","__featureIndex":124,"__length_m":422.61,"__typeValue":"تم التسليم"},"geometry":{"type":"LineString","coordinates":[[31.527719005808347,30.271505839419603],[31.530214205867406,30.27240046363245],[31.53122857360475,30.272756035874163]]}},{"type":"Feature","properties":{"اسم_الحي":"حي 16","نوع_الطريق":"3","اسم_القطاع":"ABOR 9","موقف_التنفيذ":"جاري العمل ميدانيا","موقف_المتخلص":"3","ملاحظات":null,"Length":0.1752358490566038,"Field":"ثانوي","SHAPE_Length":46.04591870866824,"__networkId":"roads","__networkName":"الطرق والقطاعات","__layerId":"roads_lines","__layerName":"طرق المدينة","__assetName":"طرق المدينة","__geometryKind":"line","__featureIndex":125,"__length_m":46.05,"__typeValue":"جاري العمل ميدانيا"},"geometry":{"type":"LineString","coordinates":[[31.568252323629384,30.252202189373584],[31.568665272877308,30.25222279317232]]}},{"type":"Feature","properties":{"اسم_الحي":"حي 39","نوع_الطريق":"2","اسم_القطاع":"ABOR 19","موقف_التنفيذ":"تم التسليم","موقف_المتخلص":"3","ملاحظات":null,"Length":0.283013698630137,"Field":"رئيسي","SHAPE_Length":85.3818951757908,"__networkId":"roads","__networkName":"الطرق والقطاعات","__layerId":"roads_lines","__layerName":"طرق المدينة","__assetName":"طرق المدينة","__geometryKind":"line","__featureIndex":126,"__length_m":85.38,"__typeValue":"تم التسليم"},"geometry":{"type":"LineString","coordinates":[[31.515764613181197,30.262378702125158],[31.515577506683922,30.26302116289005]]}},{"type":"Feature","properties":{"اسم_الحي":"حي 39","نوع_الطريق":"3","اسم_القطاع":"ABOR 12","موقف_التنفيذ":"تم التسليم","موقف_المتخلص":"3","ملاحظات":null,"Length":0.283013698630137,"Field":"ثانوي","SHAPE_Length":124.87414243545481,"__networkId":"roads","__networkName":"الطرق والقطاعات","__layerId":"roads_lines","__layerName":"طرق المدينة","__assetName":"طرق المدينة","__geometryKind":"line","__featureIndex":127,"__length_m":124.87,"__typeValue":"تم التسليم"},"geometry":{"type":"LineString","coordinates":[[31.527294020033956,30.276008259712597],[31.526250704086582,30.275652347042058]]}},{"type":"Feature","properties":{"اسم_الحي":"حي 39","نوع_الطريق":"2","اسم_القطاع":"ABOR 20","موقف_التنفيذ":"تم التسليم","موقف_المتخلص":"3","ملاحظات":null,"Length":0.283013698630137,"Field":"رئيسي","SHAPE_Length":185.13708494853748,"__networkId":"roads","__networkName":"الطرق والقطاعات","__layerId":"roads_lines","__layerName":"طرق المدينة","__assetName":"طرق المدينة","__geometryKind":"line","__featureIndex":128,"__length_m":185.14,"__typeValue":"تم التسليم"},"geometry":{"type":"LineString","coordinates":[[31.51235536833741,30.262781779972812],[31.512586763574816,30.262845583404143],[31.51259960129181,30.262852382401302],[31.512634883133348,30.262876674283213],[31.512664409286963,30.26290614240388],[31.512687178385768,30.262939787358263],[31.51269822991598,30.262964001005795],[31.51270578741044,30.262989222978433],[31.512710310366714,30.263028076003078],[31.51270871765393,30.263054092608826],[31.512703458285642,30.263079746465937],[31.51253534041467,30.263554297449623],[31.512497552882085,30.263589844862704],[31.51246852086994,30.26361003936089],[31.51243689784724,30.2636270856819],[31.512385636700518,30.263646215051313],[31.51233129036107,30.263657062778503],[31.512275571760295,30.26365929843725],[31.5122385595027,30.263655956774535],[31.51205357841939,30.263606511699454]]}},{"type":"Feature","properties":{"اسم_الحي":"حي 39","نوع_الطريق":"2","اسم_القطاع":"ABOR 16","موقف_التنفيذ":"تم التسليم","موقف_المتخلص":"3","ملاحظات":null,"Length":0.283013698630137,"Field":"رئيسي","SHAPE_Length":293.19305703985185,"__networkId":"roads","__networkName":"الطرق والقطاعات","__layerId":"roads_lines","__layerName":"طرق المدينة","__assetName":"طرق المدينة","__geometryKind":"line","__featureIndex":129,"__length_m":293.19,"__typeValue":"تم التسليم"},"geometry":{"type":"LineString","coordinates":[[31.531026590108077,30.271096946077755],[31.531014367630302,30.268822264664877]]}},{"type":"Feature","properties":{"اسم_الحي":"حي 15","نوع_الطريق":"3","اسم_القطاع":"ABOR 8","موقف_التنفيذ":"جاري العمل ميدانيا","موقف_المتخلص":"3","ملاحظات":null,"Length":0.1752358490566038,"Field":"ثانوي","SHAPE_Length":40.43346922195298,"__networkId":"roads","__networkName":"الطرق والقطاعات","__layerId":"roads_lines","__layerName":"طرق المدينة","__assetName":"طرق المدينة","__geometryKind":"line","__featureIndex":130,"__length_m":40.43,"__typeValue":"جاري العمل ميدانيا"},"geometry":{"type":"LineString","coordinates":[[31.57548674317498,30.254235199033722],[31.575467451854244,30.254548504532966]]}},{"type":"Feature","properties":{"اسم_الحي":"حي 15","نوع_الطريق":"3","اسم_القطاع":"ABOR 7","موقف_التنفيذ":"جاري العمل ميدانيا","موقف_المتخلص":"3","ملاحظات":null,"Length":0.1752358490566038,"Field":"ثانوي","SHAPE_Length":43.272248066719676,"__networkId":"roads","__networkName":"الطرق والقطاعات","__layerId":"roads_lines","__layerName":"طرق المدينة","__assetName":"طرق المدينة","__geometryKind":"line","__featureIndex":131,"__length_m":43.27,"__typeValue":"جاري العمل ميدانيا"},"geometry":{"type":"LineString","coordinates":[[31.58802084111288,30.25281132886274],[31.58800293229938,30.25314675332566]]}},{"type":"Feature","properties":{"اسم_الحي":"حي 39","نوع_الطريق":"3","اسم_القطاع":"ABOR 13","موقف_التنفيذ":"تم التسليم","موقف_المتخلص":"3","ملاحظات":null,"Length":0.283013698630137,"Field":"ثانوي","SHAPE_Length":138.27507454432663,"__networkId":"roads","__networkName":"الطرق والقطاعات","__layerId":"roads_lines","__layerName":"طرق المدينة","__assetName":"طرق المدينة","__geometryKind":"line","__featureIndex":132,"__length_m":138.28,"__typeValue":"تم التسليم"},"geometry":{"type":"LineString","coordinates":[[31.52425843392417,30.27875518983425],[31.52438390790812,30.277687975109703]]}},{"type":"Feature","properties":{"اسم_الحي":"حي 15","نوع_الطريق":"3","اسم_القطاع":"ABOR 7","موقف_التنفيذ":"جاري العمل ميدانيا","موقف_المتخلص":"3","ملاحظات":null,"Length":0.1752358490566038,"Field":"ثانوي","SHAPE_Length":46.27438688874218,"__networkId":"roads","__networkName":"الطرق والقطاعات","__layerId":"roads_lines","__layerName":"طرق المدينة","__assetName":"طرق المدينة","__geometryKind":"line","__featureIndex":133,"__length_m":46.27,"__typeValue":"جاري العمل ميدانيا"},"geometry":{"type":"LineString","coordinates":[[31.58957455375358,30.250952518069383],[31.589540779793836,30.25059462037437]]}},{"type":"Feature","properties":{"اسم_الحي":"حي 39","نوع_الطريق":"2","اسم_القطاع":"ABOR 20","موقف_التنفيذ":"تم التسليم","موقف_المتخلص":"3","ملاحظات":null,"Length":0.283013698630137,"Field":"رئيسي","SHAPE_Length":441.8050183279589,"__networkId":"roads","__networkName":"الطرق والقطاعات","__layerId":"roads_lines","__layerName":"طرق المدينة","__assetName":"طرق المدينة","__geometryKind":"line","__featureIndex":134,"__length_m":441.81,"__typeValue":"تم التسليم"},"geometry":{"type":"LineString","coordinates":[[31.51654898166309,30.265683773079274],[31.51627699964282,30.26481890859258],[31.516259516227958,30.26474250996321],[31.516236288087768,30.264667261769848],[31.516207414585505,30.26459348589948],[31.516173019228436,30.264521497936027],[31.516133249147327,30.264451605818824],[31.516088274460355,30.2643841085222],[31.516038287550252,30.26431929477668],[31.515983502241905,30.264257441835017],[31.515924152883507,30.264198814283546],[31.515860493347468,30.2641436629127],[31.515792795941298,30.264092223643104],[31.515721350247873,30.26404471651628],[31.515646461882152,30.264001344754845],[31.515568451183615,30.26396229389016],[31.515487651851988,30.263927730969993],[31.51540440951334,30.263897803847637],[31.51531908024129,30.263872640539642],[31.513983128208622,30.2635166574882]]}},{"type":"Feature","properties":{"اسم_الحي":"حي 15","نوع_الطريق":"2","اسم_القطاع":"ABOR 7","موقف_التنفيذ":"جاري العمل ميدانيا","موقف_المتخلص":"3","ملاحظات":null,"Length":0.1752358490566038,"Field":"رئيسي","SHAPE_Length":133.15537153410543,"__networkId":"roads","__networkName":"الطرق والقطاعات","__layerId":"roads_lines","__layerName":"طرق المدينة","__assetName":"طرق المدينة","__geometryKind":"line","__featureIndex":135,"__length_m":133.16,"__typeValue":"جاري العمل ميدانيا"},"geometry":{"type":"LineString","coordinates":[[31.588076677696,30.255905429291257],[31.589270850424008,30.25596488876905]]}},{"type":"Feature","properties":{"اسم_الحي":"حي 39","نوع_الطريق":"3","اسم_القطاع":"ABOR 13","موقف_التنفيذ":"تم التسليم","موقف_المتخلص":"3","ملاحظات":null,"Length":0.283013698630137,"Field":"ثانوي","SHAPE_Length":116.96162473136584,"__networkId":"roads","__networkName":"الطرق والقطاعات","__layerId":"roads_lines","__layerName":"طرق المدينة","__assetName":"طرق المدينة","__geometryKind":"line","__featureIndex":136,"__length_m":116.96,"__typeValue":"تم التسليم"},"geometry":{"type":"LineString","coordinates":[[31.52008175653654,30.27421747306752],[31.51968569920924,30.275057928041853]]}},{"type":"Feature","properties":{"اسم_الحي":"حي 14","نوع_الطريق":"2","اسم_القطاع":"ABOR 2","موقف_التنفيذ":"تم التسليم","موقف_المتخلص":"2","ملاحظات":null,"Length":0.283013698630137,"Field":"رئيسي","SHAPE_Length":534.9550678910898,"__networkId":"roads","__networkName":"الطرق والقطاعات","__layerId":"roads_lines","__layerName":"طرق المدينة","__assetName":"طرق المدينة","__geometryKind":"line","__featureIndex":137,"__length_m":534.96,"__typeValue":"تم التسليم"},"geometry":{"type":"LineString","coordinates":[[31.561294046202146,30.26374225108389],[31.560732651251868,30.263627539844787],[31.560537258694403,30.263609080668335],[31.560341228333098,30.263596661010343],[31.560144809001283,30.263590296390856],[31.559948251328912,30.26358999534581],[31.55975180684428,30.26359575865116],[31.559555726177305,30.263607577771086],[31.559360259958,30.263625439513298],[31.559165656121394,30.26364931827014],[31.55897216529738,30.263679185329313],[31.55878003182778,30.263715004218632],[31.558589501850967,30.263756726050687],[31.558400819708684,30.26380429883339],[31.55821422435283,30.2638576612633],[31.55802995563355,30.263916747380456],[31.557848247112805,30.263981479585926],[31.557669331454296,30.26405177640063],[31.55749343862673,30.26412754780998],[31.557320788717345,30.264208696039724],[31.55715160540662,30.264295119435882],[31.55698610518857,30.26438670625734],[31.556824497370645,30.264483340107322],[31.55674357443488,30.26453551584485]]}},{"type":"Feature","properties":{"اسم_الحي":"حي 16","نوع_الطريق":"3","اسم_القطاع":"ABOR 10","موقف_التنفيذ":"جاري العمل مكتبيا","موقف_المتخلص":"3","ملاحظات":null,"Length":0.1752358490566038,"Field":"ثانوي","SHAPE_Length":62.2553686644043,"__networkId":"roads","__networkName":"الطرق والقطاعات","__layerId":"roads_lines","__layerName":"طرق المدينة","__assetName":"طرق المدينة","__geometryKind":"line","__featureIndex":138,"__length_m":62.26,"__typeValue":"جاري العمل مكتبيا"},"geometry":{"type":"LineString","coordinates":[[31.55738280750622,30.251963413286603],[31.557939115297067,30.252012897590703]]}},{"type":"Feature","properties":{"اسم_الحي":"حي 39","نوع_الطريق":"3","اسم_القطاع":"ABOR 13","موقف_التنفيذ":"تم التسليم","موقف_المتخلص":"3","ملاحظات":null,"Length":0.283013698630137,"Field":"ثانوي","SHAPE_Length":128.45213462231618,"__networkId":"roads","__networkName":"الطرق والقطاعات","__layerId":"roads_lines","__layerName":"طرق المدينة","__assetName":"طرق المدينة","__geometryKind":"line","__featureIndex":139,"__length_m":128.45,"__typeValue":"تم التسليم"},"geometry":{"type":"LineString","coordinates":[[31.523242694459395,30.273803915223287],[31.52280691003696,30.27472665370371]]}},{"type":"Feature","properties":{"اسم_الحي":"حي 39","نوع_الطريق":"1","اسم_القطاع":"ABOR 19","موقف_التنفيذ":"تم التسليم","موقف_المتخلص":"3","ملاحظات":null,"Length":0.283013698630137,"Field":"رئيسي","SHAPE_Length":353.9502322500109,"__networkId":"roads","__networkName":"الطرق والقطاعات","__layerId":"roads_lines","__layerName":"طرق المدينة","__assetName":"طرق المدينة","__geometryKind":"line","__featureIndex":140,"__length_m":353.95,"__typeValue":"تم التسليم"},"geometry":{"type":"LineString","coordinates":[[31.52199527678786,30.261199550705935],[31.52502426297527,30.262034754098966]]}},{"type":"Feature","properties":{"اسم_الحي":"حي 15","نوع_الطريق":"3","اسم_القطاع":"ABOR 7","موقف_التنفيذ":"جاري العمل ميدانيا","موقف_المتخلص":"3","ملاحظات":"محتاج النظر فيها","Length":0.1752358490566038,"Field":"ثانوي","SHAPE_Length":45.467305898288586,"__networkId":"roads","__networkName":"الطرق والقطاعات","__layerId":"roads_lines","__layerName":"طرق المدينة","__assetName":"طرق المدينة","__geometryKind":"line","__featureIndex":141,"__length_m":45.47,"__typeValue":"جاري العمل ميدانيا"},"geometry":{"type":"LineString","coordinates":[[31.585506553650696,30.252725586754586],[31.58591431333118,30.252745938251635]]}},{"type":"Feature","properties":{"اسم_الحي":"حي 39","نوع_الطريق":"2","اسم_القطاع":"ABOR 22","موقف_التنفيذ":"تم التسليم","موقف_المتخلص":"3","ملاحظات":null,"Length":0.283013698630137,"Field":"رئيسي","SHAPE_Length":219.70700144750248,"__networkId":"roads","__networkName":"الطرق والقطاعات","__layerId":"roads_lines","__layerName":"طرق المدينة","__assetName":"طرق المدينة","__geometryKind":"line","__featureIndex":142,"__length_m":219.71,"__typeValue":"تم التسليم"},"geometry":{"type":"LineString","coordinates":[[31.491368881754024,30.27183820690286],[31.490079086058984,30.27312840397592]]}},{"type":"Feature","properties":{"اسم_الحي":"حي 14","نوع_الطريق":"1","اسم_القطاع":"ABOR 3","موقف_التنفيذ":"تم التسليم","موقف_المتخلص":"2","ملاحظات":null,"Length":0.283013698630137,"Field":"رئيسي","SHAPE_Length":1558.2923472628313,"__networkId":"roads","__networkName":"الطرق والقطاعات","__layerId":"roads_lines","__layerName":"طرق المدينة","__assetName":"طرق المدينة","__geometryKind":"line","__featureIndex":143,"__length_m":1558.29,"__typeValue":"تم التسليم"},"geometry":{"type":"LineString","coordinates":[[31.552126873475007,30.27278956589641],[31.562483203635928,30.280923046545457]]}},{"type":"Feature","properties":{"اسم_الحي":"حي 39","نوع_الطريق":"2","اسم_القطاع":"ABOR 20","موقف_التنفيذ":"تم التسليم","موقف_المتخلص":"3","ملاحظات":null,"Length":0.283013698630137,"Field":"رئيسي","SHAPE_Length":177.4543948824609,"__networkId":"roads","__networkName":"الطرق والقطاعات","__layerId":"roads_lines","__layerName":"طرق المدينة","__assetName":"طرق المدينة","__geometryKind":"line","__featureIndex":144,"__length_m":177.45,"__typeValue":"تم التسليم"},"geometry":{"type":"LineString","coordinates":[[31.509157927372996,30.264063797195913],[31.507632143354495,30.263665047862656]]}},{"type":"Feature","properties":{"اسم_الحي":"حي 15","نوع_الطريق":"3","اسم_القطاع":"ABOR 8","موقف_التنفيذ":"جاري العمل ميدانيا","موقف_المتخلص":"3","ملاحظات":null,"Length":0.1752358490566038,"Field":"ثانوي","SHAPE_Length":40.48620797801373,"__networkId":"roads","__networkName":"الطرق والقطاعات","__layerId":"roads_lines","__layerName":"طرق المدينة","__assetName":"طرق المدينة","__geometryKind":"line","__featureIndex":145,"__length_m":40.49,"__typeValue":"جاري العمل ميدانيا"},"geometry":{"type":"LineString","coordinates":[[31.574703089752045,30.255347463795683],[31.574725247596852,30.255033892363716]]}},{"type":"Feature","properties":{"اسم_الحي":"حي 39","نوع_الطريق":"3","اسم_القطاع":"ABOR 16","موقف_التنفيذ":"تم التسليم","موقف_المتخلص":"3","ملاحظات":null,"Length":0.283013698630137,"Field":"ثانوي","SHAPE_Length":127.81478976350381,"__networkId":"roads","__networkName":"الطرق والقطاعات","__layerId":"roads_lines","__layerName":"طرق المدينة","__assetName":"طرق المدينة","__geometryKind":"line","__featureIndex":146,"__length_m":127.81,"__typeValue":"تم التسليم"},"geometry":{"type":"LineString","coordinates":[[31.530175384274077,30.267174793626314],[31.529067112945114,30.267433972737393]]}},{"type":"Feature","properties":{"اسم_الحي":"حي 39","نوع_الطريق":"3","اسم_القطاع":"ABOR 16","موقف_التنفيذ":"تم التسليم","موقف_المتخلص":"3","ملاحظات":null,"Length":0.283013698630137,"Field":"ثانوي","SHAPE_Length":181.1582025771452,"__networkId":"roads","__networkName":"الطرق والقطاعات","__layerId":"roads_lines","__layerName":"طرق المدينة","__assetName":"طرق المدينة","__geometryKind":"line","__featureIndex":147,"__length_m":181.16,"__typeValue":"تم التسليم"},"geometry":{"type":"LineString","coordinates":[[31.527235659184893,30.274430772741514],[31.527854514872338,30.273130919940346]]}},{"type":"Feature","properties":{"اسم_الحي":"حي 16","نوع_الطريق":"3","اسم_القطاع":"ABOR 9","موقف_التنفيذ":"جاري العمل ميدانيا","موقف_المتخلص":"3","ملاحظات":null,"Length":0.1752358490566038,"Field":"ثانوي","SHAPE_Length":68.22665877072987,"__networkId":"roads","__networkName":"الطرق والقطاعات","__layerId":"roads_lines","__layerName":"طرق المدينة","__assetName":"طرق المدينة","__geometryKind":"line","__featureIndex":148,"__length_m":68.23,"__typeValue":"جاري العمل ميدانيا"},"geometry":{"type":"LineString","coordinates":[[31.571580487433952,30.252590064160362],[31.570996410921065,30.252429642594002]]}},{"type":"Feature","properties":{"اسم_الحي":"حي 15","نوع_الطريق":"3","اسم_القطاع":"ABOR 7","موقف_التنفيذ":"جاري العمل ميدانيا","موقف_المتخلص":"3","ملاحظات":null,"Length":0.1752358490566038,"Field":"ثانوي","SHAPE_Length":50.16129728281543,"__networkId":"roads","__networkName":"الطرق والقطاعات","__layerId":"roads_lines","__layerName":"طرق المدينة","__assetName":"طرق المدينة","__geometryKind":"line","__featureIndex":149,"__length_m":50.16,"__typeValue":"جاري العمل ميدانيا"},"geometry":{"type":"LineString","coordinates":[[31.590306421995344,30.25163245444966],[31.590752961946656,30.2516846308067]]}},{"type":"Feature","properties":{"اسم_الحي":"حي 16","نوع_الطريق":"3","اسم_القطاع":"ABOR 9","موقف_التنفيذ":"جاري العمل ميدانيا","موقف_المتخلص":"3","ملاحظات":null,"Length":0.1752358490566038,"Field":"ثانوي","SHAPE_Length":52.9645892657881,"__networkId":"roads","__networkName":"الطرق والقطاعات","__layerId":"roads_lines","__layerName":"طرق المدينة","__assetName":"طرق المدينة","__geometryKind":"line","__featureIndex":150,"__length_m":52.96,"__typeValue":"جاري العمل ميدانيا"},"geometry":{"type":"LineString","coordinates":[[31.56633174980645,30.256382969480516],[31.56680675108094,30.25640660867915]]}},{"type":"Feature","properties":{"اسم_الحي":"حي 15","نوع_الطريق":"2","اسم_القطاع":"ABOR 8","موقف_التنفيذ":"جاري العمل ميدانيا","موقف_المتخلص":"3","ملاحظات":null,"Length":0.1752358490566038,"Field":"رئيسي","SHAPE_Length":264.4871704266875,"__networkId":"roads","__networkName":"الطرق والقطاعات","__layerId":"roads_lines","__layerName":"طرق المدينة","__assetName":"طرق المدينة","__geometryKind":"line","__featureIndex":151,"__length_m":264.49,"__typeValue":"جاري العمل ميدانيا"},"geometry":{"type":"LineString","coordinates":[[31.571359238667696,30.259146780407413],[31.571494786359224,30.257097881045908]]}},{"type":"Feature","properties":{"اسم_الحي":"حي 39","نوع_الطريق":"2","اسم_القطاع":"ABOR 19","موقف_التنفيذ":"تم التسليم","موقف_المتخلص":"3","ملاحظات":null,"Length":0.283013698630137,"Field":"رئيسي","SHAPE_Length":69.05271089984295,"__networkId":"roads","__networkName":"الطرق والقطاعات","__layerId":"roads_lines","__layerName":"طرق المدينة","__assetName":"طرق المدينة","__geometryKind":"line","__featureIndex":152,"__length_m":69.05,"__typeValue":"تم التسليم"},"geometry":{"type":"LineString","coordinates":[[31.520448592565952,30.265235638053685],[31.52104782994593,30.265097175076562]]}},{"type":"Feature","properties":{"اسم_الحي":"حي 39","نوع_الطريق":"2","اسم_القطاع":"ABOR 19","موقف_التنفيذ":"تم التسليم","موقف_المتخلص":"3","ملاحظات":null,"Length":0.283013698630137,"Field":"رئيسي","SHAPE_Length":200.2911188646689,"__networkId":"roads","__networkName":"الطرق والقطاعات","__layerId":"roads_lines","__layerName":"طرق المدينة","__assetName":"طرق المدينة","__geometryKind":"line","__featureIndex":153,"__length_m":200.29,"__typeValue":"تم التسليم"},"geometry":{"type":"LineString","coordinates":[[31.524111962718802,30.263696759979773],[31.52395196647847,30.263233525561223],[31.523927749539965,30.263190069595638],[31.523900325441684,30.263148059270424],[31.523869809298148,30.26310767093221],[31.523836329205324,30.26306907411609],[31.52380002569845,30.26303243083758],[31.523761051165224,30.26299789491416],[31.523719569204328,30.26296561131404],[31.523675753942225,30.262935715555383],[31.523629789295086,30.262908333129044],[31.52355605121241,30.26287760949347],[31.523480296155206,30.26285079530348],[31.523402801659238,30.26282798879965],[31.523323851628543,30.262809273535044],[31.52324373530223,30.262794718079142],[31.52316274619223,30.262784375757494],[31.523081181005953,30.262778284461127],[31.522999338563647,30.262776466508242],[31.522917518699572,30.26277892855621]]}},{"type":"Feature","properties":{"اسم_الحي":"حي 39","نوع_الطريق":"2","اسم_القطاع":"ABOR 13","موقف_التنفيذ":"تم التسليم","موقف_المتخلص":"3","ملاحظات":null,"Length":0.283013698630137,"Field":"رئيسي","SHAPE_Length":137.781969746643,"__networkId":"roads","__networkName":"الطرق والقطاعات","__layerId":"roads_lines","__layerName":"طرق المدينة","__assetName":"طرق المدينة","__geometryKind":"line","__featureIndex":154,"__length_m":137.78,"__typeValue":"تم التسليم"},"geometry":{"type":"LineString","coordinates":[[31.52374425173028,30.275504733513873],[31.524890668221165,30.275907652739612]]}},{"type":"Feature","properties":{"اسم_الحي":"حي 39","نوع_الطريق":"2","اسم_القطاع":"ABOR 16","موقف_التنفيذ":"تم التسليم","موقف_المتخلص":"3","ملاحظات":null,"Length":0.283013698630137,"Field":"رئيسي","SHAPE_Length":376.5918337587324,"__networkId":"roads","__networkName":"الطرق والقطاعات","__layerId":"roads_lines","__layerName":"طرق المدينة","__assetName":"طرق المدينة","__geometryKind":"line","__featureIndex":155,"__length_m":376.59,"__typeValue":"تم التسليم"},"geometry":{"type":"LineString","coordinates":[[31.534017505693726,30.263778697643414],[31.534906789315965,30.26659782681619]]}},{"type":"Feature","properties":{"اسم_الحي":"حي 39","نوع_الطريق":"1","اسم_القطاع":"ABOR 12","موقف_التنفيذ":"تم التسليم","موقف_المتخلص":"3","ملاحظات":null,"Length":0.283013698630137,"Field":"رئيسي","SHAPE_Length":107.5839745049176,"__networkId":"roads","__networkName":"الطرق والقطاعات","__layerId":"roads_lines","__layerName":"طرق المدينة","__assetName":"طرق المدينة","__geometryKind":"line","__featureIndex":156,"__length_m":107.58,"__typeValue":"تم التسليم"},"geometry":{"type":"LineString","coordinates":[[31.528033787162023,30.27695180803857],[31.52772666753943,30.277580986751655],[31.527695026378304,30.277614639297973],[31.527658818030485,30.277644662390934],[31.527597170001314,30.27768190464776]]}},{"type":"Feature","properties":{"اسم_الحي":"حي 15","نوع_الطريق":"3","اسم_القطاع":"ABOR 7","موقف_التنفيذ":"جاري العمل ميدانيا","موقف_المتخلص":"3","ملاحظات":null,"Length":0.1752358490566038,"Field":"ثانوي","SHAPE_Length":50.674987542652836,"__networkId":"roads","__networkName":"الطرق والقطاعات","__layerId":"roads_lines","__layerName":"طرق المدينة","__assetName":"طرق المدينة","__geometryKind":"line","__featureIndex":157,"__length_m":50.67,"__typeValue":"جاري العمل ميدانيا"},"geometry":{"type":"LineString","coordinates":[[31.58765585022307,30.251535536360322],[31.587201379944407,30.251512959864414]]}},{"type":"Feature","properties":{"اسم_الحي":"حي 39","نوع_الطريق":"1","اسم_القطاع":"ABOR 17","موقف_التنفيذ":"تم التسليم","موقف_المتخلص":"3","ملاحظات":null,"Length":0.283013698630137,"Field":"رئيسي","SHAPE_Length":482.97340052470514,"__networkId":"roads","__networkName":"الطرق والقطاعات","__layerId":"roads_lines","__layerName":"طرق المدينة","__assetName":"طرق المدينة","__geometryKind":"line","__featureIndex":158,"__length_m":482.97,"__typeValue":"تم التسليم"},"geometry":{"type":"LineString","coordinates":[[31.52271691142192,30.267953078382725],[31.52347504999583,30.270392698653826],[31.523496937449785,30.270468803408136],[31.52351520313578,30.270545617450843],[31.523529816498872,30.270623012278794],[31.523540753089907,30.2707008584118],[31.523547994612976,30.270779025617717],[31.52355152895434,30.27085738312977],[31.52355135020113,30.27093579985791],[31.523546416588314,30.271027664154133],[31.52353638626188,30.271119218215432],[31.523521282317983,30.27121025125176],[31.523501139531138,30.271300553666887],[31.523476004276674,30.271389917552778],[31.52344593442897,30.27147813716212],[31.523399245660563,30.271591513926925]]}},{"type":"Feature","properties":{"اسم_الحي":"حي 39","نوع_الطريق":"2","اسم_القطاع":"ABOR 19","موقف_التنفيذ":"تم التسليم","موقف_المتخلص":"3","ملاحظات":null,"Length":0.283013698630137,"Field":"رئيسي","SHAPE_Length":178.67831634239747,"__networkId":"roads","__networkName":"الطرق والقطاعات","__layerId":"roads_lines","__layerName":"طرق المدينة","__assetName":"طرق المدينة","__geometryKind":"line","__featureIndex":159,"__length_m":178.68,"__typeValue":"تم التسليم"},"geometry":{"type":"LineString","coordinates":[[31.519992280740976,30.263557610497987],[31.51950851999419,30.264879483819175]]}},{"type":"Feature","properties":{"اسم_الحي":"حي 39","نوع_الطريق":"2","اسم_القطاع":"ABOR 20","موقف_التنفيذ":"تم التسليم","موقف_المتخلص":"3","ملاحظات":null,"Length":0.283013698630137,"Field":"رئيسي","SHAPE_Length":83.29820963361347,"__networkId":"roads","__networkName":"الطرق والقطاعات","__layerId":"roads_lines","__layerName":"طرق المدينة","__assetName":"طرق المدينة","__geometryKind":"line","__featureIndex":160,"__length_m":83.3,"__typeValue":"تم التسليم"},"geometry":{"type":"LineString","coordinates":[[31.510807915157624,30.258740612638704],[31.511394071270395,30.25914237082905]]}},{"type":"Feature","properties":{"اسم_الحي":"حي 39","نوع_الطريق":"2","اسم_القطاع":"ABOR 20","موقف_التنفيذ":"تم التسليم","موقف_المتخلص":"3","ملاحظات":null,"Length":0.283013698630137,"Field":"رئيسي","SHAPE_Length":74.00831978295489,"__networkId":"roads","__networkName":"الطرق والقطاعات","__layerId":"roads_lines","__layerName":"طرق المدينة","__assetName":"طرق المدينة","__geometryKind":"line","__featureIndex":161,"__length_m":74.01,"__typeValue":"تم التسليم"},"geometry":{"type":"LineString","coordinates":[[31.5112030076943,30.2639983039005],[31.51100846314646,30.26454738761164]]}},{"type":"Feature","properties":{"اسم_الحي":"حي 39","نوع_الطريق":"2","اسم_القطاع":"ABOR 20","موقف_التنفيذ":"تم التسليم","موقف_المتخلص":"3","ملاحظات":null,"Length":0.283013698630137,"Field":"رئيسي","SHAPE_Length":81.02129479283145,"__networkId":"roads","__networkName":"الطرق والقطاعات","__layerId":"roads_lines","__layerName":"طرق المدينة","__assetName":"طرق المدينة","__geometryKind":"line","__featureIndex":162,"__length_m":81.02,"__typeValue":"تم التسليم"},"geometry":{"type":"LineString","coordinates":[[31.51418292879918,30.264950921308298],[31.51360494376224,30.26533297168377]]}},{"type":"Feature","properties":{"اسم_الحي":"حي 15","نوع_الطريق":"3","اسم_القطاع":"ABOR 7","موقف_التنفيذ":"جاري العمل ميدانيا","موقف_المتخلص":"3","ملاحظات":"محتاج النظر فيها","Length":0.1752358490566038,"Field":"ثانوي","SHAPE_Length":44.26972391728509,"__networkId":"roads","__networkName":"الطرق والقطاعات","__layerId":"roads_lines","__layerName":"طرق المدينة","__assetName":"طرق المدينة","__geometryKind":"line","__featureIndex":163,"__length_m":44.27,"__typeValue":"جاري العمل ميدانيا"},"geometry":{"type":"LineString","coordinates":[[31.58087542574734,30.25375950994747],[31.58116394215871,30.25399592816675]]}},{"type":"Feature","properties":{"اسم_الحي":"حي 39","نوع_الطريق":"1","اسم_القطاع":"ABOR 22","موقف_التنفيذ":"تم التسليم","موقف_المتخلص":"3","ملاحظات":null,"Length":0.283013698630137,"Field":"رئيسي","SHAPE_Length":251.09051849765945,"__networkId":"roads","__networkName":"الطرق والقطاعات","__layerId":"roads_lines","__layerName":"طرق المدينة","__assetName":"طرق المدينة","__geometryKind":"line","__featureIndex":164,"__length_m":251.09,"__typeValue":"تم التسليم"},"geometry":{"type":"LineString","coordinates":[[31.49771304570023,30.27012179979246],[31.498391608811357,30.271979594535342]]}},{"type":"Feature","properties":{"اسم_الحي":"حي 39","نوع_الطريق":"3","اسم_القطاع":"ABOR 16","موقف_التنفيذ":"تم التسليم","موقف_المتخلص":"3","ملاحظات":null,"Length":0.283013698630137,"Field":"ثانوي","SHAPE_Length":116.91039749915413,"__networkId":"roads","__networkName":"الطرق والقطاعات","__layerId":"roads_lines","__layerName":"طرق المدينة","__assetName":"طرق المدينة","__geometryKind":"line","__featureIndex":165,"__length_m":116.91,"__typeValue":"تم التسليم"},"geometry":{"type":"LineString","coordinates":[[31.533035771055676,30.269598722442883],[31.534085983369508,30.269594449106176]]}},{"type":"Feature","properties":{"اسم_الحي":"حي 39","نوع_الطريق":"1","اسم_القطاع":"ABOR 14","موقف_التنفيذ":"تم التسليم","موقف_المتخلص":"3","ملاحظات":null,"Length":0.283013698630137,"Field":"رئيسي","SHAPE_Length":440.22108648241,"__networkId":"roads","__networkName":"الطرق والقطاعات","__layerId":"roads_lines","__layerName":"طرق المدينة","__assetName":"طرق المدينة","__geometryKind":"line","__featureIndex":166,"__length_m":440.22,"__typeValue":"تم التسليم"},"geometry":{"type":"LineString","coordinates":[[31.51309903774704,30.273866742507508],[31.5091811380433,30.273402698801963]]}},{"type":"Feature","properties":{"اسم_الحي":"حي 15","نوع_الطريق":"2","اسم_القطاع":"ABOR 7","موقف_التنفيذ":"جاري العمل ميدانيا","موقف_المتخلص":"3","ملاحظات":null,"Length":0.1752358490566038,"Field":"رئيسي","SHAPE_Length":97.01658812098577,"__networkId":"roads","__networkName":"الطرق والقطاعات","__layerId":"roads_lines","__layerName":"طرق المدينة","__assetName":"طرق المدينة","__geometryKind":"line","__featureIndex":167,"__length_m":97.02,"__typeValue":"جاري العمل ميدانيا"},"geometry":{"type":"LineString","coordinates":[[31.589849006140863,30.25690284198273],[31.58901879842665,30.25667383016144]]}},{"type":"Feature","properties":{"اسم_الحي":"حي 39","نوع_الطريق":"3","اسم_القطاع":"ABOR 12","موقف_التنفيذ":"تم التسليم","موقف_المتخلص":"3","ملاحظات":null,"Length":0.283013698630137,"Field":"ثانوي","SHAPE_Length":141.97971669603845,"__networkId":"roads","__networkName":"الطرق والقطاعات","__layerId":"roads_lines","__layerName":"طرق المدينة","__assetName":"طرق المدينة","__geometryKind":"line","__featureIndex":168,"__length_m":141.98,"__typeValue":"تم التسليم"},"geometry":{"type":"LineString","coordinates":[[31.526840525325706,30.27907361551183],[31.5270405109692,30.277985801982382]]}},{"type":"Feature","properties":{"اسم_الحي":"حي 15","نوع_الطريق":"3","اسم_القطاع":"ABOR 8","موقف_التنفيذ":"جاري العمل ميدانيا","موقف_المتخلص":"3","ملاحظات":null,"Length":0.1752358490566038,"Field":"ثانوي","SHAPE_Length":70.14207292304316,"__networkId":"roads","__networkName":"الطرق والقطاعات","__layerId":"roads_lines","__layerName":"طرق المدينة","__assetName":"طرق المدينة","__geometryKind":"line","__featureIndex":169,"__length_m":70.14,"__typeValue":"جاري العمل ميدانيا"},"geometry":{"type":"LineString","coordinates":[[31.573248533152427,30.255872348985733],[31.573212549337097,30.256415726820514]]}},{"type":"Feature","properties":{"اسم_الحي":"حي 15","نوع_الطريق":"3","اسم_القطاع":"ABOR 8","موقف_التنفيذ":"جاري العمل ميدانيا","موقف_المتخلص":"3","ملاحظات":null,"Length":0.1752358490566038,"Field":"ثانوي","SHAPE_Length":40.43005416148517,"__networkId":"roads","__networkName":"الطرق والقطاعات","__layerId":"roads_lines","__layerName":"طرق المدينة","__assetName":"طرق المدينة","__geometryKind":"line","__featureIndex":170,"__length_m":40.43,"__typeValue":"جاري العمل ميدانيا"},"geometry":{"type":"LineString","coordinates":[[31.574703089752045,30.255347463795683],[31.574682353042043,30.255660670305204]]}},{"type":"Feature","properties":{"اسم_الحي":"حي 39","نوع_الطريق":"2","اسم_القطاع":"ABOR 21","موقف_التنفيذ":"تم التسليم","موقف_المتخلص":"3","ملاحظات":null,"Length":0.283013698630137,"Field":"رئيسي","SHAPE_Length":238.29251085290946,"__networkId":"roads","__networkName":"الطرق والقطاعات","__layerId":"roads_lines","__layerName":"طرق المدينة","__assetName":"طرق المدينة","__geometryKind":"line","__featureIndex":171,"__length_m":238.29,"__typeValue":"تم التسليم"},"geometry":{"type":"LineString","coordinates":[[31.509361520650668,30.26678620367727],[31.509745163260742,30.266889212761427],[31.509887651360174,30.266936062310204],[31.510025732690156,30.266991894013163],[31.510158649424305,30.26705640143757],[31.51028567208347,30.2671292305322],[31.510406103532127,30.26720998157462],[31.51051928281429,30.267298211364615],[31.51062458877107,30.267393435653243],[31.51094697256698,30.26790206203721]]}},{"type":"Feature","properties":{"اسم_الحي":"حي 15","نوع_الطريق":"3","اسم_القطاع":"ABOR 7","موقف_التنفيذ":"جاري العمل ميدانيا","موقف_المتخلص":"3","ملاحظات":null,"Length":0.1752358490566038,"Field":"ثانوي","SHAPE_Length":37.34782565594852,"__networkId":"roads","__networkName":"الطرق والقطاعات","__layerId":"roads_lines","__layerName":"طرق المدينة","__assetName":"طرق المدينة","__geometryKind":"line","__featureIndex":172,"__length_m":37.35,"__typeValue":"جاري العمل ميدانيا"},"geometry":{"type":"LineString","coordinates":[[31.579155046875357,30.2515005805799],[31.579131509218275,30.25121148081513]]}},{"type":"Feature","properties":{"اسم_الحي":"حي 16","نوع_الطريق":"1","اسم_القطاع":"ABOR 9","موقف_التنفيذ":"جاري العمل ميدانيا","موقف_المتخلص":"3","ملاحظات":null,"Length":0.1752358490566038,"Field":"رئيسي","SHAPE_Length":1090.316259979547,"__networkId":"roads","__networkName":"الطرق والقطاعات","__layerId":"roads_lines","__layerName":"طرق المدينة","__assetName":"طرق المدينة","__geometryKind":"line","__featureIndex":173,"__length_m":1090.32,"__typeValue":"جاري العمل ميدانيا"},"geometry":{"type":"LineString","coordinates":[[31.56672561434617,30.250440488854217],[31.56616552285135,30.25888706032707]]}},{"type":"Feature","properties":{"اسم_الحي":"حي 39","نوع_الطريق":"1","اسم_القطاع":"ABOR 17","موقف_التنفيذ":"تم التسليم","موقف_المتخلص":"3","ملاحظات":null,"Length":0.283013698630137,"Field":"رئيسي","SHAPE_Length":650.0477811237097,"__networkId":"roads","__networkName":"الطرق والقطاعات","__layerId":"roads_lines","__layerName":"طرق المدينة","__assetName":"طرق المدينة","__geometryKind":"line","__featureIndex":174,"__length_m":650.05,"__typeValue":"تم التسليم"},"geometry":{"type":"LineString","coordinates":[[31.52863879891261,30.26947446354276],[31.526512035680827,30.27417131807271]]}},{"type":"Feature","properties":{"اسم_الحي":"حي 39","نوع_الطريق":"3","اسم_القطاع":"ABOR 12","موقف_التنفيذ":"تم التسليم","موقف_المتخلص":"3","ملاحظات":null,"Length":0.283013698630137,"Field":"ثانوي","SHAPE_Length":121.67456384995623,"__networkId":"roads","__networkName":"الطرق والقطاعات","__layerId":"roads_lines","__layerName":"طرق المدينة","__assetName":"طرق المدينة","__geometryKind":"line","__featureIndex":175,"__length_m":121.67,"__typeValue":"تم التسليم"},"geometry":{"type":"LineString","coordinates":[[31.52830730350477,30.276391460994372],[31.529326798825778,30.276731817264054]]}},{"type":"Feature","properties":{"اسم_الحي":"حي 39","نوع_الطريق":"2","اسم_القطاع":"ABOR 19","موقف_التنفيذ":"تم التسليم","موقف_المتخلص":"3","ملاحظات":null,"Length":0.283013698630137,"Field":"رئيسي","SHAPE_Length":146.2423732122931,"__networkId":"roads","__networkName":"الطرق والقطاعات","__layerId":"roads_lines","__layerName":"طرق المدينة","__assetName":"طرق المدينة","__geometryKind":"line","__featureIndex":176,"__length_m":146.24,"__typeValue":"تم التسليم"},"geometry":{"type":"LineString","coordinates":[[31.51660599144595,30.260387018643545],[31.516256341984572,30.260306600495493],[31.51544761658204,30.26008007721757],[31.515401930762636,30.260075129848808],[31.51537444103791,30.260078047406367],[31.51534804372267,30.260085288276105]]}},{"type":"Feature","properties":{"اسم_الحي":"حي 39","نوع_الطريق":"2","اسم_القطاع":"ABOR 20","موقف_التنفيذ":"تم التسليم","موقف_المتخلص":"3","ملاحظات":null,"Length":0.283013698630137,"Field":"رئيسي","SHAPE_Length":134.2289378425754,"__networkId":"roads","__networkName":"الطرق والقطاعات","__layerId":"roads_lines","__layerName":"طرق المدينة","__assetName":"طرق المدينة","__geometryKind":"line","__featureIndex":177,"__length_m":134.23,"__typeValue":"تم التسليم"},"geometry":{"type":"LineString","coordinates":[[31.51100846314646,30.26454738761164],[31.509854332822275,30.264245787961734]]}},{"type":"Feature","properties":{"اسم_الحي":"حي 39","نوع_الطريق":"2","اسم_القطاع":"ABOR 20","موقف_التنفيذ":"تم التسليم","موقف_المتخلص":"3","ملاحظات":null,"Length":0.283013698630137,"Field":"رئيسي","SHAPE_Length":66.75450270975986,"__networkId":"roads","__networkName":"الطرق والقطاعات","__layerId":"roads_lines","__layerName":"طرق المدينة","__assetName":"طرق المدينة","__geometryKind":"line","__featureIndex":178,"__length_m":66.75,"__typeValue":"تم التسليم"},"geometry":{"type":"LineString","coordinates":[[31.508987973307736,30.264560497684027],[31.509157927372996,30.264063797195913]]}},{"type":"Feature","properties":{"اسم_الحي":"حي 16","نوع_الطريق":"3","اسم_القطاع":"ABOR 9","موقف_التنفيذ":"جاري العمل ميدانيا","موقف_المتخلص":"3","ملاحظات":null,"Length":0.1752358490566038,"Field":"ثانوي","SHAPE_Length":52.98485393106727,"__networkId":"roads","__networkName":"الطرق والقطاعات","__layerId":"roads_lines","__layerName":"طرق المدينة","__assetName":"طرق المدينة","__geometryKind":"line","__featureIndex":179,"__length_m":52.98,"__typeValue":"جاري العمل ميدانيا"},"geometry":{"type":"LineString","coordinates":[[31.566268941398427,30.257329152188102],[31.56674411874268,30.257352885047602]]}},{"type":"Feature","properties":{"اسم_الحي":"حي 39","نوع_الطريق":"2","اسم_القطاع":"ABOR 19","موقف_التنفيذ":"تم التسليم","موقف_المتخلص":"3","ملاحظات":null,"Length":0.283013698630137,"Field":"رئيسي","SHAPE_Length":78.61239247237164,"__networkId":"roads","__networkName":"الطرق والقطاعات","__layerId":"roads_lines","__layerName":"طرق المدينة","__assetName":"طرق المدينة","__geometryKind":"line","__featureIndex":180,"__length_m":78.61,"__typeValue":"تم التسليم"},"geometry":{"type":"LineString","coordinates":[[31.519293125548618,30.26348610294094],[31.519394002949774,30.263486280805225],[31.519494797227487,30.263489821621448],[31.5195953581572,30.26349672011448],[31.519695535860272,30.263506966000673],[31.519795181032066,30.263520544007402],[31.51989414515825,30.26353743389901],[31.519992280740976,30.263557610497987]]}},{"type":"Feature","properties":{"اسم_الحي":"حي 39","نوع_الطريق":"3","اسم_القطاع":"ABOR 12","موقف_التنفيذ":"تم التسليم","موقف_المتخلص":"3","ملاحظات":null,"Length":0.283013698630137,"Field":"ثانوي","SHAPE_Length":139.9732446567272,"__networkId":"roads","__networkName":"الطرق والقطاعات","__layerId":"roads_lines","__layerName":"طرق المدينة","__assetName":"طرق المدينة","__geometryKind":"line","__featureIndex":181,"__length_m":139.97,"__typeValue":"تم التسليم"},"geometry":{"type":"LineString","coordinates":[[31.533458820062332,30.277413959128012],[31.532985949591726,30.278420125141288]]}},{"type":"Feature","properties":{"اسم_الحي":"حي 15","نوع_الطريق":"3","اسم_القطاع":"ABOR 7","موقف_التنفيذ":"جاري العمل ميدانيا","موقف_المتخلص":"3","ملاحظات":"محتاج النظر فيها","Length":0.1752358490566038,"Field":"ثانوي","SHAPE_Length":48.597830698990236,"__networkId":"roads","__networkName":"الطرق والقطاعات","__layerId":"roads_lines","__layerName":"طرق المدينة","__assetName":"طرق المدينة","__geometryKind":"line","__featureIndex":182,"__length_m":48.6,"__typeValue":"جاري العمل ميدانيا"},"geometry":{"type":"LineString","coordinates":[[31.580176158265544,30.25757479236037],[31.5802009823101,30.257198313310255]]}},{"type":"Feature","properties":{"اسم_الحي":"حي 15","نوع_الطريق":"2","اسم_القطاع":"ABOR 8","موقف_التنفيذ":"جاري العمل ميدانيا","موقف_المتخلص":"3","ملاحظات":null,"Length":0.1752358490566038,"Field":"رئيسي","SHAPE_Length":155.49970769278062,"__networkId":"roads","__networkName":"الطرق والقطاعات","__layerId":"roads_lines","__layerName":"طرق المدينة","__assetName":"طرق المدينة","__geometryKind":"line","__featureIndex":183,"__length_m":155.5,"__typeValue":"جاري العمل ميدانيا"},"geometry":{"type":"LineString","coordinates":[[31.573535878160687,30.254137851300285],[31.573615703355127,30.25293319401964]]}},{"type":"Feature","properties":{"اسم_الحي":"حي 15","نوع_الطريق":"3","اسم_القطاع":"ABOR 7","موقف_التنفيذ":"جاري العمل ميدانيا","موقف_المتخلص":"3","ملاحظات":"محتاج النظر فيها","Length":0.1752358490566038,"Field":"ثانوي","SHAPE_Length":46.93078638305107,"__networkId":"roads","__networkName":"الطرق والقطاعات","__layerId":"roads_lines","__layerName":"طرق المدينة","__assetName":"طرق المدينة","__geometryKind":"line","__featureIndex":184,"__length_m":46.93,"__typeValue":"جاري العمل ميدانيا"},"geometry":{"type":"LineString","coordinates":[[31.579873572440196,30.252800035330235],[31.579894469050338,30.252436311343914]]}},{"type":"Feature","properties":{"اسم_الحي":"حي 16","نوع_الطريق":"3","اسم_القطاع":"ABOR 10","موقف_التنفيذ":"جاري العمل مكتبيا","موقف_المتخلص":"3","ملاحظات":null,"Length":0.1752358490566038,"Field":"ثانوي","SHAPE_Length":57.90429535813036,"__networkId":"roads","__networkName":"الطرق والقطاعات","__layerId":"roads_lines","__layerName":"طرق المدينة","__assetName":"طرق المدينة","__geometryKind":"line","__featureIndex":185,"__length_m":57.9,"__typeValue":"جاري العمل مكتبيا"},"geometry":{"type":"LineString","coordinates":[[31.560496719522252,30.254263763010343],[31.560526518436873,30.25381518400775]]}},{"type":"Feature","properties":{"اسم_الحي":"حي 15","نوع_الطريق":"3","اسم_القطاع":"ABOR 8","موقف_التنفيذ":"جاري العمل ميدانيا","موقف_المتخلص":"3","ملاحظات":null,"Length":0.1752358490566038,"Field":"ثانوي","SHAPE_Length":46.84867848955665,"__networkId":"roads","__networkName":"الطرق والقطاعات","__layerId":"roads_lines","__layerName":"طرق المدينة","__assetName":"طرق المدينة","__geometryKind":"line","__featureIndex":186,"__length_m":46.85,"__typeValue":"جاري العمل ميدانيا"},"geometry":{"type":"LineString","coordinates":[[31.57688469782688,30.25309640981549],[31.576860519671005,30.25345934142098]]}},{"type":"Feature","properties":{"اسم_الحي":"حي 39","نوع_الطريق":"3","اسم_القطاع":"ABOR 14","موقف_التنفيذ":"تم التسليم","موقف_المتخلص":"3","ملاحظات":null,"Length":0.283013698630137,"Field":"ثانوي","SHAPE_Length":135.6370356395786,"__networkId":"roads","__networkName":"الطرق والقطاعات","__layerId":"roads_lines","__layerName":"طرق المدينة","__assetName":"طرق المدينة","__geometryKind":"line","__featureIndex":187,"__length_m":135.64,"__typeValue":"تم التسليم"},"geometry":{"type":"LineString","coordinates":[[31.512480301535536,30.27743622866676],[31.512644749826393,30.27639360604841]]}},{"type":"Feature","properties":{"اسم_الحي":"حي 16","نوع_الطريق":"3","اسم_القطاع":"ABOR 10","موقف_التنفيذ":"جاري العمل مكتبيا","موقف_المتخلص":"3","ملاحظات":null,"Length":0.1752358490566038,"Field":"ثانوي","SHAPE_Length":49.18035676809623,"__networkId":"roads","__networkName":"الطرق والقطاعات","__layerId":"roads_lines","__layerName":"طرق المدينة","__assetName":"طرق المدينة","__geometryKind":"line","__featureIndex":188,"__length_m":49.18,"__typeValue":"جاري العمل مكتبيا"},"geometry":{"type":"LineString","coordinates":[[31.559984126448093,30.2497677082425],[31.560009355632843,30.249386691477966]]}},{"type":"Feature","properties":{"اسم_الحي":"حي 15","نوع_الطريق":"3","اسم_القطاع":"ABOR 8","موقف_التنفيذ":"جاري العمل ميدانيا","موقف_المتخلص":"3","ملاحظات":null,"Length":0.1752358490566038,"Field":"ثانوي","SHAPE_Length":46.8546255569247,"__networkId":"roads","__networkName":"الطرق والقطاعات","__layerId":"roads_lines","__layerName":"طرق المدينة","__assetName":"طرق المدينة","__geometryKind":"line","__featureIndex":189,"__length_m":46.85,"__typeValue":"جاري العمل ميدانيا"},"geometry":{"type":"LineString","coordinates":[[31.57609848330705,30.25305716191082],[31.57607440576248,30.253420144875253]]}},{"type":"Feature","properties":{"اسم_الحي":"حي 15","نوع_الطريق":"3","اسم_القطاع":"ABOR 7","موقف_التنفيذ":"جاري العمل ميدانيا","موقف_المتخلص":"3","ملاحظات":null,"Length":0.1752358490566038,"Field":"ثانوي","SHAPE_Length":33.400687762172346,"__networkId":"roads","__networkName":"الطرق والقطاعات","__layerId":"roads_lines","__layerName":"طرق المدينة","__assetName":"طرق المدينة","__geometryKind":"line","__featureIndex":190,"__length_m":33.4,"__typeValue":"جاري العمل ميدانيا"},"geometry":{"type":"LineString","coordinates":[[31.588042756412566,30.253501252290537],[31.588029026561767,30.25376015943175]]}},{"type":"Feature","properties":{"اسم_الحي":"حي 39","نوع_الطريق":"2","اسم_القطاع":"ABOR 21","موقف_التنفيذ":"تم التسليم","موقف_المتخلص":"3","ملاحظات":null,"Length":0.283013698630137,"Field":"رئيسي","SHAPE_Length":156.4737395163269,"__networkId":"roads","__networkName":"الطرق والقطاعات","__layerId":"roads_lines","__layerName":"طرق المدينة","__assetName":"طرق المدينة","__geometryKind":"line","__featureIndex":191,"__length_m":156.47,"__typeValue":"تم التسليم"},"geometry":{"type":"LineString","coordinates":[[31.51094697256698,30.26790206203721],[31.50960157744405,30.268253633209273]]}},{"type":"Feature","properties":{"اسم_الحي":"حي 16","نوع_الطريق":"3","اسم_القطاع":"ABOR 9","موقف_التنفيذ":"جاري العمل ميدانيا","موقف_المتخلص":"3","ملاحظات":null,"Length":0.1752358490566038,"Field":"ثانوي","SHAPE_Length":46.04161432869868,"__networkId":"roads","__networkName":"الطرق والقطاعات","__layerId":"roads_lines","__layerName":"طرق المدينة","__assetName":"طرق المدينة","__geometryKind":"line","__featureIndex":192,"__length_m":46.04,"__typeValue":"جاري العمل ميدانيا"},"geometry":{"type":"LineString","coordinates":[[31.568168855766444,30.253461639842055],[31.567755945146104,30.253441037855122]]}},{"type":"Feature","properties":{"اسم_الحي":"حي 39","نوع_الطريق":"2","اسم_القطاع":"ABOR 19","موقف_التنفيذ":"تم التسليم","موقف_المتخلص":"3","ملاحظات":null,"Length":0.283013698630137,"Field":"رئيسي","SHAPE_Length":111.83609423579492,"__networkId":"roads","__networkName":"الطرق والقطاعات","__layerId":"roads_lines","__layerName":"طرق المدينة","__assetName":"طرق المدينة","__geometryKind":"line","__featureIndex":193,"__length_m":111.84,"__typeValue":"تم التسليم"},"geometry":{"type":"LineString","coordinates":[[31.522207718471105,30.262687001168384],[31.522153284158122,30.262839192355493],[31.52213470184195,30.262939107567522],[31.522121602559412,30.263039669091285],[31.52211401553236,30.263140652584553],[31.522111957689187,30.263241832762773],[31.522115433618584,30.26334298390246],[31.522124435567427,30.263443880348174],[31.522138943452926,30.263544297008643]]}},{"type":"Feature","properties":{"اسم_الحي":"حي 15","نوع_الطريق":"3","اسم_القطاع":"ABOR 7","موقف_التنفيذ":"جاري العمل ميدانيا","موقف_المتخلص":"3","ملاحظات":null,"Length":0.1752358490566038,"Field":"ثانوي","SHAPE_Length":33.658802660204614,"__networkId":"roads","__networkName":"الطرق والقطاعات","__layerId":"roads_lines","__layerName":"طرق المدينة","__assetName":"طرق المدينة","__geometryKind":"line","__featureIndex":194,"__length_m":33.66,"__typeValue":"جاري العمل ميدانيا"},"geometry":{"type":"LineString","coordinates":[[31.580111384343667,30.253972709737052],[31.58013010882746,30.253712030070794]]}},{"type":"Feature","properties":{"اسم_الحي":"حي 16","نوع_الطريق":"3","اسم_القطاع":"ABOR 10","موقف_التنفيذ":"جاري العمل مكتبيا","موقف_المتخلص":"3","ملاحظات":null,"Length":0.1752358490566038,"Field":"ثانوي","SHAPE_Length":46.271293181482214,"__networkId":"roads","__networkName":"الطرق والقطاعات","__layerId":"roads_lines","__layerName":"طرق المدينة","__assetName":"طرق المدينة","__geometryKind":"line","__featureIndex":195,"__length_m":46.27,"__typeValue":"جاري العمل مكتبيا"},"geometry":{"type":"LineString","coordinates":[[31.56349063548098,30.252644304880253],[31.563466791498392,30.253002767000204]]}},{"type":"Feature","properties":{"اسم_الحي":"حي 15","نوع_الطريق":"3","اسم_القطاع":"ABOR 7","موقف_التنفيذ":"جاري العمل ميدانيا","موقف_المتخلص":"3","ملاحظات":"محتاج النظر فيها","Length":0.1752358490566038,"Field":"ثانوي","SHAPE_Length":33.476316391396836,"__networkId":"roads","__networkName":"الطرق والقطاعات","__layerId":"roads_lines","__layerName":"طرق المدينة","__assetName":"طرق المدينة","__geometryKind":"line","__featureIndex":196,"__length_m":33.48,"__typeValue":"جاري العمل ميدانيا"},"geometry":{"type":"LineString","coordinates":[[31.586178493483224,30.253519530238233],[31.58616021186886,30.253778815227076]]}},{"type":"Feature","properties":{"اسم_الحي":"حي 15","نوع_الطريق":"3","اسم_القطاع":"ABOR 7","موقف_التنفيذ":"جاري العمل ميدانيا","موقف_المتخلص":"3","ملاحظات":"محتاج النظر فيها","Length":0.1752358490566038,"Field":"ثانوي","SHAPE_Length":33.47647701495957,"__networkId":"roads","__networkName":"الطرق والقطاعات","__layerId":"roads_lines","__layerName":"طرق المدينة","__assetName":"طرق المدينة","__geometryKind":"line","__featureIndex":197,"__length_m":33.48,"__typeValue":"جاري العمل ميدانيا"},"geometry":{"type":"LineString","coordinates":[[31.582403694505913,30.253331304849027],[31.582385403908415,30.253590591110672]]}},{"type":"Feature","properties":{"اسم_الحي":"حي 39","نوع_الطريق":"2","اسم_القطاع":"ABOR 19","موقف_التنفيذ":"تم التسليم","موقف_المتخلص":"3","ملاحظات":null,"Length":0.283013698630137,"Field":"رئيسي","SHAPE_Length":171.5948958311311,"__networkId":"roads","__networkName":"الطرق والقطاعات","__layerId":"roads_lines","__layerName":"طرق المدينة","__assetName":"طرق المدينة","__geometryKind":"line","__featureIndex":198,"__length_m":171.59,"__typeValue":"تم التسليم"},"geometry":{"type":"LineString","coordinates":[[31.520448592565952,30.265235638053685],[31.52018027028216,30.26440927669066],[31.52014964348619,30.264340391271748],[31.52012117870382,30.26429773588097],[31.520086779963858,30.264258477686255],[31.520046983827285,30.264223229051495],[31.520002411042444,30.264192539797804],[31.519959927305077,30.264169124601253],[31.519892310965233,30.264139982642],[31.519845104358087,30.264124742209653],[31.51978954355777,30.264111594836603]]}},{"type":"Feature","properties":{"اسم_الحي":"حي 39","نوع_الطريق":"2","اسم_القطاع":"ABOR 19","موقف_التنفيذ":"تم التسليم","موقف_المتخلص":"3","ملاحظات":null,"Length":0.283013698630137,"Field":"رئيسي","SHAPE_Length":129.06403512512665,"__networkId":"roads","__networkName":"الطرق والقطاعات","__layerId":"roads_lines","__layerName":"طرق المدينة","__assetName":"طرق المدينة","__geometryKind":"line","__featureIndex":199,"__length_m":129.06,"__typeValue":"تم التسليم"},"geometry":{"type":"LineString","coordinates":[[31.515924966052648,30.261828097155323],[31.514818783306733,30.2615281782996]]}},{"type":"Feature","properties":{"اسم_الحي":"حي 14","نوع_الطريق":"2","اسم_القطاع":"ABOR 3","موقف_التنفيذ":"تم التسليم","موقف_المتخلص":"2","ملاحظات":null,"Length":0.283013698630137,"Field":"رئيسي","SHAPE_Length":1638.7681244522078,"__networkId":"roads","__networkName":"الطرق والقطاعات","__layerId":"roads_lines","__layerName":"طرق المدينة","__assetName":"طرق المدينة","__geometryKind":"line","__featureIndex":200,"__length_m":1638.77,"__typeValue":"تم التسليم"},"geometry":{"type":"LineString","coordinates":[[31.557431325514717,30.269197029533085],[31.557191822660876,30.26967552610404],[31.55702577169663,30.26999067147245],[31.556897766899205,30.270225289352258],[31.55669998368573,30.27057481811425],[31.556537273924526,30.270851515560267],[31.556381145626258,30.271108568251734],[31.55617053392187,30.271444768071262],[31.55614454815903,30.271491902467453],[31.556114864946522,30.27155443981023],[31.556089737314547,30.271618448853964],[31.556069262326133,30.271683682345692],[31.556053519070765,30.271749888298302],[31.55604256836238,30.271816810972258],[31.556036452500564,30.271884191859257],[31.556035195110947,30.271951770680584],[31.55603880104782,30.272019286394293],[31.556047256384446,30.272086478201974],[31.55606052845806,30.27215308655813],[31.556078566003087,30.27221885417029],[31.55610151801016,30.272284127089073],[31.556129181214548,30.272348023010316],[31.55616144593248,30.272410288592063],[31.556198184235054,30.272470676954203],[31.55623925045433,30.27252894866219],[31.556284481765854,30.272584872672567],[31.556333698825863,30.272638227252227],[31.556386706490912,30.272688800857384],[31.55644329458488,30.27273639296569],[31.56129766371779,30.27656834284986],[31.561385760198995,30.276633388110838],[31.56152614032658,30.276721913801786],[31.561624704380122,30.276774579322456],[31.56172925405255,30.276822973036868],[31.561837123953335,30.2768655869721],[31.56194788619185,30.27690225209967],[31.562061101401873,30.27693282298242],[31.562176320487243,30.27695717836084],[31.562293086402686,30.276975221627378],[31.56241093596793,30.276986881212185],[31.56253059201608,30.276992111134753],[31.562650390903006,30.27699075361181],[31.562769846856046,30.276982814149196],[31.562888475488336,30.276968324939208],[31.563005795771264,30.27694734473003],[31.563121331981357,30.276919958593684],[31.563234615625007,30.276886277569783],[31.56334617099188,30.27684605281205],[31.563454519486104,30.27679974972011],[31.563559217588207,30.276747557825985],[31.563659836717843,30.276689690766343],[31.563755964996044,30.276626385407184],[31.563847208924336,30.27655790087943],[31.56393701568019,30.276481032676124],[31.564399611072552,30.276036641251284]]}},{"type":"Feature","properties":{"اسم_الحي":"حي 39","نوع_الطريق":"3","اسم_القطاع":"ABOR 16","موقف_التنفيذ":"تم التسليم","موقف_المتخلص":"3","ملاحظات":null,"Length":0.283013698630137,"Field":"ثانوي","SHAPE_Length":79.5885693702557,"__networkId":"roads","__networkName":"الطرق والقطاعات","__layerId":"roads_lines","__layerName":"طرق المدينة","__assetName":"طرق المدينة","__geometryKind":"line","__featureIndex":201,"__length_m":79.59,"__typeValue":"تم التسليم"},"geometry":{"type":"LineString","coordinates":[[31.534768744307932,30.27338828266733],[31.5347654025751,30.272770829924376]]}},{"type":"Feature","properties":{"اسم_الحي":"حي 39","نوع_الطريق":"2","اسم_القطاع":"ABOR 20","موقف_التنفيذ":"تم التسليم","موقف_المتخلص":"3","ملاحظات":null,"Length":0.283013698630137,"Field":"رئيسي","SHAPE_Length":70.84378521010683,"__networkId":"roads","__networkName":"الطرق والقطاعات","__layerId":"roads_lines","__layerName":"طرق المدينة","__assetName":"طرق المدينة","__geometryKind":"line","__featureIndex":202,"__length_m":70.84,"__typeValue":"تم التسليم"},"geometry":{"type":"LineString","coordinates":[[31.511420089175957,30.265262678113928],[31.510819027317684,30.2650820625361]]}},{"type":"Feature","properties":{"اسم_الحي":"حي 16","نوع_الطريق":"3","اسم_القطاع":"ABOR 10","موقف_التنفيذ":"جاري العمل مكتبيا","موقف_المتخلص":"3","ملاحظات":null,"Length":0.1752358490566038,"Field":"ثانوي","SHAPE_Length":46.853501472081504,"__networkId":"roads","__networkName":"الطرق والقطاعات","__layerId":"roads_lines","__layerName":"طرق المدينة","__assetName":"طرق المدينة","__geometryKind":"line","__featureIndex":203,"__length_m":46.85,"__typeValue":"جاري العمل مكتبيا"},"geometry":{"type":"LineString","coordinates":[[31.55925223305352,30.24973110671579],[31.55922806567744,30.250094088777733]]}},{"type":"Feature","properties":{"اسم_الحي":"حي 39","نوع_الطريق":"2","اسم_القطاع":"ABOR 17","موقف_التنفيذ":"تم التسليم","موقف_المتخلص":"3","ملاحظات":null,"Length":0.283013698630137,"Field":"رئيسي","SHAPE_Length":76.40770689106657,"__networkId":"roads","__networkName":"الطرق والقطاعات","__layerId":"roads_lines","__layerName":"طرق المدينة","__assetName":"طرق المدينة","__geometryKind":"line","__featureIndex":204,"__length_m":76.41,"__typeValue":"تم التسليم"},"geometry":{"type":"LineString","coordinates":[[31.520129705013144,30.267478559786518],[31.52030761096528,30.26805111457015]]}},{"type":"Feature","properties":{"اسم_الحي":"حي 39","نوع_الطريق":"1","اسم_القطاع":"ABOR 16","موقف_التنفيذ":"تم التسليم","موقف_المتخلص":"3","ملاحظات":null,"Length":0.283013698630137,"Field":"رئيسي","SHAPE_Length":512.7676906878037,"__networkId":"roads","__networkName":"الطرق والقطاعات","__layerId":"roads_lines","__layerName":"طرق المدينة","__assetName":"طرق المدينة","__geometryKind":"line","__featureIndex":205,"__length_m":512.77,"__typeValue":"تم التسليم"},"geometry":{"type":"LineString","coordinates":[[31.52863879891261,30.26947446354276],[31.533028599804783,30.26826922629004]]}},{"type":"Feature","properties":{"اسم_الحي":"حي 16","نوع_الطريق":"3","اسم_القطاع":"ABOR 10","موقف_التنفيذ":"جاري العمل مكتبيا","موقف_المتخلص":"3","ملاحظات":null,"Length":0.1752358490566038,"Field":"ثانوي","SHAPE_Length":57.904184063486596,"__networkId":"roads","__networkName":"الطرق والقطاعات","__layerId":"roads_lines","__layerName":"طرق المدينة","__assetName":"طرق المدينة","__geometryKind":"line","__featureIndex":206,"__length_m":57.9,"__typeValue":"جاري العمل مكتبيا"},"geometry":{"type":"LineString","coordinates":[[31.56101538430943,30.254289699568805],[31.56104518142742,30.25384112146063]]}},{"type":"Feature","properties":{"اسم_الحي":"حي 39","نوع_الطريق":"2","اسم_القطاع":"ABOR 14","موقف_التنفيذ":"تم التسليم","موقف_المتخلص":"3","ملاحظات":null,"Length":0.283013698630137,"Field":"رئيسي","SHAPE_Length":1068.3009229993113,"__networkId":"roads","__networkName":"الطرق والقطاعات","__layerId":"roads_lines","__layerName":"طرق المدينة","__assetName":"طرق المدينة","__geometryKind":"line","__featureIndex":207,"__length_m":1068.3,"__typeValue":"تم التسليم"},"geometry":{"type":"LineString","coordinates":[[31.5091811380433,30.273402698801963],[31.509242816823587,30.27300022882746],[31.509243659410735,30.272933427346345],[31.50923501169565,30.272867040633432],[31.509217004179312,30.272802070507144],[31.50890866733951,30.271930322781618],[31.50889622165529,30.271876120979375],[31.508896771822812,30.27182086569933],[31.508904369595026,30.27178458035234],[31.50891760347373,30.271749522486612],[31.508947457971626,30.271700649367602],[31.50898817583839,30.27165802601067],[31.509038062373207,30.271623426432697],[31.50907540161993,30.271605544501114],[31.509115207091334,30.271592208291196],[31.512312989415538,30.270740026411357],[31.512375647290092,30.270729332224107],[31.512439513580023,30.270729900241868],[31.5124814351395,30.27073654349856],[31.512521914235343,30.27074806695776],[31.512560193004845,30.270764254875523],[31.512595554784,30.270784804172433],[31.51262733752025,30.270809330117096],[31.512654946167828,30.27083737352643],[31.512677863829154,30.270868409359828],[31.512695661435576,30.27090185655431],[31.513256093801406,30.27248416677873],[31.513274254036475,30.272549678055675],[31.513282976520067,30.272616618012176],[31.513282129623715,30.272683976483084],[31.51327811600062,30.2727174948377],[31.51309903774704,30.273866742507508]]}},{"type":"Feature","properties":{"اسم_الحي":"حي 15","نوع_الطريق":"3","اسم_القطاع":"ABOR 7","موقف_التنفيذ":"جاري العمل ميدانيا","موقف_المتخلص":"3","ملاحظات":null,"Length":0.1752358490566038,"Field":"ثانوي","SHAPE_Length":45.80862910188357,"__networkId":"roads","__networkName":"الطرق والقطاعات","__layerId":"roads_lines","__layerName":"طرق المدينة","__assetName":"طرق المدينة","__geometryKind":"line","__featureIndex":208,"__length_m":45.81,"__typeValue":"جاري العمل ميدانيا"},"geometry":{"type":"LineString","coordinates":[[31.58077534713647,30.256328629951923],[31.581186038918084,30.25635097798871]]}},{"type":"Feature","properties":{"اسم_الحي":"حي 15","نوع_الطريق":"2","اسم_القطاع":"ABOR 8","موقف_التنفيذ":"جاري العمل ميدانيا","موقف_المتخلص":"3","ملاحظات":null,"Length":0.1752358490566038,"Field":"رئيسي","SHAPE_Length":510.3081143677644,"__networkId":"roads","__networkName":"الطرق والقطاعات","__layerId":"roads_lines","__layerName":"طرق المدينة","__assetName":"طرق المدينة","__geometryKind":"line","__featureIndex":209,"__length_m":510.31,"__typeValue":"جاري العمل ميدانيا"},"geometry":{"type":"LineString","coordinates":[[31.572576276214626,30.259207610532343],[31.57283775423426,30.255254374830436]]}},{"type":"Feature","properties":{"اسم_الحي":"حي 39","نوع_الطريق":"3","اسم_القطاع":"ABOR 16","موقف_التنفيذ":"تم التسليم","موقف_المتخلص":"3","ملاحظات":null,"Length":0.283013698630137,"Field":"ثانوي","SHAPE_Length":165.98780515336273,"__networkId":"roads","__networkName":"الطرق والقطاعات","__layerId":"roads_lines","__layerName":"طرق المدينة","__assetName":"طرق المدينة","__geometryKind":"line","__featureIndex":210,"__length_m":165.99,"__typeValue":"تم التسليم"},"geometry":{"type":"LineString","coordinates":[[31.53304356394077,30.27104315311749],[31.531552489926547,30.271049791121968]]}},{"type":"Feature","properties":{"اسم_الحي":"حي 15","نوع_الطريق":"2","اسم_القطاع":"ABOR 7","موقف_التنفيذ":"جاري العمل ميدانيا","موقف_المتخلص":"3","ملاحظات":null,"Length":0.1752358490566038,"Field":"رئيسي","SHAPE_Length":161.07889982585155,"__networkId":"roads","__networkName":"الطرق والقطاعات","__layerId":"roads_lines","__layerName":"طرق المدينة","__assetName":"طرق المدينة","__geometryKind":"line","__featureIndex":211,"__length_m":161.08,"__typeValue":"جاري العمل ميدانيا"},"geometry":{"type":"LineString","coordinates":[[31.5886566048906,30.257589650773028],[31.587212003420948,30.257517770300126]]}},{"type":"Feature","properties":{"اسم_الحي":"حي 16","نوع_الطريق":"3","اسم_القطاع":"ABOR 9","موقف_التنفيذ":"جاري العمل ميدانيا","موقف_المتخلص":"3","ملاحظات":null,"Length":0.1752358490566038,"Field":"ثانوي","SHAPE_Length":52.99617730250393,"__networkId":"roads","__networkName":"الطرق والقطاعات","__layerId":"roads_lines","__layerName":"طرق المدينة","__assetName":"طرق المدينة","__geometryKind":"line","__featureIndex":212,"__length_m":53.0,"__typeValue":"جاري العمل ميدانيا"},"geometry":{"type":"LineString","coordinates":[[31.566586627903714,30.252538553296137],[31.567061910350862,30.252562239202597]]}},{"type":"Feature","properties":{"اسم_الحي":"حي 39","نوع_الطريق":"3","اسم_القطاع":"ABOR 16","موقف_التنفيذ":"تم التسليم","موقف_المتخلص":"3","ملاحظات":null,"Length":0.283013698630137,"Field":"ثانوي","SHAPE_Length":76.81397117399752,"__networkId":"roads","__networkName":"الطرق والقطاعات","__layerId":"roads_lines","__layerName":"طرق المدينة","__assetName":"طرق المدينة","__geometryKind":"line","__featureIndex":213,"__length_m":76.81,"__typeValue":"تم التسليم"},"geometry":{"type":"LineString","coordinates":[[31.534673013543053,30.265856747545264],[31.535338311232376,30.265698611644137]]}},{"type":"Feature","properties":{"اسم_الحي":"حي 39","نوع_الطريق":"3","اسم_القطاع":"ABOR 17","موقف_التنفيذ":"تم التسليم","موقف_المتخلص":"3","ملاحظات":null,"Length":0.283013698630137,"Field":"ثانوي","SHAPE_Length":130.48442035961455,"__networkId":"roads","__networkName":"الطرق والقطاعات","__layerId":"roads_lines","__layerName":"طرق المدينة","__assetName":"طرق المدينة","__geometryKind":"line","__featureIndex":214,"__length_m":130.48,"__typeValue":"تم التسليم"},"geometry":{"type":"LineString","coordinates":[[31.525881091364603,30.2676028910401],[31.526213682717103,30.26857365163981]]}},{"type":"Feature","properties":{"اسم_الحي":"حي 39","نوع_الطريق":"2","اسم_القطاع":"ABOR 22","موقف_التنفيذ":"تم التسليم","موقف_المتخلص":"3","ملاحظات":null,"Length":0.283013698630137,"Field":"رئيسي","SHAPE_Length":189.7548227369981,"__networkId":"roads","__networkName":"الطرق والقطاعات","__layerId":"roads_lines","__layerName":"طرق المدينة","__assetName":"طرق المدينة","__geometryKind":"line","__featureIndex":215,"__length_m":189.75,"__typeValue":"تم التسليم"},"geometry":{"type":"LineString","coordinates":[[31.49455070910049,30.270426445165565],[31.496018758395675,30.26967825472862]]}},{"type":"Feature","properties":{"اسم_الحي":"حي 15","نوع_الطريق":"3","اسم_القطاع":"ABOR 8","موقف_التنفيذ":"جاري العمل ميدانيا","موقف_المتخلص":"3","ملاحظات":null,"Length":0.1752358490566038,"Field":"ثانوي","SHAPE_Length":45.08777082104235,"__networkId":"roads","__networkName":"الطرق والقطاعات","__layerId":"roads_lines","__layerName":"طرق المدينة","__assetName":"طرق المدينة","__geometryKind":"line","__featureIndex":216,"__length_m":45.09,"__typeValue":"جاري العمل ميدانيا"},"geometry":{"type":"LineString","coordinates":[[31.575170994335767,30.25301085729351],[31.575147818699747,30.253360152317562]]}},{"type":"Feature","properties":{"اسم_الحي":"حي 15","نوع_الطريق":"2","اسم_القطاع":"ABOR 7","موقف_التنفيذ":"جاري العمل ميدانيا","موقف_المتخلص":"3","ملاحظات":null,"Length":0.1752358490566038,"Field":"رئيسي","SHAPE_Length":154.25936213838565,"__networkId":"roads","__networkName":"الطرق والقطاعات","__layerId":"roads_lines","__layerName":"طرق المدينة","__assetName":"طرق المدينة","__geometryKind":"line","__featureIndex":217,"__length_m":154.26,"__typeValue":"جاري العمل ميدانيا"},"geometry":{"type":"LineString","coordinates":[[31.58309405878491,30.253365737750126],[31.58317302429163,30.252170669091697]]}},{"type":"Feature","properties":{"اسم_الحي":"حي 39","نوع_الطريق":"2","اسم_القطاع":"ABOR 19","موقف_التنفيذ":"تم التسليم","موقف_المتخلص":"3","ملاحظات":null,"Length":0.283013698630137,"Field":"رئيسي","SHAPE_Length":303.02128690706434,"__networkId":"roads","__networkName":"الطرق والقطاعات","__layerId":"roads_lines","__layerName":"طرق المدينة","__assetName":"طرق المدينة","__geometryKind":"line","__featureIndex":218,"__length_m":303.02,"__typeValue":"تم التسليم"},"geometry":{"type":"LineString","coordinates":[[31.52195620725953,30.265504464848107],[31.52125091926872,30.26323366134232]]}},{"type":"Feature","properties":{"اسم_الحي":"حي 16","نوع_الطريق":"3","اسم_القطاع":"ABOR 9","موقف_التنفيذ":"جاري العمل ميدانيا","موقف_المتخلص":"3","ملاحظات":null,"Length":0.1752358490566038,"Field":"ثانوي","SHAPE_Length":46.21343013433031,"__networkId":"roads","__networkName":"الطرق والقطاعات","__layerId":"roads_lines","__layerName":"طرق المدينة","__assetName":"طرق المدينة","__geometryKind":"line","__featureIndex":219,"__length_m":46.21,"__typeValue":"جاري العمل ميدانيا"},"geometry":{"type":"LineString","coordinates":[[31.568255521631816,30.252153930436652],[31.567841266233483,30.25213050205707]]}},{"type":"Feature","properties":{"اسم_الحي":"حي 39","نوع_الطريق":"3","اسم_القطاع":"ABOR 14","موقف_التنفيذ":"تم التسليم","موقف_المتخلص":"3","ملاحظات":null,"Length":0.283013698630137,"Field":"ثانوي","SHAPE_Length":138.6314145296596,"__networkId":"roads","__networkName":"الطرق والقطاعات","__layerId":"roads_lines","__layerName":"طرق المدينة","__assetName":"طرق المدينة","__geometryKind":"line","__featureIndex":220,"__length_m":138.63,"__typeValue":"تم التسليم"},"geometry":{"type":"LineString","coordinates":[[31.513702287003046,30.277579972033102],[31.513870364487637,30.276514333340405]]}},{"type":"Feature","properties":{"اسم_الحي":"حي 39","نوع_الطريق":"2","اسم_القطاع":"ABOR 17","موقف_التنفيذ":"تم التسليم","موقف_المتخلص":"3","ملاحظات":null,"Length":0.283013698630137,"Field":"رئيسي","SHAPE_Length":74.79800596631371,"__networkId":"roads","__networkName":"الطرق والقطاعات","__layerId":"roads_lines","__layerName":"طرق المدينة","__assetName":"طرق المدينة","__geometryKind":"line","__featureIndex":221,"__length_m":74.8,"__typeValue":"تم التسليم"},"geometry":{"type":"LineString","coordinates":[[31.522519752776592,30.269557349894765],[31.52316826634315,30.269405508940295]]}},{"type":"Feature","properties":{"اسم_الحي":"حي 16","نوع_الطريق":"1","اسم_القطاع":"ABOR 11","موقف_التنفيذ":"جاري العمل مكتبيا","موقف_المتخلص":"3","ملاحظات":null,"Length":1.72,"Field":"رئيسي","SHAPE_Length":1504.4888958368724,"__networkId":"roads","__networkName":"الطرق والقطاعات","__layerId":"roads_lines","__layerName":"طرق المدينة","__assetName":"طرق المدينة","__geometryKind":"line","__featureIndex":222,"__length_m":1504.49,"__typeValue":"جاري العمل مكتبيا"},"geometry":{"type":"LineString","coordinates":[[31.55268713385308,30.25821208503427],[31.55281265794689,30.256345778643265],[31.552959534488263,30.25422976961919],[31.55302852563989,30.253481437823083],[31.553129711669474,30.252735836800923],[31.5532629523691,30.251993999768512],[31.55342806311343,30.251256954744832],[31.553624815118535,30.250525723132125],[31.553852935755643,30.249801318300634],[31.554112108930408,30.249084744181545],[31.55519385300902,30.246841712771168]]}},{"type":"Feature","properties":{"اسم_الحي":"حي 16","نوع_الطريق":"3","اسم_القطاع":"ABOR 10","موقف_التنفيذ":"جاري العمل مكتبيا","موقف_المتخلص":"3","ملاحظات":null,"Length":0.1752358490566038,"Field":"ثانوي","SHAPE_Length":48.35358263532095,"__networkId":"roads","__networkName":"الطرق والقطاعات","__layerId":"roads_lines","__layerName":"طرق المدينة","__assetName":"طرق المدينة","__geometryKind":"line","__featureIndex":223,"__length_m":48.35,"__typeValue":"جاري العمل مكتبيا"},"geometry":{"type":"LineString","coordinates":[[31.561678251157574,30.250587125067895],[31.56211188860648,30.25060887224131]]}},{"type":"Feature","properties":{"اسم_الحي":"حي 15","نوع_الطريق":"1","اسم_القطاع":"ABOR 7","موقف_التنفيذ":"جاري العمل ميدانيا","موقف_المتخلص":"3","ملاحظات":null,"Length":0.1752358490566038,"Field":"رئيسي","SHAPE_Length":153.0630798430586,"__networkId":"roads","__networkName":"الطرق والقطاعات","__layerId":"roads_lines","__layerName":"طرق المدينة","__assetName":"طرق المدينة","__geometryKind":"line","__featureIndex":224,"__length_m":153.06,"__typeValue":"جاري العمل ميدانيا"},"geometry":{"type":"LineString","coordinates":[[31.57728208016923,30.256073596908756],[31.577203497344808,30.257259339402754]]}},{"type":"Feature","properties":{"اسم_الحي":"حي 39","نوع_الطريق":"1","اسم_القطاع":"ABOR 17","موقف_التنفيذ":"تم التسليم","موقف_المتخلص":"3","ملاحظات":null,"Length":0.283013698630137,"Field":"رئيسي","SHAPE_Length":293.3798948650628,"__networkId":"roads","__networkName":"الطرق والقطاعات","__layerId":"roads_lines","__layerName":"طرق المدينة","__assetName":"طرق المدينة","__geometryKind":"line","__featureIndex":225,"__length_m":293.38,"__typeValue":"تم التسليم"},"geometry":{"type":"LineString","coordinates":[[31.52567580206768,30.271414571897704],[31.524715991712455,30.273534358618644]]}},{"type":"Feature","properties":{"اسم_الحي":"حي 15","نوع_الطريق":"3","اسم_القطاع":"ABOR 7","موقف_التنفيذ":"جاري العمل ميدانيا","موقف_المتخلص":"3","ملاحظات":null,"Length":0.1752358490566038,"Field":"ثانوي","SHAPE_Length":45.4636118833727,"__networkId":"roads","__networkName":"الطرق والقطاعات","__layerId":"roads_lines","__layerName":"طرق المدينة","__assetName":"طرق المدينة","__geometryKind":"line","__featureIndex":226,"__length_m":45.46,"__typeValue":"جاري العمل ميدانيا"},"geometry":{"type":"LineString","coordinates":[[31.583117981819246,30.253003701271563],[31.582710252681462,30.252983390178503]]}},{"type":"Feature","properties":{"اسم_الحي":"حي 15","نوع_الطريق":"3","اسم_القطاع":"ABOR 7","موقف_التنفيذ":"جاري العمل ميدانيا","موقف_المتخلص":"3","ملاحظات":null,"Length":0.1752358490566038,"Field":"ثانوي","SHAPE_Length":33.47527972313511,"__networkId":"roads","__networkName":"الطرق والقطاعات","__layerId":"roads_lines","__layerName":"طرق المدينة","__assetName":"طرق المدينة","__geometryKind":"line","__featureIndex":227,"__length_m":33.48,"__typeValue":"جاري العمل ميدانيا"},"geometry":{"type":"LineString","coordinates":[[31.583336701827974,30.251121050344523],[31.583316720601132,30.250861859995346]]}},{"type":"Feature","properties":{"اسم_الحي":"حي 39","نوع_الطريق":"2","اسم_القطاع":"ABOR 20","موقف_التنفيذ":"تم التسليم","موقف_المتخلص":"3","ملاحظات":null,"Length":0.283013698630137,"Field":"رئيسي","SHAPE_Length":71.4854719264121,"__networkId":"roads","__networkName":"الطرق والقطاعات","__layerId":"roads_lines","__layerName":"طرق المدينة","__assetName":"طرق المدينة","__geometryKind":"line","__featureIndex":228,"__length_m":71.49,"__typeValue":"تم التسليم"},"geometry":{"type":"LineString","coordinates":[[31.51106464288604,30.262425874436],[31.51167638930629,30.26259456005062]]}},{"type":"Feature","properties":{"اسم_الحي":"حي 39","نوع_الطريق":"1","اسم_القطاع":"ABOR 15","موقف_التنفيذ":"تم التسليم","موقف_المتخلص":"3","ملاحظات":null,"Length":0.283013698630137,"Field":"رئيسي","SHAPE_Length":324.5204232206063,"__networkId":"roads","__networkName":"الطرق والقطاعات","__layerId":"roads_lines","__layerName":"طرق المدينة","__assetName":"طرق المدينة","__geometryKind":"line","__featureIndex":229,"__length_m":324.52,"__typeValue":"تم التسليم"},"geometry":{"type":"LineString","coordinates":[[31.505174558451326,30.274039453521645],[31.504849883951454,30.276541409859142]]}},{"type":"Feature","properties":{"اسم_الحي":"حي 39","نوع_الطريق":"1","اسم_القطاع":"ABOR 17","موقف_التنفيذ":"تم التسليم","موقف_المتخلص":"3","ملاحظات":null,"Length":0.283013698630137,"Field":"رئيسي","SHAPE_Length":176.48211366283752,"__networkId":"roads","__networkName":"الطرق والقطاعات","__layerId":"roads_lines","__layerName":"طرق المدينة","__assetName":"طرق المدينة","__geometryKind":"line","__featureIndex":230,"__length_m":176.48,"__typeValue":"تم التسليم"},"geometry":{"type":"LineString","coordinates":[[31.523399245660563,30.271591513926925],[31.52281232687812,30.272863415848285]]}},{"type":"Feature","properties":{"اسم_الحي":"حي 15","نوع_الطريق":"3","اسم_القطاع":"ABOR 8","موقف_التنفيذ":"جاري العمل ميدانيا","موقف_المتخلص":"3","ملاحظات":null,"Length":0.1752358490566038,"Field":"ثانوي","SHAPE_Length":40.40641703856115,"__networkId":"roads","__networkName":"الطرق والقطاعات","__layerId":"roads_lines","__layerName":"طرق المدينة","__assetName":"طرق المدينة","__geometryKind":"line","__featureIndex":231,"__length_m":40.41,"__typeValue":"جاري العمل ميدانيا"},"geometry":{"type":"LineString","coordinates":[[31.57618191164412,30.254269883030002],[31.576162635594766,30.25458297890929]]}},{"type":"Feature","properties":{"اسم_الحي":"حي 39","نوع_الطريق":"2","اسم_القطاع":"ABOR 21","موقف_التنفيذ":"تم التسليم","موقف_المتخلص":"3","ملاحظات":null,"Length":0.283013698630137,"Field":"رئيسي","SHAPE_Length":131.19942657917164,"__networkId":"roads","__networkName":"الطرق والقطاعات","__layerId":"roads_lines","__layerName":"طرق المدينة","__assetName":"طرق المدينة","__geometryKind":"line","__featureIndex":232,"__length_m":131.2,"__typeValue":"تم التسليم"},"geometry":{"type":"LineString","coordinates":[[31.508085584163812,30.26803314268592],[31.508032182372762,30.267929891431997],[31.507986179110095,30.267824016756073],[31.507947746016757,30.2677159136781],[31.507917026490446,30.267605985531084],[31.50789413514695,30.267494642458804],[31.507879157394985,30.267382299884755],[31.507872149119265,30.267269376964865],[31.50787313646626,30.26715629502123],[31.507882115751972,30.2670434759696]]}},{"type":"Feature","properties":{"اسم_الحي":"حي 39","نوع_الطريق":"2","اسم_القطاع":"ABOR 17","موقف_التنفيذ":"تم التسليم","موقف_المتخلص":"3","ملاحظات":null,"Length":0.283013698630137,"Field":"رئيسي","SHAPE_Length":256.0234386097018,"__networkId":"roads","__networkName":"الطرق والقطاعات","__layerId":"roads_lines","__layerName":"طرق المدينة","__assetName":"طرق المدينة","__geometryKind":"line","__featureIndex":233,"__length_m":256.02,"__typeValue":"تم التسليم"},"geometry":{"type":"LineString","coordinates":[[31.52148043163728,30.2682910021341],[31.520468247704382,30.26856808336499],[31.519286497778435,30.26888697424009]]}},{"type":"Feature","properties":{"اسم_الحي":"حي 39","نوع_الطريق":"2","اسم_القطاع":"ABOR 19","موقف_التنفيذ":"تم التسليم","موقف_المتخلص":"3","ملاحظات":null,"Length":0.283013698630137,"Field":"رئيسي","SHAPE_Length":91.88123858496081,"__networkId":"roads","__networkName":"الطرق والقطاعات","__layerId":"roads_lines","__layerName":"طرق المدينة","__assetName":"طرق المدينة","__geometryKind":"line","__featureIndex":234,"__length_m":91.88,"__typeValue":"تم التسليم"},"geometry":{"type":"LineString","coordinates":[[31.52250401429285,30.262022004483672],[31.522410680194632,30.26220905107964],[31.522366594946668,30.26230350757066],[31.522283643252134,30.262494168662254],[31.522207718471105,30.262687001168384]]}},{"type":"Feature","properties":{"اسم_الحي":"حي 39","نوع_الطريق":"2","اسم_القطاع":"ABOR 17","موقف_التنفيذ":"تم التسليم","موقف_المتخلص":"3","ملاحظات":null,"Length":0.283013698630137,"Field":"رئيسي","SHAPE_Length":249.39694873007352,"__networkId":"roads","__networkName":"الطرق والقطاعات","__layerId":"roads_lines","__layerName":"طرق المدينة","__assetName":"طرق المدينة","__geometryKind":"line","__featureIndex":235,"__length_m":249.4,"__typeValue":"تم التسليم"},"geometry":{"type":"LineString","coordinates":[[31.519872408651164,30.268728870374364],[31.520139390648552,30.269588083323775],[31.52017930564632,30.269733358548617],[31.520209349004848,30.269880395810954],[31.520229418582378,30.270028695198082],[31.520239446144874,30.27017775250719],[31.520239397598885,30.270327060959556],[31.520229273110395,30.2704761129291],[31.520209107101124,30.270624401657685]]}},{"type":"Feature","properties":{"اسم_الحي":"حي 39","نوع_الطريق":"2","اسم_القطاع":"ABOR 20","موقف_التنفيذ":"تم التسليم","موقف_المتخلص":"3","ملاحظات":null,"Length":0.283013698630137,"Field":"رئيسي","SHAPE_Length":79.34175042047664,"__networkId":"roads","__networkName":"الطرق والقطاعات","__layerId":"roads_lines","__layerName":"طرق المدينة","__assetName":"طرق المدينة","__geometryKind":"line","__featureIndex":236,"__length_m":79.34,"__typeValue":"تم التسليم"},"geometry":{"type":"LineString","coordinates":[[31.51167638930629,30.26259456005062],[31.51235536833741,30.262781779972812]]}},{"type":"Feature","properties":{"اسم_الحي":"حي 15","نوع_الطريق":"2","اسم_القطاع":"ABOR 7","موقف_التنفيذ":"جاري العمل ميدانيا","موقف_المتخلص":"3","ملاحظات":null,"Length":0.1752358490566038,"Field":"رئيسي","SHAPE_Length":157.1773530515746,"__networkId":"roads","__networkName":"الطرق والقطاعات","__layerId":"roads_lines","__layerName":"طرق المدينة","__assetName":"طرق المدينة","__geometryKind":"line","__featureIndex":237,"__length_m":157.18,"__typeValue":"جاري العمل ميدانيا"},"geometry":{"type":"LineString","coordinates":[[31.58545641687806,30.253483533813217],[31.585536962521374,30.252265864657694]]}},{"type":"Feature","properties":{"اسم_الحي":"حي 39","نوع_الطريق":"2","اسم_القطاع":"ABOR 17","موقف_التنفيذ":"تم التسليم","موقف_المتخلص":"3","ملاحظات":null,"Length":0.283013698630137,"Field":"رئيسي","SHAPE_Length":110.0711200382425,"__networkId":"roads","__networkName":"الطرق والقطاعات","__layerId":"roads_lines","__layerName":"طرق المدينة","__assetName":"طرق المدينة","__geometryKind":"line","__featureIndex":238,"__length_m":110.07,"__typeValue":"تم التسليم"},"geometry":{"type":"LineString","coordinates":[[31.525881091364603,30.2676028910401],[31.5249444674252,30.267876600793787]]}},{"type":"Feature","properties":{"اسم_الحي":"حي 16","نوع_الطريق":"2","اسم_القطاع":"ABOR 10","موقف_التنفيذ":"جاري العمل مكتبيا","موقف_المتخلص":"3","ملاحظات":null,"Length":0.1752358490566038,"Field":"رئيسي","SHAPE_Length":116.02437414615531,"__networkId":"roads","__networkName":"الطرق والقطاعات","__layerId":"roads_lines","__layerName":"طرق المدينة","__assetName":"طرق المدينة","__geometryKind":"line","__featureIndex":239,"__length_m":116.02,"__typeValue":"جاري العمل مكتبيا"},"geometry":{"type":"LineString","coordinates":[[31.564086202344676,30.250657310415264],[31.564443883643037,30.249811644490215]]}},{"type":"Feature","properties":{"اسم_الحي":"حي 16","نوع_الطريق":"2","اسم_القطاع":"ABOR 10","موقف_التنفيذ":"جاري العمل مكتبيا","موقف_المتخلص":"3","ملاحظات":null,"Length":0.1752358490566038,"Field":"رئيسي","SHAPE_Length":234.84448332024886,"__networkId":"roads","__networkName":"الطرق والقطاعات","__layerId":"roads_lines","__layerName":"طرق المدينة","__assetName":"طرق المدينة","__geometryKind":"line","__featureIndex":240,"__length_m":234.84,"__typeValue":"جاري العمل مكتبيا"},"geometry":{"type":"LineString","coordinates":[[31.563085342574226,30.25179908672941],[31.562964454489826,30.253618427416697]]}},{"type":"Feature","properties":{"اسم_الحي":"حي 15","نوع_الطريق":"3","اسم_القطاع":"ABOR 7","موقف_التنفيذ":"جاري العمل ميدانيا","موقف_المتخلص":"3","ملاحظات":"محتاج النظر فيها","Length":0.1752358490566038,"Field":"ثانوي","SHAPE_Length":46.159107624227175,"__networkId":"roads","__networkName":"الطرق والقطاعات","__layerId":"roads_lines","__layerName":"طرق المدينة","__assetName":"طرق المدينة","__geometryKind":"line","__featureIndex":241,"__length_m":46.16,"__typeValue":"جاري العمل ميدانيا"},"geometry":{"type":"LineString","coordinates":[[31.581082571861963,30.253256377901938],[31.581496657478713,30.253275130789305]]}},{"type":"Feature","properties":{"اسم_الحي":"حي 39","نوع_الطريق":"2","اسم_القطاع":"ABOR 15","موقف_التنفيذ":"تم التسليم","موقف_المتخلص":"3","ملاحظات":"remove","Length":0.283013698630137,"Field":"رئيسي","SHAPE_Length":407.89797723127253,"__networkId":"roads","__networkName":"الطرق والقطاعات","__layerId":"roads_lines","__layerName":"طرق المدينة","__assetName":"طرق المدينة","__geometryKind":"line","__featureIndex":242,"__length_m":407.9,"__typeValue":"تم التسليم"},"geometry":{"type":"LineString","coordinates":[[31.498166266422324,30.27529753626389],[31.49452970918411,30.275685571187957]]}},{"type":"Feature","properties":{"اسم_الحي":"حي 15","نوع_الطريق":"3","اسم_القطاع":"ABOR 7","موقف_التنفيذ":"جاري العمل ميدانيا","موقف_المتخلص":"3","ملاحظات":null,"Length":0.1752358490566038,"Field":"ثانوي","SHAPE_Length":46.27882724547431,"__networkId":"roads","__networkName":"الطرق والقطاعات","__layerId":"roads_lines","__layerName":"طرق المدينة","__assetName":"طرق المدينة","__geometryKind":"line","__featureIndex":243,"__length_m":46.28,"__typeValue":"جاري العمل ميدانيا"},"geometry":{"type":"LineString","coordinates":[[31.585366245786446,30.25884017340926],[31.585342504211823,30.259198676544134]]}},{"type":"Feature","properties":{"اسم_الحي":"حي 14","نوع_الطريق":"1","اسم_القطاع":"ABOR 2","موقف_التنفيذ":"تم التسليم","موقف_المتخلص":"2","ملاحظات":null,"Length":0.283013698630137,"Field":"رئيسي","SHAPE_Length":2412.394447766777,"__networkId":"roads","__networkName":"الطرق والقطاعات","__layerId":"roads_lines","__layerName":"طرق المدينة","__assetName":"طرق المدينة","__geometryKind":"line","__featureIndex":244,"__length_m":2412.39,"__typeValue":"تم التسليم"},"geometry":{"type":"LineString","coordinates":[[31.556253453615877,30.262930663374863],[31.55782271609413,30.263098783272152],[31.55907771734326,30.263267278413192],[31.560316972922134,30.263501939632448],[31.561537336930552,30.263802088329687],[31.562734218977436,30.264166594992137],[31.563903121198194,30.264594090248327],[31.565039649034393,30.265082967209242],[31.5661395300986,30.26563138691443],[31.567198629445542,30.26623728998739],[31.56817757032302,30.266875326360843],[31.568281658115005,30.266949169899902],[31.569120925338876,30.267569503555816],[31.56920211327762,30.26763178164396],[31.570032576113373,30.268326173056444],[31.570162738404775,30.26844270283161],[31.570951205899323,30.269188087143544],[31.57410918207669,30.27236351676635]]}},{"type":"Feature","properties":{"اسم_الحي":"حي 15","نوع_الطريق":"3","اسم_القطاع":"ABOR 8","موقف_التنفيذ":"جاري العمل ميدانيا","موقف_المتخلص":"3","ملاحظات":null,"Length":0.1752358490566038,"Field":"ثانوي","SHAPE_Length":39.96425970915255,"__networkId":"roads","__networkName":"الطرق والقطاعات","__layerId":"roads_lines","__layerName":"طرق المدينة","__assetName":"طرق المدينة","__geometryKind":"line","__featureIndex":245,"__length_m":39.96,"__typeValue":"جاري العمل ميدانيا"},"geometry":{"type":"LineString","coordinates":[[31.57616907921028,30.2554206060059],[31.57614858684203,30.255730204108332]]}},{"type":"Feature","properties":{"اسم_الحي":"حي 16","نوع_الطريق":"3","اسم_القطاع":"ABOR 10","موقف_التنفيذ":"جاري العمل مكتبيا","موقف_المتخلص":"3","ملاحظات":null,"Length":0.1752358490566038,"Field":"ثانوي","SHAPE_Length":31.773769198201563,"__networkId":"roads","__networkName":"الطرق والقطاعات","__layerId":"roads_lines","__layerName":"طرق المدينة","__assetName":"طرق المدينة","__geometryKind":"line","__featureIndex":246,"__length_m":31.77,"__typeValue":"جاري العمل مكتبيا"},"geometry":{"type":"LineString","coordinates":[[31.563013260857527,30.252883926675786],[31.562728310757826,30.252869655739502]]}},{"type":"Feature","properties":{"اسم_الحي":"حي 39","نوع_الطريق":"2","اسم_القطاع":"ABOR 21","موقف_التنفيذ":"تم التسليم","موقف_المتخلص":"3","ملاحظات":null,"Length":0.283013698630137,"Field":"رئيسي","SHAPE_Length":198.1643421835344,"__networkId":"roads","__networkName":"الطرق والقطاعات","__layerId":"roads_lines","__layerName":"طرق المدينة","__assetName":"طرق المدينة","__geometryKind":"line","__featureIndex":247,"__length_m":198.16,"__typeValue":"تم التسليم"},"geometry":{"type":"LineString","coordinates":[[31.5065926605184,30.269076840988127],[31.50829418824416,30.268624997372342]]}},{"type":"Feature","properties":{"اسم_الحي":"حي 39","نوع_الطريق":"2","اسم_القطاع":"ABOR 19","موقف_التنفيذ":"تم التسليم","موقف_المتخلص":"3","ملاحظات":null,"Length":0.283013698630137,"Field":"رئيسي","SHAPE_Length":171.06374370350028,"__networkId":"roads","__networkName":"الطرق والقطاعات","__layerId":"roads_lines","__layerName":"طرق المدينة","__assetName":"طرق المدينة","__geometryKind":"line","__featureIndex":248,"__length_m":171.06,"__typeValue":"تم التسليم"},"geometry":{"type":"LineString","coordinates":[[31.51506927223551,30.26095345172584],[31.514818783306733,30.2615281782996],[31.514553171240156,30.26143644526929],[31.514459391616064,30.26140841565053],[31.51436095086879,30.261395319594076],[31.514291206412796,30.261395564775007],[31.514222872979534,30.261407623448644],[31.514179418183055,30.261422012635293],[31.514039085165983,30.26147785693116]]}},{"type":"Feature","properties":{"اسم_الحي":"حي 39","نوع_الطريق":"3","اسم_القطاع":"ABOR 16","موقف_التنفيذ":"تم التسليم","موقف_المتخلص":"3","ملاحظات":null,"Length":0.283013698630137,"Field":"ثانوي","SHAPE_Length":76.30024968242657,"__networkId":"roads","__networkName":"الطرق والقطاعات","__layerId":"roads_lines","__layerName":"طرق المدينة","__assetName":"طرق المدينة","__geometryKind":"line","__featureIndex":249,"__length_m":76.3,"__typeValue":"تم التسليم"},"geometry":{"type":"LineString","coordinates":[[31.534673013543053,30.265856747545264],[31.53401216431105,30.26601382257721]]}},{"type":"Feature","properties":{"اسم_الحي":"حي 39","نوع_الطريق":"2","اسم_القطاع":"ABOR 20","موقف_التنفيذ":"تم التسليم","موقف_المتخلص":"3","ملاحظات":null,"Length":0.283013698630137,"Field":"رئيسي","SHAPE_Length":66.51056253476663,"__networkId":"roads","__networkName":"الطرق والقطاعات","__layerId":"roads_lines","__layerName":"طرق المدينة","__assetName":"طرق المدينة","__geometryKind":"line","__featureIndex":250,"__length_m":66.51,"__typeValue":"تم التسليم"},"geometry":{"type":"LineString","coordinates":[[31.50965974964689,30.26473369758237],[31.509854332822275,30.264245787961734]]}},{"type":"Feature","properties":{"اسم_الحي":"حي 16","نوع_الطريق":"2","اسم_القطاع":"ABOR 10","موقف_التنفيذ":"جاري العمل مكتبيا","موقف_المتخلص":"3","ملاحظات":null,"Length":0.1752358490566038,"Field":"رئيسي","SHAPE_Length":394.56904404145723,"__networkId":"roads","__networkName":"الطرق والقطاعات","__layerId":"roads_lines","__layerName":"طرق المدينة","__assetName":"طرق المدينة","__geometryKind":"line","__featureIndex":251,"__length_m":394.57,"__typeValue":"جاري العمل مكتبيا"},"geometry":{"type":"LineString","coordinates":[[31.56662387834359,30.25197624490971],[31.563085342574226,30.25179908672941]]}},{"type":"Feature","properties":{"اسم_الحي":"حي 39","نوع_الطريق":"3","اسم_القطاع":"ABOR 14","موقف_التنفيذ":"تم التسليم","موقف_المتخلص":"3","ملاحظات":null,"Length":0.283013698630137,"Field":"ثانوي","SHAPE_Length":123.26525234534269,"__networkId":"roads","__networkName":"الطرق والقطاعات","__layerId":"roads_lines","__layerName":"طرق المدينة","__assetName":"طرق المدينة","__geometryKind":"line","__featureIndex":252,"__length_m":123.27,"__typeValue":"تم التسليم"},"geometry":{"type":"LineString","coordinates":[[31.5149895620254,30.272446445676454],[31.515407979318454,30.2715610278378]]}},{"type":"Feature","properties":{"اسم_الحي":"حي 39","نوع_الطريق":"2","اسم_القطاع":"ABOR 16","موقف_التنفيذ":"تم التسليم","موقف_المتخلص":"3","ملاحظات":null,"Length":0.283013698630137,"Field":"رئيسي","SHAPE_Length":251.7025725913082,"__networkId":"roads","__networkName":"الطرق والقطاعات","__layerId":"roads_lines","__layerName":"طرق المدينة","__assetName":"طرق المدينة","__geometryKind":"line","__featureIndex":253,"__length_m":251.7,"__typeValue":"تم التسليم"},"geometry":{"type":"LineString","coordinates":[[31.52919280521969,30.275130670774796],[31.53003636189904,30.27331893437395]]}},{"type":"Feature","properties":{"اسم_الحي":"حي 39","نوع_الطريق":"2","اسم_القطاع":"ABOR 19","موقف_التنفيذ":"تم التسليم","موقف_المتخلص":"3","ملاحظات":null,"Length":0.283013698630137,"Field":"رئيسي","SHAPE_Length":73.09859183785767,"__networkId":"roads","__networkName":"الطرق والقطاعات","__layerId":"roads_lines","__layerName":"طرق المدينة","__assetName":"طرق المدينة","__geometryKind":"line","__featureIndex":254,"__length_m":73.1,"__typeValue":"تم التسليم"},"geometry":{"type":"LineString","coordinates":[[31.52313083803685,30.26219076450257],[31.52308903852834,30.262181892857782],[31.52250401429285,30.262022004483672]]}},{"type":"Feature","properties":{"اسم_الحي":"حي 16","نوع_الطريق":"3","اسم_القطاع":"ABOR 9","موقف_التنفيذ":"جاري العمل ميدانيا","موقف_المتخلص":"3","ملاحظات":null,"Length":0.1752358490566038,"Field":"ثانوي","SHAPE_Length":52.99387509145503,"__networkId":"roads","__networkName":"الطرق والقطاعات","__layerId":"roads_lines","__layerName":"طرق المدينة","__assetName":"طرق المدينة","__geometryKind":"line","__featureIndex":255,"__length_m":52.99,"__typeValue":"جاري العمل ميدانيا"},"geometry":{"type":"LineString","coordinates":[[31.566614047181123,30.25212465116913],[31.567089308967038,30.252148336399397]]}},{"type":"Feature","properties":{"اسم_الحي":"حي 15","نوع_الطريق":"3","اسم_القطاع":"ABOR 7","موقف_التنفيذ":"جاري العمل ميدانيا","موقف_المتخلص":"3","ملاحظات":null,"Length":0.1752358490566038,"Field":"ثانوي","SHAPE_Length":46.274612787952364,"__networkId":"roads","__networkName":"الطرق والقطاعات","__layerId":"roads_lines","__layerName":"طرق المدينة","__assetName":"طرق المدينة","__geometryKind":"line","__featureIndex":256,"__length_m":46.27,"__typeValue":"جاري العمل ميدانيا"},"geometry":{"type":"LineString","coordinates":[[31.587536648276423,30.25109757283136],[31.587502882401523,30.25073967333677]]}},{"type":"Feature","properties":{"اسم_الحي":"حي 39","نوع_الطريق":"2","اسم_القطاع":"ABOR 15","موقف_التنفيذ":"تم التسليم","موقف_المتخلص":"3","ملاحظات":"remove","Length":0.283013698630137,"Field":"رئيسي","SHAPE_Length":147.62830520121886,"__networkId":"roads","__networkName":"الطرق والقطاعات","__layerId":"roads_lines","__layerName":"طرق المدينة","__assetName":"طرق المدينة","__geometryKind":"line","__featureIndex":257,"__length_m":147.63,"__typeValue":"تم التسليم"},"geometry":{"type":"LineString","coordinates":[[31.49592107289674,30.276691112570777],[31.495760260087845,30.27555427810461]]}},{"type":"Feature","properties":{"اسم_الحي":"حي 15","نوع_الطريق":"3","اسم_القطاع":"ABOR 7","موقف_التنفيذ":"جاري العمل ميدانيا","موقف_المتخلص":"3","ملاحظات":null,"Length":0.1752358490566038,"Field":"ثانوي","SHAPE_Length":45.555230198995744,"__networkId":"roads","__networkName":"الطرق والقطاعات","__layerId":"roads_lines","__layerName":"طرق المدينة","__assetName":"طرق المدينة","__geometryKind":"line","__featureIndex":258,"__length_m":45.56,"__typeValue":"جاري العمل ميدانيا"},"geometry":{"type":"LineString","coordinates":[[31.587534769899158,30.253801662014613],[31.587128690068244,30.25384543583316]]}},{"type":"Feature","properties":{"اسم_الحي":"حي 39","نوع_الطريق":"2","اسم_القطاع":"ABOR 14","موقف_التنفيذ":"تم التسليم","موقف_المتخلص":"3","ملاحظات":null,"Length":0.283013698630137,"Field":"رئيسي","SHAPE_Length":331.47248375550635,"__networkId":"roads","__networkName":"الطرق والقطاعات","__layerId":"roads_lines","__layerName":"طرق المدينة","__assetName":"طرق المدينة","__geometryKind":"line","__featureIndex":259,"__length_m":331.47,"__typeValue":"تم التسليم"},"geometry":{"type":"LineString","coordinates":[[31.515750824939882,30.272714770167855],[31.512993922282377,30.271743033411916]]}},{"type":"Feature","properties":{"اسم_الحي":"حي 13","نوع_الطريق":"2","اسم_القطاع":"ABOR 5","موقف_التنفيذ":"تم التسليم","موقف_المتخلص":"3","ملاحظات":null,"Length":0.283013698630137,"Field":"رئيسي","SHAPE_Length":143.8508073457767,"__networkId":"roads","__networkName":"الطرق والقطاعات","__layerId":"roads_lines","__layerName":"طرق المدينة","__assetName":"طرق المدينة","__geometryKind":"line","__featureIndex":260,"__length_m":143.85,"__typeValue":"تم التسليم"},"geometry":{"type":"LineString","coordinates":[[31.55506572091016,30.278599582002094],[31.554546968986397,30.279099659554742],[31.554514950850677,30.279126631560672],[31.554478961537537,30.279149567976223],[31.554419028813417,30.279175485487666],[31.554376203057192,30.279186632134525],[31.554332014293077,30.27919261531297],[31.55428729317651,30.27919332255531],[31.554242880370293,30.27918874056417],[31.554178660065066,30.27917216550671],[31.554138619378055,30.279154950315515],[31.554084596228204,30.279120687484554]]}},{"type":"Feature","properties":{"اسم_الحي":"حي 15","نوع_الطريق":"3","اسم_القطاع":"ABOR 7","موقف_التنفيذ":"جاري العمل ميدانيا","موقف_المتخلص":"3","ملاحظات":null,"Length":0.1752358490566038,"Field":"ثانوي","SHAPE_Length":50.67538688218638,"__networkId":"roads","__networkName":"الطرق والقطاعات","__layerId":"roads_lines","__layerName":"طرق المدينة","__assetName":"طرق المدينة","__geometryKind":"line","__featureIndex":261,"__length_m":50.68,"__typeValue":"جاري العمل ميدانيا"},"geometry":{"type":"LineString","coordinates":[[31.58760147699556,30.252359517487154],[31.58714700312364,30.25233694118062]]}},{"type":"Feature","properties":{"اسم_الحي":"حي 15","نوع_الطريق":"3","اسم_القطاع":"ABOR 7","موقف_التنفيذ":"جاري العمل ميدانيا","موقف_المتخلص":"3","ملاحظات":null,"Length":0.1752358490566038,"Field":"ثانوي","SHAPE_Length":39.16020478875052,"__networkId":"roads","__networkName":"الطرق والقطاعات","__layerId":"roads_lines","__layerName":"طرق المدينة","__assetName":"طرق المدينة","__geometryKind":"line","__featureIndex":262,"__length_m":39.16,"__typeValue":"جاري العمل ميدانيا"},"geometry":{"type":"LineString","coordinates":[[31.589442406185395,30.25355718799867],[31.589426311968765,30.253860740214567]]}},{"type":"Feature","properties":{"اسم_الحي":"حي 15","نوع_الطريق":"3","اسم_القطاع":"ABOR 8","موقف_التنفيذ":"جاري العمل ميدانيا","موقف_المتخلص":"3","ملاحظات":null,"Length":0.1752358490566038,"Field":"ثانوي","SHAPE_Length":68.06855117906146,"__networkId":"roads","__networkName":"الطرق والقطاعات","__layerId":"roads_lines","__layerName":"طرق المدينة","__assetName":"طرق المدينة","__geometryKind":"line","__featureIndex":263,"__length_m":68.07,"__typeValue":"جاري العمل ميدانيا"},"geometry":{"type":"LineString","coordinates":[[31.569998506607924,30.25631277891254],[31.570567825597333,30.25650548432823]]}},{"type":"Feature","properties":{"اسم_الحي":"حي 16","نوع_الطريق":"3","اسم_القطاع":"ABOR 10","موقف_التنفيذ":"جاري العمل مكتبيا","موقف_المتخلص":"3","ملاحظات":null,"Length":0.1752358490566038,"Field":"ثانوي","SHAPE_Length":55.08058246028581,"__networkId":"roads","__networkName":"الطرق والقطاعات","__layerId":"roads_lines","__layerName":"طرق المدينة","__assetName":"طرق المدينة","__geometryKind":"line","__featureIndex":264,"__length_m":55.08,"__typeValue":"جاري العمل مكتبيا"},"geometry":{"type":"LineString","coordinates":[[31.566596687238277,30.252386710080437],[31.56610273779951,30.252361699537257]]}},{"type":"Feature","properties":{"اسم_الحي":"حي 39","نوع_الطريق":"1","اسم_القطاع":"ABOR 16","موقف_التنفيذ":"تم التسليم","موقف_المتخلص":"3","ملاحظات":null,"Length":0.283013698630137,"Field":"رئيسي","SHAPE_Length":410.9640914903539,"__networkId":"roads","__networkName":"الطرق والقطاعات","__layerId":"roads_lines","__layerName":"طرق المدينة","__assetName":"طرق المدينة","__geometryKind":"line","__featureIndex":265,"__length_m":410.96,"__typeValue":"تم التسليم"},"geometry":{"type":"LineString","coordinates":[[31.536719414387854,30.268341122944594],[31.533028599804783,30.26826922629004]]}},{"type":"Feature","properties":{"اسم_الحي":"حي 15","نوع_الطريق":"3","اسم_القطاع":"ABOR 7","موقف_التنفيذ":"جاري العمل ميدانيا","موقف_المتخلص":"3","ملاحظات":null,"Length":0.1752358490566038,"Field":"ثانوي","SHAPE_Length":46.27621588965733,"__networkId":"roads","__networkName":"الطرق والقطاعات","__layerId":"roads_lines","__layerName":"طرق المدينة","__assetName":"طرق المدينة","__geometryKind":"line","__featureIndex":266,"__length_m":46.28,"__typeValue":"جاري العمل ميدانيا"},"geometry":{"type":"LineString","coordinates":[[31.58887317253591,30.252154990424838],[31.588854181252508,30.252513708850636]]}},{"type":"Feature","properties":{"اسم_الحي":"حي 39","نوع_الطريق":"2","اسم_القطاع":"ABOR 22","موقف_التنفيذ":"تم التسليم","موقف_المتخلص":"3","ملاحظات":null,"Length":0.283013698630137,"Field":"رئيسي","SHAPE_Length":155.6305293572566,"__networkId":"roads","__networkName":"الطرق والقطاعات","__layerId":"roads_lines","__layerName":"طرق المدينة","__assetName":"طرق المدينة","__geometryKind":"line","__featureIndex":267,"__length_m":155.63,"__typeValue":"تم التسليم"},"geometry":{"type":"LineString","coordinates":[[31.493157334059926,30.27266107119229],[31.491822700754092,30.273020602248494]]}},{"type":"Feature","properties":{"اسم_الحي":"حي 15","نوع_الطريق":"3","اسم_القطاع":"ABOR 7","موقف_التنفيذ":"جاري العمل ميدانيا","موقف_المتخلص":"3","ملاحظات":"محتاج النظر فيها","Length":0.1752358490566038,"Field":"ثانوي","SHAPE_Length":45.46750556865748,"__networkId":"roads","__networkName":"الطرق والقطاعات","__layerId":"roads_lines","__layerName":"طرق المدينة","__assetName":"طرق المدينة","__geometryKind":"line","__featureIndex":268,"__length_m":45.47,"__typeValue":"جاري العمل ميدانيا"},"geometry":{"type":"LineString","coordinates":[[31.585480365065216,30.25312149854478],[31.585888126542365,30.25314184995981]]}},{"type":"Feature","properties":{"اسم_الحي":"حي 39","نوع_الطريق":"3","اسم_القطاع":"ABOR 13","موقف_التنفيذ":"تم التسليم","موقف_المتخلص":"3","ملاحظات":null,"Length":0.283013698630137,"Field":"ثانوي","SHAPE_Length":139.60680132441922,"__networkId":"roads","__networkName":"الطرق والقطاعات","__layerId":"roads_lines","__layerName":"طرق المدينة","__assetName":"طرق المدينة","__geometryKind":"line","__featureIndex":269,"__length_m":139.61,"__typeValue":"تم التسليم"},"geometry":{"type":"LineString","coordinates":[[31.517001347189016,30.275502840573754],[31.518244035230566,30.27564867676084]]}},{"type":"Feature","properties":{"اسم_الحي":"حي 39","نوع_الطريق":"1","اسم_القطاع":"ABOR 18","موقف_التنفيذ":"تم التسليم","موقف_المتخلص":"3","ملاحظات":null,"Length":0.283013698630137,"Field":"رئيسي","SHAPE_Length":825.1762952174373,"__networkId":"roads","__networkName":"الطرق والقطاعات","__layerId":"roads_lines","__layerName":"طرق المدينة","__assetName":"طرق المدينة","__geometryKind":"line","__featureIndex":270,"__length_m":825.18,"__typeValue":"تم التسليم"},"geometry":{"type":"LineString","coordinates":[[31.531232298019916,30.26216262104171],[31.532143252600097,30.26078498830647],[31.53221549702688,30.26068003478378],[31.53229583254422,30.260579564701192],[31.532383887664047,30.260484042670683],[31.532479255199956,30.26039391042283],[31.532581494151586,30.260309584763128],[31.532690131741436,30.260231455649027],[31.532804665605852,30.26015988438088],[31.532924566115625,30.260095201936597],[31.533049278822944,30.26003770743592],[31.53317822702721,30.259987666758125],[31.5333108144458,30.25994531131393],[31.533446427963,30.25991083697638],[31.533584440471675,30.259884403167856],[31.53421004160856,30.25978417383743],[31.534350310271446,30.25976598709547],[31.53449169168132,30.25975614141852],[31.53463352180615,30.259754683054908],[31.534775134503665,30.259761618852988],[31.53491586465433,30.25977691623502],[31.53505505128286,30.25980050334929],[31.535192040665954,30.259832269407386],[31.53532618939713,30.259872065204185],[31.535456867412986,30.259919703817754],[31.535583460952083,30.259974961492443],[31.53570537543389,30.26003757868204],[31.536527966332812,30.260493354575935],[31.537091653783715,30.260491048560304]]}},{"type":"Feature","properties":{"اسم_الحي":"حي 15","نوع_الطريق":"3","اسم_القطاع":"ABOR 7","موقف_التنفيذ":"جاري العمل ميدانيا","موقف_المتخلص":"3","ملاحظات":null,"Length":0.1752358490566038,"Field":"ثانوي","SHAPE_Length":33.47529965094324,"__networkId":"roads","__networkName":"الطرق والقطاعات","__layerId":"roads_lines","__layerName":"طرق المدينة","__assetName":"طرق المدينة","__geometryKind":"line","__featureIndex":271,"__length_m":33.48,"__typeValue":"جاري العمل ميدانيا"},"geometry":{"type":"LineString","coordinates":[[31.584096616371212,30.25107438941204],[31.584076632449417,30.250815198939826]]}},{"type":"Feature","properties":{"اسم_الحي":"حي 16","نوع_الطريق":"3","اسم_القطاع":"ABOR 10","موقف_التنفيذ":"جاري العمل مكتبيا","موقف_المتخلص":"3","ملاحظات":null,"Length":0.1752358490566038,"Field":"ثانوي","SHAPE_Length":46.34298010103693,"__networkId":"roads","__networkName":"الطرق والقطاعات","__layerId":"roads_lines","__layerName":"طرق المدينة","__assetName":"طرق المدينة","__geometryKind":"line","__featureIndex":272,"__length_m":46.34,"__typeValue":"جاري العمل مكتبيا"},"geometry":{"type":"LineString","coordinates":[[31.56360512486562,30.250486508341677],[31.563766859346007,30.250155137907768]]}},{"type":"Feature","properties":{"اسم_الحي":"حي 15","نوع_الطريق":"3","اسم_القطاع":"ABOR 8","موقف_التنفيذ":"جاري العمل ميدانيا","موقف_المتخلص":"3","ملاحظات":null,"Length":0.1752358490566038,"Field":"ثانوي","SHAPE_Length":68.06842158864899,"__networkId":"roads","__networkName":"الطرق والقطاعات","__layerId":"roads_lines","__layerName":"طرق المدينة","__assetName":"طرق المدينة","__geometryKind":"line","__featureIndex":273,"__length_m":68.07,"__typeValue":"جاري العمل ميدانيا"},"geometry":{"type":"LineString","coordinates":[[31.570188332305545,30.255890170233542],[31.570757650396658,30.256082875702397]]}},{"type":"Feature","properties":{"اسم_الحي":"حي 39","نوع_الطريق":"3","اسم_القطاع":"ABOR 13","موقف_التنفيذ":"تم التسليم","موقف_المتخلص":"3","ملاحظات":null,"Length":0.283013698630137,"Field":"ثانوي","SHAPE_Length":140.623497929152,"__networkId":"roads","__networkName":"الطرق والقطاعات","__layerId":"roads_lines","__layerName":"طرق المدينة","__assetName":"طرق المدينة","__geometryKind":"line","__featureIndex":274,"__length_m":140.62,"__typeValue":"تم التسليم"},"geometry":{"type":"LineString","coordinates":[[31.521804314721415,30.278523142187275],[31.5219418054689,30.277438700301307]]}},{"type":"Feature","properties":{"اسم_الحي":"حي 39","نوع_الطريق":"2","اسم_القطاع":"ABOR 20","موقف_التنفيذ":"تم التسليم","موقف_المتخلص":"3","ملاحظات":null,"Length":0.283013698630137,"Field":"رئيسي","SHAPE_Length":72.0333644189827,"__networkId":"roads","__networkName":"الطرق والقطاعات","__layerId":"roads_lines","__layerName":"طرق المدينة","__assetName":"طرق المدينة","__geometryKind":"line","__featureIndex":275,"__length_m":72.03,"__typeValue":"تم التسليم"},"geometry":{"type":"LineString","coordinates":[[31.51140362036187,30.26343277755191],[31.510782946484294,30.263274726198595]]}},{"type":"Feature","properties":{"اسم_الحي":"حي 15","نوع_الطريق":"3","اسم_القطاع":"ABOR 7","موقف_التنفيذ":"جاري العمل ميدانيا","موقف_المتخلص":"3","ملاحظات":null,"Length":0.1752358490566038,"Field":"ثانوي","SHAPE_Length":46.341638349257074,"__networkId":"roads","__networkName":"الطرق والقطاعات","__layerId":"roads_lines","__layerName":"طرق المدينة","__assetName":"طرق المدينة","__geometryKind":"line","__featureIndex":276,"__length_m":46.34,"__typeValue":"جاري العمل ميدانيا"},"geometry":{"type":"LineString","coordinates":[[31.57948427044383,30.255497077776948],[31.57950925528684,30.255138135906844]]}},{"type":"Feature","properties":{"اسم_الحي":"حي 39","نوع_الطريق":"2","اسم_القطاع":"ABOR 20","موقف_التنفيذ":"تم التسليم","موقف_المتخلص":"3","ملاحظات":null,"Length":0.283013698630137,"Field":"رئيسي","SHAPE_Length":62.841790263116316,"__networkId":"roads","__networkName":"الطرق والقطاعات","__layerId":"roads_lines","__layerName":"طرق المدينة","__assetName":"طرق المدينة","__geometryKind":"line","__featureIndex":277,"__length_m":62.84,"__typeValue":"تم التسليم"},"geometry":{"type":"LineString","coordinates":[[31.50747014566772,30.26413212165207],[31.507632143354495,30.263665047862656]]}},{"type":"Feature","properties":{"اسم_الحي":"حي 39","نوع_الطريق":"2","اسم_القطاع":"ABOR 20","موقف_التنفيذ":"تم التسليم","موقف_المتخلص":"3","ملاحظات":null,"Length":0.283013698630137,"Field":"رئيسي","SHAPE_Length":111.47722966475366,"__networkId":"roads","__networkName":"الطرق والقطاعات","__layerId":"roads_lines","__layerName":"طرق المدينة","__assetName":"طرق المدينة","__geometryKind":"line","__featureIndex":278,"__length_m":111.48,"__typeValue":"تم التسليم"},"geometry":{"type":"LineString","coordinates":[[31.51235536833741,30.262781779972812],[31.51205357841939,30.263606511699454]]}},{"type":"Feature","properties":{"اسم_الحي":"حي 15","نوع_الطريق":"2","اسم_القطاع":"ABOR 8","موقف_التنفيذ":"جاري العمل ميدانيا","موقف_المتخلص":"3","ملاحظات":null,"Length":0.1752358490566038,"Field":"رئيسي","SHAPE_Length":499.956708171179,"__networkId":"roads","__networkName":"الطرق والقطاعات","__layerId":"roads_lines","__layerName":"طرق المدينة","__assetName":"طرق المدينة","__geometryKind":"line","__featureIndex":279,"__length_m":499.96,"__typeValue":"جاري العمل ميدانيا"},"geometry":{"type":"LineString","coordinates":[[31.572798366702298,30.25584988056772],[31.57728208016923,30.256073596908756]]}},{"type":"Feature","properties":{"اسم_الحي":"حي 15","نوع_الطريق":"2","اسم_القطاع":"ABOR 7","موقف_التنفيذ":"جاري العمل ميدانيا","موقف_المتخلص":"3","ملاحظات":null,"Length":0.1752358490566038,"Field":"رئيسي","SHAPE_Length":268.2255601410337,"__networkId":"roads","__networkName":"الطرق والقطاعات","__layerId":"roads_lines","__layerName":"طرق المدينة","__assetName":"طرق المدينة","__geometryKind":"line","__featureIndex":280,"__length_m":268.23,"__typeValue":"جاري العمل ميدانيا"},"geometry":{"type":"LineString","coordinates":[[31.58435504910206,30.25221827464603],[31.586761947463625,30.252315178094207]]}},{"type":"Feature","properties":{"اسم_الحي":"حي 13","نوع_الطريق":"2","اسم_القطاع":"ABOR 5","موقف_التنفيذ":"تم التسليم","موقف_المتخلص":"3","ملاحظات":null,"Length":0.283013698630137,"Field":"رئيسي","SHAPE_Length":429.61474418049454,"__networkId":"roads","__networkName":"الطرق والقطاعات","__layerId":"roads_lines","__layerName":"طرق المدينة","__assetName":"طرق المدينة","__geometryKind":"line","__featureIndex":281,"__length_m":429.61,"__typeValue":"تم التسليم"},"geometry":{"type":"LineString","coordinates":[[31.55542206910863,30.280166514490475],[31.55828226454908,30.282404025598645]]}},{"type":"Feature","properties":{"اسم_الحي":"حي 39","نوع_الطريق":"2","اسم_القطاع":"ABOR 22","موقف_التنفيذ":"تم التسليم","موقف_المتخلص":"3","ملاحظات":null,"Length":0.283013698630137,"Field":"رئيسي","SHAPE_Length":76.76923141645639,"__networkId":"roads","__networkName":"الطرق والقطاعات","__layerId":"roads_lines","__layerName":"طرق المدينة","__assetName":"طرق المدينة","__geometryKind":"line","__featureIndex":282,"__length_m":76.77,"__typeValue":"تم التسليم"},"geometry":{"type":"LineString","coordinates":[[31.49680209830659,30.271717448256858],[31.49661878808972,30.27114327785571]]}},{"type":"Feature","properties":{"اسم_الحي":"حي 16","نوع_الطريق":"2","اسم_القطاع":"ABOR 10","موقف_التنفيذ":"جاري العمل مكتبيا","موقف_المتخلص":"3","ملاحظات":null,"Length":0.1752358490566038,"Field":"رئيسي","SHAPE_Length":224.75274879769665,"__networkId":"roads","__networkName":"الطرق والقطاعات","__layerId":"roads_lines","__layerName":"طرق المدينة","__assetName":"طرق المدينة","__geometryKind":"line","__featureIndex":283,"__length_m":224.75,"__typeValue":"جاري العمل مكتبيا"},"geometry":{"type":"LineString","coordinates":[[31.56303071153024,30.252621272365346],[31.56504631633045,30.252722198071226]]}},{"type":"Feature","properties":{"اسم_الحي":"حي 15","نوع_الطريق":"3","اسم_القطاع":"ABOR 7","موقف_التنفيذ":"جاري العمل ميدانيا","موقف_المتخلص":"3","ملاحظات":null,"Length":0.1752358490566038,"Field":"ثانوي","SHAPE_Length":50.55916489616177,"__networkId":"roads","__networkName":"الطرق والقطاعات","__layerId":"roads_lines","__layerName":"طرق المدينة","__assetName":"طرق المدينة","__geometryKind":"line","__featureIndex":284,"__length_m":50.56,"__typeValue":"جاري العمل ميدانيا"},"geometry":{"type":"LineString","coordinates":[[31.58967359391197,30.2546555273035],[31.590114833803113,30.254748510529925]]}},{"type":"Feature","properties":{"اسم_الحي":"حي 39","نوع_الطريق":"1","اسم_القطاع":"ABOR 13","موقف_التنفيذ":"تم التسليم","موقف_المتخلص":"3","ملاحظات":null,"Length":0.283013698630137,"Field":"رئيسي","SHAPE_Length":782.1947582212423,"__networkId":"roads","__networkName":"الطرق والقطاعات","__layerId":"roads_lines","__layerName":"طرق المدينة","__assetName":"طرق المدينة","__geometryKind":"line","__featureIndex":285,"__length_m":782.19,"__typeValue":"تم التسليم"},"geometry":{"type":"LineString","coordinates":[[31.51662428114516,30.277923181363985],[31.517137970163972,30.27462583595041],[31.51714992270307,30.274570663318727],[31.517175897035262,30.27449929091588],[31.518276887518816,30.272068461137877]]}},{"type":"Feature","properties":{"اسم_الحي":"حي 39","نوع_الطريق":"2","اسم_القطاع":"ABOR 22","موقف_التنفيذ":"تم التسليم","موقف_المتخلص":"3","ملاحظات":null,"Length":0.283013698630137,"Field":"رئيسي","SHAPE_Length":193.12909470349135,"__networkId":"roads","__networkName":"الطرق والقطاعات","__layerId":"roads_lines","__layerName":"طرق المدينة","__assetName":"طرق المدينة","__geometryKind":"line","__featureIndex":286,"__length_m":193.13,"__typeValue":"تم التسليم"},"geometry":{"type":"LineString","coordinates":[[31.49661878808972,30.27114327785571],[31.49495572622444,30.271570003371686]]}},{"type":"Feature","properties":{"اسم_الحي":"حي 16","نوع_الطريق":"3","اسم_القطاع":"ABOR 9","موقف_التنفيذ":"جاري العمل ميدانيا","موقف_المتخلص":"3","ملاحظات":null,"Length":0.1752358490566038,"Field":"ثانوي","SHAPE_Length":46.270799336582364,"__networkId":"roads","__networkName":"الطرق والقطاعات","__layerId":"roads_lines","__layerName":"طرق المدينة","__assetName":"طرق المدينة","__geometryKind":"line","__featureIndex":287,"__length_m":46.27,"__typeValue":"جاري العمل ميدانيا"},"geometry":{"type":"LineString","coordinates":[[31.570459809472606,30.251877419796234],[31.570483402825243,30.251518945034153]]}},{"type":"Feature","properties":{"اسم_الحي":"حي 16","نوع_الطريق":"2","اسم_القطاع":"ABOR 10","موقف_التنفيذ":"جاري العمل مكتبيا","موقف_المتخلص":"3","ملاحظات":null,"Length":0.1752358490566038,"Field":"رئيسي","SHAPE_Length":451.0662540327438,"__networkId":"roads","__networkName":"الطرق والقطاعات","__layerId":"roads_lines","__layerName":"طرق المدينة","__assetName":"طرق المدينة","__geometryKind":"line","__featureIndex":288,"__length_m":451.07,"__typeValue":"جاري العمل مكتبيا"},"geometry":{"type":"LineString","coordinates":[[31.561726912896546,30.249854847400282],[31.557681688679374,30.249652551553766]]}},{"type":"Feature","properties":{"اسم_الحي":"حي 39","نوع_الطريق":"2","اسم_القطاع":"ABOR 19","موقف_التنفيذ":"تم التسليم","موقف_المتخلص":"3","ملاحظات":null,"Length":0.283013698630137,"Field":"رئيسي","SHAPE_Length":191.2192925680587,"__networkId":"roads","__networkName":"الطرق والقطاعات","__layerId":"roads_lines","__layerName":"طرق المدينة","__assetName":"طرق المدينة","__geometryKind":"line","__featureIndex":289,"__length_m":191.22,"__typeValue":"تم التسليم"},"geometry":{"type":"LineString","coordinates":[[31.51660582076607,30.260790698238583],[31.516570297386473,30.26078674141622],[31.516543554483725,30.260789239447902],[31.516517937757317,30.260796326882755],[31.516494491654587,30.260807714749927],[31.516286534361253,30.261021800847537],[31.51624591082193,30.261045779334058],[31.51615930864961,30.261086032380256],[31.516113760668485,30.261102106775763],[31.516019302292833,30.26112575204187],[31.51597086161739,30.261133205332357],[31.51592193325571,30.261137691453936],[31.515823587927304,30.261137687823492],[31.515726220072434,30.261125741221743],[31.515631764037714,30.261102088981474],[31.515586217647208,30.26108601122282],[31.51506927223551,30.26095345172584]]}},{"type":"Feature","properties":{"اسم_الحي":"حي 15","نوع_الطريق":"2","اسم_القطاع":"ABOR 7","موقف_التنفيذ":"جاري العمل ميدانيا","موقف_المتخلص":"3","ملاحظات":null,"Length":0.1752358490566038,"Field":"رئيسي","SHAPE_Length":97.07323759420129,"__networkId":"roads","__networkName":"الطرق والقطاعات","__layerId":"roads_lines","__layerName":"طرق المدينة","__assetName":"طرق المدينة","__geometryKind":"line","__featureIndex":290,"__length_m":97.07,"__typeValue":"جاري العمل ميدانيا"},"geometry":{"type":"LineString","coordinates":[[31.58955205993886,30.25766286192374],[31.588722551113918,30.257430540947396]]}},{"type":"Feature","properties":{"اسم_الحي":"حي 39","نوع_الطريق":"2","اسم_القطاع":"ABOR 19","موقف_التنفيذ":"تم التسليم","موقف_المتخلص":"3","ملاحظات":null,"Length":0.283013698630137,"Field":"رئيسي","SHAPE_Length":87.41200899264027,"__networkId":"roads","__networkName":"الطرق والقطاعات","__layerId":"roads_lines","__layerName":"طرق المدينة","__assetName":"طرق المدينة","__geometryKind":"line","__featureIndex":291,"__length_m":87.41,"__typeValue":"تم التسليم"},"geometry":{"type":"LineString","coordinates":[[31.519712045898206,30.265534516001047],[31.51950851999419,30.264879483819175]]}},{"type":"Feature","properties":{"اسم_الحي":"حي 39","نوع_الطريق":"3","اسم_القطاع":"ABOR 14","موقف_التنفيذ":"تم التسليم","موقف_المتخلص":"3","ملاحظات":null,"Length":0.283013698630137,"Field":"ثانوي","SHAPE_Length":68.26007339369353,"__networkId":"roads","__networkName":"الطرق والقطاعات","__layerId":"roads_lines","__layerName":"طرق المدينة","__assetName":"طرق المدينة","__geometryKind":"line","__featureIndex":292,"__length_m":68.26,"__typeValue":"تم التسليم"},"geometry":{"type":"LineString","coordinates":[[31.5139360304366,30.27207511071032],[31.513706308760586,30.272566118831616]]}},{"type":"Feature","properties":{"اسم_الحي":"حي 39","نوع_الطريق":"3","اسم_القطاع":"ABOR 16","موقف_التنفيذ":"تم التسليم","موقف_المتخلص":"3","ملاحظات":null,"Length":0.283013698630137,"Field":"ثانوي","SHAPE_Length":83.11752859237995,"__networkId":"roads","__networkName":"الطرق والقطاعات","__layerId":"roads_lines","__layerName":"طرق المدينة","__assetName":"طرق المدينة","__geometryKind":"line","__featureIndex":293,"__length_m":83.12,"__typeValue":"تم التسليم"},"geometry":{"type":"LineString","coordinates":[[31.533441547256043,30.263913609694576],[31.533641043317715,30.264535060402263]]}},{"type":"Feature","properties":{"اسم_الحي":"حي 15","نوع_الطريق":"3","اسم_القطاع":"ABOR 8","موقف_التنفيذ":"جاري العمل ميدانيا","موقف_المتخلص":"3","ملاحظات":"محتاج النظر فيها","Length":0.1752358490566038,"Field":"ثانوي","SHAPE_Length":46.28314052024068,"__networkId":"roads","__networkName":"الطرق والقطاعات","__layerId":"roads_lines","__layerName":"طرق المدينة","__assetName":"طرق المدينة","__geometryKind":"line","__featureIndex":294,"__length_m":46.28,"__typeValue":"جاري العمل ميدانيا"},"geometry":{"type":"LineString","coordinates":[[31.57319755465838,30.25824887195241],[31.573173888542215,30.25860741449034]]}},{"type":"Feature","properties":{"اسم_الحي":"حي 16","نوع_الطريق":"2","اسم_القطاع":"ABOR 9","موقف_التنفيذ":"جاري العمل ميدانيا","موقف_المتخلص":"3","ملاحظات":null,"Length":0.1752358490566038,"Field":"رئيسي","SHAPE_Length":271.1029333792537,"__networkId":"roads","__networkName":"الطرق والقطاعات","__layerId":"roads_lines","__layerName":"طرق المدينة","__assetName":"طرق المدينة","__geometryKind":"line","__featureIndex":295,"__length_m":271.1,"__typeValue":"جاري العمل ميدانيا"},"geometry":{"type":"LineString","coordinates":[[31.569872151376693,30.251848232788106],[31.569732995152652,30.2539484833228]]}},{"type":"Feature","properties":{"اسم_الحي":"حي 16","نوع_الطريق":"3","اسم_القطاع":"ABOR 10","موقف_التنفيذ":"جاري العمل مكتبيا","موقف_المتخلص":"3","ملاحظات":null,"Length":0.1752358490566038,"Field":"ثانوي","SHAPE_Length":46.043538580368875,"__networkId":"roads","__networkName":"الطرق والقطاعات","__layerId":"roads_lines","__layerName":"طرق المدينة","__assetName":"طرق المدينة","__geometryKind":"line","__featureIndex":296,"__length_m":46.04,"__typeValue":"جاري العمل مكتبيا"},"geometry":{"type":"LineString","coordinates":[[31.559331336900826,30.249350257425643],[31.5589210610392,30.249304940463865]]}},{"type":"Feature","properties":{"اسم_الحي":"حي 39","نوع_الطريق":"2","اسم_القطاع":"ABOR 16","موقف_التنفيذ":"تم التسليم","موقف_المتخلص":"3","ملاحظات":null,"Length":0.283013698630137,"Field":"رئيسي","SHAPE_Length":83.98802134952426,"__networkId":"roads","__networkName":"الطرق والقطاعات","__layerId":"roads_lines","__layerName":"طرق المدينة","__assetName":"طرق المدينة","__geometryKind":"line","__featureIndex":297,"__length_m":83.99,"__typeValue":"تم التسليم"},"geometry":{"type":"LineString","coordinates":[[31.530270525744132,30.270803006168087],[31.531024994700132,30.270799954043888]]}},{"type":"Feature","properties":{"اسم_الحي":"حي 15","نوع_الطريق":"3","اسم_القطاع":"ABOR 8","موقف_التنفيذ":"جاري العمل ميدانيا","موقف_المتخلص":"3","ملاحظات":null,"Length":0.1752358490566038,"Field":"ثانوي","SHAPE_Length":29.97991965709328,"__networkId":"roads","__networkName":"الطرق والقطاعات","__layerId":"roads_lines","__layerName":"طرق المدينة","__assetName":"طرق المدينة","__geometryKind":"line","__featureIndex":298,"__length_m":29.98,"__typeValue":"جاري العمل ميدانيا"},"geometry":{"type":"LineString","coordinates":[[31.5726119995185,30.25171288745966],[31.5725966994126,30.251945150569018]]}},{"type":"Feature","properties":{"اسم_الحي":"حي 15","نوع_الطريق":"3","اسم_القطاع":"ABOR 8","موقف_التنفيذ":"جاري العمل ميدانيا","موقف_المتخلص":"3","ملاحظات":null,"Length":0.1752358490566038,"Field":"ثانوي","SHAPE_Length":43.97749728675469,"__networkId":"roads","__networkName":"الطرق والقطاعات","__layerId":"roads_lines","__layerName":"طرق المدينة","__assetName":"طرق المدينة","__geometryKind":"line","__featureIndex":299,"__length_m":43.98,"__typeValue":"جاري العمل ميدانيا"},"geometry":{"type":"LineString","coordinates":[[31.577035537539505,30.251932433011085],[31.577057897505224,30.25159172227857]]}},{"type":"Feature","properties":{"اسم_الحي":"حي 13","نوع_الطريق":"2","اسم_القطاع":"ABOR 5","موقف_التنفيذ":"تم التسليم","موقف_المتخلص":"3","ملاحظات":null,"Length":0.283013698630137,"Field":"رئيسي","SHAPE_Length":102.00581180292832,"__networkId":"roads","__networkName":"الطرق والقطاعات","__layerId":"roads_lines","__layerName":"طرق المدينة","__assetName":"طرق المدينة","__geometryKind":"line","__featureIndex":300,"__length_m":102.01,"__typeValue":"تم التسليم"},"geometry":{"type":"LineString","coordinates":[[31.559528393138148,30.282088267648337],[31.560065080364275,30.28157051221716],[31.560080759746217,30.28155059350949],[31.560093234330452,30.28152905190241],[31.560102282771346,30.281506269624952],[31.560107744512674,30.28148265092355]]}},{"type":"Feature","properties":{"اسم_الحي":"حي 39","نوع_الطريق":"2","اسم_القطاع":"ABOR 19","موقف_التنفيذ":"تم التسليم","موقف_المتخلص":"3","ملاحظات":null,"Length":0.283013698630137,"Field":"رئيسي","SHAPE_Length":69.04532174083573,"__networkId":"roads","__networkName":"الطرق والقطاعات","__layerId":"roads_lines","__layerName":"طرق المدينة","__assetName":"طرق المدينة","__geometryKind":"line","__featureIndex":301,"__length_m":69.05,"__typeValue":"تم التسليم"},"geometry":{"type":"LineString","coordinates":[[31.522349973882864,30.264155322162402],[31.52294384562561,30.26400076889044]]}},{"type":"Feature","properties":{"اسم_الحي":"حي 39","نوع_الطريق":"3","اسم_القطاع":"ABOR 13","موقف_التنفيذ":"تم التسليم","موقف_المتخلص":"3","ملاحظات":null,"Length":0.283013698630137,"Field":"ثانوي","SHAPE_Length":139.3997021156254,"__networkId":"roads","__networkName":"الطرق والقطاعات","__layerId":"roads_lines","__layerName":"طرق المدينة","__assetName":"طرق المدينة","__geometryKind":"line","__featureIndex":302,"__length_m":139.4,"__typeValue":"تم التسليم"},"geometry":{"type":"LineString","coordinates":[[31.51864013208374,30.278158880446924],[31.518806143443204,30.27708699290535]]}},{"type":"Feature","properties":{"اسم_الحي":"حي 39","نوع_الطريق":"2","اسم_القطاع":"ABOR 22","موقف_التنفيذ":"تم التسليم","موقف_المتخلص":"3","ملاحظات":null,"Length":0.283013698630137,"Field":"رئيسي","SHAPE_Length":76.37478090365232,"__networkId":"roads","__networkName":"الطرق والقطاعات","__layerId":"roads_lines","__layerName":"طرق المدينة","__assetName":"طرق المدينة","__geometryKind":"line","__featureIndex":303,"__length_m":76.37,"__typeValue":"تم التسليم"},"geometry":{"type":"LineString","coordinates":[[31.492965265269017,30.272100522763864],[31.493618971996224,30.271920640505574]]}},{"type":"Feature","properties":{"اسم_الحي":"حي 39","نوع_الطريق":"2","اسم_القطاع":"ABOR 19","موقف_التنفيذ":"تم التسليم","موقف_المتخلص":"3","ملاحظات":null,"Length":0.283013698630137,"Field":"رئيسي","SHAPE_Length":139.7171026303999,"__networkId":"roads","__networkName":"الطرق والقطاعات","__layerId":"roads_lines","__layerName":"طرق المدينة","__assetName":"طرق المدينة","__geometryKind":"line","__featureIndex":304,"__length_m":139.72,"__typeValue":"تم التسليم"},"geometry":{"type":"LineString","coordinates":[[31.518483429965592,30.265756032407758],[31.519712045898206,30.265534516001047]]}},{"type":"Feature","properties":{"اسم_الحي":"حي 15","نوع_الطريق":"3","اسم_القطاع":"ABOR 7","موقف_التنفيذ":"جاري العمل ميدانيا","موقف_المتخلص":"3","ملاحظات":"محتاج النظر فيها","Length":0.1752358490566038,"Field":"ثانوي","SHAPE_Length":46.046335250049225,"__networkId":"roads","__networkName":"الطرق والقطاعات","__layerId":"roads_lines","__layerName":"طرق المدينة","__assetName":"طرق المدينة","__geometryKind":"line","__featureIndex":305,"__length_m":46.05,"__typeValue":"جاري العمل ميدانيا"},"geometry":{"type":"LineString","coordinates":[[31.585480365065216,30.25312149854478],[31.585067409529117,30.25310093295724]]}},{"type":"Feature","properties":{"اسم_الحي":"حي 39","نوع_الطريق":"2","اسم_القطاع":"ABOR 15","موقف_التنفيذ":"تم التسليم","موقف_المتخلص":"3","ملاحظات":null,"Length":0.283013698630137,"Field":"رئيسي","SHAPE_Length":308.72334971967445,"__networkId":"roads","__networkName":"الطرق والقطاعات","__layerId":"roads_lines","__layerName":"طرق المدينة","__assetName":"طرق المدينة","__geometryKind":"line","__featureIndex":306,"__length_m":308.72,"__typeValue":"تم التسليم"},"geometry":{"type":"LineString","coordinates":[[31.503639818229466,30.2739873076608],[31.503282895109184,30.27636245815186]]}},{"type":"Feature","properties":{"اسم_الحي":"حي 39","نوع_الطريق":"2","اسم_القطاع":"ABOR 15","موقف_التنفيذ":"تم التسليم","موقف_المتخلص":"3","ملاحظات":null,"Length":0.283013698630137,"Field":"رئيسي","SHAPE_Length":234.36048401896682,"__networkId":"roads","__networkName":"الطرق والقطاعات","__layerId":"roads_lines","__layerName":"طرق المدينة","__assetName":"طرق المدينة","__geometryKind":"line","__featureIndex":307,"__length_m":234.36,"__typeValue":"تم التسليم"},"geometry":{"type":"LineString","coordinates":[[31.50726804000015,30.273509619564344],[31.505186657859902,30.273782886154333]]}},{"type":"Feature","properties":{"اسم_الحي":"حي 15","نوع_الطريق":"3","اسم_القطاع":"ABOR 7","موقف_التنفيذ":"جاري العمل ميدانيا","موقف_المتخلص":"3","ملاحظات":null,"Length":0.1752358490566038,"Field":"ثانوي","SHAPE_Length":54.38900447141841,"__networkId":"roads","__networkName":"الطرق والقطاعات","__layerId":"roads_lines","__layerName":"طرق المدينة","__assetName":"طرق المدينة","__geometryKind":"line","__featureIndex":308,"__length_m":54.39,"__typeValue":"جاري العمل ميدانيا"},"geometry":{"type":"LineString","coordinates":[[31.583305638983777,30.25217601015838],[31.583328754432653,30.251754434362486]]}},{"type":"Feature","properties":{"اسم_الحي":"حي 39","نوع_الطريق":"2","اسم_القطاع":"ABOR 16","موقف_التنفيذ":"تم التسليم","موقف_المتخلص":"3","ملاحظات":null,"Length":0.283013698630137,"Field":"رئيسي","SHAPE_Length":71.75890153585766,"__networkId":"roads","__networkName":"الطرق والقطاعات","__layerId":"roads_lines","__layerName":"طرق المدينة","__assetName":"طرق المدينة","__geometryKind":"line","__featureIndex":309,"__length_m":71.76,"__typeValue":"تم التسليم"},"geometry":{"type":"LineString","coordinates":[[31.530730432626893,30.265662324851185],[31.530885841171052,30.266202659097168]]}},{"type":"Feature","properties":{"اسم_الحي":"حي 15","نوع_الطريق":"3","اسم_القطاع":"ABOR 7","موقف_التنفيذ":"جاري العمل ميدانيا","موقف_المتخلص":"3","ملاحظات":null,"Length":0.1752358490566038,"Field":"ثانوي","SHAPE_Length":34.03580911907085,"__networkId":"roads","__networkName":"الطرق والقطاعات","__layerId":"roads_lines","__layerName":"طرق المدينة","__assetName":"طرق المدينة","__geometryKind":"line","__featureIndex":310,"__length_m":34.04,"__typeValue":"جاري العمل ميدانيا"},"geometry":{"type":"LineString","coordinates":[[31.580261634761456,30.251432667920085],[31.580301147159254,30.25169456572083]]}},{"type":"Feature","properties":{"اسم_الحي":"حي 16","نوع_الطريق":"3","اسم_القطاع":"ABOR 10","موقف_التنفيذ":"جاري العمل مكتبيا","موقف_المتخلص":"3","ملاحظات":null,"Length":0.1752358490566038,"Field":"ثانوي","SHAPE_Length":46.859837018022674,"__networkId":"roads","__networkName":"الطرق والقطاعات","__layerId":"roads_lines","__layerName":"طرق المدينة","__assetName":"طرق المدينة","__geometryKind":"line","__featureIndex":311,"__length_m":46.86,"__typeValue":"جاري العمل مكتبيا"},"geometry":{"type":"LineString","coordinates":[[31.558340900282627,30.249685526089973],[31.55831672572,30.2500485572081]]}},{"type":"Feature","properties":{"اسم_الحي":"حي 15","نوع_الطريق":"3","اسم_القطاع":"ABOR 7","موقف_التنفيذ":"جاري العمل ميدانيا","موقف_المتخلص":"3","ملاحظات":null,"Length":0.1752358490566038,"Field":"ثانوي","SHAPE_Length":46.27199589683762,"__networkId":"roads","__networkName":"الطرق والقطاعات","__layerId":"roads_lines","__layerName":"طرق المدينة","__assetName":"طرق المدينة","__geometryKind":"line","__featureIndex":312,"__length_m":46.27,"__typeValue":"جاري العمل ميدانيا"},"geometry":{"type":"LineString","coordinates":[[31.588407544283136,30.25440407796393],[31.58838388804844,30.254762548405488]]}},{"type":"Feature","properties":{"اسم_الحي":"حي 39","نوع_الطريق":"2","اسم_القطاع":"ABOR 22","موقف_التنفيذ":"تم التسليم","موقف_المتخلص":"3","ملاحظات":null,"Length":0.283013698630137,"Field":"رئيسي","SHAPE_Length":278.5175932505388,"__networkId":"roads","__networkName":"الطرق والقطاعات","__layerId":"roads_lines","__layerName":"طرق المدينة","__assetName":"طرق المدينة","__geometryKind":"line","__featureIndex":313,"__length_m":278.52,"__typeValue":"تم التسليم"},"geometry":{"type":"LineString","coordinates":[[31.496588236386902,30.271151117613346],[31.496144614163622,30.269940660928015],[31.496080806828992,30.269788531178065],[31.49598050004606,30.26961026076134],[31.49567331304981,30.269150069953486]]}},{"type":"Feature","properties":{"اسم_الحي":"حي 39","نوع_الطريق":"2","اسم_القطاع":"ABOR 20","موقف_التنفيذ":"تم التسليم","موقف_المتخلص":"3","ملاحظات":null,"Length":0.283013698630137,"Field":"رئيسي","SHAPE_Length":112.21864335341678,"__networkId":"roads","__networkName":"الطرق والقطاعات","__layerId":"roads_lines","__layerName":"طرق المدينة","__assetName":"طرق المدينة","__geometryKind":"line","__featureIndex":314,"__length_m":112.22,"__typeValue":"تم التسليم"},"geometry":{"type":"LineString","coordinates":[[31.51167638930629,30.26259456005062],[31.51140362036187,30.26343277755191]]}},{"type":"Feature","properties":{"اسم_الحي":"حي 16","نوع_الطريق":"3","اسم_القطاع":"ABOR 10","موقف_التنفيذ":"جاري العمل مكتبيا","موقف_المتخلص":"3","ملاحظات":null,"Length":0.1752358490566038,"Field":"ثانوي","SHAPE_Length":40.77356525819078,"__networkId":"roads","__networkName":"الطرق والقطاعات","__layerId":"roads_lines","__layerName":"طرق المدينة","__assetName":"طرق المدينة","__geometryKind":"line","__featureIndex":315,"__length_m":40.77,"__typeValue":"جاري العمل مكتبيا"},"geometry":{"type":"LineString","coordinates":[[31.560150797170966,30.252577145708056],[31.55978513434133,30.25255885827331]]}},{"type":"Feature","properties":{"اسم_الحي":"حي 14","نوع_الطريق":"1","اسم_القطاع":"ABOR 3","موقف_التنفيذ":"تم التسليم","موقف_المتخلص":"2","ملاحظات":null,"Length":0.283013698630137,"Field":"رئيسي","SHAPE_Length":704.3906210724359,"__networkId":"roads","__networkName":"الطرق والقطاعات","__layerId":"roads_lines","__layerName":"طرق المدينة","__assetName":"طرق المدينة","__geometryKind":"line","__featureIndex":316,"__length_m":704.39,"__typeValue":"تم التسليم"},"geometry":{"type":"LineString","coordinates":[[31.556253453615877,30.262930663374863],[31.555912055180368,30.264236039753467],[31.555855962075864,30.264433901568978],[31.555679908843192,30.265025793440365],[31.555492234718848,30.265615012110345],[31.55527864803043,30.266242232572075],[31.555167091161778,30.26655406662126],[31.55503179075673,30.266919432242712],[31.55493209033634,30.26718039782875],[31.554778215103454,30.267570591308463],[31.554524996194562,30.26818287932214]]}},{"type":"Feature","properties":{"اسم_الحي":"حي 39","نوع_الطريق":"2","اسم_القطاع":"ABOR 22","موقف_التنفيذ":"تم التسليم","موقف_المتخلص":"3","ملاحظات":null,"Length":0.283013698630137,"Field":"رئيسي","SHAPE_Length":339.567884596488,"__networkId":"roads","__networkName":"الطرق والقطاعات","__layerId":"roads_lines","__layerName":"طرق المدينة","__assetName":"طرق المدينة","__geometryKind":"line","__featureIndex":317,"__length_m":339.57,"__typeValue":"تم التسليم"},"geometry":{"type":"LineString","coordinates":[[31.49688913068458,30.268511481992334],[31.496268110057294,30.268850925259024],[31.49567331304981,30.269150069953486],[31.494273469240877,30.26986647982127]]}},{"type":"Feature","properties":{"اسم_الحي":"حي 15","نوع_الطريق":"3","اسم_القطاع":"ABOR 7","موقف_التنفيذ":"جاري العمل ميدانيا","موقف_المتخلص":"3","ملاحظات":"محتاج النظر فيها","Length":0.1752358490566038,"Field":"ثانوي","SHAPE_Length":51.51047211781584,"__networkId":"roads","__networkName":"الطرق والقطاعات","__layerId":"roads_lines","__layerName":"طرق المدينة","__assetName":"طرق المدينة","__geometryKind":"line","__featureIndex":318,"__length_m":51.51,"__typeValue":"جاري العمل ميدانيا"},"geometry":{"type":"LineString","coordinates":[[31.58020125539795,30.25281325095138],[31.58017992220658,30.25321253320754]]}},{"type":"Feature","properties":{"اسم_الحي":"حي 15","نوع_الطريق":"1","اسم_القطاع":"ABOR 7","موقف_التنفيذ":"جاري العمل ميدانيا","موقف_المتخلص":"3","ملاحظات":null,"Length":0.1752358490566038,"Field":"رئيسي","SHAPE_Length":303.12101771193517,"__networkId":"roads","__networkName":"الطرق والقطاعات","__layerId":"roads_lines","__layerName":"طرق المدينة","__assetName":"طرق المدينة","__geometryKind":"line","__featureIndex":319,"__length_m":303.12,"__typeValue":"جاري العمل ميدانيا"},"geometry":{"type":"LineString","coordinates":[[31.59096703137718,30.25292985422973],[31.590900575094153,30.25326093157414],[31.590829545720624,30.25359129854203],[31.590753953389346,30.25392090801112],[31.590673808885093,30.254249712964253],[31.590589123641614,30.254577666501856],[31.590499909740515,30.254904721846646],[31.590406179907646,30.25523083234887]]}},{"type":"Feature","properties":{"اسم_الحي":"حي 15","نوع_الطريق":"3","اسم_القطاع":"ABOR 8","موقف_التنفيذ":"جاري العمل ميدانيا","موقف_المتخلص":"3","ملاحظات":null,"Length":0.1752358490566038,"Field":"ثانوي","SHAPE_Length":46.24906579458849,"__networkId":"roads","__networkName":"الطرق والقطاعات","__layerId":"roads_lines","__layerName":"طرق المدينة","__assetName":"طرق المدينة","__geometryKind":"line","__featureIndex":320,"__length_m":46.25,"__typeValue":"جاري العمل ميدانيا"},"geometry":{"type":"LineString","coordinates":[[31.570058624561675,30.257980867182805],[31.56990837144893,30.25831543831526]]}},{"type":"Feature","properties":{"اسم_الحي":"حي 39","نوع_الطريق":"2","اسم_القطاع":"ABOR 17","موقف_التنفيذ":"تم التسليم","موقف_المتخلص":"3","ملاحظات":null,"Length":0.283013698630137,"Field":"رئيسي","SHAPE_Length":401.0721990937175,"__networkId":"roads","__networkName":"الطرق والقطاعات","__layerId":"roads_lines","__layerName":"طرق المدينة","__assetName":"طرق المدينة","__geometryKind":"line","__featureIndex":321,"__length_m":401.07,"__typeValue":"تم التسليم"},"geometry":{"type":"LineString","coordinates":[[31.52148043163728,30.2682910021341],[31.52222451517027,30.27068548302482],[31.52223958059857,30.27074220603381],[31.522250115156254,30.27080218884818],[31.522254839208983,30.270852998654092],[31.522255773527306,30.270903965590165],[31.52225291425072,30.27095487903484],[31.522246273195258,30.271005528592685],[31.52223587780317,30.27105570495495],[31.52222177103368,30.27110520077077],[31.522204011184183,30.271153811503105],[31.52213663208773,30.271299285423872]]}},{"type":"Feature","properties":{"اسم_الحي":"حي 15","نوع_الطريق":"2","اسم_القطاع":"ABOR 7","موقف_التنفيذ":"جاري العمل ميدانيا","موقف_المتخلص":"3","ملاحظات":null,"Length":0.1752358490566038,"Field":"رئيسي","SHAPE_Length":269.5092676786947,"__networkId":"roads","__networkName":"الطرق والقطاعات","__layerId":"roads_lines","__layerName":"طرق المدينة","__assetName":"طرق المدينة","__geometryKind":"line","__featureIndex":322,"__length_m":269.51,"__typeValue":"جاري العمل ميدانيا"},"geometry":{"type":"LineString","coordinates":[[31.58994594963136,30.253577307308895],[31.58752749354537,30.253480657295633]]}},{"type":"Feature","properties":{"اسم_الحي":"حي 15","نوع_الطريق":"2","اسم_القطاع":"ABOR 7","موقف_التنفيذ":"جاري العمل ميدانيا","موقف_المتخلص":"3","ملاحظات":null,"Length":0.1752358490566038,"Field":"رئيسي","SHAPE_Length":155.3813921401549,"__networkId":"roads","__networkName":"الطرق والقطاعات","__layerId":"roads_lines","__layerName":"طرق المدينة","__assetName":"طرق المدينة","__geometryKind":"line","__featureIndex":323,"__length_m":155.38,"__typeValue":"جاري العمل ميدانيا"},"geometry":{"type":"LineString","coordinates":[[31.589299473443894,30.252172026279837],[31.58936333108419,30.25096755363331]]}},{"type":"Feature","properties":{"اسم_الحي":"حي 39","نوع_الطريق":"2","اسم_القطاع":"ABOR 20","موقف_التنفيذ":"تم التسليم","موقف_المتخلص":"3","ملاحظات":null,"Length":0.283013698630137,"Field":"رئيسي","SHAPE_Length":74.44643590063528,"__networkId":"roads","__networkName":"الطرق والقطاعات","__layerId":"roads_lines","__layerName":"طرق المدينة","__assetName":"طرق المدينة","__geometryKind":"line","__featureIndex":324,"__length_m":74.45,"__typeValue":"تم التسليم"},"geometry":{"type":"LineString","coordinates":[[31.513305308004263,30.26717523586708],[31.5139485439685,30.26701717346887]]}},{"type":"Feature","properties":{"اسم_الحي":"حي 16","نوع_الطريق":"2","اسم_القطاع":"ABOR 10","موقف_التنفيذ":"جاري العمل مكتبيا","موقف_المتخلص":"3","ملاحظات":null,"Length":0.1752358490566038,"Field":"رئيسي","SHAPE_Length":155.05345798828353,"__networkId":"roads","__networkName":"الطرق والقطاعات","__layerId":"roads_lines","__layerName":"طرق المدينة","__assetName":"طرق المدينة","__geometryKind":"line","__featureIndex":325,"__length_m":155.05,"__typeValue":"جاري العمل مكتبيا"},"geometry":{"type":"LineString","coordinates":[[31.561518856788524,30.25298549539345],[31.56012831593267,30.252915960423312]]}},{"type":"Feature","properties":{"اسم_الحي":"حي 15","نوع_الطريق":"3","اسم_القطاع":"ABOR 7","موقف_التنفيذ":"جاري العمل ميدانيا","موقف_المتخلص":"3","ملاحظات":"محتاج النظر فيها","Length":0.1752358490566038,"Field":"ثانوي","SHAPE_Length":48.6123697874041,"__networkId":"roads","__networkName":"الطرق والقطاعات","__layerId":"roads_lines","__layerName":"طرق المدينة","__assetName":"طرق المدينة","__geometryKind":"line","__featureIndex":326,"__length_m":48.61,"__typeValue":"جاري العمل ميدانيا"},"geometry":{"type":"LineString","coordinates":[[31.579220332836947,30.257527197937318],[31.57924516676297,30.25715060619344]]}},{"type":"Feature","properties":{"اسم_الحي":"حي 15","نوع_الطريق":"3","اسم_القطاع":"ABOR 7","موقف_التنفيذ":"جاري العمل ميدانيا","موقف_المتخلص":"3","ملاحظات":null,"Length":0.1752358490566038,"Field":"ثانوي","SHAPE_Length":50.456259667946576,"__networkId":"roads","__networkName":"الطرق والقطاعات","__layerId":"roads_lines","__layerName":"طرق المدينة","__assetName":"طرق المدينة","__geometryKind":"line","__featureIndex":327,"__length_m":50.46,"__typeValue":"جاري العمل ميدانيا"},"geometry":{"type":"LineString","coordinates":[[31.590362304392514,30.25121515588982],[31.59081291371208,30.251257408375032]]}},{"type":"Feature","properties":{"اسم_الحي":"حي 39","نوع_الطريق":"2","اسم_القطاع":"ABOR 16","موقف_التنفيذ":"تم التسليم","موقف_المتخلص":"3","ملاحظات":null,"Length":0.283013698630137,"Field":"رئيسي","SHAPE_Length":271.4883320922647,"__networkId":"roads","__networkName":"الطرق والقطاعات","__layerId":"roads_lines","__layerName":"طرق المدينة","__assetName":"طرق المدينة","__geometryKind":"line","__featureIndex":328,"__length_m":271.49,"__typeValue":"تم التسليم"},"geometry":{"type":"LineString","coordinates":[[31.534101671547646,30.275277408215096],[31.536540465491658,30.275267453964435]]}},{"type":"Feature","properties":{"اسم_الحي":"حي 39","نوع_الطريق":"2","اسم_القطاع":"ABOR 19","موقف_التنفيذ":"تم التسليم","موقف_المتخلص":"3","ملاحظات":null,"Length":0.283013698630137,"Field":"رئيسي","SHAPE_Length":79.72258911592955,"__networkId":"roads","__networkName":"الطرق والقطاعات","__layerId":"roads_lines","__layerName":"طرق المدينة","__assetName":"طرق المدينة","__geometryKind":"line","__featureIndex":329,"__length_m":79.72,"__typeValue":"تم التسليم"},"geometry":{"type":"LineString","coordinates":[[31.517092244119354,30.261221649343838],[31.517061737426925,30.261211360019026],[31.517003212152023,30.26118601571772],[31.51694873918158,30.261154647755095],[31.51689914532019,30.261117732236926],[31.516876416503425,30.261097366175086],[31.516835526411008,30.2610532039209],[31.516678651869025,30.26083381850422],[31.516660608295414,30.260816523254075],[31.51664649297499,30.260806894597657],[31.516622832894043,30.26079574202369],[31.51660582076607,30.260790698238583]]}},{"type":"Feature","properties":{"اسم_الحي":"حي 16","نوع_الطريق":"3","اسم_القطاع":"ABOR 9","موقف_التنفيذ":"جاري العمل ميدانيا","موقف_المتخلص":"3","ملاحظات":null,"Length":0.1752358490566038,"Field":"ثانوي","SHAPE_Length":52.98882825973021,"__networkId":"roads","__networkName":"الطرق والقطاعات","__layerId":"roads_lines","__layerName":"طرق المدينة","__assetName":"طرق المدينة","__geometryKind":"line","__featureIndex":330,"__length_m":52.99,"__typeValue":"جاري العمل ميدانيا"},"geometry":{"type":"LineString","coordinates":[[31.566239706625822,30.257769536785688],[31.56671491900439,30.257793280401888]]}},{"type":"Feature","properties":{"اسم_الحي":"حي 15","نوع_الطريق":"3","اسم_القطاع":"ABOR 7","موقف_التنفيذ":"جاري العمل ميدانيا","موقف_المتخلص":"3","ملاحظات":null,"Length":0.1752358490566038,"Field":"ثانوي","SHAPE_Length":34.653791510770866,"__networkId":"roads","__networkName":"الطرق والقطاعات","__layerId":"roads_lines","__layerName":"طرق المدينة","__assetName":"طرق المدينة","__geometryKind":"line","__featureIndex":331,"__length_m":34.65,"__typeValue":"جاري العمل ميدانيا"},"geometry":{"type":"LineString","coordinates":[[31.579948279034177,30.255520212043365],[31.57993203839215,30.255788742638483]]}},{"type":"Feature","properties":{"اسم_الحي":"حي 15","نوع_الطريق":"3","اسم_القطاع":"ABOR 7","موقف_التنفيذ":"جاري العمل ميدانيا","موقف_المتخلص":"3","ملاحظات":null,"Length":0.1752358490566038,"Field":"ثانوي","SHAPE_Length":50.674990574993544,"__networkId":"roads","__networkName":"الطرق والقطاعات","__layerId":"roads_lines","__layerName":"طرق المدينة","__assetName":"طرق المدينة","__geometryKind":"line","__featureIndex":332,"__length_m":50.67,"__typeValue":"جاري العمل ميدانيا"},"geometry":{"type":"LineString","coordinates":[[31.585594125916177,30.251401651005892],[31.58604859260155,30.251424281846344]]}},{"type":"Feature","properties":{"اسم_الحي":"حي 39","نوع_الطريق":"3","اسم_القطاع":"ABOR 13","موقف_التنفيذ":"تم التسليم","موقف_المتخلص":"3","ملاحظات":null,"Length":0.283013698630137,"Field":"ثانوي","SHAPE_Length":139.14252958666924,"__networkId":"roads","__networkName":"الطرق والقطاعات","__layerId":"roads_lines","__layerName":"طرق المدينة","__assetName":"طرق المدينة","__geometryKind":"line","__featureIndex":333,"__length_m":139.14,"__typeValue":"تم التسليم"},"geometry":{"type":"LineString","coordinates":[[31.517393629795514,30.278013468460127],[31.51756193994375,30.27694386013453]]}},{"type":"Feature","properties":{"اسم_الحي":"حي 39","نوع_الطريق":"2","اسم_القطاع":"ABOR 22","موقف_التنفيذ":"تم التسليم","موقف_المتخلص":"3","ملاحظات":null,"Length":0.283013698630137,"Field":"رئيسي","SHAPE_Length":77.95971697173731,"__networkId":"roads","__networkName":"الطرق والقطاعات","__layerId":"roads_lines","__layerName":"طرق المدينة","__assetName":"طرق المدينة","__geometryKind":"line","__featureIndex":334,"__length_m":77.96,"__typeValue":"تم التسليم"},"geometry":{"type":"LineString","coordinates":[[31.496598126838176,30.269330387882178],[31.4960002333379,30.26964533190336]]}},{"type":"Feature","properties":{"اسم_الحي":"حي 15","نوع_الطريق":"3","اسم_القطاع":"ABOR 7","موقف_التنفيذ":"جاري العمل ميدانيا","موقف_المتخلص":"3","ملاحظات":"محتاج النظر فيها","Length":0.1752358490566038,"Field":"ثانوي","SHAPE_Length":46.28321501011109,"__networkId":"roads","__networkName":"الطرق والقطاعات","__layerId":"roads_lines","__layerName":"طرق المدينة","__assetName":"طرق المدينة","__geometryKind":"line","__featureIndex":335,"__length_m":46.28,"__typeValue":"جاري العمل ميدانيا"},"geometry":{"type":"LineString","coordinates":[[31.57998787138202,30.258572344061264],[31.579964225028785,30.258930886970063]]}},{"type":"Feature","properties":{"اسم_الحي":"حي 39","نوع_الطريق":"2","اسم_القطاع":"ABOR 20","موقف_التنفيذ":"تم التسليم","موقف_المتخلص":"3","ملاحظات":null,"Length":0.283013698630137,"Field":"رئيسي","SHAPE_Length":76.23204657400713,"__networkId":"roads","__networkName":"الطرق والقطاعات","__layerId":"roads_lines","__layerName":"طرق المدينة","__assetName":"طرق المدينة","__geometryKind":"line","__featureIndex":336,"__length_m":76.23,"__typeValue":"تم التسليم"},"geometry":{"type":"LineString","coordinates":[[31.51140362036187,30.26343277755191],[31.5112030076943,30.2639983039005]]}},{"type":"Feature","properties":{"اسم_الحي":"حي 39","نوع_الطريق":"2","اسم_القطاع":"ABOR 19","موقف_التنفيذ":"تم التسليم","موقف_المتخلص":"3","ملاحظات":null,"Length":0.283013698630137,"Field":"رئيسي","SHAPE_Length":361.7840221898509,"__networkId":"roads","__networkName":"الطرق والقطاعات","__layerId":"roads_lines","__layerName":"طرق المدينة","__assetName":"طرق المدينة","__geometryKind":"line","__featureIndex":337,"__length_m":361.78,"__typeValue":"تم التسليم"},"geometry":{"type":"LineString","coordinates":[[31.52125091926872,30.26323366134232],[31.519787136971118,30.26283001196295],[31.519685295481665,30.26280519293798],[31.51958173197619,30.26278642833783],[31.519476928335045,30.262773805476872],[31.519371372205917,30.2627673830907],[31.51926555473717,30.26276719106579],[31.519159968293703,30.2627732302929],[31.519055104168455,30.262785472671666],[31.518951450288604,30.262803861237852],[31.518849488952284,30.26282831042463],[31.51812372655953,30.263025552121025]]}},{"type":"Feature","properties":{"اسم_الحي":"حي 15","نوع_الطريق":"2","اسم_القطاع":"ABOR 7","موقف_التنفيذ":"جاري العمل ميدانيا","موقف_المتخلص":"3","ملاحظات":null,"Length":0.1752358490566038,"Field":"رئيسي","SHAPE_Length":191.49600396276662,"__networkId":"roads","__networkName":"الطرق والقطاعات","__layerId":"roads_lines","__layerName":"طرق المدينة","__assetName":"طرق المدينة","__geometryKind":"line","__featureIndex":338,"__length_m":191.5,"__typeValue":"جاري العمل ميدانيا"},"geometry":{"type":"LineString","coordinates":[[31.5886566048906,30.257589650773028],[31.58849682398242,30.257962974646258],[31.58836036369203,30.258269241816567],[31.58819996952251,30.258615903921257],[31.588028222569562,30.258972649631037]]}},{"type":"Feature","properties":{"اسم_الحي":"حي 15","نوع_الطريق":"3","اسم_القطاع":"ABOR 7","موقف_التنفيذ":"جاري العمل ميدانيا","موقف_المتخلص":"3","ملاحظات":null,"Length":0.1752358490566038,"Field":"ثانوي","SHAPE_Length":44.198025569172366,"__networkId":"roads","__networkName":"الطرق والقطاعات","__layerId":"roads_lines","__layerName":"طرق المدينة","__assetName":"طرق المدينة","__geometryKind":"line","__featureIndex":339,"__length_m":44.2,"__typeValue":"جاري العمل ميدانيا"},"geometry":{"type":"LineString","coordinates":[[31.583644997345274,30.25875448389525],[31.58366756033027,30.258412092882445]]}},{"type":"Feature","properties":{"اسم_الحي":"حي 15","نوع_الطريق":"2","اسم_القطاع":"ABOR 7","موقف_التنفيذ":"جاري العمل ميدانيا","موقف_المتخلص":"3","ملاحظات":null,"Length":0.1752358490566038,"Field":"رئيسي","SHAPE_Length":165.88562420432072,"__networkId":"roads","__networkName":"الطرق والقطاعات","__layerId":"roads_lines","__layerName":"طرق المدينة","__assetName":"طرق المدينة","__geometryKind":"line","__featureIndex":340,"__length_m":165.89,"__typeValue":"جاري العمل ميدانيا"},"geometry":{"type":"LineString","coordinates":[[31.585536962521374,30.252265864657694],[31.585621969198375,30.250980715181747]]}},{"type":"Feature","properties":{"اسم_الحي":"حي 15","نوع_الطريق":"2","اسم_القطاع":"ABOR 7","موقف_التنفيذ":"جاري العمل ميدانيا","موقف_المتخلص":"3","ملاحظات":null,"Length":0.1752358490566038,"Field":"رئيسي","SHAPE_Length":320.8432587662654,"__networkId":"roads","__networkName":"الطرق والقطاعات","__layerId":"roads_lines","__layerName":"طرق المدينة","__assetName":"طرق المدينة","__geometryKind":"line","__featureIndex":341,"__length_m":320.84,"__typeValue":"جاري العمل ميدانيا"},"geometry":{"type":"LineString","coordinates":[[31.58196141975555,30.25288422464971],[31.57908237137224,30.252768122596883]]}},{"type":"Feature","properties":{"اسم_الحي":"حي 15","نوع_الطريق":"3","اسم_القطاع":"ABOR 7","موقف_التنفيذ":"جاري العمل ميدانيا","موقف_المتخلص":"3","ملاحظات":null,"Length":0.1752358490566038,"Field":"ثانوي","SHAPE_Length":46.277603899423674,"__networkId":"roads","__networkName":"الطرق والقطاعات","__layerId":"roads_lines","__layerName":"طرق المدينة","__assetName":"طرق المدينة","__geometryKind":"line","__featureIndex":342,"__length_m":46.28,"__typeValue":"جاري العمل ميدانيا"},"geometry":{"type":"LineString","coordinates":[[31.58839951693774,30.255921505421828],[31.588423175867398,30.25556299575641]]}},{"type":"Feature","properties":{"اسم_الحي":"حي 16","نوع_الطريق":"3","اسم_القطاع":"ABOR 10","موقف_التنفيذ":"جاري العمل مكتبيا","موقف_المتخلص":"3","ملاحظات":null,"Length":0.1752358490566038,"Field":"ثانوي","SHAPE_Length":62.78792737866979,"__networkId":"roads","__networkName":"الطرق والقطاعات","__layerId":"roads_lines","__layerName":"طرق المدينة","__assetName":"طرق المدينة","__geometryKind":"line","__featureIndex":343,"__length_m":62.79,"__typeValue":"جاري العمل مكتبيا"},"geometry":{"type":"LineString","coordinates":[[31.55774947555071,30.24917824949891],[31.558309002903524,30.24923971591145]]}},{"type":"Feature","properties":{"اسم_الحي":"حي 39","نوع_الطريق":"2","اسم_القطاع":"ABOR 20","موقف_التنفيذ":"تم التسليم","موقف_المتخلص":"3","ملاحظات":null,"Length":0.283013698630137,"Field":"رئيسي","SHAPE_Length":77.02414328028746,"__networkId":"roads","__networkName":"الطرق والقطاعات","__layerId":"roads_lines","__layerName":"طرق المدينة","__assetName":"طرق المدينة","__geometryKind":"line","__featureIndex":344,"__length_m":77.02,"__typeValue":"تم التسليم"},"geometry":{"type":"LineString","coordinates":[[31.507632143354495,30.263665047862656],[31.50783069977837,30.26309255983292]]}},{"type":"Feature","properties":{"اسم_الحي":"حي 39","نوع_الطريق":"2","اسم_القطاع":"ABOR 20","موقف_التنفيذ":"تم التسليم","موقف_المتخلص":"3","ملاحظات":null,"Length":0.283013698630137,"Field":"رئيسي","SHAPE_Length":129.65337475463912,"__networkId":"roads","__networkName":"الطرق والقطاعات","__layerId":"roads_lines","__layerName":"طرق المدينة","__assetName":"طرق المدينة","__geometryKind":"line","__featureIndex":345,"__length_m":129.65,"__typeValue":"تم التسليم"},"geometry":{"type":"LineString","coordinates":[[31.513828091567028,30.264081533937606],[31.513795074615068,30.264124472841058],[31.513769121188336,30.264170889264616],[31.513750712982766,30.26421992171122],[31.51374019165681,30.264270660132887],[31.513737752486737,30.26432216281992],[31.513743440742708,30.26437347387901],[31.513749305521763,30.264398759318652],[31.51376694028767,30.264448003258828],[31.51379216075229,30.264494719971104],[31.51418292879918,30.264950921308298]]}},{"type":"Feature","properties":{"اسم_الحي":"حي 13","نوع_الطريق":"2","اسم_القطاع":"ABOR 5","موقف_التنفيذ":"تم التسليم","موقف_المتخلص":"3","ملاحظات":null,"Length":0.283013698630137,"Field":"رئيسي","SHAPE_Length":380.47478141420225,"__networkId":"roads","__networkName":"الطرق والقطاعات","__layerId":"roads_lines","__layerName":"طرق المدينة","__assetName":"طرق المدينة","__geometryKind":"line","__featureIndex":346,"__length_m":380.47,"__typeValue":"تم التسليم"},"geometry":{"type":"LineString","coordinates":[[31.558331132900552,30.281152350894015],[31.559295529456907,30.28022779796348],[31.5593172132611,30.280211962678123],[31.559341201331872,30.280198837389673],[31.559380507878192,30.28018475527008],[31.559422317345945,30.28017790705673],[31.55945071150837,30.280177516180807],[31.55947890073311,30.280180482753355],[31.55951964480098,30.280191088832343],[31.559545036515075,30.280202069902064],[31.55956845038038,30.28021594691138],[31.560023865221332,30.280577657749895],[31.560063840273582,30.280703733455],[31.560094623868217,30.2808317180453],[31.56011609593253,30.28096111231144],[31.56012817271659,30.281091411541798],[31.56013080711365,30.28122210750175],[31.56012398884761,30.281352690408998],[31.560107744512674,30.28148265092355]]}},{"type":"Feature","properties":{"اسم_الحي":"حي 16","نوع_الطريق":"3","اسم_القطاع":"ABOR 9","موقف_التنفيذ":"جاري العمل ميدانيا","موقف_المتخلص":"3","ملاحظات":null,"Length":0.1752358490566038,"Field":"ثانوي","SHAPE_Length":37.51180171935845,"__networkId":"roads","__networkName":"الطرق والقطاعات","__layerId":"roads_lines","__layerName":"طرق المدينة","__assetName":"طرق المدينة","__geometryKind":"line","__featureIndex":347,"__length_m":37.51,"__typeValue":"جاري العمل ميدانيا"},"geometry":{"type":"LineString","coordinates":[[31.56896718855945,30.258012858919606],[31.569089075570457,30.25774149991281]]}},{"type":"Feature","properties":{"اسم_الحي":"حي 39","نوع_الطريق":"2","اسم_القطاع":"ABOR 17","موقف_التنفيذ":"تم التسليم","موقف_المتخلص":"3","ملاحظات":"remove","Length":0.283013698630137,"Field":"رئيسي","SHAPE_Length":104.4656673592933,"__networkId":"roads","__networkName":"الطرق والقطاعات","__layerId":"roads_lines","__layerName":"طرق المدينة","__assetName":"طرق المدينة","__geometryKind":"line","__featureIndex":348,"__length_m":104.47,"__typeValue":"تم التسليم"},"geometry":{"type":"LineString","coordinates":[[31.52517462298751,30.270623276698863],[31.52550478978704,30.26986461237516]]}},{"type":"Feature","properties":{"اسم_الحي":"حي 39","نوع_الطريق":"2","اسم_القطاع":"ABOR 20","موقف_التنفيذ":"تم التسليم","موقف_المتخلص":"3","ملاحظات":null,"Length":0.283013698630137,"Field":"رئيسي","SHAPE_Length":134.7154126192382,"__networkId":"roads","__networkName":"الطرق والقطاعات","__layerId":"roads_lines","__layerName":"طرق المدينة","__assetName":"طرق المدينة","__geometryKind":"line","__featureIndex":349,"__length_m":134.72,"__typeValue":"تم التسليم"},"geometry":{"type":"LineString","coordinates":[[31.511394071270395,30.25914237082905],[31.51093025851278,30.259974351485024],[31.51087541636468,30.26008664302711]]}},{"type":"Feature","properties":{"اسم_الحي":"حي 15","نوع_الطريق":"3","اسم_القطاع":"ABOR 8","موقف_التنفيذ":"جاري العمل ميدانيا","موقف_المتخلص":"3","ملاحظات":null,"Length":0.1752358490566038,"Field":"ثانوي","SHAPE_Length":39.57316916523124,"__networkId":"roads","__networkName":"الطرق والقطاعات","__layerId":"roads_lines","__layerName":"طرق المدينة","__assetName":"طرق المدينة","__geometryKind":"line","__featureIndex":350,"__length_m":39.57,"__typeValue":"جاري العمل ميدانيا"},"geometry":{"type":"LineString","coordinates":[[31.57403364903264,30.2553140581773],[31.57401334980216,30.25562062652211]]}},{"type":"Feature","properties":{"اسم_الحي":"حي 13","نوع_الطريق":"2","اسم_القطاع":"ABOR 5","موقف_التنفيذ":"تم التسليم","موقف_المتخلص":"3","ملاحظات":null,"Length":0.283013698630137,"Field":"رئيسي","SHAPE_Length":362.84298099278647,"__networkId":"roads","__networkName":"الطرق والقطاعات","__layerId":"roads_lines","__layerName":"طرق المدينة","__assetName":"طرق المدينة","__geometryKind":"line","__featureIndex":351,"__length_m":362.84,"__typeValue":"تم التسليم"},"geometry":{"type":"LineString","coordinates":[[31.560976977737795,30.279740245260786],[31.56104916392051,30.279974077196826],[31.561104700739136,30.28021127534845],[31.561143381402772,30.28045095649219],[31.56116506188405,30.280692228160092],[31.56116966145503,30.28093419197066],[31.56115716299027,30.281175946972482],[31.56112761302789,30.2814165929971],[31.561081121597084,30.281655234012018],[31.561017861807,30.281890981456677],[31.56093806920629,30.282122957553174],[31.56078083508708,30.28249322874217]]}},{"type":"Feature","properties":{"اسم_الحي":"حي 39","نوع_الطريق":"2","اسم_القطاع":"ABOR 21","موقف_التنفيذ":"تم التسليم","موقف_المتخلص":"3","ملاحظات":null,"Length":0.283013698630137,"Field":"رئيسي","SHAPE_Length":80.93005072592848,"__networkId":"roads","__networkName":"الطرق والقطاعات","__layerId":"roads_lines","__layerName":"طرق المدينة","__assetName":"طرق المدينة","__geometryKind":"line","__featureIndex":352,"__length_m":80.93,"__typeValue":"تم التسليم"},"geometry":{"type":"LineString","coordinates":[[31.507882115751972,30.2670434759696],[31.50790440489431,30.26690395981859],[31.507938911562444,30.26676631102973],[31.507985435983695,30.26663132651485],[31.5080689258052,30.266439130381155]]}},{"type":"Feature","properties":{"اسم_الحي":"حي 39","نوع_الطريق":"2","اسم_القطاع":"ABOR 19","موقف_التنفيذ":"تم التسليم","موقف_المتخلص":"3","ملاحظات":null,"Length":0.283013698630137,"Field":"رئيسي","SHAPE_Length":132.16981661463566,"__networkId":"roads","__networkName":"الطرق والقطاعات","__layerId":"roads_lines","__layerName":"طرق المدينة","__assetName":"طرق المدينة","__geometryKind":"line","__featureIndex":353,"__length_m":132.17,"__typeValue":"تم التسليم"},"geometry":{"type":"LineString","coordinates":[[31.515764613181197,30.262378702125158],[31.51462751221982,30.26208365761058]]}},{"type":"Feature","properties":{"اسم_الحي":"حي 15","نوع_الطريق":"3","اسم_القطاع":"ABOR 8","موقف_التنفيذ":"جاري العمل ميدانيا","موقف_المتخلص":"3","ملاحظات":null,"Length":0.1752358490566038,"Field":"ثانوي","SHAPE_Length":45.774164073109446,"__networkId":"roads","__networkName":"الطرق والقطاعات","__layerId":"roads_lines","__layerName":"طرق المدينة","__assetName":"طرق المدينة","__geometryKind":"line","__featureIndex":354,"__length_m":45.77,"__typeValue":"جاري العمل ميدانيا"},"geometry":{"type":"LineString","coordinates":[[31.57519656757527,30.251841181439097],[31.57522015374139,30.251486566293735]]}},{"type":"Feature","properties":{"اسم_الحي":"حي 15","نوع_الطريق":"2","اسم_القطاع":"ABOR 8","موقف_التنفيذ":"جاري العمل ميدانيا","موقف_المتخلص":"3","ملاحظات":null,"Length":0.1752358490566038,"Field":"رئيسي","SHAPE_Length":239.4337829520059,"__networkId":"roads","__networkName":"الطرق والقطاعات","__layerId":"roads_lines","__layerName":"طرق المدينة","__assetName":"طرق المدينة","__geometryKind":"line","__featureIndex":355,"__length_m":239.43,"__typeValue":"جاري العمل ميدانيا"},"geometry":{"type":"LineString","coordinates":[[31.571422874424087,30.25818488086279],[31.57071664988575,30.258148222025497],[31.570570322942572,30.25812938493483],[31.570498046068966,30.258115710371484],[31.570356000895252,30.258079988332458],[31.570286521759353,30.25805801357403],[31.569356056669545,30.257743038592903]]}},{"type":"Feature","properties":{"اسم_الحي":"حي 39","نوع_الطريق":"3","اسم_القطاع":"ABOR 16","موقف_التنفيذ":"تم التسليم","موقف_المتخلص":"3","ملاحظات":null,"Length":0.283013698630137,"Field":"ثانوي","SHAPE_Length":128.3337987392564,"__networkId":"roads","__networkName":"الطرق والقطاعات","__layerId":"roads_lines","__layerName":"طرق المدينة","__assetName":"طرق المدينة","__geometryKind":"line","__featureIndex":356,"__length_m":128.33,"__typeValue":"تم التسليم"},"geometry":{"type":"LineString","coordinates":[[31.53662262540756,30.272087512227717],[31.535470076118262,30.272065072346102]]}},{"type":"Feature","properties":{"اسم_الحي":"حي 39","نوع_الطريق":"2","اسم_القطاع":"ABOR 22","موقف_التنفيذ":"تم التسليم","موقف_المتخلص":"3","ملاحظات":null,"Length":0.283013698630137,"Field":"رئيسي","SHAPE_Length":356.7565511270476,"__networkId":"roads","__networkName":"الطرق والقطاعات","__layerId":"roads_lines","__layerName":"طرق المدينة","__assetName":"طرق المدينة","__geometryKind":"line","__featureIndex":357,"__length_m":356.76,"__typeValue":"تم التسليم"},"geometry":{"type":"LineString","coordinates":[[31.495166524888994,30.272140775505274],[31.494622540187233,30.270667831266174],[31.494544522403146,30.27040565510613],[31.494431253828964,30.270161132426306],[31.49431502081436,30.269923570743064],[31.494050175909027,30.269559675093568]]}},{"type":"Feature","properties":{"اسم_الحي":"حي 13","نوع_الطريق":"2","اسم_القطاع":"ABOR 5","موقف_التنفيذ":"تم التسليم","موقف_المتخلص":"3","ملاحظات":null,"Length":0.283013698630137,"Field":"رئيسي","SHAPE_Length":429.59953930410336,"__networkId":"roads","__networkName":"الطرق والقطاعات","__layerId":"roads_lines","__layerName":"طرق المدينة","__assetName":"طرق المدينة","__geometryKind":"line","__featureIndex":358,"__length_m":429.6,"__typeValue":"تم التسليم"},"geometry":{"type":"LineString","coordinates":[[31.554084596228204,30.279120687484554],[31.551223303944795,30.276884323369362]]}},{"type":"Feature","properties":{"اسم_الحي":"حي 15","نوع_الطريق":"3","اسم_القطاع":"ABOR 7","موقف_التنفيذ":"جاري العمل ميدانيا","موقف_المتخلص":"3","ملاحظات":null,"Length":0.1752358490566038,"Field":"ثانوي","SHAPE_Length":45.459307499035916,"__networkId":"roads","__networkName":"الطرق والقطاعات","__layerId":"roads_lines","__layerName":"طرق المدينة","__assetName":"طرق المدينة","__geometryKind":"line","__featureIndex":359,"__length_m":45.46,"__typeValue":"جاري العمل ميدانيا"},"geometry":{"type":"LineString","coordinates":[[31.58314414165862,30.25260778823063],[31.58273645114841,30.252587478607694]]}},{"type":"Feature","properties":{"اسم_الحي":"حي 39","نوع_الطريق":"2","اسم_القطاع":"ABOR 21","موقف_التنفيذ":"تم التسليم","موقف_المتخلص":"3","ملاحظات":null,"Length":0.283013698630137,"Field":"رئيسي","SHAPE_Length":752.4657803830793,"__networkId":"roads","__networkName":"الطرق والقطاعات","__layerId":"roads_lines","__layerName":"طرق المدينة","__assetName":"طرق المدينة","__geometryKind":"line","__featureIndex":360,"__length_m":752.47,"__typeValue":"تم التسليم"},"geometry":{"type":"LineString","coordinates":[[31.499497657708304,30.264315807596784],[31.500445554606184,30.265689731005835],[31.49979267522737,30.266019911605746],[31.499748090477063,30.266056995968405],[31.499712685073654,30.266100847774215],[31.499687805002782,30.266149799929032],[31.499621331468397,30.266468112103883],[31.499607701385184,30.266509485056364],[31.49959345365103,30.266535416489216],[31.499564965804154,30.266570699817155],[31.499541716651247,30.266591209769654],[31.499501477344857,30.266616556207794],[31.498535520716498,30.267105052236783],[31.497404531892304,30.265419915478237]]}},{"type":"Feature","properties":{"اسم_الحي":"حي 16","نوع_الطريق":"3","اسم_القطاع":"ABOR 10","موقف_التنفيذ":"جاري العمل مكتبيا","موقف_المتخلص":"3","ملاحظات":null,"Length":0.1752358490566038,"Field":"ثانوي","SHAPE_Length":50.09432098481577,"__networkId":"roads","__networkName":"الطرق والقطاعات","__layerId":"roads_lines","__layerName":"طرق المدينة","__assetName":"طرق المدينة","__geometryKind":"line","__featureIndex":361,"__length_m":50.09,"__typeValue":"جاري العمل مكتبيا"},"geometry":{"type":"LineString","coordinates":[[31.561573776191743,30.252159141915666],[31.562023024563647,30.252181673256246]]}},{"type":"Feature","properties":{"اسم_الحي":"حي 39","نوع_الطريق":"2","اسم_القطاع":"ABOR 16","موقف_التنفيذ":"تم التسليم","موقف_المتخلص":"3","ملاحظات":null,"Length":0.283013698630137,"Field":"رئيسي","SHAPE_Length":179.43762884714016,"__networkId":"roads","__networkName":"الطرق والقطاعات","__layerId":"roads_lines","__layerName":"طرق المدينة","__assetName":"طرق المدينة","__geometryKind":"line","__featureIndex":362,"__length_m":179.44,"__typeValue":"تم التسليم"},"geometry":{"type":"LineString","coordinates":[[31.530381926720853,30.267840235668494],[31.529964553270162,30.266495528119872]]}},{"type":"Feature","properties":{"اسم_الحي":"حي 39","نوع_الطريق":"2","اسم_القطاع":"ABOR 20","موقف_التنفيذ":"تم التسليم","موقف_المتخلص":"3","ملاحظات":null,"Length":0.283013698630137,"Field":"رئيسي","SHAPE_Length":75.31519650386285,"__networkId":"roads","__networkName":"الطرق والقطاعات","__layerId":"roads_lines","__layerName":"طرق المدينة","__assetName":"طرق المدينة","__geometryKind":"line","__featureIndex":363,"__length_m":75.32,"__typeValue":"تم التسليم"},"geometry":{"type":"LineString","coordinates":[[31.510003459447628,30.262133252425468],[31.510647977307798,30.262310980874553]]}},{"type":"Feature","properties":{"اسم_الحي":"حي 16","نوع_الطريق":"3","اسم_القطاع":"ABOR 10","موقف_التنفيذ":"جاري العمل مكتبيا","موقف_المتخلص":"3","ملاحظات":null,"Length":0.1752358490566038,"Field":"ثانوي","SHAPE_Length":46.04651819572834,"__networkId":"roads","__networkName":"الطرق والقطاعات","__layerId":"roads_lines","__layerName":"طرق المدينة","__assetName":"طرق المدينة","__geometryKind":"line","__featureIndex":364,"__length_m":46.05,"__typeValue":"جاري العمل مكتبيا"},"geometry":{"type":"LineString","coordinates":[[31.565009837543382,30.25327135258756],[31.565422785892974,30.25329205005446]]}},{"type":"Feature","properties":{"اسم_الحي":"حي 39","نوع_الطريق":"1","اسم_القطاع":"ABOR 13","موقف_التنفيذ":"تم التسليم","موقف_المتخلص":"3","ملاحظات":null,"Length":0.283013698630137,"Field":"رئيسي","SHAPE_Length":474.5928607078028,"__networkId":"roads","__networkName":"الطرق والقطاعات","__layerId":"roads_lines","__layerName":"طرق المدينة","__assetName":"طرق المدينة","__geometryKind":"line","__featureIndex":365,"__length_m":474.59,"__typeValue":"تم التسليم"},"geometry":{"type":"LineString","coordinates":[[31.521903331523582,30.274857713602543],[31.521388276167244,30.275994974288565],[31.521367734859147,30.276048227227314],[31.52135759461487,30.276084617399427],[31.520990759077595,30.278430375417077]]}},{"type":"Feature","properties":{"اسم_الحي":"حي 39","نوع_الطريق":"3","اسم_القطاع":"ABOR 17","موقف_التنفيذ":"تم التسليم","موقف_المتخلص":"3","ملاحظات":null,"Length":0.283013698630137,"Field":"ثانوي","SHAPE_Length":160.8769338807654,"__networkId":"roads","__networkName":"الطرق والقطاعات","__layerId":"roads_lines","__layerName":"طرق المدينة","__assetName":"طرق المدينة","__geometryKind":"line","__featureIndex":366,"__length_m":160.88,"__typeValue":"تم التسليم"},"geometry":{"type":"LineString","coordinates":[[31.52504198763413,30.272814390471993],[31.523697962442014,30.27235564762441]]}},{"type":"Feature","properties":{"اسم_الحي":"حي 39","نوع_الطريق":"2","اسم_القطاع":"ABOR 20","موقف_التنفيذ":"تم التسليم","موقف_المتخلص":"3","ملاحظات":null,"Length":0.283013698630137,"Field":"رئيسي","SHAPE_Length":169.05466803039528,"__networkId":"roads","__networkName":"الطرق والقطاعات","__layerId":"roads_lines","__layerName":"طرق المدينة","__assetName":"طرق المدينة","__geometryKind":"line","__featureIndex":367,"__length_m":169.05,"__typeValue":"تم التسليم"},"geometry":{"type":"LineString","coordinates":[[31.516038626292296,30.266459714900044],[31.5145920700886,30.266859029350545]]}},{"type":"Feature","properties":{"اسم_الحي":"حي 15","نوع_الطريق":"3","اسم_القطاع":"ABOR 7","موقف_التنفيذ":"جاري العمل ميدانيا","موقف_المتخلص":"3","ملاحظات":null,"Length":0.1752358490566038,"Field":"ثانوي","SHAPE_Length":52.986255468745824,"__networkId":"roads","__networkName":"الطرق والقطاعات","__layerId":"roads_lines","__layerName":"طرق المدينة","__assetName":"طرق المدينة","__geometryKind":"line","__featureIndex":368,"__length_m":52.99,"__typeValue":"جاري العمل ميدانيا"},"geometry":{"type":"LineString","coordinates":[[31.587186373587596,30.257905908865332],[31.587661570694785,30.25792953450655]]}},{"type":"Feature","properties":{"اسم_الحي":"حي 15","نوع_الطريق":"3","اسم_القطاع":"ABOR 7","موقف_التنفيذ":"جاري العمل ميدانيا","موقف_المتخلص":"3","ملاحظات":null,"Length":0.1752358490566038,"Field":"ثانوي","SHAPE_Length":44.21896428437122,"__networkId":"roads","__networkName":"الطرق والقطاعات","__layerId":"roads_lines","__layerName":"طرق المدينة","__assetName":"طرق المدينة","__geometryKind":"line","__featureIndex":369,"__length_m":44.22,"__typeValue":"جاري العمل ميدانيا"},"geometry":{"type":"LineString","coordinates":[[31.589168455956354,30.256261198613323],[31.589548370557978,30.25636138653414]]}},{"type":"Feature","properties":{"اسم_الحي":"حي 15","نوع_الطريق":"3","اسم_القطاع":"ABOR 7","موقف_التنفيذ":"جاري العمل ميدانيا","موقف_المتخلص":"3","ملاحظات":null,"Length":0.1752358490566038,"Field":"ثانوي","SHAPE_Length":42.45043548973946,"__networkId":"roads","__networkName":"الطرق والقطاعات","__layerId":"roads_lines","__layerName":"طرق المدينة","__assetName":"طرق المدينة","__geometryKind":"line","__featureIndex":370,"__length_m":42.45,"__typeValue":"جاري العمل ميدانيا"},"geometry":{"type":"LineString","coordinates":[[31.58983663184781,30.254035540399837],[31.590206531132367,30.25411561682666]]}},{"type":"Feature","properties":{"اسم_الحي":"حي 15","نوع_الطريق":"2","اسم_القطاع":"ABOR 7","موقف_التنفيذ":"جاري العمل ميدانيا","موقف_المتخلص":"3","ملاحظات":null,"Length":0.1752358490566038,"Field":"رئيسي","SHAPE_Length":214.54646376055393,"__networkId":"roads","__networkName":"الطرق والقطاعات","__layerId":"roads_lines","__layerName":"طرق المدينة","__assetName":"طرق المدينة","__geometryKind":"line","__featureIndex":371,"__length_m":214.55,"__typeValue":"جاري العمل ميدانيا"},"geometry":{"type":"LineString","coordinates":[[31.587595759218765,30.25509090577854],[31.589519868810637,30.25518671151957]]}},{"type":"Feature","properties":{"اسم_الحي":"حي 16","نوع_الطريق":"3","اسم_القطاع":"ABOR 10","موقف_التنفيذ":"جاري العمل مكتبيا","موقف_المتخلص":"3","ملاحظات":null,"Length":0.1752358490566038,"Field":"ثانوي","SHAPE_Length":62.238473903263994,"__networkId":"roads","__networkName":"الطرق والقطاعات","__layerId":"roads_lines","__layerName":"طرق المدينة","__assetName":"طرق المدينة","__geometryKind":"line","__featureIndex":372,"__length_m":62.24,"__typeValue":"جاري العمل مكتبيا"},"geometry":{"type":"LineString","coordinates":[[31.557205333643754,30.253572480009456],[31.55776216425408,30.253615928023574]]}},{"type":"Feature","properties":{"اسم_الحي":"حي 13","نوع_الطريق":"2","اسم_القطاع":"ABOR 5","موقف_التنفيذ":"تم التسليم","موقف_المتخلص":"3","ملاحظات":null,"Length":0.283013698630137,"Field":"رئيسي","SHAPE_Length":714.8492757664361,"__networkId":"roads","__networkName":"الطرق والقطاعات","__layerId":"roads_lines","__layerName":"طرق المدينة","__assetName":"طرق المدينة","__geometryKind":"line","__featureIndex":373,"__length_m":714.85,"__typeValue":"تم التسليم"},"geometry":{"type":"LineString","coordinates":[[31.54965297426799,30.277973437671665],[31.550163440131556,30.27748138137065],[31.550212992903464,30.277442412598326],[31.55025071434664,30.277421662942317],[31.55029136749291,30.2774055636809],[31.550334188297406,30.277394417389406],[31.550378371975942,30.27738843355568],[31.550423088131136,30.277387724642164],[31.55046749635401,30.27739230397351],[31.550510762027937,30.277402085483214],[31.550552072007328,30.27741688533298],[31.55059064990228,30.277436425369345],[31.55062577066892,30.277460338349805],[31.55348745192287,30.27969634412454],[31.55353239304219,30.279739530272316],[31.55355630519111,30.279772314533062],[31.553574849968623,30.27980759557878],[31.55358768496556,30.279844721985096],[31.553594573199383,30.279883008255016],[31.553593507801647,30.279941063388495],[31.553585218160478,30.279979141900046],[31.5535617966609,30.280033567461235],[31.553539278041967,30.280067079454106],[31.553511706435536,30.280097645750924],[31.55300035303647,30.28059054847008]]}},{"type":"Feature","properties":{"اسم_الحي":"حي 39","نوع_الطريق":"2","اسم_القطاع":"ABOR 20","موقف_التنفيذ":"تم التسليم","موقف_المتخلص":"3","ملاحظات":null,"Length":0.283013698630137,"Field":"رئيسي","SHAPE_Length":287.83641727840745,"__networkId":"roads","__networkName":"الطرق والقطاعات","__layerId":"roads_lines","__layerName":"طرق المدينة","__assetName":"طرق المدينة","__geometryKind":"line","__featureIndex":374,"__length_m":287.84,"__typeValue":"تم التسليم"},"geometry":{"type":"LineString","coordinates":[[31.508000600843005,30.25890297380106],[31.50823939993799,30.25914632620138],[31.50849498262948,30.25937660771779],[31.50876639205321,30.25959295630426],[31.50905261209204,30.25979456207752],[31.509352571179996,30.25998067034678],[31.509665146311587,30.26015058444149],[31.50998916725148,30.260303668311867]]}},{"type":"Feature","properties":{"اسم_الحي":"حي 39","نوع_الطريق":"2","اسم_القطاع":"ABOR 20","موقف_التنفيذ":"تم التسليم","موقف_المتخلص":"3","ملاحظات":null,"Length":0.283013698630137,"Field":"رئيسي","SHAPE_Length":48.689358488612335,"__networkId":"roads","__networkName":"الطرق والقطاعات","__layerId":"roads_lines","__layerName":"طرق المدينة","__assetName":"طرق المدينة","__geometryKind":"line","__featureIndex":375,"__length_m":48.69,"__typeValue":"تم التسليم"},"geometry":{"type":"LineString","coordinates":[[31.510647977307798,30.262310980874553],[31.51106464288604,30.262425874436]]}},{"type":"Feature","properties":{"اسم_الحي":"حي 15","نوع_الطريق":"3","اسم_القطاع":"ABOR 7","موقف_التنفيذ":"جاري العمل ميدانيا","موقف_المتخلص":"3","ملاحظات":"محتاج النظر فيها","Length":0.1752358490566038,"Field":"ثانوي","SHAPE_Length":44.82255389670767,"__networkId":"roads","__networkName":"الطرق والقطاعات","__layerId":"roads_lines","__layerName":"طرق المدينة","__assetName":"طرق المدينة","__geometryKind":"line","__featureIndex":376,"__length_m":44.82,"__typeValue":"جاري العمل ميدانيا"},"geometry":{"type":"LineString","coordinates":[[31.580331530877082,30.253980346010902],[31.580380149496893,30.254325608014593]]}},{"type":"Feature","properties":{"اسم_الحي":"حي 39","نوع_الطريق":"2","اسم_القطاع":"ABOR 17","موقف_التنفيذ":"تم التسليم","موقف_المتخلص":"3","ملاحظات":null,"Length":0.283013698630137,"Field":"رئيسي","SHAPE_Length":226.99051243551565,"__networkId":"roads","__networkName":"الطرق والقطاعات","__layerId":"roads_lines","__layerName":"طرق المدينة","__assetName":"طرق المدينة","__geometryKind":"line","__featureIndex":377,"__length_m":226.99,"__typeValue":"تم التسليم"},"geometry":{"type":"LineString","coordinates":[[31.520630799651656,30.269091207325914],[31.52074140112776,30.269447141459814],[31.520774298531684,30.269561677245147],[31.52080213149978,30.269677210063744],[31.52082485980787,30.269793572940713],[31.52084245060793,30.26991059770123],[31.520854878477376,30.270028115214433],[31.520862125453338,30.270145955639535],[31.52086418106418,30.270263948665296],[31.520858559410854,30.270425701935462],[31.520852089723277,30.270506428623634],[31.520831854603422,30.27066730792043],[31.520801940391383,30.270827057741506]]}},{"type":"Feature","properties":{"اسم_الحي":"حي 16","نوع_الطريق":"1","اسم_القطاع":"ABOR 11","موقف_التنفيذ":"جاري العمل مكتبيا","موقف_المتخلص":"3","ملاحظات":null,"Length":1.72,"Field":"رئيسي","SHAPE_Length":806.9070599646384,"__networkId":"roads","__networkName":"الطرق والقطاعات","__layerId":"roads_lines","__layerName":"طرق المدينة","__assetName":"طرق المدينة","__geometryKind":"line","__featureIndex":378,"__length_m":806.91,"__typeValue":"جاري العمل مكتبيا"},"geometry":{"type":"LineString","coordinates":[[31.55794744088313,30.247873427271447],[31.557820572132638,30.24869656282866],[31.55771047483699,30.24944925124737],[31.557606312123266,30.25019901791097],[31.55749534104373,30.251045203627086],[31.557405629556154,30.251771676532364],[31.557314983586405,30.252551943645855],[31.557231028822283,30.25332470547423],[31.557152946591323,30.254096506380222]]}},{"type":"Feature","properties":{"اسم_الحي":"حي 15","نوع_الطريق":"3","اسم_القطاع":"ABOR 7","موقف_التنفيذ":"جاري العمل ميدانيا","موقف_المتخلص":"3","ملاحظات":null,"Length":0.1752358490566038,"Field":"ثانوي","SHAPE_Length":55.15739438641804,"__networkId":"roads","__networkName":"الطرق والقطاعات","__layerId":"roads_lines","__layerName":"طرق المدينة","__assetName":"طرق المدينة","__geometryKind":"line","__featureIndex":379,"__length_m":55.16,"__typeValue":"جاري العمل ميدانيا"},"geometry":{"type":"LineString","coordinates":[[31.580661354520192,30.25586181313268],[31.581057529526777,30.255604769160858]]}},{"type":"Feature","properties":{"اسم_الحي":"حي 15","نوع_الطريق":"3","اسم_القطاع":"ABOR 7","موقف_التنفيذ":"جاري العمل ميدانيا","موقف_المتخلص":"3","ملاحظات":null,"Length":0.1752358490566038,"Field":"ثانوي","SHAPE_Length":40.93284596885193,"__networkId":"roads","__networkName":"الطرق والقطاعات","__layerId":"roads_lines","__layerName":"طرق المدينة","__assetName":"طرق المدينة","__geometryKind":"line","__featureIndex":380,"__length_m":40.93,"__typeValue":"جاري العمل ميدانيا"},"geometry":{"type":"LineString","coordinates":[[31.590006427809552,30.25330513136655],[31.590368102119378,30.25336242590991]]}},{"type":"Feature","properties":{"اسم_الحي":"حي 16","نوع_الطريق":"2","اسم_القطاع":"ABOR 9","موقف_التنفيذ":"جاري العمل ميدانيا","موقف_المتخلص":"3","ملاحظات":null,"Length":0.1752358490566038,"Field":"رئيسي","SHAPE_Length":258.4112136518485,"__networkId":"roads","__networkName":"الطرق والقطاعات","__layerId":"roads_lines","__layerName":"طرق المدينة","__assetName":"طرق المدينة","__geometryKind":"line","__featureIndex":381,"__length_m":258.41,"__typeValue":"جاري العمل ميدانيا"},"geometry":{"type":"LineString","coordinates":[[31.570049563255388,30.25619909100552],[31.567729967664732,30.25612120600326]]}},{"type":"Feature","properties":{"اسم_الحي":"حي 16","نوع_الطريق":"3","اسم_القطاع":"ABOR 9","موقف_التنفيذ":"جاري العمل ميدانيا","موقف_المتخلص":"3","ملاحظات":null,"Length":0.1752358490566038,"Field":"ثانوي","SHAPE_Length":52.924488252987004,"__networkId":"roads","__networkName":"الطرق والقطاعات","__layerId":"roads_lines","__layerName":"طرق المدينة","__assetName":"طرق المدينة","__geometryKind":"line","__featureIndex":382,"__length_m":52.92,"__typeValue":"جاري العمل ميدانيا"},"geometry":{"type":"LineString","coordinates":[[31.56639201867718,30.25547502440812],[31.566866665117118,30.255498573814734]]}},{"type":"Feature","properties":{"اسم_الحي":"حي 39","نوع_الطريق":"2","اسم_القطاع":"ABOR 20","موقف_التنفيذ":"تم التسليم","موقف_المتخلص":"3","ملاحظات":null,"Length":0.283013698630137,"Field":"رئيسي","SHAPE_Length":115.0269288696232,"__networkId":"roads","__networkName":"الطرق والقطاعات","__layerId":"roads_lines","__layerName":"طرق المدينة","__assetName":"طرق المدينة","__geometryKind":"line","__featureIndex":383,"__length_m":115.03,"__typeValue":"تم التسليم"},"geometry":{"type":"LineString","coordinates":[[31.51040415926833,30.26317826883857],[31.510647977307798,30.262310980874553]]}},{"type":"Feature","properties":{"اسم_الحي":"حي 14","نوع_الطريق":"2","اسم_القطاع":"ABOR 2","موقف_التنفيذ":"تم التسليم","موقف_المتخلص":"2","ملاحظات":null,"Length":0.283013698630137,"Field":"رئيسي","SHAPE_Length":358.4296976002507,"__networkId":"roads","__networkName":"الطرق والقطاعات","__layerId":"roads_lines","__layerName":"طرق المدينة","__assetName":"طرق المدينة","__geometryKind":"line","__featureIndex":384,"__length_m":358.43,"__typeValue":"تم التسليم"},"geometry":{"type":"LineString","coordinates":[[31.564155032160045,30.267852931770165],[31.565778654391092,30.26545144935331]]}},{"type":"Feature","properties":{"اسم_الحي":"حي 39","نوع_الطريق":"2","اسم_القطاع":"ABOR 18","موقف_التنفيذ":"تم التسليم","موقف_المتخلص":"3","ملاحظات":null,"Length":0.283013698630137,"Field":"رئيسي","SHAPE_Length":337.6477269354424,"__networkId":"roads","__networkName":"الطرق والقطاعات","__layerId":"roads_lines","__layerName":"طرق المدينة","__assetName":"طرق المدينة","__geometryKind":"line","__featureIndex":385,"__length_m":337.65,"__typeValue":"تم التسليم"},"geometry":{"type":"LineString","coordinates":[[31.530399513937457,30.26253888243192],[31.527508826981325,30.26333231985165]]}},{"type":"Feature","properties":{"اسم_الحي":"حي 15","نوع_الطريق":"3","اسم_القطاع":"ABOR 7","موقف_التنفيذ":"جاري العمل ميدانيا","موقف_المتخلص":"3","ملاحظات":null,"Length":0.1752358490566038,"Field":"ثانوي","SHAPE_Length":46.173868375476786,"__networkId":"roads","__networkName":"الطرق والقطاعات","__layerId":"roads_lines","__layerName":"طرق المدينة","__assetName":"طرق المدينة","__geometryKind":"line","__featureIndex":386,"__length_m":46.17,"__typeValue":"جاري العمل ميدانيا"},"geometry":{"type":"LineString","coordinates":[[31.587693813925274,30.256072551705895],[31.587419077670372,30.25580412741604]]}},{"type":"Feature","properties":{"اسم_الحي":"حي 39","نوع_الطريق":"3","اسم_القطاع":"ABOR 16","موقف_التنفيذ":"تم التسليم","موقف_المتخلص":"3","ملاحظات":null,"Length":0.283013698630137,"Field":"ثانوي","SHAPE_Length":72.59239775045384,"__networkId":"roads","__networkName":"الطرق والقطاعات","__layerId":"roads_lines","__layerName":"طرق المدينة","__assetName":"طرق المدينة","__geometryKind":"line","__featureIndex":387,"__length_m":72.59,"__typeValue":"تم التسليم"},"geometry":{"type":"LineString","coordinates":[[31.53442342292957,30.265065521602555],[31.533794687570644,30.26521496327648]]}},{"type":"Feature","properties":{"اسم_الحي":"حي 39","نوع_الطريق":"2","اسم_القطاع":"ABOR 20","موقف_التنفيذ":"تم التسليم","موقف_المتخلص":"3","ملاحظات":null,"Length":0.283013698630137,"Field":"رئيسي","SHAPE_Length":74.48039053412154,"__networkId":"roads","__networkName":"الطرق والقطاعات","__layerId":"roads_lines","__layerName":"طرق المدينة","__assetName":"طرق المدينة","__geometryKind":"line","__featureIndex":388,"__length_m":74.48,"__typeValue":"تم التسليم"},"geometry":{"type":"LineString","coordinates":[[31.5145920700886,30.266859029350545],[31.5139485439685,30.26701717346887]]}},{"type":"Feature","properties":{"اسم_الحي":"حي 39","نوع_الطريق":"2","اسم_القطاع":"ABOR 16","موقف_التنفيذ":"تم التسليم","موقف_المتخلص":"3","ملاحظات":null,"Length":0.283013698630137,"Field":"رئيسي","SHAPE_Length":76.37926348250954,"__networkId":"roads","__networkName":"الطرق والقطاعات","__layerId":"roads_lines","__layerName":"طرق المدينة","__assetName":"طرق المدينة","__geometryKind":"line","__featureIndex":389,"__length_m":76.38,"__typeValue":"تم التسليم"},"geometry":{"type":"LineString","coordinates":[[31.529103337508968,30.266724956952498],[31.528959377993115,30.26655733283526],[31.528839451106048,30.26618767319341]]}},{"type":"Feature","properties":{"اسم_الحي":"حي 39","نوع_الطريق":"2","اسم_القطاع":"ABOR 19","موقف_التنفيذ":"تم التسليم","موقف_المتخلص":"3","ملاحظات":null,"Length":0.283013698630137,"Field":"رئيسي","SHAPE_Length":73.74215818094252,"__networkId":"roads","__networkName":"الطرق والقطاعات","__layerId":"roads_lines","__layerName":"طرق المدينة","__assetName":"طرق المدينة","__geometryKind":"line","__featureIndex":390,"__length_m":73.74,"__typeValue":"تم التسليم"},"geometry":{"type":"LineString","coordinates":[[31.522349973882864,30.264155322162402],[31.52253933515149,30.26470360040741]]}},{"type":"Feature","properties":{"اسم_الحي":"حي 15","نوع_الطريق":"2","اسم_القطاع":"ABOR 7","موقف_التنفيذ":"جاري العمل ميدانيا","موقف_المتخلص":"3","ملاحظات":null,"Length":0.1752358490566038,"Field":"رئيسي","SHAPE_Length":894.5516631121811,"__networkId":"roads","__networkName":"الطرق والقطاعات","__layerId":"roads_lines","__layerName":"طرق المدينة","__assetName":"طرق المدينة","__geometryKind":"line","__featureIndex":391,"__length_m":894.55,"__typeValue":"جاري العمل ميدانيا"},"geometry":{"type":"LineString","coordinates":[[31.58079370600595,30.254784625213027],[31.581405451527907,30.255380302956265],[31.581495028833075,30.255456668453032],[31.581549451467957,30.25549576098436],[31.581606909510143,30.255532113610304],[31.581717058235334,30.255589844491944],[31.581834178785442,30.255636649158618],[31.5819014554137,30.25565760529509],[31.58196980463042,30.255674838410364],[31.582080386343588,30.255694580174328],[31.58219103722703,30.255704763763298],[31.585810771714907,30.255885876901484],[31.585951452379984,30.255902621128193],[31.586076309221326,30.2559271908063],[31.5861478708135,30.255945589350706],[31.586219255437552,30.255967240672053],[31.586342907638084,30.256013075998368],[31.586463588211654,30.25606903743432],[31.586563443142012,30.256124921243572],[31.586658926870196,30.256187832780167],[31.586749079995467,30.25625736155442],[31.58683301138911,30.256332968269486],[31.586909936821826,30.25641399801295],[31.58697919693024,30.2564996957765],[31.587049631136725,30.25660447238972],[31.587100720123548,30.256697386264072],[31.587149254301732,30.256808149841675],[31.58718136817484,30.256904102888658],[31.587207986154997,30.257016041784055],[31.587221845363214,30.25711108910542],[31.587228147044925,30.257219943405076],[31.58722656151844,30.25729584501192],[31.587214706451647,30.2574768233069]]}},{"type":"Feature","properties":{"اسم_الحي":"حي 39","نوع_الطريق":"3","اسم_القطاع":"ABOR 13","موقف_التنفيذ":"تم التسليم","موقف_المتخلص":"3","ملاحظات":null,"Length":0.283013698630137,"Field":"ثانوي","SHAPE_Length":123.86579211327903,"__networkId":"roads","__networkName":"الطرق والقطاعات","__layerId":"roads_lines","__layerName":"طرق المدينة","__assetName":"طرق المدينة","__geometryKind":"line","__featureIndex":392,"__length_m":123.87,"__typeValue":"تم التسليم"},"geometry":{"type":"LineString","coordinates":[[31.521630934481653,30.273724479377297],[31.52121149670247,30.274614549581376]]}},{"type":"Feature","properties":{"اسم_الحي":"حي 16","نوع_الطريق":"3","اسم_القطاع":"ABOR 10","موقف_التنفيذ":"جاري العمل مكتبيا","موقف_المتخلص":"3","ملاحظات":null,"Length":0.1752358490566038,"Field":"ثانوي","SHAPE_Length":36.3592301901555,"__networkId":"roads","__networkName":"الطرق والقطاعات","__layerId":"roads_lines","__layerName":"طرق المدينة","__assetName":"طرق المدينة","__geometryKind":"line","__featureIndex":393,"__length_m":36.36,"__typeValue":"جاري العمل مكتبيا"},"geometry":{"type":"LineString","coordinates":[[31.561573776191743,30.252159141915666],[31.56124770481158,30.252142788144585]]}},{"type":"Feature","properties":{"اسم_الحي":"حي 39","نوع_الطريق":"3","اسم_القطاع":"ABOR 17","موقف_التنفيذ":"تم التسليم","موقف_المتخلص":"3","ملاحظات":null,"Length":0.283013698630137,"Field":"ثانوي","SHAPE_Length":164.3439813726038,"__networkId":"roads","__networkName":"الطرق والقطاعات","__layerId":"roads_lines","__layerName":"طرق المدينة","__assetName":"طرق المدينة","__geometryKind":"line","__featureIndex":394,"__length_m":164.34,"__typeValue":"تم التسليم"},"geometry":{"type":"LineString","coordinates":[[31.52694822793838,30.27320804511907],[31.525575228485106,30.272739438047335]]}},{"type":"Feature","properties":{"اسم_الحي":"حي 15","نوع_الطريق":"2","اسم_القطاع":"ABOR 8","موقف_التنفيذ":"جاري العمل ميدانيا","موقف_المتخلص":"3","ملاحظات":null,"Length":0.1752358490566038,"Field":"رئيسي","SHAPE_Length":367.0135246412234,"__networkId":"roads","__networkName":"الطرق والقطاعات","__layerId":"roads_lines","__layerName":"طرق المدينة","__assetName":"طرق المدينة","__geometryKind":"line","__featureIndex":395,"__length_m":367.01,"__typeValue":"جاري العمل ميدانيا"},"geometry":{"type":"LineString","coordinates":[[31.571905059525896,30.25167778740948],[31.57519656757527,30.251841181439097]]}},{"type":"Feature","properties":{"اسم_الحي":"حي 16","نوع_الطريق":"1","اسم_القطاع":"ABOR 9","موقف_التنفيذ":"جاري العمل ميدانيا","موقف_المتخلص":"3","ملاحظات":null,"Length":0.1752358490566038,"Field":"رئيسي","SHAPE_Length":1099.3757312495613,"__networkId":"roads","__networkName":"الطرق والقطاعات","__layerId":"roads_lines","__layerName":"طرق المدينة","__assetName":"طرق المدينة","__geometryKind":"line","__featureIndex":396,"__length_m":1099.38,"__typeValue":"جاري العمل ميدانيا"},"geometry":{"type":"LineString","coordinates":[[31.572129662601444,30.250996707535524],[31.57200301211109,30.251386327506452],[31.57187896315154,30.251754080273436],[31.57174781971401,30.252129373020054],[31.571614465630116,30.252498065382788],[31.571426734550833,30.25299717104945],[31.571294294929093,30.2533365602519],[31.571158362738693,30.25367491635991],[31.57101894875321,30.25401221256844],[31.57086235940294,30.254380187787046],[31.570701873905968,30.254746266391177],[31.568783351031517,30.259017993170012]]}},{"type":"Feature","properties":{"اسم_الحي":"حي 14","نوع_الطريق":"2","اسم_القطاع":"ABOR 2","موقف_التنفيذ":"تم التسليم","موقف_المتخلص":"2","ملاحظات":null,"Length":0.283013698630137,"Field":"رئيسي","SHAPE_Length":739.963269173591,"__networkId":"roads","__networkName":"الطرق والقطاعات","__layerId":"roads_lines","__layerName":"طرق المدينة","__assetName":"طرق المدينة","__geometryKind":"line","__featureIndex":397,"__length_m":739.96,"__typeValue":"تم التسليم"},"geometry":{"type":"LineString","coordinates":[[31.57098470227966,30.269221768898404],[31.571075392533007,30.26934481143014],[31.57115988195303,30.269471103493366],[31.57123801469922,30.269600412129865],[31.571309646651045,30.26973249881329],[31.571374645681782,30.269867119893128],[31.571432891899434,30.270004027050813],[31.571484277867015,30.27014296774485],[31.57153720699336,30.270309289889838],[31.5715825776975,30.27047726953243],[31.57162032080663,30.270646650560288],[31.57165037877725,30.270817174725146],[31.571672705781264,30.270988582036686],[31.571687267779822,30.271160611161147],[31.57169404257071,30.271332999814977],[31.571693160196027,30.27150073592902],[31.571684906064007,30.271668321939536],[31.571669292075068,30.271835516284987],[31.57164634073364,30.272002077969667],[31.571616085123352,30.27216776691002],[31.57157856885559,30.272332344283292],[31.57153384600609,30.27249557286878],[31.571478193274046,30.272668155553973],[31.5714144687423,30.272838643003823],[31.571342777616042,30.27300675377528],[31.571263238246278,30.273172210348037],[31.571175981944787,30.27333473958762],[31.571081152761437,30.273494073192946],[31.570978907247753,30.273649948136438],[31.57088574347114,30.273782237940367],[31.57078934029176,30.273912784986667],[31.570689741393558,30.27404153012899],[31.5705869919075,30.274168415036456],[31.57048113839095,30.27429338222046],[31.57037222880949,30.274416375064188],[31.570260312512637,30.27453733784219]]}},{"type":"Feature","properties":{"اسم_الحي":"حي 15","نوع_الطريق":"3","اسم_القطاع":"ABOR 7","موقف_التنفيذ":"جاري العمل ميدانيا","موقف_المتخلص":"3","ملاحظات":"محتاج النظر فيها","Length":0.1752358490566038,"Field":"ثانوي","SHAPE_Length":33.65478610667857,"__networkId":"roads","__networkName":"الطرق والقطاعات","__layerId":"roads_lines","__layerName":"طرق المدينة","__assetName":"طرق المدينة","__geometryKind":"line","__featureIndex":398,"__length_m":33.65,"__typeValue":"جاري العمل ميدانيا"},"geometry":{"type":"LineString","coordinates":[[31.583841993395524,30.253403037847484],[31.58382360847493,30.253663705142326]]}},{"type":"Feature","properties":{"اسم_الحي":"حي 39","نوع_الطريق":"2","اسم_القطاع":"ABOR 20","موقف_التنفيذ":"تم التسليم","موقف_المتخلص":"3","ملاحظات":null,"Length":0.283013698630137,"Field":"رئيسي","SHAPE_Length":72.06647662420802,"__networkId":"roads","__networkName":"الطرق والقطاعات","__layerId":"roads_lines","__layerName":"طرق المدينة","__assetName":"طرق المدينة","__geometryKind":"line","__featureIndex":399,"__length_m":72.07,"__typeValue":"تم التسليم"},"geometry":{"type":"LineString","coordinates":[[31.510819027317684,30.2650820625361],[31.51100846314646,30.26454738761164]]}},{"type":"Feature","properties":{"اسم_الحي":"حي 39","نوع_الطريق":"2","اسم_القطاع":"ABOR 21","موقف_التنفيذ":"تم التسليم","موقف_المتخلص":"3","ملاحظات":null,"Length":0.283013698630137,"Field":"رئيسي","SHAPE_Length":341.5027962182744,"__networkId":"roads","__networkName":"الطرق والقطاعات","__layerId":"roads_lines","__layerName":"طرق المدينة","__assetName":"طرق المدينة","__geometryKind":"line","__featureIndex":400,"__length_m":341.5,"__typeValue":"تم التسليم"},"geometry":{"type":"LineString","coordinates":[[31.504780865489856,30.264069496850862],[31.50381344730252,30.26658393804675]]}},{"type":"Feature","properties":{"اسم_الحي":"حي 39","نوع_الطريق":"3","اسم_القطاع":"ABOR 16","موقف_التنفيذ":"تم التسليم","موقف_المتخلص":"3","ملاحظات":null,"Length":0.283013698630137,"Field":"ثانوي","SHAPE_Length":82.48094475717336,"__networkId":"roads","__networkName":"الطرق والقطاعات","__layerId":"roads_lines","__layerName":"طرق المدينة","__assetName":"طرق المدينة","__geometryKind":"line","__featureIndex":401,"__length_m":82.48,"__typeValue":"تم التسليم"},"geometry":{"type":"LineString","coordinates":[[31.532542892408753,30.266361594881573],[31.533258001680565,30.266194098162337]]}},{"type":"Feature","properties":{"اسم_الحي":"حي 39","نوع_الطريق":"3","اسم_القطاع":"ABOR 17","موقف_التنفيذ":"تم التسليم","موقف_المتخلص":"3","ملاحظات":null,"Length":0.283013698630137,"Field":"ثانوي","SHAPE_Length":122.46996328219188,"__networkId":"roads","__networkName":"الطرق والقطاعات","__layerId":"roads_lines","__layerName":"طرق المدينة","__assetName":"طرق المدينة","__geometryKind":"line","__featureIndex":402,"__length_m":122.47,"__typeValue":"تم التسليم"},"geometry":{"type":"LineString","coordinates":[[31.52515607457354,30.268546820419324],[31.52409253665077,30.26878996067936]]}},{"type":"Feature","properties":{"اسم_الحي":"حي 39","نوع_الطريق":"2","اسم_القطاع":"ABOR 19","موقف_التنفيذ":"تم التسليم","موقف_المتخلص":"3","ملاحظات":null,"Length":0.283013698630137,"Field":"رئيسي","SHAPE_Length":204.85559153100482,"__networkId":"roads","__networkName":"الطرق والقطاعات","__layerId":"roads_lines","__layerName":"طرق المدينة","__assetName":"طرق المدينة","__geometryKind":"line","__featureIndex":403,"__length_m":204.86,"__typeValue":"تم التسليم"},"geometry":{"type":"LineString","coordinates":[[31.52253933515149,30.26470360040741],[31.52430133297056,30.264245036905933]]}},{"type":"Feature","properties":{"اسم_الحي":"حي 16","نوع_الطريق":"3","اسم_القطاع":"ABOR 10","موقف_التنفيذ":"جاري العمل مكتبيا","موقف_المتخلص":"3","ملاحظات":null,"Length":0.1752358490566038,"Field":"ثانوي","SHAPE_Length":61.32858119888756,"__networkId":"roads","__networkName":"الطرق والقطاعات","__layerId":"roads_lines","__layerName":"طرق المدينة","__assetName":"طرق المدينة","__geometryKind":"line","__featureIndex":404,"__length_m":61.33,"__typeValue":"جاري العمل مكتبيا"},"geometry":{"type":"LineString","coordinates":[[31.557849636806544,30.24850395711528],[31.558396159249014,30.24856399609499]]}},{"type":"Feature","properties":{"اسم_الحي":"حي 16","نوع_الطريق":"2","اسم_القطاع":"ABOR 9","موقف_التنفيذ":"جاري العمل ميدانيا","موقف_المتخلص":"3","ملاحظات":null,"Length":0.1752358490566038,"Field":"رئيسي","SHAPE_Length":456.9833161848452,"__networkId":"roads","__networkName":"الطرق والقطاعات","__layerId":"roads_lines","__layerName":"طرق المدينة","__assetName":"طرق المدينة","__geometryKind":"line","__featureIndex":405,"__length_m":456.98,"__typeValue":"جاري العمل ميدانيا"},"geometry":{"type":"LineString","coordinates":[[31.566427910864384,30.254934310663756],[31.570526300973302,30.25513773861733]]}},{"type":"Feature","properties":{"اسم_الحي":"حي 15","نوع_الطريق":"3","اسم_القطاع":"ABOR 7","موقف_التنفيذ":"جاري العمل ميدانيا","موقف_المتخلص":"3","ملاحظات":null,"Length":0.1752358490566038,"Field":"ثانوي","SHAPE_Length":46.1661737988136,"__networkId":"roads","__networkName":"الطرق والقطاعات","__layerId":"roads_lines","__layerName":"طرق المدينة","__assetName":"طرق المدينة","__geometryKind":"line","__featureIndex":406,"__length_m":46.17,"__typeValue":"جاري العمل ميدانيا"},"geometry":{"type":"LineString","coordinates":[[31.58856884397893,30.25592993611676],[31.5885451868459,30.256287578486024]]}},{"type":"Feature","properties":{"اسم_الحي":"حي 39","نوع_الطريق":"2","اسم_القطاع":"ABOR 20","موقف_التنفيذ":"تم التسليم","موقف_المتخلص":"3","ملاحظات":null,"Length":0.283013698630137,"Field":"رئيسي","SHAPE_Length":79.35906524548663,"__networkId":"roads","__networkName":"الطرق والقطاعات","__layerId":"roads_lines","__layerName":"طرق المدينة","__assetName":"طرق المدينة","__geometryKind":"line","__featureIndex":407,"__length_m":79.36,"__typeValue":"تم التسليم"},"geometry":{"type":"LineString","coordinates":[[31.50853214297977,30.258492636730566],[31.508000600843005,30.25890297380106]]}},{"type":"Feature","properties":{"اسم_الحي":"حي 15","نوع_الطريق":"2","اسم_القطاع":"ABOR 8","موقف_التنفيذ":"جاري العمل ميدانيا","موقف_المتخلص":"3","ملاحظات":null,"Length":0.1752358490566038,"Field":"رئيسي","SHAPE_Length":499.93930041358306,"__networkId":"roads","__networkName":"الطرق والقطاعات","__layerId":"roads_lines","__layerName":"طرق المدينة","__assetName":"طرق المدينة","__geometryKind":"line","__featureIndex":408,"__length_m":499.94,"__typeValue":"جاري العمل ميدانيا"},"geometry":{"type":"LineString","coordinates":[[31.577203497344808,30.257259339402754],[31.5727199500662,30.25703548298932]]}},{"type":"Feature","properties":{"اسم_الحي":"حي 39","نوع_الطريق":"2","اسم_القطاع":"ABOR 17","موقف_التنفيذ":"تم التسليم","موقف_المتخلص":"3","ملاحظات":null,"Length":0.283013698630137,"Field":"رئيسي","SHAPE_Length":422.3435839779954,"__networkId":"roads","__networkName":"الطرق والقطاعات","__layerId":"roads_lines","__layerName":"طرق المدينة","__assetName":"طرق المدينة","__geometryKind":"line","__featureIndex":409,"__length_m":422.34,"__typeValue":"تم التسليم"},"geometry":{"type":"LineString","coordinates":[[31.522519752776592,30.269557349894765],[31.52203316653354,30.267995048592184],[31.522007596268125,30.26794281696432],[31.52197380218182,30.267894196221288],[31.52193245143527,30.267850146235222],[31.52188436037169,30.267811536645045],[31.52185807921001,30.26779451481977],[31.521801694338485,30.267765457272162],[31.521741150549374,30.2677435120608],[31.521709690005228,30.26773534770931],[31.521677643092612,30.267729112431674],[31.521612425728616,30.267722542664174],[31.52154678597394,30.267723932460427],[31.52151421303026,30.267727609764773],[31.521450365024723,30.267740838418216],[31.52030761096528,30.26805111457015]]}},{"type":"Feature","properties":{"اسم_الحي":"حي 15","نوع_الطريق":"3","اسم_القطاع":"ABOR 7","موقف_التنفيذ":"جاري العمل ميدانيا","موقف_المتخلص":"3","ملاحظات":null,"Length":0.1752358490566038,"Field":"ثانوي","SHAPE_Length":33.475246403694655,"__networkId":"roads","__networkName":"الطرق والقطاعات","__layerId":"roads_lines","__layerName":"طرق المدينة","__assetName":"طرق المدينة","__geometryKind":"line","__featureIndex":410,"__length_m":33.48,"__typeValue":"جاري العمل ميدانيا"},"geometry":{"type":"LineString","coordinates":[[31.586414045225432,30.25093206609817],[31.586394055015425,30.25067287602641]]}},{"type":"Feature","properties":{"اسم_الحي":"حي 39","نوع_الطريق":"2","اسم_القطاع":"ABOR 20","موقف_التنفيذ":"تم التسليم","موقف_المتخلص":"3","ملاحظات":null,"Length":0.283013698630137,"Field":"رئيسي","SHAPE_Length":78.0547728417595,"__networkId":"roads","__networkName":"الطرق والقطاعات","__layerId":"roads_lines","__layerName":"طرق المدينة","__assetName":"طرق المدينة","__geometryKind":"line","__featureIndex":411,"__length_m":78.05,"__typeValue":"تم التسليم"},"geometry":{"type":"LineString","coordinates":[[31.50783069977837,30.26309255983292],[31.5080743336632,30.262524680401526]]}},{"type":"Feature","properties":{"اسم_الحي":"حي 15","نوع_الطريق":"3","اسم_القطاع":"ABOR 7","موقف_التنفيذ":"جاري العمل ميدانيا","موقف_المتخلص":"3","ملاحظات":null,"Length":0.1752358490566038,"Field":"ثانوي","SHAPE_Length":125.23286201316681,"__networkId":"roads","__networkName":"الطرق والقطاعات","__layerId":"roads_lines","__layerName":"طرق المدينة","__assetName":"طرق المدينة","__geometryKind":"line","__featureIndex":412,"__length_m":125.23,"__typeValue":"جاري العمل ميدانيا"},"geometry":{"type":"LineString","coordinates":[[31.583319620362868,30.255761007821157],[31.583255471668437,30.256731167744643]]}},{"type":"Feature","properties":{"اسم_الحي":"حي 14","نوع_الطريق":"2","اسم_القطاع":"ABOR 1","موقف_التنفيذ":"تم التسليم","موقف_المتخلص":"2","ملاحظات":null,"Length":0.283013698630137,"Field":"رئيسي","SHAPE_Length":675.1355406108358,"__networkId":"roads","__networkName":"الطرق والقطاعات","__layerId":"roads_lines","__layerName":"طرق المدينة","__assetName":"طرق المدينة","__geometryKind":"line","__featureIndex":413,"__length_m":675.14,"__typeValue":"تم التسليم"},"geometry":{"type":"LineString","coordinates":[[31.56295363158726,30.273024022815644],[31.567446851026517,30.276541961443666]]}},{"type":"Feature","properties":{"اسم_الحي":"حي 16","نوع_الطريق":"3","اسم_القطاع":"ABOR 10","موقف_التنفيذ":"جاري العمل مكتبيا","موقف_المتخلص":"3","ملاحظات":null,"Length":0.1752358490566038,"Field":"ثانوي","SHAPE_Length":48.71832759985273,"__networkId":"roads","__networkName":"الطرق والقطاعات","__layerId":"roads_lines","__layerName":"طرق المدينة","__assetName":"طرق المدينة","__geometryKind":"line","__featureIndex":414,"__length_m":48.72,"__typeValue":"جاري العمل مكتبيا"},"geometry":{"type":"LineString","coordinates":[[31.56515550834984,30.25190274395926],[31.565180457260226,30.251525312763867]]}},{"type":"Feature","properties":{"اسم_الحي":"حي 39","نوع_الطريق":"2","اسم_القطاع":"ABOR 19","موقف_التنفيذ":"تم التسليم","موقف_المتخلص":"3","ملاحظات":null,"Length":0.283013698630137,"Field":"رئيسي","SHAPE_Length":74.27229928376464,"__networkId":"roads","__networkName":"الطرق والقطاعات","__layerId":"roads_lines","__layerName":"طرق المدينة","__assetName":"طرق المدينة","__geometryKind":"line","__featureIndex":415,"__length_m":74.27,"__typeValue":"تم التسليم"},"geometry":{"type":"LineString","coordinates":[[31.518194601838793,30.265236566777585],[31.518483429965592,30.265756032407758]]}},{"type":"Feature","properties":{"اسم_الحي":"حي 39","نوع_الطريق":"2","اسم_القطاع":"ABOR 20","موقف_التنفيذ":"تم التسليم","موقف_المتخلص":"3","ملاحظات":null,"Length":0.283013698630137,"Field":"رئيسي","SHAPE_Length":82.76884011014647,"__networkId":"roads","__networkName":"الطرق والقطاعات","__layerId":"roads_lines","__layerName":"طرق المدينة","__assetName":"طرق المدينة","__geometryKind":"line","__featureIndex":416,"__length_m":82.77,"__typeValue":"تم التسليم"},"geometry":{"type":"LineString","coordinates":[[31.51023987716581,30.259753321727548],[31.51087541636468,30.26008664302711]]}},{"type":"Feature","properties":{"اسم_الحي":"حي 39","نوع_الطريق":"1","اسم_القطاع":"ABOR 13","موقف_التنفيذ":"تم التسليم","موقف_المتخلص":"3","ملاحظات":null,"Length":0.283013698630137,"Field":"رئيسي","SHAPE_Length":490.44270410687284,"__networkId":"roads","__networkName":"الطرق والقطاعات","__layerId":"roads_lines","__layerName":"طرق المدينة","__assetName":"طرق المدينة","__geometryKind":"line","__featureIndex":417,"__length_m":490.44,"__typeValue":"تم التسليم"},"geometry":{"type":"LineString","coordinates":[[31.52127581877177,30.27660010277666],[31.51691021220515,30.276087829473635]]}},{"type":"Feature","properties":{"اسم_الحي":"حي 39","نوع_الطريق":"1","اسم_القطاع":"ABOR 16","موقف_التنفيذ":"تم التسليم","موقف_المتخلص":"3","ملاحظات":null,"Length":0.283013698630137,"Field":"رئيسي","SHAPE_Length":1980.1741982385984,"__networkId":"roads","__networkName":"الطرق والقطاعات","__layerId":"roads_lines","__layerName":"طرق المدينة","__assetName":"طرق المدينة","__geometryKind":"line","__featureIndex":418,"__length_m":1980.17,"__typeValue":"تم التسليم"},"geometry":{"type":"LineString","coordinates":[[31.536884472634767,30.26310709929467],[31.536836872704505,30.26379446678546],[31.536457844740045,30.278465052418714]]}},{"type":"Feature","properties":{"اسم_الحي":"حي 39","نوع_الطريق":"2","اسم_القطاع":"ABOR 20","موقف_التنفيذ":"تم التسليم","موقف_المتخلص":"3","ملاحظات":null,"Length":0.283013698630137,"Field":"رئيسي","SHAPE_Length":94.63850006229859,"__networkId":"roads","__networkName":"الطرق والقطاعات","__layerId":"roads_lines","__layerName":"طرق المدينة","__assetName":"طرق المدينة","__geometryKind":"line","__featureIndex":419,"__length_m":94.64,"__typeValue":"تم التسليم"},"geometry":{"type":"LineString","coordinates":[[31.508450426831637,30.26027227865572],[31.507900775557047,30.260832475626874]]}},{"type":"Feature","properties":{"اسم_الحي":"حي 39","نوع_الطريق":"2","اسم_القطاع":"ABOR 15","موقف_التنفيذ":"تم التسليم","موقف_المتخلص":"3","ملاحظات":"remove","Length":0.283013698630137,"Field":"رئيسي","SHAPE_Length":108.17932800635515,"__networkId":"roads","__networkName":"الطرق والقطاعات","__layerId":"roads_lines","__layerName":"طرق المدينة","__assetName":"طرق المدينة","__geometryKind":"line","__featureIndex":420,"__length_m":108.18,"__typeValue":"تم التسليم"},"geometry":{"type":"LineString","coordinates":[[31.49452970918411,30.275685571187957],[31.493889225657878,30.276316748692615]]}},{"type":"Feature","properties":{"اسم_الحي":"حي 15","نوع_الطريق":"3","اسم_القطاع":"ABOR 7","موقف_التنفيذ":"جاري العمل ميدانيا","موقف_المتخلص":"3","ملاحظات":null,"Length":0.1752358490566038,"Field":"ثانوي","SHAPE_Length":50.67508737939482,"__networkId":"roads","__networkName":"الطرق والقطاعات","__layerId":"roads_lines","__layerName":"طرق المدينة","__assetName":"طرق المدينة","__geometryKind":"line","__featureIndex":421,"__length_m":50.68,"__typeValue":"جاري العمل ميدانيا"},"geometry":{"type":"LineString","coordinates":[[31.587629019342163,30.25194212734593],[31.587174548165173,30.251919550943473]]}},{"type":"Feature","properties":{"اسم_الحي":"حي 39","نوع_الطريق":"2","اسم_القطاع":"ABOR 19","موقف_التنفيذ":"تم التسليم","موقف_المتخلص":"3","ملاحظات":null,"Length":0.283013698630137,"Field":"رئيسي","SHAPE_Length":74.69050820477248,"__networkId":"roads","__networkName":"الطرق والقطاعات","__layerId":"roads_lines","__layerName":"طرق المدينة","__assetName":"طرق المدينة","__geometryKind":"line","__featureIndex":422,"__length_m":74.69,"__typeValue":"تم التسليم"},"geometry":{"type":"LineString","coordinates":[[31.51462751221982,30.26208365761058],[31.514818783306733,30.2615281782996]]}},{"type":"Feature","properties":{"اسم_الحي":"حي 15","نوع_الطريق":"3","اسم_القطاع":"ABOR 7","موقف_التنفيذ":"جاري العمل ميدانيا","موقف_المتخلص":"3","ملاحظات":null,"Length":0.1752358490566038,"Field":"ثانوي","SHAPE_Length":46.27716705134018,"__networkId":"roads","__networkName":"الطرق والقطاعات","__layerId":"roads_lines","__layerName":"طرق المدينة","__assetName":"طرق المدينة","__geometryKind":"line","__featureIndex":423,"__length_m":46.28,"__typeValue":"جاري العمل ميدانيا"},"geometry":{"type":"LineString","coordinates":[[31.5876914414746,30.258955892736907],[31.58766770978145,30.259314383034617]]}},{"type":"Feature","properties":{"اسم_الحي":"حي 39","نوع_الطريق":"2","اسم_القطاع":"ABOR 20","موقف_التنفيذ":"تم التسليم","موقف_المتخلص":"3","ملاحظات":null,"Length":0.283013698630137,"Field":"رئيسي","SHAPE_Length":115.52391594453543,"__networkId":"roads","__networkName":"الطرق والقطاعات","__layerId":"roads_lines","__layerName":"طرق المدينة","__assetName":"طرق المدينة","__geometryKind":"line","__featureIndex":424,"__length_m":115.52,"__typeValue":"تم التسليم"},"geometry":{"type":"LineString","coordinates":[[31.50708363383861,30.25882114147477],[31.506333315099273,30.259440392082457]]}},{"type":"Feature","properties":{"اسم_الحي":"حي 39","نوع_الطريق":"3","اسم_القطاع":"ABOR 14","موقف_التنفيذ":"تم التسليم","موقف_المتخلص":"3","ملاحظات":null,"Length":0.283013698630137,"Field":"ثانوي","SHAPE_Length":86.28317905788582,"__networkId":"roads","__networkName":"الطرق والقطاعات","__layerId":"roads_lines","__layerName":"طرق المدينة","__assetName":"طرق المدينة","__geometryKind":"line","__featureIndex":425,"__length_m":86.28,"__typeValue":"تم التسليم"},"geometry":{"type":"LineString","coordinates":[[31.50900938555085,30.275079970806285],[31.5083794311781,30.275469966249734]]}},{"type":"Feature","properties":{"اسم_الحي":"حي 15","نوع_الطريق":"3","اسم_القطاع":"ABOR 7","موقف_التنفيذ":"جاري العمل ميدانيا","موقف_المتخلص":"3","ملاحظات":null,"Length":0.1752358490566038,"Field":"ثانوي","SHAPE_Length":46.50755887431449,"__networkId":"roads","__networkName":"الطرق والقطاعات","__layerId":"roads_lines","__layerName":"طرق المدينة","__assetName":"طرق المدينة","__geometryKind":"line","__featureIndex":426,"__length_m":46.51,"__typeValue":"جاري العمل ميدانيا"},"geometry":{"type":"LineString","coordinates":[[31.58856884397893,30.251024107694953],[31.588539474459022,30.250664106548104]]}},{"type":"Feature","properties":{"اسم_الحي":"حي 16","نوع_الطريق":"2","اسم_القطاع":"ABOR 10","موقف_التنفيذ":"جاري العمل مكتبيا","موقف_المتخلص":"3","ملاحظات":null,"Length":0.1752358490566038,"Field":"رئيسي","SHAPE_Length":191.41564355465727,"__networkId":"roads","__networkName":"الطرق والقطاعات","__layerId":"roads_lines","__layerName":"طرق المدينة","__assetName":"طرق المدينة","__geometryKind":"line","__featureIndex":427,"__length_m":191.42,"__typeValue":"جاري العمل مكتبيا"},"geometry":{"type":"LineString","coordinates":[[31.560389057333794,30.249787956368568],[31.560414878102865,30.249389351497495],[31.560422237135214,30.24934229291393],[31.560436748595954,30.249296491351835],[31.560458156643755,30.249252754306948],[31.56094955037551,30.248410035991245]]}},{"type":"Feature","properties":{"اسم_الحي":"حي 39","نوع_الطريق":"2","اسم_القطاع":"ABOR 15","موقف_التنفيذ":"تم التسليم","موقف_المتخلص":"3","ملاحظات":null,"Length":0.283013698630137,"Field":"رئيسي","SHAPE_Length":230.19119935849176,"__networkId":"roads","__networkName":"الطرق والقطاعات","__layerId":"roads_lines","__layerName":"طرق المدينة","__assetName":"طرق المدينة","__geometryKind":"line","__featureIndex":428,"__length_m":230.19,"__typeValue":"تم التسليم"},"geometry":{"type":"LineString","coordinates":[[31.503639818229466,30.2739873076608],[31.501596204856984,30.27425988710924]]}},{"type":"Feature","properties":{"اسم_الحي":"حي 39","نوع_الطريق":"2","اسم_القطاع":"ABOR 19","موقف_التنفيذ":"تم التسليم","موقف_المتخلص":"3","ملاحظات":null,"Length":0.283013698630137,"Field":"رئيسي","SHAPE_Length":76.41380097366223,"__networkId":"roads","__networkName":"الطرق والقطاعات","__layerId":"roads_lines","__layerName":"طرق المدينة","__assetName":"طرق المدينة","__geometryKind":"line","__featureIndex":429,"__length_m":76.41,"__typeValue":"تم التسليم"},"geometry":{"type":"LineString","coordinates":[[31.525142773219116,30.264644787097993],[31.524970440415007,30.264070893444725]]}},{"type":"Feature","properties":{"اسم_الحي":"حي 39","نوع_الطريق":"2","اسم_القطاع":"ABOR 21","موقف_التنفيذ":"تم التسليم","موقف_المتخلص":"3","ملاحظات":null,"Length":0.283013698630137,"Field":"رئيسي","SHAPE_Length":243.06356455779382,"__networkId":"roads","__networkName":"الطرق والقطاعات","__layerId":"roads_lines","__layerName":"طرق المدينة","__assetName":"طرق المدينة","__geometryKind":"line","__featureIndex":430,"__length_m":243.06,"__typeValue":"تم التسليم"},"geometry":{"type":"LineString","coordinates":[[31.506374430989823,30.26845764494354],[31.50625888698302,30.268129801653597],[31.50623002757344,30.268032912612597],[31.506208007081778,30.26793469314195],[31.506192906162024,30.26783550297555],[31.506184780121686,30.267735705403368],[31.506183658722524,30.26763566594025],[31.50618954607241,30.26753575098814],[31.50620242060821,30.267436326496345],[31.506222235177145,30.267337756615778],[31.50624891720385,30.26724040236944],[31.506282368965593,30.267144620331077],[31.506322467942184,30.26705076131334],[31.5065143489852,30.266640490099466]]}},{"type":"Feature","properties":{"اسم_الحي":"حي 15","نوع_الطريق":"3","اسم_القطاع":"ABOR 7","موقف_التنفيذ":"جاري العمل ميدانيا","موقف_المتخلص":"3","ملاحظات":null,"Length":0.1752358490566038,"Field":"ثانوي","SHAPE_Length":46.271077734505376,"__networkId":"roads","__networkName":"الطرق والقطاعات","__layerId":"roads_lines","__layerName":"طرق المدينة","__assetName":"طرق المدينة","__geometryKind":"line","__featureIndex":431,"__length_m":46.27,"__typeValue":"جاري العمل ميدانيا"},"geometry":{"type":"LineString","coordinates":[[31.58979623101622,30.25219187583295],[31.589815272605325,30.251833198134953]]}},{"type":"Feature","properties":{"اسم_الحي":"حي 14","نوع_الطريق":"2","اسم_القطاع":"ABOR 2","موقف_التنفيذ":"تم التسليم","موقف_المتخلص":"2","ملاحظات":null,"Length":0.283013698630137,"Field":"رئيسي","SHAPE_Length":2045.3720013208047,"__networkId":"roads","__networkName":"الطرق والقطاعات","__layerId":"roads_lines","__layerName":"طرق المدينة","__assetName":"طرق المدينة","__geometryKind":"line","__featureIndex":432,"__length_m":2045.37,"__typeValue":"تم التسليم"},"geometry":{"type":"LineString","coordinates":[[31.557431325514717,30.269197029533085],[31.5575550660641,30.26893736299901],[31.55767504198598,30.268676517097628],[31.55788501583958,30.26819575979167],[31.55799421271331,30.26793192623195],[31.55809964962823,30.267666953578345],[31.558303105245148,30.267125210725126],[31.55835817170216,30.26700629629713],[31.558425977028232,30.266892396903994],[31.558483472884358,30.266812607055318],[31.55854725659695,30.26673646526682],[31.558617019070418,30.2666643405317],[31.55869242223587,30.266596582375797],[31.558773100688168,30.266533519164],[31.558858663459315,30.266475456511042],[31.558948695912274,30.26642267579753],[31.559033517124288,30.266379769329774],[31.559121311298576,30.266341583551327],[31.559211726690677,30.26630827145762],[31.55930440105346,30.26627996651811],[31.55939896309091,30.266256782139518],[31.55949503394128,30.266238811213903],[31.559592228698808,30.266226125743987],[31.559690157956826,30.266218776555945],[31.55978842936178,30.26621679309499],[31.559870310691718,30.26621926185852],[31.559951927070113,30.266225459368655],[31.56003305103115,30.266235368352454],[31.560113456478792,30.266248961191522],[31.560192919322745,30.266266200002],[31.560271218097434,30.26628703673631],[31.560348134581016,30.266311413318718],[31.560784509696845,30.266463577705885],[31.561089605438273,30.266572954306746],[31.561696702553522,30.266798026292484],[31.562249139894103,30.267011569833958],[31.56283096933016,30.267245660739768],[31.56327758961673,30.267439084496914],[31.563765952955432,30.267663741407077],[31.56423808250615,30.267894520437395],[31.56448592642221,30.26802121015326],[31.564731774826967,30.268150767537854],[31.565174324715134,30.268394054126233],[31.565435554209017,30.268543942552235],[31.56564134167173,30.268665414286975],[31.566093321658705,30.268943089716043],[31.566330973016484,30.269095312014237],[31.566556791219288,30.269244084971064],[31.566833508974934,30.269432061808278],[31.567015986676914,30.269559547855447],[31.56738250359647,30.269824425509814],[31.567599290590906,30.269986853998844],[31.567813543680284,30.270151770997426],[31.56802456487239,30.270318617982866],[31.568232342350104,30.27048734113007],[31.568437507725307,30.270658431649018],[31.568640024827918,30.270831859366172],[31.56888969318901,30.271052149257255],[31.568976213032446,30.271134088821576],[31.569018686276877,30.271180998853264],[31.569058189006476,30.271229806448016],[31.569094607790927,30.271280371452068],[31.569127838053912,30.27133254866631],[31.569157784377214,30.27138618826706],[31.56918436077098,30.271441136225654],[31.56921242193048,30.271510537320264],[31.569235130187504,30.27158138369833],[31.569252386952652,30.271653367772185],[31.56926411730535,30.27172617701356],[31.569270270315837,30.271799495313143],[31.569270819271125,30.271873004353495],[31.56926576178746,30.271946384988567],[31.569255119823126,30.272019318629106],[31.56923893957997,30.27209148862851],[31.569217291306337,30.27216258165855],[31.56919026899059,30.272232289063055],[31.56915637099106,30.27230340881246],[31.56911685506292,30.27237233187221],[31.569071910706345,30.27243872772797],[31.56902175345212,30.272502277982305],[31.56896662382845,30.27256267788498],[31.568906786210906,30.27261963779499],[31.568842527550842,30.27267288456599],[31.56813384033498,30.273234606634244]]}},{"type":"Feature","properties":{"اسم_الحي":"حي 39","نوع_الطريق":"2","اسم_القطاع":"ABOR 15","موقف_التنفيذ":"تم التسليم","موقف_المتخلص":"3","ملاحظات":"remove","Length":0.283013698630137,"Field":"رئيسي","SHAPE_Length":215.59316433918215,"__networkId":"roads","__networkName":"الطرق والقطاعات","__layerId":"roads_lines","__layerName":"طرق المدينة","__assetName":"طرق المدينة","__geometryKind":"line","__featureIndex":433,"__length_m":215.59,"__typeValue":"تم التسليم"},"geometry":{"type":"LineString","coordinates":[[31.493058126814912,30.274842117689317],[31.49340998433525,30.275813378459272],[31.49342466054055,30.275846671319147],[31.493443898570575,30.275878183659405],[31.493480671866656,30.275921107298107],[31.493889225657878,30.276316748692615]]}},{"type":"Feature","properties":{"اسم_الحي":"حي 15","نوع_الطريق":"3","اسم_القطاع":"ABOR 8","موقف_التنفيذ":"جاري العمل ميدانيا","موقف_المتخلص":"3","ملاحظات":null,"Length":0.1752358490566038,"Field":"ثانوي","SHAPE_Length":69.57583083942012,"__networkId":"roads","__networkName":"الطرق والقطاعات","__layerId":"roads_lines","__layerName":"طرق المدينة","__assetName":"طرق المدينة","__geometryKind":"line","__featureIndex":434,"__length_m":69.58,"__typeValue":"جاري العمل ميدانيا"},"geometry":{"type":"LineString","coordinates":[[31.576823414758195,30.256050719611753],[31.57678773996333,30.256589710821057]]}},{"type":"Feature","properties":{"اسم_الحي":"حي 39","نوع_الطريق":"3","اسم_القطاع":"ABOR 14","موقف_التنفيذ":"تم التسليم","موقف_المتخلص":"3","ملاحظات":null,"Length":0.283013698630137,"Field":"ثانوي","SHAPE_Length":143.4484975740395,"__networkId":"roads","__networkName":"الطرق والقطاعات","__layerId":"roads_lines","__layerName":"طرق المدينة","__assetName":"طرق المدينة","__geometryKind":"line","__featureIndex":435,"__length_m":143.45,"__typeValue":"تم التسليم"},"geometry":{"type":"LineString","coordinates":[[31.511264396764183,30.277293201135702],[31.51143831509477,30.276190530894134]]}},{"type":"Feature","properties":{"اسم_الحي":"حي 39","نوع_الطريق":"1","اسم_القطاع":"ABOR 15","موقف_التنفيذ":"تم التسليم","موقف_المتخلص":"3","ملاحظات":null,"Length":0.283013698630137,"Field":"رئيسي","SHAPE_Length":206.82757572372617,"__networkId":"roads","__networkName":"الطرق والقطاعات","__layerId":"roads_lines","__layerName":"طرق المدينة","__assetName":"طرق المدينة","__geometryKind":"line","__featureIndex":436,"__length_m":206.83,"__typeValue":"تم التسليم"},"geometry":{"type":"LineString","coordinates":[[31.49800427951536,30.27487146543635],[31.498583881519803,30.276395948928414]]}},{"type":"Feature","properties":{"اسم_الحي":"حي 39","نوع_الطريق":"2","اسم_القطاع":"ABOR 16","موقف_التنفيذ":"تم التسليم","موقف_المتخلص":"3","ملاحظات":null,"Length":0.283013698630137,"Field":"رئيسي","SHAPE_Length":231.53454378725672,"__networkId":"roads","__networkName":"الطرق والقطاعات","__layerId":"roads_lines","__layerName":"طرق المدينة","__assetName":"طرق المدينة","__geometryKind":"line","__featureIndex":437,"__length_m":231.53,"__typeValue":"تم التسليم"},"geometry":{"type":"LineString","coordinates":[[31.528336109780994,30.270142966968997],[31.530270525744132,30.270803006168087]]}},{"type":"Feature","properties":{"اسم_الحي":"حي 13","نوع_الطريق":"2","اسم_القطاع":"ABOR 5","موقف_التنفيذ":"تم التسليم","موقف_المتخلص":"3","ملاحظات":null,"Length":0.283013698630137,"Field":"رئيسي","SHAPE_Length":714.7516785750565,"__networkId":"roads","__networkName":"الطرق والقطاعات","__layerId":"roads_lines","__layerName":"طرق المدينة","__assetName":"طرق المدينة","__geometryKind":"line","__featureIndex":438,"__length_m":714.75,"__typeValue":"تم التسليم"},"geometry":{"type":"LineString","coordinates":[[31.557198015967465,30.28387213933089],[31.557708202454968,30.283380987635],[31.55774772455212,30.283334021717305],[31.55776757897153,30.283299280201113],[31.557781796561606,30.28326253523196],[31.55779011486154,30.283224465133642],[31.55779238031102,30.283185772694182],[31.55778855108916,30.283147172189906],[31.557778697885496,30.28310937620136],[31.557763002592495,30.28307308245594],[31.55774175495258,30.283038960953405],[31.557715347204876,30.283007641591215],[31.557684266844205,30.28297970253956],[31.554824453187784,30.280741808148655],[31.554789349086207,30.28071787001488],[31.554750783300715,30.28069830337983],[31.55470948078104,30.280683476054307],[31.554644104477738,30.28067070529002],[31.55457708571949,30.280669742048367],[31.554532891861218,30.280675700408015],[31.554469402484038,30.280694259175338],[31.554430104053882,30.280712706692007],[31.554394096932086,30.280735622765494],[31.554362057971694,30.280762576624834],[31.55385042339994,30.281255132346875]]}},{"type":"Feature","properties":{"اسم_الحي":"حي 39","نوع_الطريق":"2","اسم_القطاع":"ABOR 22","موقف_التنفيذ":"تم التسليم","موقف_المتخلص":"3","ملاحظات":null,"Length":0.283013698630137,"Field":"رئيسي","SHAPE_Length":233.28239202663042,"__networkId":"roads","__networkName":"الطرق والقطاعات","__layerId":"roads_lines","__layerName":"طرق المدينة","__assetName":"طرق المدينة","__geometryKind":"line","__featureIndex":439,"__length_m":233.28,"__typeValue":"تم التسليم"},"geometry":{"type":"LineString","coordinates":[[31.49340451808675,30.27133348625921],[31.492056587918118,30.271719047232228],[31.49141368522883,30.271898579187734]]}},{"type":"Feature","properties":{"اسم_الحي":"حي 39","نوع_الطريق":"2","اسم_القطاع":"ABOR 22","موقف_التنفيذ":"تم التسليم","موقف_المتخلص":"3","ملاحظات":null,"Length":0.283013698630137,"Field":"رئيسي","SHAPE_Length":161.59966555095943,"__networkId":"roads","__networkName":"الطرق والقطاعات","__layerId":"roads_lines","__layerName":"طرق المدينة","__assetName":"طرق المدينة","__geometryKind":"line","__featureIndex":440,"__length_m":161.6,"__typeValue":"تم التسليم"},"geometry":{"type":"LineString","coordinates":[[31.491822700754092,30.273020602248494],[31.49177263892743,30.273041912964484],[31.491720953302877,30.273060104095155],[31.491667904120003,30.273075084052923],[31.491613758479723,30.273086777414186],[31.491558789006525,30.273095125303243],[31.491503272472414,30.273100085690572],[31.49144748840154,30.273101633599452],[31.491391717668417,30.273099761238246],[31.491336241079026,30.273094478032764],[31.491281337956195,30.273085810583694],[31.49122728473887,30.27307380253163],[31.491174353585723,30.27305851433417],[31.491122811003336,30.27304002296677],[31.491072916509772,30.273018421532996],[31.491024921323334,30.27299381879233],[31.490570934338276,30.27263640794805]]}},{"type":"Feature","properties":{"اسم_الحي":"حي 16","نوع_الطريق":"3","اسم_القطاع":"ABOR 9","موقف_التنفيذ":"جاري العمل ميدانيا","موقف_المتخلص":"3","ملاحظات":null,"Length":0.1752358490566038,"Field":"ثانوي","SHAPE_Length":46.03636531924034,"__networkId":"roads","__networkName":"الطرق والقطاعات","__layerId":"roads_lines","__layerName":"طرق المدينة","__assetName":"طرق المدينة","__geometryKind":"line","__featureIndex":441,"__length_m":46.04,"__typeValue":"جاري العمل ميدانيا"},"geometry":{"type":"LineString","coordinates":[[31.569803967449964,30.252877336329558],[31.56939110354204,30.252856741979844]]}},{"type":"Feature","properties":{"اسم_الحي":"حي 39","نوع_الطريق":"2","اسم_القطاع":"ABOR 16","موقف_التنفيذ":"تم التسليم","موقف_المتخلص":"3","ملاحظات":"remove","Length":0.283013698630137,"Field":"رئيسي","SHAPE_Length":197.1641747953158,"__networkId":"roads","__networkName":"الطرق والقطاعات","__layerId":"roads_lines","__layerName":"طرق المدينة","__assetName":"طرق المدينة","__geometryKind":"line","__featureIndex":442,"__length_m":197.16,"__typeValue":"تم التسليم"},"geometry":{"type":"LineString","coordinates":[[31.53246052947361,30.27470218182563],[31.534101671547646,30.275277408215096]]}},{"type":"Feature","properties":{"اسم_الحي":"حي 15","نوع_الطريق":"3","اسم_القطاع":"ABOR 8","موقف_التنفيذ":"جاري العمل ميدانيا","موقف_المتخلص":"3","ملاحظات":null,"Length":0.1752358490566038,"Field":"ثانوي","SHAPE_Length":46.86666680624441,"__networkId":"roads","__networkName":"الطرق والقطاعات","__layerId":"roads_lines","__layerName":"طرق المدينة","__assetName":"طرق المدينة","__geometryKind":"line","__featureIndex":443,"__length_m":46.87,"__typeValue":"جاري العمل ميدانيا"},"geometry":{"type":"LineString","coordinates":[[31.572087925975033,30.252856883207144],[31.57206401192384,30.253219968563887]]}},{"type":"Feature","properties":{"اسم_الحي":"حي 39","نوع_الطريق":"2","اسم_القطاع":"ABOR 22","موقف_التنفيذ":"تم التسليم","موقف_المتخلص":"3","ملاحظات":null,"Length":0.283013698630137,"Field":"رئيسي","SHAPE_Length":83.09770698100175,"__networkId":"roads","__networkName":"الطرق والقطاعات","__layerId":"roads_lines","__layerName":"طرق المدينة","__assetName":"طرق المدينة","__geometryKind":"line","__featureIndex":444,"__length_m":83.1,"__typeValue":"تم التسليم"},"geometry":{"type":"LineString","coordinates":[[31.49405065291442,30.273102517390264],[31.49382608846644,30.272487695203385]]}},{"type":"Feature","properties":{"اسم_الحي":"حي 15","نوع_الطريق":"2","اسم_القطاع":"ABOR 7","موقف_التنفيذ":"جاري العمل ميدانيا","موقف_المتخلص":"3","ملاحظات":null,"Length":0.1752358490566038,"Field":"رئيسي","SHAPE_Length":181.57523406733893,"__networkId":"roads","__networkName":"الطرق والقطاعات","__layerId":"roads_lines","__layerName":"طرق المدينة","__assetName":"طرق المدينة","__geometryKind":"line","__featureIndex":445,"__length_m":181.58,"__typeValue":"جاري العمل ميدانيا"},"geometry":{"type":"LineString","coordinates":[[31.587595759218765,30.25509090577854],[31.586377760474473,30.25602803474473]]}},{"type":"Feature","properties":{"اسم_الحي":"حي 39","نوع_الطريق":"2","اسم_القطاع":"ABOR 20","موقف_التنفيذ":"تم التسليم","موقف_المتخلص":"3","ملاحظات":null,"Length":0.283013698630137,"Field":"رئيسي","SHAPE_Length":57.47432637083609,"__networkId":"roads","__networkName":"الطرق والقطاعات","__layerId":"roads_lines","__layerName":"طرق المدينة","__assetName":"طرق المدينة","__geometryKind":"line","__featureIndex":446,"__length_m":57.47,"__typeValue":"تم التسليم"},"geometry":{"type":"LineString","coordinates":[[31.509519311526958,30.25787433687421],[31.509613069764026,30.257871816679305],[31.509706386427084,30.257880061932042],[31.509752362612677,30.2578881834418],[31.5098419346391,30.25791224474289],[31.509885134229307,30.257928078090536],[31.509927019738836,30.25794635688345],[31.510006113969283,30.257989916895877]]}},{"type":"Feature","properties":{"اسم_الحي":"حي 15","نوع_الطريق":"3","اسم_القطاع":"ABOR 8","موقف_التنفيذ":"جاري العمل ميدانيا","موقف_المتخلص":"3","ملاحظات":null,"Length":0.1752358490566038,"Field":"ثانوي","SHAPE_Length":46.866527392926024,"__networkId":"roads","__networkName":"الطرق والقطاعات","__layerId":"roads_lines","__layerName":"طرق المدينة","__assetName":"طرق المدينة","__geometryKind":"line","__featureIndex":447,"__length_m":46.87,"__typeValue":"جاري العمل ميدانيا"},"geometry":{"type":"LineString","coordinates":[[31.574050422375645,30.252954903426943],[31.574074628379268,30.252591832610037]]}},{"type":"Feature","properties":{"اسم_الحي":"حي 15","نوع_الطريق":"3","اسم_القطاع":"ABOR 7","موقف_التنفيذ":"جاري العمل ميدانيا","موقف_المتخلص":"3","ملاحظات":null,"Length":0.1752358490566038,"Field":"ثانوي","SHAPE_Length":46.27460831298425,"__networkId":"roads","__networkName":"الطرق والقطاعات","__layerId":"roads_lines","__layerName":"طرق المدينة","__assetName":"طرق المدينة","__geometryKind":"line","__featureIndex":448,"__length_m":46.27,"__typeValue":"جاري العمل ميدانيا"},"geometry":{"type":"LineString","coordinates":[[31.589824978901966,30.25093469049382],[31.589858810353885,30.251292584622025]]}},{"type":"Feature","properties":{"اسم_الحي":"حي 16","نوع_الطريق":"2","اسم_القطاع":"ABOR 10","موقف_التنفيذ":"جاري العمل مكتبيا","موقف_المتخلص":"3","ملاحظات":null,"Length":0.1752358490566038,"Field":"رئيسي","SHAPE_Length":128.85240953510797,"__networkId":"roads","__networkName":"الطرق والقطاعات","__layerId":"roads_lines","__layerName":"طرق المدينة","__assetName":"طرق المدينة","__geometryKind":"line","__featureIndex":449,"__length_m":128.85,"__typeValue":"جاري العمل مكتبيا"},"geometry":{"type":"LineString","coordinates":[[31.564777771264446,30.25088227938964],[31.564711461223435,30.251880513635648]]}},{"type":"Feature","properties":{"اسم_الحي":"حي 15","نوع_الطريق":"3","اسم_القطاع":"ABOR 7","موقف_التنفيذ":"جاري العمل ميدانيا","موقف_المتخلص":"3","ملاحظات":null,"Length":0.1752358490566038,"Field":"ثانوي","SHAPE_Length":50.67518449223272,"__networkId":"roads","__networkName":"الطرق والقطاعات","__layerId":"roads_lines","__layerName":"طرق المدينة","__assetName":"طرق المدينة","__geometryKind":"line","__featureIndex":450,"__length_m":50.68,"__typeValue":"جاري العمل ميدانيا"},"geometry":{"type":"LineString","coordinates":[[31.58556493875425,30.25184291187913],[31.586019407236286,30.251865541841994]]}},{"type":"Feature","properties":{"اسم_الحي":"حي 15","نوع_الطريق":"3","اسم_القطاع":"ABOR 7","موقف_التنفيذ":"جاري العمل ميدانيا","موقف_المتخلص":"3","ملاحظات":null,"Length":0.1752358490566038,"Field":"ثانوي","SHAPE_Length":45.24301667507622,"__networkId":"roads","__networkName":"الطرق والقطاعات","__layerId":"roads_lines","__layerName":"طرق المدينة","__assetName":"طرق المدينة","__geometryKind":"line","__featureIndex":451,"__length_m":45.24,"__typeValue":"جاري العمل ميدانيا"},"geometry":{"type":"LineString","coordinates":[[31.58783573157049,30.254233575718764],[31.58757619121692,30.254503738573558]]}},{"type":"Feature","properties":{"اسم_الحي":"حي 39","نوع_الطريق":"3","اسم_القطاع":"ABOR 13","موقف_التنفيذ":"تم التسليم","موقف_المتخلص":"3","ملاحظات":null,"Length":0.283013698630137,"Field":"ثانوي","SHAPE_Length":142.66811046299802,"__networkId":"roads","__networkName":"الطرق والقطاعات","__layerId":"roads_lines","__layerName":"طرق المدينة","__assetName":"طرق المدينة","__geometryKind":"line","__featureIndex":452,"__length_m":142.67,"__typeValue":"تم التسليم"},"geometry":{"type":"LineString","coordinates":[[31.519861117726343,30.278299908325092],[31.520031005316252,30.277202888551884]]}},{"type":"Feature","properties":{"اسم_الحي":"حي 15","نوع_الطريق":"3","اسم_القطاع":"ABOR 7","موقف_التنفيذ":"جاري العمل ميدانيا","موقف_المتخلص":"3","ملاحظات":null,"Length":0.1752358490566038,"Field":"ثانوي","SHAPE_Length":46.07063656312604,"__networkId":"roads","__networkName":"الطرق والقطاعات","__layerId":"roads_lines","__layerName":"طرق المدينة","__assetName":"طرق المدينة","__geometryKind":"line","__featureIndex":453,"__length_m":46.07,"__typeValue":"جاري العمل ميدانيا"},"geometry":{"type":"LineString","coordinates":[[31.588794942749413,30.257252199985093],[31.588403969886624,30.257134968670318]]}},{"type":"Feature","properties":{"اسم_الحي":"حي 39","نوع_الطريق":"3","اسم_القطاع":"ABOR 16","موقف_التنفيذ":"تم التسليم","موقف_المتخلص":"3","ملاحظات":null,"Length":0.283013698630137,"Field":"ثانوي","SHAPE_Length":91.33639973532078,"__networkId":"roads","__networkName":"الطرق والقطاعات","__layerId":"roads_lines","__layerName":"طرق المدينة","__assetName":"طرق المدينة","__geometryKind":"line","__featureIndex":454,"__length_m":91.34,"__typeValue":"تم التسليم"},"geometry":{"type":"LineString","coordinates":[[31.536601915647005,30.272889088371805],[31.53578163521498,30.27287311820254]]}},{"type":"Feature","properties":{"اسم_الحي":"حي 15","نوع_الطريق":"3","اسم_القطاع":"ABOR 8","موقف_التنفيذ":"جاري العمل ميدانيا","موقف_المتخلص":"3","ملاحظات":"محتاج النظر فيها","Length":0.1752358490566038,"Field":"ثانوي","SHAPE_Length":46.08437424590782,"__networkId":"roads","__networkName":"الطرق والقطاعات","__layerId":"roads_lines","__layerName":"طرق المدينة","__assetName":"طرق المدينة","__geometryKind":"line","__featureIndex":455,"__length_m":46.08,"__typeValue":"جاري العمل ميدانيا"},"geometry":{"type":"LineString","coordinates":[[31.576649759633987,30.257231699665283],[31.57662596685537,30.257588694819045]]}},{"type":"Feature","properties":{"اسم_الحي":"حي 15","نوع_الطريق":"2","اسم_القطاع":"ABOR 8","موقف_التنفيذ":"جاري العمل ميدانيا","موقف_المتخلص":"3","ملاحظات":null,"Length":0.1752358490566038,"Field":"رئيسي","SHAPE_Length":195.52061218198895,"__networkId":"roads","__networkName":"الطرق والقطاعات","__layerId":"roads_lines","__layerName":"طرق المدينة","__assetName":"طرق المدينة","__geometryKind":"line","__featureIndex":456,"__length_m":195.52,"__typeValue":"جاري العمل ميدانيا"},"geometry":{"type":"LineString","coordinates":[[31.569810932088362,30.256730376282313],[31.57071652282798,30.25703693089532],[31.570783248881234,30.257055131272583],[31.570829050856837,30.257062865736575],[31.570875473429293,30.257067003262097],[31.571494786359224,30.257097881045908]]}},{"type":"Feature","properties":{"اسم_الحي":"حي 15","نوع_الطريق":"2","اسم_القطاع":"ABOR 7","موقف_التنفيذ":"جاري العمل ميدانيا","موقف_المتخلص":"3","ملاحظات":null,"Length":0.1752358490566038,"Field":"رئيسي","SHAPE_Length":100.59642215136223,"__networkId":"roads","__networkName":"الطرق والقطاعات","__layerId":"roads_lines","__layerName":"طرق المدينة","__assetName":"طرق المدينة","__geometryKind":"line","__featureIndex":457,"__length_m":100.6,"__typeValue":"جاري العمل ميدانيا"},"geometry":{"type":"LineString","coordinates":[[31.584523729356203,30.251048161009063],[31.584460285839256,30.25026946757327]]}},{"type":"Feature","properties":{"اسم_الحي":"حي 39","نوع_الطريق":"2","اسم_القطاع":"ABOR 20","موقف_التنفيذ":"تم التسليم","موقف_المتخلص":"3","ملاحظات":null,"Length":0.283013698630137,"Field":"رئيسي","SHAPE_Length":155.41916339117566,"__networkId":"roads","__networkName":"الطرق والقطاعات","__layerId":"roads_lines","__layerName":"طرق المدينة","__assetName":"طرق المدينة","__geometryKind":"line","__featureIndex":458,"__length_m":155.42,"__typeValue":"تم التسليم"},"geometry":{"type":"LineString","coordinates":[[31.507713668161475,30.259319194533383],[31.507707911419914,30.25936413966397],[31.507705868397654,30.259409324546883],[31.507707549433018,30.259454520537332],[31.507712946020046,30.25949949893217],[31.507722030849287,30.259544032133963],[31.507734757952335,30.25958789479571],[31.507751062924616,30.259630864961743],[31.50777086326054,30.259672725198],[31.50779405876581,30.25971326368206],[31.507820532067143,30.25975227528398],[31.507850149202596,30.259789562597135],[31.508450426831637,30.26027227865572]]}},{"type":"Feature","properties":{"اسم_الحي":"حي 15","نوع_الطريق":"2","اسم_القطاع":"ABOR 7","موقف_التنفيذ":"جاري العمل ميدانيا","موقف_المتخلص":"3","ملاحظات":null,"Length":0.1752358490566038,"Field":"رئيسي","SHAPE_Length":268.23282943350773,"__networkId":"roads","__networkName":"الطرق والقطاعات","__layerId":"roads_lines","__layerName":"طرق المدينة","__assetName":"طرق المدينة","__geometryKind":"line","__featureIndex":459,"__length_m":268.23,"__typeValue":"جاري العمل ميدانيا"},"geometry":{"type":"LineString","coordinates":[[31.584275237382336,30.253424640067173],[31.586680810728854,30.253544568421507]]}},{"type":"Feature","properties":{"اسم_الحي":"حي 16","نوع_الطريق":"3","اسم_القطاع":"ABOR 10","موقف_التنفيذ":"جاري العمل مكتبيا","موقف_المتخلص":"3","ملاحظات":null,"Length":0.1752358490566038,"Field":"ثانوي","SHAPE_Length":46.37371980331373,"__networkId":"roads","__networkName":"الطرق والقطاعات","__layerId":"roads_lines","__layerName":"طرق المدينة","__assetName":"طرق المدينة","__geometryKind":"line","__featureIndex":460,"__length_m":46.37,"__typeValue":"جاري العمل مكتبيا"},"geometry":{"type":"LineString","coordinates":[[31.566021796897473,30.251228537009403],[31.566135728428318,30.250882401996]]}},{"type":"Feature","properties":{"اسم_الحي":"حي 39","نوع_الطريق":"3","اسم_القطاع":"ABOR 13","موقف_التنفيذ":"تم التسليم","موقف_المتخلص":"3","ملاحظات":null,"Length":0.283013698630137,"Field":"ثانوي","SHAPE_Length":119.71706573312521,"__networkId":"roads","__networkName":"الطرق والقطاعات","__layerId":"roads_lines","__layerName":"طرق المدينة","__assetName":"طرق المدينة","__geometryKind":"line","__featureIndex":461,"__length_m":119.72,"__typeValue":"تم التسليم"},"geometry":{"type":"LineString","coordinates":[[31.524890668221165,30.275907652739612],[31.524450173033376,30.276754921702466]]}},{"type":"Feature","properties":{"اسم_الحي":"حي 14","نوع_الطريق":"2","اسم_القطاع":"ABOR 3","موقف_التنفيذ":"تم التسليم","موقف_المتخلص":"2","ملاحظات":null,"Length":0.283013698630137,"Field":"رئيسي","SHAPE_Length":477.78146652282516,"__networkId":"roads","__networkName":"الطرق والقطاعات","__layerId":"roads_lines","__layerName":"طرق المدينة","__assetName":"طرق المدينة","__geometryKind":"line","__featureIndex":462,"__length_m":477.78,"__typeValue":"تم التسليم"},"geometry":{"type":"LineString","coordinates":[[31.553265082957434,30.270816685641798],[31.55327341752664,30.271933994753557],[31.553284217201917,30.272077515903813],[31.55329534540272,30.272184956213795],[31.55347082770022,30.273012858841206],[31.5535304345591,30.273191560287618],[31.553597431426514,30.27336829812898],[31.55367173192562,30.2735428445173],[31.553766009869506,30.27374042818923],[31.553883788596284,30.27395939094127],[31.553947084727586,30.274067031648162],[31.554013273235167,30.27417336679496],[31.554154181526734,30.27438188934441]]}},{"type":"Feature","properties":{"اسم_الحي":"حي 39","نوع_الطريق":"2","اسم_القطاع":"ABOR 20","موقف_التنفيذ":"تم التسليم","موقف_المتخلص":"3","ملاحظات":null,"Length":0.283013698630137,"Field":"رئيسي","SHAPE_Length":80.81507162710434,"__networkId":"roads","__networkName":"الطرق والقطاعات","__layerId":"roads_lines","__layerName":"طرق المدينة","__assetName":"طرق المدينة","__geometryKind":"line","__featureIndex":463,"__length_m":80.82,"__typeValue":"تم التسليم"},"geometry":{"type":"LineString","coordinates":[[31.50804473327627,30.258027911249354],[31.50853214297977,30.258492636730566]]}},{"type":"Feature","properties":{"اسم_الحي":"حي 39","نوع_الطريق":"1","اسم_القطاع":"ABOR 21","موقف_التنفيذ":"تم التسليم","موقف_المتخلص":"3","ملاحظات":null,"Length":0.283013698630137,"Field":"رئيسي","SHAPE_Length":712.269498822864,"__networkId":"roads","__networkName":"الطرق والقطاعات","__layerId":"roads_lines","__layerName":"طرق المدينة","__assetName":"طرق المدينة","__geometryKind":"line","__featureIndex":464,"__length_m":712.27,"__typeValue":"تم التسليم"},"geometry":{"type":"LineString","coordinates":[[31.500445554606184,30.265689731005835],[31.502025268084466,30.26801095403011],[31.50204093379585,30.268037546187724],[31.50301890001011,30.2707110606905]]}},{"type":"Feature","properties":{"اسم_الحي":"حي 39","نوع_الطريق":"3","اسم_القطاع":"ABOR 16","موقف_التنفيذ":"تم التسليم","موقف_المتخلص":"3","ملاحظات":null,"Length":0.283013698630137,"Field":"ثانوي","SHAPE_Length":93.74290565935996,"__networkId":"roads","__networkName":"الطرق والقطاعات","__layerId":"roads_lines","__layerName":"طرق المدينة","__assetName":"طرق المدينة","__geometryKind":"line","__featureIndex":465,"__length_m":93.74,"__typeValue":"تم التسليم"},"geometry":{"type":"LineString","coordinates":[[31.536643312710247,30.27128679070746],[31.53580141971079,30.27127040133009]]}},{"type":"Feature","properties":{"اسم_الحي":"حي 16","نوع_الطريق":"3","اسم_القطاع":"ABOR 10","موقف_التنفيذ":"جاري العمل مكتبيا","موقف_المتخلص":"3","ملاحظات":null,"Length":0.1752358490566038,"Field":"ثانوي","SHAPE_Length":46.87061345293116,"__networkId":"roads","__networkName":"الطرق والقطاعات","__layerId":"roads_lines","__layerName":"طرق المدينة","__assetName":"طرق المدينة","__geometryKind":"line","__featureIndex":466,"__length_m":46.87,"__typeValue":"جاري العمل مكتبيا"},"geometry":{"type":"LineString","coordinates":[[31.560257716452735,30.249781389870652],[31.56023354278844,30.250144504442044]]}},{"type":"Feature","properties":{"اسم_الحي":"حي 39","نوع_الطريق":"2","اسم_القطاع":"ABOR 19","موقف_التنفيذ":"تم التسليم","موقف_المتخلص":"3","ملاحظات":null,"Length":0.283013698630137,"Field":"رئيسي","SHAPE_Length":171.11323089724056,"__networkId":"roads","__networkName":"الطرق والقطاعات","__layerId":"roads_lines","__layerName":"طرق المدينة","__assetName":"طرق المدينة","__geometryKind":"line","__featureIndex":467,"__length_m":171.11,"__typeValue":"تم التسليم"},"geometry":{"type":"LineString","coordinates":[[31.517858108204738,30.263832003447423],[31.517902021696482,30.263799662210843],[31.51794831887265,30.263769904176677],[31.517996796403335,30.26374286004193],[31.51804724138248,30.263718648581523],[31.518099432263107,30.263697376130885],[31.518153139830808,30.263679136117357],[31.518208128209235,30.263664008650494],[31.51826415589888,30.263652060169104],[31.51832097683296,30.263643343150214],[31.51836035996935,30.263642159909846],[31.518438416229344,30.263633020907218],[31.5185143740525,30.26361500363771],[31.518586886036772,30.263588427699318],[31.518621444858667,30.263572071828435],[31.518686401703338,30.26353358702383],[31.518716511340784,30.263511628945945],[31.51878594809653,30.26349387773068],[31.518856625740003,30.26348026155474],[31.518928214596595,30.26347084393375],[31.51900038074063,30.263465668795384],[31.519072787552098,30.26346476028015],[31.519145097290874,30.263468122628506],[31.519293125548618,30.26348610294094]]}},{"type":"Feature","properties":{"اسم_الحي":"حي 15","نوع_الطريق":"3","اسم_القطاع":"ABOR 7","موقف_التنفيذ":"جاري العمل ميدانيا","موقف_المتخلص":"3","ملاحظات":null,"Length":0.1752358490566038,"Field":"ثانوي","SHAPE_Length":45.39833051718377,"__networkId":"roads","__networkName":"الطرق والقطاعات","__layerId":"roads_lines","__layerName":"طرق المدينة","__assetName":"طرق المدينة","__geometryKind":"line","__featureIndex":468,"__length_m":45.4,"__typeValue":"جاري العمل ميدانيا"},"geometry":{"type":"LineString","coordinates":[[31.585533837282505,30.258848515398014],[31.58555700752861,30.258496825974092]]}},{"type":"Feature","properties":{"اسم_الحي":"حي 16","نوع_الطريق":"3","اسم_القطاع":"ABOR 9","موقف_التنفيذ":"جاري العمل ميدانيا","موقف_المتخلص":"3","ملاحظات":null,"Length":0.1752358490566038,"Field":"ثانوي","SHAPE_Length":46.270955949102095,"__networkId":"roads","__networkName":"الطرق والقطاعات","__layerId":"roads_lines","__layerName":"طرق المدينة","__assetName":"طرق المدينة","__geometryKind":"line","__featureIndex":469,"__length_m":46.27,"__typeValue":"جاري العمل ميدانيا"},"geometry":{"type":"LineString","coordinates":[[31.568104235456506,30.251760410205662],[31.568127837792275,30.251401934240626]]}},{"type":"Feature","properties":{"اسم_الحي":"حي 39","نوع_الطريق":"1","اسم_القطاع":"ABOR 15","موقف_التنفيذ":"تم التسليم","موقف_المتخلص":"3","ملاحظات":null,"Length":0.283013698630137,"Field":"رئيسي","SHAPE_Length":461.3171377369184,"__networkId":"roads","__networkName":"الطرق والقطاعات","__layerId":"roads_lines","__layerName":"طرق المدينة","__assetName":"طرق المدينة","__geometryKind":"line","__featureIndex":470,"__length_m":461.32,"__typeValue":"تم التسليم"},"geometry":{"type":"LineString","coordinates":[[31.50097326093671,30.272762588422964],[31.501809596957795,30.274772681206013],[31.501855009324903,30.274894651922853],[31.501890770288888,30.275018994717357],[31.501916716238764,30.27514514069215],[31.50193272846694,30.27527251269812],[31.501938733712706,30.275400527979663],[31.50193470450274,30.275528600842726],[31.50192065926964,30.275656145329165],[31.501839571043874,30.276197613077983]]}},{"type":"Feature","properties":{"اسم_الحي":"حي 39","نوع_الطريق":"2","اسم_القطاع":"ABOR 20","موقف_التنفيذ":"تم التسليم","موقف_المتخلص":"3","ملاحظات":null,"Length":0.283013698630137,"Field":"رئيسي","SHAPE_Length":57.50849882499233,"__networkId":"roads","__networkName":"الطرق والقطاعات","__layerId":"roads_lines","__layerName":"طرق المدينة","__assetName":"طرق المدينة","__geometryKind":"line","__featureIndex":471,"__length_m":57.51,"__typeValue":"تم التسليم"},"geometry":{"type":"LineString","coordinates":[[31.50906747421039,30.258069511348346],[31.5091353324304,30.25801350047136],[31.509172339478763,30.257988536083804],[31.509251693683495,30.25794523972187],[31.50933698936764,30.25791140627399],[31.509381398689236,30.257898231384395],[31.509426722679656,30.2578876322682],[31.509519311526958,30.25787433687421]]}},{"type":"Feature","properties":{"اسم_الحي":"حي 14","نوع_الطريق":"1","اسم_القطاع":"ABOR 4","موقف_التنفيذ":"تم التسليم","موقف_المتخلص":"3","ملاحظات":null,"Length":0.283013698630137,"Field":"رئيسي","SHAPE_Length":1055.786154728378,"__networkId":"roads","__networkName":"الطرق والقطاعات","__layerId":"roads_lines","__layerName":"طرق المدينة","__assetName":"طرق المدينة","__geometryKind":"line","__featureIndex":472,"__length_m":1055.79,"__typeValue":"تم التسليم"},"geometry":{"type":"LineString","coordinates":[[31.54883320138409,30.27020239067196],[31.549426532515795,30.269075454816093],[31.54993906818649,30.268004511432757],[31.550409578311438,30.26691926388905],[31.55083752972647,30.265820941492002],[31.551222437493223,30.264710788401047],[31.551563865448475,30.263590062224527],[31.551861426698423,30.2624600325845]]}},{"type":"Feature","properties":{"اسم_الحي":"حي 39","نوع_الطريق":"1","اسم_القطاع":"ABOR 14","موقف_التنفيذ":"تم التسليم","موقف_المتخلص":"3","ملاحظات":null,"Length":0.283013698630137,"Field":"رئيسي","SHAPE_Length":127.25760214291779,"__networkId":"roads","__networkName":"الطرق والقطاعات","__layerId":"roads_lines","__layerName":"طرق المدينة","__assetName":"طرق المدينة","__geometryKind":"line","__featureIndex":473,"__length_m":127.26,"__typeValue":"تم التسليم"},"geometry":{"type":"LineString","coordinates":[[31.51080500551442,30.271141902309854],[31.5104710190783,30.270197671255247]]}},{"type":"Feature","properties":{"اسم_الحي":"حي 15","نوع_الطريق":"2","اسم_القطاع":"ABOR 7","موقف_التنفيذ":"جاري العمل ميدانيا","موقف_المتخلص":"3","ملاحظات":null,"Length":0.1752358490566038,"Field":"رئيسي","SHAPE_Length":187.24673463854876,"__networkId":"roads","__networkName":"الطرق والقطاعات","__layerId":"roads_lines","__layerName":"طرق المدينة","__assetName":"طرق المدينة","__geometryKind":"line","__featureIndex":474,"__length_m":187.25,"__typeValue":"جاري العمل ميدانيا"},"geometry":{"type":"LineString","coordinates":[[31.586045517668317,30.25887398208619],[31.586141411926604,30.257423437235282]]}},{"type":"Feature","properties":{"اسم_الحي":"حي 39","نوع_الطريق":"2","اسم_القطاع":"ABOR 17","موقف_التنفيذ":"تم التسليم","موقف_المتخلص":"3","ملاحظات":null,"Length":0.283013698630137,"Field":"رئيسي","SHAPE_Length":76.78966319301693,"__networkId":"roads","__networkName":"الطرق والقطاعات","__layerId":"roads_lines","__layerName":"طرق المدينة","__assetName":"طرق المدينة","__geometryKind":"line","__featureIndex":475,"__length_m":76.79,"__typeValue":"تم التسليم"},"geometry":{"type":"LineString","coordinates":[[31.524036753966577,30.26809377644604],[31.52383902758602,30.26752299862651]]}},{"type":"Feature","properties":{"اسم_الحي":"حي 13","نوع_الطريق":"2","اسم_القطاع":"ABOR 5","موقف_التنفيذ":"تم التسليم","موقف_المتخلص":"3","ملاحظات":null,"Length":0.283013698630137,"Field":"رئيسي","SHAPE_Length":190.285871033547,"__networkId":"roads","__networkName":"الطرق والقطاعات","__layerId":"roads_lines","__layerName":"طرق المدينة","__assetName":"طرق المدينة","__geometryKind":"line","__featureIndex":476,"__length_m":190.29,"__typeValue":"تم التسليم"},"geometry":{"type":"LineString","coordinates":[[31.551725372357065,30.275154472256652],[31.551770022820413,30.275103179421375],[31.551818749162546,30.275054732543666],[31.551871308930796,30.2750093726915],[31.551927440596003,30.27496732557315],[31.551986864855696,30.274928800411935],[31.55204928602516,30.274893988907987],[31.55211439350771,30.274863064280535],[31.552181863337893,30.274836180408606],[31.552251359798454,30.27481347106701],[31.552322537084486,30.274795049255815],[31.552395041030767,30.27478100664163],[31.552468510869062,30.274771413099753],[31.552542581026113,30.274766316367373],[31.552616882940914,30.274765741805773],[31.552691046899138,30.274769692273683],[31.552764703872885,30.274778148114276],[31.55283748735724,30.2747910672505],[31.552909035195025,30.274808385398668],[31.55297899137377,30.27483001638299],[31.55304700780439,30.274855852569384],[31.553112746048544,30.274885765395894],[31.553175879002016,30.274919606020642],[31.55323609252657,30.274957206052218]]}},{"type":"Feature","properties":{"اسم_الحي":"حي 16","نوع_الطريق":"3","اسم_القطاع":"ABOR 10","موقف_التنفيذ":"جاري العمل مكتبيا","موقف_المتخلص":"3","ملاحظات":null,"Length":0.1752358490566038,"Field":"ثانوي","SHAPE_Length":46.157836484678974,"__networkId":"roads","__networkName":"الطرق والقطاعات","__layerId":"roads_lines","__layerName":"طرق المدينة","__assetName":"طرق المدينة","__geometryKind":"line","__featureIndex":477,"__length_m":46.16,"__typeValue":"جاري العمل مكتبيا"},"geometry":{"type":"LineString","coordinates":[[31.55943005007244,30.24869371660718],[31.559018755521276,30.248648288373563]]}},{"type":"Feature","properties":{"اسم_الحي":"حي 39","نوع_الطريق":"2","اسم_القطاع":"ABOR 19","موقف_التنفيذ":"تم التسليم","موقف_المتخلص":"3","ملاحظات":null,"Length":0.283013698630137,"Field":"رئيسي","SHAPE_Length":135.80916806418205,"__networkId":"roads","__networkName":"الطرق والقطاعات","__layerId":"roads_lines","__layerName":"طرق المدينة","__assetName":"طرق المدينة","__geometryKind":"line","__featureIndex":478,"__length_m":135.81,"__typeValue":"تم التسليم"},"geometry":{"type":"LineString","coordinates":[[31.52294384562561,30.26400076889044],[31.524111962718802,30.263696759979773]]}},{"type":"Feature","properties":{"اسم_الحي":"حي 16","نوع_الطريق":"3","اسم_القطاع":"ABOR 10","موقف_التنفيذ":"جاري العمل مكتبيا","موقف_المتخلص":"3","ملاحظات":null,"Length":0.1752358490566038,"Field":"ثانوي","SHAPE_Length":37.511826350335134,"__networkId":"roads","__networkName":"الطرق والقطاعات","__layerId":"roads_lines","__layerName":"طرق المدينة","__assetName":"طرق المدينة","__geometryKind":"line","__featureIndex":479,"__length_m":37.51,"__typeValue":"جاري العمل مكتبيا"},"geometry":{"type":"LineString","coordinates":[[31.56187017262479,30.253633132786202],[31.562121212220823,30.253438957480977]]}},{"type":"Feature","properties":{"اسم_الحي":"حي 16","نوع_الطريق":"2","اسم_القطاع":"ABOR 10","موقف_التنفيذ":"جاري العمل مكتبيا","موقف_المتخلص":"3","ملاحظات":null,"Length":0.1752358490566038,"Field":"رئيسي","SHAPE_Length":171.0322884919292,"__networkId":"roads","__networkName":"الطرق والقطاعات","__layerId":"roads_lines","__layerName":"طرق المدينة","__assetName":"طرق المدينة","__geometryKind":"line","__featureIndex":480,"__length_m":171.03,"__typeValue":"جاري العمل مكتبيا"},"geometry":{"type":"LineString","coordinates":[[31.55875512783318,30.252847278199592],[31.558667188156754,30.254172259863793]]}},{"type":"Feature","properties":{"اسم_الحي":"حي 15","نوع_الطريق":"2","اسم_القطاع":"ABOR 7","موقف_التنفيذ":"جاري العمل ميدانيا","موقف_المتخلص":"3","ملاحظات":null,"Length":0.1752358490566038,"Field":"رئيسي","SHAPE_Length":412.02422522460216,"__networkId":"roads","__networkName":"الطرق والقطاعات","__layerId":"roads_lines","__layerName":"طرق المدينة","__assetName":"طرق المدينة","__geometryKind":"line","__featureIndex":481,"__length_m":412.02,"__typeValue":"جاري العمل ميدانيا"},"geometry":{"type":"LineString","coordinates":[[31.589724317284478,30.254469638182762],[31.58833056045991,30.254400243936388],[31.588270836750528,30.254395446150046],[31.588211645509006,30.25438706381671],[31.58815327471536,30.254375137718746],[31.58809600835607,30.25435972587714],[31.588040125046113,30.25434090327277],[31.587985896670006,30.25431876147967],[31.587933587062505,30.254293408220146],[31.587883450721392,30.25426496684359],[31.58783573157049,30.254233575718764],[31.587794954454505,30.25420286307257],[31.58775647301222,30.254170014475754],[31.587686986341605,30.254098428297556],[31.587656251385056,30.254059969149],[31.5876033954866,30.25397846608393],[31.587562690766973,30.253891915288595],[31.5875471004765,30.253847164883826],[31.587534769899158,30.253801662014613],[31.587524454136418,30.25374734140716],[31.587518763927164,30.253692514640065],[31.587518961346806,30.253609967812597],[31.58757285307734,30.2527933006471]]}},{"type":"Feature","properties":{"اسم_الحي":"حي 39","نوع_الطريق":"2","اسم_القطاع":"ABOR 15","موقف_التنفيذ":"تم التسليم","موقف_المتخلص":"3","ملاحظات":null,"Length":0.283013698630137,"Field":"رئيسي","SHAPE_Length":174.19777037587008,"__networkId":"roads","__networkName":"الطرق والقطاعات","__layerId":"roads_lines","__layerName":"طرق المدينة","__assetName":"طرق المدينة","__geometryKind":"line","__featureIndex":482,"__length_m":174.2,"__typeValue":"تم التسليم"},"geometry":{"type":"LineString","coordinates":[[31.505186657859902,30.273782886154333],[31.503639818229466,30.2739873076608]]}},{"type":"Feature","properties":{"اسم_الحي":"حي 15","نوع_الطريق":"3","اسم_القطاع":"ABOR 7","موقف_التنفيذ":"جاري العمل ميدانيا","موقف_المتخلص":"3","ملاحظات":null,"Length":0.1752358490566038,"Field":"ثانوي","SHAPE_Length":46.27639118676888,"__networkId":"roads","__networkName":"الطرق والقطاعات","__layerId":"roads_lines","__layerName":"طرق المدينة","__assetName":"طرق المدينة","__geometryKind":"line","__featureIndex":483,"__length_m":46.28,"__typeValue":"جاري العمل ميدانيا"},"geometry":{"type":"LineString","coordinates":[[31.586324370003883,30.25888786108318],[31.586300634717443,30.259246345421783]]}},{"type":"Feature","properties":{"اسم_الحي":"حي 39","نوع_الطريق":"1","اسم_القطاع":"ABOR 12","موقف_التنفيذ":"تم التسليم","موقف_المتخلص":"3","ملاحظات":null,"Length":0.283013698630137,"Field":"رئيسي","SHAPE_Length":535.9931373546211,"__networkId":"roads","__networkName":"الطرق والقطاعات","__layerId":"roads_lines","__layerName":"طرق المدينة","__assetName":"طرق المدينة","__geometryKind":"line","__featureIndex":484,"__length_m":535.99,"__typeValue":"تم التسليم"},"geometry":{"type":"LineString","coordinates":[[31.526204057268803,30.27485143039629],[31.52505621654319,30.277387443774217],[31.52504745388264,30.27742142213151],[31.52483134258148,30.278809353264307]]}},{"type":"Feature","properties":{"اسم_الحي":"حي 39","نوع_الطريق":"1","اسم_القطاع":"ABOR 12","موقف_التنفيذ":"تم التسليم","موقف_المتخلص":"3","ملاحظات":null,"Length":0.283013698630137,"Field":"رئيسي","SHAPE_Length":116.62301660582747,"__networkId":"roads","__networkName":"الطرق والقطاعات","__layerId":"roads_lines","__layerName":"طرق المدينة","__assetName":"طرق المدينة","__geometryKind":"line","__featureIndex":485,"__length_m":116.62,"__typeValue":"تم التسليم"},"geometry":{"type":"LineString","coordinates":[[31.527597170001314,30.27768190464776],[31.527547501070018,30.277702588495867],[31.52749503042964,30.27771723097028],[31.527440738045186,30.277725558602675],[31.527385637902714,30.277727415865222],[31.52735810644383,30.277725902514582],[31.52657053037886,30.277608284072965]]}},{"type":"Feature","properties":{"اسم_الحي":"حي 13","نوع_الطريق":"2","اسم_القطاع":"ABOR 5","موقف_التنفيذ":"تم التسليم","موقف_المتخلص":"3","ملاحظات":null,"Length":0.283013698630137,"Field":"رئيسي","SHAPE_Length":334.06671028028893,"__networkId":"roads","__networkName":"الطرق والقطاعات","__layerId":"roads_lines","__layerName":"طرق المدينة","__assetName":"طرق المدينة","__geometryKind":"line","__featureIndex":486,"__length_m":334.07,"__typeValue":"تم التسليم"},"geometry":{"type":"LineString","coordinates":[[31.556707638230257,30.276387406725636],[31.554701173788082,30.27831458517367]]}},{"type":"Feature","properties":{"اسم_الحي":"حي 39","نوع_الطريق":"2","اسم_القطاع":"ABOR 20","موقف_التنفيذ":"تم التسليم","موقف_المتخلص":"3","ملاحظات":null,"Length":0.283013698630137,"Field":"رئيسي","SHAPE_Length":135.6900276394018,"__networkId":"roads","__networkName":"الطرق والقطاعات","__layerId":"roads_lines","__layerName":"طرق المدينة","__assetName":"طرق المدينة","__geometryKind":"line","__featureIndex":487,"__length_m":135.69,"__typeValue":"تم التسليم"},"geometry":{"type":"LineString","coordinates":[[31.507204659365268,30.25726502626169],[31.50804473327627,30.258027911249354]]}},{"type":"Feature","properties":{"اسم_الحي":"حي 39","نوع_الطريق":"2","اسم_القطاع":"ABOR 19","موقف_التنفيذ":"تم التسليم","موقف_المتخلص":"3","ملاحظات":null,"Length":0.283013698630137,"Field":"رئيسي","SHAPE_Length":261.11866225698896,"__networkId":"roads","__networkName":"الطرق والقطاعات","__layerId":"roads_lines","__layerName":"طرق المدينة","__assetName":"طرق المدينة","__geometryKind":"line","__featureIndex":488,"__length_m":261.12,"__typeValue":"تم التسليم"},"geometry":{"type":"LineString","coordinates":[[31.52070662374986,30.2612232259889],[31.520741691012656,30.26129943421573],[31.520763705025523,30.26137920611365],[31.520769663139923,30.261419912123664],[31.520771326704836,30.261501906133585],[31.52075011685095,30.261636733504005],[31.520717809651398,30.26176990746126],[31.52069754394413,30.261835661319733],[31.52064891777265,30.261965082769237],[31.520612725630475,30.26207448684188],[31.52057083076578,30.26218236182584],[31.520523319255613,30.262288486091673],[31.5204702887156,30.262392641603086],[31.52041184810089,30.26249461437351],[31.520348117481216,30.262594194899858],[31.52027922779556,30.262691178594576],[31.52023843099688,30.26273262088734],[31.520206480761818,30.262756197128454],[31.520152717969083,30.262784530848613],[31.520093705926463,30.26280353530883],[31.519787136971118,30.26283001196295]]}},{"type":"Feature","properties":{"اسم_الحي":"حي 15","نوع_الطريق":"3","اسم_القطاع":"ABOR 8","موقف_التنفيذ":"جاري العمل ميدانيا","موقف_المتخلص":"3","ملاحظات":null,"Length":0.1752358490566038,"Field":"ثانوي","SHAPE_Length":33.768435733785005,"__networkId":"roads","__networkName":"الطرق والقطاعات","__layerId":"roads_lines","__layerName":"طرق المدينة","__assetName":"طرق المدينة","__geometryKind":"line","__featureIndex":489,"__length_m":33.77,"__typeValue":"جاري العمل ميدانيا"},"geometry":{"type":"LineString","coordinates":[[31.571821217963794,30.25405226476689],[31.571838545567307,30.253790661135387]]}},{"type":"Feature","properties":{"اسم_الحي":"حي 39","نوع_الطريق":"2","اسم_القطاع":"ABOR 19","موقف_التنفيذ":"تم التسليم","موقف_المتخلص":"3","ملاحظات":null,"Length":0.283013698630137,"Field":"رئيسي","SHAPE_Length":93.66736337020149,"__networkId":"roads","__networkName":"الطرق والقطاعات","__layerId":"roads_lines","__layerName":"طرق المدينة","__assetName":"طرق المدينة","__geometryKind":"line","__featureIndex":490,"__length_m":93.67,"__typeValue":"تم التسليم"},"geometry":{"type":"LineString","coordinates":[[31.517838468337693,30.26005710308823],[31.517788511600603,30.2600540113394],[31.517738507651803,30.260056468589035],[31.51766520986783,30.260070445557613],[31.51761865588613,30.26008640069249],[31.5175748494716,30.26010737189196],[31.51753451141003,30.260133014093824],[31.51749830541706,30.26016290538349],[31.517466827219803,30.2601965539302],[31.51734179341034,30.26053872767341]]}},{"type":"Feature","properties":{"اسم_الحي":"حي 39","نوع_الطريق":"2","اسم_القطاع":"ABOR 22","موقف_التنفيذ":"تم التسليم","موقف_المتخلص":"3","ملاحظات":null,"Length":0.283013698630137,"Field":"رئيسي","SHAPE_Length":235.0769252000186,"__networkId":"roads","__networkName":"الطرق والقطاعات","__layerId":"roads_lines","__layerName":"طرق المدينة","__assetName":"طرق المدينة","__geometryKind":"line","__featureIndex":491,"__length_m":235.08,"__typeValue":"تم التسليم"},"geometry":{"type":"LineString","coordinates":[[31.49203965736995,30.2736402652542],[31.491662078388046,30.272561830107747],[31.491420613036308,30.27189664428358]]}},{"type":"Feature","properties":{"اسم_الحي":"حي 39","نوع_الطريق":"1","اسم_القطاع":"ABOR 22","موقف_التنفيذ":"تم التسليم","موقف_المتخلص":"3","ملاحظات":null,"Length":0.283013698630137,"Field":"رئيسي","SHAPE_Length":518.4534688739436,"__networkId":"roads","__networkName":"الطرق والقطاعات","__layerId":"roads_lines","__layerName":"طرق المدينة","__assetName":"طرق المدينة","__geometryKind":"line","__featureIndex":492,"__length_m":518.45,"__typeValue":"تم التسليم"},"geometry":{"type":"LineString","coordinates":[[31.49289920585796,30.26854220411104],[31.492215869997757,30.26919453907068],[31.49162033547342,30.269697975057333],[31.49100749131185,30.27017760577934],[31.49047010832912,30.27062711785141],[31.489321433473638,30.271007734902742]]}},{"type":"Feature","properties":{"اسم_الحي":"حي 39","نوع_الطريق":"2","اسم_القطاع":"ABOR 19","موقف_التنفيذ":"تم التسليم","موقف_المتخلص":"3","ملاحظات":null,"Length":0.283013698630137,"Field":"رئيسي","SHAPE_Length":182.47689173671836,"__networkId":"roads","__networkName":"الطرق والقطاعات","__layerId":"roads_lines","__layerName":"طرق المدينة","__assetName":"طرق المدينة","__geometryKind":"line","__featureIndex":493,"__length_m":182.48,"__typeValue":"تم التسليم"},"geometry":{"type":"LineString","coordinates":[[31.522420504209077,30.266861499699736],[31.52200676444371,30.265491557404964]]}},{"type":"Feature","properties":{"اسم_الحي":"حي 39","نوع_الطريق":"2","اسم_القطاع":"ABOR 13","موقف_التنفيذ":"تم التسليم","موقف_المتخلص":"3","ملاحظات":"remove","Length":0.283013698630137,"Field":"رئيسي","SHAPE_Length":231.55643271897515,"__networkId":"roads","__networkName":"الطرق والقطاعات","__layerId":"roads_lines","__layerName":"طرق المدينة","__assetName":"طرق المدينة","__geometryKind":"line","__featureIndex":494,"__length_m":231.56,"__typeValue":"تم التسليم"},"geometry":{"type":"LineString","coordinates":[[31.517575954560503,30.273616033606395],[31.51565005193132,30.272937248676666]]}},{"type":"Feature","properties":{"اسم_الحي":"حي 16","نوع_الطريق":"3","اسم_القطاع":"ABOR 9","موقف_التنفيذ":"جاري العمل ميدانيا","موقف_المتخلص":"3","ملاحظات":null,"Length":0.1752358490566038,"Field":"ثانوي","SHAPE_Length":53.363399202571436,"__networkId":"roads","__networkName":"الطرق والقطاعات","__layerId":"roads_lines","__layerName":"طرق المدينة","__assetName":"طرق المدينة","__geometryKind":"line","__featureIndex":495,"__length_m":53.36,"__typeValue":"جاري العمل ميدانيا"},"geometry":{"type":"LineString","coordinates":[[31.56930033776571,30.255076901315977],[31.569272913098427,30.255490299049427]]}},{"type":"Feature","properties":{"اسم_الحي":"حي 39","نوع_الطريق":"2","اسم_القطاع":"ABOR 13","موقف_التنفيذ":"تم التسليم","موقف_المتخلص":"3","ملاحظات":"remove","Length":0.283013698630137,"Field":"رئيسي","SHAPE_Length":231.4052114619958,"__networkId":"roads","__networkName":"الطرق والقطاعات","__layerId":"roads_lines","__layerName":"طرق المدينة","__assetName":"طرق المدينة","__geometryKind":"line","__featureIndex":496,"__length_m":231.41,"__typeValue":"تم التسليم"},"geometry":{"type":"LineString","coordinates":[[31.516850330508298,30.276472208090098],[31.514790517816333,30.27623045069618]]}},{"type":"Feature","properties":{"اسم_الحي":"حي 15","نوع_الطريق":"3","اسم_القطاع":"ABOR 8","موقف_التنفيذ":"جاري العمل ميدانيا","موقف_المتخلص":"3","ملاحظات":"محتاج النظر فيها","Length":0.1752358490566038,"Field":"ثانوي","SHAPE_Length":46.856345662323236,"__networkId":"roads","__networkName":"الطرق والقطاعات","__layerId":"roads_lines","__layerName":"طرق المدينة","__assetName":"طرق المدينة","__geometryKind":"line","__featureIndex":497,"__length_m":46.86,"__typeValue":"جاري العمل ميدانيا"},"geometry":{"type":"LineString","coordinates":[[31.57586350918158,30.257192451860995],[31.575839428043754,30.25755543273523]]}},{"type":"Feature","properties":{"اسم_الحي":"حي 15","نوع_الطريق":"2","اسم_القطاع":"ABOR 7","موقف_التنفيذ":"جاري العمل ميدانيا","موقف_المتخلص":"3","ملاحظات":null,"Length":0.1752358490566038,"Field":"رئيسي","SHAPE_Length":277.4972784437373,"__networkId":"roads","__networkName":"الطرق والقطاعات","__layerId":"roads_lines","__layerName":"طرق المدينة","__assetName":"طرق المدينة","__geometryKind":"line","__featureIndex":498,"__length_m":277.5,"__typeValue":"جاري العمل ميدانيا"},"geometry":{"type":"LineString","coordinates":[[31.581315037891173,30.25675916145306],[31.57882636858425,30.256635248670328]]}},{"type":"Feature","properties":{"اسم_الحي":"حي 39","نوع_الطريق":"2","اسم_القطاع":"ABOR 20","موقف_التنفيذ":"تم التسليم","موقف_المتخلص":"3","ملاحظات":null,"Length":0.283013698630137,"Field":"رئيسي","SHAPE_Length":113.80833672433997,"__networkId":"roads","__networkName":"الطرق والقطاعات","__layerId":"roads_lines","__layerName":"طرق المدينة","__assetName":"طرق المدينة","__geometryKind":"line","__featureIndex":499,"__length_m":113.81,"__typeValue":"تم التسليم"},"geometry":{"type":"LineString","coordinates":[[31.51106464288604,30.262425874436],[31.510782946484294,30.263274726198595]]}},{"type":"Feature","properties":{"اسم_الحي":"حي 39","نوع_الطريق":"3","اسم_القطاع":"ABOR 14","موقف_التنفيذ":"تم التسليم","موقف_المتخلص":"3","ملاحظات":null,"Length":0.283013698630137,"Field":"ثانوي","SHAPE_Length":126.81027789702665,"__networkId":"roads","__networkName":"الطرق والقطاعات","__layerId":"roads_lines","__layerName":"طرق المدينة","__assetName":"طرق المدينة","__geometryKind":"line","__featureIndex":500,"__length_m":126.81,"__typeValue":"تم التسليم"},"geometry":{"type":"LineString","coordinates":[[31.513870710339024,30.273958127223715],[31.51371747212462,30.27493298403906]]}},{"type":"Feature","properties":{"اسم_الحي":"حي 16","نوع_الطريق":"3","اسم_القطاع":"ABOR 9","موقف_التنفيذ":"جاري العمل ميدانيا","موقف_المتخلص":"3","ملاحظات":null,"Length":0.1752358490566038,"Field":"ثانوي","SHAPE_Length":46.03667058682578,"__networkId":"roads","__networkName":"الطرق والقطاعات","__layerId":"roads_lines","__layerName":"طرق المدينة","__assetName":"طرق المدينة","__geometryKind":"line","__featureIndex":501,"__length_m":46.04,"__typeValue":"جاري العمل ميدانيا"},"geometry":{"type":"LineString","coordinates":[[31.569760015578076,30.253540677714657],[31.569347148975194,30.253520082728027]]}},{"type":"Feature","properties":{"اسم_الحي":"حي 39","نوع_الطريق":"1","اسم_القطاع":"ABOR 14","موقف_التنفيذ":"تم التسليم","موقف_المتخلص":"3","ملاحظات":null,"Length":0.283013698630137,"Field":"رئيسي","SHAPE_Length":226.82280151112158,"__networkId":"roads","__networkName":"الطرق والقطاعات","__layerId":"roads_lines","__layerName":"طرق المدينة","__assetName":"طرق المدينة","__geometryKind":"line","__featureIndex":502,"__length_m":226.82,"__typeValue":"تم التسليم"},"geometry":{"type":"LineString","coordinates":[[31.5110386680996,30.273622724191927],[31.5107668729289,30.275366696968188]]}},{"type":"Feature","properties":{"اسم_الحي":"حي 15","نوع_الطريق":"3","اسم_القطاع":"ABOR 7","موقف_التنفيذ":"جاري العمل ميدانيا","موقف_المتخلص":"3","ملاحظات":null,"Length":0.1752358490566038,"Field":"ثانوي","SHAPE_Length":33.47537285209152,"__networkId":"roads","__networkName":"الطرق والقطاعات","__layerId":"roads_lines","__layerName":"طرق المدينة","__assetName":"طرق المدينة","__geometryKind":"line","__featureIndex":503,"__length_m":33.48,"__typeValue":"جاري العمل ميدانيا"},"geometry":{"type":"LineString","coordinates":[[31.582564702249215,30.25116844844281],[31.582544721920677,30.250909257442743]]}},{"type":"Feature","properties":{"اسم_الحي":"حي 15","نوع_الطريق":"3","اسم_القطاع":"ABOR 8","موقف_التنفيذ":"جاري العمل ميدانيا","موقف_المتخلص":"3","ملاحظات":null,"Length":0.1752358490566038,"Field":"ثانوي","SHAPE_Length":46.279586201891846,"__networkId":"roads","__networkName":"الطرق والقطاعات","__layerId":"roads_lines","__layerName":"طرق المدينة","__assetName":"طرق المدينة","__geometryKind":"line","__featureIndex":504,"__length_m":46.28,"__typeValue":"جاري العمل ميدانيا"},"geometry":{"type":"LineString","coordinates":[[31.570862141532164,30.258156924029517],[31.57083846912782,30.258515438969585]]}},{"type":"Feature","properties":{"اسم_الحي":"حي 15","نوع_الطريق":"3","اسم_القطاع":"ABOR 7","موقف_التنفيذ":"جاري العمل ميدانيا","موقف_المتخلص":"3","ملاحظات":null,"Length":0.1752358490566038,"Field":"ثانوي","SHAPE_Length":44.26158858751025,"__networkId":"roads","__networkName":"الطرق والقطاعات","__layerId":"roads_lines","__layerName":"طرق المدينة","__assetName":"طرق المدينة","__geometryKind":"line","__featureIndex":505,"__length_m":44.26,"__typeValue":"جاري العمل ميدانيا"},"geometry":{"type":"LineString","coordinates":[[31.589396177982564,30.25558439575344],[31.58977929956976,30.255676259954026]]}},{"type":"Feature","properties":{"اسم_الحي":"حي 39","نوع_الطريق":"2","اسم_القطاع":"ABOR 20","موقف_التنفيذ":"تم التسليم","موقف_المتخلص":"3","ملاحظات":null,"Length":0.283013698630137,"Field":"رئيسي","SHAPE_Length":64.06043633852428,"__networkId":"roads","__networkName":"الطرق والقطاعات","__layerId":"roads_lines","__layerName":"طرق المدينة","__assetName":"طرق المدينة","__geometryKind":"line","__featureIndex":506,"__length_m":64.06,"__typeValue":"تم التسليم"},"geometry":{"type":"LineString","coordinates":[[31.508000600843005,30.25890297380106],[31.507959841117064,30.258931285302292],[31.507921519681748,30.258962032678614],[31.507885831223522,30.25899505972115],[31.5078529570512,30.259030198639433],[31.507823064178485,30.259067270913384],[31.507796304468346,30.259106088202167],[31.507772813870545,30.259146453298353],[31.507752711725562,30.25918816113339],[31.50773610015741,30.25923099981411],[31.50772306355963,30.259274751706357],[31.507713668161475,30.259319194533383]]}},{"type":"Feature","properties":{"اسم_الحي":"حي 15","نوع_الطريق":"2","اسم_القطاع":"ABOR 7","موقف_التنفيذ":"جاري العمل ميدانيا","موقف_المتخلص":"3","ملاحظات":null,"Length":0.1752358490566038,"Field":"رئيسي","SHAPE_Length":127.5445827303521,"__networkId":"roads","__networkName":"الطرق والقطاعات","__layerId":"roads_lines","__layerName":"طرق المدينة","__assetName":"طرق المدينة","__geometryKind":"line","__featureIndex":507,"__length_m":127.54,"__typeValue":"جاري العمل ميدانيا"},"geometry":{"type":"LineString","coordinates":[[31.581654512135366,30.255558858376588],[31.58158924863167,30.256546932210917]]}},{"type":"Feature","properties":{"اسم_الحي":"حي 39","نوع_الطريق":"2","اسم_القطاع":"ABOR 21","موقف_التنفيذ":"تم التسليم","موقف_المتخلص":"3","ملاحظات":null,"Length":0.283013698630137,"Field":"رئيسي","SHAPE_Length":198.18697121089332,"__networkId":"roads","__networkName":"الطرق والقطاعات","__layerId":"roads_lines","__layerName":"طرق المدينة","__assetName":"طرق المدينة","__geometryKind":"line","__featureIndex":508,"__length_m":198.19,"__typeValue":"تم التسليم"},"geometry":{"type":"LineString","coordinates":[[31.506374430989823,30.26845764494354],[31.508085584163812,30.26803314268592]]}},{"type":"Feature","properties":{"اسم_الحي":"حي 39","نوع_الطريق":"2","اسم_القطاع":"ABOR 20","موقف_التنفيذ":"تم التسليم","موقف_المتخلص":"3","ملاحظات":null,"Length":0.283013698630137,"Field":"رئيسي","SHAPE_Length":76.41347835554716,"__networkId":"roads","__networkName":"الطرق والقطاعات","__layerId":"roads_lines","__layerName":"طرق المدينة","__assetName":"طرق المدينة","__geometryKind":"line","__featureIndex":509,"__length_m":76.41,"__typeValue":"تم التسليم"},"geometry":{"type":"LineString","coordinates":[[31.512974796251676,30.26572828721537],[31.512413426454216,30.26606948038057]]}},{"type":"Feature","properties":{"اسم_الحي":"حي 16","نوع_الطريق":"2","اسم_القطاع":"ABOR 10","موقف_التنفيذ":"جاري العمل مكتبيا","موقف_المتخلص":"3","ملاحظات":null,"Length":0.1752358490566038,"Field":"رئيسي","SHAPE_Length":99.13625788466402,"__networkId":"roads","__networkName":"الطرق والقطاعات","__layerId":"roads_lines","__layerName":"طرق المدينة","__assetName":"طرق المدينة","__geometryKind":"line","__featureIndex":510,"__length_m":99.14,"__typeValue":"جاري العمل مكتبيا"},"geometry":{"type":"LineString","coordinates":[[31.559700050409177,30.25052408345762],[31.559751107056673,30.249756055848774]]}},{"type":"Feature","properties":{"اسم_الحي":"حي 16","نوع_الطريق":"3","اسم_القطاع":"ABOR 9","موقف_التنفيذ":"جاري العمل ميدانيا","موقف_المتخلص":"3","ملاحظات":null,"Length":0.1752358490566038,"Field":"ثانوي","SHAPE_Length":46.046218854950226,"__networkId":"roads","__networkName":"الطرق والقطاعات","__layerId":"roads_lines","__layerName":"طرق المدينة","__assetName":"طرق المدينة","__geometryKind":"line","__featureIndex":511,"__length_m":46.05,"__typeValue":"جاري العمل ميدانيا"},"geometry":{"type":"LineString","coordinates":[[31.569803967449964,30.252877336329558],[31.57021691669789,30.252897980337313]]}},{"type":"Feature","properties":{"اسم_الحي":"حي 15","نوع_الطريق":"2","اسم_القطاع":"ABOR 7","موقف_التنفيذ":"جاري العمل ميدانيا","موقف_المتخلص":"3","ملاحظات":null,"Length":0.1752358490566038,"Field":"رئيسي","SHAPE_Length":114.88151870223784,"__networkId":"roads","__networkName":"الطرق والقطاعات","__layerId":"roads_lines","__layerName":"طرق المدينة","__assetName":"طرق المدينة","__geometryKind":"line","__featureIndex":512,"__length_m":114.88,"__typeValue":"جاري العمل ميدانيا"},"geometry":{"type":"LineString","coordinates":[[31.587040273386393,30.256589236718927],[31.587802582838197,30.255988372102504]]}},{"type":"Feature","properties":{"اسم_الحي":"حي 13","نوع_الطريق":"2","اسم_القطاع":"ABOR 5","موقف_التنفيذ":"تم التسليم","موقف_المتخلص":"3","ملاحظات":null,"Length":0.283013698630137,"Field":"رئيسي","SHAPE_Length":80.18831707960418,"__networkId":"roads","__networkName":"الطرق والقطاعات","__layerId":"roads_lines","__layerName":"طرق المدينة","__assetName":"طرق المدينة","__geometryKind":"line","__featureIndex":513,"__length_m":80.19,"__typeValue":"تم التسليم"},"geometry":{"type":"LineString","coordinates":[[31.551725372357065,30.275154472256652],[31.55130697392865,30.275660874568768]]}},{"type":"Feature","properties":{"اسم_الحي":"حي 39","نوع_الطريق":"3","اسم_القطاع":"ABOR 16","موقف_التنفيذ":"تم التسليم","موقف_المتخلص":"3","ملاحظات":null,"Length":0.283013698630137,"Field":"ثانوي","SHAPE_Length":83.2409021014383,"__networkId":"roads","__networkName":"الطرق والقطاعات","__layerId":"roads_lines","__layerName":"طرق المدينة","__assetName":"طرق المدينة","__geometryKind":"line","__featureIndex":514,"__length_m":83.24,"__typeValue":"تم التسليم"},"geometry":{"type":"LineString","coordinates":[[31.532430772779822,30.264150365810103],[31.532630558098994,30.264772739092336]]}},{"type":"Feature","properties":{"اسم_الحي":"حي 15","نوع_الطريق":"2","اسم_القطاع":"ABOR 7","موقف_التنفيذ":"جاري العمل ميدانيا","موقف_المتخلص":"3","ملاحظات":null,"Length":0.1752358490566038,"Field":"رئيسي","SHAPE_Length":166.11923306988547,"__networkId":"roads","__networkName":"الطرق والقطاعات","__layerId":"roads_lines","__layerName":"طرق المدينة","__assetName":"طرق المدينة","__geometryKind":"line","__featureIndex":515,"__length_m":166.12,"__typeValue":"جاري العمل ميدانيا"},"geometry":{"type":"LineString","coordinates":[[31.58079380482063,30.254784549945008],[31.581905276846918,30.25392442606306]]}},{"type":"Feature","properties":{"اسم_الحي":"حي 16","نوع_الطريق":"3","اسم_القطاع":"ABOR 9","موقف_التنفيذ":"جاري العمل ميدانيا","موقف_المتخلص":"3","ملاحظات":null,"Length":0.1752358490566038,"Field":"ثانوي","SHAPE_Length":53.32616859993679,"__networkId":"roads","__networkName":"الطرق والقطاعات","__layerId":"roads_lines","__layerName":"طرق المدينة","__assetName":"طرق المدينة","__geometryKind":"line","__featureIndex":516,"__length_m":53.33,"__typeValue":"جاري العمل ميدانيا"},"geometry":{"type":"LineString","coordinates":[[31.568361362935203,30.255030295803536],[31.568333952640966,30.255443405078413]]}},{"type":"Feature","properties":{"اسم_الحي":"حي 39","نوع_الطريق":"2","اسم_القطاع":"ABOR 19","موقف_التنفيذ":"تم التسليم","موقف_المتخلص":"3","ملاحظات":null,"Length":0.283013698630137,"Field":"رئيسي","SHAPE_Length":73.74196491395732,"__networkId":"roads","__networkName":"الطرق والقطاعات","__layerId":"roads_lines","__layerName":"طرق المدينة","__assetName":"طرق المدينة","__geometryKind":"line","__featureIndex":517,"__length_m":73.74,"__typeValue":"تم التسليم"},"geometry":{"type":"LineString","coordinates":[[31.52430133297056,30.264245036905933],[31.524111962718802,30.263696759979773]]}},{"type":"Feature","properties":{"اسم_الحي":"حي 16","نوع_الطريق":"2","اسم_القطاع":"ABOR 10","موقف_التنفيذ":"جاري العمل مكتبيا","موقف_المتخلص":"3","ملاحظات":null,"Length":0.1752358490566038,"Field":"رئيسي","SHAPE_Length":457.05398407423684,"__networkId":"roads","__networkName":"الطرق والقطاعات","__layerId":"roads_lines","__layerName":"طرق المدينة","__assetName":"طرق المدينة","__geometryKind":"line","__featureIndex":518,"__length_m":457.05,"__typeValue":"جاري العمل مكتبيا"},"geometry":{"type":"LineString","coordinates":[[31.557576966676802,30.25041768551666],[31.56167586253726,30.250623069786755]]}},{"type":"Feature","properties":{"اسم_الحي":"حي 15","نوع_الطريق":"3","اسم_القطاع":"ABOR 7","موقف_التنفيذ":"جاري العمل ميدانيا","موقف_المتخلص":"3","ملاحظات":null,"Length":0.1752358490566038,"Field":"ثانوي","SHAPE_Length":45.92668665949178,"__networkId":"roads","__networkName":"الطرق والقطاعات","__layerId":"roads_lines","__layerName":"طرق المدينة","__assetName":"طرق المدينة","__geometryKind":"line","__featureIndex":519,"__length_m":45.93,"__typeValue":"جاري العمل ميدانيا"},"geometry":{"type":"LineString","coordinates":[[31.588585431370632,30.25775802035384],[31.588971439244872,30.257883813360987]]}},{"type":"Feature","properties":{"اسم_الحي":"حي 39","نوع_الطريق":"2","اسم_القطاع":"ABOR 21","موقف_التنفيذ":"تم التسليم","موقف_المتخلص":"3","ملاحظات":null,"Length":0.283013698630137,"Field":"رئيسي","SHAPE_Length":79.740656446444,"__networkId":"roads","__networkName":"الطرق والقطاعات","__layerId":"roads_lines","__layerName":"طرق المدينة","__assetName":"طرق المدينة","__geometryKind":"line","__featureIndex":520,"__length_m":79.74,"__typeValue":"تم التسليم"},"geometry":{"type":"LineString","coordinates":[[31.50829418824416,30.268624997372342],[31.508085584163812,30.26803314268592]]}},{"type":"Feature","properties":{"اسم_الحي":"حي 39","نوع_الطريق":"2","اسم_القطاع":"ABOR 20","موقف_التنفيذ":"تم التسليم","موقف_المتخلص":"3","ملاحظات":null,"Length":0.283013698630137,"Field":"رئيسي","SHAPE_Length":148.43623993028797,"__networkId":"roads","__networkName":"الطرق والقطاعات","__layerId":"roads_lines","__layerName":"طرق المدينة","__assetName":"طرق المدينة","__geometryKind":"line","__featureIndex":521,"__length_m":148.44,"__typeValue":"تم التسليم"},"geometry":{"type":"LineString","coordinates":[[31.511420089175957,30.265262678113928],[31.511820466501465,30.26416413310984]]}},{"type":"Feature","properties":{"اسم_الحي":"حي 15","نوع_الطريق":"3","اسم_القطاع":"ABOR 8","موقف_التنفيذ":"جاري العمل ميدانيا","موقف_المتخلص":"3","ملاحظات":null,"Length":0.1752358490566038,"Field":"ثانوي","SHAPE_Length":33.00295301427064,"__networkId":"roads","__networkName":"الطرق والقطاعات","__layerId":"roads_lines","__layerName":"طرق المدينة","__assetName":"طرق المدينة","__geometryKind":"line","__featureIndex":522,"__length_m":33.0,"__typeValue":"جاري العمل ميدانيا"},"geometry":{"type":"LineString","coordinates":[[31.573953130338772,30.254158675066666],[31.57397005998864,30.253903001649444]]}},{"type":"Feature","properties":{"اسم_الحي":"حي 14","نوع_الطريق":"2","اسم_القطاع":"ABOR 1","موقف_التنفيذ":"تم التسليم","موقف_المتخلص":"2","ملاحظات":null,"Length":0.283013698630137,"Field":"رئيسي","SHAPE_Length":682.0014226872178,"__networkId":"roads","__networkName":"الطرق والقطاعات","__layerId":"roads_lines","__layerName":"طرق المدينة","__assetName":"طرق المدينة","__geometryKind":"line","__featureIndex":523,"__length_m":682.0,"__typeValue":"تم التسليم"},"geometry":{"type":"LineString","coordinates":[[31.564499664530604,30.271716540541558],[31.568539402736338,30.275694365584783]]}},{"type":"Feature","properties":{"اسم_الحي":"حي 15","نوع_الطريق":"3","اسم_القطاع":"ABOR 8","موقف_التنفيذ":"جاري العمل ميدانيا","موقف_المتخلص":"3","ملاحظات":null,"Length":0.1752358490566038,"Field":"ثانوي","SHAPE_Length":34.60044698166006,"__networkId":"roads","__networkName":"الطرق والقطاعات","__layerId":"roads_lines","__layerName":"طرق المدينة","__assetName":"طرق المدينة","__geometryKind":"line","__featureIndex":524,"__length_m":34.6,"__typeValue":"جاري العمل ميدانيا"},"geometry":{"type":"LineString","coordinates":[[31.574507171680178,30.254186322652554],[31.574524918796897,30.253918273431296]]}},{"type":"Feature","properties":{"اسم_الحي":"حي 39","نوع_الطريق":"3","اسم_القطاع":"ABOR 14","موقف_التنفيذ":"تم التسليم","موقف_المتخلص":"3","ملاحظات":null,"Length":0.283013698630137,"Field":"ثانوي","SHAPE_Length":127.5876069843201,"__networkId":"roads","__networkName":"الطرق والقطاعات","__layerId":"roads_lines","__layerName":"طرق المدينة","__assetName":"طرق المدينة","__geometryKind":"line","__featureIndex":525,"__length_m":127.59,"__typeValue":"تم التسليم"},"geometry":{"type":"LineString","coordinates":[[31.513893657802974,30.273960844876836],[31.51404783296022,30.272980002302738]]}},{"type":"Feature","properties":{"اسم_الحي":"حي 13","نوع_الطريق":"1","اسم_القطاع":"ABOR 6","موقف_التنفيذ":"تم التسليم","موقف_المتخلص":"3","ملاحظات":null,"Length":0.283013698630137,"Field":"رئيسي","SHAPE_Length":1361.5858831471132,"__networkId":"roads","__networkName":"الطرق والقطاعات","__layerId":"roads_lines","__layerName":"طرق المدينة","__assetName":"طرق المدينة","__geometryKind":"line","__featureIndex":526,"__length_m":1361.59,"__typeValue":"تم التسليم"},"geometry":{"type":"LineString","coordinates":[[31.542058220699,30.278977275300402],[31.544038938846224,30.27647140060126],[31.544099973477437,30.27640280523028],[31.544843890118532,30.275611726594835],[31.545543583000374,30.27481811852512],[31.546214325238388,30.274006074627767],[31.546855466455753,30.273176381846977],[31.547466384974037,30.272329844248418],[31.54804648842359,30.27146728224817],[31.548595214309113,30.270589531806486],[31.54883320138409,30.27020239067196]]}},{"type":"Feature","properties":{"اسم_الحي":"حي 39","نوع_الطريق":"2","اسم_القطاع":"ABOR 19","موقف_التنفيذ":"تم التسليم","موقف_المتخلص":"3","ملاحظات":null,"Length":0.283013698630137,"Field":"رئيسي","SHAPE_Length":78.44896547473945,"__networkId":"roads","__networkName":"الطرق والقطاعات","__layerId":"roads_lines","__layerName":"طرق المدينة","__assetName":"طرق المدينة","__geometryKind":"line","__featureIndex":527,"__length_m":78.45,"__typeValue":"تم التسليم"},"geometry":{"type":"LineString","coordinates":[[31.51805138163642,30.26464068501536],[31.518194601838793,30.265236566777585]]}},{"type":"Feature","properties":{"اسم_الحي":"حي 15","نوع_الطريق":"2","اسم_القطاع":"ABOR 7","موقف_التنفيذ":"جاري العمل ميدانيا","موقف_المتخلص":"3","ملاحظات":null,"Length":0.1752358490566038,"Field":"رئيسي","SHAPE_Length":190.42484750481628,"__networkId":"roads","__networkName":"الطرق والقطاعات","__layerId":"roads_lines","__layerName":"طرق المدينة","__assetName":"طرق المدينة","__geometryKind":"line","__featureIndex":528,"__length_m":190.42,"__typeValue":"جاري العمل ميدانيا"},"geometry":{"type":"LineString","coordinates":[[31.581207196039653,30.25137462963276],[31.58110949437104,30.252849876160994]]}},{"type":"Feature","properties":{"اسم_الحي":"حي 15","نوع_الطريق":"3","اسم_القطاع":"ABOR 7","موقف_التنفيذ":"جاري العمل ميدانيا","موقف_المتخلص":"3","ملاحظات":null,"Length":0.1752358490566038,"Field":"ثانوي","SHAPE_Length":33.47512003515469,"__networkId":"roads","__networkName":"الطرق والقطاعات","__layerId":"roads_lines","__layerName":"طرق المدينة","__assetName":"طرق المدينة","__geometryKind":"line","__featureIndex":529,"__length_m":33.48,"__typeValue":"جاري العمل ميدانيا"},"geometry":{"type":"LineString","coordinates":[[31.58570909859442,30.250975363962223],[31.585689111977665,30.2507161747807]]}},{"type":"Feature","properties":{"اسم_الحي":"حي 15","نوع_الطريق":"2","اسم_القطاع":"ABOR 7","موقف_التنفيذ":"جاري العمل ميدانيا","موقف_المتخلص":"3","ملاحظات":null,"Length":0.1752358490566038,"Field":"رئيسي","SHAPE_Length":142.59412586613055,"__networkId":"roads","__networkName":"الطرق والقطاعات","__layerId":"roads_lines","__layerName":"طرق المدينة","__assetName":"طرق المدينة","__geometryKind":"line","__featureIndex":530,"__length_m":142.59,"__typeValue":"جاري العمل ميدانيا"},"geometry":{"type":"LineString","coordinates":[[31.58376948677567,30.252194691861842],[31.58384257819877,30.251089987548628]]}},{"type":"Feature","properties":{"اسم_الحي":"حي 39","نوع_الطريق":"2","اسم_القطاع":"ABOR 19","موقف_التنفيذ":"تم التسليم","موقف_المتخلص":"3","ملاحظات":null,"Length":0.283013698630137,"Field":"رئيسي","SHAPE_Length":238.92682786947697,"__networkId":"roads","__networkName":"الطرق والقطاعات","__layerId":"roads_lines","__layerName":"طرق المدينة","__assetName":"طرق المدينة","__geometryKind":"line","__featureIndex":531,"__length_m":238.93,"__typeValue":"تم التسليم"},"geometry":{"type":"LineString","coordinates":[[31.519991191084532,30.26136853792719],[31.51997027255664,30.261331323506116],[31.51994344635372,30.261297052734253],[31.51989335017706,30.261252666260816],[31.517991745179675,30.260780741743105]]}},{"type":"Feature","properties":{"اسم_الحي":"حي 15","نوع_الطريق":"1","اسم_القطاع":"ABOR 7","موقف_التنفيذ":"جاري العمل ميدانيا","موقف_المتخلص":"3","ملاحظات":null,"Length":0.1752358490566038,"Field":"رئيسي","SHAPE_Length":1193.6497000263812,"__networkId":"roads","__networkName":"الطرق والقطاعات","__layerId":"roads_lines","__layerName":"طرق المدينة","__assetName":"طرق المدينة","__geometryKind":"line","__featureIndex":532,"__length_m":1193.65,"__typeValue":"جاري العمل ميدانيا"},"geometry":{"type":"LineString","coordinates":[[31.57795586514133,30.25947635683938],[31.578073536358726,30.25769576471287],[31.578085471579794,30.257598968763215],[31.57810813719242,30.257503614355002],[31.57814257243745,30.257407561214574],[31.578172118202005,30.257344401378255],[31.578206545184166,30.257283113624922],[31.57824569549835,30.25722397902662],[31.57828938959734,30.25716726878537],[31.57833742709896,30.2571132429829],[31.578389587695234,30.257062149390105],[31.578445632176205,30.25701422233336],[31.578560934334725,30.25692966128267],[31.578613620269216,30.256886770471823],[31.57866316313875,30.25684117051223],[31.5787093765896,30.256793032924453],[31.578752086786604,30.25674253877562],[31.578791133075963,30.25668987799777],[31.57882636858425,30.256635248670328],[31.578856973012577,30.25658023279046],[31.5788837311421,30.256523740596986],[31.57890654804263,30.25646597250856],[31.578925342764567,30.25640713346815],[31.578940048632013,30.256347432220533],[31.57895061346976,30.25628708056852],[31.578956999796233,30.256226292623246],[31.57915788644998,30.253186099742898],[31.579159774545097,30.253125242671796],[31.57915739691822,30.253064398365535],[31.579150762278374,30.253003789726165],[31.579139894931206,30.2529436387901],[31.579124834690795,30.25288416591768],[31.579105636727554,30.252825588988355],[31.57908237137224,30.252768122596883],[31.579059644525962,30.25272066976364],[31.579005905242145,30.252629089653574],[31.578941600557297,30.252542739674105],[31.578867405423054,30.252462526184736],[31.578706796531733,30.25230609681916],[31.57865419387194,30.252250973124735],[31.57860626036624,30.252192758906],[31.578563238516697,30.25213174867406],[31.578525345977635,30.252068251084328],[31.578492774455007,30.252002587376115],[31.57846568873296,30.251935089748912],[31.578444225841768,30.2518660996802],[31.578428494366026,30.251795966199523],[31.578418573894268,30.251725044121184],[31.5784145146152,30.25165369225203],[31.5784163370644,30.251582271568186],[31.578479101454967,30.250636626361107]]}},{"type":"Feature","properties":{"اسم_الحي":"حي 39","نوع_الطريق":"2","اسم_القطاع":"ABOR 20","موقف_التنفيذ":"تم التسليم","موقف_المتخلص":"3","ملاحظات":null,"Length":0.283013698630137,"Field":"رئيسي","SHAPE_Length":79.10439294320781,"__networkId":"roads","__networkName":"الطرق والقطاعات","__layerId":"roads_lines","__layerName":"طرق المدينة","__assetName":"طرق المدينة","__geometryKind":"line","__featureIndex":533,"__length_m":79.1,"__typeValue":"تم التسليم"},"geometry":{"type":"LineString","coordinates":[[31.51202207629901,30.265584276661638],[31.511943473619482,30.265528802416085],[31.511862138798822,30.26547634839067],[31.51177822728628,30.265427014843468],[31.51169189945614,30.265380896065498],[31.51160332030136,30.265338080205755],[31.51151265911662,30.265298649100966],[31.511420089175957,30.265262678113928]]}},{"type":"Feature","properties":{"اسم_الحي":"حي 15","نوع_الطريق":"3","اسم_القطاع":"ABOR 7","موقف_التنفيذ":"جاري العمل ميدانيا","موقف_المتخلص":"3","ملاحظات":null,"Length":0.1752358490566038,"Field":"ثانوي","SHAPE_Length":46.88485930995919,"__networkId":"roads","__networkName":"الطرق والقطاعات","__layerId":"roads_lines","__layerName":"طرق المدينة","__assetName":"طرق المدينة","__geometryKind":"line","__featureIndex":534,"__length_m":46.88,"__typeValue":"جاري العمل ميدانيا"},"geometry":{"type":"LineString","coordinates":[[31.58955885749063,30.25287321202816],[31.58953945837204,30.253236639527817]]}},{"type":"Feature","properties":{"اسم_الحي":"حي 15","نوع_الطريق":"3","اسم_القطاع":"ABOR 7","موقف_التنفيذ":"جاري العمل ميدانيا","موقف_المتخلص":"3","ملاحظات":null,"Length":0.1752358490566038,"Field":"ثانوي","SHAPE_Length":46.2761342680279,"__networkId":"roads","__networkName":"الطرق والقطاعات","__layerId":"roads_lines","__layerName":"طرق المدينة","__assetName":"طرق المدينة","__geometryKind":"line","__featureIndex":535,"__length_m":46.28,"__typeValue":"جاري العمل ميدانيا"},"geometry":{"type":"LineString","coordinates":[[31.588065417313917,30.25212270811556],[31.588046422437223,30.252481425883254]]}},{"type":"Feature","properties":{"اسم_الحي":"حي 39","نوع_الطريق":"2","اسم_القطاع":"ABOR 12","موقف_التنفيذ":"تم التسليم","موقف_المتخلص":"3","ملاحظات":null,"Length":0.283013698630137,"Field":"رئيسي","SHAPE_Length":312.6280317463023,"__networkId":"roads","__networkName":"الطرق والقطاعات","__layerId":"roads_lines","__layerName":"طرق المدينة","__assetName":"طرق المدينة","__geometryKind":"line","__featureIndex":536,"__length_m":312.63,"__typeValue":"تم التسليم"},"geometry":{"type":"LineString","coordinates":[[31.52657053037886,30.277608284072965],[31.527592070265456,30.275349094926547]]}},{"type":"Feature","properties":{"اسم_الحي":"حي 15","نوع_الطريق":"3","اسم_القطاع":"ABOR 8","موقف_التنفيذ":"جاري العمل ميدانيا","موقف_المتخلص":"3","ملاحظات":null,"Length":0.1752358490566038,"Field":"ثانوي","SHAPE_Length":37.88668319317416,"__networkId":"roads","__networkName":"الطرق والقطاعات","__layerId":"roads_lines","__layerName":"طرق المدينة","__assetName":"طرق المدينة","__geometryKind":"line","__featureIndex":537,"__length_m":37.89,"__typeValue":"جاري العمل ميدانيا"},"geometry":{"type":"LineString","coordinates":[[31.5759507903929,30.254258351444506],[31.575970219155856,30.253964843776973]]}},{"type":"Feature","properties":{"اسم_الحي":"حي 15","نوع_الطريق":"3","اسم_القطاع":"ABOR 8","موقف_التنفيذ":"جاري العمل ميدانيا","موقف_المتخلص":"3","ملاحظات":null,"Length":0.1752358490566038,"Field":"ثانوي","SHAPE_Length":45.7053305361965,"__networkId":"roads","__networkName":"الطرق والقطاعات","__layerId":"roads_lines","__layerName":"طرق المدينة","__assetName":"طرق المدينة","__geometryKind":"line","__featureIndex":538,"__length_m":45.71,"__typeValue":"جاري العمل ميدانيا"},"geometry":{"type":"LineString","coordinates":[[31.57615866683783,30.251888924501813],[31.576182214376377,30.251534842630157]]}},{"type":"Feature","properties":{"اسم_الحي":"حي 15","نوع_الطريق":"3","اسم_القطاع":"ABOR 7","موقف_التنفيذ":"جاري العمل ميدانيا","موقف_المتخلص":"3","ملاحظات":"محتاج النظر فيها","Length":0.1752358490566038,"Field":"ثانوي","SHAPE_Length":46.280602164702785,"__networkId":"roads","__networkName":"الطرق والقطاعات","__layerId":"roads_lines","__layerName":"طرق المدينة","__assetName":"طرق المدينة","__geometryKind":"line","__featureIndex":539,"__length_m":46.28,"__typeValue":"جاري العمل ميدانيا"},"geometry":{"type":"LineString","coordinates":[[31.57899702333541,30.25852297867496],[31.578973379677144,30.258881501589965]]}},{"type":"Feature","properties":{"اسم_الحي":"حي 16","نوع_الطريق":"3","اسم_القطاع":"ABOR 9","موقف_التنفيذ":"جاري العمل ميدانيا","موقف_المتخلص":"3","ملاحظات":null,"Length":0.1752358490566038,"Field":"ثانوي","SHAPE_Length":46.03606582055652,"__networkId":"roads","__networkName":"الطرق والقطاعات","__layerId":"roads_lines","__layerName":"طرق المدينة","__assetName":"طرق المدينة","__geometryKind":"line","__featureIndex":540,"__length_m":46.04,"__typeValue":"جاري العمل ميدانيا"},"geometry":{"type":"LineString","coordinates":[[31.569848268766524,30.25220870294314],[31.569435407553524,30.252188108453257]]}},{"type":"Feature","properties":{"اسم_الحي":"حي 39","نوع_الطريق":"2","اسم_القطاع":"ABOR 16","موقف_التنفيذ":"تم التسليم","موقف_المتخلص":"3","ملاحظات":null,"Length":0.283013698630137,"Field":"رئيسي","SHAPE_Length":192.07593572234458,"__networkId":"roads","__networkName":"الطرق والقطاعات","__layerId":"roads_lines","__layerName":"طرق المدينة","__assetName":"طرق المدينة","__geometryKind":"line","__featureIndex":541,"__length_m":192.08,"__typeValue":"تم التسليم"},"geometry":{"type":"LineString","coordinates":[[31.531026590108077,30.271096946077755],[31.531023830090145,30.27120081927341],[31.53101442970288,30.27130440202966],[31.530998417659966,30.27140737796115],[31.530975842869335,30.271509432531747],[31.5309467742868,30.271610254022384],[31.530911300699696,30.271709534483513],[31.53086953046042,30.271806970668226],[31.53054003290579,30.27251467895892]]}},{"type":"Feature","properties":{"اسم_الحي":"حي 39","نوع_الطريق":"2","اسم_القطاع":"ABOR 19","موقف_التنفيذ":"تم التسليم","موقف_المتخلص":"3","ملاحظات":null,"Length":0.283013698630137,"Field":"رئيسي","SHAPE_Length":83.83339165128463,"__networkId":"roads","__networkName":"الطرق والقطاعات","__layerId":"roads_lines","__layerName":"طرق المدينة","__assetName":"طرق المدينة","__geometryKind":"line","__featureIndex":542,"__length_m":83.83,"__typeValue":"تم التسليم"},"geometry":{"type":"LineString","coordinates":[[31.52270178648746,30.261394368637998],[31.52250401429285,30.262022004483672]]}},{"type":"Feature","properties":{"اسم_الحي":"حي 15","نوع_الطريق":"3","اسم_القطاع":"ABOR 7","موقف_التنفيذ":"جاري العمل ميدانيا","موقف_المتخلص":"3","ملاحظات":"محتاج النظر فيها","Length":0.1752358490566038,"Field":"ثانوي","SHAPE_Length":46.27905547173767,"__networkId":"roads","__networkName":"الطرق والقطاعات","__layerId":"roads_lines","__layerName":"طرق المدينة","__assetName":"طرق المدينة","__geometryKind":"line","__featureIndex":543,"__length_m":46.28,"__typeValue":"جاري العمل ميدانيا"},"geometry":{"type":"LineString","coordinates":[[31.5840759263736,30.258775939063703],[31.584052180307392,30.259134443984873]]}},{"type":"Feature","properties":{"اسم_الحي":"حي 39","نوع_الطريق":"2","اسم_القطاع":"ABOR 19","موقف_التنفيذ":"تم التسليم","موقف_المتخلص":"3","ملاحظات":null,"Length":0.283013698630137,"Field":"رئيسي","SHAPE_Length":91.85431971177495,"__networkId":"roads","__networkName":"الطرق والقطاعات","__layerId":"roads_lines","__layerName":"طرق المدينة","__assetName":"طرق المدينة","__geometryKind":"line","__featureIndex":544,"__length_m":91.85,"__typeValue":"تم التسليم"},"geometry":{"type":"LineString","coordinates":[[31.519712045898206,30.265534516001047],[31.519724010559486,30.265532359071518],[31.5197875725329,30.265483906430905],[31.51985495380919,30.26543947008605],[31.519925814907523,30.265399273926704],[31.519999798813064,30.265363520472462],[31.520076532778766,30.265332389862905],[31.520155630200456,30.265306038947358],[31.52023669256686,30.26528460048948],[31.520448592565952,30.265235638053685]]}},{"type":"Feature","properties":{"اسم_الحي":"حي 39","نوع_الطريق":"3","اسم_القطاع":"ABOR 12","موقف_التنفيذ":"تم التسليم","موقف_المتخلص":"3","ملاحظات":null,"Length":0.283013698630137,"Field":"ثانوي","SHAPE_Length":138.76581475524483,"__networkId":"roads","__networkName":"الطرق والقطاعات","__layerId":"roads_lines","__layerName":"طرق المدينة","__assetName":"طرق المدينة","__geometryKind":"line","__featureIndex":545,"__length_m":138.77,"__typeValue":"تم التسليم"},"geometry":{"type":"LineString","coordinates":[[31.534930208395426,30.28005670817449],[31.53509598170133,30.278989775243947]]}},{"type":"Feature","properties":{"اسم_الحي":"حي 39","نوع_الطريق":"2","اسم_القطاع":"ABOR 22","موقف_التنفيذ":"تم التسليم","موقف_المتخلص":"3","ملاحظات":null,"Length":0.283013698630137,"Field":"رئيسي","SHAPE_Length":78.39988148413924,"__networkId":"roads","__networkName":"الطرق والقطاعات","__layerId":"roads_lines","__layerName":"طرق المدينة","__assetName":"طرق المدينة","__geometryKind":"line","__featureIndex":546,"__length_m":78.4,"__typeValue":"تم التسليم"},"geometry":{"type":"LineString","coordinates":[[31.492965265269017,30.272100522763864],[31.492290518201226,30.27227480714677]]}},{"type":"Feature","properties":{"اسم_الحي":"حي 39","نوع_الطريق":"3","اسم_القطاع":"ABOR 13","موقف_التنفيذ":"تم التسليم","موقف_المتخلص":"3","ملاحظات":null,"Length":0.283013698630137,"Field":"ثانوي","SHAPE_Length":126.01751385526218,"__networkId":"roads","__networkName":"الطرق والقطاعات","__layerId":"roads_lines","__layerName":"طرق المدينة","__assetName":"طرق المدينة","__geometryKind":"line","__featureIndex":547,"__length_m":126.02,"__typeValue":"تم التسليم"},"geometry":{"type":"LineString","coordinates":[[31.51795599402799,30.27277696430697],[31.519008832117397,30.273136213318285]]}},{"type":"Feature","properties":{"اسم_الحي":"حي 15","نوع_الطريق":"2","اسم_القطاع":"ABOR 7","موقف_التنفيذ":"جاري العمل ميدانيا","موقف_المتخلص":"3","ملاحظات":null,"Length":0.1752358490566038,"Field":"رئيسي","SHAPE_Length":155.71826472608035,"__networkId":"roads","__networkName":"الطرق والقطاعات","__layerId":"roads_lines","__layerName":"طرق المدينة","__assetName":"طرق المدينة","__geometryKind":"line","__featureIndex":548,"__length_m":155.72,"__typeValue":"جاري العمل ميدانيا"},"geometry":{"type":"LineString","coordinates":[[31.58435504910206,30.25221827464603],[31.584275237382336,30.253424640067173]]}},{"type":"Feature","properties":{"اسم_الحي":"حي 14","نوع_الطريق":"2","اسم_القطاع":"ABOR 1","موقف_التنفيذ":"تم التسليم","موقف_المتخلص":"2","ملاحظات":null,"Length":0.283013698630137,"Field":"رئيسي","SHAPE_Length":221.05848344298576,"__networkId":"roads","__networkName":"الطرق والقطاعات","__layerId":"roads_lines","__layerName":"طرق المدينة","__assetName":"طرق المدينة","__geometryKind":"line","__featureIndex":549,"__length_m":221.06,"__typeValue":"تم التسليم"},"geometry":{"type":"LineString","coordinates":[[31.56411344375566,30.27393213069225],[31.56430738498515,30.273753330541243],[31.564504256264346,30.27357693458255],[31.56470401763028,30.273402978640572],[31.564906628528913,30.273231498041024],[31.56511204783113,30.273062527607042],[31.56532023383384,30.27289610165545],[31.56553114427579,30.272732253981935]]}},{"type":"Feature","properties":{"اسم_الحي":"حي 39","نوع_الطريق":"2","اسم_القطاع":"ABOR 19","موقف_التنفيذ":"تم التسليم","موقف_المتخلص":"3","ملاحظات":null,"Length":0.283013698630137,"Field":"رئيسي","SHAPE_Length":162.02619083390982,"__networkId":"roads","__networkName":"الطرق والقطاعات","__layerId":"roads_lines","__layerName":"طرق المدينة","__assetName":"طرق المدينة","__geometryKind":"line","__featureIndex":550,"__length_m":162.03,"__typeValue":"تم التسليم"},"geometry":{"type":"LineString","coordinates":[[31.52294384562561,30.26400076889044],[31.522819025615213,30.263552365484625],[31.52278981613644,30.2634607156856],[31.522772835704234,30.263366795026045],[31.52276900618681,30.263319361521287],[31.522770730388892,30.26322431416985],[31.522917518699572,30.26277892855621]]}},{"type":"Feature","properties":{"اسم_الحي":"حي 39","نوع_الطريق":"2","اسم_القطاع":"ABOR 17","موقف_التنفيذ":"تم التسليم","موقف_المتخلص":"3","ملاحظات":null,"Length":0.283013698630137,"Field":"رئيسي","SHAPE_Length":187.70754746663235,"__networkId":"roads","__networkName":"الطرق والقطاعات","__layerId":"roads_lines","__layerName":"طرق المدينة","__assetName":"طرق المدينة","__geometryKind":"line","__featureIndex":551,"__length_m":187.71,"__typeValue":"تم التسليم"},"geometry":{"type":"LineString","coordinates":[[31.521642873990114,30.268813752836905],[31.52003569003045,30.269254349718338]]}},{"type":"Feature","properties":{"اسم_الحي":"حي 15","نوع_الطريق":"3","اسم_القطاع":"ABOR 8","موقف_التنفيذ":"جاري العمل ميدانيا","موقف_المتخلص":"3","ملاحظات":null,"Length":0.1752358490566038,"Field":"ثانوي","SHAPE_Length":40.45844367850678,"__networkId":"roads","__networkName":"الطرق والقطاعات","__layerId":"roads_lines","__layerName":"طرق المدينة","__assetName":"طرق المدينة","__geometryKind":"line","__featureIndex":552,"__length_m":40.46,"__typeValue":"جاري العمل ميدانيا"},"geometry":{"type":"LineString","coordinates":[[31.57540535760688,30.255382504338098],[31.575427498383675,30.255069147957965]]}},{"type":"Feature","properties":{"اسم_الحي":"حي 39","نوع_الطريق":"2","اسم_القطاع":"ABOR 20","موقف_التنفيذ":"تم التسليم","موقف_المتخلص":"3","ملاحظات":null,"Length":0.283013698630137,"Field":"رئيسي","SHAPE_Length":287.0132996988272,"__networkId":"roads","__networkName":"الطرق والقطاعات","__layerId":"roads_lines","__layerName":"طرق المدينة","__assetName":"طرق المدينة","__geometryKind":"line","__featureIndex":553,"__length_m":287.01,"__typeValue":"تم التسليم"},"geometry":{"type":"LineString","coordinates":[[31.50708363383861,30.25882114147477],[31.507057366004044,30.258932181431028],[31.507039151035766,30.259044418226527],[31.507029059575213,30.259157416578272],[31.507027130760726,30.259270738245863],[31.5070333720713,30.25938394374037],[31.50704775930302,30.259496594023958],[31.50707023665792,30.25960825221227],[31.50710071696247,30.259718485272625],[31.507139082008113,30.259826865697693],[31.507185183004214,30.259932973169857],[31.50723884116016,30.260036396183985],[31.507900775557047,30.260832475626874]]}},{"type":"Feature","properties":{"اسم_الحي":"حي 16","نوع_الطريق":"3","اسم_القطاع":"ABOR 10","موقف_التنفيذ":"جاري العمل مكتبيا","موقف_المتخلص":"3","ملاحظات":null,"Length":0.1752358490566038,"Field":"ثانوي","SHAPE_Length":62.315153555330056,"__networkId":"roads","__networkName":"الطرق والقطاعات","__layerId":"roads_lines","__layerName":"طرق المدينة","__assetName":"طرق المدينة","__geometryKind":"line","__featureIndex":554,"__length_m":62.32,"__typeValue":"جاري العمل مكتبيا"},"geometry":{"type":"LineString","coordinates":[[31.557250686887514,30.25313890437077],[31.5578079100616,30.253185126674687]]}},{"type":"Feature","properties":{"اسم_الحي":"حي 15","نوع_الطريق":"3","اسم_القطاع":"ABOR 8","موقف_التنفيذ":"جاري العمل ميدانيا","موقف_المتخلص":"3","ملاحظات":null,"Length":0.1752358490566038,"Field":"ثانوي","SHAPE_Length":40.472236757135505,"__networkId":"roads","__networkName":"الطرق والقطاعات","__layerId":"roads_lines","__layerName":"طرق المدينة","__assetName":"طرق المدينة","__geometryKind":"line","__featureIndex":555,"__length_m":40.47,"__typeValue":"جاري العمل ميدانيا"},"geometry":{"type":"LineString","coordinates":[[31.574783810566863,30.254200127819463],[31.574764498584855,30.254513733727467]]}},{"type":"Feature","properties":{"اسم_الحي":"حي 39","نوع_الطريق":"1","اسم_القطاع":"ABOR 12","موقف_التنفيذ":"تم التسليم","موقف_المتخلص":"3","ملاحظات":null,"Length":0.283013698630137,"Field":"رئيسي","SHAPE_Length":170.84788094842506,"__networkId":"roads","__networkName":"الطرق والقطاعات","__layerId":"roads_lines","__layerName":"طرق المدينة","__assetName":"طرق المدينة","__geometryKind":"line","__featureIndex":556,"__length_m":170.85,"__typeValue":"تم التسليم"},"geometry":{"type":"LineString","coordinates":[[31.52657053037886,30.277608284072965],[31.52505832529421,30.277381927941523]]}},{"type":"Feature","properties":{"اسم_الحي":"حي 39","نوع_الطريق":"3","اسم_القطاع":"ABOR 16","موقف_التنفيذ":"تم التسليم","موقف_المتخلص":"3","ملاحظات":null,"Length":0.283013698630137,"Field":"ثانوي","SHAPE_Length":161.44810076260973,"__networkId":"roads","__networkName":"الطرق والقطاعات","__layerId":"roads_lines","__layerName":"طرق المدينة","__assetName":"طرق المدينة","__geometryKind":"line","__featureIndex":557,"__length_m":161.45,"__typeValue":"تم التسليم"},"geometry":{"type":"LineString","coordinates":[[31.5290540873735,30.27038795131623],[31.528525789951548,30.271554458916444]]}},{"type":"Feature","properties":{"اسم_الحي":"حي 15","نوع_الطريق":"3","اسم_القطاع":"ABOR 8","موقف_التنفيذ":"جاري العمل ميدانيا","موقف_المتخلص":"3","ملاحظات":null,"Length":0.1752358490566038,"Field":"ثانوي","SHAPE_Length":39.370679449139004,"__networkId":"roads","__networkName":"الطرق والقطاعات","__layerId":"roads_lines","__layerName":"طرق المدينة","__assetName":"طرق المدينة","__geometryKind":"line","__featureIndex":558,"__length_m":39.37,"__typeValue":"جاري العمل ميدانيا"},"geometry":{"type":"LineString","coordinates":[[31.576861020032624,30.255455122753617],[31.576840833989877,30.255760122460906]]}},{"type":"Feature","properties":{"اسم_الحي":"حي 39","نوع_الطريق":"2","اسم_القطاع":"ABOR 19","موقف_التنفيذ":"تم التسليم","موقف_المتخلص":"3","ملاحظات":null,"Length":0.283013698630137,"Field":"رئيسي","SHAPE_Length":118.45743897432106,"__networkId":"roads","__networkName":"الطرق والقطاعات","__layerId":"roads_lines","__layerName":"طرق المدينة","__assetName":"طرق المدينة","__geometryKind":"line","__featureIndex":559,"__length_m":118.46,"__typeValue":"تم التسليم"},"geometry":{"type":"LineString","coordinates":[[31.517925224932874,30.262477323474453],[31.51778776203317,30.26209766805718],[31.51771376878611,30.261806709943222],[31.51766285758111,30.261587656874593]]}},{"type":"Feature","properties":{"اسم_الحي":"حي 14","نوع_الطريق":"1","اسم_القطاع":"ABOR 2","موقف_التنفيذ":"تم التسليم","موقف_المتخلص":"2","ملاحظات":null,"Length":0.283013698630137,"Field":"رئيسي","SHAPE_Length":2994.501365051698,"__networkId":"roads","__networkName":"الطرق والقطاعات","__layerId":"roads_lines","__layerName":"طرق المدينة","__assetName":"طرق المدينة","__geometryKind":"line","__featureIndex":560,"__length_m":2994.5,"__typeValue":"تم التسليم"},"geometry":{"type":"LineString","coordinates":[[31.569770446815145,30.27484605642764],[31.566737885332923,30.271860052555212],[31.56624387660538,30.27140937230201],[31.566082979273194,30.271268451017235],[31.56583667175045,30.2710613874391],[31.565657346068598,30.270916861686505],[31.56548547903727,30.270783009655418],[31.565282223296105,30.2706303296894],[31.56507559481829,30.270481064525196],[31.564865670516703,30.270335269740368],[31.56463117393811,30.270179058626677],[31.564272361508337,30.269952891147817],[31.563905276740595,30.269736641085316],[31.563530161849748,30.269530482886427],[31.56327593631596,30.269398832272618],[31.562987273672757,30.26925689424051],[31.56253944120993,30.269046167422605],[31.562233982158,30.268909856807028],[31.56192519063326,30.268779266822115],[31.561613210250798,30.268654458225555],[31.561298186110992,30.26853548908705],[31.560980264727785,30.268422414760565],[31.560659593964758,30.268315287854428],[31.560577220613208,30.26829421511111],[31.56053496828392,30.268287408462616],[31.56044933799087,30.268281416621868],[31.56036356783081,30.26828566157052],[31.560321141291528,30.268291605182732],[31.56023821511381,30.268310993214453],[31.560198110604777,30.268324345251024],[31.560121573297824,30.26835804756379],[31.56008550518754,30.26837823725039],[31.56001862853016,30.26842481313107],[31.559959811286472,30.26847889596899],[31.5599337814453,30.268508435819268],[31.559889098869537,30.268571809282342],[31.55987065904316,30.268605340927632],[31.559714446181083,30.268972633309872],[31.559605438945137,30.26922102253576],[31.559440098186734,30.269583138643483],[31.559311744644464,30.2698532152894],[31.559185289118023,30.270110727915995],[31.559055446210323,30.27036697940555],[31.55887720527157,30.270706397952228],[31.558693062331887,30.271043363367504],[31.55866151780903,30.271111331613223],[31.558640845867373,30.2711823466734],[31.5586347124614,30.271218594918416],[31.558631422237834,30.271255117773325],[31.558633418204767,30.271328322226818],[31.558646797490123,30.27140062947321],[31.55867131691207,30.27147072526279],[31.558706530806564,30.27153733554106],[31.558727955465375,30.27156895218526],[31.558777953325173,30.271628089995612],[31.558836707437386,30.271680882063894],[31.566305795681284,30.277529040596118]]}},{"type":"Feature","properties":{"اسم_الحي":"حي 15","نوع_الطريق":"3","اسم_القطاع":"ABOR 8","موقف_التنفيذ":"جاري العمل ميدانيا","موقف_المتخلص":"3","ملاحظات":null,"Length":0.1752358490566038,"Field":"ثانوي","SHAPE_Length":32.37360981356958,"__networkId":"roads","__networkName":"الطرق والقطاعات","__layerId":"roads_lines","__layerName":"طرق المدينة","__assetName":"طرق المدينة","__geometryKind":"line","__featureIndex":561,"__length_m":32.37,"__typeValue":"جاري العمل ميدانيا"},"geometry":{"type":"LineString","coordinates":[[31.57519656757527,30.251841181439097],[31.575179884962136,30.252091980859802]]}},{"type":"Feature","properties":{"اسم_الحي":"حي 15","نوع_الطريق":"3","اسم_القطاع":"ABOR 7","موقف_التنفيذ":"جاري العمل ميدانيا","موقف_المتخلص":"3","ملاحظات":null,"Length":0.1752358490566038,"Field":"ثانوي","SHAPE_Length":50.47745791741802,"__networkId":"roads","__networkName":"الطرق والقطاعات","__layerId":"roads_lines","__layerName":"طرق المدينة","__assetName":"طرق المدينة","__geometryKind":"line","__featureIndex":562,"__length_m":50.48,"__typeValue":"جاري العمل ميدانيا"},"geometry":{"type":"LineString","coordinates":[[31.585633160410218,30.257398154844278],[31.58560726826878,30.257789188896144]]}},{"type":"Feature","properties":{"اسم_الحي":"حي 39","نوع_الطريق":"2","اسم_القطاع":"ABOR 21","موقف_التنفيذ":"تم التسليم","موقف_المتخلص":"3","ملاحظات":null,"Length":0.283013698630137,"Field":"رئيسي","SHAPE_Length":81.02594675649003,"__networkId":"roads","__networkName":"الطرق والقطاعات","__layerId":"roads_lines","__layerName":"طرق المدينة","__assetName":"طرق المدينة","__geometryKind":"line","__featureIndex":563,"__length_m":81.03,"__typeValue":"تم التسليم"},"geometry":{"type":"LineString","coordinates":[[31.505896933297162,30.269261585244],[31.5065926605184,30.269076840988127]]}},{"type":"Feature","properties":{"اسم_الحي":"حي 15","نوع_الطريق":"3","اسم_القطاع":"ABOR 7","موقف_التنفيذ":"جاري العمل ميدانيا","موقف_المتخلص":"3","ملاحظات":"محتاج النظر فيها","Length":0.1752358490566038,"Field":"ثانوي","SHAPE_Length":46.283512032411934,"__networkId":"roads","__networkName":"الطرق والقطاعات","__layerId":"roads_lines","__layerName":"طرق المدينة","__assetName":"طرق المدينة","__geometryKind":"line","__featureIndex":564,"__length_m":46.28,"__typeValue":"جاري العمل ميدانيا"},"geometry":{"type":"LineString","coordinates":[[31.583117454508184,30.2587282156428],[31.583093824324635,30.259086761086316]]}},{"type":"Feature","properties":{"اسم_الحي":"حي 15","نوع_الطريق":"3","اسم_القطاع":"ABOR 8","موقف_التنفيذ":"جاري العمل ميدانيا","موقف_المتخلص":"3","ملاحظات":null,"Length":0.1752358490566038,"Field":"ثانوي","SHAPE_Length":35.42066722604487,"__networkId":"roads","__networkName":"الطرق والقطاعات","__layerId":"roads_lines","__layerName":"طرق المدينة","__assetName":"طرق المدينة","__geometryKind":"line","__featureIndex":565,"__length_m":35.42,"__typeValue":"جاري العمل ميدانيا"},"geometry":{"type":"LineString","coordinates":[[31.57472992332791,30.25181802147477],[31.574711852817664,30.252092435584157]]}},{"type":"Feature","properties":{"اسم_الحي":"حي 39","نوع_الطريق":"3","اسم_القطاع":"ABOR 14","موقف_التنفيذ":"تم التسليم","موقف_المتخلص":"3","ملاحظات":null,"Length":0.283013698630137,"Field":"ثانوي","SHAPE_Length":128.31448718208864,"__networkId":"roads","__networkName":"الطرق والقطاعات","__layerId":"roads_lines","__layerName":"طرق المدينة","__assetName":"طرق المدينة","__geometryKind":"line","__featureIndex":566,"__length_m":128.31,"__typeValue":"تم التسليم"},"geometry":{"type":"LineString","coordinates":[[31.5138188047836,30.272033784203604],[31.51425436103394,30.27111209338055]]}},{"type":"Feature","properties":{"اسم_الحي":"حي 39","نوع_الطريق":"2","اسم_القطاع":"ABOR 17","موقف_التنفيذ":"تم التسليم","موقف_المتخلص":"3","ملاحظات":null,"Length":0.283013698630137,"Field":"رئيسي","SHAPE_Length":132.21051987069245,"__networkId":"roads","__networkName":"الطرق والقطاعات","__layerId":"roads_lines","__layerName":"طرق المدينة","__assetName":"طرق المدينة","__geometryKind":"line","__featureIndex":567,"__length_m":132.21,"__typeValue":"تم التسليم"},"geometry":{"type":"LineString","coordinates":[[31.525387992630417,30.26604746197239],[31.52570163671694,30.26703682295282]]}},{"type":"Feature","properties":{"اسم_الحي":"حي 39","نوع_الطريق":"3","اسم_القطاع":"ABOR 12","موقف_التنفيذ":"تم التسليم","موقف_المتخلص":"3","ملاحظات":null,"Length":0.283013698630137,"Field":"ثانوي","SHAPE_Length":79.81801640035248,"__networkId":"roads","__networkName":"الطرق والقطاعات","__layerId":"roads_lines","__layerName":"طرق المدينة","__assetName":"طرق المدينة","__geometryKind":"line","__featureIndex":568,"__length_m":79.82,"__typeValue":"تم التسليم"},"geometry":{"type":"LineString","coordinates":[[31.528415495699292,30.277078761851588],[31.5281278192127,30.277645951214303]]}},{"type":"Feature","properties":{"اسم_الحي":"حي 39","نوع_الطريق":"2","اسم_القطاع":"ABOR 20","موقف_التنفيذ":"تم التسليم","موقف_المتخلص":"3","ملاحظات":null,"Length":0.283013698630137,"Field":"رئيسي","SHAPE_Length":77.2135037945014,"__networkId":"roads","__networkName":"الطرق والقطاعات","__layerId":"roads_lines","__layerName":"طرق المدينة","__assetName":"طرق المدينة","__geometryKind":"line","__featureIndex":569,"__length_m":77.21,"__typeValue":"تم التسليم"},"geometry":{"type":"LineString","coordinates":[[31.509342697352185,30.261951042043535],[31.510003459447628,30.262133252425468]]}},{"type":"Feature","properties":{"اسم_الحي":"حي 15","نوع_الطريق":"3","اسم_القطاع":"ABOR 7","موقف_التنفيذ":"جاري العمل ميدانيا","موقف_المتخلص":"3","ملاحظات":null,"Length":0.1752358490566038,"Field":"ثانوي","SHAPE_Length":54.420636708348134,"__networkId":"roads","__networkName":"الطرق والقطاعات","__layerId":"roads_lines","__layerName":"طرق المدينة","__assetName":"طرق المدينة","__geometryKind":"line","__featureIndex":570,"__length_m":54.42,"__typeValue":"جاري العمل ميدانيا"},"geometry":{"type":"LineString","coordinates":[[31.5825394928274,30.252145149450833],[31.58256218067823,30.251723310464204]]}},{"type":"Feature","properties":{"اسم_الحي":"حي 39","نوع_الطريق":"2","اسم_القطاع":"ABOR 21","موقف_التنفيذ":"تم التسليم","موقف_المتخلص":"3","ملاحظات":null,"Length":0.283013698630137,"Field":"رئيسي","SHAPE_Length":134.23355343002976,"__networkId":"roads","__networkName":"الطرق والقطاعات","__layerId":"roads_lines","__layerName":"طرق المدينة","__assetName":"طرق المدينة","__geometryKind":"line","__featureIndex":571,"__length_m":134.23,"__typeValue":"تم التسليم"},"geometry":{"type":"LineString","coordinates":[[31.50960157744405,30.268253633209273],[31.509286649664986,30.267345562800095],[31.509274606850294,30.267252645810565]]}},{"type":"Feature","properties":{"اسم_الحي":"حي 15","نوع_الطريق":"3","اسم_القطاع":"ABOR 8","موقف_التنفيذ":"جاري العمل ميدانيا","موقف_المتخلص":"3","ملاحظات":null,"Length":0.1752358490566038,"Field":"ثانوي","SHAPE_Length":75.08534670143176,"__networkId":"roads","__networkName":"الطرق والقطاعات","__layerId":"roads_lines","__layerName":"طرق المدينة","__assetName":"طرق المدينة","__geometryKind":"line","__featureIndex":572,"__length_m":75.09,"__typeValue":"جاري العمل ميدانيا"},"geometry":{"type":"LineString","coordinates":[[31.571563030473026,30.256066292903753],[31.572236412999892,30.256099863543366]]}},{"type":"Feature","properties":{"اسم_الحي":"حي 39","نوع_الطريق":"2","اسم_القطاع":"ABOR 20","موقف_التنفيذ":"تم التسليم","موقف_المتخلص":"3","ملاحظات":null,"Length":0.283013698630137,"Field":"رئيسي","SHAPE_Length":393.1350954749655,"__networkId":"roads","__networkName":"الطرق والقطاعات","__layerId":"roads_lines","__layerName":"طرق المدينة","__assetName":"طرق المدينة","__geometryKind":"line","__featureIndex":573,"__length_m":393.14,"__typeValue":"تم التسليم"},"geometry":{"type":"LineString","coordinates":[[31.50783069977837,30.26309255983292],[31.5112030076943,30.2639983039005]]}},{"type":"Feature","properties":{"اسم_الحي":"حي 39","نوع_الطريق":"2","اسم_القطاع":"ABOR 20","موقف_التنفيذ":"تم التسليم","موقف_المتخلص":"3","ملاحظات":null,"Length":0.283013698630137,"Field":"رئيسي","SHAPE_Length":131.9291246927918,"__networkId":"roads","__networkName":"الطرق والقطاعات","__layerId":"roads_lines","__layerName":"طرق المدينة","__assetName":"طرق المدينة","__geometryKind":"line","__featureIndex":574,"__length_m":131.93,"__typeValue":"تم التسليم"},"geometry":{"type":"LineString","coordinates":[[31.510006113969283,30.257989916895877],[31.510107942376287,30.258106741619496],[31.510214212808133,30.258220576215084],[31.51032480767526,30.258331294736664],[31.510439604606614,30.25843877468525],[31.51055847657924,30.258542897144064],[31.510681292060756,30.258643546915387],[31.510807915157624,30.258740612638704]]}},{"type":"Feature","properties":{"اسم_الحي":"حي 39","نوع_الطريق":"2","اسم_القطاع":"ABOR 17","موقف_التنفيذ":"تم التسليم","موقف_المتخلص":"3","ملاحظات":null,"Length":0.283013698630137,"Field":"رئيسي","SHAPE_Length":74.82475392850972,"__networkId":"roads","__networkName":"الطرق والقطاعات","__layerId":"roads_lines","__layerName":"طرق المدينة","__assetName":"طرق المدينة","__geometryKind":"line","__featureIndex":575,"__length_m":74.82,"__typeValue":"تم التسليم"},"geometry":{"type":"LineString","coordinates":[[31.52271691142192,30.267953078382725],[31.5220727501929,30.268118891602473]]}},{"type":"Feature","properties":{"اسم_الحي":"حي 14","نوع_الطريق":"2","اسم_القطاع":"ABOR 1","موقف_التنفيذ":"تم التسليم","موقف_المتخلص":"2","ملاحظات":null,"Length":0.283013698630137,"Field":"رئيسي","SHAPE_Length":193.7489397566281,"__networkId":"roads","__networkName":"الطرق والقطاعات","__layerId":"roads_lines","__layerName":"طرق المدينة","__assetName":"طرق المدينة","__geometryKind":"line","__featureIndex":576,"__length_m":193.75,"__typeValue":"تم التسليم"},"geometry":{"type":"LineString","coordinates":[[31.565702933599155,30.275176621283688],[31.56604659016698,30.274866231523852],[31.566221757587694,30.27471383996239],[31.566578634133066,30.27441478233242],[31.566944046894026,30.274123513692587]]}},{"type":"Feature","properties":{"اسم_الحي":"حي 39","نوع_الطريق":"2","اسم_القطاع":"ABOR 16","موقف_التنفيذ":"تم التسليم","موقف_المتخلص":"3","ملاحظات":null,"Length":0.283013698630137,"Field":"رئيسي","SHAPE_Length":243.15235930248073,"__networkId":"roads","__networkName":"الطرق والقطاعات","__layerId":"roads_lines","__layerName":"طرق المدينة","__assetName":"طرق المدينة","__geometryKind":"line","__featureIndex":577,"__length_m":243.15,"__typeValue":"تم التسليم"},"geometry":{"type":"LineString","coordinates":[[31.535047863443143,30.275273551728624],[31.535037647801712,30.273387185669424]]}},{"type":"Feature","properties":{"اسم_الحي":"حي 39","نوع_الطريق":"2","اسم_القطاع":"ABOR 20","موقف_التنفيذ":"تم التسليم","موقف_المتخلص":"3","ملاحظات":null,"Length":0.283013698630137,"Field":"رئيسي","SHAPE_Length":136.08327736490173,"__networkId":"roads","__networkName":"الطرق والقطاعات","__layerId":"roads_lines","__layerName":"طرق المدينة","__assetName":"طرق المدينة","__geometryKind":"line","__featureIndex":578,"__length_m":136.08,"__typeValue":"تم التسليم"},"geometry":{"type":"LineString","coordinates":[[31.50970071192554,30.256656781896115],[31.50881736976057,30.257386712858995]]}},{"type":"Feature","properties":{"اسم_الحي":"حي 15","نوع_الطريق":"3","اسم_القطاع":"ABOR 7","موقف_التنفيذ":"جاري العمل ميدانيا","موقف_المتخلص":"3","ملاحظات":"محتاج النظر فيها","Length":0.1752358490566038,"Field":"ثانوي","SHAPE_Length":50.273691811642784,"__networkId":"roads","__networkName":"الطرق والقطاعات","__layerId":"roads_lines","__layerName":"طرق المدينة","__assetName":"طرق المدينة","__geometryKind":"line","__featureIndex":579,"__length_m":50.27,"__typeValue":"جاري العمل ميدانيا"},"geometry":{"type":"LineString","coordinates":[[31.57962240797833,30.25394833045763],[31.57959798098912,30.254337865116998]]}},{"type":"Feature","properties":{"اسم_الحي":"حي 39","نوع_الطريق":"2","اسم_القطاع":"ABOR 15","موقف_التنفيذ":"تم التسليم","موقف_المتخلص":"3","ملاحظات":"remove","Length":0.283013698630137,"Field":"رئيسي","SHAPE_Length":178.80293009957757,"__networkId":"roads","__networkName":"الطرق والقطاعات","__layerId":"roads_lines","__layerName":"طرق المدينة","__assetName":"طرق المدينة","__geometryKind":"line","__featureIndex":580,"__length_m":178.8,"__typeValue":"تم التسليم"},"geometry":{"type":"LineString","coordinates":[[31.489947765839165,30.2773532302734],[31.489331360755827,30.276072312886527]]}},{"type":"Feature","properties":{"اسم_الحي":"حي 14","نوع_الطريق":"1","اسم_القطاع":"ABOR 2","موقف_التنفيذ":"تم التسليم","موقف_المتخلص":"2","ملاحظات":null,"Length":0.283013698630137,"Field":"رئيسي","SHAPE_Length":348.93947576631314,"__networkId":"roads","__networkName":"الطرق والقطاعات","__layerId":"roads_lines","__layerName":"طرق المدينة","__assetName":"طرق المدينة","__geometryKind":"line","__featureIndex":581,"__length_m":348.94,"__typeValue":"تم التسليم"},"geometry":{"type":"LineString","coordinates":[[31.557431325514717,30.269197029533085],[31.554524996194562,30.26818287932214]]}},{"type":"Feature","properties":{"اسم_الحي":"حي 39","نوع_الطريق":"3","اسم_القطاع":"ABOR 13","موقف_التنفيذ":"تم التسليم","موقف_المتخلص":"3","ملاحظات":null,"Length":0.283013698630137,"Field":"ثانوي","SHAPE_Length":126.60288763199719,"__networkId":"roads","__networkName":"الطرق والقطاعات","__layerId":"roads_lines","__layerName":"طرق المدينة","__assetName":"طرق المدينة","__geometryKind":"line","__featureIndex":582,"__length_m":126.6,"__typeValue":"تم التسليم"},"geometry":{"type":"LineString","coordinates":[[31.5175031434118,30.273776793728235],[31.518567392800232,30.274123115704118]]}},{"type":"Feature","properties":{"اسم_الحي":"حي 39","نوع_الطريق":"2","اسم_القطاع":"ABOR 22","موقف_التنفيذ":"تم التسليم","موقف_المتخلص":"3","ملاحظات":null,"Length":0.283013698630137,"Field":"رئيسي","SHAPE_Length":172.19721157947274,"__networkId":"roads","__networkName":"الطرق والقطاعات","__layerId":"roads_lines","__layerName":"طرق المدينة","__assetName":"طرق المدينة","__geometryKind":"line","__featureIndex":583,"__length_m":172.2,"__typeValue":"تم التسليم"},"geometry":{"type":"LineString","coordinates":[[31.495604642236223,30.271403500839483],[31.49548451322824,30.27106302833809],[31.49521212067787,30.270344642614287],[31.49512607015851,30.27013321546711]]}},{"type":"Feature","properties":{"اسم_الحي":"حي 39","نوع_الطريق":"2","اسم_القطاع":"ABOR 20","موقف_التنفيذ":"تم التسليم","موقف_المتخلص":"3","ملاحظات":null,"Length":0.283013698630137,"Field":"رئيسي","SHAPE_Length":208.01132126195267,"__networkId":"roads","__networkName":"الطرق والقطاعات","__layerId":"roads_lines","__layerName":"طرق المدينة","__assetName":"طرق المدينة","__geometryKind":"line","__featureIndex":584,"__length_m":208.01,"__typeValue":"تم التسليم"},"geometry":{"type":"LineString","coordinates":[[31.5080743336632,30.262524680401526],[31.50834713764194,30.26188971781608],[31.508370808035913,30.261860347991743],[31.508398765590712,30.261833938479434],[31.508430519625367,30.261810952791908],[31.508465512826394,30.261791794352256],[31.50850313103077,30.26177679941132],[31.50856302619394,30.261762668116404],[31.508624973088807,30.261759035636928],[31.508686529932344,30.26176604515713],[31.508726149368073,30.261776510992284],[31.508763819389866,30.26179140856578],[31.509342697352185,30.261951042043535]]}},{"type":"Feature","properties":{"اسم_الحي":"حي 16","نوع_الطريق":"3","اسم_القطاع":"ABOR 10","موقف_التنفيذ":"جاري العمل مكتبيا","موقف_المتخلص":"3","ملاحظات":null,"Length":0.1752358490566038,"Field":"ثانوي","SHAPE_Length":46.04593254436854,"__networkId":"roads","__networkName":"الطرق والقطاعات","__layerId":"roads_lines","__layerName":"طرق المدينة","__assetName":"طرق المدينة","__geometryKind":"line","__featureIndex":585,"__length_m":46.05,"__typeValue":"جاري العمل مكتبيا"},"geometry":{"type":"LineString","coordinates":[[31.558807194187047,30.252062765204187],[31.55922014163831,30.252083397743394]]}},{"type":"Feature","properties":{"اسم_الحي":"حي 15","نوع_الطريق":"2","اسم_القطاع":"ABOR 7","موقف_التنفيذ":"جاري العمل ميدانيا","موقف_المتخلص":"3","ملاحظات":null,"Length":0.1752358490566038,"Field":"رئيسي","SHAPE_Length":160.3044124439142,"__networkId":"roads","__networkName":"الطرق والقطاعات","__layerId":"roads_lines","__layerName":"طرق المدينة","__assetName":"طرق المدينة","__geometryKind":"line","__featureIndex":586,"__length_m":160.3,"__typeValue":"جاري العمل ميدانيا"},"geometry":{"type":"LineString","coordinates":[[31.58664016914874,30.254160345716695],[31.587595759218765,30.25509090577854]]}},{"type":"Feature","properties":{"اسم_الحي":"حي 39","نوع_الطريق":"1","اسم_القطاع":"ABOR 12","موقف_التنفيذ":"تم التسليم","موقف_المتخلص":"3","ملاحظات":null,"Length":0.283013698630137,"Field":"رئيسي","SHAPE_Length":260.6178479524872,"__networkId":"roads","__networkName":"الطرق والقطاعات","__layerId":"roads_lines","__layerName":"طرق المدينة","__assetName":"طرق المدينة","__geometryKind":"line","__featureIndex":587,"__length_m":260.62,"__typeValue":"تم التسليم"},"geometry":{"type":"LineString","coordinates":[[31.529409239016033,30.27740927108923],[31.52883062325086,30.27868874241397],[31.528819544439333,30.278731724358067],[31.528725134197945,30.279330314116283]]}},{"type":"Feature","properties":{"اسم_الحي":"حي 39","نوع_الطريق":"3","اسم_القطاع":"ABOR 16","موقف_التنفيذ":"تم التسليم","موقف_المتخلص":"3","ملاحظات":null,"Length":0.283013698630137,"Field":"ثانوي","SHAPE_Length":133.64024205902822,"__networkId":"roads","__networkName":"الطرق والقطاعات","__layerId":"roads_lines","__layerName":"طرق المدينة","__assetName":"طرق المدينة","__geometryKind":"line","__featureIndex":588,"__length_m":133.64,"__typeValue":"تم التسليم"},"geometry":{"type":"LineString","coordinates":[[31.530885841171052,30.266202659097168],[31.531253508142118,30.26718970334503]]}},{"type":"Feature","properties":{"اسم_الحي":"حي 39","نوع_الطريق":"3","اسم_القطاع":"ABOR 16","موقف_التنفيذ":"تم التسليم","موقف_المتخلص":"3","ملاحظات":null,"Length":0.283013698630137,"Field":"ثانوي","SHAPE_Length":132.9204576327255,"__networkId":"roads","__networkName":"الطرق والقطاعات","__layerId":"roads_lines","__layerName":"طرق المدينة","__assetName":"طرق المدينة","__geometryKind":"line","__featureIndex":589,"__length_m":132.92,"__typeValue":"تم التسليم"},"geometry":{"type":"LineString","coordinates":[[31.536685227203083,30.26966441604883],[31.53549148566642,30.269641175720746]]}},{"type":"Feature","properties":{"اسم_الحي":"حي 39","نوع_الطريق":"2","اسم_القطاع":"ABOR 19","موقف_التنفيذ":"تم التسليم","موقف_المتخلص":"3","ملاحظات":null,"Length":0.283013698630137,"Field":"رئيسي","SHAPE_Length":348.1671030548186,"__networkId":"roads","__networkName":"الطرق والقطاعات","__layerId":"roads_lines","__layerName":"طرق المدينة","__assetName":"طرق المدينة","__geometryKind":"line","__featureIndex":590,"__length_m":348.17,"__typeValue":"تم التسليم"},"geometry":{"type":"LineString","coordinates":[[31.524970440415007,30.264070893444725],[31.524658395329723,30.263031725131373],[31.52460577529435,30.26294824757354],[31.524547318840323,30.262867718815727],[31.524483246668193,30.26279044289915],[31.524413800679064,30.26271671158402],[31.524339243062805,30.2626468032467],[31.524259855308628,30.26258098183162],[31.52417593714006,30.262519495853056],[31.52403182875541,30.26246111164164],[31.523885771395438,30.26240645978945],[31.523737894603403,30.262355588778085],[31.52358832953902,30.26230854372989],[31.523437208855903,30.262265366378323],[31.523284666590147,30.262226095024424],[31.52313083803685,30.26219076450257]]}},{"type":"Feature","properties":{"اسم_الحي":"حي 16","نوع_الطريق":"3","اسم_القطاع":"ABOR 9","موقف_التنفيذ":"جاري العمل ميدانيا","موقف_المتخلص":"3","ملاحظات":null,"Length":0.1752358490566038,"Field":"ثانوي","SHAPE_Length":46.27081068908256,"__networkId":"roads","__networkName":"الطرق والقطاعات","__layerId":"roads_lines","__layerName":"طرق المدينة","__assetName":"طرق المدينة","__geometryKind":"line","__featureIndex":591,"__length_m":46.27,"__typeValue":"جاري العمل ميدانيا"},"geometry":{"type":"LineString","coordinates":[[31.569702538671258,30.251839807950773],[31.569726133820488,30.251481333051444]]}},{"type":"Feature","properties":{"اسم_الحي":"حي 39","نوع_الطريق":"2","اسم_القطاع":"ABOR 18","موقف_التنفيذ":"تم التسليم","موقف_المتخلص":"3","ملاحظات":null,"Length":0.283013698630137,"Field":"رئيسي","SHAPE_Length":347.5058261618824,"__networkId":"roads","__networkName":"الطرق والقطاعات","__layerId":"roads_lines","__layerName":"طرق المدينة","__assetName":"طرق المدينة","__geometryKind":"line","__featureIndex":592,"__length_m":347.51,"__typeValue":"تم التسليم"},"geometry":{"type":"LineString","coordinates":[[31.530399513937457,30.26253888243192],[31.530311480113724,30.262498112268858],[31.53017516198737,30.26244443770648],[31.528666634110003,30.261929674469826],[31.52852907318923,30.261913318146803],[31.528390584384788,30.26190457517132],[31.52825173192288,30.2619034811683],[31.528113081508366,30.261910040592067],[31.527975198025814,30.261924226718882],[31.52783864323388,30.261945981749168],[31.527703973477987,30.261975217042526],[31.527571737424285,30.262011813486364],[31.527442473821186,30.262055621969353]]}},{"type":"Feature","properties":{"اسم_الحي":"حي 16","نوع_الطريق":"2","اسم_القطاع":"ABOR 9","موقف_التنفيذ":"جاري العمل ميدانيا","موقف_المتخلص":"3","ملاحظات":null,"Length":0.1752358490566038,"Field":"رئيسي","SHAPE_Length":218.8119648839403,"__networkId":"roads","__networkName":"الطرق والقطاعات","__layerId":"roads_lines","__layerName":"طرق المدينة","__assetName":"طرق المدينة","__geometryKind":"line","__featureIndex":593,"__length_m":218.81,"__typeValue":"جاري العمل ميدانيا"},"geometry":{"type":"LineString","coordinates":[[31.567678101635153,30.256897021640768],[31.568650563862832,30.2569460153922],[31.569576883227636,30.25725142637352]]}},{"type":"Feature","properties":{"اسم_الحي":"حي 14","نوع_الطريق":"2","اسم_القطاع":"ABOR 3","موقف_التنفيذ":"تم التسليم","موقف_المتخلص":"2","ملاحظات":null,"Length":0.283013698630137,"Field":"رئيسي","SHAPE_Length":597.2381683927804,"__networkId":"roads","__networkName":"الطرق والقطاعات","__layerId":"roads_lines","__layerName":"طرق المدينة","__assetName":"طرق المدينة","__geometryKind":"line","__featureIndex":594,"__length_m":597.24,"__typeValue":"تم التسليم"},"geometry":{"type":"LineString","coordinates":[[31.559895472611043,30.278890936200412],[31.560064014994378,30.278972529943264],[31.56023637042407,30.27904794964088],[31.560412235810233,30.27911706268269],[31.56059130189372,30.279179747545363],[31.560773253781516,30.279235894009645],[31.56095777151215,30.279285403352656],[31.561144530606246,30.279328188520534],[31.561358427558815,30.27936842526189],[31.561574300970285,30.27939981830531],[31.56179166083373,30.279422296403947],[31.562010013764784,30.27943580853951],[31.562228864128116,30.279440324044344],[31.562447715157525,30.279435832670792],[31.562666070085033,30.279422344611387],[31.56285144789523,30.27940375988401],[31.563035799759067,30.27937869440754],[31.563218822001684,30.279347189466865],[31.563400213139566,30.27930929695143],[31.563579674374957,30.27926507927214],[31.56375691009166,30.27921460926067],[31.56393162833542,30.279157970041073],[31.564086590341756,30.27910275545738],[31.564239981366114,30.279044360961663],[31.564391713929155,30.27898281985159],[31.564541701493454,30.27891816722015],[31.564689858518555,30.278850439932512],[31.564836100508124,30.27877967661028],[31.564980344055982,30.278705917603048]]}},{"type":"Feature","properties":{"اسم_الحي":"حي 15","نوع_الطريق":"2","اسم_القطاع":"ABOR 7","موقف_التنفيذ":"جاري العمل ميدانيا","موقف_المتخلص":"3","ملاحظات":null,"Length":0.1752358490566038,"Field":"رئيسي","SHAPE_Length":289.58420063141807,"__networkId":"roads","__networkName":"الطرق والقطاعات","__layerId":"roads_lines","__layerName":"طرق المدينة","__assetName":"طرق المدينة","__geometryKind":"line","__featureIndex":595,"__length_m":289.58,"__typeValue":"جاري العمل ميدانيا"},"geometry":{"type":"LineString","coordinates":[[31.590216882419384,30.252208682767687],[31.587618282677887,30.252104834969572]]}},{"type":"Feature","properties":{"اسم_الحي":"حي 39","نوع_الطريق":"2","اسم_القطاع":"ABOR 18","موقف_التنفيذ":"تم التسليم","موقف_المتخلص":"3","ملاحظات":null,"Length":0.283013698630137,"Field":"رئيسي","SHAPE_Length":89.60859561055551,"__networkId":"roads","__networkName":"الطرق والقطاعات","__layerId":"roads_lines","__layerName":"طرق المدينة","__assetName":"طرق المدينة","__geometryKind":"line","__featureIndex":596,"__length_m":89.61,"__typeValue":"تم التسليم"},"geometry":{"type":"LineString","coordinates":[[31.530900936461077,30.263057885935353],[31.530686328041398,30.262711309999926],[31.53060812180251,30.262657528310424],[31.530526814831028,30.262607294001516],[31.530399513937457,30.26253888243192]]}},{"type":"Feature","properties":{"اسم_الحي":"حي 15","نوع_الطريق":"3","اسم_القطاع":"ABOR 7","موقف_التنفيذ":"جاري العمل ميدانيا","موقف_المتخلص":"3","ملاحظات":null,"Length":0.1752358490566038,"Field":"ثانوي","SHAPE_Length":72.92221533494505,"__networkId":"roads","__networkName":"الطرق والقطاعات","__layerId":"roads_lines","__layerName":"طرق المدينة","__assetName":"طرق المدينة","__geometryKind":"line","__featureIndex":597,"__length_m":72.92,"__typeValue":"جاري العمل ميدانيا"},"geometry":{"type":"LineString","coordinates":[[31.587142518733728,30.258570034896756],[31.586488529935536,30.258537518037325]]}},{"type":"Feature","properties":{"اسم_الحي":"حي 15","نوع_الطريق":"3","اسم_القطاع":"ABOR 8","موقف_التنفيذ":"جاري العمل ميدانيا","موقف_المتخلص":"3","ملاحظات":null,"Length":0.1752358490566038,"Field":"ثانوي","SHAPE_Length":46.86665544637616,"__networkId":"roads","__networkName":"الطرق والقطاعات","__layerId":"roads_lines","__layerName":"طرق المدينة","__assetName":"طرق المدينة","__geometryKind":"line","__featureIndex":598,"__length_m":46.87,"__typeValue":"جاري العمل ميدانيا"},"geometry":{"type":"LineString","coordinates":[[31.57282262301162,30.252893582893954],[31.572798710757052,30.253256668115057]]}},{"type":"Feature","properties":{"اسم_الحي":"حي 15","نوع_الطريق":"3","اسم_القطاع":"ABOR 7","موقف_التنفيذ":"جاري العمل ميدانيا","موقف_المتخلص":"3","ملاحظات":null,"Length":0.1752358490566038,"Field":"ثانوي","SHAPE_Length":46.041257854114235,"__networkId":"roads","__networkName":"الطرق والقطاعات","__layerId":"roads_lines","__layerName":"طرق المدينة","__assetName":"طرق المدينة","__geometryKind":"line","__featureIndex":599,"__length_m":46.04,"__typeValue":"جاري العمل ميدانيا"},"geometry":{"type":"LineString","coordinates":[[31.587546275521316,30.253196017433766],[31.587133362206046,30.25317550385193]]}},{"type":"Feature","properties":{"اسم_الحي":"حي 15","نوع_الطريق":"3","اسم_القطاع":"ABOR 7","موقف_التنفيذ":"جاري العمل ميدانيا","موقف_المتخلص":"3","ملاحظات":"محتاج النظر فيها","Length":0.1752358490566038,"Field":"ثانوي","SHAPE_Length":46.283440612418936,"__networkId":"roads","__networkName":"الطرق والقطاعات","__layerId":"roads_lines","__layerName":"طرق المدينة","__assetName":"طرق المدينة","__geometryKind":"line","__featureIndex":600,"__length_m":46.28,"__typeValue":"جاري العمل ميدانيا"},"geometry":{"type":"LineString","coordinates":[[31.58187621634748,30.258666404447716],[31.581852581672347,30.259024949340958]]}},{"type":"Feature","properties":{"اسم_الحي":"حي 39","نوع_الطريق":"1","اسم_القطاع":"ABOR 16","موقف_التنفيذ":"تم التسليم","موقف_المتخلص":"3","ملاحظات":null,"Length":0.283013698630137,"Field":"رئيسي","SHAPE_Length":393.7379885937922,"__networkId":"roads","__networkName":"الطرق والقطاعات","__layerId":"roads_lines","__layerName":"طرق المدينة","__assetName":"طرق المدينة","__geometryKind":"line","__featureIndex":601,"__length_m":393.74,"__typeValue":"تم التسليم"},"geometry":{"type":"LineString","coordinates":[[31.533052240768097,30.273395269628537],[31.536589209875626,30.27338084728639]]}},{"type":"Feature","properties":{"اسم_الحي":"حي 39","نوع_الطريق":"2","اسم_القطاع":"ABOR 16","موقف_التنفيذ":"تم التسليم","موقف_المتخلص":"3","ملاحظات":null,"Length":0.283013698630137,"Field":"رئيسي","SHAPE_Length":133.53936893855152,"__networkId":"roads","__networkName":"الطرق والقطاعات","__layerId":"roads_lines","__layerName":"طرق المدينة","__assetName":"طرق المدينة","__geometryKind":"line","__featureIndex":602,"__length_m":133.54,"__typeValue":"تم التسليم"},"geometry":{"type":"LineString","coordinates":[[31.528839451106048,30.26618767319341],[31.528515789905796,30.265190001776666]]}},{"type":"Feature","properties":{"اسم_الحي":"حي 16","نوع_الطريق":"3","اسم_القطاع":"ABOR 10","موقف_التنفيذ":"جاري العمل مكتبيا","موقف_المتخلص":"3","ملاحظات":null,"Length":0.1752358490566038,"Field":"ثانوي","SHAPE_Length":46.1697166356828,"__networkId":"roads","__networkName":"الطرق والقطاعات","__layerId":"roads_lines","__layerName":"طرق المدينة","__assetName":"طرق المدينة","__geometryKind":"line","__featureIndex":603,"__length_m":46.17,"__typeValue":"جاري العمل مكتبيا"},"geometry":{"type":"LineString","coordinates":[[31.561254246343477,30.24983121593693],[31.561277926832698,30.24947352367736]]}},{"type":"Feature","properties":{"اسم_الحي":"حي 15","نوع_الطريق":"3","اسم_القطاع":"ABOR 8","موقف_التنفيذ":"جاري العمل ميدانيا","موقف_المتخلص":"3","ملاحظات":null,"Length":0.1752358490566038,"Field":"ثانوي","SHAPE_Length":45.099749760428985,"__networkId":"roads","__networkName":"الطرق والقطاعات","__layerId":"roads_lines","__layerName":"طرق المدينة","__assetName":"طرق المدينة","__geometryKind":"line","__featureIndex":604,"__length_m":45.1,"__typeValue":"جاري العمل ميدانيا"},"geometry":{"type":"LineString","coordinates":[[31.572354476781083,30.252870198921286],[31.572377777282895,30.252520815245727]]}},{"type":"Feature","properties":{"اسم_الحي":"حي 16","نوع_الطريق":"3","اسم_القطاع":"ABOR 10","موقف_التنفيذ":"جاري العمل مكتبيا","موقف_المتخلص":"3","ملاحظات":null,"Length":0.1752358490566038,"Field":"ثانوي","SHAPE_Length":44.6847469631581,"__networkId":"roads","__networkName":"الطرق والقطاعات","__layerId":"roads_lines","__layerName":"طرق المدينة","__assetName":"طرق المدينة","__geometryKind":"line","__featureIndex":605,"__length_m":44.68,"__typeValue":"جاري العمل مكتبيا"},"geometry":{"type":"LineString","coordinates":[[31.564518992682252,30.25080088812754],[31.56465761890027,30.250475472171576]]}},{"type":"Feature","properties":{"اسم_الحي":"حي 15","نوع_الطريق":"3","اسم_القطاع":"ABOR 8","موقف_التنفيذ":"جاري العمل ميدانيا","موقف_المتخلص":"3","ملاحظات":null,"Length":0.1752358490566038,"Field":"ثانوي","SHAPE_Length":75.2063285486659,"__networkId":"roads","__networkName":"الطرق والقطاعات","__layerId":"roads_lines","__layerName":"طرق المدينة","__assetName":"طرق المدينة","__geometryKind":"line","__featureIndex":606,"__length_m":75.21,"__typeValue":"جاري العمل ميدانيا"},"geometry":{"type":"LineString","coordinates":[[31.57610964397616,30.256015112864866],[31.576071079301,30.256597722448543]]}},{"type":"Feature","properties":{"اسم_الحي":"حي 39","نوع_الطريق":"2","اسم_القطاع":"ABOR 19","موقف_التنفيذ":"تم التسليم","موقف_المتخلص":"3","ملاحظات":null,"Length":0.283013698630137,"Field":"رئيسي","SHAPE_Length":82.48046302876539,"__networkId":"roads","__networkName":"الطرق والقطاعات","__layerId":"roads_lines","__layerName":"طرق المدينة","__assetName":"طرق المدينة","__geometryKind":"line","__featureIndex":607,"__length_m":82.48,"__typeValue":"تم التسليم"},"geometry":{"type":"LineString","coordinates":[[31.51766285758111,30.261587656874593],[31.51763756896014,30.261525689706414],[31.51761298345448,30.261487332136262],[31.517565605706274,30.261435927417878],[31.517527839061454,30.261406633093056],[31.51746359148816,30.261371453785006],[31.517151402672408,30.261236489358936],[31.517092244119354,30.261221649343838]]}},{"type":"Feature","properties":{"اسم_الحي":"حي 16","نوع_الطريق":"2","اسم_القطاع":"ABOR 10","موقف_التنفيذ":"جاري العمل مكتبيا","موقف_المتخلص":"3","ملاحظات":null,"Length":0.1752358490566038,"Field":"رئيسي","SHAPE_Length":1068.453897973679,"__networkId":"roads","__networkName":"الطرق والقطاعات","__layerId":"roads_lines","__layerName":"طرق المدينة","__assetName":"طرق المدينة","__geometryKind":"line","__featureIndex":608,"__length_m":1068.45,"__typeValue":"جاري العمل مكتبيا"},"geometry":{"type":"LineString","coordinates":[[31.566503923608778,30.253786958222246],[31.56310782111759,30.253616991875774],[31.56302586102032,30.253615706780064],[31.562964454489826,30.253618427416697],[31.562890197003856,30.253625991217103],[31.56281676404972,30.253638159808112],[31.562744537809234,30.253654869859304],[31.562673894185327,30.253676034398875],[31.56260520084481,30.25370154327239],[31.562538815301536,30.253731263716897],[31.562475083059493,30.25376504104733],[31.56241433581479,30.2538026994665],[31.562356889727194,30.25384404297371],[31.56205555615333,30.25407711813484],[31.561998552925694,30.25411817525187],[31.561938292534087,30.254155601128783],[31.561875084355904,30.25418920362779],[31.561809252901703,30.254218810236043],[31.561741136151483,30.25424426895647],[31.56167108381564,30.254265449088845],[31.561599455542268,30.25428224189614],[31.56152661907208,30.25429456116602],[31.561452948346147,30.254302343653332],[31.5613788215912,30.254305549405245],[31.56130461937305,30.254304161961507],[31.557152946591323,30.254096506380222]]}},{"type":"Feature","properties":{"اسم_الحي":"حي 39","نوع_الطريق":"2","اسم_القطاع":"ABOR 12","موقف_التنفيذ":"تم التسليم","موقف_المتخلص":"3","ملاحظات":null,"Length":0.283013698630137,"Field":"رئيسي","SHAPE_Length":164.07713355969287,"__networkId":"roads","__networkName":"الطرق والقطاعات","__layerId":"roads_lines","__layerName":"طرق المدينة","__assetName":"طرق المدينة","__geometryKind":"line","__featureIndex":609,"__length_m":164.08,"__typeValue":"تم التسليم"},"geometry":{"type":"LineString","coordinates":[[31.528033787162023,30.27695180803857],[31.529409239016033,30.27740927108923]]}},{"type":"Feature","properties":{"اسم_الحي":"حي 13","نوع_الطريق":"2","اسم_القطاع":"ABOR 5","موقف_التنفيذ":"تم التسليم","موقف_المتخلص":"3","ملاحظات":null,"Length":0.283013698630137,"Field":"رئيسي","SHAPE_Length":144.10286091057532,"__networkId":"roads","__networkName":"الطرق والقطاعات","__layerId":"roads_lines","__layerName":"طرق المدينة","__assetName":"طرق المدينة","__geometryKind":"line","__featureIndex":610,"__length_m":144.1,"__typeValue":"تم التسليم"},"geometry":{"type":"LineString","coordinates":[[31.551223303944795,30.276884323369362],[31.551192198242692,30.276856403813685],[31.55116576341898,30.276825099694392],[31.55114448774248,30.276790989212547],[31.55112307937918,30.276735951096676],[31.551115027221734,30.27667830859505],[31.55111726753991,30.276639612626404],[31.551125562753917,30.27660153634903],[31.55114899341269,30.276547115969368],[31.55117151835407,30.276513608925377],[31.551199096144515,30.276483048943533],[31.551718360107987,30.275982522838447]]}},{"type":"Feature","properties":{"اسم_الحي":"حي 15","نوع_الطريق":"2","اسم_القطاع":"ABOR 7","موقف_التنفيذ":"جاري العمل ميدانيا","موقف_المتخلص":"3","ملاحظات":null,"Length":0.1752358490566038,"Field":"رئيسي","SHAPE_Length":127.66625076752133,"__networkId":"roads","__networkName":"الطرق والقطاعات","__layerId":"roads_lines","__layerName":"طرق المدينة","__assetName":"طرق المدينة","__geometryKind":"line","__featureIndex":611,"__length_m":127.67,"__typeValue":"جاري العمل ميدانيا"},"geometry":{"type":"LineString","coordinates":[[31.57910921303291,30.253922741441635],[31.58025415269347,30.253979828442084]]}},{"type":"Feature","properties":{"اسم_الحي":"حي 39","نوع_الطريق":"2","اسم_القطاع":"ABOR 22","موقف_التنفيذ":"تم التسليم","موقف_المتخلص":null,"ملاحظات":null,"Length":0.283013698630137,"Field":"رئيسي","SHAPE_Length":250.70905327525384,"__networkId":"roads","__networkName":"الطرق والقطاعات","__layerId":"roads_lines","__layerName":"طرق المدينة","__assetName":"طرق المدينة","__geometryKind":"line","__featureIndex":612,"__length_m":250.71,"__typeValue":"تم التسليم"},"geometry":{"type":"LineString","coordinates":[[31.495456848710727,30.26640787535958],[31.49659715306442,30.268085273089262]]}},{"type":"Feature","properties":{"اسم_الحي":"حي 16","نوع_الطريق":"3","اسم_القطاع":"ABOR 9","موقف_التنفيذ":"جاري العمل ميدانيا","موقف_المتخلص":"3","ملاحظات":null,"Length":0.1752358490566038,"Field":"ثانوي","SHAPE_Length":70.20648134937251,"__networkId":"roads","__networkName":"الطرق والقطاعات","__layerId":"roads_lines","__layerName":"طرق المدينة","__assetName":"طرق المدينة","__geometryKind":"line","__featureIndex":613,"__length_m":70.21,"__typeValue":"جاري العمل ميدانيا"},"geometry":{"type":"LineString","coordinates":[[31.569012711584794,30.25706541723904],[31.568784665266765,30.25757331652855]]}},{"type":"Feature","properties":{"اسم_الحي":"حي 39","نوع_الطريق":"2","اسم_القطاع":"ABOR 20","موقف_التنفيذ":"تم التسليم","موقف_المتخلص":"3","ملاحظات":null,"Length":0.283013698630137,"Field":"رئيسي","SHAPE_Length":161.047928728524,"__networkId":"roads","__networkName":"الطرق والقطاعات","__layerId":"roads_lines","__layerName":"طرق المدينة","__assetName":"طرق المدينة","__geometryKind":"line","__featureIndex":614,"__length_m":161.05,"__typeValue":"تم التسليم"},"geometry":{"type":"LineString","coordinates":[[31.508450426831637,30.26027227865572],[31.50981961742811,30.260675851646482]]}},{"type":"Feature","properties":{"اسم_الحي":"حي 39","نوع_الطريق":"2","اسم_القطاع":"ABOR 20","موقف_التنفيذ":"تم التسليم","موقف_المتخلص":"3","ملاحظات":null,"Length":0.283013698630137,"Field":"رئيسي","SHAPE_Length":147.9782370310365,"__networkId":"roads","__networkName":"الطرق والقطاعات","__layerId":"roads_lines","__layerName":"طرق المدينة","__assetName":"طرق المدينة","__geometryKind":"line","__featureIndex":615,"__length_m":147.98,"__typeValue":"تم التسليم"},"geometry":{"type":"LineString","coordinates":[[31.50804473327627,30.258027911249354],[31.50708363383861,30.25882114147477]]}},{"type":"Feature","properties":{"اسم_الحي":"حي 15","نوع_الطريق":"2","اسم_القطاع":"ABOR 7","موقف_التنفيذ":"جاري العمل ميدانيا","موقف_المتخلص":"3","ملاحظات":null,"Length":0.1752358490566038,"Field":"رئيسي","SHAPE_Length":314.444691008211,"__networkId":"roads","__networkName":"الطرق والقطاعات","__layerId":"roads_lines","__layerName":"طرق المدينة","__assetName":"طرق المدينة","__geometryKind":"line","__featureIndex":616,"__length_m":314.44,"__typeValue":"جاري العمل ميدانيا"},"geometry":{"type":"LineString","coordinates":[[31.579006759276457,30.255473267649663],[31.580011607566757,30.255523370948165],[31.580094976004677,30.255531276267345],[31.580149837836707,30.255540658271006],[31.580203821884727,30.255553280052254],[31.58030452007106,30.25558656156943],[31.580399261700716,30.255631016719658],[31.58048639384707,30.255685869893664],[31.58052662538332,30.25571690332066],[31.580599541805057,30.255785506906108],[31.580661354520192,30.25586181313268],[31.580688288108473,30.25590327083244],[31.580711953664807,30.25594619073032],[31.580732245356856,30.255990380890147],[31.580749072439726,30.256035643689312],[31.580762359663012,30.256081776712115],[31.580772047605983,30.256128573650347],[31.580778092944247,30.256175825225537],[31.58078046864355,30.25622332013017],[31.58074876868218,30.256730969879065]]}},{"type":"Feature","properties":{"اسم_الحي":"حي 15","نوع_الطريق":"3","اسم_القطاع":"ABOR 7","موقف_التنفيذ":"جاري العمل ميدانيا","موقف_المتخلص":"3","ملاحظات":"محتاج النظر فيها","Length":0.1752358490566038,"Field":"ثانوي","SHAPE_Length":33.47625913668558,"__networkId":"roads","__networkName":"الطرق والقطاعات","__layerId":"roads_lines","__layerName":"طرق المدينة","__assetName":"طرق المدينة","__geometryKind":"line","__featureIndex":617,"__length_m":33.48,"__typeValue":"جاري العمل ميدانيا"},"geometry":{"type":"LineString","coordinates":[[31.583117379049696,30.253366900929258],[31.58309909114712,30.25362618554499]]}},{"type":"Feature","properties":{"اسم_الحي":"حي 39","نوع_الطريق":"2","اسم_القطاع":"ABOR 20","موقف_التنفيذ":"تم التسليم","موقف_المتخلص":"3","ملاحظات":null,"Length":0.283013698630137,"Field":"رئيسي","SHAPE_Length":78.63566033844327,"__networkId":"roads","__networkName":"الطرق والقطاعات","__layerId":"roads_lines","__layerName":"طرق المدينة","__assetName":"طرق المدينة","__geometryKind":"line","__featureIndex":618,"__length_m":78.64,"__typeValue":"تم التسليم"},"geometry":{"type":"LineString","coordinates":[[31.51588496766632,30.26586421530684],[31.516038626292296,30.266459714900044]]}},{"type":"Feature","properties":{"اسم_الحي":"حي 16","نوع_الطريق":"3","اسم_القطاع":"ABOR 10","موقف_التنفيذ":"جاري العمل مكتبيا","موقف_المتخلص":"3","ملاحظات":null,"Length":0.1752358490566038,"Field":"ثانوي","SHAPE_Length":62.33200278854577,"__networkId":"roads","__networkName":"الطرق والقطاعات","__layerId":"roads_lines","__layerName":"طرق المدينة","__assetName":"طرق المدينة","__geometryKind":"line","__featureIndex":619,"__length_m":62.33,"__typeValue":"جاري العمل مكتبيا"},"geometry":{"type":"LineString","coordinates":[[31.557333831356935,30.252385431269065],[31.55789122251601,30.252431510371686]]}},{"type":"Feature","properties":{"اسم_الحي":"حي 39","نوع_الطريق":"2","اسم_القطاع":"ABOR 16","موقف_التنفيذ":"تم التسليم","موقف_المتخلص":"3","ملاحظات":null,"Length":0.283013698630137,"Field":"رئيسي","SHAPE_Length":402.22496657848455,"__networkId":"roads","__networkName":"الطرق والقطاعات","__layerId":"roads_lines","__layerName":"طرق المدينة","__assetName":"طرق المدينة","__geometryKind":"line","__featureIndex":620,"__length_m":402.22,"__typeValue":"تم التسليم"},"geometry":{"type":"LineString","coordinates":[[31.533042403317417,30.270828105114806],[31.536655598968384,30.270811250937356]]}},{"type":"Feature","properties":{"اسم_الحي":"حي 39","نوع_الطريق":"3","اسم_القطاع":"ABOR 16","موقف_التنفيذ":"تم التسليم","موقف_المتخلص":"3","ملاحظات":null,"Length":0.283013698630137,"Field":"ثانوي","SHAPE_Length":175.81720759545618,"__networkId":"roads","__networkName":"الطرق والقطاعات","__layerId":"roads_lines","__layerName":"طرق المدينة","__assetName":"طرق المدينة","__geometryKind":"line","__featureIndex":621,"__length_m":175.82,"__typeValue":"تم التسليم"},"geometry":{"type":"LineString","coordinates":[[31.527435447199025,30.272132066130496],[31.52889294667953,30.27265752260256]]}},{"type":"Feature","properties":{"اسم_الحي":"حي 13","نوع_الطريق":"2","اسم_القطاع":"ABOR 6","موقف_التنفيذ":"تم التسليم","موقف_المتخلص":"3","ملاحظات":null,"Length":0.283013698630137,"Field":"رئيسي","SHAPE_Length":92.81442776001707,"__networkId":"roads","__networkName":"الطرق والقطاعات","__layerId":"roads_lines","__layerName":"طرق المدينة","__assetName":"طرق المدينة","__geometryKind":"line","__featureIndex":622,"__length_m":92.81,"__typeValue":"تم التسليم"},"geometry":{"type":"LineString","coordinates":[[31.551833636416816,30.280649638479453],[31.552390126565637,30.280113471229278]]}},{"type":"Feature","properties":{"اسم_الحي":"حي 39","نوع_الطريق":"3","اسم_القطاع":"ABOR 14","موقف_التنفيذ":"تم التسليم","موقف_المتخلص":"3","ملاحظات":null,"Length":0.283013698630137,"Field":"ثانوي","SHAPE_Length":125.82604468216343,"__networkId":"roads","__networkName":"الطرق والقطاعات","__layerId":"roads_lines","__layerName":"طرق المدينة","__assetName":"طرق المدينة","__geometryKind":"line","__featureIndex":623,"__length_m":125.83,"__typeValue":"تم التسليم"},"geometry":{"type":"LineString","coordinates":[[31.51201171692715,30.270820317312133],[31.5123419609818,30.271753916682247]]}},{"type":"Feature","properties":{"اسم_الحي":"حي 16","نوع_الطريق":"3","اسم_القطاع":"ABOR 9","موقف_التنفيذ":"جاري العمل ميدانيا","موقف_المتخلص":"3","ملاحظات":null,"Length":0.1752358490566038,"Field":"ثانوي","SHAPE_Length":48.008440555551104,"__networkId":"roads","__networkName":"الطرق والقطاعات","__layerId":"roads_lines","__layerName":"طرق المدينة","__assetName":"طرق المدينة","__geometryKind":"line","__featureIndex":624,"__length_m":48.01,"__typeValue":"جاري العمل ميدانيا"},"geometry":{"type":"LineString","coordinates":[[31.56722875175365,30.251716909380065],[31.567253520102653,30.251344986195555]]}},{"type":"Feature","properties":{"اسم_الحي":"حي 39","نوع_الطريق":"3","اسم_القطاع":"ABOR 12","موقف_التنفيذ":"تم التسليم","موقف_المتخلص":"3","ملاحظات":null,"Length":0.283013698630137,"Field":"ثانوي","SHAPE_Length":82.36946169537796,"__networkId":"roads","__networkName":"الطرق والقطاعات","__layerId":"roads_lines","__layerName":"طرق المدينة","__assetName":"طرق المدينة","__geometryKind":"line","__featureIndex":625,"__length_m":82.37,"__typeValue":"تم التسليم"},"geometry":{"type":"LineString","coordinates":[[31.5290815282105,30.27730027780947],[31.52877979398804,30.277883739352944]]}},{"type":"Feature","properties":{"اسم_الحي":"حي 39","نوع_الطريق":"2","اسم_القطاع":"ABOR 21","موقف_التنفيذ":"تم التسليم","موقف_المتخلص":"3","ملاحظات":null,"Length":0.283013698630137,"Field":"رئيسي","SHAPE_Length":150.6841856212863,"__networkId":"roads","__networkName":"الطرق والقطاعات","__layerId":"roads_lines","__layerName":"طرق المدينة","__assetName":"طرق المدينة","__geometryKind":"line","__featureIndex":626,"__length_m":150.68,"__typeValue":"تم التسليم"},"geometry":{"type":"LineString","coordinates":[[31.5080689258052,30.266439130381155],[31.509361520650668,30.26678620367727]]}},{"type":"Feature","properties":{"اسم_الحي":"حي 39","نوع_الطريق":"2","اسم_القطاع":"ABOR 17","موقف_التنفيذ":"تم التسليم","موقف_المتخلص":"3","ملاحظات":null,"Length":0.283013698630137,"Field":"رئيسي","SHAPE_Length":129.05856890698678,"__networkId":"roads","__networkName":"الطرق والقطاعات","__layerId":"roads_lines","__layerName":"طرق المدينة","__assetName":"طرق المدينة","__geometryKind":"line","__featureIndex":627,"__length_m":129.06,"__typeValue":"تم التسليم"},"geometry":{"type":"LineString","coordinates":[[31.52383902758602,30.26752299862651],[31.523506651829226,30.26656371433153]]}},{"type":"Feature","properties":{"اسم_الحي":"حي 16","نوع_الطريق":"3","اسم_القطاع":"ABOR 9","موقف_التنفيذ":"جاري العمل ميدانيا","موقف_المتخلص":"3","ملاحظات":null,"Length":0.1752358490566038,"Field":"ثانوي","SHAPE_Length":34.408451682674716,"__networkId":"roads","__networkName":"الطرق والقطاعات","__layerId":"roads_lines","__layerName":"طرق المدينة","__assetName":"طرق المدينة","__geometryKind":"line","__featureIndex":628,"__length_m":34.41,"__typeValue":"جاري العمل ميدانيا"},"geometry":{"type":"LineString","coordinates":[[31.569012711584794,30.25706541723904],[31.5691244772775,30.25681649277892]]}},{"type":"Feature","properties":{"اسم_الحي":"حي 39","نوع_الطريق":"2","اسم_القطاع":"ABOR 20","موقف_التنفيذ":"تم التسليم","موقف_المتخلص":"3","ملاحظات":null,"Length":0.283013698630137,"Field":"رئيسي","SHAPE_Length":100.6711966085777,"__networkId":"roads","__networkName":"الطرق والقطاعات","__layerId":"roads_lines","__layerName":"طرق المدينة","__assetName":"طرق المدينة","__geometryKind":"line","__featureIndex":629,"__length_m":100.67,"__typeValue":"تم التسليم"},"geometry":{"type":"LineString","coordinates":[[31.5080743336632,30.262524680401526],[31.508728321437232,30.262735950646917],[31.508768403634576,30.26274413948662],[31.508830008281983,30.262747432062294],[31.508870953560887,30.262743573887615],[31.50893028709346,30.26272888559953]]}},{"type":"Feature","properties":{"اسم_الحي":"حي 16","نوع_الطريق":"3","اسم_القطاع":"ABOR 10","موقف_التنفيذ":"جاري العمل مكتبيا","موقف_المتخلص":"3","ملاحظات":null,"Length":0.1752358490566038,"Field":"ثانوي","SHAPE_Length":46.135083455619835,"__networkId":"roads","__networkName":"الطرق والقطاعات","__layerId":"roads_lines","__layerName":"طرق المدينة","__assetName":"طرق المدينة","__geometryKind":"line","__featureIndex":630,"__length_m":46.14,"__typeValue":"جاري العمل مكتبيا"},"geometry":{"type":"LineString","coordinates":[[31.563669606835006,30.2505100992958],[31.56350977408811,30.250840408530166]]}},{"type":"Feature","properties":{"اسم_الحي":"حي 15","نوع_الطريق":"3","اسم_القطاع":"ABOR 8","موقف_التنفيذ":"جاري العمل ميدانيا","موقف_المتخلص":"3","ملاحظات":null,"Length":0.1752358490566038,"Field":"ثانوي","SHAPE_Length":30.25844540300023,"__networkId":"roads","__networkName":"الطرق والقطاعات","__layerId":"roads_lines","__layerName":"طرق المدينة","__assetName":"طرق المدينة","__geometryKind":"line","__featureIndex":631,"__length_m":30.26,"__typeValue":"جاري العمل ميدانيا"},"geometry":{"type":"LineString","coordinates":[[31.573565624973003,30.25176023017769],[31.573581063419454,30.251525808618027]]}},{"type":"Feature","properties":{"اسم_الحي":"حي 39","نوع_الطريق":"3","اسم_القطاع":"ABOR 16","موقف_التنفيذ":"تم التسليم","موقف_المتخلص":"3","ملاحظات":null,"Length":0.283013698630137,"Field":"ثانوي","SHAPE_Length":82.80943639838983,"__networkId":"roads","__networkName":"الطرق والقطاعات","__layerId":"roads_lines","__layerName":"طرق المدينة","__assetName":"طرق المدينة","__geometryKind":"line","__featureIndex":632,"__length_m":82.81,"__typeValue":"تم التسليم"},"geometry":{"type":"LineString","coordinates":[[31.532305575476986,30.265598158589626],[31.533017121132072,30.26541076403437]]}},{"type":"Feature","properties":{"اسم_الحي":"حي 39","نوع_الطريق":"2","اسم_القطاع":"ABOR 17","موقف_التنفيذ":"تم التسليم","موقف_المتخلص":"3","ملاحظات":null,"Length":0.283013698630137,"Field":"رئيسي","SHAPE_Length":327.18888411831773,"__networkId":"roads","__networkName":"الطرق والقطاعات","__layerId":"roads_lines","__layerName":"طرق المدينة","__assetName":"طرق المدينة","__geometryKind":"line","__featureIndex":633,"__length_m":327.19,"__typeValue":"تم التسليم"},"geometry":{"type":"LineString","coordinates":[[31.522519752776592,30.269557349894765],[31.522826529242767,30.270544531874712],[31.522851041212114,30.27063618463152],[31.522868029718726,30.27072909911516],[31.52287741064497,30.27082281526896],[31.522879137542713,30.27091686906414],[31.522873201861007,30.27101079480158],[31.52285963299003,30.27110412741975],[31.522838498114353,30.27119640479211],[31.52280990188205,30.271287170022955],[31.52277379005074,30.271376405059307],[31.522486974150205,30.271997954384375]]}},{"type":"Feature","properties":{"اسم_الحي":"حي 15","نوع_الطريق":"3","اسم_القطاع":"ABOR 7","موقف_التنفيذ":"جاري العمل ميدانيا","موقف_المتخلص":"3","ملاحظات":null,"Length":0.1752358490566038,"Field":"ثانوي","SHAPE_Length":69.08389961929419,"__networkId":"roads","__networkName":"الطرق والقطاعات","__layerId":"roads_lines","__layerName":"طرق المدينة","__assetName":"طرق المدينة","__geometryKind":"line","__featureIndex":634,"__length_m":69.08,"__typeValue":"جاري العمل ميدانيا"},"geometry":{"type":"LineString","coordinates":[[31.586413691289213,30.25743698123214],[31.58644901484281,30.25690180066842]]}},{"type":"Feature","properties":{"اسم_الحي":"حي 16","نوع_الطريق":"3","اسم_القطاع":"ABOR 9","موقف_التنفيذ":"جاري العمل ميدانيا","موقف_المتخلص":"3","ملاحظات":null,"Length":0.1752358490566038,"Field":"ثانوي","SHAPE_Length":46.045919354743894,"__networkId":"roads","__networkName":"الطرق والقطاعات","__layerId":"roads_lines","__layerName":"طرق المدينة","__assetName":"طرق المدينة","__geometryKind":"line","__featureIndex":635,"__length_m":46.05,"__typeValue":"جاري العمل ميدانيا"},"geometry":{"type":"LineString","coordinates":[[31.569848268766524,30.25220870294314],[31.570261215319483,30.252229347091404]]}},{"type":"Feature","properties":{"اسم_الحي":"حي 15","نوع_الطريق":"2","اسم_القطاع":"ABOR 7","موقف_التنفيذ":"جاري العمل ميدانيا","موقف_المتخلص":"3","ملاحظات":null,"Length":0.1752358490566038,"Field":"رئيسي","SHAPE_Length":193.55211761070353,"__networkId":"roads","__networkName":"الطرق والقطاعات","__layerId":"roads_lines","__layerName":"طرق المدينة","__assetName":"طرق المدينة","__geometryKind":"line","__featureIndex":636,"__length_m":193.55,"__typeValue":"جاري العمل ميدانيا"},"geometry":{"type":"LineString","coordinates":[[31.579057985705536,30.25469800488918],[31.58079380482063,30.254784549945008]]}},{"type":"Feature","properties":{"اسم_الحي":"حي 15","نوع_الطريق":"3","اسم_القطاع":"ABOR 7","موقف_التنفيذ":"جاري العمل ميدانيا","موقف_المتخلص":"3","ملاحظات":null,"Length":0.1752358490566038,"Field":"ثانوي","SHAPE_Length":33.05441337131381,"__networkId":"roads","__networkName":"الطرق والقطاعات","__layerId":"roads_lines","__layerName":"طرق المدينة","__assetName":"طرق المدينة","__geometryKind":"line","__featureIndex":637,"__length_m":33.05,"__typeValue":"جاري العمل ميدانيا"},"geometry":{"type":"LineString","coordinates":[[31.588873548930028,30.253534455997624],[31.588859963707993,30.253790678982575]]}},{"type":"Feature","properties":{"اسم_الحي":"حي 39","نوع_الطريق":"2","اسم_القطاع":"ABOR 20","موقف_التنفيذ":"تم التسليم","موقف_المتخلص":"3","ملاحظات":null,"Length":0.283013698630137,"Field":"رئيسي","SHAPE_Length":112.8472270683054,"__networkId":"roads","__networkName":"الطرق والقطاعات","__layerId":"roads_lines","__layerName":"طرق المدينة","__assetName":"طرق المدينة","__geometryKind":"line","__featureIndex":638,"__length_m":112.85,"__typeValue":"تم التسليم"},"geometry":{"type":"LineString","coordinates":[[31.50893028709346,30.26272888559953],[31.50898431451597,30.262704467999335],[31.509016714358015,30.26268320798818],[31.509045532859588,30.26265839774306],[31.509342697352185,30.261951042043535]]}},{"type":"Feature","properties":{"اسم_الحي":"حي 16","نوع_الطريق":"3","اسم_القطاع":"ABOR 10","موقف_التنفيذ":"جاري العمل مكتبيا","موقف_المتخلص":"3","ملاحظات":null,"Length":0.1752358490566038,"Field":"ثانوي","SHAPE_Length":46.859773859310046,"__networkId":"roads","__networkName":"الطرق والقطاعات","__layerId":"roads_lines","__layerName":"طرق المدينة","__assetName":"طرق المدينة","__geometryKind":"line","__featureIndex":639,"__length_m":46.86,"__typeValue":"جاري العمل مكتبيا"},"geometry":{"type":"LineString","coordinates":[[31.56119270905158,30.249828139104945],[31.56116854437042,30.250191169696098]]}},{"type":"Feature","properties":{"اسم_الحي":"حي 15","نوع_الطريق":"2","اسم_القطاع":"ABOR 7","موقف_التنفيذ":"جاري العمل ميدانيا","موقف_المتخلص":"3","ملاحظات":null,"Length":0.1752358490566038,"Field":"رئيسي","SHAPE_Length":198.45848630509514,"__networkId":"roads","__networkName":"الطرق والقطاعات","__layerId":"roads_lines","__layerName":"طرق المدينة","__assetName":"طرق المدينة","__geometryKind":"line","__featureIndex":640,"__length_m":198.46,"__typeValue":"جاري العمل ميدانيا"},"geometry":{"type":"LineString","coordinates":[[31.584958416037352,30.257381589338344],[31.584934858134766,30.25620888707717],[31.584943583953713,30.255841922419798]]}},{"type":"Feature","properties":{"اسم_الحي":"حي 15","نوع_الطريق":"3","اسم_القطاع":"ABOR 8","موقف_التنفيذ":"جاري العمل ميدانيا","موقف_المتخلص":"3","ملاحظات":null,"Length":0.1752358490566038,"Field":"ثانوي","SHAPE_Length":31.84580454295401,"__networkId":"roads","__networkName":"الطرق والقطاعات","__layerId":"roads_lines","__layerName":"طرق المدينة","__assetName":"طرق المدينة","__geometryKind":"line","__featureIndex":641,"__length_m":31.85,"__typeValue":"جاري العمل ميدانيا"},"geometry":{"type":"LineString","coordinates":[[31.574213636381284,30.2517923962087],[31.57419738855275,30.252039114872428]]}},{"type":"Feature","properties":{"اسم_الحي":"حي 15","نوع_الطريق":"2","اسم_القطاع":"ABOR 7","موقف_التنفيذ":"جاري العمل ميدانيا","موقف_المتخلص":"3","ملاحظات":null,"Length":0.1752358490566038,"Field":"رئيسي","SHAPE_Length":404.7260900161476,"__networkId":"roads","__networkName":"الطرق والقطاعات","__layerId":"roads_lines","__layerName":"طرق المدينة","__assetName":"طرق المدينة","__geometryKind":"line","__featureIndex":642,"__length_m":404.73,"__typeValue":"جاري العمل ميدانيا"},"geometry":{"type":"LineString","coordinates":[[31.582045670949423,30.25132315848256],[31.578976725901562,30.251511523516726],[31.578418914330943,30.251543442090156]]}},{"type":"Feature","properties":{"اسم_الحي":"حي 15","نوع_الطريق":"3","اسم_القطاع":"ABOR 7","موقف_التنفيذ":"جاري العمل ميدانيا","موقف_المتخلص":"3","ملاحظات":null,"Length":0.1752358490566038,"Field":"ثانوي","SHAPE_Length":111.93998392142841,"__networkId":"roads","__networkName":"الطرق والقطاعات","__layerId":"roads_lines","__layerName":"طرق المدينة","__assetName":"طرق المدينة","__geometryKind":"line","__featureIndex":643,"__length_m":111.94,"__typeValue":"جاري العمل ميدانيا"},"geometry":{"type":"LineString","coordinates":[[31.58552285447983,30.255870778462437],[31.585519339372116,30.256739367914854]]}},{"type":"Feature","properties":{"اسم_الحي":"حي 15","نوع_الطريق":"3","اسم_القطاع":"ABOR 7","موقف_التنفيذ":"جاري العمل ميدانيا","موقف_المتخلص":"3","ملاحظات":null,"Length":0.1752358490566038,"Field":"ثانوي","SHAPE_Length":54.630173862442824,"__networkId":"roads","__networkName":"الطرق والقطاعات","__layerId":"roads_lines","__layerName":"طرق المدينة","__assetName":"طرق المدينة","__geometryKind":"line","__featureIndex":644,"__length_m":54.63,"__typeValue":"جاري العمل ميدانيا"},"geometry":{"type":"LineString","coordinates":[[31.587223173971527,30.257124547791847],[31.587713114229143,30.257148906884524]]}},{"type":"Feature","properties":{"اسم_الحي":"حي 15","نوع_الطريق":"3","اسم_القطاع":"ABOR 8","موقف_التنفيذ":"جاري العمل ميدانيا","موقف_المتخلص":"3","ملاحظات":null,"Length":0.1752358490566038,"Field":"ثانوي","SHAPE_Length":31.550243763226444,"__networkId":"roads","__networkName":"الطرق والقطاعات","__layerId":"roads_lines","__layerName":"طرق المدينة","__assetName":"طرق المدينة","__geometryKind":"line","__featureIndex":645,"__length_m":31.55,"__typeValue":"جاري العمل ميدانيا"},"geometry":{"type":"LineString","coordinates":[[31.57323224489969,30.251743680016506],[31.573216145293177,30.251988108882905]]}},{"type":"Feature","properties":{"اسم_الحي":"حي 39","نوع_الطريق":"1","اسم_القطاع":"ABOR 13","موقف_التنفيذ":"تم التسليم","موقف_المتخلص":"3","ملاحظات":null,"Length":0.283013698630137,"Field":"رئيسي","SHAPE_Length":441.24565575978477,"__networkId":"roads","__networkName":"الطرق والقطاعات","__layerId":"roads_lines","__layerName":"طرق المدينة","__assetName":"طرق المدينة","__geometryKind":"line","__featureIndex":646,"__length_m":441.25,"__typeValue":"تم التسليم"},"geometry":{"type":"LineString","coordinates":[[31.525203524485157,30.277060861440592],[31.52127581877177,30.27660010277666]]}},{"type":"Feature","properties":{"اسم_الحي":"حي 16","نوع_الطريق":"3","اسم_القطاع":"ABOR 10","موقف_التنفيذ":"جاري العمل مكتبيا","موقف_المتخلص":"3","ملاحظات":null,"Length":0.1752358490566038,"Field":"ثانوي","SHAPE_Length":46.04110409068247,"__networkId":"roads","__networkName":"الطرق والقطاعات","__layerId":"roads_lines","__layerName":"طرق المدينة","__assetName":"طرق المدينة","__geometryKind":"line","__featureIndex":647,"__length_m":46.04,"__typeValue":"جاري العمل مكتبيا"},"geometry":{"type":"LineString","coordinates":[[31.56507375986238,30.252309036225355],[31.565486659702927,30.252329730791107]]}},{"type":"Feature","properties":{"اسم_الحي":"حي 15","نوع_الطريق":"2","اسم_القطاع":"ABOR 7","موقف_التنفيذ":"جاري العمل ميدانيا","موقف_المتخلص":"3","ملاحظات":null,"Length":0.1752358490566038,"Field":"رئيسي","SHAPE_Length":527.9619373812739,"__networkId":"roads","__networkName":"الطرق والقطاعات","__layerId":"roads_lines","__layerName":"طرق المدينة","__assetName":"طرق المدينة","__geometryKind":"line","__featureIndex":648,"__length_m":527.96,"__typeValue":"جاري العمل ميدانيا"},"geometry":{"type":"LineString","coordinates":[[31.581905276846918,30.25392442606306],[31.58664016914874,30.254160345716695]]}},{"type":"Feature","properties":{"اسم_الحي":"حي 39","نوع_الطريق":"1","اسم_القطاع":"ABOR 17","موقف_التنفيذ":"تم التسليم","موقف_المتخلص":"3","ملاحظات":null,"Length":0.283013698630137,"Field":"رئيسي","SHAPE_Length":88.45301658507236,"__networkId":"roads","__networkName":"الطرق والقطاعات","__layerId":"roads_lines","__layerName":"طرق المدينة","__assetName":"طرق المدينة","__geometryKind":"line","__featureIndex":649,"__length_m":88.45,"__typeValue":"تم التسليم"},"geometry":{"type":"LineString","coordinates":[[31.524596010028166,30.270649049890807],[31.524676615375682,30.27062969347516],[31.52475864435804,30.270615481801194],[31.524841657363396,30.270606491038233],[31.524925209508403,30.270602769369074],[31.525008853018345,30.270604336739062],[31.525092139628047,30.270611184749686],[31.52520374791906,30.270628843674263],[31.525289976442657,30.27064945058258],[31.525374076828353,30.270675813815096]]}},{"type":"Feature","properties":{"اسم_الحي":"حي 39","نوع_الطريق":"3","اسم_القطاع":"ABOR 12","موقف_التنفيذ":"تم التسليم","موقف_المتخلص":"3","ملاحظات":null,"Length":0.283013698630137,"Field":"ثانوي","SHAPE_Length":146.85978777202294,"__networkId":"roads","__networkName":"الطرق والقطاعات","__layerId":"roads_lines","__layerName":"طرق المدينة","__assetName":"طرق المدينة","__geometryKind":"line","__featureIndex":650,"__length_m":146.86,"__typeValue":"تم التسليم"},"geometry":{"type":"LineString","coordinates":[[31.53380175551531,30.279924627336275],[31.533918250837964,30.278789791471503]]}},{"type":"Feature","properties":{"اسم_الحي":"حي 39","نوع_الطريق":"2","اسم_القطاع":"ABOR 18","موقف_التنفيذ":"تم التسليم","موقف_المتخلص":"3","ملاحظات":null,"Length":0.283013698630137,"Field":"رئيسي","SHAPE_Length":182.7988477313156,"__networkId":"roads","__networkName":"الطرق والقطاعات","__layerId":"roads_lines","__layerName":"طرق المدينة","__assetName":"طرق المدينة","__geometryKind":"line","__featureIndex":651,"__length_m":182.8,"__typeValue":"تم التسليم"},"geometry":{"type":"LineString","coordinates":[[31.527442473821186,30.262055621969353],[31.527402132684426,30.26206428274283],[31.527345217087113,30.262086143624852],[31.52729481952419,30.26211776201503],[31.527253149529383,30.262157751691237],[31.5272220340009,30.262204359413442],[31.527207848568132,30.262238108145667],[31.527197099045082,30.262291102061806],[31.527197155819675,30.26232700599428],[31.527203006322633,30.262362552565236],[31.527508826981325,30.26333231985165]]}},{"type":"Feature","properties":{"اسم_الحي":"حي 39","نوع_الطريق":"1","اسم_القطاع":"ABOR 15","موقف_التنفيذ":"تم التسليم","موقف_المتخلص":"3","ملاحظات":null,"Length":0.283013698630137,"Field":"رئيسي","SHAPE_Length":192.0621869376296,"__networkId":"roads","__networkName":"الطرق والقطاعات","__layerId":"roads_lines","__layerName":"طرق المدينة","__assetName":"طرق المدينة","__geometryKind":"line","__featureIndex":652,"__length_m":192.06,"__typeValue":"تم التسليم"},"geometry":{"type":"LineString","coordinates":[[31.504503436085724,30.271834385193294],[31.50507090185069,30.273241537747833]]}},{"type":"Feature","properties":{"اسم_الحي":"حي 15","نوع_الطريق":"2","اسم_القطاع":"ABOR 8","موقف_التنفيذ":"جاري العمل ميدانيا","موقف_المتخلص":"3","ملاحظات":null,"Length":0.1752358490566038,"Field":"رئيسي","SHAPE_Length":757.7654587026252,"__networkId":"roads","__networkName":"الطرق والقطاعات","__layerId":"roads_lines","__layerName":"طرق المدينة","__assetName":"طرق المدينة","__geometryKind":"line","__featureIndex":653,"__length_m":757.77,"__typeValue":"جاري العمل ميدانيا"},"geometry":{"type":"LineString","coordinates":[[31.570525753899304,30.255138956868304],[31.577321544956284,30.25547809330376]]}},{"type":"Feature","properties":{"اسم_الحي":"حي 39","نوع_الطريق":"1","اسم_القطاع":"ABOR 17","موقف_التنفيذ":"تم التسليم","موقف_المتخلص":"3","ملاحظات":null,"Length":0.283013698630137,"Field":"رئيسي","SHAPE_Length":457.64803459645566,"__networkId":"roads","__networkName":"الطرق والقطاعات","__layerId":"roads_lines","__layerName":"طرق المدينة","__assetName":"طرق المدينة","__geometryKind":"line","__featureIndex":654,"__length_m":457.65,"__typeValue":"تم التسليم"},"geometry":{"type":"LineString","coordinates":[[31.518584865032516,30.271388468404123],[31.518859434200785,30.270782230153454],[31.51889876214062,30.270685426292708],[31.5189300920337,30.270586469070555],[31.518953268041546,30.270485850705775],[31.518968174886567,30.270384071676865],[31.518974738419228,30.27028163824197],[31.518972925992827,30.270179059910856],[31.518962746621977,30.270076846918222],[31.518944250939814,30.269975507685345],[31.518917530945167,30.26987554628331],[31.51832450002551,30.26796692118303]]}},{"type":"Feature","properties":{"اسم_الحي":"حي 15","نوع_الطريق":"3","اسم_القطاع":"ABOR 7","موقف_التنفيذ":"جاري العمل ميدانيا","موقف_المتخلص":"3","ملاحظات":"محتاج النظر فيها","Length":0.1752358490566038,"Field":"ثانوي","SHAPE_Length":51.51036299475032,"__networkId":"roads","__networkName":"الطرق والقطاعات","__layerId":"roads_lines","__layerName":"طرق المدينة","__assetName":"طرق المدينة","__geometryKind":"line","__featureIndex":655,"__length_m":51.51,"__typeValue":"جاري العمل ميدانيا"},"geometry":{"type":"LineString","coordinates":[[31.580683522246467,30.25283269997225],[31.58066219085172,30.253231981373304]]}},{"type":"Feature","properties":{"اسم_الحي":"حي 39","نوع_الطريق":"3","اسم_القطاع":"ABOR 12","موقف_التنفيذ":"تم التسليم","موقف_المتخلص":"3","ملاحظات":null,"Length":0.283013698630137,"Field":"ثانوي","SHAPE_Length":125.02814491490241,"__networkId":"roads","__networkName":"الطرق والقطاعات","__layerId":"roads_lines","__layerName":"طرق المدينة","__assetName":"طرق المدينة","__geometryKind":"line","__featureIndex":656,"__length_m":125.03,"__typeValue":"تم التسليم"},"geometry":{"type":"LineString","coordinates":[[31.52684409523064,30.27700329135701],[31.525799288079888,30.276647390828575]]}},{"type":"Feature","properties":{"اسم_الحي":"حي 39","نوع_الطريق":"2","اسم_القطاع":"ABOR 21","موقف_التنفيذ":"تم التسليم","موقف_المتخلص":"3","ملاحظات":null,"Length":0.283013698630137,"Field":"رئيسي","SHAPE_Length":361.7202258681655,"__networkId":"roads","__networkName":"الطرق والقطاعات","__layerId":"roads_lines","__layerName":"طرق المدينة","__assetName":"طرق المدينة","__geometryKind":"line","__featureIndex":657,"__length_m":361.72,"__typeValue":"تم التسليم"},"geometry":{"type":"LineString","coordinates":[[31.505890045015555,30.269243475481],[31.502794075050712,30.270095614492146]]}},{"type":"Feature","properties":{"اسم_الحي":"حي 39","نوع_الطريق":"2","اسم_القطاع":"ABOR 17","موقف_التنفيذ":"تم التسليم","موقف_المتخلص":"3","ملاحظات":null,"Length":0.283013698630137,"Field":"رئيسي","SHAPE_Length":179.0485881903545,"__networkId":"roads","__networkName":"الطرق والقطاعات","__layerId":"roads_lines","__layerName":"طرق المدينة","__assetName":"طرق المدينة","__geometryKind":"line","__featureIndex":658,"__length_m":179.05,"__typeValue":"تم التسليم"},"geometry":{"type":"LineString","coordinates":[[31.525367611653277,30.26921681512944],[31.5249444674252,30.267876600793787]]}},{"type":"Feature","properties":{"اسم_الحي":"حي 39","نوع_الطريق":"2","اسم_القطاع":"ABOR 19","موقف_التنفيذ":"تم التسليم","موقف_المتخلص":"3","ملاحظات":null,"Length":0.283013698630137,"Field":"رئيسي","SHAPE_Length":106.4245643745534,"__networkId":"roads","__networkName":"الطرق والقطاعات","__layerId":"roads_lines","__layerName":"طرق المدينة","__assetName":"طرق المدينة","__geometryKind":"line","__featureIndex":659,"__length_m":106.42,"__typeValue":"تم التسليم"},"geometry":{"type":"LineString","coordinates":[[31.517858108204738,30.263832003447423],[31.51805138163642,30.26464068501536]]}},{"type":"Feature","properties":{"اسم_الحي":"حي 39","نوع_الطريق":"2","اسم_القطاع":"ABOR 20","موقف_التنفيذ":"تم التسليم","موقف_المتخلص":"3","ملاحظات":null,"Length":0.283013698630137,"Field":"رئيسي","SHAPE_Length":96.08111460558533,"__networkId":"roads","__networkName":"الطرق والقطاعات","__layerId":"roads_lines","__layerName":"طرق المدينة","__assetName":"طرق المدينة","__geometryKind":"line","__featureIndex":660,"__length_m":96.08,"__typeValue":"تم التسليم"},"geometry":{"type":"LineString","coordinates":[[31.509657968287684,30.263031397704243],[31.50955643779232,30.263091814574764],[31.50945226963533,30.26314878329203],[31.50934562070369,30.26320221806412],[31.509236651621183,30.263252038416816],[31.50912552650374,30.26329816932305],[31.509012412716313,30.26334054131111],[31.508897480619293,30.263379090568748]]}},{"type":"Feature","properties":{"اسم_الحي":"حي 39","نوع_الطريق":"2","اسم_القطاع":"ABOR 20","موقف_التنفيذ":"تم التسليم","موقف_المتخلص":"3","ملاحظات":null,"Length":0.283013698630137,"Field":"رئيسي","SHAPE_Length":43.96083416232443,"__networkId":"roads","__networkName":"الطرق والقطاعات","__layerId":"roads_lines","__layerName":"طرق المدينة","__assetName":"طرق المدينة","__geometryKind":"line","__featureIndex":661,"__length_m":43.96,"__typeValue":"تم التسليم"},"geometry":{"type":"LineString","coordinates":[[31.510782946484294,30.263274726198595],[31.51040415926833,30.26317826883857]]}},{"type":"Feature","properties":{"اسم_الحي":"حي 16","نوع_الطريق":"3","اسم_القطاع":"ABOR 10","موقف_التنفيذ":"جاري العمل مكتبيا","موقف_المتخلص":"3","ملاحظات":null,"Length":0.1752358490566038,"Field":"ثانوي","SHAPE_Length":46.055729558837754,"__networkId":"roads","__networkName":"الطرق والقطاعات","__layerId":"roads_lines","__layerName":"طرق المدينة","__assetName":"طرق المدينة","__geometryKind":"line","__featureIndex":662,"__length_m":46.06,"__typeValue":"جاري العمل مكتبيا"},"geometry":{"type":"LineString","coordinates":[[31.55878055734225,30.252464120817834],[31.559193582048625,30.252484915451905]]}},{"type":"Feature","properties":{"اسم_الحي":"حي 15","نوع_الطريق":"2","اسم_القطاع":"ABOR 7","موقف_التنفيذ":"جاري العمل ميدانيا","موقف_المتخلص":"3","ملاحظات":null,"Length":0.1752358490566038,"Field":"رئيسي","SHAPE_Length":33.18304732613469,"__networkId":"roads","__networkName":"الطرق والقطاعات","__layerId":"roads_lines","__layerName":"طرق المدينة","__assetName":"طرق المدينة","__geometryKind":"line","__featureIndex":663,"__length_m":33.18,"__typeValue":"جاري العمل ميدانيا"},"geometry":{"type":"LineString","coordinates":[[31.587802582838197,30.255988372102504],[31.587845378861054,30.255959712138484],[31.58789247584719,30.255936627000217],[31.587917338210513,30.255927327724667],[31.587969053008916,30.255913454269248],[31.587995639897983,30.25590895132833],[31.58802253184194,30.255906104536024],[31.588076677696,30.255905429291257]]}},{"type":"Feature","properties":{"اسم_الحي":"حي 39","نوع_الطريق":"2","اسم_القطاع":"ABOR 19","موقف_التنفيذ":"تم التسليم","موقف_المتخلص":"3","ملاحظات":null,"Length":0.283013698630137,"Field":"رئيسي","SHAPE_Length":82.18096294589475,"__networkId":"roads","__networkName":"الطرق والقطاعات","__layerId":"roads_lines","__layerName":"طرق المدينة","__assetName":"طرق المدينة","__geometryKind":"line","__featureIndex":664,"__length_m":82.18,"__typeValue":"تم التسليم"},"geometry":{"type":"LineString","coordinates":[[31.522138943452926,30.263544297008643],[31.522349973882864,30.264155322162402]]}},{"type":"Feature","properties":{"اسم_الحي":"حي 39","نوع_الطريق":"2","اسم_القطاع":"ABOR 20","موقف_التنفيذ":"تم التسليم","موقف_المتخلص":"3","ملاحظات":null,"Length":0.283013698630137,"Field":"رئيسي","SHAPE_Length":262.20575345908213,"__networkId":"roads","__networkName":"الطرق والقطاعات","__layerId":"roads_lines","__layerName":"طرق المدينة","__assetName":"طرق المدينة","__geometryKind":"line","__featureIndex":665,"__length_m":262.21,"__typeValue":"تم التسليم"},"geometry":{"type":"LineString","coordinates":[[31.514714053219333,30.264317556438275],[31.515248274132276,30.26445987121921],[31.515292488723794,30.264482673609805],[31.515334695816094,30.264508156386572],[31.51537467798619,30.26453618827927],[31.515412229274787,30.264566624883503],[31.51544715624218,30.264599309409263],[31.515479278969547,30.26463407348607],[31.5155084319831,30.264670738032034],[31.515534465105436,30.264709114173282],[31.515557244232987,30.264749004221148],[31.515576652023523,30.264790202688317],[31.515592588499228,30.264832497346347],[31.51588496766632,30.26586421530684]]}},{"type":"Feature","properties":{"اسم_الحي":"حي 15","نوع_الطريق":"3","اسم_القطاع":"ABOR 8","موقف_التنفيذ":"جاري العمل ميدانيا","موقف_المتخلص":"3","ملاحظات":null,"Length":0.1752358490566038,"Field":"ثانوي","SHAPE_Length":35.63519038410473,"__networkId":"roads","__networkName":"الطرق والقطاعات","__layerId":"roads_lines","__layerName":"طرق المدينة","__assetName":"طرق المدينة","__geometryKind":"line","__featureIndex":666,"__length_m":35.64,"__typeValue":"جاري العمل ميدانيا"},"geometry":{"type":"LineString","coordinates":[[31.576777844122137,30.25429961016458],[31.5767961149567,30.254023544759846]]}},{"type":"Feature","properties":{"اسم_الحي":"حي 15","نوع_الطريق":"3","اسم_القطاع":"ABOR 7","موقف_التنفيذ":"جاري العمل ميدانيا","موقف_المتخلص":"3","ملاحظات":"محتاج النظر فيها","Length":0.1752358490566038,"Field":"ثانوي","SHAPE_Length":33.47622874115765,"__networkId":"roads","__networkName":"الطرق والقطاعات","__layerId":"roads_lines","__layerName":"طرق المدينة","__assetName":"طرق المدينة","__geometryKind":"line","__featureIndex":667,"__length_m":33.48,"__typeValue":"جاري العمل ميدانيا"},"geometry":{"type":"LineString","coordinates":[[31.58542459226249,30.25348194695638],[31.5854063088515,30.25374123126851]]}},{"type":"Feature","properties":{"اسم_الحي":"حي 15","نوع_الطريق":"3","اسم_القطاع":"ABOR 8","موقف_التنفيذ":"جاري العمل ميدانيا","موقف_المتخلص":"3","ملاحظات":null,"Length":0.1752358490566038,"Field":"ثانوي","SHAPE_Length":36.02850310422054,"__networkId":"roads","__networkName":"الطرق والقطاعات","__layerId":"roads_lines","__layerName":"طرق المدينة","__assetName":"طرق المدينة","__geometryKind":"line","__featureIndex":668,"__length_m":36.03,"__typeValue":"جاري العمل ميدانيا"},"geometry":{"type":"LineString","coordinates":[[31.573020765312137,30.254112142059217],[31.573039249047415,30.25383302968374]]}},{"type":"Feature","properties":{"اسم_الحي":"حي 39","نوع_الطريق":"2","اسم_القطاع":"ABOR 21","موقف_التنفيذ":"تم التسليم","موقف_المتخلص":"3","ملاحظات":null,"Length":0.283013698630137,"Field":"رئيسي","SHAPE_Length":94.79848164457104,"__networkId":"roads","__networkName":"الطرق والقطاعات","__layerId":"roads_lines","__layerName":"طرق المدينة","__assetName":"طرق المدينة","__geometryKind":"line","__featureIndex":669,"__length_m":94.8,"__typeValue":"تم التسليم"},"geometry":{"type":"LineString","coordinates":[[31.511761544205353,30.267687568098218],[31.51094697256698,30.26790206203721]]}},{"type":"Feature","properties":{"اسم_الحي":"حي 15","نوع_الطريق":"2","اسم_القطاع":"ABOR 7","موقف_التنفيذ":"جاري العمل ميدانيا","موقف_المتخلص":"3","ملاحظات":null,"Length":0.1752358490566038,"Field":"رئيسي","SHAPE_Length":1264.6496094279426,"__networkId":"roads","__networkName":"الطرق والقطاعات","__layerId":"roads_lines","__layerName":"طرق المدينة","__assetName":"طرق المدينة","__geometryKind":"line","__featureIndex":670,"__length_m":1264.65,"__typeValue":"جاري العمل ميدانيا"},"geometry":{"type":"LineString","coordinates":[[31.578022077265995,30.25847439695295],[31.589363791021608,30.259039096010778]]}},{"type":"Feature","properties":{"اسم_الحي":"حي 15","نوع_الطريق":"3","اسم_القطاع":"ABOR 8","موقف_التنفيذ":"جاري العمل ميدانيا","موقف_المتخلص":"3","ملاحظات":null,"Length":0.1752358490566038,"Field":"ثانوي","SHAPE_Length":45.58661639037464,"__networkId":"roads","__networkName":"الطرق والقطاعات","__layerId":"roads_lines","__layerName":"طرق المدينة","__assetName":"طرق المدينة","__geometryKind":"line","__featureIndex":671,"__length_m":45.59,"__typeValue":"جاري العمل ميدانيا"},"geometry":{"type":"LineString","coordinates":[[31.57609848330705,30.25305716191082],[31.57612184130108,30.25270399757274]]}},{"type":"Feature","properties":{"اسم_الحي":"حي 15","نوع_الطريق":"3","اسم_القطاع":"ABOR 7","موقف_التنفيذ":"جاري العمل ميدانيا","موقف_المتخلص":"3","ملاحظات":"محتاج النظر فيها","Length":0.1752358490566038,"Field":"ثانوي","SHAPE_Length":33.40811742013842,"__networkId":"roads","__networkName":"الطرق والقطاعات","__layerId":"roads_lines","__layerName":"طرق المدينة","__assetName":"طرق المدينة","__geometryKind":"line","__featureIndex":672,"__length_m":33.41,"__typeValue":"جاري العمل ميدانيا"},"geometry":{"type":"LineString","coordinates":[[31.584699981509914,30.2534458193788],[31.58468173313321,30.253704576128438]]}},{"type":"Feature","properties":{"اسم_الحي":"حي 15","نوع_الطريق":"3","اسم_القطاع":"ABOR 7","موقف_التنفيذ":"جاري العمل ميدانيا","موقف_المتخلص":"3","ملاحظات":"محتاج النظر فيها","Length":0.1752358490566038,"Field":"ثانوي","SHAPE_Length":46.27745031101218,"__networkId":"roads","__networkName":"الطرق والقطاعات","__layerId":"roads_lines","__layerName":"طرق المدينة","__assetName":"طرق المدينة","__geometryKind":"line","__featureIndex":673,"__length_m":46.28,"__typeValue":"جاري العمل ميدانيا"},"geometry":{"type":"LineString","coordinates":[[31.580912653729353,30.258618411726392],[31.58088901905422,30.25897691023925]]}},{"type":"Feature","properties":{"اسم_الحي":"حي 39","نوع_الطريق":"2","اسم_القطاع":"ABOR 20","موقف_التنفيذ":"تم التسليم","موقف_المتخلص":"3","ملاحظات":null,"Length":0.283013698630137,"Field":"رئيسي","SHAPE_Length":74.82156861194103,"__networkId":"roads","__networkName":"الطرق والقطاعات","__layerId":"roads_lines","__layerName":"طرق المدينة","__assetName":"طرق المدينة","__geometryKind":"line","__featureIndex":674,"__length_m":74.82,"__typeValue":"تم التسليم"},"geometry":{"type":"LineString","coordinates":[[31.513983128208622,30.2635166574882],[31.513828091567028,30.264081533937606]]}},{"type":"Feature","properties":{"اسم_الحي":"حي 16","نوع_الطريق":"2","اسم_القطاع":"ABOR 9","موقف_التنفيذ":"جاري العمل ميدانيا","موقف_المتخلص":"3","ملاحظات":null,"Length":0.1752358490566038,"Field":"رئيسي","SHAPE_Length":265.77576543332054,"__networkId":"roads","__networkName":"الطرق والقطاعات","__layerId":"roads_lines","__layerName":"طرق المدينة","__assetName":"طرق المدينة","__geometryKind":"line","__featureIndex":675,"__length_m":265.78,"__typeValue":"جاري العمل ميدانيا"},"geometry":{"type":"LineString","coordinates":[[31.567540455479133,30.258955836094344],[31.567678101635153,30.256897021640768]]}},{"type":"Feature","properties":{"اسم_الحي":"حي 16","نوع_الطريق":"3","اسم_القطاع":"ABOR 10","موقف_التنفيذ":"جاري العمل مكتبيا","موقف_المتخلص":"3","ملاحظات":null,"Length":0.1752358490566038,"Field":"ثانوي","SHAPE_Length":46.853136049755,"__networkId":"roads","__networkName":"الطرق والقطاعات","__layerId":"roads_lines","__layerName":"طرق المدينة","__assetName":"طرق المدينة","__geometryKind":"line","__featureIndex":676,"__length_m":46.85,"__typeValue":"جاري العمل مكتبيا"},"geometry":{"type":"LineString","coordinates":[[31.56079185921223,30.249808096626676],[31.560815890942717,30.249445109628113]]}},{"type":"Feature","properties":{"اسم_الحي":"حي 39","نوع_الطريق":"2","اسم_القطاع":"ABOR 22","موقف_التنفيذ":"تم التسليم","موقف_المتخلص":"3","ملاحظات":null,"Length":0.283013698630137,"Field":"رئيسي","SHAPE_Length":83.08985530383787,"__networkId":"roads","__networkName":"الطرق والقطاعات","__layerId":"roads_lines","__layerName":"طرق المدينة","__assetName":"طرق المدينة","__geometryKind":"line","__featureIndex":677,"__length_m":83.09,"__typeValue":"تم التسليم"},"geometry":{"type":"LineString","coordinates":[[31.49703784318661,30.27165642882206],[31.497250161800622,30.27227442932213]]}},{"type":"Feature","properties":{"اسم_الحي":"حي 39","نوع_الطريق":"2","اسم_القطاع":"ABOR 19","موقف_التنفيذ":"تم التسليم","موقف_المتخلص":"3","ملاحظات":null,"Length":0.283013698630137,"Field":"رئيسي","SHAPE_Length":156.00519470107633,"__networkId":"roads","__networkName":"الطرق والقطاعات","__layerId":"roads_lines","__layerName":"طرق المدينة","__assetName":"طرق المدينة","__geometryKind":"line","__featureIndex":678,"__length_m":156.01,"__typeValue":"تم التسليم"},"geometry":{"type":"LineString","coordinates":[[31.52192484617463,30.261392021520418],[31.521897128265447,30.261329548694015],[31.521871158849482,30.261290952978957],[31.521839681441186,30.261255547178155],[31.521782321249663,30.2612052646672],[31.521758703711377,30.26118922303336],[31.521719127234878,30.26117067894676],[31.52167603245766,30.261159414501485],[31.521646219836338,30.26115619098244],[31.521616176319323,30.261156474498712],[31.521571880892814,30.261163446528187],[31.521530125620995,30.261177995778947],[31.521476931526202,30.26120591086959],[31.521391722324868,30.261240950169164],[31.521301490490433,30.261264832350076],[31.52120818205598,30.26127704235205],[31.521113809406902,30.26127731684674],[31.520883441612142,30.261287770188083],[31.520850666913418,30.261285919153917],[31.520802771041485,30.261276120405658],[31.520772517198136,30.261265076783044],[31.520744239798596,30.261250645343647],[31.52070662374986,30.2612232259889]]}},{"type":"Feature","properties":{"اسم_الحي":"حي 15","نوع_الطريق":"3","اسم_القطاع":"ABOR 8","موقف_التنفيذ":"جاري العمل ميدانيا","موقف_المتخلص":"3","ملاحظات":null,"Length":0.1752358490566038,"Field":"ثانوي","SHAPE_Length":38.700064931129475,"__networkId":"roads","__networkName":"الطرق والقطاعات","__layerId":"roads_lines","__layerName":"طرق المدينة","__assetName":"طرق المدينة","__geometryKind":"line","__featureIndex":679,"__length_m":38.7,"__typeValue":"جاري العمل ميدانيا"},"geometry":{"type":"LineString","coordinates":[[31.573324560269874,30.255278670758575],[31.57330470570546,30.255578475235524]]}},{"type":"Feature","properties":{"اسم_الحي":"حي 39","نوع_الطريق":"2","اسم_القطاع":"ABOR 17","موقف_التنفيذ":"تم التسليم","موقف_المتخلص":"3","ملاحظات":null,"Length":0.283013698630137,"Field":"رئيسي","SHAPE_Length":273.47366168277796,"__networkId":"roads","__networkName":"الطرق والقطاعات","__layerId":"roads_lines","__layerName":"طرق المدينة","__assetName":"طرق المدينة","__geometryKind":"line","__featureIndex":680,"__length_m":273.47,"__typeValue":"تم التسليم"},"geometry":{"type":"LineString","coordinates":[[31.520836908212132,30.271413619181597],[31.52310990459579,30.272218544617697]]}},{"type":"Feature","properties":{"اسم_الحي":"حي 39","نوع_الطريق":"2","اسم_القطاع":"ABOR 16","موقف_التنفيذ":"تم التسليم","موقف_المتخلص":"3","ملاحظات":"remove","Length":0.283013698630137,"Field":"رئيسي","SHAPE_Length":187.98516351187934,"__networkId":"roads","__networkName":"الطرق والقطاعات","__layerId":"roads_lines","__layerName":"طرق المدينة","__assetName":"طرق المدينة","__geometryKind":"line","__featureIndex":681,"__length_m":187.99,"__typeValue":"تم التسليم"},"geometry":{"type":"LineString","coordinates":[[31.533472678372217,30.276630841758543],[31.534101671547646,30.275277408215096]]}},{"type":"Feature","properties":{"اسم_الحي":"حي 15","نوع_الطريق":"3","اسم_القطاع":"ABOR 7","موقف_التنفيذ":"جاري العمل ميدانيا","موقف_المتخلص":"3","ملاحظات":null,"Length":0.1752358490566038,"Field":"ثانوي","SHAPE_Length":44.04935467984614,"__networkId":"roads","__networkName":"الطرق والقطاعات","__layerId":"roads_lines","__layerName":"طرق المدينة","__assetName":"طرق المدينة","__geometryKind":"line","__featureIndex":682,"__length_m":44.05,"__typeValue":"جاري العمل ميدانيا"},"geometry":{"type":"LineString","coordinates":[[31.588797370895634,30.252842575020182],[31.58877914407849,30.25318402324323]]}},{"type":"Feature","properties":{"اسم_الحي":"حي 39","نوع_الطريق":"2","اسم_القطاع":"ABOR 17","موقف_التنفيذ":"تم التسليم","موقف_المتخلص":"3","ملاحظات":null,"Length":0.283013698630137,"Field":"رئيسي","SHAPE_Length":75.64554666710289,"__networkId":"roads","__networkName":"الطرق والقطاعات","__layerId":"roads_lines","__layerName":"طرق المدينة","__assetName":"طرق المدينة","__geometryKind":"line","__featureIndex":683,"__length_m":75.65,"__typeValue":"تم التسليم"},"geometry":{"type":"LineString","coordinates":[[31.52570163671694,30.26703682295282],[31.525881091364603,30.2676028910401]]}},{"type":"Feature","properties":{"اسم_الحي":"حي 15","نوع_الطريق":"3","اسم_القطاع":"ABOR 8","موقف_التنفيذ":"جاري العمل ميدانيا","موقف_المتخلص":"3","ملاحظات":null,"Length":0.1752358490566038,"Field":"ثانوي","SHAPE_Length":68.0682089671426,"__networkId":"roads","__networkName":"الطرق والقطاعات","__layerId":"roads_lines","__layerName":"طرق المدينة","__assetName":"طرق المدينة","__geometryKind":"line","__featureIndex":684,"__length_m":68.07,"__typeValue":"جاري العمل ميدانيا"},"geometry":{"type":"LineString","coordinates":[[31.57037313282747,30.255478743552704],[31.570942436545526,30.25567147698705]]}},{"type":"Feature","properties":{"اسم_الحي":"حي 16","نوع_الطريق":"2","اسم_القطاع":"ABOR 10","موقف_التنفيذ":"جاري العمل مكتبيا","موقف_المتخلص":"3","ملاحظات":null,"Length":0.1752358490566038,"Field":"رئيسي","SHAPE_Length":241.37624298587852,"__networkId":"roads","__networkName":"الطرق والقطاعات","__layerId":"roads_lines","__layerName":"طرق المدينة","__assetName":"طرق المدينة","__geometryKind":"line","__featureIndex":685,"__length_m":241.38,"__typeValue":"جاري العمل مكتبيا"},"geometry":{"type":"LineString","coordinates":[[31.561602642655075,30.25172482518308],[31.561726912896546,30.249854847400282]]}},{"type":"Feature","properties":{"اسم_الحي":"حي 15","نوع_الطريق":"3","اسم_القطاع":"ABOR 8","موقف_التنفيذ":"جاري العمل ميدانيا","موقف_المتخلص":"3","ملاحظات":null,"Length":0.1752358490566038,"Field":"ثانوي","SHAPE_Length":46.84857091929499,"__networkId":"roads","__networkName":"الطرق والقطاعات","__layerId":"roads_lines","__layerName":"طرق المدينة","__assetName":"طرق المدينة","__geometryKind":"line","__featureIndex":686,"__length_m":46.85,"__typeValue":"جاري العمل ميدانيا"},"geometry":{"type":"LineString","coordinates":[[31.57688469782688,30.25309640981549],[31.576908592115107,30.252733463677558]]}},{"type":"Feature","properties":{"اسم_الحي":"حي 16","نوع_الطريق":"3","اسم_القطاع":"ABOR 9","موقف_التنفيذ":"جاري العمل ميدانيا","موقف_المتخلص":"3","ملاحظات":null,"Length":0.1752358490566038,"Field":"ثانوي","SHAPE_Length":52.998073829373936,"__networkId":"roads","__networkName":"الطرق والقطاعات","__layerId":"roads_lines","__layerName":"طرق المدينة","__assetName":"طرق المدينة","__geometryKind":"line","__featureIndex":687,"__length_m":53.0,"__typeValue":"جاري العمل ميدانيا"},"geometry":{"type":"LineString","coordinates":[[31.56656238776407,30.252904469029556],[31.56703768727923,30.252928154847787]]}},{"type":"Feature","properties":{"اسم_الحي":"حي 39","نوع_الطريق":"3","اسم_القطاع":"ABOR 12","موقف_التنفيذ":"تم التسليم","موقف_المتخلص":"3","ملاحظات":null,"Length":0.283013698630137,"Field":"ثانوي","SHAPE_Length":140.77542322553865,"__networkId":"roads","__networkName":"الطرق والقطاعات","__layerId":"roads_lines","__layerName":"طرق المدينة","__assetName":"طرق المدينة","__geometryKind":"line","__featureIndex":688,"__length_m":140.78,"__typeValue":"تم التسليم"},"geometry":{"type":"LineString","coordinates":[[31.52562027450503,30.278906314255156],[31.52578577292645,30.27782360968874]]}},{"type":"Feature","properties":{"اسم_الحي":"حي 39","نوع_الطريق":"2","اسم_القطاع":"ABOR 16","موقف_التنفيذ":"تم التسليم","موقف_المتخلص":"3","ملاحظات":null,"Length":0.283013698630137,"Field":"رئيسي","SHAPE_Length":221.12509479098603,"__networkId":"roads","__networkName":"الطرق والقطاعات","__layerId":"roads_lines","__layerName":"طرق المدينة","__assetName":"طرق المدينة","__geometryKind":"line","__featureIndex":689,"__length_m":221.13,"__typeValue":"تم التسليم"},"geometry":{"type":"LineString","coordinates":[[31.528839451106048,30.26618767319341],[31.530730432626893,30.265662324851185]]}},{"type":"Feature","properties":{"اسم_الحي":"حي 39","نوع_الطريق":"2","اسم_القطاع":"ABOR 20","موقف_التنفيذ":"تم التسليم","موقف_المتخلص":"3","ملاحظات":null,"Length":0.283013698630137,"Field":"رئيسي","SHAPE_Length":274.9981985457641,"__networkId":"roads","__networkName":"الطرق والقطاعات","__layerId":"roads_lines","__layerName":"طرق المدينة","__assetName":"طرق المدينة","__geometryKind":"line","__featureIndex":690,"__length_m":275.0,"__typeValue":"تم التسليم"},"geometry":{"type":"LineString","coordinates":[[31.507900775557047,30.260832475626874],[31.51025134416039,30.261488836775857]]}},{"type":"Feature","properties":{"اسم_الحي":"حي 39","نوع_الطريق":"2","اسم_القطاع":"ABOR 15","موقف_التنفيذ":"تم التسليم","موقف_المتخلص":"3","ملاحظات":"remove","Length":0.283013698630137,"Field":"رئيسي","SHAPE_Length":77.24551949992671,"__networkId":"roads","__networkName":"الطرق والقطاعات","__layerId":"roads_lines","__layerName":"طرق المدينة","__assetName":"طرق المدينة","__geometryKind":"line","__featureIndex":691,"__length_m":77.25,"__typeValue":"تم التسليم"},"geometry":{"type":"LineString","coordinates":[[31.493892220641033,30.27691600328814],[31.493889225657878,30.276316748692615]]}},{"type":"Feature","properties":{"اسم_الحي":"حي 13","نوع_الطريق":"2","اسم_القطاع":"ABOR 5","موقف_التنفيذ":"تم التسليم","موقف_المتخلص":"3","ملاحظات":null,"Length":0.283013698630137,"Field":"رئيسي","SHAPE_Length":144.04260125566313,"__networkId":"roads","__networkName":"الطرق والقطاعات","__layerId":"roads_lines","__layerName":"طرق المدينة","__assetName":"طرق المدينة","__geometryKind":"line","__featureIndex":692,"__length_m":144.04,"__typeValue":"تم التسليم"},"geometry":{"type":"LineString","coordinates":[[31.55926490648553,30.281882297562905],[31.558744631019064,30.282383214028425],[31.558712595982794,30.28241016674832],[31.558676593176624,30.282433082584426],[31.55863729925377,30.28245153084968],[31.558573816525662,30.28247009269255],[31.558507280944198,30.282477060216763],[31.55846261284132,30.282475098076198],[31.558397239437944,30.282462336171186],[31.558355937435497,30.28244751560863],[31.55831737086077,30.282427956216235],[31.55828226454908,30.282404025598645]]}},{"type":"Feature","properties":{"اسم_الحي":"حي 16","نوع_الطريق":"3","اسم_القطاع":"ABOR 10","موقف_التنفيذ":"جاري العمل مكتبيا","موقف_المتخلص":"3","ملاحظات":null,"Length":0.1752358490566038,"Field":"ثانوي","SHAPE_Length":46.030567089759316,"__networkId":"roads","__networkName":"الطرق والقطاعات","__layerId":"roads_lines","__layerName":"طرق المدينة","__assetName":"طرق المدينة","__geometryKind":"line","__featureIndex":693,"__length_m":46.03,"__typeValue":"جاري العمل مكتبيا"},"geometry":{"type":"LineString","coordinates":[[31.563057484918968,30.252218324308668],[31.562644694672866,30.252197410893295]]}},{"type":"Feature","properties":{"اسم_الحي":"حي 15","نوع_الطريق":"2","اسم_القطاع":"ABOR 7","موقف_التنفيذ":"جاري العمل ميدانيا","موقف_المتخلص":"3","ملاحظات":null,"Length":0.1752358490566038,"Field":"رئيسي","SHAPE_Length":77.3064794665101,"__networkId":"roads","__networkName":"الطرق والقطاعات","__layerId":"roads_lines","__layerName":"طرق المدينة","__assetName":"طرق المدينة","__geometryKind":"line","__featureIndex":694,"__length_m":77.31,"__typeValue":"جاري العمل ميدانيا"},"geometry":{"type":"LineString","coordinates":[[31.58087542574734,30.25375950994747],[31.580836354971236,30.253794263814605],[31.580794486177,30.253826494990097],[31.58075003711415,30.253856035849214],[31.580703238953618,30.253882732757702],[31.58065433508286,30.25390644687512],[31.580603579841174,30.253927054869365],[31.580551237192886,30.25394444956646],[31.580497579364128,30.25395854050089],[31.580442885415355,30.253969254390537],[31.580387439799964,30.25397653551731],[31.580331530877082,30.253980346010902],[31.58025415269347,30.253979828442084]]}},{"type":"Feature","properties":{"اسم_الحي":"حي 39","نوع_الطريق":"2","اسم_القطاع":"ABOR 20","موقف_التنفيذ":"تم التسليم","موقف_المتخلص":"3","ملاحظات":null,"Length":0.283013698630137,"Field":"رئيسي","SHAPE_Length":76.21500411135929,"__networkId":"roads","__networkName":"الطرق والقطاعات","__layerId":"roads_lines","__layerName":"طرق المدينة","__assetName":"طرق المدينة","__geometryKind":"line","__featureIndex":695,"__length_m":76.22,"__typeValue":"تم التسليم"},"geometry":{"type":"LineString","coordinates":[[31.51202207629901,30.265584276661638],[31.512413426454216,30.26606948038057]]}},{"type":"Feature","properties":{"اسم_الحي":"حي 15","نوع_الطريق":"3","اسم_القطاع":"ABOR 8","موقف_التنفيذ":"جاري العمل ميدانيا","موقف_المتخلص":"3","ملاحظات":"محتاج النظر فيها","Length":0.1752358490566038,"Field":"ثانوي","SHAPE_Length":46.28301791384701,"__networkId":"roads","__networkName":"الطرق والقطاعات","__layerId":"roads_lines","__layerName":"طرق المدينة","__assetName":"طرق المدينة","__geometryKind":"line","__featureIndex":696,"__length_m":46.28,"__typeValue":"جاري العمل ميدانيا"},"geometry":{"type":"LineString","coordinates":[[31.574164638672432,30.25829719772879],[31.574140976149526,30.258655739314356]]}},{"type":"Feature","properties":{"اسم_الحي":"حي 39","نوع_الطريق":"3","اسم_القطاع":"ABOR 16","موقف_التنفيذ":"تم التسليم","موقف_المتخلص":"3","ملاحظات":null,"Length":0.283013698630137,"Field":"ثانوي","SHAPE_Length":165.95613256879494,"__networkId":"roads","__networkName":"الطرق والقطاعات","__layerId":"roads_lines","__layerName":"طرق المدينة","__assetName":"طرق المدينة","__geometryKind":"line","__featureIndex":697,"__length_m":165.96,"__typeValue":"تم التسليم"},"geometry":{"type":"LineString","coordinates":[[31.533049765909492,30.272192993722662],[31.531558973067927,30.272199044352707]]}},{"type":"Feature","properties":{"اسم_الحي":"حي 39","نوع_الطريق":"2","اسم_القطاع":"ABOR 17","موقف_التنفيذ":"تم التسليم","موقف_المتخلص":"3","ملاحظات":"remove","Length":0.283013698630137,"Field":"رئيسي","SHAPE_Length":162.56874727471322,"__networkId":"roads","__networkName":"الطرق والقطاعات","__layerId":"roads_lines","__layerName":"طرق المدينة","__assetName":"طرق المدينة","__geometryKind":"line","__featureIndex":698,"__length_m":162.57,"__typeValue":"تم التسليم"},"geometry":{"type":"LineString","coordinates":[[31.52684729233474,30.2703641316101],[31.525489485189556,30.269899784285403]]}},{"type":"Feature","properties":{"اسم_الحي":"حي 39","نوع_الطريق":"2","اسم_القطاع":"ABOR 17","موقف_التنفيذ":"تم التسليم","موقف_المتخلص":"3","ملاحظات":null,"Length":0.283013698630137,"Field":"رئيسي","SHAPE_Length":430.48680097960454,"__networkId":"roads","__networkName":"الطرق والقطاعات","__layerId":"roads_lines","__layerName":"طرق المدينة","__assetName":"طرق المدينة","__geometryKind":"line","__featureIndex":699,"__length_m":430.49,"__typeValue":"تم التسليم"},"geometry":{"type":"LineString","coordinates":[[31.51912642967293,30.268371812530876],[31.51954741075776,30.269726672636246],[31.519574739151054,30.26982423215255],[31.51959643879778,30.26992284090571],[31.519612456429595,30.270022256811718],[31.519622752720743,30.2701222358054],[31.519627302395364,30.27022253243946],[31.519626094283144,30.27032290049113],[31.519619131351725,30.2704230935572],[31.519609879839447,30.270499841333564],[31.51958125703123,30.270652145174733],[31.51953928786064,30.27080212398885],[31.51951337156865,30.270875968649257],[31.519477465977612,30.27096460075141],[31.519191836907055,30.27159557925528]]}},{"type":"Feature","properties":{"اسم_الحي":"حي 39","نوع_الطريق":"2","اسم_القطاع":"ABOR 20","موقف_التنفيذ":"تم التسليم","موقف_المتخلص":"3","ملاحظات":null,"Length":0.283013698630137,"Field":"رئيسي","SHAPE_Length":103.20957032327486,"__networkId":"roads","__networkName":"الطرق والقطاعات","__layerId":"roads_lines","__layerName":"طرق المدينة","__assetName":"طرق المدينة","__geometryKind":"line","__featureIndex":700,"__length_m":103.21,"__typeValue":"تم التسليم"},"geometry":{"type":"LineString","coordinates":[[31.513828091567028,30.264081533937606],[31.514714053219333,30.264317556438275]]}},{"type":"Feature","properties":{"اسم_الحي":"حي 16","نوع_الطريق":"3","اسم_القطاع":"ABOR 10","موقف_التنفيذ":"جاري العمل مكتبيا","موقف_المتخلص":"3","ملاحظات":null,"Length":0.1752358490566038,"Field":"ثانوي","SHAPE_Length":46.271370067335624,"__networkId":"roads","__networkName":"الطرق والقطاعات","__layerId":"roads_lines","__layerName":"طرق المدينة","__assetName":"طرق المدينة","__geometryKind":"line","__featureIndex":701,"__length_m":46.27,"__typeValue":"جاري العمل مكتبيا"},"geometry":{"type":"LineString","coordinates":[[31.564605157287684,30.252700110712485],[31.564581316898344,30.25305857340473]]}},{"type":"Feature","properties":{"اسم_الحي":"حي 39","نوع_الطريق":"2","اسم_القطاع":"ABOR 20","موقف_التنفيذ":"تم التسليم","موقف_المتخلص":"3","ملاحظات":null,"Length":0.283013698630137,"Field":"رئيسي","SHAPE_Length":85.87309775329233,"__networkId":"roads","__networkName":"الطرق والقطاعات","__layerId":"roads_lines","__layerName":"طرق المدينة","__assetName":"طرق المدينة","__geometryKind":"line","__featureIndex":702,"__length_m":85.87,"__typeValue":"تم التسليم"},"geometry":{"type":"LineString","coordinates":[[31.51334430207413,30.265009846160822],[31.513339663528345,30.26508375634311],[31.5133298465963,30.26515728773352],[31.51331488738012,30.265230169932774],[31.513294840890666,30.265302134926163],[31.513269780845913,30.265372918074796],[31.513239799401106,30.265442259085273],[31.513205006810356,30.26550990296601],[31.51316553101648,30.265575600971076],[31.513121517188704,30.265639111507156]]}},{"type":"Feature","properties":{"اسم_الحي":"حي 16","نوع_الطريق":"2","اسم_القطاع":"ABOR 10","موقف_التنفيذ":"جاري العمل مكتبيا","موقف_المتخلص":"3","ملاحظات":null,"Length":0.1752358490566038,"Field":"رئيسي","SHAPE_Length":140.14018835286052,"__networkId":"roads","__networkName":"الطرق والقطاعات","__layerId":"roads_lines","__layerName":"طرق المدينة","__assetName":"طرق المدينة","__geometryKind":"line","__featureIndex":703,"__length_m":140.14,"__typeValue":"جاري العمل مكتبيا"},"geometry":{"type":"LineString","coordinates":[[31.56220622338941,30.253960579847426],[31.561640892919886,30.25340971118716],[31.561602309380085,30.25336666736225],[31.561578681891493,30.253333792609876],[31.56155959628496,30.253301544830677],[31.56153056273497,30.25323328112494],[31.561520913032215,30.25319792321948],[31.561514252922706,30.25315946063871],[31.56151219488239,30.25308572467803]]}},{"type":"Feature","properties":{"اسم_الحي":"حي 39","نوع_الطريق":"2","اسم_القطاع":"ABOR 22","موقف_التنفيذ":"تم التسليم","موقف_المتخلص":"3","ملاحظات":null,"Length":0.283013698630137,"Field":"رئيسي","SHAPE_Length":194.6564930055568,"__networkId":"roads","__networkName":"الطرق والقطاعات","__layerId":"roads_lines","__layerName":"طرق المدينة","__assetName":"طرق المدينة","__geometryKind":"line","__featureIndex":704,"__length_m":194.66,"__typeValue":"تم التسليم"},"geometry":{"type":"LineString","coordinates":[[31.49047010832912,30.27062711785141],[31.49141368522883,30.271898579187734]]}},{"type":"Feature","properties":{"اسم_الحي":"حي 39","نوع_الطريق":"2","اسم_القطاع":"ABOR 20","موقف_التنفيذ":"تم التسليم","موقف_المتخلص":"3","ملاحظات":null,"Length":0.283013698630137,"Field":"رئيسي","SHAPE_Length":216.33833418896327,"__networkId":"roads","__networkName":"الطرق والقطاعات","__layerId":"roads_lines","__layerName":"طرق المدينة","__assetName":"طرق المدينة","__geometryKind":"line","__featureIndex":705,"__length_m":216.34,"__typeValue":"تم التسليم"},"geometry":{"type":"LineString","coordinates":[[31.50906747421039,30.258069511348346],[31.509261380256817,30.258241127537488],[31.509459316397244,30.25840927576109],[31.509661199533326,30.258573885444644],[31.50986694490635,30.25873488749481],[31.510076466137388,30.25889221433671],[31.510289675262594,30.25904579993692],[31.510506482769078,30.259195579831527]]}},{"type":"Feature","properties":{"اسم_الحي":"حي 16","نوع_الطريق":"3","اسم_القطاع":"ABOR 9","موقف_التنفيذ":"جاري العمل ميدانيا","موقف_المتخلص":"3","ملاحظات":null,"Length":0.1752358490566038,"Field":"ثانوي","SHAPE_Length":46.041309063728015,"__networkId":"roads","__networkName":"الطرق والقطاعات","__layerId":"roads_lines","__layerName":"طرق المدينة","__assetName":"طرق المدينة","__geometryKind":"line","__featureIndex":706,"__length_m":46.04,"__typeValue":"جاري العمل ميدانيا"},"geometry":{"type":"LineString","coordinates":[[31.56821281841816,30.25279829869922],[31.567799910492745,30.252777697349153]]}},{"type":"Feature","properties":{"اسم_الحي":"حي 39","نوع_الطريق":"2","اسم_القطاع":"ABOR 21","موقف_التنفيذ":"تم التسليم","موقف_المتخلص":"3","ملاحظات":null,"Length":0.283013698630137,"Field":"رئيسي","SHAPE_Length":151.085765649385,"__networkId":"roads","__networkName":"الطرق والقطاعات","__layerId":"roads_lines","__layerName":"طرق المدينة","__assetName":"طرق المدينة","__geometryKind":"line","__featureIndex":707,"__length_m":151.09,"__typeValue":"تم التسليم"},"geometry":{"type":"LineString","coordinates":[[31.50677892529426,30.266074776466873],[31.5080689258052,30.266439130381155]]}},{"type":"Feature","properties":{"اسم_الحي":"حي 39","نوع_الطريق":"2","اسم_القطاع":"ABOR 16","موقف_التنفيذ":"تم التسليم","موقف_المتخلص":"3","ملاحظات":null,"Length":0.283013698630137,"Field":"رئيسي","SHAPE_Length":132.66228456904793,"__networkId":"roads","__networkName":"الطرق والقطاعات","__layerId":"roads_lines","__layerName":"طرق المدينة","__assetName":"طرق المدينة","__geometryKind":"line","__featureIndex":708,"__length_m":132.66,"__typeValue":"تم التسليم"},"geometry":{"type":"LineString","coordinates":[[31.530443126246208,30.264663388841743],[31.530730432626893,30.265662324851185]]}},{"type":"Feature","properties":{"اسم_الحي":"حي 39","نوع_الطريق":"2","اسم_القطاع":"ABOR 19","موقف_التنفيذ":"تم التسليم","موقف_المتخلص":"3","ملاحظات":null,"Length":0.283013698630137,"Field":"رئيسي","SHAPE_Length":88.57467420171308,"__networkId":"roads","__networkName":"الطرق والقطاعات","__layerId":"roads_lines","__layerName":"طرق المدينة","__assetName":"طرق المدينة","__geometryKind":"line","__featureIndex":709,"__length_m":88.57,"__typeValue":"تم التسليم"},"geometry":{"type":"LineString","coordinates":[[31.517991745179675,30.260780741743105],[31.51805589097695,30.260720133337827],[31.518107485019176,30.260677613743297],[31.518463613130418,30.260229510184598]]}},{"type":"Feature","properties":{"اسم_الحي":"حي 39","نوع_الطريق":"3","اسم_القطاع":"ABOR 13","موقف_التنفيذ":"تم التسليم","موقف_المتخلص":"3","ملاحظات":null,"Length":0.283013698630137,"Field":"ثانوي","SHAPE_Length":142.83361525032174,"__networkId":"roads","__networkName":"الطرق والقطاعات","__layerId":"roads_lines","__layerName":"طرق المدينة","__assetName":"طرق المدينة","__geometryKind":"line","__featureIndex":710,"__length_m":142.83,"__typeValue":"تم التسليم"},"geometry":{"type":"LineString","coordinates":[[31.524416068493608,30.274217227137246],[31.52387949668956,30.275223787445505]]}},{"type":"Feature","properties":{"اسم_الحي":"حي 15","نوع_الطريق":"3","اسم_القطاع":"ABOR 7","موقف_التنفيذ":"جاري العمل ميدانيا","موقف_المتخلص":"3","ملاحظات":null,"Length":0.1752358490566038,"Field":"ثانوي","SHAPE_Length":48.364951876193196,"__networkId":"roads","__networkName":"الطرق والقطاعات","__layerId":"roads_lines","__layerName":"طرق المدينة","__assetName":"طرق المدينة","__geometryKind":"line","__featureIndex":711,"__length_m":48.36,"__typeValue":"جاري العمل ميدانيا"},"geometry":{"type":"LineString","coordinates":[[31.580203821884727,30.255553280052254],[31.580295268584017,30.255186397257525]]}},{"type":"Feature","properties":{"اسم_الحي":"حي 39","نوع_الطريق":"2","اسم_القطاع":"ABOR 19","موقف_التنفيذ":"تم التسليم","موقف_المتخلص":"3","ملاحظات":null,"Length":0.283013698630137,"Field":"رئيسي","SHAPE_Length":152.8455146077026,"__networkId":"roads","__networkName":"الطرق والقطاعات","__layerId":"roads_lines","__layerName":"طرق المدينة","__assetName":"طرق المدينة","__geometryKind":"line","__featureIndex":712,"__length_m":152.85,"__typeValue":"تم التسليم"},"geometry":{"type":"LineString","coordinates":[[31.517092244119354,30.261221649343838],[31.51694590575485,30.261334421006087],[31.516791719997553,30.2614391015339],[31.51663028548984,30.261535284524225],[31.51646222901716,30.26162259655922],[31.5162882030788,30.261700698664722],[31.5161088833478,30.261769287625956],[31.515924966052648,30.261828097155323]]}},{"type":"Feature","properties":{"اسم_الحي":"حي 39","نوع_الطريق":"1","اسم_القطاع":"ABOR 17","موقف_التنفيذ":"تم التسليم","موقف_المتخلص":"3","ملاحظات":null,"Length":0.283013698630137,"Field":"رئيسي","SHAPE_Length":282.1021958972338,"__networkId":"roads","__networkName":"الطرق والقطاعات","__layerId":"roads_lines","__layerName":"طرق المدينة","__assetName":"طرق المدينة","__geometryKind":"line","__featureIndex":713,"__length_m":282.1,"__typeValue":"تم التسليم"},"geometry":{"type":"LineString","coordinates":[[31.527720594029784,30.27150233190692],[31.525374076828353,30.270675813815096]]}},{"type":"Feature","properties":{"اسم_الحي":"حي 39","نوع_الطريق":"2","اسم_القطاع":"ABOR 20","موقف_التنفيذ":"تم التسليم","موقف_المتخلص":"3","ملاحظات":null,"Length":0.283013698630137,"Field":"رئيسي","SHAPE_Length":68.21366800733989,"__networkId":"roads","__networkName":"الطرق والقطاعات","__layerId":"roads_lines","__layerName":"طرق المدينة","__assetName":"طرق المدينة","__geometryKind":"line","__featureIndex":714,"__length_m":68.21,"__typeValue":"تم التسليم"},"geometry":{"type":"LineString","coordinates":[[31.512413426454216,30.26606948038057],[31.512763692159908,30.26650374299206]]}},{"type":"Feature","properties":{"اسم_الحي":"حي 16","نوع_الطريق":"3","اسم_القطاع":"ABOR 10","موقف_التنفيذ":"جاري العمل مكتبيا","موقف_المتخلص":"3","ملاحظات":null,"Length":0.1752358490566038,"Field":"ثانوي","SHAPE_Length":46.046580644395284,"__networkId":"roads","__networkName":"الطرق والقطاعات","__layerId":"roads_lines","__layerName":"طرق المدينة","__assetName":"طرق المدينة","__geometryKind":"line","__featureIndex":715,"__length_m":46.05,"__typeValue":"جاري العمل مكتبيا"},"geometry":{"type":"LineString","coordinates":[[31.56051766014986,30.253292374410186],[31.56010471269857,30.253271655216142]]}},{"type":"Feature","properties":{"اسم_الحي":"حي 16","نوع_الطريق":"3","اسم_القطاع":"ABOR 9","موقف_التنفيذ":"جاري العمل ميدانيا","موقف_المتخلص":"3","ملاحظات":null,"Length":0.1752358490566038,"Field":"ثانوي","SHAPE_Length":46.04661818565898,"__networkId":"roads","__networkName":"الطرق والقطاعات","__layerId":"roads_lines","__layerName":"طرق المدينة","__assetName":"طرق المدينة","__geometryKind":"line","__featureIndex":716,"__length_m":46.05,"__typeValue":"جاري العمل ميدانيا"},"geometry":{"type":"LineString","coordinates":[[31.569760015578076,30.253540677714657],[31.570172968419254,30.253561321582957]]}},{"type":"Feature","properties":{"اسم_الحي":"حي 15","نوع_الطريق":"3","اسم_القطاع":"ABOR 8","موقف_التنفيذ":"جاري العمل ميدانيا","موقف_المتخلص":"3","ملاحظات":"محتاج النظر فيها","Length":0.1752358490566038,"Field":"ثانوي","SHAPE_Length":46.27468583124634,"__networkId":"roads","__networkName":"الطرق والقطاعات","__layerId":"roads_lines","__layerName":"طرق المدينة","__assetName":"طرق المدينة","__geometryKind":"line","__featureIndex":717,"__length_m":46.27,"__typeValue":"جاري العمل ميدانيا"},"geometry":{"type":"LineString","coordinates":[[31.575123645933786,30.258345113789975],[31.57509999059742,30.258703590798554]]}},{"type":"Feature","properties":{"اسم_الحي":"حي 39","نوع_الطريق":"2","اسم_القطاع":"ABOR 19","موقف_التنفيذ":"تم التسليم","موقف_المتخلص":"3","ملاحظات":null,"Length":0.283013698630137,"Field":"رئيسي","SHAPE_Length":48.719268779014314,"__networkId":"roads","__networkName":"الطرق والقطاعات","__layerId":"roads_lines","__layerName":"طرق المدينة","__assetName":"طرق المدينة","__geometryKind":"line","__featureIndex":718,"__length_m":48.72,"__typeValue":"تم التسليم"},"geometry":{"type":"LineString","coordinates":[[31.51766285758111,30.261587656874593],[31.5177774862046,30.26122283725896]]}},{"type":"Feature","properties":{"اسم_الحي":"حي 39","نوع_الطريق":"2","اسم_القطاع":"ABOR 19","موقف_التنفيذ":"تم التسليم","موقف_المتخلص":"3","ملاحظات":null,"Length":0.283013698630137,"Field":"رئيسي","SHAPE_Length":62.694665458967386,"__networkId":"roads","__networkName":"الطرق والقطاعات","__layerId":"roads_lines","__layerName":"طرق المدينة","__assetName":"طرق المدينة","__geometryKind":"line","__featureIndex":719,"__length_m":62.69,"__typeValue":"تم التسليم"},"geometry":{"type":"LineString","coordinates":[[31.5177774862046,30.26122283725896],[31.51786930121317,30.260930624447806],[31.517918064257202,30.260864145968714],[31.517991745179675,30.260780741743105]]}},{"type":"Feature","properties":{"اسم_الحي":"حي 39","نوع_الطريق":"3","اسم_القطاع":"ABOR 13","موقف_التنفيذ":"تم التسليم","موقف_المتخلص":"3","ملاحظات":null,"Length":0.283013698630137,"Field":"ثانوي","SHAPE_Length":137.91904823691712,"__networkId":"roads","__networkName":"الطرق والقطاعات","__layerId":"roads_lines","__layerName":"طرق المدينة","__assetName":"طرق المدينة","__geometryKind":"line","__featureIndex":720,"__length_m":137.92,"__typeValue":"تم التسليم"},"geometry":{"type":"LineString","coordinates":[[31.523031798776753,30.278639206807316],[31.523166646680682,30.277575622241795]]}},{"type":"Feature","properties":{"اسم_الحي":"حي 15","نوع_الطريق":"3","اسم_القطاع":"ABOR 7","موقف_التنفيذ":"جاري العمل ميدانيا","موقف_المتخلص":"3","ملاحظات":null,"Length":0.1752358490566038,"Field":"ثانوي","SHAPE_Length":38.08334491537972,"__networkId":"roads","__networkName":"الطرق والقطاعات","__layerId":"roads_lines","__layerName":"طرق المدينة","__assetName":"طرق المدينة","__geometryKind":"line","__featureIndex":721,"__length_m":38.08,"__typeValue":"جاري العمل ميدانيا"},"geometry":{"type":"LineString","coordinates":[[31.578976725901562,30.251511523516726],[31.57900072798764,30.25180631578141]]}},{"type":"Feature","properties":{"اسم_الحي":"حي 15","نوع_الطريق":"2","اسم_القطاع":"ABOR 8","موقف_التنفيذ":"جاري العمل ميدانيا","موقف_المتخلص":"3","ملاحظات":null,"Length":0.1752358490566038,"Field":"رئيسي","SHAPE_Length":499.9220048020764,"__networkId":"roads","__networkName":"الطرق والقطاعات","__layerId":"roads_lines","__layerName":"طرق المدينة","__assetName":"طرق المدينة","__geometryKind":"line","__featureIndex":722,"__length_m":499.92,"__typeValue":"جاري العمل ميدانيا"},"geometry":{"type":"LineString","coordinates":[[31.572641529836847,30.25822108351455],[31.577124911825425,30.258445081548746]]}},{"type":"Feature","properties":{"اسم_الحي":"حي 39","نوع_الطريق":"2","اسم_القطاع":"ABOR 21","موقف_التنفيذ":"تم التسليم","موقف_المتخلص":"3","ملاحظات":null,"Length":0.283013698630137,"Field":"رئيسي","SHAPE_Length":287.6721485142222,"__networkId":"roads","__networkName":"الطرق والقطاعات","__layerId":"roads_lines","__layerName":"طرق المدينة","__assetName":"طرق المدينة","__geometryKind":"line","__featureIndex":723,"__length_m":287.67,"__typeValue":"تم التسليم"},"geometry":{"type":"LineString","coordinates":[[31.50380896650586,30.26877819804436],[31.503746887663432,30.26859886132522],[31.503720038510583,30.268508180868036],[31.503696009187564,30.268416912152386],[31.503656476875033,30.268232871899393],[31.503641002209005,30.268140232226195],[31.50361555653253,30.26791610254428],[31.503606860047643,30.26769102275097],[31.50361494879368,30.267465925538247],[31.5036397892501,30.267241743676884],[31.503681278484382,30.26701940615177],[31.50373924456856,30.266799834311342],[31.50381344730252,30.26658393804675]]}},{"type":"Feature","properties":{"اسم_الحي":"حي 39","نوع_الطريق":"2","اسم_القطاع":"ABOR 19","موقف_التنفيذ":"تم التسليم","موقف_المتخلص":"3","ملاحظات":null,"Length":0.283013698630137,"Field":"رئيسي","SHAPE_Length":88.05603894354586,"__networkId":"roads","__networkName":"الطرق والقطاعات","__layerId":"roads_lines","__layerName":"طرق المدينة","__assetName":"طرق المدينة","__geometryKind":"line","__featureIndex":724,"__length_m":88.06,"__typeValue":"تم التسليم"},"geometry":{"type":"LineString","coordinates":[[31.517086228101924,30.263981391134912],[31.517858108204738,30.263832003447423]]}},{"type":"Feature","properties":{"اسم_الحي":"حي 15","نوع_الطريق":"3","اسم_القطاع":"ABOR 7","موقف_التنفيذ":"جاري العمل ميدانيا","موقف_المتخلص":"3","ملاحظات":null,"Length":0.1752358490566038,"Field":"ثانوي","SHAPE_Length":125.54369783170209,"__networkId":"roads","__networkName":"الطرق والقطاعات","__layerId":"roads_lines","__layerName":"طرق المدينة","__assetName":"طرق المدينة","__geometryKind":"line","__featureIndex":725,"__length_m":125.54,"__typeValue":"جاري العمل ميدانيا"},"geometry":{"type":"LineString","coordinates":[[31.584397020188746,30.255814691209522],[31.584332723272293,30.25678725912989]]}},{"type":"Feature","properties":{"اسم_الحي":"حي 39","نوع_الطريق":"2","اسم_القطاع":"ABOR 18","موقف_التنفيذ":"تم التسليم","موقف_المتخلص":"3","ملاحظات":null,"Length":0.283013698630137,"Field":"رئيسي","SHAPE_Length":84.14230835728368,"__networkId":"roads","__networkName":"الطرق والقطاعات","__layerId":"roads_lines","__layerName":"طرق المدينة","__assetName":"طرق المدينة","__geometryKind":"line","__featureIndex":726,"__length_m":84.14,"__typeValue":"تم التسليم"},"geometry":{"type":"LineString","coordinates":[[31.527508826981325,30.26333231985165],[31.52678845987017,30.26353003460429]]}},{"type":"Feature","properties":{"اسم_الحي":"حي 39","نوع_الطريق":"2","اسم_القطاع":"ABOR 21","موقف_التنفيذ":"تم التسليم","موقف_المتخلص":"3","ملاحظات":null,"Length":0.283013698630137,"Field":"رئيسي","SHAPE_Length":78.6375063433165,"__networkId":"roads","__networkName":"الطرق والقطاعات","__layerId":"roads_lines","__layerName":"طرق المدينة","__assetName":"طرق المدينة","__geometryKind":"line","__featureIndex":727,"__length_m":78.64,"__typeValue":"تم التسليم"},"geometry":{"type":"LineString","coordinates":[[31.5065143489852,30.266640490099466],[31.50677892529426,30.266074776466873]]}},{"type":"Feature","properties":{"اسم_الحي":"حي 15","نوع_الطريق":"3","اسم_القطاع":"ABOR 7","موقف_التنفيذ":"جاري العمل ميدانيا","موقف_المتخلص":"3","ملاحظات":"محتاج النظر فيها","Length":0.1752358490566038,"Field":"ثانوي","SHAPE_Length":46.046135582377104,"__networkId":"roads","__networkName":"الطرق والقطاعات","__layerId":"roads_lines","__layerName":"طرق المدينة","__assetName":"طرق المدينة","__geometryKind":"line","__featureIndex":728,"__length_m":46.05,"__typeValue":"جاري العمل ميدانيا"},"geometry":{"type":"LineString","coordinates":[[31.585506553650696,30.252725586754586],[31.585093599911225,30.252705021084104]]}},{"type":"Feature","properties":{"اسم_الحي":"حي 37","نوع_الطريق":"1","اسم_القطاع":"ABOR 23","موقف_التنفيذ":"لم يتم العمل عليه","موقف_المتخلص":"3","ملاحظات":null,"Length":10.5,"Field":"رئيسي","SHAPE_Length":1509.1505488513026,"__networkId":"roads","__networkName":"الطرق والقطاعات","__layerId":"roads_lines","__layerName":"طرق المدينة","__assetName":"طرق المدينة","__geometryKind":"line","__featureIndex":729,"__length_m":1509.15,"__typeValue":"لم يتم العمل عليه"},"geometry":{"type":"LineString","coordinates":[[31.537091653783715,30.260491048560304],[31.53781256707057,30.260485448014627],[31.538409060890523,30.260493184718133],[31.539004439518006,30.260525611308676],[31.539597333923687,30.26058265320097],[31.540186380790185,30.260664179188677],[31.54077022564448,30.26077000174576],[31.541347525979504,30.26089987746558],[31.54191695433235,30.26105350761101],[31.542714085730264,30.261272895729615],[31.5435199539406,30.261467015762268],[31.544333485764838,30.261635609346463],[31.545153597800617,30.26177845209106],[31.5459791978794,30.261895353881766],[31.546809186527103,30.261986159130124],[31.547642458423834,30.262050746980712],[31.550427933795582,30.262320984544786]]}},{"type":"Feature","properties":{"اسم_الحي":"حي 13","نوع_الطريق":"1","اسم_القطاع":"ABOR 6","موقف_التنفيذ":"تم التسليم","موقف_المتخلص":"3","ملاحظات":null,"Length":0.283013698630137,"Field":"رئيسي","SHAPE_Length":1951.905025830597,"__networkId":"roads","__networkName":"الطرق والقطاعات","__layerId":"roads_lines","__layerName":"طرق المدينة","__assetName":"طرق المدينة","__geometryKind":"line","__featureIndex":730,"__length_m":1951.91,"__typeValue":"تم التسليم"},"geometry":{"type":"LineString","coordinates":[[31.549700158278267,30.29188941894038],[31.547206675798062,30.28969574547498],[31.546947426498622,30.28947548308245],[31.546679479710615,30.289263208213587],[31.54640315972587,30.289059176897208],[31.54611880520921,30.28886363740544],[31.54309482443457,30.286903433398415],[31.542878220856633,30.286760500340225],[31.542664526023604,30.28661430832757],[31.542453802817505,30.286464901561207],[31.542246117713688,30.286312325017686],[31.542041532695958,30.286156625224784],[31.5418401106463,30.285997851813296],[31.54164191354857,30.285836050535316],[31.54144699979315,30.285671271021688],[31.541255432262194,30.285503565230293],[31.54106726575288,30.285332981240707],[31.54088255865572,30.28515957566526],[31.540701366666305,30.28498339813524],[31.540523746378444,30.28480450138468],[31.540296854395557,30.284566444550677],[31.5372664785144,30.281311852042233]]}},{"type":"Feature","properties":{"اسم_الحي":"حي 39","نوع_الطريق":"3","اسم_القطاع":"ABOR 13","موقف_التنفيذ":"تم التسليم","موقف_المتخلص":"3","ملاحظات":null,"Length":0.283013698630137,"Field":"ثانوي","SHAPE_Length":121.35048304931331,"__networkId":"roads","__networkName":"الطرق والقطاعات","__layerId":"roads_lines","__layerName":"طرق المدينة","__assetName":"طرق المدينة","__geometryKind":"line","__featureIndex":731,"__length_m":121.35,"__typeValue":"تم التسليم"},"geometry":{"type":"LineString","coordinates":[[31.522583176530595,30.275096659781525],[31.52217225747525,30.27596864393043]]}},{"type":"Feature","properties":{"اسم_الحي":"حي 39","نوع_الطريق":"2","اسم_القطاع":"ABOR 12","موقف_التنفيذ":"تم التسليم","موقف_المتخلص":"3","ملاحظات":null,"Length":0.283013698630137,"Field":"رئيسي","SHAPE_Length":254.98271815140754,"__networkId":"roads","__networkName":"الطرق والقطاعات","__layerId":"roads_lines","__layerName":"طرق المدينة","__assetName":"طرق المدينة","__geometryKind":"line","__featureIndex":732,"__length_m":254.98,"__typeValue":"تم التسليم"},"geometry":{"type":"LineString","coordinates":[[31.535479651260857,30.2781222266639],[31.53549702109768,30.27816938580693],[31.53550219225047,30.278202106700956],[31.535502107625625,30.278235130838873],[31.535496768826235,30.278267831624465],[31.53548627715175,30.2782995885993],[31.535461339300294,30.278344144054564],[31.535426339955652,30.278383328719983],[31.53538277032557,30.278415473072407],[31.535332486770166,30.27843920755425],[31.53529628334408,30.278449842854357],[31.535258731028524,30.278456080900476],[31.53520143568492,30.27845695760702],[31.535050038447192,30.278441664242465],[31.534918406136903,30.27842352366608],[31.53478778081239,30.27840058824885],[31.53465839655842,30.278372899087504],[31.53453048523449,30.27834050579781],[31.53440427606358,30.278303466426703],[31.534279995216362,30.278261847341955],[31.53424456070904,30.278248117060976],[31.534211518189775,30.278230491028324],[31.53418143878344,30.278209273900952],[31.53415484240213,30.278184832405206],[31.534132188752253,30.27815758900069],[31.53411386939398,30.2781280145778],[31.534106437110214,30.27811251164032],[31.534103830209272,30.27808401861356],[31.534108463709497,30.2780461510915],[31.53428526114055,30.277703617893074]]}},{"type":"Feature","properties":{"اسم_الحي":"حي 14","نوع_الطريق":"2","اسم_القطاع":"ABOR 3","موقف_التنفيذ":"تم التسليم","موقف_المتخلص":"2","ملاحظات":null,"Length":0.283013698630137,"Field":"رئيسي","SHAPE_Length":327.604752689614,"__networkId":"roads","__networkName":"الطرق والقطاعات","__layerId":"roads_lines","__layerName":"طرق المدينة","__assetName":"طرق المدينة","__geometryKind":"line","__featureIndex":733,"__length_m":327.6,"__typeValue":"تم التسليم"},"geometry":{"type":"LineString","coordinates":[[31.556707638230257,30.276387406725636],[31.55868171391489,30.27450247170835]]}},{"type":"Feature","properties":{"اسم_الحي":"حي 16","نوع_الطريق":"3","اسم_القطاع":"ABOR 10","موقف_التنفيذ":"جاري العمل مكتبيا","موقف_المتخلص":"3","ملاحظات":null,"Length":0.1752358490566038,"Field":"ثانوي","SHAPE_Length":48.59209925018142,"__networkId":"roads","__networkName":"الطرق والقطاعات","__layerId":"roads_lines","__layerName":"طرق المدينة","__assetName":"طرق المدينة","__geometryKind":"line","__featureIndex":734,"__length_m":48.59,"__typeValue":"جاري العمل مكتبيا"},"geometry":{"type":"LineString","coordinates":[[31.565880688634305,30.251939047476125],[31.56590556927275,30.25156259416044]]}},{"type":"Feature","properties":{"اسم_الحي":"حي 39","نوع_الطريق":"2","اسم_القطاع":"ABOR 20","موقف_التنفيذ":"تم التسليم","موقف_المتخلص":"3","ملاحظات":null,"Length":0.283013698630137,"Field":"رئيسي","SHAPE_Length":76.22177387106697,"__networkId":"roads","__networkName":"الطرق والقطاعات","__layerId":"roads_lines","__layerName":"طرق المدينة","__assetName":"طرق المدينة","__geometryKind":"line","__featureIndex":735,"__length_m":76.22,"__typeValue":"تم التسليم"},"geometry":{"type":"LineString","coordinates":[[31.50998916725148,30.260303668311867],[31.51023987716581,30.259753321727548]]}},{"type":"Feature","properties":{"اسم_الحي":"حي 15","نوع_الطريق":"3","اسم_القطاع":"ABOR 7","موقف_التنفيذ":"جاري العمل ميدانيا","موقف_المتخلص":"3","ملاحظات":null,"Length":0.1752358490566038,"Field":"ثانوي","SHAPE_Length":46.27101449292627,"__networkId":"roads","__networkName":"الطرق والقطاعات","__layerId":"roads_lines","__layerName":"طرق المدينة","__assetName":"طرق المدينة","__geometryKind":"line","__featureIndex":736,"__length_m":46.27,"__typeValue":"جاري العمل ميدانيا"},"geometry":{"type":"LineString","coordinates":[[31.588065417313917,30.25212270811556],[31.5880844660895,30.25176403094104]]}},{"type":"Feature","properties":{"اسم_الحي":"حي 15","نوع_الطريق":"3","اسم_القطاع":"ABOR 7","موقف_التنفيذ":"جاري العمل ميدانيا","موقف_المتخلص":"3","ملاحظات":null,"Length":0.1752358490566038,"Field":"ثانوي","SHAPE_Length":45.9429689413271,"__networkId":"roads","__networkName":"الطرق والقطاعات","__layerId":"roads_lines","__layerName":"طرق المدينة","__assetName":"طرق المدينة","__geometryKind":"line","__featureIndex":737,"__length_m":45.94,"__typeValue":"جاري العمل ميدانيا"},"geometry":{"type":"LineString","coordinates":[[31.588876459471557,30.257046501351795],[31.5892666355287,30.257162692236506]]}},{"type":"Feature","properties":{"اسم_الحي":"حي 15","نوع_الطريق":"3","اسم_القطاع":"ABOR 8","موقف_التنفيذ":"جاري العمل ميدانيا","موقف_المتخلص":"3","ملاحظات":null,"Length":0.1752358490566038,"Field":"ثانوي","SHAPE_Length":40.42072340979871,"__networkId":"roads","__networkName":"الطرق والقطاعات","__layerId":"roads_lines","__layerName":"طرق المدينة","__assetName":"طرق المدينة","__geometryKind":"line","__featureIndex":738,"__length_m":40.42,"__typeValue":"جاري العمل ميدانيا"},"geometry":{"type":"LineString","coordinates":[[31.576883516542264,30.2543048812789],[31.57686423600133,30.254618088008904]]}},{"type":"Feature","properties":{"اسم_الحي":"حي 15","نوع_الطريق":"3","اسم_القطاع":"ABOR 7","موقف_التنفيذ":"جاري العمل ميدانيا","موقف_المتخلص":"3","ملاحظات":null,"Length":0.1752358490566038,"Field":"ثانوي","SHAPE_Length":46.85923510802362,"__networkId":"roads","__networkName":"الطرق والقطاعات","__layerId":"roads_lines","__layerName":"طرق المدينة","__assetName":"طرق المدينة","__geometryKind":"line","__featureIndex":739,"__length_m":46.86,"__typeValue":"جاري العمل ميدانيا"},"geometry":{"type":"LineString","coordinates":[[31.580307008666484,30.256708976534963],[31.58033096314185,30.256345963822493]]}},{"type":"Feature","properties":{"اسم_الحي":"حي 15","نوع_الطريق":"3","اسم_القطاع":"ABOR 8","موقف_التنفيذ":"جاري العمل ميدانيا","موقف_المتخلص":"3","ملاحظات":null,"Length":0.1752358490566038,"Field":"ثانوي","SHAPE_Length":70.21737292561845,"__networkId":"roads","__networkName":"الطرق والقطاعات","__layerId":"roads_lines","__layerName":"طرق المدينة","__assetName":"طرق المدينة","__geometryKind":"line","__featureIndex":740,"__length_m":70.22,"__typeValue":"جاري العمل ميدانيا"},"geometry":{"type":"LineString","coordinates":[[31.573954137350217,30.2559075631537],[31.573918118500597,30.25645152430486]]}},{"type":"Feature","properties":{"اسم_الحي":"حي 16","نوع_الطريق":"2","اسم_القطاع":"ABOR 10","موقف_التنفيذ":"جاري العمل مكتبيا","موقف_المتخلص":"3","ملاحظات":null,"Length":0.1752358490566038,"Field":"رئيسي","SHAPE_Length":233.73181165513293,"__networkId":"roads","__networkName":"الطرق والقطاعات","__layerId":"roads_lines","__layerName":"طرق المدينة","__assetName":"طرق المدينة","__geometryKind":"line","__featureIndex":741,"__length_m":233.73,"__typeValue":"جاري العمل مكتبيا"},"geometry":{"type":"LineString","coordinates":[[31.56498065127979,30.253710733429365],[31.56510092850983,30.251900012503977]]}},{"type":"Feature","properties":{"اسم_الحي":"حي 16","نوع_الطريق":"3","اسم_القطاع":"ABOR 10","موقف_التنفيذ":"جاري العمل مكتبيا","موقف_المتخلص":"3","ملاحظات":null,"Length":0.1752358490566038,"Field":"ثانوي","SHAPE_Length":75.40052905301155,"__networkId":"roads","__networkName":"الطرق والقطاعات","__layerId":"roads_lines","__layerName":"طرق المدينة","__assetName":"طرق المدينة","__geometryKind":"line","__featureIndex":742,"__length_m":75.4,"__typeValue":"جاري العمل مكتبيا"},"geometry":{"type":"LineString","coordinates":[[31.559400796435195,30.25050908817742],[31.559361962265474,30.25109322652262]]}},{"type":"Feature","properties":{"اسم_الحي":"حي 16","نوع_الطريق":"2","اسم_القطاع":"ABOR 9","موقف_التنفيذ":"جاري العمل ميدانيا","موقف_المتخلص":"3","ملاحظات":null,"Length":0.1752358490566038,"Field":"رئيسي","SHAPE_Length":576.4694845035966,"__networkId":"roads","__networkName":"الطرق والقطاعات","__layerId":"roads_lines","__layerName":"طرق المدينة","__assetName":"طرق المدينة","__geometryKind":"line","__featureIndex":743,"__length_m":576.47,"__typeValue":"جاري العمل ميدانيا"},"geometry":{"type":"LineString","coordinates":[[31.571812958853084,30.251944615917896],[31.566642986408016,30.251687803026552]]}},{"type":"Feature","properties":{"اسم_الحي":"حي 15","نوع_الطريق":"3","اسم_القطاع":"ABOR 7","موقف_التنفيذ":"جاري العمل ميدانيا","موقف_المتخلص":"3","ملاحظات":null,"Length":0.1752358490566038,"Field":"ثانوي","SHAPE_Length":33.45231176434857,"__networkId":"roads","__networkName":"الطرق والقطاعات","__layerId":"roads_lines","__layerName":"طرق المدينة","__assetName":"طرق المدينة","__geometryKind":"line","__featureIndex":744,"__length_m":33.45,"__typeValue":"جاري العمل ميدانيا"},"geometry":{"type":"LineString","coordinates":[[31.57957615192772,30.253946023512288],[31.57959476232546,30.253686943044237]]}},{"type":"Feature","properties":{"اسم_الحي":"حي 13","نوع_الطريق":"1","اسم_القطاع":"ABOR 5","موقف_التنفيذ":"تم التسليم","موقف_المتخلص":"3","ملاحظات":null,"Length":0.283013698630137,"Field":"رئيسي","SHAPE_Length":1168.2100056861946,"__networkId":"roads","__networkName":"الطرق والقطاعات","__layerId":"roads_lines","__layerName":"طرق المدينة","__assetName":"طرق المدينة","__geometryKind":"line","__featureIndex":745,"__length_m":1168.21,"__typeValue":"تم التسليم"},"geometry":{"type":"LineString","coordinates":[[31.558331132900552,30.281152350894015],[31.550551383875202,30.275070094115435]]}},{"type":"Feature","properties":{"اسم_الحي":"حي 39","نوع_الطريق":"2","اسم_القطاع":"ABOR 22","موقف_التنفيذ":"تم التسليم","موقف_المتخلص":"3","ملاحظات":null,"Length":0.283013698630137,"Field":"رئيسي","SHAPE_Length":83.01363711101096,"__networkId":"roads","__networkName":"الطرق والقطاعات","__layerId":"roads_lines","__layerName":"طرق المدينة","__assetName":"طرق المدينة","__geometryKind":"line","__featureIndex":746,"__length_m":83.01,"__typeValue":"تم التسليم"},"geometry":{"type":"LineString","coordinates":[[31.496102540668964,30.272570846668437],[31.495890831112686,30.271953308873606]]}},{"type":"Feature","properties":{"اسم_الحي":"حي 15","نوع_الطريق":"3","اسم_القطاع":"ABOR 7","موقف_التنفيذ":"جاري العمل ميدانيا","موقف_المتخلص":"3","ملاحظات":null,"Length":0.1752358490566038,"Field":"ثانوي","SHAPE_Length":125.93129991928038,"__networkId":"roads","__networkName":"الطرق والقطاعات","__layerId":"roads_lines","__layerName":"طرق المدينة","__assetName":"طرق المدينة","__geometryKind":"line","__featureIndex":747,"__length_m":125.93,"__typeValue":"جاري العمل ميدانيا"},"geometry":{"type":"LineString","coordinates":[[31.582239596557997,30.25570718395627],[31.58221816545028,30.25668416961358]]}},{"type":"Feature","properties":{"اسم_الحي":"حي 39","نوع_الطريق":"2","اسم_القطاع":"ABOR 20","موقف_التنفيذ":"تم التسليم","موقف_المتخلص":"3","ملاحظات":null,"Length":0.283013698630137,"Field":"رئيسي","SHAPE_Length":119.27388628878636,"__networkId":"roads","__networkName":"الطرق والقطاعات","__layerId":"roads_lines","__layerName":"طرق المدينة","__assetName":"طرق المدينة","__geometryKind":"line","__featureIndex":748,"__length_m":119.27,"__typeValue":"تم التسليم"},"geometry":{"type":"LineString","coordinates":[[31.50804473327627,30.258027911249354],[31.50881736976057,30.257386712858995]]}},{"type":"Feature","properties":{"اسم_الحي":"حي 39","نوع_الطريق":"3","اسم_القطاع":"ABOR 13","موقف_التنفيذ":"تم التسليم","موقف_المتخلص":"3","ملاحظات":null,"Length":0.283013698630137,"Field":"ثانوي","SHAPE_Length":138.63688215846534,"__networkId":"roads","__networkName":"الطرق والقطاعات","__layerId":"roads_lines","__layerName":"طرق المدينة","__assetName":"طرق المدينة","__geometryKind":"line","__featureIndex":749,"__length_m":138.64,"__typeValue":"تم التسليم"},"geometry":{"type":"LineString","coordinates":[[31.525547109420067,30.274615873099872],[31.525021837523976,30.275591070162356]]}},{"type":"Feature","properties":{"اسم_الحي":"حي 39","نوع_الطريق":"2","اسم_القطاع":"ABOR 17","موقف_التنفيذ":"تم التسليم","موقف_المتخلص":"3","ملاحظات":null,"Length":0.283013698630137,"Field":"رئيسي","SHAPE_Length":222.53302919491952,"__networkId":"roads","__networkName":"الطرق والقطاعات","__layerId":"roads_lines","__layerName":"طرق المدينة","__assetName":"طرق المدينة","__geometryKind":"line","__featureIndex":750,"__length_m":222.53,"__typeValue":"تم التسليم"},"geometry":{"type":"LineString","coordinates":[[31.524107858316263,30.27181048049747],[31.52426121241336,30.27143627954711],[31.52430375339329,30.27140013592709],[31.524348967579378,30.27136649984043],[31.52439665721252,30.271335518410744],[31.52444661370441,30.271307327147703],[31.524498618553654,30.27128204935925],[31.524552444297797,30.271259795609073],[31.52460785551025,30.271240663233332],[31.524664609830534,30.271224735916142],[31.524722459023327,30.271212083323245],[31.524781150064364,30.271202760796754],[31.524840426247707,30.27119680911288],[31.524900028308036,30.27119425430429],[31.524959695553616,30.271195107544006],[31.525019167008924,30.271199365103385],[31.525078182553546,30.271207008356267],[31.52567580206768,30.271414571897704]]}},{"type":"Feature","properties":{"اسم_الحي":"حي 15","نوع_الطريق":"3","اسم_القطاع":"ABOR 7","موقف_التنفيذ":"جاري العمل ميدانيا","موقف_المتخلص":"3","ملاحظات":null,"Length":0.1752358490566038,"Field":"ثانوي","SHAPE_Length":42.79978548216992,"__networkId":"roads","__networkName":"الطرق والقطاعات","__layerId":"roads_lines","__layerName":"طرق المدينة","__assetName":"طرق المدينة","__geometryKind":"line","__featureIndex":751,"__length_m":42.8,"__typeValue":"جاري العمل ميدانيا"},"geometry":{"type":"LineString","coordinates":[[31.588279778696897,30.258985166864573],[31.58825783195621,30.259316719338926]]}},{"type":"Feature","properties":{"اسم_الحي":"حي 39","نوع_الطريق":"2","اسم_القطاع":"ABOR 19","موقف_التنفيذ":"تم التسليم","موقف_المتخلص":"3","ملاحظات":null,"Length":0.283013698630137,"Field":"رئيسي","SHAPE_Length":64.64498180174523,"__networkId":"roads","__networkName":"الطرق والقطاعات","__layerId":"roads_lines","__layerName":"طرق المدينة","__assetName":"طرق المدينة","__geometryKind":"line","__featureIndex":752,"__length_m":64.64,"__typeValue":"تم التسليم"},"geometry":{"type":"LineString","coordinates":[[31.52070662374986,30.2612232259889],[31.520488524476967,30.26091608000839],[31.520465366429935,30.260859044248384],[31.52045755666297,30.260819279451468],[31.520456033311476,30.260778968009436]]}},{"type":"Feature","properties":{"اسم_الحي":"حي 16","نوع_الطريق":"3","اسم_القطاع":"ABOR 10","موقف_التنفيذ":"جاري العمل مكتبيا","موقف_المتخلص":"3","ملاحظات":null,"Length":0.1752358490566038,"Field":"ثانوي","SHAPE_Length":50.32296134396063,"__networkId":"roads","__networkName":"الطرق والقطاعات","__layerId":"roads_lines","__layerName":"طرق المدينة","__assetName":"طرق المدينة","__geometryKind":"line","__featureIndex":753,"__length_m":50.32,"__typeValue":"جاري العمل مكتبيا"},"geometry":{"type":"LineString","coordinates":[[31.564292451940627,30.251859533413935],[31.56431822640275,30.2514696707731]]}},{"type":"Feature","properties":{"اسم_الحي":"حي 15","نوع_الطريق":"3","اسم_القطاع":"ABOR 8","موقف_التنفيذ":"جاري العمل ميدانيا","موقف_المتخلص":"3","ملاحظات":null,"Length":0.1752358490566038,"Field":"ثانوي","SHAPE_Length":46.85420282543565,"__networkId":"roads","__networkName":"الطرق والقطاعات","__layerId":"roads_lines","__layerName":"طرق المدينة","__assetName":"طرق المدينة","__geometryKind":"line","__featureIndex":754,"__length_m":46.85,"__typeValue":"جاري العمل ميدانيا"},"geometry":{"type":"LineString","coordinates":[[31.575170994335767,30.25301085729351],[31.57519500540501,30.25264787281673]]}},{"type":"Feature","properties":{"اسم_الحي":"حي 15","نوع_الطريق":"3","اسم_القطاع":"ABOR 8","موقف_التنفيذ":"جاري العمل ميدانيا","موقف_المتخلص":"3","ملاحظات":null,"Length":0.1752358490566038,"Field":"ثانوي","SHAPE_Length":46.27257537965354,"__networkId":"roads","__networkName":"الطرق والقطاعات","__layerId":"roads_lines","__layerName":"طرق المدينة","__assetName":"طرق المدينة","__geometryKind":"line","__featureIndex":755,"__length_m":46.27,"__typeValue":"جاري العمل ميدانيا"},"geometry":{"type":"LineString","coordinates":[[31.57108567291758,30.257077483894086],[31.57106187834233,30.25743594225128]]}},{"type":"Feature","properties":{"اسم_الحي":"حي 39","نوع_الطريق":"2","اسم_القطاع":"ABOR 17","موقف_التنفيذ":"تم التسليم","موقف_المتخلص":"3","ملاحظات":null,"Length":0.283013698630137,"Field":"رئيسي","SHAPE_Length":89.48585268229705,"__networkId":"roads","__networkName":"الطرق والقطاعات","__layerId":"roads_lines","__layerName":"طرق المدينة","__assetName":"طرق المدينة","__geometryKind":"line","__featureIndex":756,"__length_m":89.49,"__typeValue":"تم التسليم"},"geometry":{"type":"LineString","coordinates":[[31.520544091565522,30.272060175355623],[31.520836908212132,30.271413619181597]]}},{"type":"Feature","properties":{"اسم_الحي":"حي 39","نوع_الطريق":"3","اسم_القطاع":"ABOR 16","موقف_التنفيذ":"تم التسليم","موقف_المتخلص":"3","ملاحظات":null,"Length":0.283013698630137,"Field":"ثانوي","SHAPE_Length":166.07043764224954,"__networkId":"roads","__networkName":"الطرق والقطاعات","__layerId":"roads_lines","__layerName":"طرق المدينة","__assetName":"طرق المدينة","__geometryKind":"line","__featureIndex":757,"__length_m":166.07,"__typeValue":"تم التسليم"},"geometry":{"type":"LineString","coordinates":[[31.53277570698431,30.27400605581352],[31.531388172789704,30.273532772861618]]}},{"type":"Feature","properties":{"اسم_الحي":"حي 39","نوع_الطريق":"3","اسم_القطاع":"ABOR 13","موقف_التنفيذ":"تم التسليم","موقف_المتخلص":"3","ملاحظات":null,"Length":0.283013698630137,"Field":"ثانوي","SHAPE_Length":120.01522905121203,"__networkId":"roads","__networkName":"الطرق والقطاعات","__layerId":"roads_lines","__layerName":"طرق المدينة","__assetName":"طرق المدينة","__geometryKind":"line","__featureIndex":758,"__length_m":120.02,"__typeValue":"تم التسليم"},"geometry":{"type":"LineString","coordinates":[[31.52374425173028,30.275504733513873],[31.523309786933016,30.27635685308096]]}},{"type":"Feature","properties":{"اسم_الحي":"حي 16","نوع_الطريق":"3","اسم_القطاع":"ABOR 9","موقف_التنفيذ":"جاري العمل ميدانيا","موقف_المتخلص":"3","ملاحظات":null,"Length":0.1752358490566038,"Field":"ثانوي","SHAPE_Length":46.04492410069821,"__networkId":"roads","__networkName":"الطرق والقطاعات","__layerId":"roads_lines","__layerName":"طرق المدينة","__assetName":"طرق المدينة","__geometryKind":"line","__featureIndex":759,"__length_m":46.04,"__typeValue":"جاري العمل ميدانيا"},"geometry":{"type":"LineString","coordinates":[[31.56817403994396,30.25338342133008],[31.56858698200534,30.253403998498055]]}},{"type":"Feature","properties":{"اسم_الحي":"حي 39","نوع_الطريق":"1","اسم_القطاع":"ABOR 14","موقف_التنفيذ":"تم التسليم","موقف_المتخلص":"3","ملاحظات":null,"Length":0.283013698630137,"Field":"رئيسي","SHAPE_Length":839.6193105677617,"__networkId":"roads","__networkName":"الطرق والقطاعات","__layerId":"roads_lines","__layerName":"طرق المدينة","__assetName":"طرق المدينة","__geometryKind":"line","__featureIndex":760,"__length_m":839.62,"__typeValue":"تم التسليم"},"geometry":{"type":"LineString","coordinates":[[31.516346632552064,30.27139935248962],[31.51512197639322,30.27410309447576],[31.514564443300337,30.277681388755447]]}},{"type":"Feature","properties":{"اسم_الحي":"حي 15","نوع_الطريق":"3","اسم_القطاع":"ABOR 8","موقف_التنفيذ":"جاري العمل ميدانيا","موقف_المتخلص":"3","ملاحظات":null,"Length":0.1752358490566038,"Field":"ثانوي","SHAPE_Length":40.4093336517482,"__networkId":"roads","__networkName":"الطرق والقطاعات","__layerId":"roads_lines","__layerName":"طرق المدينة","__assetName":"طرق المدينة","__geometryKind":"line","__featureIndex":761,"__length_m":40.41,"__typeValue":"جاري العمل ميدانيا"},"geometry":{"type":"LineString","coordinates":[[31.576104237914763,30.255417371830323],[31.576126349047183,30.255104395780045]]}},{"type":"Feature","properties":{"اسم_الحي":"حي 13","نوع_الطريق":"1","اسم_القطاع":"ABOR 6","موقف_التنفيذ":"تم التسليم","موقف_المتخلص":"3","ملاحظات":null,"Length":0.283013698630137,"Field":"رئيسي","SHAPE_Length":668.826247342478,"__networkId":"roads","__networkName":"الطرق والقطاعات","__layerId":"roads_lines","__layerName":"طرق المدينة","__assetName":"طرق المدينة","__geometryKind":"line","__featureIndex":762,"__length_m":668.83,"__typeValue":"تم التسليم"},"geometry":{"type":"LineString","coordinates":[[31.55385042339994,30.281255132346875],[31.55770987601633,30.284272267272044],[31.557745266151258,30.284327310250042],[31.557775971622327,30.284384412071137],[31.55780183281885,30.284443275908497],[31.557822715308507,30.284503595770136],[31.557838510539874,30.284565058102267],[31.557849136407878,30.28462734340996],[31.55785453767571,30.28469012792127],[31.557854686268218,30.284753085268395],[31.55784958141117,30.2848158881888],[31.557839249641923,30.284878210222477],[31.55782374466514,30.284939727406677]]}},{"type":"Feature","properties":{"اسم_الحي":"حي 39","نوع_الطريق":"2","اسم_القطاع":"ABOR 17","موقف_التنفيذ":"تم التسليم","موقف_المتخلص":"3","ملاحظات":"remove","Length":0.283013698630137,"Field":"رئيسي","SHAPE_Length":84.21979017308391,"__networkId":"roads","__networkName":"الطرق والقطاعات","__layerId":"roads_lines","__layerName":"طرق المدينة","__assetName":"طرق المدينة","__geometryKind":"line","__featureIndex":763,"__length_m":84.22,"__typeValue":"تم التسليم"},"geometry":{"type":"LineString","coordinates":[[31.52550478978704,30.26986461237516],[31.52525969793649,30.269246436879804]]}},{"type":"Feature","properties":{"اسم_الحي":"حي 15","نوع_الطريق":"2","اسم_القطاع":"ABOR 8","موقف_التنفيذ":"جاري العمل ميدانيا","موقف_المتخلص":"3","ملاحظات":null,"Length":0.1752358490566038,"Field":"رئيسي","SHAPE_Length":711.2515391647974,"__networkId":"roads","__networkName":"الطرق والقطاعات","__layerId":"roads_lines","__layerName":"طرق المدينة","__assetName":"طرق المدينة","__geometryKind":"line","__featureIndex":764,"__length_m":711.25,"__typeValue":"جاري العمل ميدانيا"},"geometry":{"type":"LineString","coordinates":[[31.57101894875321,30.25401221256844],[31.57739759453159,30.25433052373674]]}},{"type":"Feature","properties":{"اسم_الحي":"حي 15","نوع_الطريق":"2","اسم_القطاع":"ABOR 7","موقف_التنفيذ":"جاري العمل ميدانيا","موقف_المتخلص":"3","ملاحظات":null,"Length":0.1752358490566038,"Field":"رئيسي","SHAPE_Length":318.5884608975059,"__networkId":"roads","__networkName":"الطرق والقطاعات","__layerId":"roads_lines","__layerName":"طرق المدينة","__assetName":"طرق المدينة","__geometryKind":"line","__featureIndex":765,"__length_m":318.59,"__typeValue":"جاري العمل ميدانيا"},"geometry":{"type":"LineString","coordinates":[[31.58196141975555,30.25288422464971],[31.582094700099304,30.25041471268611]]}},{"type":"Feature","properties":{"اسم_الحي":"حي 15","نوع_الطريق":"3","اسم_القطاع":"ABOR 8","موقف_التنفيذ":"جاري العمل ميدانيا","موقف_المتخلص":"3","ملاحظات":null,"Length":0.1752358490566038,"Field":"ثانوي","SHAPE_Length":45.087570496186075,"__networkId":"roads","__networkName":"الطرق والقطاعات","__layerId":"roads_lines","__layerName":"طرق المدينة","__assetName":"طرق المدينة","__geometryKind":"line","__featureIndex":766,"__length_m":45.09,"__typeValue":"جاري العمل ميدانيا"},"geometry":{"type":"LineString","coordinates":[[31.573180160579515,30.252911440376998],[31.57320327333347,30.252562142205523]]}},{"type":"Feature","properties":{"اسم_الحي":"حي 39","نوع_الطريق":"2","اسم_القطاع":"ABOR 19","موقف_التنفيذ":"تم التسليم","موقف_المتخلص":"3","ملاحظات":null,"Length":0.283013698630137,"Field":"رئيسي","SHAPE_Length":243.05925917062865,"__networkId":"roads","__networkName":"الطرق والقطاعات","__layerId":"roads_lines","__layerName":"طرق المدينة","__assetName":"طرق المدينة","__geometryKind":"line","__featureIndex":767,"__length_m":243.06,"__typeValue":"تم التسليم"},"geometry":{"type":"LineString","coordinates":[[31.5177774862046,30.26122283725896],[31.518559633152837,30.26157357574793],[31.519799570552973,30.261917099418902]]}},{"type":"Feature","properties":{"اسم_الحي":"حي 39","نوع_الطريق":"3","اسم_القطاع":"ABOR 16","موقف_التنفيذ":"تم التسليم","موقف_المتخلص":"3","ملاحظات":null,"Length":0.283013698630137,"Field":"ثانوي","SHAPE_Length":85.21320063011756,"__networkId":"roads","__networkName":"الطرق والقطاعات","__layerId":"roads_lines","__layerName":"طرق المدينة","__assetName":"طرق المدينة","__geometryKind":"line","__featureIndex":768,"__length_m":85.21,"__typeValue":"تم التسليم"},"geometry":{"type":"LineString","coordinates":[[31.53442342292957,30.265065521602555],[31.53516146798724,30.264890093965096]]}},{"type":"Feature","properties":{"اسم_الحي":"حي 39","نوع_الطريق":"2","اسم_القطاع":"ABOR 20","موقف_التنفيذ":"تم التسليم","موقف_المتخلص":"3","ملاحظات":null,"Length":0.283013698630137,"Field":"رئيسي","SHAPE_Length":177.7760264363599,"__networkId":"roads","__networkName":"الطرق والقطاعات","__layerId":"roads_lines","__layerName":"طرق المدينة","__assetName":"طرق المدينة","__geometryKind":"line","__featureIndex":769,"__length_m":177.78,"__typeValue":"تم التسليم"},"geometry":{"type":"LineString","coordinates":[[31.508987973307736,30.264560497684027],[31.508594177938324,30.264458965764437],[31.50747014566772,30.26413212165207]]}},{"type":"Feature","properties":{"اسم_الحي":"حي 39","نوع_الطريق":"2","اسم_القطاع":"ABOR 20","موقف_التنفيذ":"تم التسليم","موقف_المتخلص":"3","ملاحظات":null,"Length":0.283013698630137,"Field":"رئيسي","SHAPE_Length":404.00884520877025,"__networkId":"roads","__networkName":"الطرق والقطاعات","__layerId":"roads_lines","__layerName":"طرق المدينة","__assetName":"طرق المدينة","__geometryKind":"line","__featureIndex":770,"__length_m":404.01,"__typeValue":"تم التسليم"},"geometry":{"type":"LineString","coordinates":[[31.514039085165983,30.26147785693116],[31.51289487044589,30.264452671806133]]}},{"type":"Feature","properties":{"اسم_الحي":"حي 16","نوع_الطريق":"3","اسم_القطاع":"ABOR 9","موقف_التنفيذ":"جاري العمل ميدانيا","موقف_المتخلص":"3","ملاحظات":null,"Length":0.1752358490566038,"Field":"ثانوي","SHAPE_Length":71.92764453660662,"__networkId":"roads","__networkName":"الطرق والقطاعات","__layerId":"roads_lines","__layerName":"طرق المدينة","__assetName":"طرق المدينة","__geometryKind":"line","__featureIndex":771,"__length_m":71.93,"__typeValue":"جاري العمل ميدانيا"},"geometry":{"type":"LineString","coordinates":[[31.567575825745116,30.258426815380684],[31.56822086642479,30.258459313654434]]}},{"type":"Feature","properties":{"اسم_الحي":"حي 39","نوع_الطريق":"2","اسم_القطاع":"ABOR 22","موقف_التنفيذ":"تم التسليم","موقف_المتخلص":"3","ملاحظات":null,"Length":0.283013698630137,"Field":"رئيسي","SHAPE_Length":159.1183743516099,"__networkId":"roads","__networkName":"الطرق والقطاعات","__layerId":"roads_lines","__layerName":"طرق المدينة","__assetName":"طرق المدينة","__geometryKind":"line","__featureIndex":772,"__length_m":159.12,"__typeValue":"تم التسليم"},"geometry":{"type":"LineString","coordinates":[[31.492965265269017,30.272100522763864],[31.493157334059926,30.27266107119229],[31.49337787764869,30.273282424636104]]}},{"type":"Feature","properties":{"اسم_الحي":"حي 15","نوع_الطريق":"3","اسم_القطاع":"ABOR 8","موقف_التنفيذ":"جاري العمل ميدانيا","موقف_المتخلص":"3","ملاحظات":null,"Length":0.1752358490566038,"Field":"ثانوي","SHAPE_Length":80.7219342693273,"__networkId":"roads","__networkName":"الطرق والقطاعات","__layerId":"roads_lines","__layerName":"طرق المدينة","__assetName":"طرق المدينة","__geometryKind":"line","__featureIndex":773,"__length_m":80.72,"__typeValue":"جاري العمل ميدانيا"},"geometry":{"type":"LineString","coordinates":[[31.571516083617983,30.25677595907102],[31.57223978707212,30.256815331192612]]}},{"type":"Feature","properties":{"اسم_الحي":"حي 15","نوع_الطريق":"3","اسم_القطاع":"ABOR 7","موقف_التنفيذ":"جاري العمل ميدانيا","موقف_المتخلص":"3","ملاحظات":null,"Length":0.1752358490566038,"Field":"ثانوي","SHAPE_Length":46.021117186195134,"__networkId":"roads","__networkName":"الطرق والقطاعات","__layerId":"roads_lines","__layerName":"طرق المدينة","__assetName":"طرق المدينة","__geometryKind":"line","__featureIndex":774,"__length_m":46.02,"__typeValue":"جاري العمل ميدانيا"},"geometry":{"type":"LineString","coordinates":[[31.588267032501342,30.25847262472945],[31.588650243021757,30.25860660907636]]}},{"type":"Feature","properties":{"اسم_الحي":"حي 39","نوع_الطريق":"2","اسم_القطاع":"ABOR 17","موقف_التنفيذ":"تم التسليم","موقف_المتخلص":"3","ملاحظات":"remove","Length":0.283013698630137,"Field":"رئيسي","SHAPE_Length":324.4369497666588,"__networkId":"roads","__networkName":"الطرق والقطاعات","__layerId":"roads_lines","__layerName":"طرق المدينة","__assetName":"طرق المدينة","__geometryKind":"line","__featureIndex":775,"__length_m":324.44,"__typeValue":"تم التسليم"},"geometry":{"type":"LineString","coordinates":[[31.527213496848532,30.2687100894039],[31.527297798348044,30.26893744310157],[31.527314895329933,30.268995704589898],[31.52732709235401,30.26905487777796],[31.527334326145358,30.269114655687225],[31.527336559175154,30.269174728200333],[31.527333779859756,30.26923478367556],[31.527326002618484,30.269294510555635],[31.52731326779657,30.26935359899277],[31.527295641460586,30.26941174245003],[31.52727321505198,30.269468639290903],[31.526508840373353,30.271075520755456]]}},{"type":"Feature","properties":{"اسم_الحي":"حي 15","نوع_الطريق":"3","اسم_القطاع":"ABOR 7","موقف_التنفيذ":"جاري العمل ميدانيا","موقف_المتخلص":"3","ملاحظات":null,"Length":0.1752358490566038,"Field":"ثانوي","SHAPE_Length":34.55406296110657,"__networkId":"roads","__networkName":"الطرق والقطاعات","__layerId":"roads_lines","__layerName":"طرق المدينة","__assetName":"طرق المدينة","__geometryKind":"line","__featureIndex":776,"__length_m":34.55,"__typeValue":"جاري العمل ميدانيا"},"geometry":{"type":"LineString","coordinates":[[31.580087426275046,30.251443359445222],[31.58006564662098,30.25117588550588]]}},{"type":"Feature","properties":{"اسم_الحي":"حي 15","نوع_الطريق":"2","اسم_القطاع":"ABOR 7","موقف_التنفيذ":"جاري العمل ميدانيا","موقف_المتخلص":"3","ملاحظات":null,"Length":0.1752358490566038,"Field":"رئيسي","SHAPE_Length":72.3783052080624,"__networkId":"roads","__networkName":"الطرق والقطاعات","__layerId":"roads_lines","__layerName":"طرق المدينة","__assetName":"طرق المدينة","__geometryKind":"line","__featureIndex":777,"__length_m":72.38,"__typeValue":"جاري العمل ميدانيا"},"geometry":{"type":"LineString","coordinates":[[31.588748473798095,30.251011320954834],[31.588699675360022,30.251159626615287],[31.588671842376925,30.25125956755235],[31.588647804095768,30.251360240527397],[31.588624232302692,30.251561067799265]]}},{"type":"Feature","properties":{"اسم_الحي":"حي 39","نوع_الطريق":"2","اسم_القطاع":"ABOR 21","موقف_التنفيذ":"تم التسليم","موقف_المتخلص":"3","ملاحظات":null,"Length":0.283013698630137,"Field":"رئيسي","SHAPE_Length":127.48851731997148,"__networkId":"roads","__networkName":"الطرق والقطاعات","__layerId":"roads_lines","__layerName":"طرق المدينة","__assetName":"طرق المدينة","__geometryKind":"line","__featureIndex":778,"__length_m":127.49,"__typeValue":"تم التسليم"},"geometry":{"type":"LineString","coordinates":[[31.50380896650586,30.26877819804436],[31.50416628847812,30.26971793511693]]}},{"type":"Feature","properties":{"اسم_الحي":"حي 15","نوع_الطريق":"3","اسم_القطاع":"ABOR 7","موقف_التنفيذ":"جاري العمل ميدانيا","موقف_المتخلص":"3","ملاحظات":null,"Length":0.1752358490566038,"Field":"ثانوي","SHAPE_Length":49.79021563654477,"__networkId":"roads","__networkName":"الطرق والقطاعات","__layerId":"roads_lines","__layerName":"طرق المدينة","__assetName":"طرق المدينة","__geometryKind":"line","__featureIndex":779,"__length_m":49.79,"__typeValue":"جاري العمل ميدانيا"},"geometry":{"type":"LineString","coordinates":[[31.585072644910564,30.252247169776073],[31.585093798438884,30.2518612397982]]}},{"type":"Feature","properties":{"اسم_الحي":"حي 16","نوع_الطريق":"2","اسم_القطاع":"ABOR 9","موقف_التنفيذ":"جاري العمل ميدانيا","موقف_المتخلص":"3","ملاحظات":null,"Length":0.1752358490566038,"Field":"رئيسي","SHAPE_Length":271.03303062245345,"__networkId":"roads","__networkName":"الطرق والقطاعات","__layerId":"roads_lines","__layerName":"طرق المدينة","__assetName":"طرق المدينة","__geometryKind":"line","__featureIndex":780,"__length_m":271.03,"__typeValue":"جاري العمل ميدانيا"},"geometry":{"type":"LineString","coordinates":[[31.568141864985424,30.253868901826092],[31.568281018514504,30.251769192777864]]}},{"type":"Feature","properties":{"اسم_الحي":"حي 39","نوع_الطريق":"2","اسم_القطاع":"ABOR 19","موقف_التنفيذ":"تم التسليم","موقف_المتخلص":"3","ملاحظات":null,"Length":0.283013698630137,"Field":"رئيسي","SHAPE_Length":113.90013141155586,"__networkId":"roads","__networkName":"الطرق والقطاعات","__layerId":"roads_lines","__layerName":"طرق المدينة","__assetName":"طرق المدينة","__geometryKind":"line","__featureIndex":781,"__length_m":113.9,"__typeValue":"تم التسليم"},"geometry":{"type":"LineString","coordinates":[[31.522138943452926,30.263544297008643],[31.522139822924895,30.26358815084493],[31.522131742404255,30.263620340005094],[31.522109913048826,30.263659941095796],[31.52207688304595,30.26369325558595],[31.52205685574015,30.263706813384463],[31.522023387872437,30.263722601127423],[31.522011510243377,30.263726556418654],[31.521944657054192,30.263737557747323],[31.521881733245866,30.263759950791584],[31.521825311907826,30.263792819844895],[31.521777700229055,30.26383482081099],[31.52174084515332,30.263884236170824],[31.521552110010447,30.264203411491053]]}},{"type":"Feature","properties":{"اسم_الحي":"حي 15","نوع_الطريق":"3","اسم_القطاع":"ABOR 7","موقف_التنفيذ":"جاري العمل ميدانيا","موقف_المتخلص":"3","ملاحظات":null,"Length":0.1752358490566038,"Field":"ثانوي","SHAPE_Length":33.47541272310186,"__networkId":"roads","__networkName":"الطرق والقطاعات","__layerId":"roads_lines","__layerName":"طرق المدينة","__assetName":"طرق المدينة","__geometryKind":"line","__featureIndex":782,"__length_m":33.48,"__typeValue":"جاري العمل ميدانيا"},"geometry":{"type":"LineString","coordinates":[[31.584940669818923,30.251022557269824],[31.584920684100503,30.25076336588485]]}},{"type":"Feature","properties":{"اسم_الحي":"حي 15","نوع_الطريق":"3","اسم_القطاع":"ABOR 7","موقف_التنفيذ":"جاري العمل ميدانيا","موقف_المتخلص":"3","ملاحظات":null,"Length":0.1752358490566038,"Field":"ثانوي","SHAPE_Length":78.20894882784687,"__networkId":"roads","__networkName":"الطرق والقطاعات","__layerId":"roads_lines","__layerName":"طرق المدينة","__assetName":"طرق المدينة","__geometryKind":"line","__featureIndex":783,"__length_m":78.21,"__typeValue":"جاري العمل ميدانيا"},"geometry":{"type":"LineString","coordinates":[[31.584626190299208,30.257399371515373],[31.584691538244563,30.25800359194732]]}},{"type":"Feature","properties":{"اسم_الحي":"حي 39","نوع_الطريق":"2","اسم_القطاع":"ABOR 21","موقف_التنفيذ":"تم التسليم","موقف_المتخلص":"3","ملاحظات":null,"Length":0.283013698630137,"Field":"رئيسي","SHAPE_Length":79.03538398885719,"__networkId":"roads","__networkName":"الطرق والقطاعات","__layerId":"roads_lines","__layerName":"طرق المدينة","__assetName":"طرق المدينة","__geometryKind":"line","__featureIndex":784,"__length_m":79.04,"__typeValue":"تم التسليم"},"geometry":{"type":"LineString","coordinates":[[31.5085009471849,30.269211613865675],[31.50829418824416,30.268624997372342]]}},{"type":"Feature","properties":{"اسم_الحي":"حي 16","نوع_الطريق":"3","اسم_القطاع":"ABOR 9","موقف_التنفيذ":"جاري العمل ميدانيا","موقف_المتخلص":"3","ملاحظات":null,"Length":0.1752358490566038,"Field":"ثانوي","SHAPE_Length":57.415123338893586,"__networkId":"roads","__networkName":"الطرق والقطاعات","__layerId":"roads_lines","__layerName":"طرق المدينة","__assetName":"طرق المدينة","__geometryKind":"line","__featureIndex":785,"__length_m":57.42,"__typeValue":"جاري العمل ميدانيا"},"geometry":{"type":"LineString","coordinates":[[31.567617832764455,30.25779849468544],[31.568132726424047,30.25782443651801]]}},{"type":"Feature","properties":{"اسم_الحي":"حي 15","نوع_الطريق":"3","اسم_القطاع":"ABOR 7","موقف_التنفيذ":"جاري العمل ميدانيا","موقف_المتخلص":"3","ملاحظات":null,"Length":0.1752358490566038,"Field":"ثانوي","SHAPE_Length":46.277081945735056,"__networkId":"roads","__networkName":"الطرق والقطاعات","__layerId":"roads_lines","__layerName":"طرق المدينة","__assetName":"طرق المدينة","__geometryKind":"line","__featureIndex":786,"__length_m":46.28,"__typeValue":"جاري العمل ميدانيا"},"geometry":{"type":"LineString","coordinates":[[31.589195322769843,30.254443302051623],[31.589171667433476,30.254801811923954]]}},{"type":"Feature","properties":{"اسم_الحي":"حي 15","نوع_الطريق":"2","اسم_القطاع":"ABOR 7","موقف_التنفيذ":"جاري العمل ميدانيا","موقف_المتخلص":"3","ملاحظات":null,"Length":0.1752358490566038,"Field":"رئيسي","SHAPE_Length":840.5807200358588,"__networkId":"roads","__networkName":"الطرق والقطاعات","__layerId":"roads_lines","__layerName":"طرق المدينة","__assetName":"طرق المدينة","__geometryKind":"line","__featureIndex":787,"__length_m":840.58,"__typeValue":"جاري العمل ميدانيا"},"geometry":{"type":"LineString","coordinates":[[31.578118043389452,30.25747230347039],[31.582109724422427,30.25767104882527],[31.582309448779778,30.25767764590487],[31.582509319095497,30.257677569706686],[31.58270903663265,30.257670820346735],[31.582908302881542,30.257657407911086],[31.583106820006073,30.257637352443346],[31.583304291292396,30.257610683916955],[31.583500421585143,30.25757744218451],[31.584018424313957,30.257480636264035],[31.584190866365347,30.25745105035898],[31.584364373044853,30.257426544583797],[31.584538743821106,30.25740714726568],[31.584673559908897,30.257395700297895],[31.584815875251582,30.257386947071396],[31.58508721858625,30.25737967218859],[31.585344789633965,30.25738415562849],[31.585633160410218,30.257398154844278]]}},{"type":"Feature","properties":{"اسم_الحي":"حي 16","نوع_الطريق":"2","اسم_القطاع":"ABOR 10","موقف_التنفيذ":"جاري العمل مكتبيا","موقف_المتخلص":"3","ملاحظات":null,"Length":0.1752358490566038,"Field":"رئيسي","SHAPE_Length":171.0323679823921,"__networkId":"roads","__networkName":"الطرق والقطاعات","__layerId":"roads_lines","__layerName":"طرق المدينة","__assetName":"طرق المدينة","__geometryKind":"line","__featureIndex":788,"__length_m":171.03,"__typeValue":"جاري العمل مكتبيا"},"geometry":{"type":"LineString","coordinates":[[31.56012831593267,30.252915960423312],[31.56004039512089,30.25424094271308]]}},{"type":"Feature","properties":{"اسم_الحي":"حي 15","نوع_الطريق":"3","اسم_القطاع":"ABOR 7","موقف_التنفيذ":"جاري العمل ميدانيا","موقف_المتخلص":"3","ملاحظات":null,"Length":0.1752358490566038,"Field":"ثانوي","SHAPE_Length":46.27620218525343,"__networkId":"roads","__networkName":"الطرق والقطاعات","__layerId":"roads_lines","__layerName":"طرق المدينة","__assetName":"طرق المدينة","__geometryKind":"line","__featureIndex":789,"__length_m":46.28,"__typeValue":"جاري العمل ميدانيا"},"geometry":{"type":"LineString","coordinates":[[31.589655513520228,30.252186253086585],[31.589636524931777,30.252544971398226]]}},{"type":"Feature","properties":{"اسم_الحي":"حي 39","نوع_الطريق":"2","اسم_القطاع":"ABOR 19","موقف_التنفيذ":"تم التسليم","موقف_المتخلص":"3","ملاحظات":null,"Length":0.283013698630137,"Field":"رئيسي","SHAPE_Length":79.43672268267913,"__networkId":"roads","__networkName":"الطرق والقطاعات","__layerId":"roads_lines","__layerName":"طرق المدينة","__assetName":"طرق المدينة","__geometryKind":"line","__featureIndex":790,"__length_m":79.44,"__typeValue":"تم التسليم"},"geometry":{"type":"LineString","coordinates":[[31.522917518699572,30.26277892855621],[31.52313083803685,30.26219076450257]]}},{"type":"Feature","properties":{"اسم_الحي":"حي 15","نوع_الطريق":"3","اسم_القطاع":"ABOR 8","موقف_التنفيذ":"جاري العمل ميدانيا","موقف_المتخلص":"3","ملاحظات":null,"Length":0.1752358490566038,"Field":"ثانوي","SHAPE_Length":32.866000774561684,"__networkId":"roads","__networkName":"الطرق والقطاعات","__layerId":"roads_lines","__layerName":"طرق المدينة","__assetName":"طرق المدينة","__geometryKind":"line","__featureIndex":791,"__length_m":32.87,"__typeValue":"جاري العمل ميدانيا"},"geometry":{"type":"LineString","coordinates":[[31.57615866683783,30.251888924501813],[31.576141733594742,30.252143538516997]]}},{"type":"Feature","properties":{"اسم_الحي":"حي 16","نوع_الطريق":"3","اسم_القطاع":"ABOR 10","موقف_التنفيذ":"جاري العمل مكتبيا","موقف_المتخلص":"3","ملاحظات":null,"Length":0.1752358490566038,"Field":"ثانوي","SHAPE_Length":46.33158421616675,"__networkId":"roads","__networkName":"الطرق والقطاعات","__layerId":"roads_lines","__layerName":"طرق المدينة","__assetName":"طرق المدينة","__geometryKind":"line","__featureIndex":792,"__length_m":46.33,"__typeValue":"جاري العمل مكتبيا"},"geometry":{"type":"LineString","coordinates":[[31.565276917457123,30.25103005021507],[31.565405422356843,30.250688087783175]]}},{"type":"Feature","properties":{"اسم_الحي":"حي 15","نوع_الطريق":"3","اسم_القطاع":"ABOR 8","موقف_التنفيذ":"جاري العمل ميدانيا","موقف_المتخلص":"3","ملاحظات":null,"Length":0.1752358490566038,"Field":"ثانوي","SHAPE_Length":45.09997184819793,"__networkId":"roads","__networkName":"الطرق والقطاعات","__layerId":"roads_lines","__layerName":"طرق المدينة","__assetName":"طرق المدينة","__geometryKind":"line","__featureIndex":793,"__length_m":45.1,"__typeValue":"جاري العمل ميدانيا"},"geometry":{"type":"LineString","coordinates":[[31.574066508507435,30.252955706559305],[31.574043502653,30.253305104983504]]}},{"type":"Feature","properties":{"اسم_الحي":"حي 39","نوع_الطريق":"1","اسم_القطاع":"ABOR 14","موقف_التنفيذ":"تم التسليم","موقف_المتخلص":"3","ملاحظات":null,"Length":0.283013698630137,"Field":"رئيسي","SHAPE_Length":238.51413257886182,"__networkId":"roads","__networkName":"الطرق والقطاعات","__layerId":"roads_lines","__layerName":"طرق المدينة","__assetName":"طرق المدينة","__geometryKind":"line","__featureIndex":794,"__length_m":238.51,"__typeValue":"تم التسليم"},"geometry":{"type":"LineString","coordinates":[[31.5107668729289,30.275366696968188],[31.51048106493811,30.277200527072416]]}},{"type":"Feature","properties":{"اسم_الحي":"حي 39","نوع_الطريق":"2","اسم_القطاع":"ABOR 15","موقف_التنفيذ":"تم التسليم","موقف_المتخلص":"3","ملاحظات":"remove","Length":0.283013698630137,"Field":"رئيسي","SHAPE_Length":153.03060246047485,"__networkId":"roads","__networkName":"الطرق والقطاعات","__layerId":"roads_lines","__layerName":"طرق المدينة","__assetName":"طرق المدينة","__geometryKind":"line","__featureIndex":795,"__length_m":153.03,"__typeValue":"تم التسليم"},"geometry":{"type":"LineString","coordinates":[[31.49411922760828,30.274552524179995],[31.49452970918411,30.275685571187957]]}},{"type":"Feature","properties":{"اسم_الحي":"حي 15","نوع_الطريق":"3","اسم_القطاع":"ABOR 7","موقف_التنفيذ":"جاري العمل ميدانيا","موقف_المتخلص":"3","ملاحظات":null,"Length":0.1752358490566038,"Field":"ثانوي","SHAPE_Length":46.05413789344395,"__networkId":"roads","__networkName":"الطرق والقطاعات","__layerId":"roads_lines","__layerName":"طرق المدينة","__assetName":"طرق المدينة","__geometryKind":"line","__featureIndex":796,"__length_m":46.05,"__typeValue":"جاري العمل ميدانيا"},"geometry":{"type":"LineString","coordinates":[[31.58314414165862,30.25260778823063],[31.583557163670072,30.252628409791697]]}},{"type":"Feature","properties":{"اسم_الحي":"حي 16","نوع_الطريق":"3","اسم_القطاع":"ABOR 9","موقف_التنفيذ":"جاري العمل ميدانيا","موقف_المتخلص":"3","ملاحظات":null,"Length":0.1752358490566038,"Field":"ثانوي","SHAPE_Length":52.984755573413366,"__networkId":"roads","__networkName":"الطرق والقطاعات","__layerId":"roads_lines","__layerName":"طرق المدينة","__assetName":"طرق المدينة","__geometryKind":"line","__featureIndex":797,"__length_m":52.98,"__typeValue":"جاري العمل ميدانيا"},"geometry":{"type":"LineString","coordinates":[[31.566361120224688,30.255940504552377],[31.5668363002639,30.25596418420692]]}},{"type":"Feature","properties":{"اسم_الحي":"حي 16","نوع_الطريق":"3","اسم_القطاع":"ABOR 10","موقف_التنفيذ":"جاري العمل مكتبيا","موقف_المتخلص":"3","ملاحظات":null,"Length":0.1752358490566038,"Field":"ثانوي","SHAPE_Length":47.78163873188138,"__networkId":"roads","__networkName":"الطرق والقطاعات","__layerId":"roads_lines","__layerName":"طرق المدينة","__assetName":"طرق المدينة","__geometryKind":"line","__featureIndex":798,"__length_m":47.78,"__typeValue":"جاري العمل مكتبيا"},"geometry":{"type":"LineString","coordinates":[[31.558701668192313,30.253652759341378],[31.559130181650815,30.253674170618133]]}},{"type":"Feature","properties":{"اسم_الحي":"حي 39","نوع_الطريق":"2","اسم_القطاع":"ABOR 17","موقف_التنفيذ":"تم التسليم","موقف_المتخلص":"3","ملاحظات":null,"Length":0.283013698630137,"Field":"رئيسي","SHAPE_Length":198.96450408372183,"__networkId":"roads","__networkName":"الطرق والقطاعات","__layerId":"roads_lines","__layerName":"طرق المدينة","__assetName":"طرق المدينة","__geometryKind":"line","__featureIndex":799,"__length_m":198.96,"__typeValue":"تم التسليم"},"geometry":{"type":"LineString","coordinates":[[31.52106103428226,30.270918728466125],[31.522714957586167,30.271503898301166]]}},{"type":"Feature","properties":{"اسم_الحي":"حي 15","نوع_الطريق":"2","اسم_القطاع":"ABOR 7","موقف_التنفيذ":"جاري العمل ميدانيا","موقف_المتخلص":"3","ملاحظات":null,"Length":0.1752358490566038,"Field":"رئيسي","SHAPE_Length":46.270900849001904,"__networkId":"roads","__networkName":"الطرق والقطاعات","__layerId":"roads_lines","__layerName":"طرق المدينة","__assetName":"طرق المدينة","__geometryKind":"line","__featureIndex":800,"__length_m":46.27,"__typeValue":"جاري العمل ميدانيا"},"geometry":{"type":"LineString","coordinates":[[31.588856745044325,30.252154333170076],[31.588875791124988,30.251795656887]]}},{"type":"Feature","properties":{"اسم_الحي":"حي 39","نوع_الطريق":"2","اسم_القطاع":"ABOR 20","موقف_التنفيذ":"تم التسليم","موقف_المتخلص":"3","ملاحظات":null,"Length":0.283013698630137,"Field":"رئيسي","SHAPE_Length":136.63787996304998,"__networkId":"roads","__networkName":"الطرق والقطاعات","__layerId":"roads_lines","__layerName":"طرق المدينة","__assetName":"طرق المدينة","__geometryKind":"line","__featureIndex":801,"__length_m":136.64,"__typeValue":"تم التسليم"},"geometry":{"type":"LineString","coordinates":[[31.510819027317684,30.2650820625361],[31.50965974964689,30.26473369758237]]}},{"type":"Feature","properties":{"اسم_الحي":"حي 39","نوع_الطريق":"3","اسم_القطاع":"ABOR 16","موقف_التنفيذ":"تم التسليم","موقف_المتخلص":"3","ملاحظات":null,"Length":0.283013698630137,"Field":"ثانوي","SHAPE_Length":87.77589186565692,"__networkId":"roads","__networkName":"الطرق والقطاعات","__layerId":"roads_lines","__layerName":"طرق المدينة","__assetName":"طرق المدينة","__geometryKind":"line","__featureIndex":802,"__length_m":87.78,"__typeValue":"تم التسليم"},"geometry":{"type":"LineString","coordinates":[[31.536666482058056,30.270389987884506],[31.535878178056873,30.270374641080497]]}},{"type":"Feature","properties":{"اسم_الحي":"حي 16","نوع_الطريق":"3","اسم_القطاع":"ABOR 9","موقف_التنفيذ":"جاري العمل ميدانيا","موقف_المتخلص":"3","ملاحظات":null,"Length":0.1752358490566038,"Field":"ثانوي","SHAPE_Length":46.27077663353268,"__networkId":"roads","__networkName":"الطرق والقطاعات","__layerId":"roads_lines","__layerName":"طرق المدينة","__assetName":"طرق المدينة","__geometryKind":"line","__featureIndex":803,"__length_m":46.27,"__typeValue":"جاري العمل ميدانيا"},"geometry":{"type":"LineString","coordinates":[[31.571212304829917,30.251914789521017],[31.571235894589265,30.25155631489529]]}},{"type":"Feature","properties":{"اسم_الحي":"حي 16","نوع_الطريق":"2","اسم_القطاع":"ABOR 10","موقف_التنفيذ":"جاري العمل مكتبيا","موقف_المتخلص":"3","ملاحظات":null,"Length":0.1752358490566038,"Field":"رئيسي","SHAPE_Length":212.95294608073107,"__networkId":"roads","__networkName":"الطرق والقطاعات","__layerId":"roads_lines","__layerName":"طرق المدينة","__assetName":"طرق المدينة","__geometryKind":"line","__featureIndex":804,"__length_m":212.95,"__typeValue":"جاري العمل مكتبيا"},"geometry":{"type":"LineString","coordinates":[[31.559275844372458,30.249732287785896],[31.559401421409312,30.248881252326772],[31.559523967138748,30.248093734134155]]}},{"type":"Feature","properties":{"اسم_الحي":"حي 15","نوع_الطريق":"3","اسم_القطاع":"ABOR 8","موقف_التنفيذ":"جاري العمل ميدانيا","موقف_المتخلص":"3","ملاحظات":"محتاج النظر فيها","Length":0.1752358490566038,"Field":"ثانوي","SHAPE_Length":46.283072222562154,"__networkId":"roads","__networkName":"الطرق والقطاعات","__layerId":"roads_lines","__layerName":"طرق المدينة","__assetName":"طرق المدينة","__geometryKind":"line","__featureIndex":805,"__length_m":46.28,"__typeValue":"جاري العمل ميدانيا"},"geometry":{"type":"LineString","coordinates":[[31.576067389920116,30.258392260104863],[31.57604373458375,30.258750802119277]]}},{"type":"Feature","properties":{"اسم_الحي":"حي 39","نوع_الطريق":"2","اسم_القطاع":"ABOR 22","موقف_التنفيذ":"تم التسليم","موقف_المتخلص":"3","ملاحظات":null,"Length":0.283013698630137,"Field":"رئيسي","SHAPE_Length":152.68452014879261,"__networkId":"roads","__networkName":"الطرق والقطاعات","__layerId":"roads_lines","__layerName":"طرق المدينة","__assetName":"طرق المدينة","__geometryKind":"line","__featureIndex":806,"__length_m":152.68,"__typeValue":"تم التسليم"},"geometry":{"type":"LineString","coordinates":[[31.492464577567322,30.27284769160854],[31.49211646063179,30.271701921668964]]}},{"type":"Feature","properties":{"اسم_الحي":"حي 39","نوع_الطريق":"2","اسم_القطاع":"ABOR 22","موقف_التنفيذ":"تم التسليم","موقف_المتخلص":"3","ملاحظات":null,"Length":0.283013698630137,"Field":"رئيسي","SHAPE_Length":318.5119752201739,"__networkId":"roads","__networkName":"الطرق والقطاعات","__layerId":"roads_lines","__layerName":"طرق المدينة","__assetName":"طرق المدينة","__geometryKind":"line","__featureIndex":807,"__length_m":318.51,"__typeValue":"تم التسليم"},"geometry":{"type":"LineString","coordinates":[[31.49285010214792,30.270174122270166],[31.49299315216191,30.270375703328526],[31.493055251064305,30.27047092937096],[31.493110969021487,30.270569055493375],[31.493160125125502,30.270669763091163],[31.49382608846644,30.272487695203385]]}},{"type":"Feature","properties":{"اسم_الحي":"حي 39","نوع_الطريق":"2","اسم_القطاع":"ABOR 19","موقف_التنفيذ":"تم التسليم","موقف_المتخلص":"3","ملاحظات":null,"Length":0.283013698630137,"Field":"رئيسي","SHAPE_Length":74.03218309983946,"__networkId":"roads","__networkName":"الطرق والقطاعات","__layerId":"roads_lines","__layerName":"طرق المدينة","__assetName":"طرق المدينة","__geometryKind":"line","__featureIndex":808,"__length_m":74.03,"__typeValue":"تم التسليم"},"geometry":{"type":"LineString","coordinates":[[31.51812372655953,30.263025552121025],[31.517925224932874,30.262477323474453]]}},{"type":"Feature","properties":{"اسم_الحي":"حي 16","نوع_الطريق":"3","اسم_القطاع":"ABOR 10","موقف_التنفيذ":"جاري العمل مكتبيا","موقف_المتخلص":"3","ملاحظات":null,"Length":0.1752358490566038,"Field":"ثانوي","SHAPE_Length":50.09461468556529,"__networkId":"roads","__networkName":"الطرق والقطاعات","__layerId":"roads_lines","__layerName":"طرق المدينة","__assetName":"طرق المدينة","__geometryKind":"line","__featureIndex":809,"__length_m":50.09,"__typeValue":"جاري العمل مكتبيا"},"geometry":{"type":"LineString","coordinates":[[31.561528759816195,30.25283648051878],[31.561978010883056,30.25285901092802]]}},{"type":"Feature","properties":{"اسم_الحي":"حي 15","نوع_الطريق":"3","اسم_القطاع":"ABOR 8","موقف_التنفيذ":"جاري العمل ميدانيا","موقف_المتخلص":"3","ملاحظات":null,"Length":0.1752358490566038,"Field":"ثانوي","SHAPE_Length":46.24843407392498,"__networkId":"roads","__networkName":"الطرق والقطاعات","__layerId":"roads_lines","__layerName":"طرق المدينة","__assetName":"طرق المدينة","__geometryKind":"line","__featureIndex":810,"__length_m":46.25,"__typeValue":"جاري العمل ميدانيا"},"geometry":{"type":"LineString","coordinates":[[31.570399549585048,30.256929632156375],[31.570249298268926,30.25726420221418]]}},{"type":"Feature","properties":{"اسم_الحي":"حي 15","نوع_الطريق":"2","اسم_القطاع":"ABOR 8","موقف_التنفيذ":"جاري العمل ميدانيا","موقف_المتخلص":"3","ملاحظات":null,"Length":0.1752358490566038,"Field":"رئيسي","SHAPE_Length":430.6013308393659,"__networkId":"roads","__networkName":"الطرق والقطاعات","__layerId":"roads_lines","__layerName":"طرق المدينة","__assetName":"طرق المدينة","__geometryKind":"line","__featureIndex":811,"__length_m":430.6,"__typeValue":"جاري العمل ميدانيا"},"geometry":{"type":"LineString","coordinates":[[31.573615703355127,30.25293319401964],[31.577477416132815,30.253125994526364]]}},{"type":"Feature","properties":{"اسم_الحي":"حي 15","نوع_الطريق":"3","اسم_القطاع":"ABOR 8","موقف_التنفيذ":"جاري العمل ميدانيا","موقف_المتخلص":"3","ملاحظات":null,"Length":0.1752358490566038,"Field":"ثانوي","SHAPE_Length":34.89045678210268,"__networkId":"roads","__networkName":"الطرق والقطاعات","__layerId":"roads_lines","__layerName":"طرق المدينة","__assetName":"طرق المدينة","__geometryKind":"line","__featureIndex":812,"__length_m":34.89,"__typeValue":"جاري العمل ميدانيا"},"geometry":{"type":"LineString","coordinates":[[31.572433432406335,30.25408282612905],[31.572451334033328,30.253812530202286]]}},{"type":"Feature","properties":{"اسم_الحي":"حي 16","نوع_الطريق":"3","اسم_القطاع":"ABOR 10","موقف_التنفيذ":"جاري العمل مكتبيا","موقف_المتخلص":"3","ملاحظات":null,"Length":0.1752358490566038,"Field":"ثانوي","SHAPE_Length":50.33990796965775,"__networkId":"roads","__networkName":"الطرق والقطاعات","__layerId":"roads_lines","__layerName":"طرق المدينة","__assetName":"طرق المدينة","__geometryKind":"line","__featureIndex":813,"__length_m":50.34,"__typeValue":"جاري العمل مكتبيا"},"geometry":{"type":"LineString","coordinates":[[31.563514640261985,30.251820586096162],[31.563540426402234,30.251430592159284]]}},{"type":"Feature","properties":{"اسم_الحي":"حي 13","نوع_الطريق":"2","اسم_القطاع":"ABOR 5","موقف_التنفيذ":"تم التسليم","موقف_المتخلص":"3","ملاحظات":null,"Length":0.283013698630137,"Field":"رئيسي","SHAPE_Length":38.22498364508098,"__networkId":"roads","__networkName":"الطرق والقطاعات","__layerId":"roads_lines","__layerName":"طرق المدينة","__assetName":"طرق المدينة","__geometryKind":"line","__featureIndex":814,"__length_m":38.22,"__typeValue":"تم التسليم"},"geometry":{"type":"LineString","coordinates":[[31.55323609252657,30.274957206052218],[31.553258246906758,30.274974462142897],[31.553285614778737,30.275004988419322],[31.553304863988703,30.275039832738273],[31.553315118847692,30.275077409950292],[31.55331591283745,30.27511601058073],[31.553307209839506,30.275153878600133],[31.553289405772492,30.275189291309488],[31.55326331058136,30.275220637708248]]}},{"type":"Feature","properties":{"اسم_الحي":"حي 14","نوع_الطريق":"3","اسم_القطاع":"ABOR 2","موقف_التنفيذ":"تم التسليم","موقف_المتخلص":"3","ملاحظات":null,"Length":0.283013698630137,"Field":"ثانوي","SHAPE_Length":156.53025164676794,"__networkId":"roads","__networkName":"الطرق والقطاعات","__layerId":"roads_lines","__layerName":"طرق المدينة","__assetName":"طرق المدينة","__geometryKind":"line","__featureIndex":815,"__length_m":156.53,"__typeValue":"تم التسليم"},"geometry":{"type":"LineString","coordinates":[[31.566425426124272,30.265794948595833],[31.56568267569118,30.26682616144199]]}},{"type":"Feature","properties":{"اسم_الحي":"حي 14","نوع_الطريق":"3","اسم_القطاع":"ABOR 2","موقف_التنفيذ":"تم التسليم","موقف_المتخلص":"3","ملاحظات":null,"Length":0.283013698630137,"Field":"ثانوي","SHAPE_Length":158.22741551735888,"__networkId":"roads","__networkName":"الطرق والقطاعات","__layerId":"roads_lines","__layerName":"طرق المدينة","__assetName":"طرق المدينة","__geometryKind":"line","__featureIndex":816,"__length_m":158.23,"__typeValue":"تم التسليم"},"geometry":{"type":"LineString","coordinates":[[31.56740317314078,30.266370605804834],[31.566575312724378,30.267368518155365]]}},{"type":"Feature","properties":{"اسم_الحي":"حي 14","نوع_الطريق":"3","اسم_القطاع":"ABOR 2","موقف_التنفيذ":"تم التسليم","موقف_المتخلص":"3","ملاحظات":null,"Length":0.283013698630137,"Field":"ثانوي","SHAPE_Length":158.6262588641131,"__networkId":"roads","__networkName":"الطرق والقطاعات","__layerId":"roads_lines","__layerName":"طرق المدينة","__assetName":"طرق المدينة","__geometryKind":"line","__featureIndex":817,"__length_m":158.63,"__typeValue":"تم التسليم"},"geometry":{"type":"LineString","coordinates":[[31.568281658115005,30.266949169899902],[31.567382611602245,30.26790401253718]]}},{"type":"Feature","properties":{"اسم_الحي":"حي 14","نوع_الطريق":"3","اسم_القطاع":"ABOR 2","موقف_التنفيذ":"تم التسليم","موقف_المتخلص":"3","ملاحظات":null,"Length":0.283013698630137,"Field":"ثانوي","SHAPE_Length":156.80365550399634,"__networkId":"roads","__networkName":"الطرق والقطاعات","__layerId":"roads_lines","__layerName":"طرق المدينة","__assetName":"طرق المدينة","__geometryKind":"line","__featureIndex":818,"__length_m":156.8,"__typeValue":"تم التسليم"},"geometry":{"type":"LineString","coordinates":[[31.569147995171647,30.267590267836677],[31.568217857966882,30.26850387865829]]}},{"type":"Feature","properties":{"اسم_الحي":"حي 14","نوع_الطريق":"3","اسم_القطاع":"ABOR 2","موقف_التنفيذ":"تم التسليم","موقف_المتخلص":"3","ملاحظات":null,"Length":0.283013698630137,"Field":"ثانوي","SHAPE_Length":156.99985463770412,"__networkId":"roads","__networkName":"الطرق والقطاعات","__layerId":"roads_lines","__layerName":"طرق المدينة","__assetName":"طرق المدينة","__geometryKind":"line","__featureIndex":819,"__length_m":157.0,"__typeValue":"تم التسليم"},"geometry":{"type":"LineString","coordinates":[[31.570032576113373,30.268326173056444],[31.568957148987856,30.269114224340687]]}},{"type":"Feature","properties":{"اسم_الحي":"حي 14","نوع_الطريق":"3","اسم_القطاع":"ABOR 2","موقف_التنفيذ":"تم التسليم","موقف_المتخلص":"3","ملاحظات":null,"Length":0.283013698630137,"Field":"ثانوي","SHAPE_Length":157.9741020582196,"__networkId":"roads","__networkName":"الطرق والقطاعات","__layerId":"roads_lines","__layerName":"طرق المدينة","__assetName":"طرق المدينة","__geometryKind":"line","__featureIndex":820,"__length_m":157.97,"__typeValue":"تم التسليم"},"geometry":{"type":"LineString","coordinates":[[31.57076984233166,30.269016635326537],[31.569663975792732,30.26978472412969]]}},{"type":"Feature","properties":{"اسم_الحي":"حي 14","نوع_الطريق":"3","اسم_القطاع":"ABOR 2","موقف_التنفيذ":"تم التسليم","موقف_المتخلص":"3","ملاحظات":null,"Length":0.283013698630137,"Field":"ثانوي","SHAPE_Length":154.38564748314323,"__networkId":"roads","__networkName":"الطرق والقطاعات","__layerId":"roads_lines","__layerName":"طرق المدينة","__assetName":"طرق المدينة","__geometryKind":"line","__featureIndex":821,"__length_m":154.39,"__typeValue":"تم التسليم"},"geometry":{"type":"LineString","coordinates":[[31.571484277867015,30.27014296774485],[31.570175219597346,30.27053853234776]]}},{"type":"Feature","properties":{"اسم_الحي":"حي 14","نوع_الطريق":"3","اسم_القطاع":"ABOR 2","موقف_التنفيذ":"تم التسليم","موقف_المتخلص":"3","ملاحظات":null,"Length":0.283013698630137,"Field":"ثانوي","SHAPE_Length":108.87280721467143,"__networkId":"roads","__networkName":"الطرق والقطاعات","__layerId":"roads_lines","__layerName":"طرق المدينة","__assetName":"طرق المدينة","__geometryKind":"line","__featureIndex":822,"__length_m":108.87,"__typeValue":"تم التسليم"},"geometry":{"type":"LineString","coordinates":[[31.57169404257071,30.271332999814977],[31.570717229802124,30.271374973657103]]}},{"type":"Feature","properties":{"اسم_الحي":"حي 14","نوع_الطريق":"3","اسم_القطاع":"ABOR 2","موقف_التنفيذ":"تم التسليم","موقف_المتخلص":"3","ملاحظات":null,"Length":0.283013698630137,"Field":"ثانوي","SHAPE_Length":102.20417448381808,"__networkId":"roads","__networkName":"الطرق والقطاعات","__layerId":"roads_lines","__layerName":"طرق المدينة","__assetName":"طرق المدينة","__geometryKind":"line","__featureIndex":823,"__length_m":102.2,"__typeValue":"تم التسليم"},"geometry":{"type":"LineString","coordinates":[[31.57153384600609,30.27249557286878],[31.570639767176846,30.272315323595645]]}},{"type":"Feature","properties":{"اسم_الحي":"حي 14","نوع_الطريق":"3","اسم_القطاع":"ABOR 2","موقف_التنفيذ":"تم التسليم","موقف_المتخلص":"3","ملاحظات":null,"Length":0.283013698630137,"Field":"ثانوي","SHAPE_Length":103.80191447351008,"__networkId":"roads","__networkName":"الطرق والقطاعات","__layerId":"roads_lines","__layerName":"طرق المدينة","__assetName":"طرق المدينة","__geometryKind":"line","__featureIndex":824,"__length_m":103.8,"__typeValue":"تم التسليم"},"geometry":{"type":"LineString","coordinates":[[31.570978907247753,30.273649948136438],[31.570233959535454,30.27316558329821]]}},{"type":"Feature","properties":{"اسم_الحي":"حي 14","نوع_الطريق":"3","اسم_القطاع":"ABOR 2","موقف_التنفيذ":"تم التسليم","موقف_المتخلص":"3","ملاحظات":null,"Length":0.283013698630137,"Field":"ثانوي","SHAPE_Length":84.6260286715826,"__networkId":"roads","__networkName":"الطرق والقطاعات","__layerId":"roads_lines","__layerName":"طرق المدينة","__assetName":"طرق المدينة","__geometryKind":"line","__featureIndex":825,"__length_m":84.63,"__typeValue":"تم التسليم"},"geometry":{"type":"LineString","coordinates":[[31.5692597348132,30.274343202319336],[31.569756072872288,30.27396343762481],[31.569831719104066,30.27391086735681]]}},{"type":"Feature","properties":{"اسم_الحي":"حي 14","نوع_الطريق":"3","اسم_القطاع":"ABOR 2","موقف_التنفيذ":"تم التسليم","موقف_المتخلص":"3","ملاحظات":null,"Length":0.283013698630137,"Field":"ثانوي","SHAPE_Length":86.04882822385528,"__networkId":"roads","__networkName":"الطرق والقطاعات","__layerId":"roads_lines","__layerName":"طرق المدينة","__assetName":"طرق المدينة","__geometryKind":"line","__featureIndex":826,"__length_m":86.05,"__typeValue":"تم التسليم"},"geometry":{"type":"LineString","coordinates":[[31.568562461591366,30.273656646477825],[31.569141045804603,30.27321395448851]]}},{"type":"Feature","properties":{"اسم_الحي":"حي 14","نوع_الطريق":"3","اسم_القطاع":"ABOR 2","موقف_التنفيذ":"تم التسليم","موقف_المتخلص":"3","ملاحظات":null,"Length":0.283013698630137,"Field":"ثانوي","SHAPE_Length":113.48503410476908,"__networkId":"roads","__networkName":"الطرق والقطاعات","__layerId":"roads_lines","__layerName":"طرق المدينة","__assetName":"طرق المدينة","__geometryKind":"line","__featureIndex":827,"__length_m":113.49,"__typeValue":"تم التسليم"},"geometry":{"type":"LineString","coordinates":[[31.564731774826967,30.268150767537854],[31.56526931770981,30.26740263346383]]}},{"type":"Feature","properties":{"اسم_الحي":"حي 14","نوع_الطريق":"3","اسم_القطاع":"ABOR 2","موقف_التنفيذ":"تم التسليم","موقف_المتخلص":"3","ملاحظات":null,"Length":0.283013698630137,"Field":"ثانوي","SHAPE_Length":112.05060290784976,"__networkId":"roads","__networkName":"الطرق والقطاعات","__layerId":"roads_lines","__layerName":"طرق المدينة","__assetName":"طرق المدينة","__geometryKind":"line","__featureIndex":828,"__length_m":112.05,"__typeValue":"تم التسليم"},"geometry":{"type":"LineString","coordinates":[[31.565565209289687,30.268620121158193],[31.566138632681636,30.26790563485036]]}},{"type":"Feature","properties":{"اسم_الحي":"حي 14","نوع_الطريق":"3","اسم_القطاع":"ABOR 2","موقف_التنفيذ":"تم التسليم","موقف_المتخلص":"3","ملاحظات":null,"Length":0.283013698630137,"Field":"ثانوي","SHAPE_Length":116.6687400054563,"__networkId":"roads","__networkName":"الطرق والقطاعات","__layerId":"roads_lines","__layerName":"طرق المدينة","__assetName":"طرق المدينة","__geometryKind":"line","__featureIndex":829,"__length_m":116.67,"__typeValue":"تم التسليم"},"geometry":{"type":"LineString","coordinates":[[31.566370344126017,30.269120957128735],[31.567001816651633,30.26839853518003]]}},{"type":"Feature","properties":{"اسم_الحي":"حي 14","نوع_الطريق":"3","اسم_القطاع":"ABOR 2","موقف_التنفيذ":"تم التسليم","موقف_المتخلص":"3","ملاحظات":null,"Length":0.283013698630137,"Field":"ثانوي","SHAPE_Length":115.95597096531021,"__networkId":"roads","__networkName":"الطرق والقطاعات","__layerId":"roads_lines","__layerName":"طرق المدينة","__assetName":"طرق المدينة","__geometryKind":"line","__featureIndex":830,"__length_m":115.96,"__typeValue":"تم التسليم"},"geometry":{"type":"LineString","coordinates":[[31.567163221450286,30.269664514580665],[31.56774662692167,30.269031394251353],[31.56780961858601,30.26895908767933]]}},{"type":"Feature","properties":{"اسم_الحي":"حي 14","نوع_الطريق":"3","اسم_القطاع":"ABOR 2","موقف_التنفيذ":"تم التسليم","موقف_المتخلص":"3","ملاحظات":null,"Length":0.283013698630137,"Field":"ثانوي","SHAPE_Length":76.51608174223558,"__networkId":"roads","__networkName":"الطرق والقطاعات","__layerId":"roads_lines","__layerName":"طرق المدينة","__assetName":"طرق المدينة","__geometryKind":"line","__featureIndex":831,"__length_m":76.52,"__typeValue":"تم التسليم"},"geometry":{"type":"LineString","coordinates":[[31.567919708022398,30.270235153488105],[31.568356634203546,30.269776881935364]]}},{"type":"Feature","properties":{"اسم_الحي":"حي 14","نوع_الطريق":"3","اسم_القطاع":"ABOR 2","موقف_التنفيذ":"تم التسليم","موقف_المتخلص":"3","ملاحظات":null,"Length":0.283013698630137,"Field":"ثانوي","SHAPE_Length":76.09368074739628,"__networkId":"roads","__networkName":"الطرق والقطاعات","__layerId":"roads_lines","__layerName":"طرق المدينة","__assetName":"طرق المدينة","__geometryKind":"line","__featureIndex":832,"__length_m":76.09,"__typeValue":"تم التسليم"},"geometry":{"type":"LineString","coordinates":[[31.568640024827918,30.270831859366172],[31.56913140867824,30.270421466630637]]}},{"type":"Feature","properties":{"اسم_الحي":"حي 14","نوع_الطريق":"3","اسم_القطاع":"ABOR 2","موقف_التنفيذ":"تم التسليم","موقف_المتخلص":"3","ملاحظات":null,"Length":0.283013698630137,"Field":"ثانوي","SHAPE_Length":78.0567304009667,"__networkId":"roads","__networkName":"الطرق والقطاعات","__layerId":"roads_lines","__layerName":"طرق المدينة","__assetName":"طرق المدينة","__geometryKind":"line","__featureIndex":833,"__length_m":78.06,"__typeValue":"تم التسليم"},"geometry":{"type":"LineString","coordinates":[[31.56918436077098,30.271441136225654],[31.569840678002382,30.271227965825037]]}},{"type":"Feature","properties":{"اسم_الحي":"حي 14","نوع_الطريق":"3","اسم_القطاع":"ABOR 2","موقف_التنفيذ":"تم التسليم","موقف_المتخلص":"3","ملاحظات":null,"Length":0.283013698630137,"Field":"ثانوي","SHAPE_Length":77.06782982351405,"__networkId":"roads","__networkName":"الطرق والقطاعات","__layerId":"roads_lines","__layerName":"طرق المدينة","__assetName":"طرق المدينة","__geometryKind":"line","__featureIndex":834,"__length_m":77.07,"__typeValue":"تم التسليم"},"geometry":{"type":"LineString","coordinates":[[31.56919026899059,30.272232289063055],[31.56986000884899,30.272383720667232]]}},{"type":"Feature","properties":{"اسم_الحي":"حي 14","نوع_الطريق":"3","اسم_القطاع":"ABOR 2","موقف_التنفيذ":"تم التسليم","موقف_المتخلص":"3","ملاحظات":null,"Length":0.283013698630137,"Field":"ثانوي","SHAPE_Length":76.36357940225251,"__networkId":"roads","__networkName":"الطرق والقطاعات","__layerId":"roads_lines","__layerName":"طرق المدينة","__assetName":"طرق المدينة","__geometryKind":"line","__featureIndex":835,"__length_m":76.36,"__typeValue":"تم التسليم"},"geometry":{"type":"LineString","coordinates":[[31.564155032160045,30.267852931770165],[31.56385672051882,30.268294146662765],[31.56380706614149,30.268363495402532]]}},{"type":"Feature","properties":{"اسم_الحي":"حي 14","نوع_الطريق":"3","اسم_القطاع":"ABOR 2","موقف_التنفيذ":"تم التسليم","موقف_المتخلص":"3","ملاحظات":null,"Length":0.283013698630137,"Field":"ثانوي","SHAPE_Length":77.58697792605155,"__networkId":"roads","__networkName":"الطرق والقطاعات","__layerId":"roads_lines","__layerName":"طرق المدينة","__assetName":"طرق المدينة","__geometryKind":"line","__featureIndex":836,"__length_m":77.59,"__typeValue":"تم التسليم"},"geometry":{"type":"LineString","coordinates":[[31.56510862258023,30.268357099282113],[31.56473232369759,30.268863784158036]]}},{"type":"Feature","properties":{"اسم_الحي":"حي 14","نوع_الطريق":"3","اسم_القطاع":"ABOR 2","موقف_التنفيذ":"تم التسليم","موقف_المتخلص":"3","ملاحظات":null,"Length":0.283013698630137,"Field":"ثانوي","SHAPE_Length":79.07762953119197,"__networkId":"roads","__networkName":"الطرق والقطاعات","__layerId":"roads_lines","__layerName":"طرق المدينة","__assetName":"طرق المدينة","__geometryKind":"line","__featureIndex":837,"__length_m":79.08,"__typeValue":"تم التسليم"},"geometry":{"type":"LineString","coordinates":[[31.566093321658705,30.268943089716043],[31.5656778508398,30.26944073299652]]}},{"type":"Feature","properties":{"اسم_الحي":"حي 14","نوع_الطريق":"3","اسم_القطاع":"ABOR 2","موقف_التنفيذ":"تم التسليم","موقف_المتخلص":"3","ملاحظات":null,"Length":0.283013698630137,"Field":"ثانوي","SHAPE_Length":77.21025433063812,"__networkId":"roads","__networkName":"الطرق والقطاعات","__layerId":"roads_lines","__layerName":"طرق المدينة","__assetName":"طرق المدينة","__geometryKind":"line","__featureIndex":838,"__length_m":77.21,"__typeValue":"تم التسليم"},"geometry":{"type":"LineString","coordinates":[[31.567015986676914,30.269559547855447],[31.566579416228617,30.2700250248586]]}},{"type":"Feature","properties":{"اسم_الحي":"حي 14","نوع_الطريق":"3","اسم_القطاع":"ABOR 2","موقف_التنفيذ":"تم التسليم","موقف_المتخلص":"3","ملاحظات":null,"Length":0.283013698630137,"Field":"ثانوي","SHAPE_Length":76.91214342815466,"__networkId":"roads","__networkName":"الطرق والقطاعات","__layerId":"roads_lines","__layerName":"طرق المدينة","__assetName":"طرق المدينة","__geometryKind":"line","__featureIndex":839,"__length_m":76.91,"__typeValue":"تم التسليم"},"geometry":{"type":"LineString","coordinates":[[31.567919708022398,30.270235153488105],[31.567423033993403,30.270649956840135]]}},{"type":"Feature","properties":{"اسم_الحي":"حي 14","نوع_الطريق":"3","اسم_القطاع":"ABOR 2","موقف_التنفيذ":"تم التسليم","موقف_المتخلص":"3","ملاحظات":null,"Length":0.283013698630137,"Field":"ثانوي","SHAPE_Length":70.1377156119769,"__networkId":"roads","__networkName":"الطرق والقطاعات","__layerId":"roads_lines","__layerName":"طرق المدينة","__assetName":"طرق المدينة","__geometryKind":"line","__featureIndex":840,"__length_m":70.14,"__typeValue":"تم التسليم"},"geometry":{"type":"LineString","coordinates":[[31.563147621874553,30.269334765969283],[31.56344573049654,30.268855383279856]]}},{"type":"Feature","properties":{"اسم_الحي":"حي 14","نوع_الطريق":"3","اسم_القطاع":"ABOR 2","موقف_التنفيذ":"تم التسليم","موقف_المتخلص":"3","ملاحظات":null,"Length":0.283013698630137,"Field":"ثانوي","SHAPE_Length":65.59125762920165,"__networkId":"roads","__networkName":"الطرق والقطاعات","__layerId":"roads_lines","__layerName":"طرق المدينة","__assetName":"طرق المدينة","__geometryKind":"line","__featureIndex":841,"__length_m":65.59,"__typeValue":"تم التسليم"},"geometry":{"type":"LineString","coordinates":[[31.564028598775366,30.269807644777597],[31.56435618202014,30.2693846620281]]}},{"type":"Feature","properties":{"اسم_الحي":"حي 14","نوع_الطريق":"3","اسم_القطاع":"ABOR 2","موقف_التنفيذ":"تم التسليم","موقف_المتخلص":"3","ملاحظات":null,"Length":0.283013698630137,"Field":"ثانوي","SHAPE_Length":60.57901270252,"__networkId":"roads","__networkName":"الطرق والقطاعات","__layerId":"roads_lines","__layerName":"طرق المدينة","__assetName":"طرق المدينة","__geometryKind":"line","__featureIndex":842,"__length_m":60.58,"__typeValue":"تم التسليم"},"geometry":{"type":"LineString","coordinates":[[31.564865670516703,30.270335269740368],[31.56522185971335,30.269979936998304]]}},{"type":"Feature","properties":{"اسم_الحي":"حي 14","نوع_الطريق":"3","اسم_القطاع":"ABOR 2","موقف_التنفيذ":"تم التسليم","موقف_المتخلص":"3","ملاحظات":null,"Length":0.283013698630137,"Field":"ثانوي","SHAPE_Length":61.04626086317218,"__networkId":"roads","__networkName":"الطرق والقطاعات","__layerId":"roads_lines","__layerName":"طرق المدينة","__assetName":"طرق المدينة","__geometryKind":"line","__featureIndex":843,"__length_m":61.05,"__typeValue":"تم التسليم"},"geometry":{"type":"LineString","coordinates":[[31.565669223419807,30.27092627808085],[31.56603804652264,30.270575780924393]]}},{"type":"Feature","properties":{"اسم_الحي":"حي 14","نوع_الطريق":"3","اسم_القطاع":"ABOR 2","موقف_التنفيذ":"تم التسليم","موقف_المتخلص":"3","ملاحظات":null,"Length":0.283013698630137,"Field":"ثانوي","SHAPE_Length":85.93590462459537,"__networkId":"roads","__networkName":"الطرق والقطاعات","__layerId":"roads_lines","__layerName":"طرق المدينة","__assetName":"طرق المدينة","__geometryKind":"line","__featureIndex":844,"__length_m":85.94,"__typeValue":"تم التسليم"},"geometry":{"type":"LineString","coordinates":[[31.56637631702435,30.27153019804813],[31.566934262443937,30.271069425058002]]}},{"type":"Feature","properties":{"اسم_الحي":"حي 14","نوع_الطريق":"3","اسم_القطاع":"ABOR 2","موقف_التنفيذ":"تم التسليم","موقف_المتخلص":"3","ملاحظات":null,"Length":0.283013698630137,"Field":"ثانوي","SHAPE_Length":157.21611068663572,"__networkId":"roads","__networkName":"الطرق والقطاعات","__layerId":"roads_lines","__layerName":"طرق المدينة","__assetName":"طرق المدينة","__geometryKind":"line","__featureIndex":845,"__length_m":157.22,"__typeValue":"تم التسليم"},"geometry":{"type":"LineString","coordinates":[[31.56510191036842,30.26511401238987],[31.564433914139983,30.26618873923708]]}},{"type":"Feature","properties":{"اسم_الحي":"حي 14","نوع_الطريق":"3","اسم_القطاع":"ABOR 2","موقف_التنفيذ":"تم التسليم","موقف_المتخلص":"3","ملاحظات":null,"Length":0.283013698630137,"Field":"ثانوي","SHAPE_Length":157.1246706821831,"__networkId":"roads","__networkName":"الطرق والقطاعات","__layerId":"roads_lines","__layerName":"طرق المدينة","__assetName":"طرق المدينة","__geometryKind":"line","__featureIndex":846,"__length_m":157.12,"__typeValue":"تم التسليم"},"geometry":{"type":"LineString","coordinates":[[31.564029902230853,30.264648626156774],[31.56346380100678,30.265765373132208]]}},{"type":"Feature","properties":{"اسم_الحي":"حي 14","نوع_الطريق":"3","اسم_القطاع":"ABOR 2","موقف_التنفيذ":"تم التسليم","موقف_المتخلص":"3","ملاحظات":null,"Length":0.283013698630137,"Field":"ثانوي","SHAPE_Length":155.98762956182324,"__networkId":"roads","__networkName":"الطرق والقطاعات","__layerId":"roads_lines","__layerName":"طرق المدينة","__assetName":"طرق المدينة","__geometryKind":"line","__featureIndex":847,"__length_m":155.99,"__typeValue":"تم التسليم"},"geometry":{"type":"LineString","coordinates":[[31.56287870580435,30.264219437382607],[31.56239060799138,30.265353904802595]]}},{"type":"Feature","properties":{"اسم_الحي":"حي 14","نوع_الطريق":"3","اسم_القطاع":"ABOR 2","موقف_التنفيذ":"تم التسليم","موقف_المتخلص":"3","ملاحظات":null,"Length":0.283013698630137,"Field":"ثانوي","SHAPE_Length":154.9815673437427,"__networkId":"roads","__networkName":"الطرق والقطاعات","__layerId":"roads_lines","__layerName":"طرق المدينة","__assetName":"طرق المدينة","__geometryKind":"line","__featureIndex":848,"__length_m":154.98,"__typeValue":"تم التسليم"},"geometry":{"type":"LineString","coordinates":[[31.56180884733527,30.263884776963998],[31.561302276566785,30.265004827781386]]}},{"type":"Feature","properties":{"اسم_الحي":"حي 14","نوع_الطريق":"3","اسم_القطاع":"ABOR 2","موقف_التنفيذ":"تم التسليم","موقف_المتخلص":"3","ملاحظات":null,"Length":0.283013698630137,"Field":"ثانوي","SHAPE_Length":113.5006432749746,"__networkId":"roads","__networkName":"الطرق والقطاعات","__layerId":"roads_lines","__layerName":"طرق المدينة","__assetName":"طرق المدينة","__geometryKind":"line","__featureIndex":849,"__length_m":113.5,"__typeValue":"تم التسليم"},"geometry":{"type":"LineString","coordinates":[[31.563609055893284,30.26759003507937],[31.564088691576302,30.266812949258092]]}},{"type":"Feature","properties":{"اسم_الحي":"حي 14","نوع_الطريق":"3","اسم_القطاع":"ABOR 2","موقف_التنفيذ":"تم التسليم","موقف_المتخلص":"3","ملاحظات":null,"Length":0.283013698630137,"Field":"ثانوي","SHAPE_Length":114.86739956163382,"__networkId":"roads","__networkName":"الطرق والقطاعات","__layerId":"roads_lines","__layerName":"طرق المدينة","__assetName":"طرق المدينة","__geometryKind":"line","__featureIndex":850,"__length_m":114.87,"__typeValue":"تم التسليم"},"geometry":{"type":"LineString","coordinates":[[31.562661052994176,30.267176311986212],[31.56310042977944,30.266369927696836]]}},{"type":"Feature","properties":{"اسم_الحي":"حي 14","نوع_الطريق":"3","اسم_القطاع":"ABOR 2","موقف_التنفيذ":"تم التسليم","موقف_المتخلص":"3","ملاحظات":null,"Length":0.283013698630137,"Field":"ثانوي","SHAPE_Length":114.48319758114718,"__networkId":"roads","__networkName":"الطرق والقطاعات","__layerId":"roads_lines","__layerName":"طرق المدينة","__assetName":"طرق المدينة","__geometryKind":"line","__featureIndex":851,"__length_m":114.48,"__typeValue":"تم التسليم"},"geometry":{"type":"LineString","coordinates":[[31.561696702553522,30.266798026292484],[31.562134618678105,30.26599433970066]]}},{"type":"Feature","properties":{"اسم_الحي":"حي 14","نوع_الطريق":"3","اسم_القطاع":"ABOR 2","موقف_التنفيذ":"تم التسليم","موقف_المتخلص":"3","ملاحظات":null,"Length":0.283013698630137,"Field":"ثانوي","SHAPE_Length":114.14305613309702,"__networkId":"roads","__networkName":"الطرق والقطاعات","__layerId":"roads_lines","__layerName":"طرق المدينة","__assetName":"طرق المدينة","__geometryKind":"line","__featureIndex":852,"__length_m":114.14,"__typeValue":"تم التسليم"},"geometry":{"type":"LineString","coordinates":[[31.56063158359586,30.26640968235377],[31.560998395370795,30.265582687672644]]}},{"type":"Feature","properties":{"اسم_الحي":"حي 14","نوع_الطريق":"3","اسم_القطاع":"ABOR 2","موقف_التنفيذ":"تم التسليم","موقف_المتخلص":"3","ملاحظات":null,"Length":0.283013698630137,"Field":"ثانوي","SHAPE_Length":116.64912281187452,"__networkId":"roads","__networkName":"الطرق والقطاعات","__layerId":"roads_lines","__layerName":"طرق المدينة","__assetName":"طرق المدينة","__geometryKind":"line","__featureIndex":853,"__length_m":116.65,"__typeValue":"تم التسليم"},"geometry":{"type":"LineString","coordinates":[[31.55978842936178,30.26621679309499],[31.55976499141771,30.265311978042142]]}},{"type":"Feature","properties":{"اسم_الحي":"حي 14","نوع_الطريق":"3","اسم_القطاع":"ABOR 2","موقف_التنفيذ":"تم التسليم","موقف_المتخلص":"3","ملاحظات":null,"Length":0.283013698630137,"Field":"ثانوي","SHAPE_Length":142.86206633321143,"__networkId":"roads","__networkName":"الطرق والقطاعات","__layerId":"roads_lines","__layerName":"طرق المدينة","__assetName":"طرق المدينة","__geometryKind":"line","__featureIndex":854,"__length_m":142.86,"__typeValue":"تم التسليم"},"geometry":{"type":"LineString","coordinates":[[31.55674357443488,30.26453551584485],[31.557569605881355,30.265383822551044]]}},{"type":"Feature","properties":{"اسم_الحي":"حي 14","نوع_الطريق":"3","اسم_القطاع":"ABOR 2","موقف_التنفيذ":"تم التسليم","موقف_المتخلص":"3","ملاحظات":null,"Length":0.283013698630137,"Field":"ثانوي","SHAPE_Length":116.5174792979413,"__networkId":"roads","__networkName":"الطرق والقطاعات","__layerId":"roads_lines","__layerName":"طرق المدينة","__assetName":"طرق المدينة","__geometryKind":"line","__featureIndex":855,"__length_m":116.52,"__typeValue":"تم التسليم"},"geometry":{"type":"LineString","coordinates":[[31.558948695912274,30.26642267579753],[31.558491861267786,30.26564918233927],[31.5584712251691,30.26561824129484]]}},{"type":"Feature","properties":{"اسم_الحي":"حي 14","نوع_الطريق":"3","اسم_القطاع":"ABOR 2","موقف_التنفيذ":"تم التسليم","موقف_المتخلص":"3","ملاحظات":null,"Length":0.283013698630137,"Field":"ثانوي","SHAPE_Length":161.60204098131857,"__networkId":"roads","__networkName":"الطرق والقطاعات","__layerId":"roads_lines","__layerName":"طرق المدينة","__assetName":"طرق المدينة","__geometryKind":"line","__featureIndex":856,"__length_m":161.6,"__typeValue":"تم التسليم"},"geometry":{"type":"LineString","coordinates":[[31.555515527135857,30.26563329245886],[31.556842304674507,30.266142127359668]]}},{"type":"Feature","properties":{"اسم_الحي":"حي 14","نوع_الطريق":"3","اسم_القطاع":"ABOR 2","موقف_التنفيذ":"تم التسليم","موقف_المتخلص":"3","ملاحظات":null,"Length":0.283013698630137,"Field":"ثانوي","SHAPE_Length":156.95258282655587,"__networkId":"roads","__networkName":"الطرق والقطاعات","__layerId":"roads_lines","__layerName":"طرق المدينة","__assetName":"طرق المدينة","__geometryKind":"line","__featureIndex":857,"__length_m":156.95,"__typeValue":"تم التسليم"},"geometry":{"type":"LineString","coordinates":[[31.555129177901822,30.26665781516722],[31.556450336478395,30.267083079060836]]}},{"type":"Feature","properties":{"اسم_الحي":"حي 14","نوع_الطريق":"3","اسم_القطاع":"ABOR 2","موقف_التنفيذ":"تم التسليم","موقف_المتخلص":"3","ملاحظات":null,"Length":0.283013698630137,"Field":"ثانوي","SHAPE_Length":111.36152087779952,"__networkId":"roads","__networkName":"الطرق والقطاعات","__layerId":"roads_lines","__layerName":"طرق المدينة","__assetName":"طرق المدينة","__geometryKind":"line","__featureIndex":858,"__length_m":111.36,"__typeValue":"تم التسليم"},"geometry":{"type":"LineString","coordinates":[[31.558425977028232,30.266892396903994],[31.557578113825397,30.266433841297314]]}},{"type":"Feature","properties":{"اسم_الحي":"حي 14","نوع_الطريق":"3","اسم_القطاع":"ABOR 2","موقف_التنفيذ":"تم التسليم","موقف_المتخلص":"3","ملاحظات":null,"Length":0.283013698630137,"Field":"ثانوي","SHAPE_Length":117.2891068284841,"__networkId":"roads","__networkName":"الطرق والقطاعات","__layerId":"roads_lines","__layerName":"طرق المدينة","__assetName":"طرق المدينة","__geometryKind":"line","__featureIndex":859,"__length_m":117.29,"__typeValue":"تم التسليم"},"geometry":{"type":"LineString","coordinates":[[31.55809964962823,30.267666953578345],[31.557112715541347,30.267348339601572]]}},{"type":"Feature","properties":{"اسم_الحي":"حي 14","نوع_الطريق":"3","اسم_القطاع":"ABOR 2","موقف_التنفيذ":"تم التسليم","موقف_المتخلص":"3","ملاحظات":null,"Length":0.283013698630137,"Field":"ثانوي","SHAPE_Length":157.09550571771877,"__networkId":"roads","__networkName":"الطرق والقطاعات","__layerId":"roads_lines","__layerName":"طرق المدينة","__assetName":"طرق المدينة","__geometryKind":"line","__featureIndex":860,"__length_m":157.1,"__typeValue":"تم التسليم"},"geometry":{"type":"LineString","coordinates":[[31.554778215103454,30.267570591308463],[31.55610311695983,30.267990265096113]]}},{"type":"Feature","properties":{"اسم_الحي":"حي 14","نوع_الطريق":"3","اسم_القطاع":"ABOR 2","موقف_التنفيذ":"تم التسليم","موقف_المتخلص":"3","ملاحظات":null,"Length":0.283013698630137,"Field":"ثانوي","SHAPE_Length":112.39776442722734,"__networkId":"roads","__networkName":"الطرق والقطاعات","__layerId":"roads_lines","__layerName":"طرق المدينة","__assetName":"طرق المدينة","__geometryKind":"line","__featureIndex":861,"__length_m":112.4,"__typeValue":"تم التسليم"},"geometry":{"type":"LineString","coordinates":[[31.557714206794337,30.268589287341513],[31.556878910124027,30.268315550092368],[31.556771012576927,30.268278110574354]]}},{"type":"Feature","properties":{"اسم_الحي":"حي 14","نوع_الطريق":"3","اسم_القطاع":"ABOR 2","موقف_التنفيذ":"تم التسليم","موقف_المتخلص":"3","ملاحظات":null,"Length":0.283013698630137,"Field":"ثانوي","SHAPE_Length":79.178944118036,"__networkId":"roads","__networkName":"الطرق والقطاعات","__layerId":"roads_lines","__layerName":"طرق المدينة","__assetName":"طرق المدينة","__geometryKind":"line","__featureIndex":862,"__length_m":79.18,"__typeValue":"تم التسليم"},"geometry":{"type":"LineString","coordinates":[[31.557714206794337,30.268589287341513],[31.55837922151434,30.26880721631732]]}},{"type":"Feature","properties":{"اسم_الحي":"حي 14","نوع_الطريق":"3","اسم_القطاع":"ABOR 2","موقف_التنفيذ":"تم التسليم","موقف_المتخلص":"3","ملاحظات":null,"Length":0.283013698630137,"Field":"ثانوي","SHAPE_Length":59.07774655913389,"__networkId":"roads","__networkName":"الطرق والقطاعات","__layerId":"roads_lines","__layerName":"طرق المدينة","__assetName":"طرق المدينة","__geometryKind":"line","__featureIndex":863,"__length_m":59.08,"__typeValue":"تم التسليم"},"geometry":{"type":"LineString","coordinates":[[31.559605438945137,30.26922102253576],[31.559103624756087,30.269071856178]]}},{"type":"Feature","properties":{"اسم_الحي":"حي 14","نوع_الطريق":"3","اسم_القطاع":"ABOR 1","موقف_التنفيذ":"تم التسليم","موقف_المتخلص":"3","ملاحظات":null,"Length":0.283013698630137,"Field":"ثانوي","SHAPE_Length":93.52966789251332,"__networkId":"roads","__networkName":"الطرق والقطاعات","__layerId":"roads_lines","__layerName":"طرق المدينة","__assetName":"طرق المدينة","__geometryKind":"line","__featureIndex":864,"__length_m":93.53,"__typeValue":"تم التسليم"},"geometry":{"type":"LineString","coordinates":[[31.562688009639214,30.2697566945665],[31.56330832059742,30.270132279031145],[31.56337963964445,30.27016831512824]]}},{"type":"Feature","properties":{"اسم_الحي":"حي 14","نوع_الطريق":"3","اسم_القطاع":"ABOR 3","موقف_التنفيذ":"تم التسليم","موقف_المتخلص":"3","ملاحظات":null,"Length":0.283013698630137,"Field":"ثانوي","SHAPE_Length":156.11293117719651,"__networkId":"roads","__networkName":"الطرق والقطاعات","__layerId":"roads_lines","__layerName":"طرق المدينة","__assetName":"طرق المدينة","__geometryKind":"line","__featureIndex":865,"__length_m":156.11,"__typeValue":"تم التسليم"},"geometry":{"type":"LineString","coordinates":[[31.554280616708013,30.268742885303688],[31.5555819099404,30.269194414159667]]}},{"type":"Feature","properties":{"اسم_الحي":"حي 14","نوع_الطريق":"3","اسم_القطاع":"ABOR 3","موقف_التنفيذ":"تم التسليم","موقف_المتخلص":"3","ملاحظات":null,"Length":0.283013698630137,"Field":"ثانوي","SHAPE_Length":116.56849555637135,"__networkId":"roads","__networkName":"الطرق والقطاعات","__layerId":"roads_lines","__layerName":"طرق المدينة","__assetName":"طرق المدينة","__geometryKind":"line","__featureIndex":866,"__length_m":116.57,"__typeValue":"تم التسليم"},"geometry":{"type":"LineString","coordinates":[[31.557150676548623,30.26975481004981],[31.55617729175113,30.2694213749349]]}},{"type":"Feature","properties":{"اسم_الحي":"حي 14","نوع_الطريق":"3","اسم_القطاع":"ABOR 3","موقف_التنفيذ":"تم التسليم","موقف_المتخلص":"3","ملاحظات":null,"Length":0.283013698630137,"Field":"ثانوي","SHAPE_Length":121.49160752295982,"__networkId":"roads","__networkName":"الطرق والقطاعات","__layerId":"roads_lines","__layerName":"طرق المدينة","__assetName":"طرق المدينة","__geometryKind":"line","__featureIndex":867,"__length_m":121.49,"__typeValue":"تم التسليم"},"geometry":{"type":"LineString","coordinates":[[31.55384078088366,30.26968596503779],[31.554869316849693,30.27000119420272]]}},{"type":"Feature","properties":{"اسم_الحي":"حي 14","نوع_الطريق":"3","اسم_القطاع":"ABOR 3","موقف_التنفيذ":"تم التسليم","موقف_المتخلص":"3","ملاحظات":null,"Length":0.283013698630137,"Field":"ثانوي","SHAPE_Length":114.27264835918436,"__networkId":"roads","__networkName":"الطرق والقطاعات","__layerId":"roads_lines","__layerName":"طرق المدينة","__assetName":"طرق المدينة","__geometryKind":"line","__featureIndex":868,"__length_m":114.27,"__typeValue":"تم التسليم"},"geometry":{"type":"LineString","coordinates":[[31.556639246792738,30.270679201103132],[31.55570452279016,30.27031273015118]]}},{"type":"Feature","properties":{"اسم_الحي":"حي 14","نوع_الطريق":"3","اسم_القطاع":"ABOR 3","موقف_التنفيذ":"تم التسليم","موقف_المتخلص":"3","ملاحظات":null,"Length":0.283013698630137,"Field":"ثانوي","SHAPE_Length":113.69675986331347,"__networkId":"roads","__networkName":"الطرق والقطاعات","__layerId":"roads_lines","__layerName":"طرق المدينة","__assetName":"طرق المدينة","__geometryKind":"line","__featureIndex":869,"__length_m":113.7,"__typeValue":"تم التسليم"},"geometry":{"type":"LineString","coordinates":[[31.55614454815903,30.271491902467453],[31.555206729460316,30.271142511336045]]}},{"type":"Feature","properties":{"اسم_الحي":"حي 14","نوع_الطريق":"3","اسم_القطاع":"ABOR 3","موقف_التنفيذ":"تم التسليم","موقف_المتخلص":"3","ملاحظات":null,"Length":0.283013698630137,"Field":"ثانوي","SHAPE_Length":125.55383784113954,"__networkId":"roads","__networkName":"الطرق والقطاعات","__layerId":"roads_lines","__layerName":"طرق المدينة","__assetName":"طرق المدينة","__geometryKind":"line","__featureIndex":870,"__length_m":125.55,"__typeValue":"تم التسليم"},"geometry":{"type":"LineString","coordinates":[[31.55338302636435,30.270593437354552],[31.55445426374741,30.270898221689517]]}},{"type":"Feature","properties":{"اسم_الحي":"حي 14","نوع_الطريق":"3","اسم_القطاع":"ABOR 3","موقف_التنفيذ":"تم التسليم","موقف_المتخلص":"3","ملاحظات":null,"Length":0.283013698630137,"Field":"ثانوي","SHAPE_Length":83.5941809575936,"__networkId":"roads","__networkName":"الطرق والقطاعات","__layerId":"roads_lines","__layerName":"طرق المدينة","__assetName":"طرق المدينة","__geometryKind":"line","__featureIndex":871,"__length_m":83.59,"__typeValue":"تم التسليم"},"geometry":{"type":"LineString","coordinates":[[31.557150676548623,30.26975481004981],[31.55776414414098,30.269964949343606],[31.5578495577548,30.269992017583174]]}},{"type":"Feature","properties":{"اسم_الحي":"حي 14","نوع_الطريق":"3","اسم_القطاع":"ABOR 3","موقف_التنفيذ":"تم التسليم","موقف_المتخلص":"3","ملاحظات":null,"Length":0.283013698630137,"Field":"ثانوي","SHAPE_Length":62.05675621207173,"__networkId":"roads","__networkName":"الطرق والقطاعات","__layerId":"roads_lines","__layerName":"طرق المدينة","__assetName":"طرق المدينة","__geometryKind":"line","__featureIndex":872,"__length_m":62.06,"__typeValue":"تم التسليم"},"geometry":{"type":"LineString","coordinates":[[31.559011415387094,30.270452110568137],[31.5585630716187,30.270308393227005],[31.558490330538564,30.2702812583527]]}},{"type":"Feature","properties":{"اسم_الحي":"حي 14","نوع_الطريق":"3","اسم_القطاع":"ABOR 3","موقف_التنفيذ":"تم التسليم","موقف_المتخلص":"3","ملاحظات":null,"Length":0.283013698630137,"Field":"ثانوي","SHAPE_Length":86.7463652557247,"__networkId":"roads","__networkName":"الطرق والقطاعات","__layerId":"roads_lines","__layerName":"طرق المدينة","__assetName":"طرق المدينة","__geometryKind":"line","__featureIndex":873,"__length_m":86.75,"__typeValue":"تم التسليم"},"geometry":{"type":"LineString","coordinates":[[31.55669998368573,30.27057481811425],[31.55741385867236,30.2708446605941]]}},{"type":"Feature","properties":{"اسم_الحي":"حي 14","نوع_الطريق":"3","اسم_القطاع":"ABOR 3","موقف_التنفيذ":"تم التسليم","موقف_المتخلص":"3","ملاحظات":null,"Length":0.283013698630137,"Field":"ثانوي","SHAPE_Length":93.6853724153169,"__networkId":"roads","__networkName":"الطرق والقطاعات","__layerId":"roads_lines","__layerName":"طرق المدينة","__assetName":"طرق المدينة","__geometryKind":"line","__featureIndex":874,"__length_m":93.69,"__typeValue":"تم التسليم"},"geometry":{"type":"LineString","coordinates":[[31.55627495838546,30.271278972683884],[31.55699972993648,30.271648407561585]]}},{"type":"Feature","properties":{"اسم_الحي":"حي 14","نوع_الطريق":"3","اسم_القطاع":"ABOR 3","موقف_التنفيذ":"تم التسليم","موقف_المتخلص":"3","ملاحظات":null,"Length":0.283013698630137,"Field":"ثانوي","SHAPE_Length":107.80125015970695,"__networkId":"roads","__networkName":"الطرق والقطاعات","__layerId":"roads_lines","__layerName":"طرق المدينة","__assetName":"طرق المدينة","__geometryKind":"line","__featureIndex":875,"__length_m":107.8,"__typeValue":"تم التسليم"},"geometry":{"type":"LineString","coordinates":[[31.55327341752664,30.271933994753557],[31.554241704384875,30.271921490032234]]}},{"type":"Feature","properties":{"اسم_الحي":"حي 14","نوع_الطريق":"3","اسم_القطاع":"ABOR 3","موقف_التنفيذ":"تم التسليم","موقف_المتخلص":"3","ملاحظات":null,"Length":0.283013698630137,"Field":"ثانوي","SHAPE_Length":115.7134173758466,"__networkId":"roads","__networkName":"الطرق والقطاعات","__layerId":"roads_lines","__layerName":"طرق المدينة","__assetName":"طرق المدينة","__geometryKind":"line","__featureIndex":876,"__length_m":115.71,"__typeValue":"تم التسليم"},"geometry":{"type":"LineString","coordinates":[[31.556078566003087,30.27221885417029],[31.555061306588858,30.272403321751995]]}},{"type":"Feature","properties":{"اسم_الحي":"حي 14","نوع_الطريق":"3","اسم_القطاع":"ABOR 3","موقف_التنفيذ":"تم التسليم","موقف_المتخلص":"3","ملاحظات":null,"Length":0.283013698630137,"Field":"ثانوي","SHAPE_Length":115.21815538423598,"__networkId":"roads","__networkName":"الطرق والقطاعات","__layerId":"roads_lines","__layerName":"طرق المدينة","__assetName":"طرق المدينة","__geometryKind":"line","__featureIndex":877,"__length_m":115.22,"__typeValue":"تم التسليم"},"geometry":{"type":"LineString","coordinates":[[31.553711591467724,30.27362922547941],[31.55458168707549,30.273232277643423],[31.55462518978976,30.273209309694654]]}},{"type":"Feature","properties":{"اسم_الحي":"حي 14","نوع_الطريق":"3","اسم_القطاع":"ABOR 3","موقف_التنفيذ":"تم التسليم","موقف_المتخلص":"3","ملاحظات":null,"Length":0.283013698630137,"Field":"ثانوي","SHAPE_Length":116.95483446808811,"__networkId":"roads","__networkName":"الطرق والقطاعات","__layerId":"roads_lines","__layerName":"طرق المدينة","__assetName":"طرق المدينة","__geometryKind":"line","__featureIndex":878,"__length_m":116.95,"__typeValue":"تم التسليم"},"geometry":{"type":"LineString","coordinates":[[31.556565775382268,30.272833031786153],[31.555860543087007,30.27341566106345],[31.55581063987635,30.273463638018388]]}},{"type":"Feature","properties":{"اسم_الحي":"حي 14","نوع_الطريق":"3","اسم_القطاع":"ABOR 3","موقف_التنفيذ":"تم التسليم","موقف_المتخلص":"3","ملاحظات":null,"Length":0.283013698630137,"Field":"ثانوي","SHAPE_Length":115.67035704613788,"__networkId":"roads","__networkName":"الطرق والقطاعات","__layerId":"roads_lines","__layerName":"طرق المدينة","__assetName":"طرق المدينة","__geometryKind":"line","__featureIndex":879,"__length_m":115.67,"__typeValue":"تم التسليم"},"geometry":{"type":"LineString","coordinates":[[31.556565775382268,30.272833031786153],[31.55726281773712,30.272167510317487]]}},{"type":"Feature","properties":{"اسم_الحي":"حي 14","نوع_الطريق":"3","اسم_القطاع":"ABOR 3","موقف_التنفيذ":"تم التسليم","موقف_المتخلص":"3","ملاحظات":null,"Length":0.283013698630137,"Field":"ثانوي","SHAPE_Length":116.23372956286367,"__networkId":"roads","__networkName":"الطرق والقطاعات","__layerId":"roads_lines","__layerName":"طرق المدينة","__assetName":"طرق المدينة","__geometryKind":"line","__featureIndex":880,"__length_m":116.23,"__typeValue":"تم التسليم"},"geometry":{"type":"LineString","coordinates":[[31.55736460674026,30.273463305971223],[31.55668342953168,30.274059496485535],[31.55663338438718,30.274106947129244]]}},{"type":"Feature","properties":{"اسم_الحي":"حي 14","نوع_الطريق":"3","اسم_القطاع":"ABOR 3","موقف_التنفيذ":"تم التسليم","موقف_المتخلص":"3","ملاحظات":null,"Length":0.283013698630137,"Field":"ثانوي","SHAPE_Length":115.61091781728359,"__networkId":"roads","__networkName":"الطرق والقطاعات","__layerId":"roads_lines","__layerName":"طرق المدينة","__assetName":"طرق المدينة","__geometryKind":"line","__featureIndex":881,"__length_m":115.61,"__typeValue":"تم التسليم"},"geometry":{"type":"LineString","coordinates":[[31.55736460674026,30.273463305971223],[31.558029413949434,30.272828503346695],[31.558058755621566,30.272796281364425]]}},{"type":"Feature","properties":{"اسم_الحي":"حي 14","نوع_الطريق":"3","اسم_القطاع":"ABOR 3","موقف_التنفيذ":"تم التسليم","موقف_المتخلص":"3","ملاحظات":null,"Length":0.283013698630137,"Field":"ثانوي","SHAPE_Length":126.77129443387737,"__networkId":"roads","__networkName":"الطرق والقطاعات","__layerId":"roads_lines","__layerName":"طرق المدينة","__assetName":"طرق المدينة","__geometryKind":"line","__featureIndex":882,"__length_m":126.77,"__typeValue":"تم التسليم"},"geometry":{"type":"LineString","coordinates":[[31.5545462045201,30.274689809343215],[31.55530819776489,30.27395891544402]]}},{"type":"Feature","properties":{"اسم_الحي":"حي 14","نوع_الطريق":"3","اسم_القطاع":"ABOR 3","موقف_التنفيذ":"تم التسليم","موقف_المتخلص":"3","ملاحظات":null,"Length":0.283013698630137,"Field":"ثانوي","SHAPE_Length":126.88657158874992,"__networkId":"roads","__networkName":"الطرق والقطاعات","__layerId":"roads_lines","__layerName":"طرق المدينة","__assetName":"طرق المدينة","__geometryKind":"line","__featureIndex":883,"__length_m":126.89,"__typeValue":"تم التسليم"},"geometry":{"type":"LineString","coordinates":[[31.555369618275833,30.275336527025008],[31.55613132855131,30.274604226757493]]}},{"type":"Feature","properties":{"اسم_الحي":"حي 13","نوع_الطريق":"3","اسم_القطاع":"ABOR 5","موقف_التنفيذ":"تم التسليم","موقف_المتخلص":"3","ملاحظات":null,"Length":0.283013698630137,"Field":"ثانوي","SHAPE_Length":130.52298500202386,"__networkId":"roads","__networkName":"الطرق والقطاعات","__layerId":"roads_lines","__layerName":"طرق المدينة","__assetName":"طرق المدينة","__geometryKind":"line","__featureIndex":884,"__length_m":130.52,"__typeValue":"تم التسليم"},"geometry":{"type":"LineString","coordinates":[[31.55461088322055,30.274740620452864],[31.553893328734546,30.275428875462605],[31.553824542038267,30.275491706361464]]}},{"type":"Feature","properties":{"اسم_الحي":"حي 13","نوع_الطريق":"3","اسم_القطاع":"ABOR 5","موقف_التنفيذ":"تم التسليم","موقف_المتخلص":"3","ملاحظات":null,"Length":0.283013698630137,"Field":"ثانوي","SHAPE_Length":133.1968123340689,"__networkId":"roads","__networkName":"الطرق والقطاعات","__layerId":"roads_lines","__layerName":"طرق المدينة","__assetName":"طرق المدينة","__geometryKind":"line","__featureIndex":885,"__length_m":133.2,"__typeValue":"تم التسليم"},"geometry":{"type":"LineString","coordinates":[[31.555369618275833,30.275336527025008],[31.554569001965376,30.276104455438503]]}},{"type":"Feature","properties":{"اسم_الحي":"حي 14","نوع_الطريق":"3","اسم_القطاع":"ABOR 3","موقف_التنفيذ":"تم التسليم","موقف_المتخلص":"3","ملاحظات":null,"Length":0.283013698630137,"Field":"ثانوي","SHAPE_Length":115.49708435294025,"__networkId":"roads","__networkName":"الطرق والقطاعات","__layerId":"roads_lines","__layerName":"طرق المدينة","__assetName":"طرق المدينة","__geometryKind":"line","__featureIndex":886,"__length_m":115.5,"__typeValue":"تم التسليم"},"geometry":{"type":"LineString","coordinates":[[31.558191668554375,30.27411584097065],[31.558887623049376,30.273451290981647]]}},{"type":"Feature","properties":{"اسم_الحي":"حي 14","نوع_الطريق":"3","اسم_القطاع":"ABOR 3","موقف_التنفيذ":"تم التسليم","موقف_المتخلص":"3","ملاحظات":null,"Length":0.283013698630137,"Field":"ثانوي","SHAPE_Length":115.82780523659567,"__networkId":"roads","__networkName":"الطرق والقطاعات","__layerId":"roads_lines","__layerName":"طرق المدينة","__assetName":"طرق المدينة","__geometryKind":"line","__featureIndex":887,"__length_m":115.83,"__typeValue":"تم التسليم"},"geometry":{"type":"LineString","coordinates":[[31.558191668554375,30.27411584097065],[31.5574591355593,30.27475400534923]]}},{"type":"Feature","properties":{"اسم_الحي":"حي 14","نوع_الطريق":"3","اسم_القطاع":"ABOR 1","موقف_التنفيذ":"تم التسليم","موقف_المتخلص":"3","ملاحظات":null,"Length":0.283013698630137,"Field":"ثانوي","SHAPE_Length":92.63850517475957,"__networkId":"roads","__networkName":"الطرق والقطاعات","__layerId":"roads_lines","__layerName":"طرق المدينة","__assetName":"طرق المدينة","__geometryKind":"line","__featureIndex":888,"__length_m":92.64,"__typeValue":"تم التسليم"},"geometry":{"type":"LineString","coordinates":[[31.561886446504477,30.2703633154309],[31.56251283456555,30.270836493410883]]}},{"type":"Feature","properties":{"اسم_الحي":"حي 14","نوع_الطريق":"3","اسم_القطاع":"ABOR 1","موقف_التنفيذ":"تم التسليم","موقف_المتخلص":"3","ملاحظات":null,"Length":0.283013698630137,"Field":"ثانوي","SHAPE_Length":93.30236298559969,"__networkId":"roads","__networkName":"الطرق والقطاعات","__layerId":"roads_lines","__layerName":"طرق المدينة","__assetName":"طرق المدينة","__geometryKind":"line","__featureIndex":889,"__length_m":93.3,"__typeValue":"تم التسليم"},"geometry":{"type":"LineString","coordinates":[[31.561067402154286,30.271147008820083],[31.561688336543288,30.271633216119486]]}},{"type":"Feature","properties":{"اسم_الحي":"حي 14","نوع_الطريق":"3","اسم_القطاع":"ABOR 1","موقف_التنفيذ":"تم التسليم","موقف_المتخلص":"3","ملاحظات":null,"Length":0.283013698630137,"Field":"ثانوي","SHAPE_Length":93.72936844833251,"__networkId":"roads","__networkName":"الطرق والقطاعات","__layerId":"roads_lines","__layerName":"طرق المدينة","__assetName":"طرق المدينة","__geometryKind":"line","__featureIndex":890,"__length_m":93.73,"__typeValue":"تم التسليم"},"geometry":{"type":"LineString","coordinates":[[31.56026739759655,30.271916739665215],[31.560891169763515,30.27240517208178]]}},{"type":"Feature","properties":{"اسم_الحي":"حي 14","نوع_الطريق":"3","اسم_القطاع":"ABOR 1","موقف_التنفيذ":"تم التسليم","موقف_المتخلص":"3","ملاحظات":null,"Length":0.283013698630137,"Field":"ثانوي","SHAPE_Length":60.895890806258244,"__networkId":"roads","__networkName":"الطرق والقطاعات","__layerId":"roads_lines","__layerName":"طرق المدينة","__assetName":"طرق المدينة","__geometryKind":"line","__featureIndex":891,"__length_m":60.9,"__typeValue":"تم التسليم"},"geometry":{"type":"LineString","coordinates":[[31.560365119926402,30.271822715246106],[31.559959856664083,30.271505378578528]]}},{"type":"Feature","properties":{"اسم_الحي":"حي 14","نوع_الطريق":"3","اسم_القطاع":"ABOR 1","موقف_التنفيذ":"تم التسليم","موقف_المتخلص":"3","ملاحظات":null,"Length":0.283013698630137,"Field":"ثانوي","SHAPE_Length":133.0237686601634,"__networkId":"roads","__networkName":"الطرق والقطاعات","__layerId":"roads_lines","__layerName":"طرق المدينة","__assetName":"طرق المدينة","__geometryKind":"line","__featureIndex":892,"__length_m":133.02,"__typeValue":"تم التسليم"},"geometry":{"type":"LineString","coordinates":[[31.56487331967132,30.271422833683747],[31.564190437460347,30.270770816881768],[31.56406674034403,30.270661486500888]]}},{"type":"Feature","properties":{"اسم_الحي":"حي 14","نوع_الطريق":"3","اسم_القطاع":"ABOR 1","موقف_التنفيذ":"تم التسليم","موقف_المتخلص":"3","ملاحظات":null,"Length":0.283013698630137,"Field":"ثانوي","SHAPE_Length":129.56264997033864,"__networkId":"roads","__networkName":"الطرق والقطاعات","__layerId":"roads_lines","__layerName":"طرق المدينة","__assetName":"طرق المدينة","__geometryKind":"line","__featureIndex":893,"__length_m":129.56,"__typeValue":"تم التسليم"},"geometry":{"type":"LineString","coordinates":[[31.563984578631498,30.272125377770802],[31.563188909343317,30.271391773429837]]}},{"type":"Feature","properties":{"اسم_الحي":"حي 14","نوع_الطريق":"3","اسم_القطاع":"ABOR 1","موقف_التنفيذ":"تم التسليم","موقف_المتخلص":"3","ملاحظات":null,"Length":0.283013698630137,"Field":"ثانوي","SHAPE_Length":126.90986134730673,"__networkId":"roads","__networkName":"الطرق والقطاعات","__layerId":"roads_lines","__layerName":"طرق المدينة","__assetName":"طرق المدينة","__geometryKind":"line","__featureIndex":894,"__length_m":126.91,"__typeValue":"تم التسليم"},"geometry":{"type":"LineString","coordinates":[[31.563192118125517,30.272805855715628],[31.562347513112254,30.272144533585564]]}},{"type":"Feature","properties":{"اسم_الحي":"حي 14","نوع_الطريق":"3","اسم_القطاع":"ABOR 1","موقف_التنفيذ":"تم التسليم","موقف_المتخلص":"3","ملاحظات":null,"Length":0.283013698630137,"Field":"ثانوي","SHAPE_Length":127.21148027003363,"__networkId":"roads","__networkName":"الطرق والقطاعات","__layerId":"roads_lines","__layerName":"طرق المدينة","__assetName":"طرق المدينة","__geometryKind":"line","__featureIndex":895,"__length_m":127.21,"__typeValue":"تم التسليم"},"geometry":{"type":"LineString","coordinates":[[31.56236939517425,30.27358149220981],[31.56152278781619,30.272918598848296]]}},{"type":"Feature","properties":{"اسم_الحي":"حي 14","نوع_الطريق":"3","اسم_القطاع":"ABOR 3","موقف_التنفيذ":"تم التسليم","موقف_المتخلص":"3","ملاحظات":null,"Length":0.283013698630137,"Field":"ثانوي","SHAPE_Length":58.53661962693,"__networkId":"roads","__networkName":"الطرق والقطاعات","__layerId":"roads_lines","__layerName":"طرق المدينة","__assetName":"طرق المدينة","__geometryKind":"line","__featureIndex":896,"__length_m":58.54,"__typeValue":"تم التسليم"},"geometry":{"type":"LineString","coordinates":[[31.559092521579164,30.271881198409734],[31.55874126233675,30.272219155188875]]}},{"type":"Feature","properties":{"اسم_الحي":"حي 14","نوع_الطريق":"3","اسم_القطاع":"ABOR 3","موقف_التنفيذ":"تم التسليم","موقف_المتخلص":"3","ملاحظات":null,"Length":0.283013698630137,"Field":"ثانوي","SHAPE_Length":58.791921895505695,"__networkId":"roads","__networkName":"الطرق والقطاعات","__layerId":"roads_lines","__layerName":"طرق المدينة","__assetName":"طرق المدينة","__geometryKind":"line","__featureIndex":897,"__length_m":58.79,"__typeValue":"تم التسليم"},"geometry":{"type":"LineString","coordinates":[[31.559938227028667,30.27254342071182],[31.559562112300668,30.272863626094395]]}},{"type":"Feature","properties":{"اسم_الحي":"حي 14","نوع_الطريق":"3","اسم_القطاع":"ABOR 3","موقف_التنفيذ":"تم التسليم","موقف_المتخلص":"3","ملاحظات":null,"Length":0.283013698630137,"Field":"ثانوي","SHAPE_Length":59.62494926953794,"__networkId":"roads","__networkName":"الطرق والقطاعات","__layerId":"roads_lines","__layerName":"طرق المدينة","__assetName":"طرق المدينة","__geometryKind":"line","__featureIndex":898,"__length_m":59.62,"__typeValue":"تم التسليم"},"geometry":{"type":"LineString","coordinates":[[31.56078160853652,30.273203809954342],[31.560390394925236,30.273519762515317]]}},{"type":"Feature","properties":{"اسم_الحي":"حي 14","نوع_الطريق":"3","اسم_القطاع":"ABOR 3","موقف_التنفيذ":"تم التسليم","موقف_المتخلص":"3","ملاحظات":null,"Length":0.283013698630137,"Field":"ثانوي","SHAPE_Length":59.818618833592886,"__networkId":"roads","__networkName":"الطرق والقطاعات","__layerId":"roads_lines","__layerName":"طرق المدينة","__assetName":"طرق المدينة","__geometryKind":"line","__featureIndex":899,"__length_m":59.82,"__typeValue":"تم التسليم"},"geometry":{"type":"LineString","coordinates":[[31.5616124253085,30.273854346645535],[31.56125348097885,30.27419970402162]]}},{"type":"Feature","properties":{"اسم_الحي":"حي 14","نوع_الطريق":"3","اسم_القطاع":"ABOR 3","موقف_التنفيذ":"تم التسليم","موقف_المتخلص":"3","ملاحظات":null,"Length":0.283013698630137,"Field":"ثانوي","SHAPE_Length":61.10710274401703,"__networkId":"roads","__networkName":"الطرق والقطاعات","__layerId":"roads_lines","__layerName":"طرق المدينة","__assetName":"طرق المدينة","__geometryKind":"line","__featureIndex":900,"__length_m":61.11,"__typeValue":"تم التسليم"},"geometry":{"type":"LineString","coordinates":[[31.562346707323425,30.274429283974392],[31.56200584877541,30.27475724276695],[31.5619825042561,30.274783841101325]]}},{"type":"Feature","properties":{"اسم_الحي":"حي 14","نوع_الطريق":"3","اسم_القطاع":"ABOR 3","موقف_التنفيذ":"تم التسليم","موقف_المتخلص":"3","ملاحظات":null,"Length":0.283013698630137,"Field":"ثانوي","SHAPE_Length":114.40370440291564,"__networkId":"roads","__networkName":"الطرق والقطاعات","__layerId":"roads_lines","__layerName":"طرق المدينة","__assetName":"طرق المدينة","__geometryKind":"line","__featureIndex":901,"__length_m":114.4,"__typeValue":"تم التسليم"},"geometry":{"type":"LineString","coordinates":[[31.560676949416045,30.276076594474898],[31.561366299497088,30.275418336277315]]}},{"type":"Feature","properties":{"اسم_الحي":"حي 14","نوع_الطريق":"3","اسم_القطاع":"ABOR 3","موقف_التنفيذ":"تم التسليم","موقف_المتخلص":"3","ملاحظات":null,"Length":0.283013698630137,"Field":"ثانوي","SHAPE_Length":114.32260497539235,"__networkId":"roads","__networkName":"الطرق والقطاعات","__layerId":"roads_lines","__layerName":"طرق المدينة","__assetName":"طرق المدينة","__geometryKind":"line","__featureIndex":902,"__length_m":114.32,"__typeValue":"تم التسليم"},"geometry":{"type":"LineString","coordinates":[[31.559853930919036,30.275427291287752],[31.560542796808146,30.27476949887068]]}},{"type":"Feature","properties":{"اسم_الحي":"حي 14","نوع_الطريق":"3","اسم_القطاع":"ABOR 3","موقف_التنفيذ":"تم التسليم","موقف_المتخلص":"3","ملاحظات":null,"Length":0.283013698630137,"Field":"ثانوي","SHAPE_Length":114.26188715415141,"__networkId":"roads","__networkName":"الطرق والقطاعات","__layerId":"roads_lines","__layerName":"طرق المدينة","__assetName":"طرق المدينة","__geometryKind":"line","__featureIndex":903,"__length_m":114.26,"__typeValue":"تم التسليم"},"geometry":{"type":"LineString","coordinates":[[31.5590105871404,30.274761938690375],[31.55969909280507,30.274104495581753]]}},{"type":"Feature","properties":{"اسم_الحي":"حي 14","نوع_الطريق":"3","اسم_القطاع":"ABOR 3","موقف_التنفيذ":"تم التسليم","موقف_المتخلص":"3","ملاحظات":null,"Length":0.283013698630137,"Field":"ثانوي","SHAPE_Length":117.85670682799805,"__networkId":"roads","__networkName":"الطرق والقطاعات","__layerId":"roads_lines","__layerName":"طرق المدينة","__assetName":"طرق المدينة","__geometryKind":"line","__featureIndex":904,"__length_m":117.86,"__typeValue":"تم التسليم"},"geometry":{"type":"LineString","coordinates":[[31.563933194997258,30.27648451750903],[31.564712142146433,30.277103749032428]]}},{"type":"Feature","properties":{"اسم_الحي":"حي 14","نوع_الطريق":"3","اسم_القطاع":"ABOR 3","موقف_التنفيذ":"تم التسليم","موقف_المتخلص":"3","ملاحظات":null,"Length":0.283013698630137,"Field":"ثانوي","SHAPE_Length":115.29145788172751,"__networkId":"roads","__networkName":"الطرق والقطاعات","__layerId":"roads_lines","__layerName":"طرق المدينة","__assetName":"طرق المدينة","__geometryKind":"line","__featureIndex":905,"__length_m":115.29,"__typeValue":"تم التسليم"},"geometry":{"type":"LineString","coordinates":[[31.563234615625007,30.276886277569783],[31.563591905257898,30.277725778757247]]}},{"type":"Feature","properties":{"اسم_الحي":"حي 14","نوع_الطريق":"3","اسم_القطاع":"ABOR 3","موقف_التنفيذ":"تم التسليم","موقف_المتخلص":"3","ملاحظات":null,"Length":0.283013698630137,"Field":"ثانوي","SHAPE_Length":115.8075193954106,"__networkId":"roads","__networkName":"الطرق والقطاعات","__layerId":"roads_lines","__layerName":"طرق المدينة","__assetName":"طرق المدينة","__geometryKind":"line","__featureIndex":906,"__length_m":115.81,"__typeValue":"تم التسليم"},"geometry":{"type":"LineString","coordinates":[[31.56241093596793,30.276986881212185],[31.56233294782822,30.27788276420209]]}},{"type":"Feature","properties":{"اسم_الحي":"حي 14","نوع_الطريق":"3","اسم_القطاع":"ABOR 3","موقف_التنفيذ":"تم التسليم","موقف_المتخلص":"3","ملاحظات":null,"Length":0.283013698630137,"Field":"ثانوي","SHAPE_Length":113.87842773785553,"__networkId":"roads","__networkName":"الطرق والقطاعات","__layerId":"roads_lines","__layerName":"طرق المدينة","__assetName":"طرق المدينة","__geometryKind":"line","__featureIndex":907,"__length_m":113.88,"__typeValue":"تم التسليم"},"geometry":{"type":"LineString","coordinates":[[31.561624704380122,30.276774579322456],[31.561120357840284,30.277543198563897]]}},{"type":"Feature","properties":{"اسم_الحي":"حي 14","نوع_الطريق":"3","اسم_القطاع":"ABOR 3","موقف_التنفيذ":"تم التسليم","موقف_المتخلص":"3","ملاحظات":null,"Length":0.283013698630137,"Field":"ثانوي","SHAPE_Length":117.31192536516217,"__networkId":"roads","__networkName":"الطرق والقطاعات","__layerId":"roads_lines","__layerName":"طرق المدينة","__assetName":"طرق المدينة","__geometryKind":"line","__featureIndex":908,"__length_m":117.31,"__typeValue":"تم التسليم"},"geometry":{"type":"LineString","coordinates":[[31.560872376109472,30.276231032538174],[31.560212075748066,30.27685818642017],[31.56016653206149,30.276906696207586]]}},{"type":"Feature","properties":{"اسم_الحي":"حي 14","نوع_الطريق":"3","اسم_القطاع":"ABOR 3","موقف_التنفيذ":"تم التسليم","موقف_المتخلص":"3","ملاحظات":null,"Length":0.283013698630137,"Field":"ثانوي","SHAPE_Length":115.00305867351165,"__networkId":"roads","__networkName":"الطرق والقطاعات","__layerId":"roads_lines","__layerName":"طرق المدينة","__assetName":"طرق المدينة","__geometryKind":"line","__featureIndex":909,"__length_m":115.0,"__typeValue":"تم التسليم"},"geometry":{"type":"LineString","coordinates":[[31.560073649854374,30.275600634931426],[31.559379688720963,30.276261546656812]]}},{"type":"Feature","properties":{"اسم_الحي":"حي 14","نوع_الطريق":"3","اسم_القطاع":"ABOR 3","موقف_التنفيذ":"تم التسليم","موقف_المتخلص":"3","ملاحظات":null,"Length":0.283013698630137,"Field":"ثانوي","SHAPE_Length":113.69935446651841,"__networkId":"roads","__networkName":"الطرق والقطاعات","__layerId":"roads_lines","__layerName":"طرق المدينة","__assetName":"طرق المدينة","__geometryKind":"line","__featureIndex":910,"__length_m":113.7,"__typeValue":"تم التسليم"},"geometry":{"type":"LineString","coordinates":[[31.559262764003588,30.274960893426883],[31.558577644089215,30.27561509108234]]}},{"type":"Feature","properties":{"اسم_الحي":"حي 14","نوع_الطريق":"3","اسم_القطاع":"ABOR 3","موقف_التنفيذ":"تم التسليم","موقف_المتخلص":"3","ملاحظات":null,"Length":0.283013698630137,"Field":"ثانوي","SHAPE_Length":76.91740203887636,"__networkId":"roads","__networkName":"الطرق والقطاعات","__layerId":"roads_lines","__layerName":"طرق المدينة","__assetName":"طرق المدينة","__geometryKind":"line","__featureIndex":911,"__length_m":76.92,"__typeValue":"تم التسليم"},"geometry":{"type":"LineString","coordinates":[[31.565842922561465,30.27794003509603],[31.565318239960206,30.27755176936991]]}},{"type":"Feature","properties":{"اسم_الحي":"حي 14","نوع_الطريق":"3","اسم_القطاع":"ABOR 3","موقف_التنفيذ":"تم التسليم","موقف_المتخلص":"3","ملاحظات":null,"Length":0.283013698630137,"Field":"ثانوي","SHAPE_Length":79.50813712675051,"__networkId":"roads","__networkName":"الطرق والقطاعات","__layerId":"roads_lines","__layerName":"طرق المدينة","__assetName":"طرق المدينة","__geometryKind":"line","__featureIndex":912,"__length_m":79.51,"__typeValue":"تم التسليم"},"geometry":{"type":"LineString","coordinates":[[31.56508003459464,30.278617401452316],[31.564607235090936,30.278155103202646]]}},{"type":"Feature","properties":{"اسم_الحي":"حي 14","نوع_الطريق":"3","اسم_القطاع":"ABOR 3","موقف_التنفيذ":"تم التسليم","موقف_المتخلص":"3","ملاحظات":null,"Length":0.283013698630137,"Field":"ثانوي","SHAPE_Length":89.77753739138117,"__networkId":"roads","__networkName":"الطرق والقطاعات","__layerId":"roads_lines","__layerName":"طرق المدينة","__assetName":"طرق المدينة","__geometryKind":"line","__featureIndex":913,"__length_m":89.78,"__typeValue":"تم التسليم"},"geometry":{"type":"LineString","coordinates":[[31.56393162833542,30.279157970041073],[31.563660150270028,30.27854572488588],[31.563637141720637,30.2785100114822]]}},{"type":"Feature","properties":{"اسم_الحي":"حي 14","نوع_الطريق":"3","اسم_القطاع":"ABOR 3","موقف_التنفيذ":"تم التسليم","موقف_المتخلص":"3","ملاحظات":null,"Length":0.283013698630137,"Field":"ثانوي","SHAPE_Length":117.61826173128588,"__networkId":"roads","__networkName":"الطرق والقطاعات","__layerId":"roads_lines","__layerName":"طرق المدينة","__assetName":"طرق المدينة","__geometryKind":"line","__featureIndex":914,"__length_m":117.62,"__typeValue":"تم التسليم"},"geometry":{"type":"LineString","coordinates":[[31.562666070085033,30.279422344611387],[31.562533126609523,30.278517151681513]]}},{"type":"Feature","properties":{"اسم_الحي":"حي 14","نوع_الطريق":"3","اسم_القطاع":"ABOR 3","موقف_التنفيذ":"تم التسليم","موقف_المتخلص":"3","ملاحظات":null,"Length":0.283013698630137,"Field":"ثانوي","SHAPE_Length":118.30138334564379,"__networkId":"roads","__networkName":"الطرق والقطاعات","__layerId":"roads_lines","__layerName":"طرق المدينة","__assetName":"طرق المدينة","__geometryKind":"line","__featureIndex":915,"__length_m":118.3,"__typeValue":"تم التسليم"},"geometry":{"type":"LineString","coordinates":[[31.561144530606246,30.279328188520534],[31.56140703540027,30.27843888253227]]}},{"type":"Feature","properties":{"اسم_الحي":"حي 14","نوع_الطريق":"3","اسم_القطاع":"ABOR 3","موقف_التنفيذ":"تم التسليم","موقف_المتخلص":"3","ملاحظات":null,"Length":0.283013698630137,"Field":"ثانوي","SHAPE_Length":128.40837432851782,"__networkId":"roads","__networkName":"الطرق والقطاعات","__layerId":"roads_lines","__layerName":"طرق المدينة","__assetName":"طرق المدينة","__geometryKind":"line","__featureIndex":916,"__length_m":128.41,"__typeValue":"تم التسليم"},"geometry":{"type":"LineString","coordinates":[[31.559747702441744,30.278774890496642],[31.560487442620328,30.278010555423897]]}},{"type":"Feature","properties":{"اسم_الحي":"حي 14","نوع_الطريق":"3","اسم_القطاع":"ABOR 3","موقف_التنفيذ":"تم التسليم","موقف_المتخلص":"3","ملاحظات":null,"Length":0.283013698630137,"Field":"ثانوي","SHAPE_Length":127.8440954440777,"__networkId":"roads","__networkName":"الطرق والقطاعات","__layerId":"roads_lines","__layerName":"طرق المدينة","__assetName":"طرق المدينة","__geometryKind":"line","__featureIndex":917,"__length_m":127.84,"__typeValue":"تم التسليم"},"geometry":{"type":"LineString","coordinates":[[31.558892791057207,30.27810350877687],[31.55958099129467,30.27744337204731],[31.559657621181668,30.277363756062705]]}},{"type":"Feature","properties":{"اسم_الحي":"حي 14","نوع_الطريق":"3","اسم_القطاع":"ABOR 3","موقف_التنفيذ":"تم التسليم","موقف_المتخلص":"3","ملاحظات":null,"Length":0.283013698630137,"Field":"ثانوي","SHAPE_Length":128.39202995654074,"__networkId":"roads","__networkName":"الطرق والقطاعات","__layerId":"roads_lines","__layerName":"طرق المدينة","__assetName":"طرق المدينة","__geometryKind":"line","__featureIndex":918,"__length_m":128.39,"__typeValue":"تم التسليم"},"geometry":{"type":"LineString","coordinates":[[31.55809221247599,30.27747478259014],[31.558834573040254,30.276762697397537],[31.5588623516438,30.27673338124743]]}},{"type":"Feature","properties":{"اسم_الحي":"حي 14","نوع_الطريق":"3","اسم_القطاع":"ABOR 3","موقف_التنفيذ":"تم التسليم","موقف_المتخلص":"3","ملاحظات":null,"Length":0.283013698630137,"Field":"ثانوي","SHAPE_Length":127.20161655940143,"__networkId":"roads","__networkName":"الطرق والقطاعات","__layerId":"roads_lines","__layerName":"طرق المدينة","__assetName":"طرق المدينة","__geometryKind":"line","__featureIndex":919,"__length_m":127.2,"__typeValue":"تم التسليم"},"geometry":{"type":"LineString","coordinates":[[31.557277877094528,30.276835239490293],[31.558042435927792,30.27610186429864]]}},{"type":"Feature","properties":{"اسم_الحي":"حي 14","نوع_الطريق":"3","اسم_القطاع":"ABOR 3","موقف_التنفيذ":"تم التسليم","موقف_المتخلص":"3","ملاحظات":null,"Length":0.283013698630137,"Field":"ثانوي","SHAPE_Length":125.70458525324057,"__networkId":"roads","__networkName":"الطرق والقطاعات","__layerId":"roads_lines","__layerName":"طرق المدينة","__assetName":"طرق المدينة","__geometryKind":"line","__featureIndex":920,"__length_m":125.7,"__typeValue":"تم التسليم"},"geometry":{"type":"LineString","coordinates":[[31.55618149227342,30.275974180753852],[31.556937063462264,30.275249438405123]]}},{"type":"Feature","properties":{"اسم_الحي":"حي 13","نوع_الطريق":"3","اسم_القطاع":"ABOR 5","موقف_التنفيذ":"تم التسليم","موقف_المتخلص":"3","ملاحظات":null,"Length":0.283013698630137,"Field":"ثانوي","SHAPE_Length":132.85090036791794,"__networkId":"roads","__networkName":"الطرق والقطاعات","__layerId":"roads_lines","__layerName":"طرق المدينة","__assetName":"طرق المدينة","__geometryKind":"line","__featureIndex":921,"__length_m":132.85,"__typeValue":"تم التسليم"},"geometry":{"type":"LineString","coordinates":[[31.55618149227342,30.275974180753852],[31.55535481493827,30.27671751022842]]}},{"type":"Feature","properties":{"اسم_الحي":"حي 13","نوع_الطريق":"3","اسم_القطاع":"ABOR 5","موقف_التنفيذ":"تم التسليم","موقف_المتخلص":"3","ملاحظات":null,"Length":0.283013698630137,"Field":"ثانوي","SHAPE_Length":129.97399133468303,"__networkId":"roads","__networkName":"الطرق والقطاعات","__layerId":"roads_lines","__layerName":"طرق المدينة","__assetName":"طرق المدينة","__geometryKind":"line","__featureIndex":922,"__length_m":129.97,"__typeValue":"تم التسليم"},"geometry":{"type":"LineString","coordinates":[[31.559747702441744,30.278774890496642],[31.55900004451223,30.279549344101447]]}},{"type":"Feature","properties":{"اسم_الحي":"حي 13","نوع_الطريق":"3","اسم_القطاع":"ABOR 5","موقف_التنفيذ":"تم التسليم","موقف_المتخلص":"3","ملاحظات":null,"Length":0.283013698630137,"Field":"ثانوي","SHAPE_Length":130.01682821280087,"__networkId":"roads","__networkName":"الطرق والقطاعات","__layerId":"roads_lines","__layerName":"طرق المدينة","__assetName":"طرق المدينة","__geometryKind":"line","__featureIndex":923,"__length_m":130.02,"__typeValue":"تم التسليم"},"geometry":{"type":"LineString","coordinates":[[31.558892791057207,30.27810350877687],[31.558111315150505,30.278853102746737]]}},{"type":"Feature","properties":{"اسم_الحي":"حي 13","نوع_الطريق":"3","اسم_القطاع":"ABOR 5","موقف_التنفيذ":"تم التسليم","موقف_المتخلص":"3","ملاحظات":null,"Length":0.283013698630137,"Field":"ثانوي","SHAPE_Length":133.99030057049643,"__networkId":"roads","__networkName":"الطرق والقطاعات","__layerId":"roads_lines","__layerName":"طرق المدينة","__assetName":"طرق المدينة","__geometryKind":"line","__featureIndex":924,"__length_m":133.99,"__typeValue":"تم التسليم"},"geometry":{"type":"LineString","coordinates":[[31.55809221247599,30.27747478259014],[31.557286846772644,30.27824728452414]]}},{"type":"Feature","properties":{"اسم_الحي":"حي 13","نوع_الطريق":"3","اسم_القطاع":"ABOR 5","موقف_التنفيذ":"تم التسليم","موقف_المتخلص":"3","ملاحظات":null,"Length":0.283013698630137,"Field":"ثانوي","SHAPE_Length":134.96938267296719,"__networkId":"roads","__networkName":"الطرق والقطاعات","__layerId":"roads_lines","__layerName":"طرق المدينة","__assetName":"طرق المدينة","__geometryKind":"line","__featureIndex":925,"__length_m":134.97,"__typeValue":"تم التسليم"},"geometry":{"type":"LineString","coordinates":[[31.557277877094528,30.276835239490293],[31.556466620239547,30.27761338636794]]}},{"type":"Feature","properties":{"اسم_الحي":"حي 13","نوع_الطريق":"3","اسم_القطاع":"ABOR 5","موقف_التنفيذ":"تم التسليم","موقف_المتخلص":"3","ملاحظات":null,"Length":0.283013698630137,"Field":"ثانوي","SHAPE_Length":126.71957146090168,"__networkId":"roads","__networkName":"الطرق والقطاعات","__layerId":"roads_lines","__layerName":"طرق المدينة","__assetName":"طرق المدينة","__geometryKind":"line","__featureIndex":926,"__length_m":126.72,"__typeValue":"تم التسليم"},"geometry":{"type":"LineString","coordinates":[[31.55525739534064,30.278749428970382],[31.556017147288806,30.27801736595508]]}},{"type":"Feature","properties":{"اسم_الحي":"حي 13","نوع_الطريق":"3","اسم_القطاع":"ABOR 5","موقف_التنفيذ":"تم التسليم","موقف_المتخلص":"3","ملاحظات":null,"Length":0.283013698630137,"Field":"ثانوي","SHAPE_Length":124.94428149491831,"__networkId":"roads","__networkName":"الطرق والقطاعات","__layerId":"roads_lines","__layerName":"طرق المدينة","__assetName":"طرق المدينة","__geometryKind":"line","__featureIndex":927,"__length_m":124.94,"__typeValue":"تم التسليم"},"geometry":{"type":"LineString","coordinates":[[31.554172083153723,30.277900929778603],[31.554921199048923,30.27717912247694]]}},{"type":"Feature","properties":{"اسم_الحي":"حي 13","نوع_الطريق":"3","اسم_القطاع":"ABOR 5","موقف_التنفيذ":"تم التسليم","موقف_المتخلص":"3","ملاحظات":null,"Length":0.283013698630137,"Field":"ثانوي","SHAPE_Length":127.62265984008744,"__networkId":"roads","__networkName":"الطرق والقطاعات","__layerId":"roads_lines","__layerName":"طرق المدينة","__assetName":"طرق المدينة","__geometryKind":"line","__featureIndex":928,"__length_m":127.62,"__typeValue":"تم التسليم"},"geometry":{"type":"LineString","coordinates":[[31.55335709829029,30.27726375791593],[31.554019310266618,30.276625691313725],[31.55412457036001,30.27652828742254]]}},{"type":"Feature","properties":{"اسم_الحي":"حي 13","نوع_الطريق":"3","اسم_القطاع":"ABOR 5","موقف_التنفيذ":"تم التسليم","موقف_المتخلص":"3","ملاحظات":null,"Length":0.283013698630137,"Field":"ثانوي","SHAPE_Length":125.95267730099279,"__networkId":"roads","__networkName":"الطرق والقطاعات","__layerId":"roads_lines","__layerName":"طرق المدينة","__assetName":"طرق المدينة","__geometryKind":"line","__featureIndex":929,"__length_m":125.95,"__typeValue":"تم التسليم"},"geometry":{"type":"LineString","coordinates":[[31.552546765801726,30.276630210268564],[31.553301939935213,30.275902577508667]]}},{"type":"Feature","properties":{"اسم_الحي":"حي 13","نوع_الطريق":"3","اسم_القطاع":"ABOR 5","موقف_التنفيذ":"تم التسليم","موقف_المتخلص":"3","ملاحظات":null,"Length":0.283013698630137,"Field":"ثانوي","SHAPE_Length":127.26703299504018,"__networkId":"roads","__networkName":"الطرق والقطاعات","__layerId":"roads_lines","__layerName":"طرق المدينة","__assetName":"طرق المدينة","__geometryKind":"line","__featureIndex":930,"__length_m":127.27,"__typeValue":"تم التسليم"},"geometry":{"type":"LineString","coordinates":[[31.556099412307596,30.279407702837823],[31.55686244041161,30.27867247726403]]}},{"type":"Feature","properties":{"اسم_الحي":"حي 13","نوع_الطريق":"3","اسم_القطاع":"ABOR 5","موقف_التنفيذ":"تم التسليم","موقف_المتخلص":"3","ملاحظات":null,"Length":0.283013698630137,"Field":"ثانوي","SHAPE_Length":128.079776945924,"__networkId":"roads","__networkName":"الطرق والقطاعات","__layerId":"roads_lines","__layerName":"طرق المدينة","__assetName":"طرق المدينة","__geometryKind":"line","__featureIndex":931,"__length_m":128.08,"__typeValue":"تم التسليم"},"geometry":{"type":"LineString","coordinates":[[31.55691939000737,30.28004873337028],[31.557687284285258,30.279308812238966]]}},{"type":"Feature","properties":{"اسم_الحي":"حي 13","نوع_الطريق":"3","اسم_القطاع":"ABOR 5","موقف_التنفيذ":"تم التسليم","موقف_المتخلص":"3","ملاحظات":null,"Length":0.283013698630137,"Field":"ثانوي","SHAPE_Length":127.28697206633039,"__networkId":"roads","__networkName":"الطرق والقطاعات","__layerId":"roads_lines","__layerName":"طرق المدينة","__assetName":"طرق المدينة","__geometryKind":"line","__featureIndex":932,"__length_m":127.29,"__typeValue":"تم التسليم"},"geometry":{"type":"LineString","coordinates":[[31.55770784582379,30.280665110124826],[31.558423344066142,30.279975673893873],[31.558468788039743,30.27992813997826]]}},{"type":"Feature","properties":{"اسم_الحي":"حي 13","نوع_الطريق":"3","اسم_القطاع":"ABOR 5","موقف_التنفيذ":"تم التسليم","موقف_المتخلص":"3","ملاحظات":null,"Length":0.283013698630137,"Field":"ثانوي","SHAPE_Length":71.29090511641121,"__networkId":"roads","__networkName":"الطرق والقطاعات","__layerId":"roads_lines","__layerName":"طرق المدينة","__assetName":"طرق المدينة","__geometryKind":"line","__featureIndex":933,"__length_m":71.29,"__typeValue":"تم التسليم"},"geometry":{"type":"LineString","coordinates":[[31.556988973509274,30.283708724131184],[31.557361969286582,30.283259178108985]]}},{"type":"Feature","properties":{"اسم_الحي":"حي 13","نوع_الطريق":"3","اسم_القطاع":"ABOR 5","موقف_التنفيذ":"تم التسليم","موقف_المتخلص":"3","ملاحظات":null,"Length":0.283013698630137,"Field":"ثانوي","SHAPE_Length":68.36163861486034,"__networkId":"roads","__networkName":"الطرق والقطاعات","__layerId":"roads_lines","__layerName":"طرق المدينة","__assetName":"طرق المدينة","__geometryKind":"line","__featureIndex":934,"__length_m":68.36,"__typeValue":"تم التسليم"},"geometry":{"type":"LineString","coordinates":[[31.555951224421673,30.28289747448695],[31.556361678149724,30.282503020906006]]}},{"type":"Feature","properties":{"اسم_الحي":"حي 13","نوع_الطريق":"3","اسم_القطاع":"ABOR 5","موقف_التنفيذ":"تم التسليم","موقف_المتخلص":"3","ملاحظات":null,"Length":0.283013698630137,"Field":"ثانوي","SHAPE_Length":69.04885845742446,"__networkId":"roads","__networkName":"الطرق والقطاعات","__layerId":"roads_lines","__layerName":"طرق المدينة","__assetName":"طرق المدينة","__geometryKind":"line","__featureIndex":935,"__length_m":69.05,"__typeValue":"تم التسليم"},"geometry":{"type":"LineString","coordinates":[[31.555094219064213,30.282227503345567],[31.555523983875933,30.281841266865843]]}},{"type":"Feature","properties":{"اسم_الحي":"حي 13","نوع_الطريق":"3","اسم_القطاع":"ABOR 5","موقف_التنفيذ":"تم التسليم","موقف_المتخلص":"3","ملاحظات":null,"Length":0.283013698630137,"Field":"ثانوي","SHAPE_Length":65.74488957602047,"__networkId":"roads","__networkName":"الطرق والقطاعات","__layerId":"roads_lines","__layerName":"طرق المدينة","__assetName":"طرق المدينة","__geometryKind":"line","__featureIndex":936,"__length_m":65.74,"__typeValue":"تم التسليم"},"geometry":{"type":"LineString","coordinates":[[31.55412872416989,30.281472704284088],[31.554522895035085,30.28109290123898]]}},{"type":"Feature","properties":{"اسم_الحي":"حي 13","نوع_الطريق":"3","اسم_القطاع":"ABOR 5","موقف_التنفيذ":"تم التسليم","موقف_المتخلص":"3","ملاحظات":null,"Length":0.283013698630137,"Field":"ثانوي","SHAPE_Length":66.17518616230178,"__networkId":"roads","__networkName":"الطرق والقطاعات","__layerId":"roads_lines","__layerName":"طرق المدينة","__assetName":"طرق المدينة","__geometryKind":"line","__featureIndex":937,"__length_m":66.18,"__typeValue":"تم التسليم"},"geometry":{"type":"LineString","coordinates":[[31.552701564389817,30.280356952098174],[31.553098330487863,30.2799746708365]]}},{"type":"Feature","properties":{"اسم_الحي":"حي 13","نوع_الطريق":"3","اسم_القطاع":"ABOR 5","موقف_التنفيذ":"تم التسليم","موقف_المتخلص":"3","ملاحظات":null,"Length":0.283013698630137,"Field":"ثانوي","SHAPE_Length":70.1949109209558,"__networkId":"roads","__networkName":"الطرق والقطاعات","__layerId":"roads_lines","__layerName":"طرق المدينة","__assetName":"طرق المدينة","__geometryKind":"line","__featureIndex":938,"__length_m":70.19,"__typeValue":"تم التسليم"},"geometry":{"type":"LineString","coordinates":[[31.55172242498462,30.27959143932772],[31.5521623317759,30.279201295024134]]}},{"type":"Feature","properties":{"اسم_الحي":"حي 13","نوع_الطريق":"3","اسم_القطاع":"ABOR 5","موقف_التنفيذ":"تم التسليم","موقف_المتخلص":"3","ملاحظات":null,"Length":0.283013698630137,"Field":"ثانوي","SHAPE_Length":70.15685243557596,"__networkId":"roads","__networkName":"الطرق والقطاعات","__layerId":"roads_lines","__layerName":"طرق المدينة","__assetName":"طرق المدينة","__geometryKind":"line","__featureIndex":939,"__length_m":70.16,"__typeValue":"تم التسليم"},"geometry":{"type":"LineString","coordinates":[[31.550910404561638,30.2789565700593],[31.55132839066335,30.278549239904525]]}},{"type":"Feature","properties":{"اسم_الحي":"حي 13","نوع_الطريق":"3","اسم_القطاع":"ABOR 5","موقف_التنفيذ":"تم التسليم","موقف_المتخلص":"3","ملاحظات":null,"Length":0.283013698630137,"Field":"ثانوي","SHAPE_Length":70.34858756190991,"__networkId":"roads","__networkName":"الطرق والقطاعات","__layerId":"roads_lines","__layerName":"طرق المدينة","__assetName":"طرق المدينة","__geometryKind":"line","__featureIndex":940,"__length_m":70.35,"__typeValue":"تم التسليم"},"geometry":{"type":"LineString","coordinates":[[31.549957110585524,30.27821123044721],[31.55037891003558,30.277804839767686]]}},{"type":"Feature","properties":{"اسم_الحي":"حي 13","نوع_الطريق":"3","اسم_القطاع":"ABOR 5","موقف_التنفيذ":"تم التسليم","موقف_المتخلص":"3","ملاحظات":null,"Length":0.283013698630137,"Field":"ثانوي","SHAPE_Length":70.5770801595029,"__networkId":"roads","__networkName":"الطرق والقطاعات","__layerId":"roads_lines","__layerName":"طرق المدينة","__assetName":"طرق المدينة","__geometryKind":"line","__featureIndex":941,"__length_m":70.58,"__typeValue":"تم التسليم"},"geometry":{"type":"LineString","coordinates":[[31.55200944659939,30.276210112599774],[31.55158003572389,30.27661293350797]]}},{"type":"Feature","properties":{"اسم_الحي":"حي 13","نوع_الطريق":"3","اسم_القطاع":"ABOR 5","موقف_التنفيذ":"تم التسليم","موقف_المتخلص":"3","ملاحظات":null,"Length":0.283013698630137,"Field":"ثانوي","SHAPE_Length":98.51739907632113,"__networkId":"roads","__networkName":"الطرق والقطاعات","__layerId":"roads_lines","__layerName":"طرق المدينة","__assetName":"طرق المدينة","__geometryKind":"line","__featureIndex":942,"__length_m":98.52,"__typeValue":"تم التسليم"},"geometry":{"type":"LineString","coordinates":[[31.553023985914948,30.277003320061013],[31.55238793826961,30.277534738693507]]}},{"type":"Feature","properties":{"اسم_الحي":"حي 13","نوع_الطريق":"3","اسم_القطاع":"ABOR 5","موقف_التنفيذ":"تم التسليم","موقف_المتخلص":"3","ملاحظات":null,"Length":0.283013698630137,"Field":"ثانوي","SHAPE_Length":103.86079398985348,"__networkId":"roads","__networkName":"الطرق والقطاعات","__layerId":"roads_lines","__layerName":"طرق المدينة","__assetName":"طرق المدينة","__geometryKind":"line","__featureIndex":943,"__length_m":103.86,"__typeValue":"تم التسليم"},"geometry":{"type":"LineString","coordinates":[[31.554058275590382,30.27781195286612],[31.553392027483497,30.278376000767764]]}},{"type":"Feature","properties":{"اسم_الحي":"حي 13","نوع_الطريق":"3","اسم_القطاع":"ABOR 5","موقف_التنفيذ":"تم التسليم","موقف_المتخلص":"3","ملاحظات":null,"Length":0.283013698630137,"Field":"ثانوي","SHAPE_Length":123.53852662312529,"__networkId":"roads","__networkName":"الطرق والقطاعات","__layerId":"roads_lines","__layerName":"طرق المدينة","__assetName":"طرق المدينة","__geometryKind":"line","__featureIndex":944,"__length_m":123.54,"__typeValue":"تم التسليم"},"geometry":{"type":"LineString","coordinates":[[31.55538996871028,30.278853072491767],[31.554620916503968,30.279544009953938]]}},{"type":"Feature","properties":{"اسم_الحي":"حي 13","نوع_الطريق":"3","اسم_القطاع":"ABOR 5","موقف_التنفيذ":"تم التسليم","موقف_المتخلص":"3","ملاحظات":null,"Length":0.283013698630137,"Field":"ثانوي","SHAPE_Length":59.215114563876654,"__networkId":"roads","__networkName":"الطرق والقطاعات","__layerId":"roads_lines","__layerName":"طرق المدينة","__assetName":"طرق المدينة","__geometryKind":"line","__featureIndex":945,"__length_m":59.22,"__typeValue":"تم التسليم"},"geometry":{"type":"LineString","coordinates":[[31.55616399937988,30.279458194993204],[31.555809465778278,30.279800659230755]]}},{"type":"Feature","properties":{"اسم_الحي":"حي 13","نوع_الطريق":"3","اسم_القطاع":"ABOR 5","موقف_التنفيذ":"تم التسليم","موقف_المتخلص":"3","ملاحظات":null,"Length":0.283013698630137,"Field":"ثانوي","SHAPE_Length":72.705351676912,"__networkId":"roads","__networkName":"الطرق والقطاعات","__layerId":"roads_lines","__layerName":"طرق المدينة","__assetName":"طرق المدينة","__geometryKind":"line","__featureIndex":946,"__length_m":72.71,"__typeValue":"تم التسليم"},"geometry":{"type":"LineString","coordinates":[[31.557199630240017,30.28026781372766],[31.556753137899413,30.280679450718132]]}},{"type":"Feature","properties":{"اسم_الحي":"حي 13","نوع_الطريق":"3","اسم_القطاع":"ABOR 5","موقف_التنفيذ":"تم التسليم","موقف_المتخلص":"3","ملاحظات":null,"Length":0.283013698630137,"Field":"ثانوي","SHAPE_Length":73.98834050180363,"__networkId":"roads","__networkName":"الطرق والقطاعات","__layerId":"roads_lines","__layerName":"طرق المدينة","__assetName":"طرق المدينة","__geometryKind":"line","__featureIndex":947,"__length_m":73.99,"__typeValue":"تم التسليم"},"geometry":{"type":"LineString","coordinates":[[31.55824339624337,30.281083769098483],[31.557785427026683,30.28149973444137]]}},{"type":"Feature","properties":{"اسم_الحي":"حي 16","نوع_الطريق":"1","اسم_القطاع":"ABOR 11","موقف_التنفيذ":"جاري العمل مكتبيا","موقف_المتخلص":"3","ملاحظات":null,"Length":1.72,"Field":"رئيسي","SHAPE_Length":1554.3293524864334,"__networkId":"roads","__networkName":"الطرق والقطاعات","__layerId":"roads_lines","__layerName":"طرق المدينة","__assetName":"طرق المدينة","__geometryKind":"line","__featureIndex":948,"__length_m":1554.33,"__typeValue":"جاري العمل مكتبيا"},"geometry":{"type":"LineString","coordinates":[[31.552881343329304,30.246205078123623],[31.552801132757573,30.24664219198781],[31.552718344919306,30.24706054285332],[31.552629903084632,30.24747771394451],[31.552529724760785,30.24791968697334],[31.55239170877749,30.248485394557765],[31.551935054415754,30.250268337725277],[31.55172986652493,30.251123432321165],[31.551551241632417,30.251982956349615],[31.551399307676288,30.252846294086243],[31.55127417347675,30.25371282708834],[31.551175928657482,30.254581934639226],[31.551104643584647,30.25545299419812],[31.551060369315184,30.2563253818392],[31.55101431709019,30.257628333079026],[31.550990676218806,30.258127030460933]]}},{"type":"Feature","properties":{"اسم_الحي":"حي 13","نوع_الطريق":"1","اسم_القطاع":"ABOR 6","موقف_التنفيذ":"تم التسليم","موقف_المتخلص":"3","ملاحظات":"لا يوجد شبكات","Length":0.283013698630137,"Field":"رئيسي","SHAPE_Length":1936.8256242833245,"__networkId":"roads","__networkName":"الطرق والقطاعات","__layerId":"roads_lines","__layerName":"طرق المدينة","__assetName":"طرق المدينة","__geometryKind":"line","__featureIndex":949,"__length_m":1936.83,"__typeValue":"تم التسليم"},"geometry":{"type":"LineString","coordinates":[[31.547824452608825,30.26954749204426],[31.546731930522558,30.271475191812822],[31.54549016515048,30.273334234261352],[31.544104904633162,30.275116018007072],[31.54258256134814,30.276812299586002],[31.54093018222974,30.278415231529113],[31.539155416151264,30.279917398602375],[31.5372664785144,30.281311852042233]]}},{"type":"Feature","properties":{"اسم_الحي":"حي 14","نوع_الطريق":"1","اسم_القطاع":"ABOR 1","موقف_التنفيذ":"تم التسليم","موقف_المتخلص":"2","ملاحظات":null,"Length":0.283013698630137,"Field":"رئيسي","SHAPE_Length":1708.503116537329,"__networkId":"roads","__networkName":"الطرق والقطاعات","__layerId":"roads_lines","__layerName":"طرق المدينة","__assetName":"طرق المدينة","__geometryKind":"line","__featureIndex":950,"__length_m":1708.5,"__typeValue":"تم التسليم"},"geometry":{"type":"LineString","coordinates":[[31.57410918207669,30.27236351676635],[31.571442075014975,30.273843717297403],[31.570881812840277,30.274160769442677],[31.570356953270878,30.27447769953853],[31.569965792660195,30.274719088089466],[31.569388251391022,30.27509446970282],[31.568693752166748,30.275578932081963],[31.568018756265634,30.276083738730218],[31.567364056001736,30.276608298184428],[31.56673070240393,30.277151752888525],[31.562483203635928,30.280923046545457]]}},{"type":"Feature","properties":{"اسم_الحي":"حي 15","نوع_الطريق":"1","اسم_القطاع":"ABOR 7","موقف_التنفيذ":"جاري العمل ميدانيا","موقف_المتخلص":"3","ملاحظات":null,"Length":0.1752358490566038,"Field":"رئيسي","SHAPE_Length":1363.819926910532,"__networkId":"roads","__networkName":"الطرق والقطاعات","__layerId":"roads_lines","__layerName":"طرق المدينة","__assetName":"طرق المدينة","__geometryKind":"line","__featureIndex":951,"__length_m":1363.82,"__typeValue":"جاري العمل ميدانيا"},"geometry":{"type":"LineString","coordinates":[[31.5917851253098,30.249819458791023],[31.591765483443364,30.250100154617133],[31.591729987244726,30.250520847248755],[31.591668168407267,30.25110873988189],[31.591630154775775,30.25141610458204],[31.591588267849477,30.25172309243269],[31.591542512598302,30.252029667013392],[31.59149289444946,30.252335791958277],[31.591439419289532,30.252641430955133],[31.591382093462634,30.252946547746156],[31.591315295580742,30.25327817180941],[31.591243947097098,30.25360908676028],[31.59116805805733,30.2539392460163],[31.591087639146654,30.254268603097746],[31.591002701688485,30.254597111641562],[31.590913257641294,30.254924725404187],[31.59081931959838,30.25525139826647],[31.59066459049202,30.25575662885329],[31.590499106808945,30.25625930755021],[31.590412349429315,30.256509636543136],[31.59023084044228,30.257008167532305],[31.590123002873764,30.257290049651203],[31.59001175206126,30.257570939555883],[31.589897100217446,30.257850806421757],[31.589779059928315,30.258129619533783],[31.589657644152528,30.258407348292366],[31.589532866219265,30.258683962219884],[31.589404739825532,30.258959430958907],[31.589230832965857,30.259292510496373],[31.589094456040957,30.25954456520261],[31.588826857196498,30.260018755701353]]}},{"type":"Feature","properties":{"اسم_الحي":"حي 39","نوع_الطريق":"1","اسم_القطاع":"ABOR 12","موقف_التنفيذ":"تم التسليم","موقف_المتخلص":"3","ملاحظات":null,"Length":0.283013698630137,"Field":"رئيسي","SHAPE_Length":232.22437990828232,"__networkId":"roads","__networkName":"الطرق والقطاعات","__layerId":"roads_lines","__layerName":"طرق المدينة","__assetName":"طرق المدينة","__geometryKind":"line","__featureIndex":952,"__length_m":232.22,"__typeValue":"تم التسليم"},"geometry":{"type":"LineString","coordinates":[[31.5372664785144,30.281311852042233],[31.535959313893354,30.2799078825515]]}},{"type":"Feature","properties":{"اسم_الحي":"حي 16","نوع_الطريق":"1","اسم_القطاع":"ABOR 11","موقف_التنفيذ":"جاري العمل مكتبيا","موقف_المتخلص":"3","ملاحظات":null,"Length":1.72,"Field":"رئيسي","SHAPE_Length":1983.997088538326,"__networkId":"roads","__networkName":"الطرق والقطاعات","__layerId":"roads_lines","__layerName":"طرق المدينة","__assetName":"طرق المدينة","__geometryKind":"line","__featureIndex":953,"__length_m":1984.0,"__typeValue":"جاري العمل مكتبيا"},"geometry":{"type":"LineString","coordinates":[[31.550990676218806,30.258127030460933],[31.568783351031517,30.259017993170012]]}},{"type":"Feature","properties":{"اسم_الحي":"حي 16","نوع_الطريق":"1","اسم_القطاع":"ABOR 10","موقف_التنفيذ":"جاري العمل مكتبيا","موقف_المتخلص":"3","ملاحظات":null,"Length":0.1752358490566038,"Field":"رئيسي","SHAPE_Length":2255.190957269883,"__networkId":"roads","__networkName":"الطرق والقطاعات","__layerId":"roads_lines","__layerName":"طرق المدينة","__assetName":"طرق المدينة","__geometryKind":"line","__featureIndex":954,"__length_m":2255.19,"__typeValue":"جاري العمل مكتبيا"},"geometry":{"type":"LineString","coordinates":[[31.572128102227786,30.250996733143122],[31.57149441804995,30.25099575772527],[31.570861127334208,30.25097799301268],[31.570243377472888,30.25094445942208],[31.56923985509597,30.250855611725076],[31.569085975306905,30.250838195495867],[31.568778691307894,30.25080037283176],[31.568472099090027,30.250758570418636],[31.568166267720137,30.25071279766791],[31.56775220995117,30.25064429005393],[31.56712908816444,30.250526827367015],[31.566625172815904,30.250418995393378],[31.56606713037826,30.250285917103504],[31.56518099355446,30.2500442706047],[31.564622483094567,30.249872210349192],[31.563958690981647,30.249647104037958],[31.56323386014185,30.24937469294233],[31.5624048687465,30.249027842905534],[31.561213072029084,30.248510689913513],[31.56100276652541,30.248429151611138],[31.560791664213433,30.248356789973872],[31.56063184421511,30.24830803897753],[31.560470261822736,30.248263835308098],[31.56030709036712,30.24822422638609],[31.560142504886038,30.248189254707675],[31.55997668193148,30.2481589577948],[31.559809381148703,30.248132853831088],[31.557993069611793,30.247881896054007],[31.5575702948892,30.24780705404408],[31.557231513246066,30.24772394834615],[31.556719933471566,30.247555778075263],[31.556008400392898,30.247234628784877],[31.554399267987367,30.246458418667956],[31.552881343329304,30.246205078123623]]}},{"type":"Feature","properties":{"اسم_الحي":"حي 15","نوع_الطريق":"1","اسم_القطاع":"ABOR 7","موقف_التنفيذ":"جاري العمل ميدانيا","موقف_المتخلص":"3","ملاحظات":null,"Length":0.1752358490566038,"Field":"رئيسي","SHAPE_Length":2193.5807269884695,"__networkId":"roads","__networkName":"الطرق والقطاعات","__layerId":"roads_lines","__layerName":"طرق المدينة","__assetName":"طرق المدينة","__geometryKind":"line","__featureIndex":955,"__length_m":2193.58,"__typeValue":"جاري العمل ميدانيا"},"geometry":{"type":"LineString","coordinates":[[31.572128102227786,30.250996733143122],[31.5724089631963,30.250991818806163],[31.574436728490515,30.25090745869919],[31.576160808421477,30.25077886164007],[31.5917851253098,30.249819458791023]]}},{"type":"Feature","properties":{"اسم_الحي":"حي 14","نوع_الطريق":"1","اسم_القطاع":"ABOR 4","موقف_التنفيذ":"تم التسليم","موقف_المتخلص":"3","ملاحظات":null,"Length":0.283013698630137,"Field":"رئيسي","SHAPE_Length":139.70948594769493,"__networkId":"roads","__networkName":"الطرق والقطاعات","__layerId":"roads_lines","__layerName":"طرق المدينة","__assetName":"طرق المدينة","__geometryKind":"line","__featureIndex":956,"__length_m":139.71,"__typeValue":"تم التسليم"},"geometry":{"type":"LineString","coordinates":[[31.548849277634417,30.27017317730041],[31.547824452608825,30.26954749204426]]}},{"type":"Feature","properties":{"اسم_الحي":"حي 14","نوع_الطريق":"1","اسم_القطاع":"ABOR 4","موقف_التنفيذ":"تم التسليم","موقف_المتخلص":"3","ملاحظات":"لا يوجد شبكات","Length":0.283013698630137,"Field":"رئيسي","SHAPE_Length":977.788805312479,"__networkId":"roads","__networkName":"الطرق والقطاعات","__layerId":"roads_lines","__layerName":"طرق المدينة","__assetName":"طرق المدينة","__geometryKind":"line","__featureIndex":957,"__length_m":977.79,"__typeValue":"تم التسليم"},"geometry":{"type":"LineString","coordinates":[[31.550427933795582,30.262320984544786],[31.550179825444108,30.26338333552668],[31.549889798466182,30.264437724961603],[31.549558192171954,30.265482919576986],[31.549185394512758,30.266517696891732],[31.548771841631464,30.267540846648032],[31.548318017350574,30.268551172228264],[31.547824452608825,30.26954749204426]]}},{"type":"Feature","properties":{"اسم_الحي":"حي 13","نوع_الطريق":"1","اسم_القطاع":"ABOR 5","موقف_التنفيذ":"تم التسليم","موقف_المتخلص":"3","ملاحظات":null,"Length":0.283013698630137,"Field":"رئيسي","SHAPE_Length":733.8765375660824,"__networkId":"roads","__networkName":"الطرق والقطاعات","__layerId":"roads_lines","__layerName":"طرق المدينة","__assetName":"طرق المدينة","__geometryKind":"line","__featureIndex":958,"__length_m":733.88,"__typeValue":"تم التسليم"},"geometry":{"type":"LineString","coordinates":[[31.562483203635928,30.280923046545457],[31.561769705941707,30.281646470891815],[31.55822909686067,30.284678147116022],[31.55782374466514,30.284939727406677]]}},{"type":"Feature","properties":{"اسم_الحي":"حي 14","نوع_الطريق":"2","اسم_القطاع":"ABOR 1","موقف_التنفيذ":"تم التسليم","موقف_المتخلص":"2","ملاحظات":null,"Length":0.283013698630137,"Field":"رئيسي","SHAPE_Length":545.5845894645936,"__networkId":"roads","__networkName":"الطرق والقطاعات","__layerId":"roads_lines","__layerName":"طرق المدينة","__assetName":"طرق المدينة","__geometryKind":"line","__featureIndex":959,"__length_m":545.58,"__typeValue":"تم التسليم"},"geometry":{"type":"LineString","coordinates":[[31.563045345086188,30.269284817903536],[31.562849232079888,30.269562731135554],[31.562805748113252,30.269620478772204],[31.562712709351967,30.269730208507433],[31.562635032029753,30.269810330470666],[31.562522153695667,30.269912163176567],[31.562462417890515,30.269960211204957],[31.56233678924751,30.27005021973702],[31.562155096438712,30.2701629299974],[31.56204381514482,30.270239227155354],[31.561937574725324,30.270320708012246],[31.561839536084886,30.270404554890167],[31.559760608537438,30.272404341179012]]}},{"type":"Feature","properties":{"اسم_الحي":"حي 14","نوع_الطريق":"2","اسم_القطاع":"ABOR 1","موقف_التنفيذ":"تم التسليم","موقف_المتخلص":"2","ملاحظات":null,"Length":0.283013698630137,"Field":"رئيسي","SHAPE_Length":584.2202085391248,"__networkId":"roads","__networkName":"الطرق والقطاعات","__layerId":"roads_lines","__layerName":"طرق المدينة","__assetName":"طرق المدينة","__geometryKind":"line","__featureIndex":960,"__length_m":584.22,"__typeValue":"تم التسليم"},"geometry":{"type":"LineString","coordinates":[[31.56558581843893,30.270860612473452],[31.564130281881358,30.27200719737176],[31.563869054453193,30.27222055462842],[31.56352708056465,30.272510181416905],[31.563192118125517,30.272805855715628],[31.562874254999393,30.273098110724998],[31.561873415542948,30.274058705162886]]}},{"type":"Feature","properties":{"اسم_الحي":"حي 16","نوع_الطريق":"2","اسم_القطاع":"ABOR 10","موقف_التنفيذ":"جاري العمل مكتبيا","موقف_المتخلص":"3","ملاحظات":null,"Length":0.1752358490566038,"Field":"رئيسي","SHAPE_Length":140.74348421436824,"__networkId":"roads","__networkName":"الطرق والقطاعات","__layerId":"roads_lines","__layerName":"طرق المدينة","__assetName":"طرق المدينة","__geometryKind":"line","__featureIndex":961,"__length_m":140.74,"__typeValue":"جاري العمل مكتبيا"},"geometry":{"type":"LineString","coordinates":[[31.561726912896546,30.249854847400282],[31.561799380888825,30.248764470567835]]}},{"type":"Feature","properties":{"اسم_الحي":"حي 15","نوع_الطريق":"1","اسم_القطاع":"ABOR 7","موقف_التنفيذ":"جاري العمل ميدانيا","موقف_المتخلص":"3","ملاحظات":null,"Length":0.1752358490566038,"Field":"رئيسي","SHAPE_Length":127.37303684511092,"__networkId":"roads","__networkName":"الطرق والقطاعات","__layerId":"roads_lines","__layerName":"طرق المدينة","__assetName":"طرق المدينة","__geometryKind":"line","__featureIndex":962,"__length_m":127.37,"__typeValue":"جاري العمل ميدانيا"},"geometry":{"type":"LineString","coordinates":[[31.59136339862324,30.249845374018896],[31.59132064938095,30.250408961263595],[31.591280001727206,30.25083110130568]]}},{"type":"Feature","properties":{"اسم_الحي":"حي 15","نوع_الطريق":"2","اسم_القطاع":"ABOR 8","موقف_التنفيذ":"جاري العمل ميدانيا","موقف_المتخلص":"3","ملاحظات":null,"Length":0.1752358490566038,"Field":"رئيسي","SHAPE_Length":262.9497358730525,"__networkId":"roads","__networkName":"الطرق والقطاعات","__layerId":"roads_lines","__layerName":"طرق المدينة","__assetName":"طرق المدينة","__geometryKind":"line","__featureIndex":963,"__length_m":262.95,"__typeValue":"جاري العمل ميدانيا"},"geometry":{"type":"LineString","coordinates":[[31.57519656757527,30.251841181439097],[31.577554797909688,30.251958194813376]]}},{"type":"Feature","properties":{"اسم_الحي":"حي 16","نوع_الطريق":"2","اسم_القطاع":"ABOR 10","موقف_التنفيذ":"جاري العمل مكتبيا","موقف_المتخلص":"3","ملاحظات":null,"Length":0.1752358490566038,"Field":"رئيسي","SHAPE_Length":464.5403687504503,"__networkId":"roads","__networkName":"الطرق والقطاعات","__layerId":"roads_lines","__layerName":"طرق المدينة","__assetName":"طرق المدينة","__geometryKind":"line","__featureIndex":964,"__length_m":464.54,"__typeValue":"جاري العمل مكتبيا"},"geometry":{"type":"LineString","coordinates":[[31.561602642655075,30.25172482518308],[31.55743660850692,30.25151607621884]]}},{"type":"Feature","properties":{"اسم_الحي":"حي 16","نوع_الطريق":"2","اسم_القطاع":"ABOR 10","موقف_التنفيذ":"جاري العمل مكتبيا","موقف_المتخلص":"3","ملاحظات":null,"Length":0.1752358490566038,"Field":"رئيسي","SHAPE_Length":175.6674845293386,"__networkId":"roads","__networkName":"الطرق والقطاعات","__layerId":"roads_lines","__layerName":"طرق المدينة","__assetName":"طرق المدينة","__geometryKind":"line","__featureIndex":965,"__length_m":175.67,"__typeValue":"جاري العمل مكتبيا"},"geometry":{"type":"LineString","coordinates":[[31.56151219488239,30.25308572467803],[31.561602642655075,30.25172482518308]]}},{"type":"Feature","properties":{"اسم_الحي":"حي 15","نوع_الطريق":"2","اسم_القطاع":"ABOR 7","موقف_التنفيذ":"جاري العمل ميدانيا","موقف_المتخلص":"3","ملاحظات":null,"Length":0.1752358490566038,"Field":"رئيسي","SHAPE_Length":93.63527528892858,"__networkId":"roads","__networkName":"الطرق والقطاعات","__layerId":"roads_lines","__layerName":"طرق المدينة","__assetName":"طرق المدينة","__geometryKind":"line","__featureIndex":966,"__length_m":93.64,"__typeValue":"جاري العمل ميدانيا"},"geometry":{"type":"LineString","coordinates":[[31.586732624656104,30.252759482893403],[31.58757285307734,30.2527933006471]]}},{"type":"Feature","properties":{"اسم_الحي":"حي 15","نوع_الطريق":"2","اسم_القطاع":"ABOR 7","موقف_التنفيذ":"جاري العمل ميدانيا","موقف_المتخلص":"3","ملاحظات":null,"Length":0.1752358490566038,"Field":"رئيسي","SHAPE_Length":97.57901160262766,"__networkId":"roads","__networkName":"الطرق والقطاعات","__layerId":"roads_lines","__layerName":"طرق المدينة","__assetName":"طرق المدينة","__geometryKind":"line","__featureIndex":967,"__length_m":97.58,"__typeValue":"جاري العمل ميدانيا"},"geometry":{"type":"LineString","coordinates":[[31.590091412927023,30.252894635114405],[31.59096703137718,30.25292985422973]]}},{"type":"Feature","properties":{"اسم_الحي":"حي 16","نوع_الطريق":"2","اسم_القطاع":"ABOR 10","موقف_التنفيذ":"جاري العمل مكتبيا","موقف_المتخلص":"3","ملاحظات":null,"Length":0.1752358490566038,"Field":"رئيسي","SHAPE_Length":190.05406941823497,"__networkId":"roads","__networkName":"الطرق والقطاعات","__layerId":"roads_lines","__layerName":"طرق المدينة","__assetName":"طرق المدينة","__geometryKind":"line","__featureIndex":968,"__length_m":190.05,"__typeValue":"جاري العمل مكتبيا"},"geometry":{"type":"LineString","coordinates":[[31.563183171803626,30.25032671267149],[31.563085342574226,30.25179908672941]]}},{"type":"Feature","properties":{"اسم_الحي":"حي 16","نوع_الطريق":"2","اسم_القطاع":"ABOR 10","موقف_التنفيذ":"جاري العمل مكتبيا","موقف_المتخلص":"3","ملاحظات":null,"Length":0.1752358490566038,"Field":"رئيسي","SHAPE_Length":165.33060742383668,"__networkId":"roads","__networkName":"الطرق والقطاعات","__layerId":"roads_lines","__layerName":"طرق المدينة","__assetName":"طرق المدينة","__geometryKind":"line","__featureIndex":969,"__length_m":165.33,"__typeValue":"جاري العمل مكتبيا"},"geometry":{"type":"LineString","coordinates":[[31.563085342574226,30.25179908672941],[31.561602642655075,30.25172482518308]]}},{"type":"Feature","properties":{"اسم_الحي":"حي 15","نوع_الطريق":"2","اسم_القطاع":"ABOR 7","موقف_التنفيذ":"جاري العمل ميدانيا","موقف_المتخلص":"3","ملاحظات":null,"Length":0.1752358490566038,"Field":"رئيسي","SHAPE_Length":196.91654649706717,"__networkId":"roads","__networkName":"الطرق والقطاعات","__layerId":"roads_lines","__layerName":"طرق المدينة","__assetName":"طرق المدينة","__geometryKind":"line","__featureIndex":970,"__length_m":196.92,"__typeValue":"جاري العمل ميدانيا"},"geometry":{"type":"LineString","coordinates":[[31.582002475458992,30.25212351513458],[31.58376948677567,30.252194691861842]]}},{"type":"Feature","properties":{"اسم_الحي":"حي 15","نوع_الطريق":"2","اسم_القطاع":"ABOR 7","موقف_التنفيذ":"جاري العمل ميدانيا","موقف_المتخلص":"3","ملاحظات":null,"Length":0.1752358490566038,"Field":"رئيسي","SHAPE_Length":65.2553075946848,"__networkId":"roads","__networkName":"الطرق والقطاعات","__layerId":"roads_lines","__layerName":"طرق المدينة","__assetName":"طرق المدينة","__geometryKind":"line","__featureIndex":971,"__length_m":65.26,"__typeValue":"جاري العمل ميدانيا"},"geometry":{"type":"LineString","coordinates":[[31.58376948677567,30.252194691861842],[31.58435504910206,30.25221827464603]]}},{"type":"Feature","properties":{"اسم_الحي":"حي 15","نوع_الطريق":"1","اسم_القطاع":"ABOR 7","موقف_التنفيذ":"جاري العمل ميدانيا","موقف_المتخلص":"3","ملاحظات":null,"Length":0.1752358490566038,"Field":"رئيسي","SHAPE_Length":272.7631728175465,"__networkId":"roads","__networkName":"الطرق والقطاعات","__layerId":"roads_lines","__layerName":"طرق المدينة","__assetName":"طرق المدينة","__geometryKind":"line","__featureIndex":972,"__length_m":272.76,"__typeValue":"جاري العمل ميدانيا"},"geometry":{"type":"LineString","coordinates":[[31.591280001727206,30.25083110130568],[31.591246492319165,30.25113208426158],[31.59120924147855,30.251432737939577],[31.59116825350599,30.251733027641833],[31.591123533132617,30.252032918707172],[31.591075085520043,30.252332376525207],[31.59102291626145,30.25263136653549],[31.59096703137718,30.25292985422973]]}},{"type":"Feature","properties":{"اسم_الحي":"حي 15","نوع_الطريق":"2","اسم_القطاع":"ABOR 7","موقف_التنفيذ":"جاري العمل ميدانيا","موقف_المتخلص":"3","ملاحظات":null,"Length":0.1752358490566038,"Field":"رئيسي","SHAPE_Length":260.1942481626776,"__networkId":"roads","__networkName":"الطرق والقطاعات","__layerId":"roads_lines","__layerName":"طرق المدينة","__assetName":"طرق المدينة","__geometryKind":"line","__featureIndex":973,"__length_m":260.19,"__typeValue":"جاري العمل ميدانيا"},"geometry":{"type":"LineString","coordinates":[[31.590400244738554,30.250893737652405],[31.59033926111925,30.251394088622934],[31.590271080557716,30.251871132598616],[31.590185956569144,30.252388664232992],[31.590091412927023,30.252894635114405]]}},{"type":"Feature","properties":{"اسم_الحي":"حي 15","نوع_الطريق":"2","اسم_القطاع":"ABOR 7","موقف_التنفيذ":"جاري العمل ميدانيا","موقف_المتخلص":"3","ملاحظات":null,"Length":0.1752358490566038,"Field":"رئيسي","SHAPE_Length":220.24844025202378,"__networkId":"roads","__networkName":"الطرق والقطاعات","__layerId":"roads_lines","__layerName":"طرق المدينة","__assetName":"طرق المدينة","__geometryKind":"line","__featureIndex":974,"__length_m":220.25,"__typeValue":"جاري العمل ميدانيا"},"geometry":{"type":"LineString","coordinates":[[31.58757285307734,30.2527933006471],[31.587685448813364,30.251086983698958]]}},{"type":"Feature","properties":{"اسم_الحي":"حي 15","نوع_الطريق":"2","اسم_القطاع":"ABOR 7","موقف_التنفيذ":"جاري العمل ميدانيا","موقف_المتخلص":"3","ملاحظات":null,"Length":0.1752358490566038,"Field":"رئيسي","SHAPE_Length":46.25455558165932,"__networkId":"roads","__networkName":"الطرق والقطاعات","__layerId":"roads_lines","__layerName":"طرق المدينة","__assetName":"طرق المدينة","__geometryKind":"line","__featureIndex":975,"__length_m":46.25,"__typeValue":"جاري العمل ميدانيا"},"geometry":{"type":"LineString","coordinates":[[31.59096703137718,30.25292985422973],[31.591382093462634,30.252946547746156]]}},{"type":"Feature","properties":{"اسم_الحي":"حي 14","نوع_الطريق":"1","اسم_القطاع":"ABOR 3","موقف_التنفيذ":"تم التسليم","موقف_المتخلص":"2","ملاحظات":null,"Length":0.283013698630137,"Field":"رئيسي","SHAPE_Length":225.76806967497325,"__networkId":"roads","__networkName":"الطرق والقطاعات","__layerId":"roads_lines","__layerName":"طرق المدينة","__assetName":"طرق المدينة","__geometryKind":"line","__featureIndex":976,"__length_m":225.77,"__typeValue":"تم التسليم"},"geometry":{"type":"LineString","coordinates":[[31.559311744644464,30.2698532152894],[31.557431325514717,30.269197029533085]]}},{"type":"Feature","properties":{"اسم_الحي":"حي 14","نوع_الطريق":"1","اسم_القطاع":"ABOR 4","موقف_التنفيذ":"تم التسليم","موقف_المتخلص":"3","ملاحظات":null,"Length":0.283013698630137,"Field":"رئيسي","SHAPE_Length":495.6173836678904,"__networkId":"roads","__networkName":"الطرق والقطاعات","__layerId":"roads_lines","__layerName":"طرق المدينة","__assetName":"طرق المدينة","__geometryKind":"line","__featureIndex":977,"__length_m":495.62,"__typeValue":"تم التسليم"},"geometry":{"type":"LineString","coordinates":[[31.54883320138409,30.27020239067196],[31.552126873475007,30.27278956589641]]}},{"type":"Feature","properties":{"اسم_الحي":"حي 13","نوع_الطريق":"1","اسم_القطاع":"ABOR 5","موقف_التنفيذ":"تم التسليم","موقف_المتخلص":"3","ملاحظات":null,"Length":0.283013698630137,"Field":"رئيسي","SHAPE_Length":635.2321108807629,"__networkId":"roads","__networkName":"الطرق والقطاعات","__layerId":"roads_lines","__layerName":"طرق المدينة","__assetName":"طرق المدينة","__geometryKind":"line","__featureIndex":978,"__length_m":635.23,"__typeValue":"تم التسليم"},"geometry":{"type":"LineString","coordinates":[[31.548770110905043,30.277283145462192],[31.55300035303647,30.28059054847008]]}},{"type":"Feature","properties":{"اسم_الحي":"حي 13","نوع_الطريق":"1","اسم_القطاع":"ABOR 6","موقف_التنفيذ":"تم التسليم","موقف_المتخلص":"3","ملاحظات":null,"Length":0.283013698630137,"Field":"رئيسي","SHAPE_Length":127.64796789976052,"__networkId":"roads","__networkName":"الطرق والقطاعات","__layerId":"roads_lines","__layerName":"طرق المدينة","__assetName":"طرق المدينة","__geometryKind":"line","__featureIndex":979,"__length_m":127.65,"__typeValue":"تم التسليم"},"geometry":{"type":"LineString","coordinates":[[31.55300035303647,30.28059054847008],[31.55385042339994,30.281255132346875]]}},{"type":"Feature","properties":{"اسم_الحي":"حي 13","نوع_الطريق":"1","اسم_القطاع":"ABOR 5","موقف_التنفيذ":"تم التسليم","موقف_المتخلص":"3","ملاحظات":null,"Length":0.283013698630137,"Field":"رئيسي","SHAPE_Length":179.77452203878053,"__networkId":"roads","__networkName":"الطرق والقطاعات","__layerId":"roads_lines","__layerName":"طرق المدينة","__assetName":"طرق المدينة","__geometryKind":"line","__featureIndex":980,"__length_m":179.77,"__typeValue":"تم التسليم"},"geometry":{"type":"LineString","coordinates":[[31.559528393138148,30.282088267648337],[31.558331132900552,30.281152350894015]]}},{"type":"Feature","properties":{"اسم_الحي":"حي 15","نوع_الطريق":"2","اسم_القطاع":"ABOR 7","موقف_التنفيذ":"جاري العمل ميدانيا","موقف_المتخلص":"3","ملاحظات":null,"Length":0.1752358490566038,"Field":"رئيسي","SHAPE_Length":129.46178107936686,"__networkId":"roads","__networkName":"الطرق والقطاعات","__layerId":"roads_lines","__layerName":"طرق المدينة","__assetName":"طرق المدينة","__geometryKind":"line","__featureIndex":981,"__length_m":129.46,"__typeValue":"جاري العمل ميدانيا"},"geometry":{"type":"LineString","coordinates":[[31.587118920889544,30.258927403837795],[31.587052694391826,30.259930296411817]]}},{"type":"Feature","properties":{"اسم_الحي":"حي 15","نوع_الطريق":"1","اسم_القطاع":"ABOR 7","موقف_التنفيذ":"جاري العمل ميدانيا","موقف_المتخلص":"3","ملاحظات":null,"Length":0.1752358490566038,"Field":"رئيسي","SHAPE_Length":290.48472884501484,"__networkId":"roads","__networkName":"الطرق والقطاعات","__layerId":"roads_lines","__layerName":"طرق المدينة","__assetName":"طرق المدينة","__geometryKind":"line","__featureIndex":982,"__length_m":290.48,"__typeValue":"جاري العمل ميدانيا"},"geometry":{"type":"LineString","coordinates":[[31.589849006140863,30.25690284198273],[31.5896394624949,30.25744646548357],[31.589402495380764,30.2580206324207],[31.589167668738536,30.258553924423165],[31.588951238829072,30.259018572010323]]}},{"type":"Feature","properties":{"اسم_الحي":"حي 15","نوع_الطريق":"2","اسم_القطاع":"ABOR 7","موقف_التنفيذ":"جاري العمل ميدانيا","موقف_المتخلص":"3","ملاحظات":null,"Length":0.1752358490566038,"Field":"رئيسي","SHAPE_Length":44.62036298255009,"__networkId":"roads","__networkName":"الطرق والقطاعات","__layerId":"roads_lines","__layerName":"طرق المدينة","__assetName":"طرق المدينة","__geometryKind":"line","__featureIndex":983,"__length_m":44.62,"__typeValue":"جاري العمل ميدانيا"},"geometry":{"type":"LineString","coordinates":[[31.59023084044228,30.257008167532305],[31.589849006140863,30.25690284198273]]}},{"type":"Feature","properties":{"اسم_الحي":"حي 15","نوع_الطريق":"1","اسم_القطاع":"ABOR 7","موقف_التنفيذ":"جاري العمل ميدانيا","موقف_المتخلص":"3","ملاحظات":null,"Length":0.1752358490566038,"Field":"رئيسي","SHAPE_Length":224.26421382411382,"__networkId":"roads","__networkName":"الطرق والقطاعات","__layerId":"roads_lines","__layerName":"طرق المدينة","__assetName":"طرق المدينة","__geometryKind":"line","__featureIndex":984,"__length_m":224.26,"__typeValue":"جاري العمل ميدانيا"},"geometry":{"type":"LineString","coordinates":[[31.590406179907646,30.25523083234887],[31.590333934201222,30.255471469664933],[31.59018206792548,30.25595104031895],[31.590020408389396,30.256428214145792],[31.589849006140863,30.25690284198273]]}},{"type":"Feature","properties":{"اسم_الحي":"حي 15","نوع_الطريق":"2","اسم_القطاع":"ABOR 7","موقف_التنفيذ":"جاري العمل ميدانيا","موقف_المتخلص":"3","ملاحظات":null,"Length":0.1752358490566038,"Field":"رئيسي","SHAPE_Length":46.06680703438417,"__networkId":"roads","__networkName":"الطرق والقطاعات","__layerId":"roads_lines","__layerName":"طرق المدينة","__assetName":"طرق المدينة","__geometryKind":"line","__featureIndex":985,"__length_m":46.07,"__typeValue":"جاري العمل ميدانيا"},"geometry":{"type":"LineString","coordinates":[[31.590406179907646,30.25523083234887],[31.59081931959838,30.25525139826647]]}},{"type":"Feature","properties":{"اسم_الحي":"حي 15","نوع_الطريق":"2","اسم_القطاع":"ABOR 7","موقف_التنفيذ":"جاري العمل ميدانيا","موقف_المتخلص":"3","ملاحظات":null,"Length":0.1752358490566038,"Field":"رئيسي","SHAPE_Length":302.2507972665823,"__networkId":"roads","__networkName":"الطرق والقطاعات","__layerId":"roads_lines","__layerName":"طرق المدينة","__assetName":"طرق المدينة","__geometryKind":"line","__featureIndex":986,"__length_m":302.25,"__typeValue":"جاري العمل ميدانيا"},"geometry":{"type":"LineString","coordinates":[[31.590091412927023,30.252894635114405],[31.58997225895669,30.253460725332122],[31.58990020814378,30.2537738901817],[31.58983663184781,30.254035540399837],[31.589688239337363,30.254602447388944],[31.589609216684188,30.254883502346612],[31.589519868810637,30.25518671151957]]}},{"type":"Feature","properties":{"اسم_الحي":"حي 15","نوع_الطريق":"2","اسم_القطاع":"ABOR 7","موقف_التنفيذ":"جاري العمل ميدانيا","موقف_المتخلص":"3","ملاحظات":null,"Length":0.1752358490566038,"Field":"رئيسي","SHAPE_Length":98.8274066011925,"__networkId":"roads","__networkName":"الطرق والقطاعات","__layerId":"roads_lines","__layerName":"طرق المدينة","__assetName":"طرق المدينة","__geometryKind":"line","__featureIndex":987,"__length_m":98.83,"__typeValue":"جاري العمل ميدانيا"},"geometry":{"type":"LineString","coordinates":[[31.589519868810637,30.25518671151957],[31.590406179907646,30.25523083234887]]}},{"type":"Feature","properties":{"اسم_الحي":"حي 15","نوع_الطريق":"2","اسم_القطاع":"ABOR 7","موقف_التنفيذ":"جاري العمل ميدانيا","موقف_المتخلص":"3","ملاحظات":null,"Length":0.1752358490566038,"Field":"رئيسي","SHAPE_Length":53.06890704710984,"__networkId":"roads","__networkName":"الطرق والقطاعات","__layerId":"roads_lines","__layerName":"طرق المدينة","__assetName":"طرق المدينة","__geometryKind":"line","__featureIndex":988,"__length_m":53.07,"__typeValue":"جاري العمل ميدانيا"},"geometry":{"type":"LineString","coordinates":[[31.589519868810637,30.25518671151957],[31.589396177982564,30.25558439575344]]}},{"type":"Feature","properties":{"اسم_الحي":"حي 15","نوع_الطريق":"2","اسم_القطاع":"ABOR 7","موقف_التنفيذ":"جاري العمل ميدانيا","موقف_المتخلص":"3","ملاحظات":null,"Length":0.1752358490566038,"Field":"رئيسي","SHAPE_Length":90.83412402359974,"__networkId":"roads","__networkName":"الطرق والقطاعات","__layerId":"roads_lines","__layerName":"طرق المدينة","__assetName":"طرق المدينة","__geometryKind":"line","__featureIndex":989,"__length_m":90.83,"__typeValue":"جاري العمل ميدانيا"},"geometry":{"type":"LineString","coordinates":[[31.589396177982564,30.25558439575344],[31.589289143657698,30.25591062901349],[31.589168455956354,30.256261198613323]]}},{"type":"Feature","properties":{"اسم_الحي":"حي 15","نوع_الطريق":"2","اسم_القطاع":"ABOR 7","موقف_التنفيذ":"جاري العمل ميدانيا","موقف_المتخلص":"3","ملاحظات":null,"Length":0.1752358490566038,"Field":"رئيسي","SHAPE_Length":119.67653491777716,"__networkId":"roads","__networkName":"الطرق والقطاعات","__layerId":"roads_lines","__layerName":"طرق المدينة","__assetName":"طرق المدينة","__geometryKind":"line","__featureIndex":990,"__length_m":119.68,"__typeValue":"جاري العمل ميدانيا"},"geometry":{"type":"LineString","coordinates":[[31.586141411926604,30.257423437235282],[31.587214706451647,30.2574768233069]]}},{"type":"Feature","properties":{"اسم_الحي":"حي 15","نوع_الطريق":"2","اسم_القطاع":"ABOR 7","موقف_التنفيذ":"جاري العمل ميدانيا","موقف_المتخلص":"3","ملاحظات":null,"Length":0.1752358490566038,"Field":"رئيسي","SHAPE_Length":56.67204381074283,"__networkId":"roads","__networkName":"الطرق والقطاعات","__layerId":"roads_lines","__layerName":"طرق المدينة","__assetName":"طرق المدينة","__geometryKind":"line","__featureIndex":991,"__length_m":56.67,"__typeValue":"جاري العمل ميدانيا"},"geometry":{"type":"LineString","coordinates":[[31.585633160410218,30.257398154844278],[31.586141411926604,30.257423437235282]]}},{"type":"Feature","properties":{"اسم_الحي":"حي 15","نوع_الطريق":"2","اسم_القطاع":"ABOR 7","موقف_التنفيذ":"جاري العمل ميدانيا","موقف_المتخلص":"3","ملاحظات":null,"Length":0.1752358490566038,"Field":"رئيسي","SHAPE_Length":180.4574636784954,"__networkId":"roads","__networkName":"الطرق والقطاعات","__layerId":"roads_lines","__layerName":"طرق المدينة","__assetName":"طرق المدينة","__geometryKind":"line","__featureIndex":992,"__length_m":180.46,"__typeValue":"جاري العمل ميدانيا"},"geometry":{"type":"LineString","coordinates":[[31.589168455956354,30.256261198613323],[31.58904063960272,30.2566150086203],[31.58891775848298,30.256940204372647],[31.58878468837272,30.257277703651063],[31.5886566048906,30.257589650773028]]}},{"type":"Feature","properties":{"اسم_الحي":"حي 15","نوع_الطريق":"2","اسم_القطاع":"ABOR 7","موقف_التنفيذ":"جاري العمل ميدانيا","موقف_المتخلص":"3","ملاحظات":null,"Length":0.1752358490566038,"Field":"رئيسي","SHAPE_Length":187.25073757380957,"__networkId":"roads","__networkName":"الطرق والقطاعات","__layerId":"roads_lines","__layerName":"طرق المدينة","__assetName":"طرق المدينة","__geometryKind":"line","__featureIndex":993,"__length_m":187.25,"__typeValue":"جاري العمل ميدانيا"},"geometry":{"type":"LineString","coordinates":[[31.587118920889544,30.258927403837795],[31.587214706451647,30.2574768233069]]}},{"type":"Feature","properties":{"اسم_الحي":"حي 15","نوع_الطريق":"2","اسم_القطاع":"ABOR 7","موقف_التنفيذ":"جاري العمل ميدانيا","موقف_المتخلص":"3","ملاحظات":null,"Length":0.1752358490566038,"Field":"رئيسي","SHAPE_Length":59.26868836247265,"__networkId":"roads","__networkName":"الطرق والقطاعات","__layerId":"roads_lines","__layerName":"طرق المدينة","__assetName":"طرق المدينة","__geometryKind":"line","__featureIndex":994,"__length_m":59.27,"__typeValue":"جاري العمل ميدانيا"},"geometry":{"type":"LineString","coordinates":[[31.581076818152553,30.253343253239372],[31.58107258188782,30.253384895903213],[31.581055251417535,30.253467110595043],[31.581042223046225,30.2535073703235],[31.581007687287766,30.25358543047634],[31.580962300838543,30.253659229544947],[31.580935747743084,30.25369417809225],[31.58087542574734,30.25375950994747]]}},{"type":"Feature","properties":{"اسم_الحي":"حي 15","نوع_الطريق":"2","اسم_القطاع":"ABOR 7","موقف_التنفيذ":"جاري العمل ميدانيا","موقف_المتخلص":"3","ملاحظات":null,"Length":0.1752358490566038,"Field":"رئيسي","SHAPE_Length":63.685765272285984,"__networkId":"roads","__networkName":"الطرق والقطاعات","__layerId":"roads_lines","__layerName":"طرق المدينة","__assetName":"طرق المدينة","__geometryKind":"line","__featureIndex":995,"__length_m":63.69,"__typeValue":"جاري العمل ميدانيا"},"geometry":{"type":"LineString","coordinates":[[31.58110949437104,30.252849876160994],[31.581076818152553,30.253343253239372]]}},{"type":"Feature","properties":{"اسم_الحي":"حي 15","نوع_الطريق":"2","اسم_القطاع":"ABOR 7","موقف_التنفيذ":"جاري العمل ميدانيا","موقف_المتخلص":"3","ملاحظات":null,"Length":0.1752358490566038,"Field":"رئيسي","SHAPE_Length":134.1974108717522,"__networkId":"roads","__networkName":"الطرق والقطاعات","__layerId":"roads_lines","__layerName":"طرق المدينة","__assetName":"طرق المدينة","__geometryKind":"line","__featureIndex":996,"__length_m":134.2,"__typeValue":"جاري العمل ميدانيا"},"geometry":{"type":"LineString","coordinates":[[31.581905276846918,30.25392442606306],[31.58196141975555,30.25288422464971]]}},{"type":"Feature","properties":{"اسم_الحي":"حي 15","نوع_الطريق":"2","اسم_القطاع":"ABOR 7","موقف_التنفيذ":"جاري العمل ميدانيا","موقف_المتخلص":"3","ملاحظات":null,"Length":0.1752358490566038,"Field":"رئيسي","SHAPE_Length":260.55287689934755,"__networkId":"roads","__networkName":"الطرق والقطاعات","__layerId":"roads_lines","__layerName":"طرق المدينة","__assetName":"طرق المدينة","__geometryKind":"line","__featureIndex":997,"__length_m":260.55,"__typeValue":"جاري العمل ميدانيا"},"geometry":{"type":"LineString","coordinates":[[31.5819385423602,30.25330810410957],[31.584275237382336,30.253424640067173]]}},{"type":"Feature","properties":{"اسم_الحي":"حي 15","نوع_الطريق":"2","اسم_القطاع":"ABOR 7","موقف_التنفيذ":"جاري العمل ميدانيا","موقف_المتخلص":"3","ملاحظات":null,"Length":0.1752358490566038,"Field":"رئيسي","SHAPE_Length":79.4965982729325,"__networkId":"roads","__networkName":"الطرق والقطاعات","__layerId":"roads_lines","__layerName":"طرق المدينة","__assetName":"طرق المدينة","__geometryKind":"line","__featureIndex":998,"__length_m":79.5,"__typeValue":"جاري العمل ميدانيا"},"geometry":{"type":"LineString","coordinates":[[31.584275237382336,30.253424640067173],[31.584234492495987,30.254040502694348]]}},{"type":"Feature","properties":{"اسم_الحي":"حي 15","نوع_الطريق":"2","اسم_القطاع":"ABOR 8","موقف_التنفيذ":"جاري العمل ميدانيا","موقف_المتخلص":"3","ملاحظات":null,"Length":0.1752358490566038,"Field":"رئيسي","SHAPE_Length":245.81052947792,"__networkId":"roads","__networkName":"الطرق والقطاعات","__layerId":"roads_lines","__layerName":"طرق المدينة","__assetName":"طرق المدينة","__geometryKind":"line","__featureIndex":999,"__length_m":245.81,"__typeValue":"جاري العمل ميدانيا"},"geometry":{"type":"LineString","coordinates":[[31.571494786359224,30.257097881045908],[31.571620758908136,30.255193625284285]]}},{"type":"Feature","properties":{"اسم_الحي":"حي 15","نوع_الطريق":"2","اسم_القطاع":"ABOR 8","موقف_التنفيذ":"جاري العمل ميدانيا","موقف_المتخلص":"3","ملاحظات":null,"Length":0.1752358490566038,"Field":"رئيسي","SHAPE_Length":135.70374545814497,"__networkId":"roads","__networkName":"الطرق والقطاعات","__layerId":"roads_lines","__layerName":"طرق المدينة","__assetName":"طرق المدينة","__geometryKind":"line","__featureIndex":1000,"__length_m":135.7,"__typeValue":"جاري العمل ميدانيا"},"geometry":{"type":"LineString","coordinates":[[31.571494786359224,30.257097881045908],[31.57271180863477,30.25715855182031]]}},{"type":"Feature","properties":{"اسم_الحي":"حي 15","نوع_الطريق":"2","اسم_القطاع":"ABOR 8","موقف_التنفيذ":"جاري العمل ميدانيا","موقف_المتخلص":"3","ملاحظات":null,"Length":0.1752358490566038,"Field":"رئيسي","SHAPE_Length":153.05519814556985,"__networkId":"roads","__networkName":"الطرق والقطاعات","__layerId":"roads_lines","__layerName":"طرق المدينة","__assetName":"طرق المدينة","__geometryKind":"line","__featureIndex":1001,"__length_m":153.06,"__typeValue":"جاري العمل ميدانيا"},"geometry":{"type":"LineString","coordinates":[[31.57490422164583,30.25833415144022],[31.57498277392756,30.257148481669272]]}},{"type":"Feature","properties":{"اسم_الحي":"حي 15","نوع_الطريق":"1","اسم_القطاع":"ABOR 7","موقف_التنفيذ":"جاري العمل ميدانيا","موقف_المتخلص":"3","ملاحظات":null,"Length":0.1752358490566038,"Field":"رئيسي","SHAPE_Length":153.0648940473296,"__networkId":"roads","__networkName":"الطرق والقطاعات","__layerId":"roads_lines","__layerName":"طرق المدينة","__assetName":"طرق المدينة","__geometryKind":"line","__featureIndex":1002,"__length_m":153.06,"__typeValue":"جاري العمل ميدانيا"},"geometry":{"type":"LineString","coordinates":[[31.577203497344808,30.257259339402754],[31.577124911825425,30.258445081548746]]}},{"type":"Feature","properties":{"اسم_الحي":"حي 16","نوع_الطريق":"2","اسم_القطاع":"ABOR 9","موقف_التنفيذ":"جاري العمل ميدانيا","موقف_المتخلص":"3","ملاحظات":null,"Length":0.1752358490566038,"Field":"رئيسي","SHAPE_Length":153.42188805091592,"__networkId":"roads","__networkName":"الطرق والقطاعات","__layerId":"roads_lines","__layerName":"طرق المدينة","__assetName":"طرق المدينة","__geometryKind":"line","__featureIndex":1003,"__length_m":153.42,"__typeValue":"جاري العمل ميدانيا"},"geometry":{"type":"LineString","coordinates":[[31.56630222847127,30.25682769273657],[31.567678101635153,30.256897021640768]]}},{"type":"Feature","properties":{"اسم_الحي":"حي 16","نوع_الطريق":"2","اسم_القطاع":"ABOR 9","موقف_التنفيذ":"جاري العمل ميدانيا","موقف_المتخلص":"3","ملاحظات":null,"Length":0.1752358490566038,"Field":"رئيسي","SHAPE_Length":244.54061980385018,"__networkId":"roads","__networkName":"الطرق والقطاعات","__layerId":"roads_lines","__layerName":"طرق المدينة","__assetName":"طرق المدينة","__geometryKind":"line","__featureIndex":1004,"__length_m":244.54,"__typeValue":"جاري العمل ميدانيا"},"geometry":{"type":"LineString","coordinates":[[31.567678101635153,30.256897021640768],[31.56780474612392,30.25500266552625]]}},{"type":"Feature","properties":{"اسم_الحي":"حي 15","نوع_الطريق":"2","اسم_القطاع":"ABOR 8","موقف_التنفيذ":"جاري العمل ميدانيا","موقف_المتخلص":"3","ملاحظات":null,"Length":0.1752358490566038,"Field":"رئيسي","SHAPE_Length":150.5906701604291,"__networkId":"roads","__networkName":"الطرق والقطاعات","__layerId":"roads_lines","__layerName":"طرق المدينة","__assetName":"طرق المدينة","__geometryKind":"line","__featureIndex":1005,"__length_m":150.59,"__typeValue":"جاري العمل ميدانيا"},"geometry":{"type":"LineString","coordinates":[[31.573615703355127,30.25293319401964],[31.57369300608029,30.251766552884757]]}},{"type":"Feature","properties":{"اسم_الحي":"حي 15","نوع_الطريق":"2","اسم_القطاع":"ABOR 8","موقف_التنفيذ":"جاري العمل ميدانيا","موقف_المتخلص":"3","ملاحظات":null,"Length":0.1752358490566038,"Field":"رئيسي","SHAPE_Length":236.84448225712882,"__networkId":"roads","__networkName":"الطرق والقطاعات","__layerId":"roads_lines","__layerName":"طرق المدينة","__assetName":"طرق المدينة","__geometryKind":"line","__featureIndex":1006,"__length_m":236.84,"__typeValue":"جاري العمل ميدانيا"},"geometry":{"type":"LineString","coordinates":[[31.571491641357422,30.252827097437887],[31.573615703355127,30.25293319401964]]}},{"type":"Feature","properties":{"اسم_الحي":"حي 15","نوع_الطريق":"2","اسم_القطاع":"ABOR 8","موقف_التنفيذ":"جاري العمل ميدانيا","موقف_المتخلص":"3","ملاحظات":null,"Length":0.1752358490566038,"Field":"رئيسي","SHAPE_Length":150.6673534179566,"__networkId":"roads","__networkName":"الطرق والقطاعات","__layerId":"roads_lines","__layerName":"طرق المدينة","__assetName":"طرق المدينة","__geometryKind":"line","__featureIndex":1007,"__length_m":150.67,"__typeValue":"جاري العمل ميدانيا"},"geometry":{"type":"LineString","coordinates":[[31.57559087857767,30.25303182097393],[31.575668198370817,30.251864585832237]]}},{"type":"Feature","properties":{"اسم_الحي":"حي 15","نوع_الطريق":"1","اسم_القطاع":"ABOR 7","موقف_التنفيذ":"جاري العمل ميدانيا","موقف_المتخلص":"3","ملاحظات":null,"Length":0.1752358490566038,"Field":"رئيسي","SHAPE_Length":314.67344478193115,"__networkId":"roads","__networkName":"الطرق والقطاعات","__layerId":"roads_lines","__layerName":"طرق المدينة","__assetName":"طرق المدينة","__geometryKind":"line","__featureIndex":1008,"__length_m":314.67,"__typeValue":"جاري العمل ميدانيا"},"geometry":{"type":"LineString","coordinates":[[31.577638956577093,30.25068817702211],[31.577477416132815,30.253125994526364]]}},{"type":"Feature","properties":{"اسم_الحي":"حي 15","نوع_الطريق":"1","اسم_القطاع":"ABOR 7","موقف_التنفيذ":"جاري العمل ميدانيا","موقف_المتخلص":"3","ملاحظات":null,"Length":0.1752358490566038,"Field":"رئيسي","SHAPE_Length":155.4835113101911,"__networkId":"roads","__networkName":"الطرق والقطاعات","__layerId":"roads_lines","__layerName":"طرق المدينة","__assetName":"طرق المدينة","__geometryKind":"line","__featureIndex":1009,"__length_m":155.48,"__typeValue":"جاري العمل ميدانيا"},"geometry":{"type":"LineString","coordinates":[[31.577477416132815,30.253125994526364],[31.57739759453159,30.25433052373674]]}},{"type":"Feature","properties":{"اسم_الحي":"حي 15","نوع_الطريق":"1","اسم_القطاع":"ABOR 7","موقف_التنفيذ":"جاري العمل ميدانيا","موقف_المتخلص":"3","ملاحظات":null,"Length":0.1752358490566038,"Field":"رئيسي","SHAPE_Length":148.13280836930795,"__networkId":"roads","__networkName":"الطرق والقطاعات","__layerId":"roads_lines","__layerName":"طرق المدينة","__assetName":"طرق المدينة","__geometryKind":"line","__featureIndex":1010,"__length_m":148.13,"__typeValue":"جاري العمل ميدانيا"},"geometry":{"type":"LineString","coordinates":[[31.57739759453159,30.25433052373674],[31.577321544956284,30.25547809330376]]}},{"type":"Feature","properties":{"اسم_الحي":"حي 15","نوع_الطريق":"1","اسم_القطاع":"ABOR 7","موقف_التنفيذ":"جاري العمل ميدانيا","موقف_المتخلص":"3","ملاحظات":null,"Length":0.1752358490566038,"Field":"رئيسي","SHAPE_Length":76.87063958897775,"__networkId":"roads","__networkName":"الطرق والقطاعات","__layerId":"roads_lines","__layerName":"طرق المدينة","__assetName":"طرق المدينة","__geometryKind":"line","__featureIndex":1011,"__length_m":76.87,"__typeValue":"جاري العمل ميدانيا"},"geometry":{"type":"LineString","coordinates":[[31.577321544956284,30.25547809330376],[31.57728208016923,30.256073596908756]]}},{"type":"Feature","properties":{"اسم_الحي":"حي 16","نوع_الطريق":"2","اسم_القطاع":"ABOR 9","موقف_التنفيذ":"جاري العمل ميدانيا","موقف_المتخلص":"3","ملاحظات":null,"Length":0.1752358490566038,"Field":"رئيسي","SHAPE_Length":503.4258381155834,"__networkId":"roads","__networkName":"الطرق والقطاعات","__layerId":"roads_lines","__layerName":"طرق المدينة","__assetName":"طرق المدينة","__geometryKind":"line","__featureIndex":1012,"__length_m":503.43,"__typeValue":"جاري العمل ميدانيا"},"geometry":{"type":"LineString","coordinates":[[31.5710187124963,30.25401277591899],[31.566503923608778,30.253786958222246]]}},{"type":"Feature","properties":{"اسم_الحي":"حي 16","نوع_الطريق":"2","اسم_القطاع":"ABOR 10","موقف_التنفيذ":"جاري العمل مكتبيا","موقف_المتخلص":"3","ملاحظات":null,"Length":0.1752358490566038,"Field":"رئيسي","SHAPE_Length":163.34074991236596,"__networkId":"roads","__networkName":"الطرق والقطاعات","__layerId":"roads_lines","__layerName":"طرق المدينة","__assetName":"طرق المدينة","__geometryKind":"line","__featureIndex":1013,"__length_m":163.34,"__typeValue":"جاري العمل مكتبيا"},"geometry":{"type":"LineString","coordinates":[[31.55875512783318,30.252847278199592],[31.557290267557228,30.252773994397824]]}},{"type":"Feature","properties":{"اسم_الحي":"حي 16","نوع_الطريق":"2","اسم_القطاع":"ABOR 10","موقف_التنفيذ":"جاري العمل مكتبيا","موقف_المتخلص":"3","ملاحظات":null,"Length":0.1752358490566038,"Field":"رئيسي","SHAPE_Length":162.76182297131567,"__networkId":"roads","__networkName":"الطرق والقطاعات","__layerId":"roads_lines","__layerName":"طرق المدينة","__assetName":"طرق المدينة","__geometryKind":"line","__featureIndex":1014,"__length_m":162.76,"__typeValue":"جاري العمل مكتبيا"},"geometry":{"type":"LineString","coordinates":[[31.558838813986714,30.251586350916742],[31.55875512783318,30.252847278199592]]}},{"type":"Feature","properties":{"اسم_الحي":"حي 16","نوع_الطريق":"2","اسم_القطاع":"ABOR 10","موقف_التنفيذ":"جاري العمل مكتبيا","موقف_المتخلص":"3","ملاحظات":null,"Length":0.1752358490566038,"Field":"رئيسي","SHAPE_Length":153.1186352131468,"__networkId":"roads","__networkName":"الطرق والقطاعات","__layerId":"roads_lines","__layerName":"طرق المدينة","__assetName":"طرق المدينة","__geometryKind":"line","__featureIndex":1015,"__length_m":153.12,"__typeValue":"جاري العمل مكتبيا"},"geometry":{"type":"LineString","coordinates":[[31.56012831593267,30.252915960423312],[31.55875512783318,30.252847278199592]]}},{"type":"Feature","properties":{"اسم_الحي":"حي 16","نوع_الطريق":"2","اسم_القطاع":"ABOR 10","موقف_التنفيذ":"جاري العمل مكتبيا","موقف_المتخلص":"3","ملاحظات":null,"Length":0.1752358490566038,"Field":"رئيسي","SHAPE_Length":162.74578878529746,"__networkId":"roads","__networkName":"الطرق والقطاعات","__layerId":"roads_lines","__layerName":"طرق المدينة","__assetName":"طرق المدينة","__geometryKind":"line","__featureIndex":1016,"__length_m":162.75,"__typeValue":"جاري العمل مكتبيا"},"geometry":{"type":"LineString","coordinates":[[31.56021197693339,30.251655157403423],[31.56012831593267,30.252915960423312]]}},{"type":"Feature","properties":{"اسم_الحي":"حي 16","نوع_الطريق":"1","اسم_القطاع":"ABOR 11","موقف_التنفيذ":"جاري العمل مكتبيا","موقف_المتخلص":"3","ملاحظات":null,"Length":1.72,"Field":"رئيسي","SHAPE_Length":558.3458775781851,"__networkId":"roads","__networkName":"الطرق والقطاعات","__layerId":"roads_lines","__layerName":"طرق المدينة","__assetName":"طرق المدينة","__geometryKind":"line","__featureIndex":1017,"__length_m":558.35,"__typeValue":"جاري العمل مكتبيا"},"geometry":{"type":"LineString","coordinates":[[31.557152946591323,30.254096506380222],[31.55709467458923,30.254713391398067],[31.557040053417147,30.255330521746245],[31.556989084502643,30.255947881300603],[31.55694176917575,30.25656545392797],[31.556898108674403,30.257183223491406],[31.556858104138005,30.257801173851163],[31.5568217566107,30.258419288858736]]}},{"type":"Feature","properties":{"اسم_الحي":"حي 39","نوع_الطريق":"1","اسم_القطاع":"ABOR 19","موقف_التنفيذ":"تم التسليم","موقف_المتخلص":"3","ملاحظات":null,"Length":0.283013698630137,"Field":"رئيسي","SHAPE_Length":829.2681902626323,"__networkId":"roads","__networkName":"الطرق والقطاعات","__layerId":"roads_lines","__layerName":"طرق المدينة","__assetName":"طرق المدينة","__geometryKind":"line","__featureIndex":1018,"__length_m":829.27,"__typeValue":"تم التسليم"},"geometry":{"type":"LineString","coordinates":[[31.514897492793615,30.25924597453033],[31.52199398770543,30.261203070225335]]}},{"type":"Feature","properties":{"اسم_الحي":"حي 39","نوع_الطريق":"1","اسم_القطاع":"ABOR 18","موقف_التنفيذ":"تم التسليم","موقف_المتخلص":"3","ملاحظات":null,"Length":0.283013698630137,"Field":"رئيسي","SHAPE_Length":458.43595393494616,"__networkId":"roads","__networkName":"الطرق والقطاعات","__layerId":"roads_lines","__layerName":"طرق المدينة","__assetName":"طرق المدينة","__geometryKind":"line","__featureIndex":1019,"__length_m":458.44,"__typeValue":"تم التسليم"},"geometry":{"type":"LineString","coordinates":[[31.530900936461077,30.263057885935353],[31.526978493976948,30.26414149977354]]}},{"type":"Feature","properties":{"اسم_الحي":"حي 39","نوع_الطريق":"1","اسم_القطاع":"ABOR 19","موقف_التنفيذ":"تم التسليم","موقف_المتخلص":"3","ملاحظات":null,"Length":0.283013698630137,"Field":"رئيسي","SHAPE_Length":371.629506882459,"__networkId":"roads","__networkName":"الطرق والقطاعات","__layerId":"roads_lines","__layerName":"طرق المدينة","__assetName":"طرق المدينة","__geometryKind":"line","__featureIndex":1020,"__length_m":371.63,"__typeValue":"تم التسليم"},"geometry":{"type":"LineString","coordinates":[[31.525142773219116,30.264644787097993],[31.52195620725953,30.265504464848107]]}},{"type":"Feature","properties":{"اسم_الحي":"حي 39","نوع_الطريق":"1","اسم_القطاع":"ABOR 21","موقف_التنفيذ":"تم التسليم","موقف_المتخلص":"3","ملاحظات":null,"Length":0.283013698630137,"Field":"رئيسي","SHAPE_Length":708.5683447835486,"__networkId":"roads","__networkName":"الطرق والقطاعات","__layerId":"roads_lines","__layerName":"طرق المدينة","__assetName":"طرق المدينة","__geometryKind":"line","__featureIndex":1021,"__length_m":708.57,"__typeValue":"تم التسليم"},"geometry":{"type":"LineString","coordinates":[[31.512206271356423,30.268238903649966],[31.51192002229282,30.268320491493206],[31.507644238271478,30.269434883915675],[31.506122509248172,30.269854800330076]]}},{"type":"Feature","properties":{"اسم_الحي":"حي 39","نوع_الطريق":"2","اسم_القطاع":"ABOR 22","موقف_التنفيذ":"تم التسليم","موقف_المتخلص":"3","ملاحظات":null,"Length":0.283013698630137,"Field":"رئيسي","SHAPE_Length":55.75860957607073,"__networkId":"roads","__networkName":"الطرق والقطاعات","__layerId":"roads_lines","__layerName":"طرق المدينة","__assetName":"طرق المدينة","__geometryKind":"line","__featureIndex":1022,"__length_m":55.76,"__typeValue":"تم التسليم"},"geometry":{"type":"LineString","coordinates":[[31.496268110057294,30.268850925259024],[31.496524243999332,30.26922268827447]]}},{"type":"Feature","properties":{"اسم_الحي":"حي 39","نوع_الطريق":"2","اسم_القطاع":"ABOR 22","موقف_التنفيذ":"تم التسليم","موقف_المتخلص":"3","ملاحظات":null,"Length":0.283013698630137,"Field":"رئيسي","SHAPE_Length":725.1372575473532,"__networkId":"roads","__networkName":"الطرق والقطاعات","__layerId":"roads_lines","__layerName":"طرق المدينة","__assetName":"طرق المدينة","__geometryKind":"line","__featureIndex":1023,"__length_m":725.14,"__typeValue":"تم التسليم"},"geometry":{"type":"LineString","coordinates":[[31.496524243999332,30.26922268827447],[31.496598126838176,30.269330387882178],[31.496659906204403,30.26943323884566],[31.49671515972084,30.269538822854855],[31.496763725906078,30.269646831324756],[31.497366952669022,30.2712935660171],[31.49737680129887,30.271328596074397],[31.497380985438777,30.27136446240183],[31.497376497002165,30.271418341502645],[31.497359301608878,30.271470278352055],[31.49733013120645,30.271518062188836],[31.497290227473687,30.271559659034676],[31.49725848408032,30.271583065464867],[31.49722331900488,30.271602484486813],[31.497165628535758,30.271623353822516],[31.49382608846644,30.272487695203385]]}},{"type":"Feature","properties":{"اسم_الحي":"حي 39","نوع_الطريق":"1","اسم_القطاع":"ABOR 16","موقف_التنفيذ":"تم التسليم","موقف_المتخلص":"3","ملاحظات":null,"Length":0.283013698630137,"Field":"رئيسي","SHAPE_Length":394.16434047299435,"__networkId":"roads","__networkName":"الطرق والقطاعات","__layerId":"roads_lines","__layerName":"طرق المدينة","__assetName":"طرق المدينة","__geometryKind":"line","__featureIndex":1024,"__length_m":394.16,"__typeValue":"تم التسليم"},"geometry":{"type":"LineString","coordinates":[[31.528515789905796,30.265190001776666],[31.531659511616215,30.26433101336121],[31.531894574674936,30.264275956658278]]}},{"type":"Feature","properties":{"اسم_الحي":"حي 39","نوع_الطريق":"1","اسم_القطاع":"ABOR 22","موقف_التنفيذ":"تم التسليم","موقف_المتخلص":"3","ملاحظات":null,"Length":0.283013698630137,"Field":"رئيسي","SHAPE_Length":1257.39774046735,"__networkId":"roads","__networkName":"الطرق والقطاعات","__layerId":"roads_lines","__layerName":"طرق المدينة","__assetName":"طرق المدينة","__geometryKind":"line","__featureIndex":1025,"__length_m":1257.4,"__typeValue":"تم التسليم"},"geometry":{"type":"LineString","coordinates":[[31.499039226757535,30.273316570473614],[31.498136587881955,30.273575108842373],[31.4944193673211,30.274470609472527],[31.490726306051524,30.275478476724736],[31.489483285633312,30.276008942408787],[31.488379575949374,30.276469311299632]]}},{"type":"Feature","properties":{"اسم_الحي":"حي 39","نوع_الطريق":"1","اسم_القطاع":"ABOR 20","موقف_التنفيذ":"تم التسليم","موقف_المتخلص":"3","ملاحظات":null,"Length":0.283013698630137,"Field":"رئيسي","SHAPE_Length":889.3232806176983,"__networkId":"roads","__networkName":"الطرق والقطاعات","__layerId":"roads_lines","__layerName":"طرق المدينة","__assetName":"طرق المدينة","__geometryKind":"line","__featureIndex":1026,"__length_m":889.32,"__typeValue":"تم التسليم"},"geometry":{"type":"LineString","coordinates":[[31.505510765522846,30.25868045262633],[31.507908236963807,30.260895387251708],[31.50649608084559,30.26456617093019]]}},{"type":"Feature","properties":{"اسم_الحي":"حي 39","نوع_الطريق":"1","اسم_القطاع":"ABOR 21","موقف_التنفيذ":"تم التسليم","موقف_المتخلص":"3","ملاحظات":null,"Length":0.283013698630137,"Field":"رئيسي","SHAPE_Length":157.8929078116335,"__networkId":"roads","__networkName":"الطرق والقطاعات","__layerId":"roads_lines","__layerName":"طرق المدينة","__assetName":"طرق المدينة","__geometryKind":"line","__featureIndex":1027,"__length_m":157.89,"__typeValue":"تم التسليم"},"geometry":{"type":"LineString","coordinates":[[31.505526064730443,30.268286265556746],[31.50548307741257,30.26815534249188],[31.505450723606383,30.268022156547776],[31.5054291596085,30.267887351119985],[31.505418489591513,30.267751577426804],[31.505418765099883,30.267615491368172],[31.505429984803566,30.267479750355708],[31.505452094502353,30.267345010137532],[31.505484987386076,30.267211921629066],[31.50552850455473,30.26708112776868]]}},{"type":"Feature","properties":{"اسم_الحي":"حي 39","نوع_الطريق":"1","اسم_القطاع":"ABOR 15","موقف_التنفيذ":"تم التسليم","موقف_المتخلص":"3","ملاحظات":null,"Length":0.283013698630137,"Field":"رئيسي","SHAPE_Length":724.9343043661167,"__networkId":"roads","__networkName":"الطرق والقطاعات","__layerId":"roads_lines","__layerName":"طرق المدينة","__assetName":"طرق المدينة","__geometryKind":"line","__featureIndex":1028,"__length_m":724.93,"__typeValue":"تم التسليم"},"geometry":{"type":"LineString","coordinates":[[31.506653325546186,30.271250710798718],[31.507207596436423,30.272713473099415],[31.507230631649872,30.27278968513413],[31.507250003911977,30.272866653474484],[31.50726568018838,30.272944246865315],[31.50727763374682,30.27302233298874],[31.507285844204254,30.273100778688],[31.507290297557965,30.273179450189538],[31.50729081750642,30.273267791344573],[31.507286602585268,30.273356058534286],[31.507271424852142,30.273487906942798],[31.506761109905554,30.276761494930508]]}},{"type":"Feature","properties":{"اسم_الحي":"حي 39","نوع_الطريق":"1","اسم_القطاع":"ABOR 21","موقف_التنفيذ":"تم التسليم","موقف_المتخلص":"3","ملاحظات":null,"Length":0.283013698630137,"Field":"رئيسي","SHAPE_Length":799.937804492548,"__networkId":"roads","__networkName":"الطرق والقطاعات","__layerId":"roads_lines","__layerName":"طرق المدينة","__assetName":"طرق المدينة","__geometryKind":"line","__featureIndex":1029,"__length_m":799.94,"__typeValue":"تم التسليم"},"geometry":{"type":"LineString","coordinates":[[31.50623018760632,30.26525730051684],[31.50779370984992,30.265710245853285],[31.51010034634428,30.266329764141506],[31.510253306751448,30.26637629897489],[31.51040190205796,30.266432400796596],[31.510545331361513,30.26649776721186],[31.510682821602607,30.266572045887308],[31.51081363173342,30.266654836456024],[31.51093705670788,30.266745692669016],[31.511052431288622,30.266844124804173],[31.511159133623742,30.266949602309825],[31.511256588607747,30.26706155665563],[31.512206271356423,30.268238903649966]]}},{"type":"Feature","properties":{"اسم_الحي":"حي 39","نوع_الطريق":"1","اسم_القطاع":"ABOR 17","موقف_التنفيذ":"تم التسليم","موقف_المتخلص":"3","ملاحظات":null,"Length":0.283013698630137,"Field":"رئيسي","SHAPE_Length":678.6482210601246,"__networkId":"roads","__networkName":"الطرق والقطاعات","__layerId":"roads_lines","__layerName":"طرق المدينة","__assetName":"طرق المدينة","__geometryKind":"line","__featureIndex":1030,"__length_m":678.65,"__typeValue":"تم التسليم"},"geometry":{"type":"LineString","coordinates":[[31.513129133105696,30.269467089932796],[31.51321276625864,30.269578743738883],[31.513714423242533,30.270043035945914],[31.51441359101132,30.270684900374047],[31.514527602492237,30.270758049005],[31.51722265075253,30.271708109650334],[31.518276887518816,30.272068461137877]]}},{"type":"Feature","properties":{"اسم_الحي":"حي 39","نوع_الطريق":"1","اسم_القطاع":"ABOR 16","موقف_التنفيذ":"تم التسليم","موقف_المتخلص":"3","ملاحظات":null,"Length":0.283013698630137,"Field":"رئيسي","SHAPE_Length":2185.423521772617,"__networkId":"roads","__networkName":"الطرق والقطاعات","__layerId":"roads_lines","__layerName":"طرق المدينة","__assetName":"طرق المدينة","__geometryKind":"line","__featureIndex":1031,"__length_m":2185.42,"__typeValue":"تم التسليم"},"geometry":{"type":"LineString","coordinates":[[31.518276887518816,30.272068461137877],[31.519985058286117,30.27265131450979],[31.52269945356266,30.273612563407998],[31.525508087502452,30.27460188228309],[31.52863934239335,30.275724647908003],[31.536457844740045,30.278465052418714]]}},{"type":"Feature","properties":{"اسم_الحي":"حي 39","نوع_الطريق":"1","اسم_القطاع":"ABOR 21","موقف_التنفيذ":"تم التسليم","موقف_المتخلص":"3","ملاحظات":null,"Length":0.283013698630137,"Field":"رئيسي","SHAPE_Length":894.8255383003151,"__networkId":"roads","__networkName":"الطرق والقطاعات","__layerId":"roads_lines","__layerName":"طرق المدينة","__assetName":"طرق المدينة","__geometryKind":"line","__featureIndex":1032,"__length_m":894.83,"__typeValue":"تم التسليم"},"geometry":{"type":"LineString","coordinates":[[31.50649608084559,30.26456617093019],[31.50804716232079,30.26501580024881],[31.511218965143726,30.265868025423494],[31.511410420608563,30.265984842272143],[31.513036408103734,30.268002290064302]]}},{"type":"Feature","properties":{"اسم_الحي":"حي 39","نوع_الطريق":"1","اسم_القطاع":"ABOR 16","موقف_التنفيذ":"تم التسليم","موقف_المتخلص":"3","ملاحظات":null,"Length":0.283013698630137,"Field":"رئيسي","SHAPE_Length":641.7250198465076,"__networkId":"roads","__networkName":"الطرق والقطاعات","__layerId":"roads_lines","__layerName":"طرق المدينة","__assetName":"طرق المدينة","__geometryKind":"line","__featureIndex":1033,"__length_m":641.73,"__typeValue":"تم التسليم"},"geometry":{"type":"LineString","coordinates":[[31.526512035680827,30.27417131807271],[31.528966698364364,30.275051411333056],[31.531845519473897,30.276060514662028]]}},{"type":"Feature","properties":{"اسم_الحي":"حي 39","نوع_الطريق":"1","اسم_القطاع":"ABOR 12","موقف_التنفيذ":"تم التسليم","موقف_المتخلص":"3","ملاحظات":null,"Length":0.283013698630137,"Field":"رئيسي","SHAPE_Length":2407.65583852696,"__networkId":"roads","__networkName":"الطرق والقطاعات","__layerId":"roads_lines","__layerName":"طرق المدينة","__assetName":"طرق المدينة","__geometryKind":"line","__featureIndex":1034,"__length_m":2407.66,"__typeValue":"تم التسليم"},"geometry":{"type":"LineString","coordinates":[[31.535959313893354,30.2799078825515],[31.535885637667008,30.279949630083454],[31.535808873032707,30.279986164492698],[31.535730018917057,30.28001717470553],[31.5356474125385,30.280043274352703],[31.53556306881816,30.28006370940035],[31.535477159334278,30.28007848683383],[31.535390189838346,30.280087520546456],[31.535299045871312,30.280090763218578],[31.53522193179237,30.28008857014824],[31.535145168056406,30.28008186681554],[31.528641540570845,30.279320525514656],[31.52509461992664,30.27883424380918],[31.52174762653538,30.278517782383567],[31.51817060514263,30.27810464761396],[31.514564443300337,30.277681388755447]]}},{"type":"Feature","properties":{"اسم_الحي":"حي 39","نوع_الطريق":"1","اسم_القطاع":"ABOR 16","موقف_التنفيذ":"تم التسليم","موقف_المتخلص":"3","ملاحظات":null,"Length":0.283013698630137,"Field":"رئيسي","SHAPE_Length":1372.828026031918,"__networkId":"roads","__networkName":"الطرق والقطاعات","__layerId":"roads_lines","__layerName":"طرق المدينة","__assetName":"طرق المدينة","__geometryKind":"line","__featureIndex":1035,"__length_m":1372.83,"__typeValue":"تم التسليم"},"geometry":{"type":"LineString","coordinates":[[31.531894574674936,30.264275956658278],[31.53301366800813,30.267876031315932],[31.533028599804783,30.26826922629004],[31.53305620323683,30.27338651924703],[31.53246052947361,30.27470218182563]]}},{"type":"Feature","properties":{"اسم_الحي":"حي 39","نوع_الطريق":"1","اسم_القطاع":"ABOR 12","موقف_التنفيذ":"تم التسليم","موقف_المتخلص":"3","ملاحظات":null,"Length":0.283013698630137,"Field":"رئيسي","SHAPE_Length":384.1211381113554,"__networkId":"roads","__networkName":"الطرق والقطاعات","__layerId":"roads_lines","__layerName":"طرق المدينة","__assetName":"طرق المدينة","__geometryKind":"line","__featureIndex":1036,"__length_m":384.12,"__typeValue":"تم التسليم"},"geometry":{"type":"LineString","coordinates":[[31.530266513868092,30.27951078245972],[31.531523150949376,30.276735500693103]]}},{"type":"Feature","properties":{"اسم_الحي":"حي 39","نوع_الطريق":"2","اسم_القطاع":"ABOR 20","موقف_التنفيذ":"تم التسليم","موقف_المتخلص":"3","ملاحظات":null,"Length":0.283013698630137,"Field":"رئيسي","SHAPE_Length":32.217263544846986,"__networkId":"roads","__networkName":"الطرق والقطاعات","__layerId":"roads_lines","__layerName":"طرق المدينة","__assetName":"طرق المدينة","__geometryKind":"line","__featureIndex":1037,"__length_m":32.22,"__typeValue":"تم التسليم"},"geometry":{"type":"LineString","coordinates":[[31.51168536886588,30.258619836331164],[31.511810928189785,30.258394604190425]]}},{"type":"Feature","properties":{"اسم_الحي":"حي 39","نوع_الطريق":"2","اسم_القطاع":"ABOR 20","موقف_التنفيذ":"تم التسليم","موقف_المتخلص":"3","ملاحظات":null,"Length":0.283013698630137,"Field":"رئيسي","SHAPE_Length":74.74380823329304,"__networkId":"roads","__networkName":"الطرق والقطاعات","__layerId":"roads_lines","__layerName":"طرق المدينة","__assetName":"طرق المدينة","__geometryKind":"line","__featureIndex":1038,"__length_m":74.74,"__typeValue":"تم التسليم"},"geometry":{"type":"LineString","coordinates":[[31.511394071270395,30.25914237082905],[31.51168536886588,30.258619836331164]]}},{"type":"Feature","properties":{"اسم_الحي":"حي 39","نوع_الطريق":"1","اسم_القطاع":"ABOR 21","موقف_التنفيذ":"تم التسليم","موقف_المتخلص":null,"ملاحظات":null,"Length":0.283013698630137,"Field":"رئيسي","SHAPE_Length":2499.357697563075,"__networkId":"roads","__networkName":"الطرق والقطاعات","__layerId":"roads_lines","__layerName":"طرق المدينة","__assetName":"طرق المدينة","__geometryKind":"line","__featureIndex":1039,"__length_m":2499.36,"__typeValue":"تم التسليم"},"geometry":{"type":"LineString","coordinates":[[31.511810928189785,30.258394604190425],[31.51147697678795,30.258302484923128],[31.511478324260892,30.258298979266605],[31.508874621190255,30.25589359527726],[31.506520108982787,30.25782718410317],[31.505247172869,30.258905040092795],[31.5035320401583,30.260712771098692],[31.503218405054923,30.26105700851379],[31.50286099594612,30.26142162157849],[31.502488830212087,30.26180705388246],[31.502158585259142,30.262170507294634],[31.501893516673306,30.26244068478494],[31.50098070347883,30.263271590819908],[31.500896537504804,30.263361915472682],[31.500808018125213,30.263449080270814],[31.50071530418181,30.26353292881588],[31.500618562041492,30.26361331065629],[31.500517965299576,30.2636900815622],[31.500413694465998,30.26376310378524],[31.500305936648104,30.26383224630017],[31.49914429910307,30.264527204598625],[31.498140951897618,30.265046354320063],[31.495456848710727,30.26640787535958]]}},{"type":"Feature","properties":{"اسم_الحي":"حي 39","نوع_الطريق":"1","اسم_القطاع":"ABOR 22","موقف_التنفيذ":"تم التسليم","موقف_المتخلص":"3","ملاحظات":null,"Length":0.283013698630137,"Field":"رئيسي","SHAPE_Length":131.58724573829574,"__networkId":"roads","__networkName":"الطرق والقطاعات","__layerId":"roads_lines","__layerName":"طرق المدينة","__assetName":"طرق المدينة","__geometryKind":"line","__featureIndex":1040,"__length_m":131.59,"__typeValue":"تم التسليم"},"geometry":{"type":"LineString","coordinates":[[31.494528103894698,30.266878503521017],[31.493821687619867,30.267697073896432]]}},{"type":"Feature","properties":{"اسم_الحي":"حي 39","نوع_الطريق":"1","اسم_القطاع":"ABOR 22","موقف_التنفيذ":"تم التسليم","موقف_المتخلص":"3","ملاحظات":null,"Length":0.283013698630137,"Field":"رئيسي","SHAPE_Length":150.1763394281381,"__networkId":"roads","__networkName":"الطرق والقطاعات","__layerId":"roads_lines","__layerName":"طرق المدينة","__assetName":"طرق المدينة","__geometryKind":"line","__featureIndex":1041,"__length_m":150.18,"__typeValue":"تم التسليم"},"geometry":{"type":"LineString","coordinates":[[31.493821687619867,30.267697073896432],[31.49376007396555,30.267761992787527],[31.493683904371466,30.267830060703112],[31.49363175592102,30.26787047929449],[31.49358126790712,30.267903997795916],[31.493472400884983,30.26798547600734],[31.49336711060171,30.26807038810684],[31.493265542175415,30.268158617057015],[31.49316783559519,30.26825004124417],[31.493074125524686,30.268344534654606],[31.492984541122162,30.268441967042932],[31.49289920585796,30.26854220411104]]}},{"type":"Feature","properties":{"اسم_الحي":"حي 39","نوع_الطريق":"1","اسم_القطاع":"ABOR 22","موقف_التنفيذ":"تم التسليم","موقف_المتخلص":"3","ملاحظات":null,"Length":0.283013698630137,"Field":"رئيسي","SHAPE_Length":291.7292896395624,"__networkId":"roads","__networkName":"الطرق والقطاعات","__layerId":"roads_lines","__layerName":"طرق المدينة","__assetName":"طرق المدينة","__geometryKind":"line","__featureIndex":1042,"__length_m":291.73,"__typeValue":"تم التسليم"},"geometry":{"type":"LineString","coordinates":[[31.49659715306442,30.268085273089262],[31.497111229257094,30.268835680626385],[31.497361564573968,30.26923442835674],[31.49771304570023,30.27012179979246]]}},{"type":"Feature","properties":{"اسم_الحي":"حي 39","نوع_الطريق":"2","اسم_القطاع":"ABOR 22","موقف_التنفيذ":"تم التسليم","موقف_المتخلص":"3","ملاحظات":null,"Length":0.283013698630137,"Field":"رئيسي","SHAPE_Length":73.60872025961537,"__networkId":"roads","__networkName":"الطرق والقطاعات","__layerId":"roads_lines","__layerName":"طرق المدينة","__assetName":"طرق المدينة","__geometryKind":"line","__featureIndex":1043,"__length_m":73.61,"__typeValue":"تم التسليم"},"geometry":{"type":"LineString","coordinates":[[31.497252641150812,30.27098063047921],[31.49661878808972,30.27114327785571]]}},{"type":"Feature","properties":{"اسم_الحي":"حي 39","نوع_الطريق":"1","اسم_القطاع":"ABOR 15","موقف_التنفيذ":"تم التسليم","موقف_المتخلص":"3","ملاحظات":null,"Length":0.283013698630137,"Field":"رئيسي","SHAPE_Length":157.15563026299293,"__networkId":"roads","__networkName":"الطرق والقطاعات","__layerId":"roads_lines","__layerName":"طرق المدينة","__assetName":"طرق المدينة","__geometryKind":"line","__featureIndex":1044,"__length_m":157.16,"__typeValue":"تم التسليم"},"geometry":{"type":"LineString","coordinates":[[31.497563879549002,30.27371308661874],[31.49800427951536,30.27487146543635]]}},{"type":"Feature","properties":{"اسم_الحي":"حي 39","نوع_الطريق":"1","اسم_القطاع":"ABOR 14","موقف_التنفيذ":"تم التسليم","موقف_المتخلص":"3","ملاحظات":null,"Length":0.283013698630137,"Field":"رئيسي","SHAPE_Length":212.44538780762917,"__networkId":"roads","__networkName":"الطرق والقطاعات","__layerId":"roads_lines","__layerName":"طرق المدينة","__assetName":"طرق المدينة","__geometryKind":"line","__featureIndex":1045,"__length_m":212.45,"__typeValue":"تم التسليم"},"geometry":{"type":"LineString","coordinates":[[31.5091811380433,30.273402698801963],[31.507290297557965,30.273179450189538]]}},{"type":"Feature","properties":{"اسم_الحي":"حي 39","نوع_الطريق":"2","اسم_القطاع":"ABOR 14","موقف_التنفيذ":"تم التسليم","موقف_المتخلص":"3","ملاحظات":null,"Length":0.283013698630137,"Field":"رئيسي","SHAPE_Length":879.8562370958908,"__networkId":"roads","__networkName":"الطرق والقطاعات","__layerId":"roads_lines","__layerName":"طرق المدينة","__assetName":"طرق المدينة","__geometryKind":"line","__featureIndex":1046,"__length_m":879.86,"__typeValue":"تم التسليم"},"geometry":{"type":"LineString","coordinates":[[31.51485038064854,30.275846247237727],[31.509215992676317,30.27518459958695],[31.50915104611676,30.275170675161792],[31.509110317348487,30.27515485250086],[31.50907262749078,30.275134162086292],[31.509038751406482,30.27510902928807],[31.50900938555085,30.275079970806285],[31.508985110228764,30.275047621040184],[31.508966382210577,30.275012629211254],[31.508953578719858,30.27497570012497],[31.508946957645854,30.274937577610956],[31.508946652352165,30.274899029538457],[31.5091811380433,30.273402698801963]]}},{"type":"Feature","properties":{"اسم_الحي":"حي 39","نوع_الطريق":"1","اسم_القطاع":"ABOR 15","موقف_التنفيذ":"تم التسليم","موقف_المتخلص":"3","ملاحظات":null,"Length":0.283013698630137,"Field":"رئيسي","SHAPE_Length":33.126141217978486,"__networkId":"roads","__networkName":"الطرق والقطاعات","__layerId":"roads_lines","__layerName":"طرق المدينة","__assetName":"طرق المدينة","__geometryKind":"line","__featureIndex":1047,"__length_m":33.13,"__typeValue":"تم التسليم"},"geometry":{"type":"LineString","coordinates":[[31.505186657859902,30.273782886154333],[31.505184901627505,30.273929692637765],[31.505174558451326,30.274039453521645]]}},{"type":"Feature","properties":{"اسم_الحي":"حي 39","نوع_الطريق":"1","اسم_القطاع":"ABOR 22","موقف_التنفيذ":"تم التسليم","موقف_المتخلص":"3","ملاحظات":null,"Length":0.283013698630137,"Field":"رئيسي","SHAPE_Length":187.18229421739613,"__networkId":"roads","__networkName":"الطرق والقطاعات","__layerId":"roads_lines","__layerName":"طرق المدينة","__assetName":"طرق المدينة","__geometryKind":"line","__featureIndex":1048,"__length_m":187.18,"__typeValue":"تم التسليم"},"geometry":{"type":"LineString","coordinates":[[31.498391608811357,30.271979594535342],[31.49855884547283,30.27243744694819],[31.499039226757535,30.273316570473614]]}},{"type":"Feature","properties":{"اسم_الحي":"حي 39","نوع_الطريق":"1","اسم_القطاع":"ABOR 22","موقف_التنفيذ":"تم التسليم","موقف_المتخلص":"3","ملاحظات":null,"Length":0.283013698630137,"Field":"رئيسي","SHAPE_Length":1146.7543975084309,"__networkId":"roads","__networkName":"الطرق والقطاعات","__layerId":"roads_lines","__layerName":"طرق المدينة","__assetName":"طرق المدينة","__geometryKind":"line","__featureIndex":1049,"__length_m":1146.75,"__typeValue":"تم التسليم"},"geometry":{"type":"LineString","coordinates":[[31.498391608811357,30.271979594535342],[31.494238837390046,30.27305219497156],[31.49143099306941,30.273803016836972],[31.491344970502965,30.273820544670304],[31.491256984707324,30.273827785454365],[31.491168677149,30.273824604108487],[31.491081695297854,30.27381105998067],[31.49103921041729,30.27380047338839],[31.49095724372882,30.273771918079756],[31.490918144659226,30.273754082698606],[31.49084462708024,30.273711712497363],[31.489039981413644,30.272334320330163]]}},{"type":"Feature","properties":{"اسم_الحي":"حي 39","نوع_الطريق":"1","اسم_القطاع":"ABOR 14","موقف_التنفيذ":"تم التسليم","موقف_المتخلص":"3","ملاحظات":null,"Length":0.283013698630137,"Field":"رئيسي","SHAPE_Length":227.24449781526016,"__networkId":"roads","__networkName":"الطرق والقطاعات","__layerId":"roads_lines","__layerName":"طرق المدينة","__assetName":"طرق المدينة","__geometryKind":"line","__featureIndex":1050,"__length_m":227.24,"__typeValue":"تم التسليم"},"geometry":{"type":"LineString","coordinates":[[31.51512148591307,30.274106238042375],[31.51309903774704,30.273866742507508]]}},{"type":"Feature","properties":{"اسم_الحي":"حي 39","نوع_الطريق":"2","اسم_القطاع":"ABOR 14","موقف_التنفيذ":"تم التسليم","موقف_المتخلص":"3","ملاحظات":null,"Length":0.283013698630137,"Field":"رئيسي","SHAPE_Length":226.55131200656805,"__networkId":"roads","__networkName":"الطرق والقطاعات","__layerId":"roads_lines","__layerName":"طرق المدينة","__assetName":"طرق المدينة","__geometryKind":"line","__featureIndex":1051,"__length_m":226.55,"__typeValue":"تم التسليم"},"geometry":{"type":"LineString","coordinates":[[31.51309903774704,30.273866742507508],[31.512827605495733,30.275608627940326]]}},{"type":"Feature","properties":{"اسم_الحي":"حي 39","نوع_الطريق":"2","اسم_القطاع":"ABOR 19","موقف_التنفيذ":"تم التسليم","موقف_المتخلص":"3","ملاحظات":null,"Length":0.283013698630137,"Field":"رئيسي","SHAPE_Length":153.33456296678156,"__networkId":"roads","__networkName":"الطرق والقطاعات","__layerId":"roads_lines","__layerName":"طرق المدينة","__assetName":"طرق المدينة","__geometryKind":"line","__featureIndex":1052,"__length_m":153.33,"__typeValue":"تم التسليم"},"geometry":{"type":"LineString","coordinates":[[31.518194601838793,30.265236566777585],[31.51950851999419,30.264879483819175]]}},{"type":"Feature","properties":{"اسم_الحي":"حي 39","نوع_الطريق":"2","اسم_القطاع":"ABOR 20","موقف_التنفيذ":"تم التسليم","موقف_المتخلص":"3","ملاحظات":null,"Length":0.283013698630137,"Field":"رئيسي","SHAPE_Length":177.22174737128893,"__networkId":"roads","__networkName":"الطرق والقطاعات","__layerId":"roads_lines","__layerName":"طرق المدينة","__assetName":"طرق المدينة","__geometryKind":"line","__featureIndex":1053,"__length_m":177.22,"__typeValue":"تم التسليم"},"geometry":{"type":"LineString","coordinates":[[31.514366345017276,30.26627687788642],[31.51588496766632,30.26586421530684]]}},{"type":"Feature","properties":{"اسم_الحي":"حي 39","نوع_الطريق":"2","اسم_القطاع":"ABOR 20","موقف_التنفيذ":"تم التسليم","موقف_المتخلص":"3","ملاحظات":null,"Length":0.283013698630137,"Field":"رئيسي","SHAPE_Length":66.71155608962992,"__networkId":"roads","__networkName":"الطرق والقطاعات","__layerId":"roads_lines","__layerName":"طرق المدينة","__assetName":"طرق المدينة","__geometryKind":"line","__featureIndex":1054,"__length_m":66.71,"__typeValue":"تم التسليم"},"geometry":{"type":"LineString","coordinates":[[31.513611610159966,30.26534123475751],[31.513121517188704,30.265639111507156]]}},{"type":"Feature","properties":{"اسم_الحي":"حي 39","نوع_الطريق":"2","اسم_القطاع":"ABOR 20","موقف_التنفيذ":"تم التسليم","موقف_المتخلص":"3","ملاحظات":null,"Length":0.283013698630137,"Field":"رئيسي","SHAPE_Length":258.4478706992305,"__networkId":"roads","__networkName":"الطرق والقطاعات","__layerId":"roads_lines","__layerName":"طرق المدينة","__assetName":"طرق المدينة","__geometryKind":"line","__featureIndex":1055,"__length_m":258.45,"__typeValue":"تم التسليم"},"geometry":{"type":"LineString","coordinates":[[31.513877345295715,30.265670667812127],[31.514366345017276,30.26627687788642],[31.51483196069366,30.26747771022142]]}},{"type":"Feature","properties":{"اسم_الحي":"حي 39","نوع_الطريق":"2","اسم_القطاع":"ABOR 20","موقف_التنفيذ":"تم التسليم","موقف_المتخلص":"3","ملاحظات":null,"Length":0.283013698630137,"Field":"رئيسي","SHAPE_Length":85.37904772682077,"__networkId":"roads","__networkName":"الطرق والقطاعات","__layerId":"roads_lines","__layerName":"طرق المدينة","__assetName":"طرق المدينة","__geometryKind":"line","__featureIndex":1056,"__length_m":85.38,"__typeValue":"تم التسليم"},"geometry":{"type":"LineString","coordinates":[[31.512413426454216,30.26606948038057],[31.511786188586857,30.266450700881503]]}},{"type":"Feature","properties":{"اسم_الحي":"حي 39","نوع_الطريق":"2","اسم_القطاع":"ABOR 20","موقف_التنفيذ":"تم التسليم","موقف_المتخلص":"3","ملاحظات":null,"Length":0.283013698630137,"Field":"رئيسي","SHAPE_Length":83.65549118528297,"__networkId":"roads","__networkName":"الطرق والقطاعات","__layerId":"roads_lines","__layerName":"طرق المدينة","__assetName":"طرق المدينة","__geometryKind":"line","__featureIndex":1057,"__length_m":83.66,"__typeValue":"تم التسليم"},"geometry":{"type":"LineString","coordinates":[[31.510491004796723,30.260873738568606],[31.510476614684187,30.26090320222259],[31.51025134416039,30.261488836775857]]}},{"type":"Feature","properties":{"اسم_الحي":"حي 39","نوع_الطريق":"2","اسم_القطاع":"ABOR 20","موقف_التنفيذ":"تم التسليم","موقف_المتخلص":"3","ملاحظات":null,"Length":0.283013698630137,"Field":"رئيسي","SHAPE_Length":87.51772040014067,"__networkId":"roads","__networkName":"الطرق والقطاعات","__layerId":"roads_lines","__layerName":"طرق المدينة","__assetName":"طرق المدينة","__geometryKind":"line","__featureIndex":1058,"__length_m":87.52,"__typeValue":"تم التسليم"},"geometry":{"type":"LineString","coordinates":[[31.51025134416039,30.261488836775857],[31.510003459447628,30.262133252425468]]}},{"type":"Feature","properties":{"اسم_الحي":"حي 39","نوع_الطريق":"2","اسم_القطاع":"ABOR 20","موقف_التنفيذ":"تم التسليم","موقف_المتخلص":"3","ملاحظات":null,"Length":0.283013698630137,"Field":"رئيسي","SHAPE_Length":81.11577121875419,"__networkId":"roads","__networkName":"الطرق والقطاعات","__layerId":"roads_lines","__layerName":"طرق المدينة","__assetName":"طرق المدينة","__geometryKind":"line","__featureIndex":1059,"__length_m":81.12,"__typeValue":"تم التسليم"},"geometry":{"type":"LineString","coordinates":[[31.507134893505356,30.26290566560315],[31.50783069977837,30.26309255983292]]}},{"type":"Feature","properties":{"اسم_الحي":"حي 39","نوع_الطريق":"2","اسم_القطاع":"ABOR 20","موقف_التنفيذ":"تم التسليم","موقف_المتخلص":"3","ملاحظات":null,"Length":0.283013698630137,"Field":"رئيسي","SHAPE_Length":67.94140940626836,"__networkId":"roads","__networkName":"الطرق والقطاعات","__layerId":"roads_lines","__layerName":"طرق المدينة","__assetName":"طرق المدينة","__geometryKind":"line","__featureIndex":1060,"__length_m":67.94,"__typeValue":"تم التسليم"},"geometry":{"type":"LineString","coordinates":[[31.509657968287684,30.263031397704243],[31.50946552759424,30.263531659317394]]}},{"type":"Feature","properties":{"اسم_الحي":"حي 39","نوع_الطريق":"2","اسم_القطاع":"ABOR 19","موقف_التنفيذ":"تم التسليم","موقف_المتخلص":"3","ملاحظات":null,"Length":0.283013698630137,"Field":"رئيسي","SHAPE_Length":303.1023827340533,"__networkId":"roads","__networkName":"الطرق والقطاعات","__layerId":"roads_lines","__layerName":"طرق المدينة","__assetName":"طرق المدينة","__geometryKind":"line","__featureIndex":1061,"__length_m":303.1,"__typeValue":"تم التسليم"},"geometry":{"type":"LineString","coordinates":[[31.514897492793615,30.25924597453033],[31.514039085165983,30.26147785693116]]}},{"type":"Feature","properties":{"اسم_الحي":"حي 39","نوع_الطريق":"2","اسم_القطاع":"ABOR 19","موقف_التنفيذ":"تم التسليم","موقف_المتخلص":"3","ملاحظات":null,"Length":0.283013698630137,"Field":"رئيسي","SHAPE_Length":143.60606915398702,"__networkId":"roads","__networkName":"الطرق والقطاعات","__layerId":"roads_lines","__layerName":"طرق المدينة","__assetName":"طرق المدينة","__geometryKind":"line","__featureIndex":1062,"__length_m":143.61,"__typeValue":"تم التسليم"},"geometry":{"type":"LineString","coordinates":[[31.51812372655953,30.263025552121025],[31.516893166672627,30.26335997261407]]}},{"type":"Feature","properties":{"اسم_الحي":"حي 39","نوع_الطريق":"1","اسم_القطاع":"ABOR 21","موقف_التنفيذ":"تم التسليم","موقف_المتخلص":"3","ملاحظات":null,"Length":0.283013698630137,"Field":"رئيسي","SHAPE_Length":247.7070105616933,"__networkId":"roads","__networkName":"الطرق والقطاعات","__layerId":"roads_lines","__layerName":"طرق المدينة","__assetName":"طرق المدينة","__geometryKind":"line","__featureIndex":1063,"__length_m":247.71,"__typeValue":"تم التسليم"},"geometry":{"type":"LineString","coordinates":[[31.50623018760632,30.26525730051684],[31.50552850455473,30.26708112776868]]}},{"type":"Feature","properties":{"اسم_الحي":"حي 39","نوع_الطريق":"1","اسم_القطاع":"ABOR 21","موقف_التنفيذ":"تم التسليم","موقف_المتخلص":"3","ملاحظات":null,"Length":0.283013698630137,"Field":"رئيسي","SHAPE_Length":620.2943998263368,"__networkId":"roads","__networkName":"الطرق والقطاعات","__layerId":"roads_lines","__layerName":"طرق المدينة","__assetName":"طرق المدينة","__geometryKind":"line","__featureIndex":1064,"__length_m":620.29,"__typeValue":"تم التسليم"},"geometry":{"type":"LineString","coordinates":[[31.501199514217433,30.26307145475955],[31.504830716598253,30.26408338830368],[31.50649608084559,30.26456617093019]]}},{"type":"Feature","properties":{"اسم_الحي":"حي 39","نوع_الطريق":"1","اسم_القطاع":"ABOR 21","موقف_التنفيذ":"تم التسليم","موقف_المتخلص":"3","ملاحظات":null,"Length":0.283013698630137,"Field":"رئيسي","SHAPE_Length":93.86596109749733,"__networkId":"roads","__networkName":"الطرق والقطاعات","__layerId":"roads_lines","__layerName":"طرق المدينة","__assetName":"طرق المدينة","__geometryKind":"line","__featureIndex":1065,"__length_m":93.87,"__typeValue":"تم التسليم"},"geometry":{"type":"LineString","coordinates":[[31.50649608084559,30.26456617093019],[31.50623018760632,30.26525730051684]]}},{"type":"Feature","properties":{"اسم_الحي":"حي 39","نوع_الطريق":"2","اسم_القطاع":"ABOR 20","موقف_التنفيذ":"تم التسليم","موقف_المتخلص":"3","ملاحظات":null,"Length":0.283013698630137,"Field":"رئيسي","SHAPE_Length":197.2317530947887,"__networkId":"roads","__networkName":"الطرق والقطاعات","__layerId":"roads_lines","__layerName":"طرق المدينة","__assetName":"طرق المدينة","__geometryKind":"line","__featureIndex":1066,"__length_m":197.23,"__typeValue":"تم التسليم"},"geometry":{"type":"LineString","coordinates":[[31.5112030076943,30.2639983039005],[31.51289487044589,30.264452671806133]]}},{"type":"Feature","properties":{"اسم_الحي":"حي 39","نوع_الطريق":"2","اسم_القطاع":"ABOR 20","موقف_التنفيذ":"تم التسليم","موقف_المتخلص":"3","ملاحظات":null,"Length":0.283013698630137,"Field":"رئيسي","SHAPE_Length":191.32473169379585,"__networkId":"roads","__networkName":"الطرق والقطاعات","__layerId":"roads_lines","__layerName":"طرق المدينة","__assetName":"طرق المدينة","__geometryKind":"line","__featureIndex":1067,"__length_m":191.32,"__typeValue":"تم التسليم"},"geometry":{"type":"LineString","coordinates":[[31.51289487044589,30.264452671806133],[31.513877345295715,30.265670667812127]]}},{"type":"Feature","properties":{"اسم_الحي":"حي 39","نوع_الطريق":"1","اسم_القطاع":"ABOR 19","موقف_التنفيذ":"تم التسليم","موقف_المتخلص":"3","ملاحظات":null,"Length":0.283013698630137,"Field":"رئيسي","SHAPE_Length":28.00778388676329,"__networkId":"roads","__networkName":"الطرق والقطاعات","__layerId":"roads_lines","__layerName":"طرق المدينة","__assetName":"طرق المدينة","__geometryKind":"line","__featureIndex":1068,"__length_m":28.01,"__typeValue":"تم التسليم"},"geometry":{"type":"LineString","coordinates":[[31.51695837358247,30.263569857137597],[31.516893166672627,30.26335997261407]]}},{"type":"Feature","properties":{"اسم_الحي":"حي 39","نوع_الطريق":"2","اسم_القطاع":"ABOR 20","موقف_التنفيذ":"تم التسليم","موقف_المتخلص":"3","ملاحظات":null,"Length":0.283013698630137,"Field":"رئيسي","SHAPE_Length":76.9495914105851,"__networkId":"roads","__networkName":"الطرق والقطاعات","__layerId":"roads_lines","__layerName":"طرق المدينة","__assetName":"طرق المدينة","__geometryKind":"line","__featureIndex":1069,"__length_m":76.95,"__typeValue":"تم التسليم"},"geometry":{"type":"LineString","coordinates":[[31.513983128208622,30.2635166574882],[31.513322599675156,30.263340644389157]]}},{"type":"Feature","properties":{"اسم_الحي":"حي 39","نوع_الطريق":"2","اسم_القطاع":"ABOR 20","موقف_التنفيذ":"تم التسليم","موقف_المتخلص":"3","ملاحظات":null,"Length":0.283013698630137,"Field":"رئيسي","SHAPE_Length":158.75059451752952,"__networkId":"roads","__networkName":"الطرق والقطاعات","__layerId":"roads_lines","__layerName":"طرق المدينة","__assetName":"طرق المدينة","__geometryKind":"line","__featureIndex":1070,"__length_m":158.75,"__typeValue":"تم التسليم"},"geometry":{"type":"LineString","coordinates":[[31.51692278682249,30.26687240213194],[31.51654898166309,30.265683773079274]]}},{"type":"Feature","properties":{"اسم_الحي":"حي 39","نوع_الطريق":"2","اسم_القطاع":"ABOR 19","موقف_التنفيذ":"تم التسليم","موقف_المتخلص":"3","ملاحظات":null,"Length":0.283013698630137,"Field":"رئيسي","SHAPE_Length":114.73224834354751,"__networkId":"roads","__networkName":"الطرق والقطاعات","__layerId":"roads_lines","__layerName":"طرق المدينة","__assetName":"طرق المدينة","__geometryKind":"line","__featureIndex":1071,"__length_m":114.73,"__typeValue":"تم التسليم"},"geometry":{"type":"LineString","coordinates":[[31.51654898166309,30.265683773079274],[31.51753212306286,30.265416601716815]]}},{"type":"Feature","properties":{"اسم_الحي":"حي 39","نوع_الطريق":"2","اسم_القطاع":"ABOR 20","موقف_التنفيذ":"تم التسليم","موقف_المتخلص":"3","ملاحظات":null,"Length":0.283013698630137,"Field":"رئيسي","SHAPE_Length":77.49000237626099,"__networkId":"roads","__networkName":"الطرق والقطاعات","__layerId":"roads_lines","__layerName":"طرق المدينة","__assetName":"طرق المدينة","__geometryKind":"line","__featureIndex":1072,"__length_m":77.49,"__typeValue":"تم التسليم"},"geometry":{"type":"LineString","coordinates":[[31.51588496766632,30.26586421530684],[31.51654898166309,30.265683773079274]]}},{"type":"Feature","properties":{"اسم_الحي":"حي 39","نوع_الطريق":"2","اسم_القطاع":"ABOR 19","موقف_التنفيذ":"تم التسليم","موقف_المتخلص":"3","ملاحظات":null,"Length":0.283013698630137,"Field":"رئيسي","SHAPE_Length":77.31119431656957,"__networkId":"roads","__networkName":"الطرق والقطاعات","__layerId":"roads_lines","__layerName":"طرق المدينة","__assetName":"طرق المدينة","__geometryKind":"line","__featureIndex":1073,"__length_m":77.31,"__typeValue":"تم التسليم"},"geometry":{"type":"LineString","coordinates":[[31.51753212306286,30.265416601716815],[31.518194601838793,30.265236566777585]]}},{"type":"Feature","properties":{"اسم_الحي":"حي 39","نوع_الطريق":"1","اسم_القطاع":"ABOR 19","موقف_التنفيذ":"تم التسليم","موقف_المتخلص":"3","ملاحظات":null,"Length":0.283013698630137,"Field":"رئيسي","SHAPE_Length":405.20932035999664,"__networkId":"roads","__networkName":"الطرق والقطاعات","__layerId":"roads_lines","__layerName":"طرق المدينة","__assetName":"طرق المدينة","__geometryKind":"line","__featureIndex":1074,"__length_m":405.21,"__typeValue":"تم التسليم"},"geometry":{"type":"LineString","coordinates":[[31.517901774412383,30.26660636056053],[31.51695837358247,30.263569857137597]]}},{"type":"Feature","properties":{"اسم_الحي":"حي 39","نوع_الطريق":"1","اسم_القطاع":"ABOR 19","موقف_التنفيذ":"تم التسليم","موقف_المتخلص":"3","ملاحظات":null,"Length":0.283013698630137,"Field":"رئيسي","SHAPE_Length":473.1546553705685,"__networkId":"roads","__networkName":"الطرق والقطاعات","__layerId":"roads_lines","__layerName":"طرق المدينة","__assetName":"طرق المدينة","__geometryKind":"line","__featureIndex":1075,"__length_m":473.15,"__typeValue":"تم التسليم"},"geometry":{"type":"LineString","coordinates":[[31.52195620725953,30.265504464848107],[31.517901774412383,30.26660636056053]]}},{"type":"Feature","properties":{"اسم_الحي":"حي 39","نوع_الطريق":"2","اسم_القطاع":"ABOR 19","موقف_التنفيذ":"تم التسليم","موقف_المتخلص":"3","ملاحظات":null,"Length":0.283013698630137,"Field":"رئيسي","SHAPE_Length":26.015437336504714,"__networkId":"roads","__networkName":"الطرق والقطاعات","__layerId":"roads_lines","__layerName":"طرق المدينة","__assetName":"طرق المدينة","__geometryKind":"line","__featureIndex":1076,"__length_m":26.02,"__typeValue":"تم التسليم"},"geometry":{"type":"LineString","coordinates":[[31.52199527678786,30.261199550705935],[31.52192484617463,30.261392021520418]]}},{"type":"Feature","properties":{"اسم_الحي":"حي 39","نوع_الطريق":"1","اسم_القطاع":"ABOR 21","موقف_التنفيذ":"تم التسليم","موقف_المتخلص":"3","ملاحظات":null,"Length":0.283013698630137,"Field":"رئيسي","SHAPE_Length":201.3832117224687,"__networkId":"roads","__networkName":"الطرق والقطاعات","__layerId":"roads_lines","__layerName":"طرق المدينة","__assetName":"طرق المدينة","__geometryKind":"line","__featureIndex":1077,"__length_m":201.38,"__typeValue":"تم التسليم"},"geometry":{"type":"LineString","coordinates":[[31.504515047709074,30.26476040492827],[31.50623018760632,30.26525730051684]]}},{"type":"Feature","properties":{"اسم_الحي":"حي 39","نوع_الطريق":"1","اسم_القطاع":"ABOR 21","موقف_التنفيذ":"تم التسليم","موقف_المتخلص":"3","ملاحظات":null,"Length":0.283013698630137,"Field":"رئيسي","SHAPE_Length":903.1326274204694,"__networkId":"roads","__networkName":"الطرق والقطاعات","__layerId":"roads_lines","__layerName":"طرق المدينة","__assetName":"طرق المدينة","__geometryKind":"line","__featureIndex":1078,"__length_m":903.13,"__typeValue":"تم التسليم"},"geometry":{"type":"LineString","coordinates":[[31.506122509248172,30.269854800330076],[31.49868335107291,30.271904235717525],[31.498391608811357,30.271979594535342]]}},{"type":"Feature","properties":{"اسم_الحي":"حي 39","نوع_الطريق":"1","اسم_القطاع":"ABOR 21","موقف_التنفيذ":"تم التسليم","موقف_المتخلص":"3","ملاحظات":null,"Length":0.283013698630137,"Field":"رئيسي","SHAPE_Length":212.79447443084808,"__networkId":"roads","__networkName":"الطرق والقطاعات","__layerId":"roads_lines","__layerName":"طرق المدينة","__assetName":"طرق المدينة","__geometryKind":"line","__featureIndex":1079,"__length_m":212.79,"__typeValue":"تم التسليم"},"geometry":{"type":"LineString","coordinates":[[31.505526064730443,30.268286265556746],[31.506122509248172,30.269854800330076]]}},{"type":"Feature","properties":{"اسم_الحي":"حي 39","نوع_الطريق":"1","اسم_القطاع":"ABOR 17","موقف_التنفيذ":"تم التسليم","موقف_المتخلص":"3","ملاحظات":null,"Length":0.283013698630137,"Field":"رئيسي","SHAPE_Length":504.6482374486629,"__networkId":"roads","__networkName":"الطرق والقطاعات","__layerId":"roads_lines","__layerName":"طرق المدينة","__assetName":"طرق المدينة","__geometryKind":"line","__featureIndex":1080,"__length_m":504.65,"__typeValue":"تم التسليم"},"geometry":{"type":"LineString","coordinates":[[31.51832450002551,30.26796692118303],[31.514025096600385,30.269208397212868]]}},{"type":"Feature","properties":{"اسم_الحي":"حي 39","نوع_الطريق":"1","اسم_القطاع":"ABOR 21","موقف_التنفيذ":"تم التسليم","موقف_المتخلص":"3","ملاحظات":null,"Length":0.283013698630137,"Field":"رئيسي","SHAPE_Length":189.37852450075576,"__networkId":"roads","__networkName":"الطرق والقطاعات","__layerId":"roads_lines","__layerName":"طرق المدينة","__assetName":"طرق المدينة","__geometryKind":"line","__featureIndex":1081,"__length_m":189.38,"__typeValue":"تم التسليم"},"geometry":{"type":"LineString","coordinates":[[31.506122509248172,30.269854800330076],[31.506653325546186,30.271250710798718]]}},{"type":"Feature","properties":{"اسم_الحي":"حي 39","نوع_الطريق":"2","اسم_القطاع":"ABOR 19","موقف_التنفيذ":"تم التسليم","موقف_المتخلص":"3","ملاحظات":null,"Length":0.283013698630137,"Field":"رئيسي","SHAPE_Length":82.38780371128159,"__networkId":"roads","__networkName":"الطرق والقطاعات","__layerId":"roads_lines","__layerName":"طرق المدينة","__assetName":"طرق المدينة","__geometryKind":"line","__featureIndex":1082,"__length_m":82.39,"__typeValue":"تم التسليم"},"geometry":{"type":"LineString","coordinates":[[31.520215338714223,30.26294809384293],[31.519992280740976,30.263557610497987]]}},{"type":"Feature","properties":{"اسم_الحي":"حي 39","نوع_الطريق":"1","اسم_القطاع":"ABOR 19","موقف_التنفيذ":"تم التسليم","موقف_المتخلص":"3","ملاحظات":null,"Length":0.283013698630137,"Field":"رئيسي","SHAPE_Length":74.52611348626202,"__networkId":"roads","__networkName":"الطرق والقطاعات","__layerId":"roads_lines","__layerName":"طرق المدينة","__assetName":"طرق المدينة","__geometryKind":"line","__featureIndex":1083,"__length_m":74.53,"__typeValue":"تم التسليم"},"geometry":{"type":"LineString","coordinates":[[31.525781752067243,30.26447224266332],[31.525142773219116,30.264644787097993]]}},{"type":"Feature","properties":{"اسم_الحي":"حي 39","نوع_الطريق":"1","اسم_القطاع":"ABOR 19","موقف_التنفيذ":"تم التسليم","موقف_المتخلص":"3","ملاحظات":null,"Length":0.283013698630137,"Field":"رئيسي","SHAPE_Length":4.606366426181257,"__networkId":"roads","__networkName":"الطرق والقطاعات","__layerId":"roads_lines","__layerName":"طرق المدينة","__assetName":"طرق المدينة","__geometryKind":"line","__featureIndex":1084,"__length_m":4.61,"__typeValue":"تم التسليم"},"geometry":{"type":"LineString","coordinates":[[31.52238106367651,30.266872312131834],[31.522420504209077,30.266861499699736]]}},{"type":"Feature","properties":{"اسم_الحي":"حي 39","نوع_الطريق":"2","اسم_القطاع":"ABOR 19","موقف_التنفيذ":"تم التسليم","موقف_المتخلص":"3","ملاحظات":null,"Length":0.283013698630137,"Field":"رئيسي","SHAPE_Length":71.35724162921768,"__networkId":"roads","__networkName":"الطرق والقطاعات","__layerId":"roads_lines","__layerName":"طرق المدينة","__assetName":"طرق المدينة","__geometryKind":"line","__featureIndex":1085,"__length_m":71.36,"__typeValue":"تم التسليم"},"geometry":{"type":"LineString","coordinates":[[31.519878190208313,30.266069236757474],[31.519712045898206,30.265534516001047]]}},{"type":"Feature","properties":{"اسم_الحي":"حي 39","نوع_الطريق":"1","اسم_القطاع":"ABOR 17","موقف_التنفيذ":"تم التسليم","موقف_المتخلص":"3","ملاحظات":null,"Length":0.283013698630137,"Field":"رئيسي","SHAPE_Length":346.6009540064838,"__networkId":"roads","__networkName":"الطرق والقطاعات","__layerId":"roads_lines","__layerName":"طرق المدينة","__assetName":"طرق المدينة","__geometryKind":"line","__featureIndex":1086,"__length_m":346.6,"__typeValue":"تم التسليم"},"geometry":{"type":"LineString","coordinates":[[31.522420504209077,30.266861499699736],[31.525387992630417,30.26604746197239]]}},{"type":"Feature","properties":{"اسم_الحي":"حي 39","نوع_الطريق":"1","اسم_القطاع":"ABOR 20","موقف_التنفيذ":"تم التسليم","موقف_المتخلص":"3","ملاحظات":null,"Length":0.283013698630137,"Field":"رئيسي","SHAPE_Length":570.737343435103,"__networkId":"roads","__networkName":"الطرق والقطاعات","__layerId":"roads_lines","__layerName":"طرق المدينة","__assetName":"طرق المدينة","__geometryKind":"line","__featureIndex":1087,"__length_m":570.74,"__typeValue":"تم التسليم"},"geometry":{"type":"LineString","coordinates":[[31.517901774412383,30.26660636056053],[31.516650052912354,30.266946516449334],[31.513036408103734,30.268002290064302]]}},{"type":"Feature","properties":{"اسم_الحي":"حي 39","نوع_الطريق":"1","اسم_القطاع":"ABOR 21","موقف_التنفيذ":"تم التسليم","موقف_المتخلص":"3","ملاحظات":null,"Length":0.283013698630137,"Field":"رئيسي","SHAPE_Length":97.31269822686077,"__networkId":"roads","__networkName":"الطرق والقطاعات","__layerId":"roads_lines","__layerName":"طرق المدينة","__assetName":"طرق المدينة","__geometryKind":"line","__featureIndex":1088,"__length_m":97.31,"__typeValue":"تم التسليم"},"geometry":{"type":"LineString","coordinates":[[31.513036408103734,30.268002290064302],[31.512206271356423,30.268238903649966]]}},{"type":"Feature","properties":{"اسم_الحي":"حي 39","نوع_الطريق":"1","اسم_القطاع":"ABOR 21","موقف_التنفيذ":"تم التسليم","موقف_المتخلص":"3","ملاحظات":null,"Length":0.283013698630137,"Field":"رئيسي","SHAPE_Length":190.5769853687675,"__networkId":"roads","__networkName":"الطرق والقطاعات","__layerId":"roads_lines","__layerName":"طرق المدينة","__assetName":"طرق المدينة","__geometryKind":"line","__featureIndex":1089,"__length_m":190.58,"__typeValue":"تم التسليم"},"geometry":{"type":"LineString","coordinates":[[31.513036408103734,30.268002290064302],[31.513918307574365,30.269102866735924],[31.514025096600385,30.269208397212868]]}},{"type":"Feature","properties":{"اسم_الحي":"حي 39","نوع_الطريق":"1","اسم_القطاع":"ABOR 21","موقف_التنفيذ":"تم التسليم","موقف_المتخلص":"3","ملاحظات":null,"Length":0.283013698630137,"Field":"رئيسي","SHAPE_Length":756.5645992874529,"__networkId":"roads","__networkName":"الطرق والقطاعات","__layerId":"roads_lines","__layerName":"طرق المدينة","__assetName":"طرق المدينة","__geometryKind":"line","__featureIndex":1090,"__length_m":756.56,"__typeValue":"تم التسليم"},"geometry":{"type":"LineString","coordinates":[[31.51312746403589,30.269464860936267],[31.506653325546186,30.271250710798718]]}},{"type":"Feature","properties":{"اسم_الحي":"حي 39","نوع_الطريق":"1","اسم_القطاع":"ABOR 21","موقف_التنفيذ":"تم التسليم","موقف_المتخلص":"3","ملاحظات":null,"Length":0.283013698630137,"Field":"رئيسي","SHAPE_Length":188.37811875416568,"__networkId":"roads","__networkName":"الطرق والقطاعات","__layerId":"roads_lines","__layerName":"طرق المدينة","__assetName":"طرق المدينة","__geometryKind":"line","__featureIndex":1091,"__length_m":188.38,"__typeValue":"تم التسليم"},"geometry":{"type":"LineString","coordinates":[[31.512206271356423,30.268238903649966],[31.512247095294516,30.268289513273853],[31.51312746403589,30.269464860936267]]}},{"type":"Feature","properties":{"اسم_الحي":"حي 39","نوع_الطريق":"1","اسم_القطاع":"ABOR 21","موقف_التنفيذ":"تم التسليم","موقف_المتخلص":"3","ملاحظات":null,"Length":0.283013698630137,"Field":"رئيسي","SHAPE_Length":0.3421446091537249,"__networkId":"roads","__networkName":"الطرق والقطاعات","__layerId":"roads_lines","__layerName":"طرق المدينة","__assetName":"طرق المدينة","__geometryKind":"line","__featureIndex":1092,"__length_m":0.34,"__typeValue":"تم التسليم"},"geometry":{"type":"LineString","coordinates":[[31.51312746403589,30.269464860936267],[31.513129133105696,30.269467089932796]]}},{"type":"Feature","properties":{"اسم_الحي":"حي 39","نوع_الطريق":"1","اسم_القطاع":"ABOR 17","موقف_التنفيذ":"تم التسليم","موقف_المتخلص":"3","ملاحظات":null,"Length":0.283013698630137,"Field":"رئيسي","SHAPE_Length":144.22911594297878,"__networkId":"roads","__networkName":"الطرق والقطاعات","__layerId":"roads_lines","__layerName":"طرق المدينة","__assetName":"طرق المدينة","__geometryKind":"line","__featureIndex":1093,"__length_m":144.23,"__typeValue":"تم التسليم"},"geometry":{"type":"LineString","coordinates":[[31.52238106367651,30.266872312131834],[31.52271691142192,30.267953078382725]]}},{"type":"Feature","properties":{"اسم_الحي":"حي 39","نوع_الطريق":"2","اسم_القطاع":"ABOR 17","موقف_التنفيذ":"تم التسليم","موقف_المتخلص":"3","ملاحظات":null,"Length":0.283013698630137,"Field":"رئيسي","SHAPE_Length":68.99016345562535,"__networkId":"roads","__networkName":"الطرق والقطاعات","__layerId":"roads_lines","__layerName":"طرق المدينة","__assetName":"طرق المدينة","__geometryKind":"line","__featureIndex":1094,"__length_m":68.99,"__typeValue":"تم التسليم"},"geometry":{"type":"LineString","coordinates":[[31.52030761096528,30.26805111457015],[31.520468247704382,30.26856808336499]]}},{"type":"Feature","properties":{"اسم_الحي":"حي 39","نوع_الطريق":"2","اسم_القطاع":"ABOR 17","موقف_التنفيذ":"تم التسليم","موقف_المتخلص":"3","ملاحظات":null,"Length":0.283013698630137,"Field":"رئيسي","SHAPE_Length":69.50265475276365,"__networkId":"roads","__networkName":"الطرق والقطاعات","__layerId":"roads_lines","__layerName":"طرق المدينة","__assetName":"طرق المدينة","__geometryKind":"line","__featureIndex":1095,"__length_m":69.5,"__typeValue":"تم التسليم"},"geometry":{"type":"LineString","coordinates":[[31.522075603242254,30.268128073052193],[31.52148043163728,30.2682910021341]]}},{"type":"Feature","properties":{"اسم_الحي":"حي 39","نوع_الطريق":"1","اسم_القطاع":"ABOR 20","موقف_التنفيذ":"تم التسليم","موقف_المتخلص":"3","ملاحظات":null,"Length":0.283013698630137,"Field":"رئيسي","SHAPE_Length":181.56571392660473,"__networkId":"roads","__networkName":"الطرق والقطاعات","__layerId":"roads_lines","__layerName":"طرق المدينة","__assetName":"طرق المدينة","__geometryKind":"line","__featureIndex":1096,"__length_m":181.57,"__typeValue":"تم التسليم"},"geometry":{"type":"LineString","coordinates":[[31.51832450002551,30.26796692118303],[31.517901774412383,30.26660636056053]]}},{"type":"Feature","properties":{"اسم_الحي":"حي 39","نوع_الطريق":"1","اسم_القطاع":"ABOR 19","موقف_التنفيذ":"تم التسليم","موقف_المتخلص":"3","ملاحظات":null,"Length":0.283013698630137,"Field":"رئيسي","SHAPE_Length":473.10069699053804,"__networkId":"roads","__networkName":"الطرق والقطاعات","__layerId":"roads_lines","__layerName":"طرق المدينة","__assetName":"طرق المدينة","__geometryKind":"line","__featureIndex":1097,"__length_m":473.1,"__typeValue":"تم التسليم"},"geometry":{"type":"LineString","coordinates":[[31.52238106367651,30.266872312131834],[31.51832450002551,30.26796692118303]]}},{"type":"Feature","properties":{"اسم_الحي":"حي 39","نوع_الطريق":"1","اسم_القطاع":"ABOR 18","موقف_التنفيذ":"تم التسليم","موقف_المتخلص":"3","ملاحظات":null,"Length":0.283013698630137,"Field":"رئيسي","SHAPE_Length":656.9868717504204,"__networkId":"roads","__networkName":"الطرق والقطاعات","__layerId":"roads_lines","__layerName":"طرق المدينة","__assetName":"طرق المدينة","__geometryKind":"line","__featureIndex":1098,"__length_m":656.99,"__typeValue":"تم التسليم"},"geometry":{"type":"LineString","coordinates":[[31.536527966332812,30.260493354575935],[31.534929646948374,30.261765270701552],[31.534825530372466,30.261843109851586],[31.534715992827607,30.26191518523688],[31.53460146130948,30.26198121591155],[31.53448238228098,30.26204094448671],[31.534359219931183,30.26209413814362],[31.534232454367757,30.262140589537168],[31.534102579744378,30.262180117597666],[31.531467661115933,30.262902519350202]]}},{"type":"Feature","properties":{"اسم_الحي":"حي 39","نوع_الطريق":"1","اسم_القطاع":"ABOR 18","موقف_التنفيذ":"تم التسليم","موقف_المتخلص":"3","ملاحظات":null,"Length":0.283013698630137,"Field":"رئيسي","SHAPE_Length":98.89415057124923,"__networkId":"roads","__networkName":"الطرق والقطاعات","__layerId":"roads_lines","__layerName":"طرق المدينة","__assetName":"طرق المدينة","__geometryKind":"line","__featureIndex":1099,"__length_m":98.89,"__typeValue":"تم التسليم"},"geometry":{"type":"LineString","coordinates":[[31.531232298019916,30.26216262104171],[31.531467661115933,30.262902519350202]]}},{"type":"Feature","properties":{"اسم_الحي":"حي 39","نوع_الطريق":"1","اسم_القطاع":"ABOR 17","موقف_التنفيذ":"تم التسليم","موقف_المتخلص":"3","ملاحظات":null,"Length":0.283013698630137,"Field":"رئيسي","SHAPE_Length":389.01956851501626,"__networkId":"roads","__networkName":"الطرق والقطاعات","__layerId":"roads_lines","__layerName":"طرق المدينة","__assetName":"طرق المدينة","__geometryKind":"line","__featureIndex":1100,"__length_m":389.02,"__typeValue":"تم التسليم"},"geometry":{"type":"LineString","coordinates":[[31.527107842394713,30.2687390937317],[31.526201865379516,30.26582403835484]]}},{"type":"Feature","properties":{"اسم_الحي":"حي 39","نوع_الطريق":"1","اسم_القطاع":"ABOR 18","موقف_التنفيذ":"تم التسليم","موقف_المتخلص":"3","ملاحظات":null,"Length":0.283013698630137,"Field":"رئيسي","SHAPE_Length":324.7361806775691,"__networkId":"roads","__networkName":"الطرق والقطاعات","__layerId":"roads_lines","__layerName":"طرق المدينة","__assetName":"طرق المدينة","__geometryKind":"line","__featureIndex":1101,"__length_m":324.74,"__typeValue":"تم التسليم"},"geometry":{"type":"LineString","coordinates":[[31.526978493976948,30.26414149977354],[31.5262222238988,30.261708033821204]]}},{"type":"Feature","properties":{"اسم_الحي":"حي 39","نوع_الطريق":"1","اسم_القطاع":"ABOR 18","موقف_التنفيذ":"تم التسليم","موقف_المتخلص":"3","ملاحظات":null,"Length":0.283013698630137,"Field":"رئيسي","SHAPE_Length":180.6340538069676,"__networkId":"roads","__networkName":"الطرق والقطاعات","__layerId":"roads_lines","__layerName":"طرق المدينة","__assetName":"طرق المدينة","__geometryKind":"line","__featureIndex":1102,"__length_m":180.63,"__typeValue":"تم التسليم"},"geometry":{"type":"LineString","coordinates":[[31.527399176821117,30.26549508375334],[31.526978493976948,30.26414149977354]]}},{"type":"Feature","properties":{"اسم_الحي":"حي 39","نوع_الطريق":"1","اسم_القطاع":"ABOR 18","موقف_التنفيذ":"تم التسليم","موقف_المتخلص":"3","ملاحظات":null,"Length":0.283013698630137,"Field":"رئيسي","SHAPE_Length":66.18913235340626,"__networkId":"roads","__networkName":"الطرق والقطاعات","__layerId":"roads_lines","__layerName":"طرق المدينة","__assetName":"طرق المدينة","__geometryKind":"line","__featureIndex":1103,"__length_m":66.19,"__typeValue":"تم التسليم"},"geometry":{"type":"LineString","coordinates":[[31.531467661115933,30.262902519350202],[31.530900936461077,30.263057885935353]]}},{"type":"Feature","properties":{"اسم_الحي":"حي 39","نوع_الطريق":"1","اسم_القطاع":"ABOR 18","موقف_التنفيذ":"تم التسليم","موقف_المتخلص":"3","ملاحظات":null,"Length":0.283013698630137,"Field":"رئيسي","SHAPE_Length":139.87607259673862,"__networkId":"roads","__networkName":"الطرق والقطاعات","__layerId":"roads_lines","__layerName":"طرق المدينة","__assetName":"طرق المدينة","__geometryKind":"line","__featureIndex":1104,"__length_m":139.88,"__typeValue":"تم التسليم"},"geometry":{"type":"LineString","coordinates":[[31.526978493976948,30.26414149977354],[31.5257818275257,30.26447248473865]]}},{"type":"Feature","properties":{"اسم_الحي":"حي 39","نوع_الطريق":"1","اسم_القطاع":"ABOR 16","موقف_التنفيذ":"تم التسليم","موقف_المتخلص":"3","ملاحظات":null,"Length":0.283013698630137,"Field":"رئيسي","SHAPE_Length":575.5387407123526,"__networkId":"roads","__networkName":"الطرق والقطاعات","__layerId":"roads_lines","__layerName":"طرق المدينة","__assetName":"طرق المدينة","__geometryKind":"line","__featureIndex":1105,"__length_m":575.54,"__typeValue":"تم التسليم"},"geometry":{"type":"LineString","coordinates":[[31.531894574674936,30.264275956658278],[31.536884472634767,30.26310709929467]]}},{"type":"Feature","properties":{"اسم_الحي":"حي 39","نوع_الطريق":"1","اسم_القطاع":"ABOR 17","موقف_التنفيذ":"تم التسليم","موقف_المتخلص":"3","ملاحظات":null,"Length":0.283013698630137,"Field":"رئيسي","SHAPE_Length":139.86508398067934,"__networkId":"roads","__networkName":"الطرق والقطاعات","__layerId":"roads_lines","__layerName":"طرق المدينة","__assetName":"طرق المدينة","__geometryKind":"line","__featureIndex":1106,"__length_m":139.87,"__typeValue":"تم التسليم"},"geometry":{"type":"LineString","coordinates":[[31.526201865379516,30.26582403835484],[31.527399176821117,30.26549508375334]]}},{"type":"Feature","properties":{"اسم_الحي":"حي 39","نوع_الطريق":"1","اسم_القطاع":"ABOR 18","موقف_التنفيذ":"تم التسليم","موقف_المتخلص":"3","ملاحظات":null,"Length":0.283013698630137,"Field":"رئيسي","SHAPE_Length":183.28306025802493,"__networkId":"roads","__networkName":"الطرق والقطاعات","__layerId":"roads_lines","__layerName":"طرق المدينة","__assetName":"طرق المدينة","__geometryKind":"line","__featureIndex":1107,"__length_m":183.28,"__typeValue":"تم التسليم"},"geometry":{"type":"LineString","coordinates":[[31.531467661115933,30.262902519350202],[31.531894574674936,30.264275956658278]]}},{"type":"Feature","properties":{"اسم_الحي":"حي 39","نوع_الطريق":"1","اسم_القطاع":"ABOR 16","موقف_التنفيذ":"تم التسليم","موقف_المتخلص":"3","ملاحظات":null,"Length":0.283013698630137,"Field":"رئيسي","SHAPE_Length":130.3718908395681,"__networkId":"roads","__networkName":"الطرق والقطاعات","__layerId":"roads_lines","__layerName":"طرق المدينة","__assetName":"طرق المدينة","__geometryKind":"line","__featureIndex":1108,"__length_m":130.37,"__typeValue":"تم التسليم"},"geometry":{"type":"LineString","coordinates":[[31.527399176821117,30.26549508375334],[31.528515789905796,30.265190001776666]]}},{"type":"Feature","properties":{"اسم_الحي":"حي 39","نوع_الطريق":"1","اسم_القطاع":"ABOR 17","موقف_التنفيذ":"تم التسليم","موقف_المتخلص":"3","ملاحظات":null,"Length":0.283013698630137,"Field":"رئيسي","SHAPE_Length":95.06618900798189,"__networkId":"roads","__networkName":"الطرق والقطاعات","__layerId":"roads_lines","__layerName":"طرق المدينة","__assetName":"طرق المدينة","__geometryKind":"line","__featureIndex":1109,"__length_m":95.07,"__typeValue":"تم التسليم"},"geometry":{"type":"LineString","coordinates":[[31.525387992630417,30.26604746197239],[31.526201865379516,30.26582403835484]]}},{"type":"Feature","properties":{"اسم_الحي":"حي 39","نوع_الطريق":"1","اسم_القطاع":"ABOR 16","موقف_التنفيذ":"تم التسليم","موقف_المتخلص":"3","ملاحظات":null,"Length":0.283013698630137,"Field":"رئيسي","SHAPE_Length":282.0389986761721,"__networkId":"roads","__networkName":"الطرق والقطاعات","__layerId":"roads_lines","__layerName":"طرق المدينة","__assetName":"طرق المدينة","__geometryKind":"line","__featureIndex":1110,"__length_m":282.04,"__typeValue":"تم التسليم"},"geometry":{"type":"LineString","coordinates":[[31.532796455372434,30.267177291898562],[31.530381926720853,30.267840235668494]]}},{"type":"Feature","properties":{"اسم_الحي":"حي 39","نوع_الطريق":"1","اسم_القطاع":"ABOR 16","موقف_التنفيذ":"تم التسليم","موقف_المتخلص":"3","ملاحظات":null,"Length":0.283013698630137,"Field":"رئيسي","SHAPE_Length":242.57167599729237,"__networkId":"roads","__networkName":"الطرق والقطاعات","__layerId":"roads_lines","__layerName":"طرق المدينة","__assetName":"طرق المدينة","__geometryKind":"line","__featureIndex":1111,"__length_m":242.57,"__typeValue":"تم التسليم"},"geometry":{"type":"LineString","coordinates":[[31.530381926720853,30.267840235668494],[31.52830526343076,30.268410370014738]]}},{"type":"Feature","properties":{"اسم_الحي":"حي 39","نوع_الطريق":"1","اسم_القطاع":"ABOR 17","موقف_التنفيذ":"تم التسليم","موقف_المتخلص":"3","ملاحظات":null,"Length":0.283013698630137,"Field":"رئيسي","SHAPE_Length":142.49705901460473,"__networkId":"roads","__networkName":"الطرق والقطاعات","__layerId":"roads_lines","__layerName":"طرق المدينة","__assetName":"طرق المدينة","__geometryKind":"line","__featureIndex":1112,"__length_m":142.5,"__typeValue":"تم التسليم"},"geometry":{"type":"LineString","coordinates":[[31.52863713972427,30.269478126296466],[31.52830526343076,30.268410370014738]]}},{"type":"Feature","properties":{"اسم_الحي":"حي 39","نوع_الطريق":"1","اسم_القطاع":"ABOR 17","موقف_التنفيذ":"تم التسليم","موقف_المتخلص":"3","ملاحظات":null,"Length":0.283013698630137,"Field":"رئيسي","SHAPE_Length":12.605034329052945,"__networkId":"roads","__networkName":"الطرق والقطاعات","__layerId":"roads_lines","__layerName":"طرق المدينة","__assetName":"طرق المدينة","__geometryKind":"line","__featureIndex":1113,"__length_m":12.61,"__typeValue":"تم التسليم"},"geometry":{"type":"LineString","coordinates":[[31.525367611653277,30.26921681512944],[31.52525969793649,30.269246436879804]]}},{"type":"Feature","properties":{"اسم_الحي":"حي 39","نوع_الطريق":"1","اسم_القطاع":"ABOR 17","موقف_التنفيذ":"تم التسليم","موقف_المتخلص":"3","ملاحظات":null,"Length":0.283013698630137,"Field":"رئيسي","SHAPE_Length":75.49386618385668,"__networkId":"roads","__networkName":"الطرق والقطاعات","__layerId":"roads_lines","__layerName":"طرق المدينة","__assetName":"طرق المدينة","__geometryKind":"line","__featureIndex":1114,"__length_m":75.49,"__typeValue":"تم التسليم"},"geometry":{"type":"LineString","coordinates":[[31.525922781278634,30.270869089987364],[31.52567580206768,30.271414571897704]]}},{"type":"Feature","properties":{"اسم_الحي":"حي 15","نوع_الطريق":"1","اسم_القطاع":"ABOR 7","موقف_التنفيذ":"جاري العمل ميدانيا","موقف_المتخلص":"3","ملاحظات":null,"Length":0.1752358490566038,"Field":"رئيسي","SHAPE_Length":127.34806351173286,"__networkId":"roads","__networkName":"الطرق والقطاعات","__layerId":"roads_lines","__layerName":"طرق المدينة","__assetName":"طرق المدينة","__geometryKind":"line","__featureIndex":1115,"__length_m":127.35,"__typeValue":"جاري العمل ميدانيا"},"geometry":{"type":"LineString","coordinates":[[31.577124911825425,30.258445081548746],[31.577059528845783,30.259431593125914]]}},{"type":"Feature","properties":{"اسم_الحي":"حي 14","نوع_الطريق":"1","اسم_القطاع":"ABOR 3","موقف_التنفيذ":"تم التسليم","موقف_المتخلص":"2","ملاحظات":null,"Length":0.283013698630137,"Field":"رئيسي","SHAPE_Length":328.5858524614816,"__networkId":"roads","__networkName":"الطرق والقطاعات","__layerId":"roads_lines","__layerName":"طرق المدينة","__assetName":"طرق المدينة","__geometryKind":"line","__featureIndex":1116,"__length_m":328.59,"__typeValue":"تم التسليم"},"geometry":{"type":"LineString","coordinates":[[31.55340958954729,30.270542592288905],[31.553720218526625,30.26993170081791],[31.553969599962556,30.269417617435238],[31.554095901801656,30.26914837802702],[31.554280616708013,30.268742885303688],[31.554524996194562,30.26818287932214]]}},{"type":"Feature","properties":{"اسم_الحي":"حي 14","نوع_الطريق":"1","اسم_القطاع":"ABOR 3","موقف_التنفيذ":"تم التسليم","موقف_المتخلص":"2","ملاحظات":null,"Length":0.283013698630137,"Field":"رئيسي","SHAPE_Length":324.1398794789546,"__networkId":"roads","__networkName":"الطرق والقطاعات","__layerId":"roads_lines","__layerName":"طرق المدينة","__assetName":"طرق المدينة","__geometryKind":"line","__featureIndex":1117,"__length_m":324.14,"__typeValue":"تم التسليم"},"geometry":{"type":"LineString","coordinates":[[31.552122047725295,30.272797623526998],[31.552723570419314,30.271793412361156],[31.552803015054568,30.271654751036948],[31.55311385086306,30.271097184924535],[31.55340958954729,30.270542592288905]]}},{"type":"Feature","properties":{"اسم_الحي":"حي 13","نوع_الطريق":"1","اسم_القطاع":"ABOR 5","موقف_التنفيذ":"تم التسليم","موقف_المتخلص":"3","ملاحظات":null,"Length":0.283013698630137,"Field":"رئيسي","SHAPE_Length":135.43366832024293,"__networkId":"roads","__networkName":"الطرق والقطاعات","__layerId":"roads_lines","__layerName":"طرق المدينة","__assetName":"طرق المدينة","__geometryKind":"line","__featureIndex":1118,"__length_m":135.43,"__typeValue":"تم التسليم"},"geometry":{"type":"LineString","coordinates":[[31.560430352887394,30.28279333721385],[31.559528393138148,30.282088267648337]]}},{"type":"Feature","properties":{"اسم_الحي":"حي 39","نوع_الطريق":"2","اسم_القطاع":"ABOR 17","موقف_التنفيذ":"تم التسليم","موقف_المتخلص":"3","ملاحظات":null,"Length":0.283013698630137,"Field":"رئيسي","SHAPE_Length":210.59200922632354,"__networkId":"roads","__networkName":"الطرق والقطاعات","__layerId":"roads_lines","__layerName":"طرق المدينة","__assetName":"طرق المدينة","__geometryKind":"line","__featureIndex":1119,"__length_m":210.59,"__typeValue":"تم التسليم"},"geometry":{"type":"LineString","coordinates":[[31.52030761096528,30.26805111457015],[31.518502901847675,30.268541098524597]]}},{"type":"Feature","properties":{"اسم_الحي":"حي 39","نوع_الطريق":"2","اسم_القطاع":"ABOR 17","موقف_التنفيذ":"تم التسليم","موقف_المتخلص":"3","ملاحظات":null,"Length":0.283013698630137,"Field":"رئيسي","SHAPE_Length":69.43415026411576,"__networkId":"roads","__networkName":"الطرق والقطاعات","__layerId":"roads_lines","__layerName":"طرق المدينة","__assetName":"طرق المدينة","__geometryKind":"line","__featureIndex":1120,"__length_m":69.43,"__typeValue":"تم التسليم"},"geometry":{"type":"LineString","coordinates":[[31.521917744094008,30.26969829935888],[31.522519752776592,30.269557349894765]]}},{"type":"Feature","properties":{"اسم_الحي":"حي 39","نوع_الطريق":"1","اسم_القطاع":"ABOR 17","موقف_التنفيذ":"تم التسليم","موقف_المتخلص":"3","ملاحظات":null,"Length":0.283013698630137,"Field":"رئيسي","SHAPE_Length":230.41232070352913,"__networkId":"roads","__networkName":"الطرق والقطاعات","__layerId":"roads_lines","__layerName":"طرق المدينة","__assetName":"طرق المدينة","__geometryKind":"line","__featureIndex":1121,"__length_m":230.41,"__typeValue":"تم التسليم"},"geometry":{"type":"LineString","coordinates":[[31.52525969793649,30.269246436879804],[31.5232870945906,30.26978788490308]]}},{"type":"Feature","properties":{"اسم_الحي":"حي 39","نوع_الطريق":"2","اسم_القطاع":"ABOR 17","موقف_التنفيذ":"تم التسليم","موقف_المتخلص":"3","ملاحظات":null,"Length":0.283013698630137,"Field":"رئيسي","SHAPE_Length":172.75999549373074,"__networkId":"roads","__networkName":"الطرق والقطاعات","__layerId":"roads_lines","__layerName":"طرق المدينة","__assetName":"طرق المدينة","__geometryKind":"line","__featureIndex":1122,"__length_m":172.76,"__typeValue":"تم التسليم"},"geometry":{"type":"LineString","coordinates":[[31.519619131351725,30.2704230935572],[31.520772613092312,30.27081668098684],[31.52106103428226,30.270918728466125]]}},{"type":"Feature","properties":{"اسم_الحي":"حي 39","نوع_الطريق":"2","اسم_القطاع":"ABOR 17","موقف_التنفيذ":"تم التسليم","موقف_المتخلص":"3","ملاحظات":null,"Length":0.283013698630137,"Field":"رئيسي","SHAPE_Length":162.05910149598932,"__networkId":"roads","__networkName":"الطرق والقطاعات","__layerId":"roads_lines","__layerName":"طرق المدينة","__assetName":"طرق المدينة","__geometryKind":"line","__featureIndex":1123,"__length_m":162.06,"__typeValue":"تم التسليم"},"geometry":{"type":"LineString","coordinates":[[31.51948421607415,30.27094890674977],[31.520592176586018,30.271326949907394],[31.520836908212132,30.271413619181597]]}},{"type":"Feature","properties":{"اسم_الحي":"حي 39","نوع_الطريق":"2","اسم_القطاع":"ABOR 17","موقف_التنفيذ":"تم التسليم","موقف_المتخلص":"3","ملاحظات":null,"Length":0.283013698630137,"Field":"رئيسي","SHAPE_Length":68.49429195766122,"__networkId":"roads","__networkName":"الطرق والقطاعات","__layerId":"roads_lines","__layerName":"طرق المدينة","__assetName":"طرق المدينة","__geometryKind":"line","__featureIndex":1124,"__length_m":68.49,"__typeValue":"تم التسليم"},"geometry":{"type":"LineString","coordinates":[[31.520836908212132,30.271413619181597],[31.52106103428226,30.270918728466125]]}},{"type":"Feature","properties":{"اسم_الحي":"حي 39","نوع_الطريق":"1","اسم_القطاع":"ABOR 17","موقف_التنفيذ":"تم التسليم","موقف_المتخلص":"3","ملاحظات":null,"Length":0.283013698630137,"Field":"رئيسي","SHAPE_Length":94.11431939540775,"__networkId":"roads","__networkName":"الطرق والقطاعات","__layerId":"roads_lines","__layerName":"طرق المدينة","__assetName":"طرق المدينة","__geometryKind":"line","__featureIndex":1125,"__length_m":94.11,"__typeValue":"تم التسليم"},"geometry":{"type":"LineString","coordinates":[[31.518276887518816,30.272068461137877],[31.518584865032516,30.271388468404123]]}},{"type":"Feature","properties":{"اسم_الحي":"حي 39","نوع_الطريق":"1","اسم_القطاع":"ABOR 17","موقف_التنفيذ":"تم التسليم","موقف_المتخلص":"3","ملاحظات":null,"Length":0.283013698630137,"Field":"رئيسي","SHAPE_Length":456.9861247790624,"__networkId":"roads","__networkName":"الطرق والقطاعات","__layerId":"roads_lines","__layerName":"طرق المدينة","__assetName":"طرق المدينة","__geometryKind":"line","__featureIndex":1126,"__length_m":456.99,"__typeValue":"تم التسليم"},"geometry":{"type":"LineString","coordinates":[[31.5148227251142,30.269996609772225],[31.5148579771954,30.270029248152813],[31.514934777350838,30.27008750506197],[31.51501979356974,30.270136517163927],[31.515111544257827,30.270175430331758],[31.517653736986013,30.27107145850889],[31.518584865032516,30.271388468404123]]}},{"type":"Feature","properties":{"اسم_الحي":"حي 39","نوع_الطريق":"1","اسم_القطاع":"ABOR 17","موقف_التنفيذ":"تم التسليم","موقف_المتخلص":"3","ملاحظات":null,"Length":0.283013698630137,"Field":"رئيسي","SHAPE_Length":72.65023962246715,"__networkId":"roads","__networkName":"الطرق والقطاعات","__layerId":"roads_lines","__layerName":"طرق المدينة","__assetName":"طرق المدينة","__geometryKind":"line","__featureIndex":1127,"__length_m":72.65,"__typeValue":"تم التسليم"},"geometry":{"type":"LineString","coordinates":[[31.518584865032516,30.271388468404123],[31.519191836907055,30.27159557925528]]}},{"type":"Feature","properties":{"اسم_الحي":"حي 39","نوع_الطريق":"1","اسم_القطاع":"ABOR 17","موقف_التنفيذ":"تم التسليم","موقف_المتخلص":"3","ملاحظات":null,"Length":0.283013698630137,"Field":"رئيسي","SHAPE_Length":162.00846426212354,"__networkId":"roads","__networkName":"الطرق والقطاعات","__layerId":"roads_lines","__layerName":"طرق المدينة","__assetName":"طرق المدينة","__geometryKind":"line","__featureIndex":1128,"__length_m":162.01,"__typeValue":"تم التسليم"},"geometry":{"type":"LineString","coordinates":[[31.519191836907055,30.27159557925528],[31.520297278542866,30.271972769620405],[31.520544091565522,30.272060175355623]]}},{"type":"Feature","properties":{"اسم_الحي":"حي 39","نوع_الطريق":"2","اسم_القطاع":"ABOR 16","موقف_التنفيذ":"تم التسليم","موقف_المتخلص":"3","ملاحظات":null,"Length":0.283013698630137,"Field":"رئيسي","SHAPE_Length":128.37235024833151,"__networkId":"roads","__networkName":"الطرق والقطاعات","__layerId":"roads_lines","__layerName":"طرق المدينة","__assetName":"طرق المدينة","__geometryKind":"line","__featureIndex":1129,"__length_m":128.37,"__typeValue":"تم التسليم"},"geometry":{"type":"LineString","coordinates":[[31.529631201942955,30.272191439752604],[31.52929029854577,30.272908389938127],[31.529285633503623,30.272929015936217],[31.52928466016367,30.272960499374538],[31.529288044122023,30.272981310964383],[31.529299020218716,30.273011345193428],[31.529316669006665,30.27303890587149],[31.5293402907385,30.273062900264613],[31.52936894885026,30.27308237703369],[31.52939029803827,30.27309246206321]]}},{"type":"Feature","properties":{"اسم_الحي":"حي 39","نوع_الطريق":"2","اسم_القطاع":"ABOR 16","موقف_التنفيذ":"تم التسليم","موقف_المتخلص":"3","ملاحظات":null,"Length":0.283013698630137,"Field":"رئيسي","SHAPE_Length":283.04121804459675,"__networkId":"roads","__networkName":"الطرق والقطاعات","__layerId":"roads_lines","__layerName":"طرق المدينة","__assetName":"طرق المدينة","__geometryKind":"line","__featureIndex":1130,"__length_m":283.04,"__typeValue":"تم التسليم"},"geometry":{"type":"LineString","coordinates":[[31.53122857360475,30.272756035874163],[31.530907622826774,30.27346400345629],[31.530888993703915,30.273490994777287],[31.53085520883999,30.273520985150828],[31.530824478980808,30.27353780914519],[31.530778657572036,30.273551401644607],[31.530730305441914,30.273554047178592],[31.53068286413766,30.273545557445306],[31.52939029803827,30.27309246206321]]}},{"type":"Feature","properties":{"اسم_الحي":"حي 39","نوع_الطريق":"1","اسم_القطاع":"ABOR 16","موقف_التنفيذ":"تم التسليم","موقف_المتخلص":"3","ملاحظات":null,"Length":0.283013698630137,"Field":"رئيسي","SHAPE_Length":219.09337570341214,"__networkId":"roads","__networkName":"الطرق والقطاعات","__layerId":"roads_lines","__layerName":"طرق المدينة","__assetName":"طرق المدينة","__geometryKind":"line","__featureIndex":1131,"__length_m":219.09,"__typeValue":"تم التسليم"},"geometry":{"type":"LineString","coordinates":[[31.53122857360475,30.272756035874163],[31.533052240768097,30.273395269628537]]}},{"type":"Feature","properties":{"اسم_الحي":"حي 39","نوع_الطريق":"1","اسم_القطاع":"ABOR 16","موقف_التنفيذ":"تم التسليم","موقف_المتخلص":"3","ملاحظات":null,"Length":0.283013698630137,"Field":"رئيسي","SHAPE_Length":94.13102614929717,"__networkId":"roads","__networkName":"الطرق والقطاعات","__layerId":"roads_lines","__layerName":"طرق المدينة","__assetName":"طرق المدينة","__geometryKind":"line","__featureIndex":1132,"__length_m":94.13,"__typeValue":"تم التسليم"},"geometry":{"type":"LineString","coordinates":[[31.526204057268803,30.27485143039629],[31.526512035680827,30.27417131807271]]}},{"type":"Feature","properties":{"اسم_الحي":"حي 39","نوع_الطريق":"1","اسم_القطاع":"ABOR 17","موقف_التنفيذ":"تم التسليم","موقف_المتخلص":"3","ملاحظات":null,"Length":0.283013698630137,"Field":"رئيسي","SHAPE_Length":445.01944256913544,"__networkId":"roads","__networkName":"الطرق والقطاعات","__layerId":"roads_lines","__layerName":"طرق المدينة","__assetName":"طرق المدينة","__geometryKind":"line","__featureIndex":1133,"__length_m":445.02,"__typeValue":"تم التسليم"},"geometry":{"type":"LineString","coordinates":[[31.52281232687812,30.272863415848285],[31.525826686696057,30.273925582876345],[31.526512035680827,30.27417131807271]]}},{"type":"Feature","properties":{"اسم_الحي":"حي 39","نوع_الطريق":"1","اسم_القطاع":"ABOR 12","موقف_التنفيذ":"تم التسليم","موقف_المتخلص":"3","ملاحظات":null,"Length":0.283013698630137,"Field":"رئيسي","SHAPE_Length":203.5208005038156,"__networkId":"roads","__networkName":"الطرق والقطاعات","__layerId":"roads_lines","__layerName":"طرق المدينة","__assetName":"طرق المدينة","__geometryKind":"line","__featureIndex":1134,"__length_m":203.52,"__typeValue":"تم التسليم"},"geometry":{"type":"LineString","coordinates":[[31.536457844740045,30.278465052418714],[31.53644090161546,30.279120779025],[31.53643607856071,30.279192254248038],[31.536425327523386,30.279263245341408],[31.536408702402436,30.279333386920886],[31.536386290334416,30.279402316706456],[31.536354757671297,30.27947706699883],[31.536316387930572,30.27954939375032],[31.53627143174217,30.27961883306014],[31.536220175668713,30.279684937319768],[31.53616294939185,30.27974728141856],[31.536100122119187,30.279805465070957],[31.536032098092612,30.279859114367774],[31.535959313893354,30.2799078825515]]}},{"type":"Feature","properties":{"اسم_الحي":"حي 39","نوع_الطريق":"1","اسم_القطاع":"ABOR 12","موقف_التنفيذ":"تم التسليم","موقف_المتخلص":"3","ملاحظات":null,"Length":0.283013698630137,"Field":"رئيسي","SHAPE_Length":168.98808879856202,"__networkId":"roads","__networkName":"الطرق والقطاعات","__layerId":"roads_lines","__layerName":"طرق المدينة","__assetName":"طرق المدينة","__geometryKind":"line","__featureIndex":1135,"__length_m":168.99,"__typeValue":"تم التسليم"},"geometry":{"type":"LineString","coordinates":[[31.529962090987986,30.27618831756611],[31.529409239016033,30.27740927108923]]}},{"type":"Feature","properties":{"اسم_الحي":"حي 39","نوع_الطريق":"1","اسم_القطاع":"ABOR 16","موقف_التنفيذ":"تم التسليم","موقف_المتخلص":"3","ملاحظات":null,"Length":0.283013698630137,"Field":"رئيسي","SHAPE_Length":556.5397772190033,"__networkId":"roads","__networkName":"الطرق والقطاعات","__layerId":"roads_lines","__layerName":"طرق المدينة","__assetName":"طرق المدينة","__geometryKind":"line","__featureIndex":1136,"__length_m":556.54,"__typeValue":"تم التسليم"},"geometry":{"type":"LineString","coordinates":[[31.531845519473897,30.276060514662028],[31.53647802269795,30.27768415750681]]}},{"type":"Feature","properties":{"اسم_الحي":"حي 39","نوع_الطريق":"1","اسم_القطاع":"ABOR 16","موقف_التنفيذ":"تم التسليم","موقف_المتخلص":"3","ملاحظات":null,"Length":0.283013698630137,"Field":"رئيسي","SHAPE_Length":94.12303867733672,"__networkId":"roads","__networkName":"الطرق والقطاعات","__layerId":"roads_lines","__layerName":"طرق المدينة","__assetName":"طرق المدينة","__geometryKind":"line","__featureIndex":1137,"__length_m":94.12,"__typeValue":"تم التسليم"},"geometry":{"type":"LineString","coordinates":[[31.531845519473897,30.276060514662028],[31.531537604842274,30.276740568898905]]}},{"type":"Feature","properties":{"اسم_الحي":"حي 39","نوع_الطريق":"1","اسم_القطاع":"ABOR 16","موقف_التنفيذ":"تم التسليم","موقف_المتخلص":"3","ملاحظات":null,"Length":0.283013698630137,"Field":"رئيسي","SHAPE_Length":187.99800664354836,"__networkId":"roads","__networkName":"الطرق والقطاعات","__layerId":"roads_lines","__layerName":"طرق المدينة","__assetName":"طرق المدينة","__geometryKind":"line","__featureIndex":1138,"__length_m":188.0,"__typeValue":"تم التسليم"},"geometry":{"type":"LineString","coordinates":[[31.53246052947361,30.27470218182563],[31.531845519473897,30.276060514662028]]}},{"type":"Feature","properties":{"اسم_الحي":"حي 39","نوع_الطريق":"1","اسم_القطاع":"ABOR 17","موقف_التنفيذ":"تم التسليم","موقف_المتخلص":"3","ملاحظات":null,"Length":0.283013698630137,"Field":"رئيسي","SHAPE_Length":94.11554240115112,"__networkId":"roads","__networkName":"الطرق والقطاعات","__layerId":"roads_lines","__layerName":"طرق المدينة","__assetName":"طرق المدينة","__geometryKind":"line","__featureIndex":1139,"__length_m":94.12,"__typeValue":"تم التسليم"},"geometry":{"type":"LineString","coordinates":[[31.52281232687812,30.272863415848285],[31.522499327781986,30.273541696235895]]}},{"type":"Feature","properties":{"اسم_الحي":"حي 39","نوع_الطريق":"1","اسم_القطاع":"ABOR 17","موقف_التنفيذ":"تم التسليم","موقف_المتخلص":"3","ملاحظات":null,"Length":0.283013698630137,"Field":"رئيسي","SHAPE_Length":272.90114820467613,"__networkId":"roads","__networkName":"الطرق والقطاعات","__layerId":"roads_lines","__layerName":"طرق المدينة","__assetName":"طرق المدينة","__geometryKind":"line","__featureIndex":1140,"__length_m":272.9,"__typeValue":"تم التسليم"},"geometry":{"type":"LineString","coordinates":[[31.520544091565522,30.272060175355623],[31.52281232687812,30.272863415848285]]}},{"type":"Feature","properties":{"اسم_الحي":"حي 39","نوع_الطريق":"2","اسم_القطاع":"ABOR 13","موقف_التنفيذ":"تم التسليم","موقف_المتخلص":"3","ملاحظات":null,"Length":0.283013698630137,"Field":"رئيسي","SHAPE_Length":77.76045020900789,"__networkId":"roads","__networkName":"الطرق والقطاعات","__layerId":"roads_lines","__layerName":"طرق المدينة","__assetName":"طرق المدينة","__geometryKind":"line","__featureIndex":1141,"__length_m":77.76,"__typeValue":"تم التسليم"},"geometry":{"type":"LineString","coordinates":[[31.519434762919474,30.273990044708206],[31.52008175653654,30.27421747306752]]}},{"type":"Feature","properties":{"اسم_الحي":"حي 39","نوع_الطريق":"2","اسم_القطاع":"ABOR 13","موقف_التنفيذ":"تم التسليم","موقف_المتخلص":"3","ملاحظات":null,"Length":0.283013698630137,"Field":"رئيسي","SHAPE_Length":135.77836476792694,"__networkId":"roads","__networkName":"الطرق والقطاعات","__layerId":"roads_lines","__layerName":"طرق المدينة","__assetName":"طرق المدينة","__geometryKind":"line","__featureIndex":1142,"__length_m":135.78,"__typeValue":"تم التسليم"},"geometry":{"type":"LineString","coordinates":[[31.52008175653654,30.27421747306752],[31.52121149670247,30.274614549581376]]}},{"type":"Feature","properties":{"اسم_الحي":"حي 39","نوع_الطريق":"2","اسم_القطاع":"ABOR 13","موقف_التنفيذ":"تم التسليم","موقف_المتخلص":"3","ملاحظات":null,"Length":0.283013698630137,"Field":"رئيسي","SHAPE_Length":83.14857351296705,"__networkId":"roads","__networkName":"الطرق والقطاعات","__layerId":"roads_lines","__layerName":"طرق المدينة","__assetName":"طرق المدينة","__geometryKind":"line","__featureIndex":1143,"__length_m":83.15,"__typeValue":"تم التسليم"},"geometry":{"type":"LineString","coordinates":[[31.52121149670247,30.274614549581376],[31.521903331523582,30.274857713602543]]}},{"type":"Feature","properties":{"اسم_الحي":"حي 39","نوع_الطريق":"1","اسم_القطاع":"ABOR 13","موقف_التنفيذ":"تم التسليم","موقف_المتخلص":"3","ملاحظات":null,"Length":0.283013698630137,"Field":"رئيسي","SHAPE_Length":182.1453893058991,"__networkId":"roads","__networkName":"الطرق والقطاعات","__layerId":"roads_lines","__layerName":"طرق المدينة","__assetName":"طرق المدينة","__geometryKind":"line","__featureIndex":1144,"__length_m":182.15,"__typeValue":"تم التسليم"},"geometry":{"type":"LineString","coordinates":[[31.522499327781986,30.273541696235895],[31.521903331523582,30.274857713602543]]}},{"type":"Feature","properties":{"اسم_الحي":"حي 39","نوع_الطريق":"2","اسم_القطاع":"ABOR 13","موقف_التنفيذ":"تم التسليم","موقف_المتخلص":"3","ملاحظات":null,"Length":0.283013698630137,"Field":"رئيسي","SHAPE_Length":81.7074194903456,"__networkId":"roads","__networkName":"الطرق والقطاعات","__layerId":"roads_lines","__layerName":"طرق المدينة","__assetName":"طرق المدينة","__geometryKind":"line","__featureIndex":1145,"__length_m":81.71,"__typeValue":"تم التسليم"},"geometry":{"type":"LineString","coordinates":[[31.521903331523582,30.274857713602543],[31.522583176530595,30.275096659781525]]}},{"type":"Feature","properties":{"اسم_الحي":"حي 39","نوع_الطريق":"2","اسم_القطاع":"ABOR 13","موقف_التنفيذ":"تم التسليم","موقف_المتخلص":"3","ملاحظات":null,"Length":0.283013698630137,"Field":"رئيسي","SHAPE_Length":139.54376794124917,"__networkId":"roads","__networkName":"الطرق والقطاعات","__layerId":"roads_lines","__layerName":"طرق المدينة","__assetName":"طرق المدينة","__geometryKind":"line","__featureIndex":1146,"__length_m":139.54,"__typeValue":"تم التسليم"},"geometry":{"type":"LineString","coordinates":[[31.522583176530595,30.275096659781525],[31.52374425173028,30.275504733513873]]}},{"type":"Feature","properties":{"اسم_الحي":"حي 39","نوع_الطريق":"2","اسم_القطاع":"ABOR 13","موقف_التنفيذ":"تم التسليم","موقف_المتخلص":"3","ملاحظات":null,"Length":0.283013698630137,"Field":"رئيسي","SHAPE_Length":86.58453230000303,"__networkId":"roads","__networkName":"الطرق والقطاعات","__layerId":"roads_lines","__layerName":"طرق المدينة","__assetName":"طرق المدينة","__geometryKind":"line","__featureIndex":1147,"__length_m":86.58,"__typeValue":"تم التسليم"},"geometry":{"type":"LineString","coordinates":[[31.524890668221165,30.275907652739612],[31.52561110540092,30.276160832884432]]}},{"type":"Feature","properties":{"اسم_الحي":"حي 39","نوع_الطريق":"1","اسم_القطاع":"ABOR 15","موقف_التنفيذ":"تم التسليم","موقف_المتخلص":"3","ملاحظات":null,"Length":0.283013698630137,"Field":"رئيسي","SHAPE_Length":3056.1870819760984,"__networkId":"roads","__networkName":"الطرق والقطاعات","__layerId":"roads_lines","__layerName":"طرق المدينة","__assetName":"طرق المدينة","__geometryKind":"line","__featureIndex":1148,"__length_m":3056.19,"__typeValue":"تم التسليم"},"geometry":{"type":"LineString","coordinates":[[31.488379575949374,30.276469311299632],[31.48844914867151,30.276537921145326],[31.488538546313624,30.276681422230695],[31.48865187866817,30.277047012164854],[31.48865785695639,30.277124766528896],[31.488658553150742,30.277172275425897],[31.488653211768067,30.277267765601554],[31.488638740807154,30.277363289042846],[31.48861559661217,30.27745623757847],[31.48860059384861,30.277502558596826],[31.501117144095744,30.27611509617869],[31.506004065479644,30.276673206658607],[31.5076373517865,30.27686367897365],[31.514564443300337,30.277681388755447]]}},{"type":"Feature","properties":{"اسم_الحي":"حي 39","نوع_الطريق":"1","اسم_القطاع":"ABOR 17","موقف_التنفيذ":"تم التسليم","موقف_المتخلص":"3","ملاحظات":null,"Length":0.283013698630137,"Field":"رئيسي","SHAPE_Length":105.16411394787494,"__networkId":"roads","__networkName":"الطرق والقطاعات","__layerId":"roads_lines","__layerName":"طرق المدينة","__assetName":"طرق المدينة","__geometryKind":"line","__featureIndex":1149,"__length_m":105.16,"__typeValue":"تم التسليم"},"geometry":{"type":"LineString","coordinates":[[31.514025096600385,30.269208397212868],[31.513129133105696,30.269467089932796]]}},{"type":"Feature","properties":{"اسم_الحي":"حي 39","نوع_الطريق":"2","اسم_القطاع":"ABOR 20","موقف_التنفيذ":"تم التسليم","موقف_المتخلص":"3","ملاحظات":null,"Length":0.283013698630137,"Field":"رئيسي","SHAPE_Length":19.97164147586721,"__networkId":"roads","__networkName":"الطرق والقطاعات","__layerId":"roads_lines","__layerName":"طرق المدينة","__assetName":"طرق المدينة","__geometryKind":"line","__featureIndex":1150,"__length_m":19.97,"__typeValue":"تم التسليم"},"geometry":{"type":"LineString","coordinates":[[31.513121517188704,30.265639111507156],[31.512974796251676,30.26572828721537]]}},{"type":"Feature","properties":{"اسم_الحي":"حي 14","نوع_الطريق":"1","اسم_القطاع":"ABOR 4","موقف_التنفيذ":"تم التسليم","موقف_المتخلص":"3","ملاحظات":null,"Length":0.283013698630137,"Field":"رئيسي","SHAPE_Length":492.6664238130095,"__networkId":"roads","__networkName":"الطرق والقطاعات","__layerId":"roads_lines","__layerName":"طرق المدينة","__assetName":"طرق المدينة","__geometryKind":"line","__featureIndex":1151,"__length_m":492.67,"__typeValue":"تم التسليم"},"geometry":{"type":"LineString","coordinates":[[31.551861426698423,30.2624600325845],[31.556253453615877,30.262930663374863]]}},{"type":"Feature","properties":{"اسم_الحي":"حي 14","نوع_الطريق":"1","اسم_القطاع":"ABOR 4","موقف_التنفيذ":"تم التسليم","موقف_المتخلص":"3","ملاحظات":null,"Length":0.283013698630137,"Field":"رئيسي","SHAPE_Length":160.5788363619354,"__networkId":"roads","__networkName":"الطرق والقطاعات","__layerId":"roads_lines","__layerName":"طرق المدينة","__assetName":"طرق المدينة","__geometryKind":"line","__featureIndex":1152,"__length_m":160.58,"__typeValue":"تم التسليم"},"geometry":{"type":"LineString","coordinates":[[31.550427933795582,30.262320984544786],[31.551861426698423,30.2624600325845]]}},{"type":"Feature","properties":{"اسم_الحي":"حي 14","نوع_الطريق":"2","اسم_القطاع":"ABOR 2","موقف_التنفيذ":"تم التسليم","موقف_المتخلص":"2","ملاحظات":null,"Length":0.283013698630137,"Field":"رئيسي","SHAPE_Length":207.58140230209446,"__networkId":"roads","__networkName":"الطرق والقطاعات","__layerId":"roads_lines","__layerName":"طرق المدينة","__assetName":"طرق المدينة","__geometryKind":"line","__featureIndex":1153,"__length_m":207.58,"__typeValue":"تم التسليم"},"geometry":{"type":"LineString","coordinates":[[31.55674357443488,30.26453551584485],[31.556661885236228,30.26458843872848],[31.556513779097003,30.264691249165352],[31.55631922943553,30.264838135588384],[31.55617134815117,30.2649596220434],[31.556028785359185,30.265085761890933],[31.555891737230013,30.265216381540867],[31.555760392343714,30.265351301242035],[31.555634931434057,30.265490335325616],[31.55546506337644,30.26569719567663]]}},{"type":"Feature","properties":{"اسم_الحي":"حي 39","نوع_الطريق":"1","اسم_القطاع":"ABOR 15","موقف_التنفيذ":"تم التسليم","موقف_المتخلص":"3","ملاحظات":null,"Length":0.283013698630137,"Field":"رئيسي","SHAPE_Length":753.1475430304232,"__networkId":"roads","__networkName":"الطرق والقطاعات","__layerId":"roads_lines","__layerName":"طرق المدينة","__assetName":"طرق المدينة","__geometryKind":"line","__featureIndex":1154,"__length_m":753.15,"__typeValue":"تم التسليم"},"geometry":{"type":"LineString","coordinates":[[31.488897308285264,30.271502915328693],[31.489010629860044,30.271955337651224],[31.489037270298134,30.2720483107039],[31.48904581597142,30.27209564982563],[31.489051153760837,30.272143654579573],[31.489052045787925,30.2722391116325],[31.489039981413644,30.272334320330163],[31.489022041159107,30.272406116254277],[31.487895607691723,30.2737507614615],[31.48720789523946,30.274524215137642],[31.487197358899508,30.27458425372702],[31.487188302084803,30.27466154378533],[31.487184309971667,30.274735147951347],[31.48718490824967,30.27481134090878],[31.487190784129915,30.27489194966054],[31.48720063864861,30.27496388723675],[31.487215850719622,30.27503990080713],[31.487235850811103,30.27511488173123],[31.487260952435093,30.275189766399123],[31.48729015486834,30.27526171229079],[31.4873240249478,30.275332467282148],[31.48736233450142,30.275401513919874],[31.487404970341423,30.27546864196696],[31.487451803110467,30.275533650496612],[31.48750269267131,30.275596343236973],[31.48755748541207,30.275656533226098],[31.488379575949374,30.276469311299632]]}},{"type":"Feature","properties":{"اسم_الحي":"حي 13","نوع_الطريق":"2","اسم_القطاع":"ABOR 5","موقف_التنفيذ":"تم التسليم","موقف_المتخلص":"3","ملاحظات":null,"Length":0.283013698630137,"Field":"فرعي","SHAPE_Length":689.2937658071173,"__networkId":"roads","__networkName":"الطرق والقطاعات","__layerId":"roads_lines","__layerName":"طرق المدينة","__assetName":"طرق المدينة","__geometryKind":"line","__featureIndex":1155,"__length_m":689.29,"__typeValue":"تم التسليم"},"geometry":{"type":"LineString","coordinates":[[31.552126870780047,30.272789572102933],[31.548770110905043,30.277283145462192]]}},{"type":"Feature","properties":{"اسم_الحي":"حي 39","نوع_الطريق":"1","اسم_القطاع":"ABOR 17","موقف_التنفيذ":"تم التسليم","موقف_المتخلص":"3","ملاحظات":null,"Length":0.283013698630137,"Field":"رئيسي","SHAPE_Length":134.92735326975773,"__networkId":"roads","__networkName":"الطرق والقطاعات","__layerId":"roads_lines","__layerName":"طرق المدينة","__assetName":"طرق المدينة","__geometryKind":"line","__featureIndex":1156,"__length_m":134.93,"__typeValue":"تم التسليم"},"geometry":{"type":"LineString","coordinates":[[31.514025096600385,30.269208397212868],[31.5148227251142,30.269996609772225]]}},{"type":"Feature","properties":{"اسم_الحي":"حي 39","نوع_الطريق":"1","اسم_القطاع":"ABOR 18","موقف_التنفيذ":"تم التسليم","موقف_المتخلص":"3","ملاحظات":null,"Length":0.283013698630137,"Field":"رئيسي","SHAPE_Length":337.75072482388657,"__networkId":"roads","__networkName":"الطرق والقطاعات","__layerId":"roads_lines","__layerName":"طرق المدينة","__assetName":"طرق المدينة","__geometryKind":"line","__featureIndex":1157,"__length_m":337.75,"__typeValue":"تم التسليم"},"geometry":{"type":"LineString","coordinates":[[31.537065621505093,30.260491154860503],[31.536884472634767,30.26310709929467]]}},{"type":"Feature","properties":{"اسم_الحي":"حي 39","نوع_الطريق":"1","اسم_القطاع":"ABOR 22","موقف_التنفيذ":"تم التسليم","موقف_المتخلص":null,"ملاحظات":null,"Length":0.283013698630137,"Field":"رئيسي","SHAPE_Length":992.5476521627254,"__networkId":"roads","__networkName":"الطرق والقطاعات","__layerId":"roads_lines","__layerName":"طرق المدينة","__assetName":"طرق المدينة","__geometryKind":"line","__featureIndex":1158,"__length_m":992.55,"__typeValue":"تم التسليم"},"geometry":{"type":"LineString","coordinates":[[31.495456848710727,30.26640787535958],[31.49446923998906,30.266908699339773],[31.494035318672534,30.26713889375783],[31.49384465844001,30.267244354966703],[31.493655581937304,30.267354769925532],[31.493472083972534,30.267467764490135],[31.493290035888656,30.267585853982347],[31.49288339730561,30.26791786543052],[31.49278887567308,30.2680085581919],[31.492699466352875,30.268100118273868],[31.492612685503175,30.268194987283003],[31.492528742431436,30.268293086848768],[31.49231562431681,30.268502495316934],[31.492097389398317,30.26870793409586],[31.491874136490633,30.268909312436357],[31.491645965306777,30.26910653415858],[31.491308982090906,30.26938303741184],[31.490962324917685,30.269650474180175],[31.49006159316544,30.270398650087955],[31.489517974077998,30.270842021989633],[31.489096956162218,30.271197000160612],[31.48901831854057,30.27125242227691],[31.488907189753405,30.27139546249013],[31.48889728492907,30.27143878934829],[31.488895362534382,30.27148089503574],[31.488897308285264,30.271502915328693]]}},{"type":"Feature","properties":{"اسم_الحي":"حي 39","نوع_الطريق":"2","اسم_القطاع":"ABOR 21","موقف_التنفيذ":"تم التسليم","موقف_المتخلص":null,"ملاحظات":null,"Length":0.283013698630137,"Field":"رئيسي","SHAPE_Length":250.04411579695943,"__networkId":"roads","__networkName":"الطرق والقطاعات","__layerId":"roads_lines","__layerName":"طرق المدينة","__assetName":"طرق المدينة","__geometryKind":"line","__featureIndex":1159,"__length_m":250.04,"__typeValue":"تم التسليم"},"geometry":{"type":"LineString","coordinates":[[31.49659715306442,30.268085273089262],[31.498535520716498,30.267105052236783]]}},{"type":"Feature","properties":{"اسم_الحي":"حي 39","نوع_الطريق":"1","اسم_القطاع":"ABOR 21","موقف_التنفيذ":"تم التسليم","موقف_المتخلص":"3","ملاحظات":null,"Length":0.283013698630137,"Field":"رئيسي","SHAPE_Length":888.5370042837731,"__networkId":"roads","__networkName":"الطرق والقطاعات","__layerId":"roads_lines","__layerName":"طرق المدينة","__assetName":"طرق المدينة","__geometryKind":"line","__featureIndex":1160,"__length_m":888.54,"__typeValue":"تم التسليم"},"geometry":{"type":"LineString","coordinates":[[31.506653325546186,30.271250710798718],[31.50425616043073,30.27190151568007],[31.50191681987011,30.27249230434376],[31.499039226757535,30.273316570473614]]}}]}