{"type":"FeatureCollection","features":[{"type":"Feature","properties":{"Description":null,"Telecom_Feature_Type":"بوكس","Easting":"031° 33' 41.54\" E","Northing":"30° 16' 42.13\" N","ID":"14","GlobalID":"{9F599892-3976-40C2-BB63-9A2AF42703D4}","sectors":"القطاع الثالث","Distance":"110m","I_D":"8-3","__networkId":"telecom","__networkName":"شبكة الاتصالات","__layerId":"telecom_assets","__layerName":"مرافق الاتصالات","__assetName":"مرافق الاتصالات","__geometryKind":"point","__featureIndex":1,"__typeValue":"بوكس"},"geometry":{"type":"Point","coordinates":[31.56321647055457,30.278534708935993]}},{"type":"Feature","properties":{"Description":null,"Telecom_Feature_Type":"بوكس","Easting":"031° 33' 42.4\" E","Northing":"30° 16' 43.86\" N","ID":"16","GlobalID":"{2FA91264-0293-41FD-AAE8-505DBF4CD78C}","sectors":"القطاع الثالث","Distance":"40m","I_D":"8-3","__networkId":"telecom","__networkName":"شبكة الاتصالات","__layerId":"telecom_assets","__layerName":"مرافق الاتصالات","__assetName":"مرافق الاتصالات","__geometryKind":"point","__featureIndex":2,"__typeValue":"بوكس"},"geometry":{"type":"Point","coordinates":[31.56345603237622,30.27901743057795]}},{"type":"Feature","properties":{"Description":null,"Telecom_Feature_Type":"بوكس","Easting":"031° 33' 41.71\" E","Northing":"30° 16' 42.75\" N","ID":"15","GlobalID":"{3013100A-AC57-4609-9117-9740D64ED21F}","sectors":"القطاع الثالث","Distance":"90m","I_D":"8-3","__networkId":"telecom","__networkName":"شبكة الاتصالات","__layerId":"telecom_assets","__layerName":"مرافق الاتصالات","__assetName":"مرافق الاتصالات","__geometryKind":"point","__featureIndex":3,"__typeValue":"بوكس"},"geometry":{"type":"Point","coordinates":[31.563264188164155,30.27870771971627]}},{"type":"Feature","properties":{"Description":null,"Telecom_Feature_Type":"بوكس","Easting":"031° 33' 42.76\" E","Northing":"30° 16' 41.63\" N","ID":"11","GlobalID":"{B310C8D9-9A79-4F8C-8129-0F789399EB2E}","sectors":"القطاع الثالث","Distance":"180m","I_D":"8-3","__networkId":"telecom","__networkName":"شبكة الاتصالات","__layerId":"telecom_assets","__layerName":"مرافق الاتصالات","__assetName":"مرافق الاتصالات","__geometryKind":"point","__featureIndex":4,"__typeValue":"بوكس"},"geometry":{"type":"Point","coordinates":[31.563554971923306,30.278397801521756]}},{"type":"Feature","properties":{"Description":null,"Telecom_Feature_Type":"بوكس","Easting":"031° 33' 39.49\" E","Northing":"30° 16' 44.15\" N","ID":"32","GlobalID":"{9F7A382E-4D9F-4858-A4F6-E42BB7BFFE90}","sectors":"القطاع الثالث","Distance":"95m","I_D":"8-3","__networkId":"telecom","__networkName":"شبكة الاتصالات","__layerId":"telecom_assets","__layerName":"مرافق الاتصالات","__assetName":"مرافق الاتصالات","__geometryKind":"point","__featureIndex":5,"__typeValue":"بوكس"},"geometry":{"type":"Point","coordinates":[31.562646926986353,30.279097890806668]}},{"type":"Feature","properties":{"Description":null,"Telecom_Feature_Type":"بوكس","Easting":"031° 33' 39.75\" E","Northing":"30° 16' 43.24\" N","ID":"31","GlobalID":"{57E31DBC-D610-42CF-A806-4E2ACEBD4265}","sectors":"القطاع الثالث","Distance":"120m","I_D":"8-3","__networkId":"telecom","__networkName":"شبكة الاتصالات","__layerId":"telecom_assets","__layerName":"مرافق الاتصالات","__assetName":"مرافق الاتصالات","__geometryKind":"point","__featureIndex":6,"__typeValue":"بوكس"},"geometry":{"type":"Point","coordinates":[31.56271940036852,30.27884283777549]}},{"type":"Feature","properties":{"Description":null,"Telecom_Feature_Type":"بوكس","Easting":"031° 33' 39.74\" E","Northing":"30° 16' 42.05\" N","ID":"30","GlobalID":"{65032C52-48A4-43EA-B387-E836974F901B}","sectors":"القطاع الثالث","Distance":"150m","I_D":"8-3","__networkId":"telecom","__networkName":"شبكة الاتصالات","__layerId":"telecom_assets","__layerName":"مرافق الاتصالات","__assetName":"مرافق الاتصالات","__geometryKind":"point","__featureIndex":7,"__typeValue":"بوكس"},"geometry":{"type":"Point","coordinates":[31.562716726083927,30.27851385542918]}},{"type":"Feature","properties":{"Description":null,"Telecom_Feature_Type":"بوكس","Easting":"031° 33' 37.72\" E","Northing":"30° 16' 41.92\" N","ID":"25","GlobalID":"{DDA4D50E-F859-4630-A795-2DE7D44844A1}","sectors":"القطاع الثالث","Distance":"215m","I_D":"8-3","__networkId":"telecom","__networkName":"شبكة الاتصالات","__layerId":"telecom_assets","__layerName":"مرافق الاتصالات","__assetName":"مرافق الاتصالات","__geometryKind":"point","__featureIndex":8,"__typeValue":"بوكس"},"geometry":{"type":"Point","coordinates":[31.56215540479548,30.27847789221549]}},{"type":"Feature","properties":{"Description":null,"Telecom_Feature_Type":"بوكس","Easting":"031° 33' 39.05\" E","Northing":"30° 16' 41.82\" N","ID":"29","GlobalID":"{735EFB0B-BCF3-46E3-89B0-C499012D2180}","sectors":"القطاع الثالث","Distance":"160m","I_D":"8-3","__networkId":"telecom","__networkName":"شبكة الاتصالات","__layerId":"telecom_assets","__layerName":"مرافق الاتصالات","__assetName":"مرافق الاتصالات","__geometryKind":"point","__featureIndex":9,"__typeValue":"بوكس"},"geometry":{"type":"Point","coordinates":[31.56252494026234,30.278448501327826]}},{"type":"Feature","properties":{"Description":null,"Telecom_Feature_Type":"بوكس","Easting":"031° 33' 37.62\" E","Northing":"30° 16' 42.57\" N","ID":"26","GlobalID":"{447CEB61-E847-4AAC-A8C3-BC99B4FC03B4}","sectors":"القطاع الثالث","Distance":"200m","I_D":"8-3","__networkId":"telecom","__networkName":"شبكة الاتصالات","__layerId":"telecom_assets","__layerName":"مرافق الاتصالات","__assetName":"مرافق الاتصالات","__geometryKind":"point","__featureIndex":10,"__typeValue":"بوكس"},"geometry":{"type":"Point","coordinates":[31.562126038868826,30.278659218576834]}},{"type":"Feature","properties":{"Description":null,"Telecom_Feature_Type":"بوكس","Easting":"031° 33' 37.87\" E","Northing":"30° 16' 43.79\" N","ID":"27","GlobalID":"{50DEE29B-7616-4E29-9D5F-4C174B99E900}","sectors":"القطاع الثالث","Distance":"160m","I_D":"8-3","__networkId":"telecom","__networkName":"شبكة الاتصالات","__layerId":"telecom_assets","__layerName":"مرافق الاتصالات","__assetName":"مرافق الاتصالات","__geometryKind":"point","__featureIndex":11,"__typeValue":"بوكس"},"geometry":{"type":"Point","coordinates":[31.562196697654155,30.278997421984556]}},{"type":"Feature","properties":{"Description":null,"Telecom_Feature_Type":"بوكس","Easting":"031° 33' 38.35\" E","Northing":"30° 16' 44.64\" N","ID":"28","GlobalID":"{8DEF07D8-935B-4B25-B19A-D5B352233A4A}","sectors":"القطاع الثالث","Distance":"130m","I_D":"8-3","__networkId":"telecom","__networkName":"شبكة الاتصالات","__layerId":"telecom_assets","__layerName":"مرافق الاتصالات","__assetName":"مرافق الاتصالات","__geometryKind":"point","__featureIndex":12,"__typeValue":"بوكس"},"geometry":{"type":"Point","coordinates":[31.562330050761446,30.279233791851976]}},{"type":"Feature","properties":{"Description":null,"Telecom_Feature_Type":"بوكس","Easting":"031° 33' 35.33\" E","Northing":"30° 16' 41.67\" N","ID":"21","GlobalID":"{DAAB057F-7BEF-4FA0-AEB0-4E36D7648BBC}","sectors":"القطاع الثالث","Distance":"290m","I_D":"8-3","__networkId":"telecom","__networkName":"شبكة الاتصالات","__layerId":"telecom_assets","__layerName":"مرافق الاتصالات","__assetName":"مرافق الاتصالات","__geometryKind":"point","__featureIndex":13,"__typeValue":"بوكس"},"geometry":{"type":"Point","coordinates":[31.561490780842647,30.278407634434444]}},{"type":"Feature","properties":{"Description":null,"Telecom_Feature_Type":"بوكس","Easting":"031° 33' 35.77\" E","Northing":"30° 16' 42.07\" N","ID":"22","GlobalID":"{F80604D1-D419-4889-8F99-6216C4AF334C}","sectors":"القطاع الثالث","Distance":"280m","I_D":"8-3","__networkId":"telecom","__networkName":"شبكة الاتصالات","__layerId":"telecom_assets","__layerName":"مرافق الاتصالات","__assetName":"مرافق الاتصالات","__geometryKind":"point","__featureIndex":14,"__typeValue":"بوكس"},"geometry":{"type":"Point","coordinates":[31.561614252481792,30.278520292779447]}},{"type":"Feature","properties":{"Description":null,"Telecom_Feature_Type":"بوكس","Easting":"031° 33' 35.3\" E","Northing":"30° 16' 43.24\" N","ID":"23","GlobalID":"{A3BA34A4-CE09-4A9F-A82A-22908978387A}","sectors":"القطاع الثالث","Distance":"250m","I_D":"8-3","__networkId":"telecom","__networkName":"شبكة الاتصالات","__layerId":"telecom_assets","__layerName":"مرافق الاتصالات","__assetName":"مرافق الاتصالات","__geometryKind":"point","__featureIndex":15,"__typeValue":"بوكس"},"geometry":{"type":"Point","coordinates":[31.561482540596536,30.278844570842775]}},{"type":"Feature","properties":{"Description":null,"Telecom_Feature_Type":"بوكس","Easting":"031° 33' 34.7\" E","Northing":"30° 16' 44.02\" N","ID":"24","GlobalID":"{8605E98C-0A11-4110-8456-5FC0450BC402}","sectors":"القطاع الثالث","Distance":"230m","I_D":"8-3","__networkId":"telecom","__networkName":"شبكة الاتصالات","__layerId":"telecom_assets","__layerName":"مرافق الاتصالات","__assetName":"مرافق الاتصالات","__geometryKind":"point","__featureIndex":16,"__typeValue":"بوكس"},"geometry":{"type":"Point","coordinates":[31.561317303584868,30.279060705973993]}},{"type":"Feature","properties":{"Description":null,"Telecom_Feature_Type":"بوكس","Easting":"031° 33' 33.99\" E","Northing":"30° 16' 41.33\" N","ID":"17","GlobalID":"{F2253CCD-C9B5-4077-AB68-6A6FA48E977E}","sectors":"القطاع الثالث","Distance":"310m","I_D":"8-3","__networkId":"telecom","__networkName":"شبكة الاتصالات","__layerId":"telecom_assets","__layerName":"مرافق الاتصالات","__assetName":"مرافق الاتصالات","__geometryKind":"point","__featureIndex":17,"__typeValue":"بوكس"},"geometry":{"type":"Point","coordinates":[31.561118301596597,30.278313080174254]}},{"type":"Feature","properties":{"Description":null,"Telecom_Feature_Type":"بوكس","Easting":"031° 33' 33.6\" E","Northing":"30° 16' 41.84\" N","ID":"18","GlobalID":"{93D78A8D-23C5-422B-90B2-E03BBF2F084A}","sectors":"القطاع الثالث","Distance":"290m","I_D":"8-3","__networkId":"telecom","__networkName":"شبكة الاتصالات","__layerId":"telecom_assets","__layerName":"مرافق الاتصالات","__assetName":"مرافق الاتصالات","__geometryKind":"point","__featureIndex":18,"__typeValue":"بوكس"},"geometry":{"type":"Point","coordinates":[31.561010897224598,30.27845463535562]}},{"type":"Feature","properties":{"Description":null,"Telecom_Feature_Type":"بوكس","Easting":"031° 33' 33.3\" E","Northing":"30° 16' 43.05\" N","ID":"19","GlobalID":"{F88605E3-9033-4767-A6BC-BF8F6A9E4738}","sectors":"القطاع الثالث","Distance":"280m","I_D":"8-3","__networkId":"telecom","__networkName":"شبكة الاتصالات","__layerId":"telecom_assets","__layerName":"مرافق الاتصالات","__assetName":"مرافق الاتصالات","__geometryKind":"point","__featureIndex":19,"__typeValue":"بوكس"},"geometry":{"type":"Point","coordinates":[31.560928105793067,30.27879069213946]}},{"type":"Feature","properties":{"Description":null,"Telecom_Feature_Type":"بوكس","Easting":"031° 33' 33.39\" E","Northing":"30° 16' 44.0\" N","ID":"20","GlobalID":"{55FEDCFB-F3F4-4F73-9CF0-DB2E3804581F}","sectors":"القطاع الثالث","Distance":"260m","I_D":"8-3","__networkId":"telecom","__networkName":"شبكة الاتصالات","__layerId":"telecom_assets","__layerName":"مرافق الاتصالات","__assetName":"مرافق الاتصالات","__geometryKind":"point","__featureIndex":20,"__typeValue":"بوكس"},"geometry":{"type":"Point","coordinates":[31.56095216626963,30.279055053735423]}},{"type":"Feature","properties":{"Description":null,"Telecom_Feature_Type":"بوكس","Easting":"031° 33' 41.5\" E","Northing":"30° 16' 39.68\" N","ID":"14","GlobalID":"{518F4F82-6D4A-4936-9B11-039C8B4A5C4F}","sectors":"القطاع الثالث","Distance":"135m","I_D":"6-1","__networkId":"telecom","__networkName":"شبكة الاتصالات","__layerId":"telecom_assets","__layerName":"مرافق الاتصالات","__assetName":"مرافق الاتصالات","__geometryKind":"point","__featureIndex":21,"__typeValue":"بوكس"},"geometry":{"type":"Point","coordinates":[31.563205395225417,30.277854390179286]}},{"type":"Feature","properties":{"Description":null,"Telecom_Feature_Type":"بوكس","Easting":"031° 33' 43.43\" E","Northing":"30° 16' 39.34\" N","ID":"9","GlobalID":"{1D57FE47-5D74-4BA9-992E-85CA882E26DB}","sectors":"القطاع الثالث","Distance":"170m","I_D":"6-1","__networkId":"telecom","__networkName":"شبكة الاتصالات","__layerId":"telecom_assets","__layerName":"مرافق الاتصالات","__assetName":"مرافق الاتصالات","__geometryKind":"point","__featureIndex":22,"__typeValue":"بوكس"},"geometry":{"type":"Point","coordinates":[31.563739845208758,30.27776099439732]}},{"type":"Feature","properties":{"Description":null,"Telecom_Feature_Type":"بوكس","Easting":"031° 33' 38.65\" E","Northing":"30° 16' 40.26\" N","ID":"25","GlobalID":"{94D5C312-02CC-4233-83D6-C1353EE33642}","sectors":"القطاع الثالث","Distance":"240m","I_D":"6-1","__networkId":"telecom","__networkName":"شبكة الاتصالات","__layerId":"telecom_assets","__layerName":"مرافق الاتصالات","__assetName":"مرافق الاتصالات","__geometryKind":"point","__featureIndex":23,"__typeValue":"بوكس"},"geometry":{"type":"Point","coordinates":[31.562412340034726,30.27801529308359]}},{"type":"Feature","properties":{"Description":null,"Telecom_Feature_Type":"بوكس","Easting":"031° 33' 38.9\" E","Northing":"30° 16' 39.68\" N","ID":"26","GlobalID":"{F7B42C48-733C-4E95-80CC-1C264D01230B}","sectors":"القطاع الثالث","Distance":"240m","I_D":"6-1","__networkId":"telecom","__networkName":"شبكة الاتصالات","__layerId":"telecom_assets","__layerName":"مرافق الاتصالات","__assetName":"مرافق الاتصالات","__geometryKind":"point","__featureIndex":24,"__typeValue":"بوكس"},"geometry":{"type":"Point","coordinates":[31.562482509238205,30.277854532922152]}},{"type":"Feature","properties":{"Description":null,"Telecom_Feature_Type":"بوكس","Easting":"031° 33' 37.26\" E","Northing":"30° 16' 40.15\" N","ID":"18","GlobalID":"{8FBF13B3-4962-440B-A3ED-1E216BD1530B}","sectors":"القطاع الثالث","Distance":"175m","I_D":"6-1","__networkId":"telecom","__networkName":"شبكة الاتصالات","__layerId":"telecom_assets","__layerName":"مرافق الاتصالات","__assetName":"مرافق الاتصالات","__geometryKind":"point","__featureIndex":25,"__typeValue":"بوكس"},"geometry":{"type":"Point","coordinates":[31.562025919833786,30.27798561967511]}},{"type":"Feature","properties":{"Description":null,"Telecom_Feature_Type":"بوكس","Easting":"031° 33' 36.72\" E","Northing":"30° 16' 39.82\" N","ID":"19","GlobalID":"{9890976F-9B75-4AA2-B12E-D6A41A18B9D8}","sectors":"القطاع الثالث","Distance":"160m","I_D":"6-1","__networkId":"telecom","__networkName":"شبكة الاتصالات","__layerId":"telecom_assets","__layerName":"مرافق الاتصالات","__assetName":"مرافق الاتصالات","__geometryKind":"point","__featureIndex":26,"__typeValue":"بوكس"},"geometry":{"type":"Point","coordinates":[31.561878168529123,30.277894275170382]}},{"type":"Feature","properties":{"Description":null,"Telecom_Feature_Type":"بوكس","Easting":"031° 33' 33.98\" E","Northing":"30° 16' 39.3\" N","ID":"17","GlobalID":"{137E58C0-248B-4D42-AD14-4CA03E469625}","sectors":"القطاع الثالث","Distance":"230m","I_D":"6-1","__networkId":"telecom","__networkName":"شبكة الاتصالات","__layerId":"telecom_assets","__layerName":"مرافق الاتصالات","__assetName":"مرافق الاتصالات","__geometryKind":"point","__featureIndex":27,"__typeValue":"بوكس"},"geometry":{"type":"Point","coordinates":[31.561115093712726,30.277749468673612]}},{"type":"Feature","properties":{"Description":null,"Telecom_Feature_Type":"بوكس","Easting":"031° 33' 34.5\" E","Northing":"30° 16' 38.89\" N","ID":"18","GlobalID":"{13077CC6-F8C1-4197-BE6E-548B1CD63DF4}","sectors":"القطاع الثالث","Distance":"210m","I_D":"6-1","__networkId":"telecom","__networkName":"شبكة الاتصالات","__layerId":"telecom_assets","__layerName":"مرافق الاتصالات","__assetName":"مرافق الاتصالات","__geometryKind":"point","__featureIndex":28,"__typeValue":"بوكس"},"geometry":{"type":"Point","coordinates":[31.561259530233972,30.27763679315237]}},{"type":"Feature","properties":{"Description":null,"Telecom_Feature_Type":"بوكس","Easting":"031° 33' 32.13\" E","Northing":"30° 16' 40.85\" N","ID":"2","GlobalID":"{8192E1BE-3FF5-447F-AD68-2A5D479CA8DE}","sectors":"القطاع الثالث","Distance":"280m","I_D":"8-2","__networkId":"telecom","__networkName":"شبكة الاتصالات","__layerId":"telecom_assets","__layerName":"مرافق الاتصالات","__assetName":"مرافق الاتصالات","__geometryKind":"point","__featureIndex":29,"__typeValue":"بوكس"},"geometry":{"type":"Point","coordinates":[31.560601226827483,30.278179336057146]}},{"type":"Feature","properties":{"Description":null,"Telecom_Feature_Type":"بوكس","Easting":"031° 33' 31.89\" E","Northing":"30° 16' 40.32\" N","ID":"1","GlobalID":"{E8078D6D-F523-4C9E-A592-077748497422}","sectors":"القطاع الثالث","Distance":"290m","I_D":"8-2","__networkId":"telecom","__networkName":"شبكة الاتصالات","__layerId":"telecom_assets","__layerName":"مرافق الاتصالات","__assetName":"مرافق الاتصالات","__geometryKind":"point","__featureIndex":30,"__typeValue":"بوكس"},"geometry":{"type":"Point","coordinates":[31.56053473532679,30.278033644045784]}},{"type":"Feature","properties":{"Description":null,"Telecom_Feature_Type":"بوكس","Easting":"031° 33' 44.42\" E","Northing":"30° 15' 53.77\" N","ID":"25","GlobalID":"{8B8D1DC1-ACA9-46BC-9DD4-BEB260068BF0}","sectors":"القطاع الثاني","Distance":"85m","I_D":"12-1","__networkId":"telecom","__networkName":"شبكة الاتصالات","__layerId":"telecom_assets","__layerName":"مرافق الاتصالات","__assetName":"مرافق الاتصالات","__geometryKind":"point","__featureIndex":31,"__typeValue":"بوكس"},"geometry":{"type":"Point","coordinates":[31.564016246041913,30.26510228578067]}},{"type":"Feature","properties":{"Description":null,"Telecom_Feature_Type":"بوكس","Easting":"031° 33' 30.24\" E","Northing":"30° 16' 42.26\" N","ID":"4","GlobalID":"{9C8D70FF-A299-4FE9-9145-B6438C526D3B}","sectors":"القطاع الثالث","Distance":"210m","I_D":"8-2","__networkId":"telecom","__networkName":"شبكة الاتصالات","__layerId":"telecom_assets","__layerName":"مرافق الاتصالات","__assetName":"مرافق الاتصالات","__geometryKind":"point","__featureIndex":32,"__typeValue":"بوكس"},"geometry":{"type":"Point","coordinates":[31.560076062729237,30.27857062558264]}},{"type":"Feature","properties":{"Description":null,"Telecom_Feature_Type":"بوكس","Easting":"031° 33' 28.07\" E","Northing":"30° 16' 39.49\" N","ID":"11","GlobalID":"{169717B6-6FD0-4BE1-946F-19F16EE437BD}","sectors":"القطاع الثالث","Distance":"135m","I_D":"8-2","__networkId":"telecom","__networkName":"شبكة الاتصالات","__layerId":"telecom_assets","__layerName":"مرافق الاتصالات","__assetName":"مرافق الاتصالات","__geometryKind":"point","__featureIndex":33,"__typeValue":"بوكس"},"geometry":{"type":"Point","coordinates":[31.559474117827016,30.27780265052515]}},{"type":"Feature","properties":{"Description":null,"Telecom_Feature_Type":"بوكس","Easting":"031° 33' 27.1\" E","Northing":"30° 16' 39.92\" N","ID":"12","GlobalID":"{9F640AB0-518B-46A9-96F6-06524AE01AE3}","sectors":"القطاع الثالث","Distance":"95m","I_D":"8-2","__networkId":"telecom","__networkName":"شبكة الاتصالات","__layerId":"telecom_assets","__layerName":"مرافق الاتصالات","__assetName":"مرافق الاتصالات","__geometryKind":"point","__featureIndex":34,"__typeValue":"بوكس"},"geometry":{"type":"Point","coordinates":[31.559205888069695,30.277920867224175]}},{"type":"Feature","properties":{"Description":null,"Telecom_Feature_Type":"بوكس","Easting":"031° 33' 30.78\" E","Northing":"30° 16' 39.58\" N","ID":"5","GlobalID":"{13CFCAAB-08B9-4279-A4E0-EAA8B5D56A60}","sectors":"القطاع الثالث","Distance":"280m","I_D":"8-2","__networkId":"telecom","__networkName":"شبكة الاتصالات","__layerId":"telecom_assets","__layerName":"مرافق الاتصالات","__assetName":"مرافق الاتصالات","__geometryKind":"point","__featureIndex":35,"__typeValue":"بوكس"},"geometry":{"type":"Point","coordinates":[31.560226085873264,30.27782686174492]}},{"type":"Feature","properties":{"Description":null,"Telecom_Feature_Type":"بوكس","Easting":"031° 33' 29.41\" E","Northing":"30° 16' 40.95\" N","ID":"7","GlobalID":"{D818343A-125A-4E0C-80DA-4A5BC037E986}","sectors":"القطاع الثالث","Distance":"210m","I_D":"8-2","__networkId":"telecom","__networkName":"شبكة الاتصالات","__layerId":"telecom_assets","__layerName":"مرافق الاتصالات","__assetName":"مرافق الاتصالات","__geometryKind":"point","__featureIndex":36,"__typeValue":"بوكس"},"geometry":{"type":"Point","coordinates":[31.559847353454522,30.278207175477856]}},{"type":"Feature","properties":{"Description":null,"Telecom_Feature_Type":"بوكس","Easting":"031° 33' 29.08\" E","Northing":"30° 16' 41.85\" N","ID":"8","GlobalID":"{B15B85A4-D8CB-4097-AB37-3A741056D6A4}","sectors":"القطاع الثالث","Distance":"185m","I_D":"8-2","__networkId":"telecom","__networkName":"شبكة الاتصالات","__layerId":"telecom_assets","__layerName":"مرافق الاتصالات","__assetName":"مرافق الاتصالات","__geometryKind":"point","__featureIndex":37,"__typeValue":"بوكس"},"geometry":{"type":"Point","coordinates":[31.55975437512768,30.278457669399035]}},{"type":"Feature","properties":{"Description":null,"Telecom_Feature_Type":"بوكس","Easting":"031° 33' 30.21\" E","Northing":"30° 16' 39.92\" N","ID":"6","GlobalID":"{592C9CFA-9CBD-4B04-87B5-1E1A305FDB6D}","sectors":"القطاع الثالث","Distance":"250m","I_D":"8-2","__networkId":"telecom","__networkName":"شبكة الاتصالات","__layerId":"telecom_assets","__layerName":"مرافق الاتصالات","__assetName":"مرافق الاتصالات","__geometryKind":"point","__featureIndex":38,"__typeValue":"بوكس"},"geometry":{"type":"Point","coordinates":[31.56006847555832,30.277922128635996]}},{"type":"Feature","properties":{"Description":null,"Telecom_Feature_Type":"بوكس","Easting":"031° 33' 25.9\" E","Northing":"30° 16' 39.5\" N","ID":"16","GlobalID":"{EA64B51C-EB9F-4C91-B193-2F733C833E16}","sectors":"القطاع الثالث","Distance":"65m","I_D":"8-2","__networkId":"telecom","__networkName":"شبكة الاتصالات","__layerId":"telecom_assets","__layerName":"مرافق الاتصالات","__assetName":"مرافق الاتصالات","__geometryKind":"point","__featureIndex":39,"__typeValue":"بوكس"},"geometry":{"type":"Point","coordinates":[31.558872401096888,30.27780490415716]}},{"type":"Feature","properties":{"Description":null,"Telecom_Feature_Type":"بوكس","Easting":"031° 33' 28.1\" E","Northing":"30° 16' 44.36\" N","ID":"20","GlobalID":"{9E286A9C-2ECD-4788-B8E9-3F17B07AEF82}","sectors":"القطاع الخامس","Distance":"175m","I_D":"8-1","__networkId":"telecom","__networkName":"شبكة الاتصالات","__layerId":"telecom_assets","__layerName":"مرافق الاتصالات","__assetName":"مرافق الاتصالات","__geometryKind":"point","__featureIndex":40,"__typeValue":"بوكس"},"geometry":{"type":"Point","coordinates":[31.55948240478551,30.279155733507]}},{"type":"Feature","properties":{"Description":null,"Telecom_Feature_Type":"بوكس","Easting":"031° 33' 27.69\" E","Northing":"30° 16' 45.24\" N","ID":"19","GlobalID":"{D0AEC495-4961-48B7-866D-B5B1384DB1E8}","sectors":"القطاع الخامس","Distance":"210m","I_D":"8-1","__networkId":"telecom","__networkName":"شبكة الاتصالات","__layerId":"telecom_assets","__layerName":"مرافق الاتصالات","__assetName":"مرافق الاتصالات","__geometryKind":"point","__featureIndex":41,"__typeValue":"بوكس"},"geometry":{"type":"Point","coordinates":[31.559368534340106,30.279398963077305]}},{"type":"Feature","properties":{"Description":null,"Telecom_Feature_Type":"بوكس","Easting":"031° 33' 26.81\" E","Northing":"30° 16' 46.21\" N","ID":"18","GlobalID":"{237359B7-D0E4-44FB-AE53-5A7401F79512}","sectors":"القطاع الخامس","Distance":"250m","I_D":"8-1","__networkId":"telecom","__networkName":"شبكة الاتصالات","__layerId":"telecom_assets","__layerName":"مرافق الاتصالات","__assetName":"مرافق الاتصالات","__geometryKind":"point","__featureIndex":42,"__typeValue":"بوكس"},"geometry":{"type":"Point","coordinates":[31.55912550861471,30.279670370834324]}},{"type":"Feature","properties":{"Description":null,"Telecom_Feature_Type":"بوكس","Easting":"031° 33' 26.22\" E","Northing":"30° 16' 46.53\" N","ID":"17","GlobalID":"{81C2530A-A23B-408D-AB70-20A09365B0F5}","sectors":"القطاع الخامس","Distance":"270m","I_D":"8-1","__networkId":"telecom","__networkName":"شبكة الاتصالات","__layerId":"telecom_assets","__layerName":"مرافق الاتصالات","__assetName":"مرافق الاتصالات","__geometryKind":"point","__featureIndex":43,"__typeValue":"بوكس"},"geometry":{"type":"Point","coordinates":[31.558959633799173,30.27975764869567]}},{"type":"Feature","properties":{"Description":null,"Telecom_Feature_Type":"بوكس","Easting":"031° 33' 25.19\" E","Northing":"30° 16' 45.71\" N","ID":"21","GlobalID":"{56A2FA3A-D46F-4E71-B3FE-2E0576BBB4EC}","sectors":"القطاع الخامس","Distance":"250m","I_D":"8-1","__networkId":"telecom","__networkName":"شبكة الاتصالات","__layerId":"telecom_assets","__layerName":"مرافق الاتصالات","__assetName":"مرافق الاتصالات","__geometryKind":"point","__featureIndex":44,"__typeValue":"بوكس"},"geometry":{"type":"Point","coordinates":[31.55867314398708,30.279531518614416]}},{"type":"Feature","properties":{"Description":null,"Telecom_Feature_Type":"بوكس","Easting":"031° 33' 24.99\" E","Northing":"30° 16' 45.19\" N","ID":"22","GlobalID":"{28D72C83-B406-4122-8842-8EF464A54811}","sectors":"القطاع الخامس","Distance":"230m","I_D":"8-1","__networkId":"telecom","__networkName":"شبكة الاتصالات","__layerId":"telecom_assets","__layerName":"مرافق الاتصالات","__assetName":"مرافق الاتصالات","__geometryKind":"point","__featureIndex":45,"__typeValue":"بوكس"},"geometry":{"type":"Point","coordinates":[31.55861957205681,30.279384955875564]}},{"type":"Feature","properties":{"Description":null,"Telecom_Feature_Type":"بوكس","Easting":"031° 33' 26.02\" E","Northing":"30° 16' 44.33\" N","ID":"23","GlobalID":"{79393652-2B81-4440-96F2-D3757512031B}","sectors":"القطاع الخامس","Distance":"195m","I_D":"8-1","__networkId":"telecom","__networkName":"شبكة الاتصالات","__layerId":"telecom_assets","__layerName":"مرافق الاتصالات","__assetName":"مرافق الاتصالات","__geometryKind":"point","__featureIndex":46,"__typeValue":"بوكس"},"geometry":{"type":"Point","coordinates":[31.558905283927846,30.279147455304955]}},{"type":"Feature","properties":{"Description":null,"Telecom_Feature_Type":"بوكس","Easting":"031° 33' 26.99\" E","Northing":"30° 16' 43.89\" N","ID":"24","GlobalID":"{8DA29E29-BED6-4069-977B-E770E19C0421}","sectors":"القطاع الخامس","Distance":"160m","I_D":"8-1","__networkId":"telecom","__networkName":"شبكة الاتصالات","__layerId":"telecom_assets","__layerName":"مرافق الاتصالات","__assetName":"مرافق الاتصالات","__geometryKind":"point","__featureIndex":47,"__typeValue":"بوكس"},"geometry":{"type":"Point","coordinates":[31.55917557262382,30.279025923678446]}},{"type":"Feature","properties":{"Description":null,"Telecom_Feature_Type":"بوكس","Easting":"031° 33' 24.98\" E","Northing":"30° 16' 41.91\" N","ID":"28","GlobalID":"{2BDF5964-C8FB-499C-BA84-F27FDBBC1B08}","sectors":"القطاع الخامس","Distance":"70m","I_D":"8-1","__networkId":"telecom","__networkName":"شبكة الاتصالات","__layerId":"telecom_assets","__layerName":"مرافق الاتصالات","__assetName":"مرافق الاتصالات","__geometryKind":"point","__featureIndex":48,"__typeValue":"بوكس"},"geometry":{"type":"Point","coordinates":[31.558615316737292,30.278474135929276]}},{"type":"Feature","properties":{"Description":null,"Telecom_Feature_Type":"بوكس","Easting":"031° 33' 23.11\" E","Northing":"30° 16' 44.08\" N","ID":"25","GlobalID":"{8702B62F-76CE-4A50-82FC-E8A140F4CC8A}","sectors":"القطاع الخامس","Distance":"170m","I_D":"8-1","__networkId":"telecom","__networkName":"شبكة الاتصالات","__layerId":"telecom_assets","__layerName":"مرافق الاتصالات","__assetName":"مرافق الاتصالات","__geometryKind":"point","__featureIndex":49,"__typeValue":"بوكس"},"geometry":{"type":"Point","coordinates":[31.55809555690379,30.279077271701148]}},{"type":"Feature","properties":{"Description":null,"Telecom_Feature_Type":"بوكس","Easting":"031° 33' 23.7\" E","Northing":"30° 16' 43.77\" N","ID":"26","GlobalID":"{678470BA-B266-4185-A273-AA6E4DCD6B02}","sectors":"القطاع الخامس","Distance":"160m","I_D":"8-1","__networkId":"telecom","__networkName":"شبكة الاتصالات","__layerId":"telecom_assets","__layerName":"مرافق الاتصالات","__assetName":"مرافق الاتصالات","__geometryKind":"point","__featureIndex":50,"__typeValue":"بوكس"},"geometry":{"type":"Point","coordinates":[31.55826001777106,30.27899035862114]}},{"type":"Feature","properties":{"Description":null,"Telecom_Feature_Type":"بوكس","Easting":"031° 33' 24.57\" E","Northing":"30° 16' 42.79\" N","ID":"27","GlobalID":"{A466BEA1-23A3-47A0-B13A-06B344FB7F84}","sectors":"القطاع الخامس","Distance":"100m","I_D":"8-1","__networkId":"telecom","__networkName":"شبكة الاتصالات","__layerId":"telecom_assets","__layerName":"مرافق الاتصالات","__assetName":"مرافق الاتصالات","__geometryKind":"point","__featureIndex":51,"__typeValue":"بوكس"},"geometry":{"type":"Point","coordinates":[31.558501970009694,30.278718696858235]}},{"type":"Feature","properties":{"Description":null,"Telecom_Feature_Type":"بوكس","Easting":"031° 33' 23.85\" E","Northing":"30° 16' 41.43\" N","ID":"32","GlobalID":"{E41C1599-E1D7-4910-95BE-76E2900FA6A3}","sectors":"القطاع الخامس","Distance":"60m","I_D":"8-1","__networkId":"telecom","__networkName":"شبكة الاتصالات","__layerId":"telecom_assets","__layerName":"مرافق الاتصالات","__assetName":"مرافق الاتصالات","__geometryKind":"point","__featureIndex":52,"__typeValue":"بوكس"},"geometry":{"type":"Point","coordinates":[31.558303386636368,30.278342542473556]}},{"type":"Feature","properties":{"Description":null,"Telecom_Feature_Type":"بوكس","Easting":"031° 33' 22.91\" E","Northing":"30° 16' 41.89\" N","ID":"31","GlobalID":"{D2D7B4F2-9787-4AB8-8E22-6E62810ACC6F}","sectors":"القطاع الخامس","Distance":"90m","I_D":"8-1","__networkId":"telecom","__networkName":"شبكة الاتصالات","__layerId":"telecom_assets","__layerName":"مرافق الاتصالات","__assetName":"مرافق الاتصالات","__geometryKind":"point","__featureIndex":53,"__typeValue":"بوكس"},"geometry":{"type":"Point","coordinates":[31.558042081991573,30.278468737334283]}},{"type":"Feature","properties":{"Description":null,"Telecom_Feature_Type":"بوكس","Easting":"031° 33' 22.07\" E","Northing":"30° 16' 43.26\" N","ID":"29","GlobalID":"{320A8598-DB38-4292-BB90-CB78977DC091}","sectors":"القطاع الخامس","Distance":"145m","I_D":"8-1","__networkId":"telecom","__networkName":"شبكة الاتصالات","__layerId":"telecom_assets","__layerName":"مرافق الاتصالات","__assetName":"مرافق الاتصالات","__geometryKind":"point","__featureIndex":54,"__typeValue":"بوكس"},"geometry":{"type":"Point","coordinates":[31.557808449949093,30.278850909648746]}},{"type":"Feature","properties":{"Description":null,"Telecom_Feature_Type":"بوكس","Easting":"031° 33' 21.88\" E","Northing":"30° 16' 42.74\" N","ID":"30","GlobalID":"{48E24C23-A2C3-43D5-B6C7-E6828FFF5FDA}","sectors":"القطاع الخامس","Distance":"120m","I_D":"8-1","__networkId":"telecom","__networkName":"شبكة الاتصالات","__layerId":"telecom_assets","__layerName":"مرافق الاتصالات","__assetName":"مرافق الاتصالات","__geometryKind":"point","__featureIndex":55,"__typeValue":"بوكس"},"geometry":{"type":"Point","coordinates":[31.55775541071977,30.2787060347443]}},{"type":"Feature","properties":{"Description":null,"Telecom_Feature_Type":"بوكس","Easting":"031° 33' 20.2\" E","Northing":"30° 16' 41.79\" N","ID":"13","GlobalID":"{5401BAA1-F93C-4BF4-887B-3BBAF0A5D3B9}","sectors":"القطاع الخامس","Distance":"180m","I_D":"8-1","__networkId":"telecom","__networkName":"شبكة الاتصالات","__layerId":"telecom_assets","__layerName":"مرافق الاتصالات","__assetName":"مرافق الاتصالات","__geometryKind":"point","__featureIndex":56,"__typeValue":"بوكس"},"geometry":{"type":"Point","coordinates":[31.557288157414643,30.2784402494424]}},{"type":"Feature","properties":{"Description":null,"Telecom_Feature_Type":"بوكس","Easting":"031° 33' 19.15\" E","Northing":"30° 16' 40.99\" N","ID":"19","GlobalID":"{BE3E731C-3CEC-4FF7-B44C-F27E57CA1228}","sectors":"القطاع الخامس","Distance":"215m","I_D":"8-1","__networkId":"telecom","__networkName":"شبكة الاتصالات","__layerId":"telecom_assets","__layerName":"مرافق الاتصالات","__assetName":"مرافق الاتصالات","__geometryKind":"point","__featureIndex":57,"__typeValue":"بوكس"},"geometry":{"type":"Point","coordinates":[31.55699639089857,30.278218358255835]}},{"type":"Feature","properties":{"Description":null,"Telecom_Feature_Type":"بوكس","Easting":"031° 33' 18.96\" E","Northing":"30° 16' 40.45\" N","ID":"10","GlobalID":"{459AD964-AB45-4AC6-9CCE-5394CE73E750}","sectors":"القطاع الخامس","Distance":"210m","I_D":"8-1","__networkId":"telecom","__networkName":"شبكة الاتصالات","__layerId":"telecom_assets","__layerName":"مرافق الاتصالات","__assetName":"مرافق الاتصالات","__geometryKind":"point","__featureIndex":58,"__typeValue":"بوكس"},"geometry":{"type":"Point","coordinates":[31.556944468275137,30.278069733873632]}},{"type":"Feature","properties":{"Description":null,"Telecom_Feature_Type":"بوكس","Easting":"031° 33' 20.0\" E","Northing":"30° 16' 39.6\" N","ID":"11","GlobalID":"{33D1EDD8-35FB-4FFA-8903-95130A8FAD48}","sectors":"القطاع الخامس","Distance":"170m","I_D":"8-1","__networkId":"telecom","__networkName":"شبكة الاتصالات","__layerId":"telecom_assets","__layerName":"مرافق الاتصالات","__assetName":"مرافق الاتصالات","__geometryKind":"point","__featureIndex":59,"__typeValue":"بوكس"},"geometry":{"type":"Point","coordinates":[31.55723302511072,30.27783414628842]}},{"type":"Feature","properties":{"Description":null,"Telecom_Feature_Type":"بوكس","Easting":"031° 33' 20.97\" E","Northing":"30° 16' 39.17\" N","ID":"12","GlobalID":"{EA7768FE-3003-4593-9798-B8079EC97BE1}","sectors":"القطاع الخامس","Distance":"130m","I_D":"8-1","__networkId":"telecom","__networkName":"شبكة الاتصالات","__layerId":"telecom_assets","__layerName":"مرافق الاتصالات","__assetName":"مرافق الاتصالات","__geometryKind":"point","__featureIndex":60,"__typeValue":"بوكس"},"geometry":{"type":"Point","coordinates":[31.557502528679088,30.27771264173927]}},{"type":"Feature","properties":{"Description":null,"Telecom_Feature_Type":"بوكس","Easting":"031° 33' 24.62\" E","Northing":"30° 16' 47.35\" N","ID":"1","GlobalID":"{F83A43F3-99C8-494B-8E45-D6857A2D0609}","sectors":"القطاع الخامس","Distance":"315m","I_D":"1-2","__networkId":"telecom","__networkName":"شبكة الاتصالات","__layerId":"telecom_assets","__layerName":"مرافق الاتصالات","__assetName":"مرافق الاتصالات","__geometryKind":"point","__featureIndex":61,"__typeValue":"بوكس"},"geometry":{"type":"Point","coordinates":[31.558515039598767,30.27998606441968]}},{"type":"Feature","properties":{"Description":null,"Telecom_Feature_Type":"بوكس","Easting":"031° 33' 24.86\" E","Northing":"30° 16' 47.98\" N","ID":"4","GlobalID":"{37D8A1F1-CE3B-4F56-95A3-5643970C305F}","sectors":"القطاع الخامس","Distance":"310m","I_D":"1-2","__networkId":"telecom","__networkName":"شبكة الاتصالات","__layerId":"telecom_assets","__layerName":"مرافق الاتصالات","__assetName":"مرافق الاتصالات","__geometryKind":"point","__featureIndex":62,"__typeValue":"بوكس"},"geometry":{"type":"Point","coordinates":[31.558582675553122,30.28015970488425]}},{"type":"Feature","properties":{"Description":null,"Telecom_Feature_Type":"بوكس","Easting":"031° 33' 23.82\" E","Northing":"30° 16' 48.82\" N","ID":"3","GlobalID":"{900AEA4B-3774-451E-853E-600A10278D8E}","sectors":"القطاع الخامس","Distance":"280m","I_D":"1-2","__networkId":"telecom","__networkName":"شبكة الاتصالات","__layerId":"telecom_assets","__layerName":"مرافق الاتصالات","__assetName":"مرافق الاتصالات","__geometryKind":"point","__featureIndex":63,"__typeValue":"بوكس"},"geometry":{"type":"Point","coordinates":[31.55829414027714,30.280394524317916]}},{"type":"Feature","properties":{"Description":null,"Telecom_Feature_Type":"بوكس","Easting":"031° 33' 22.81\" E","Northing":"30° 16' 49.31\" N","ID":"4","GlobalID":"{34A4936B-7329-41D4-9925-B341FE0B280D}","sectors":"القطاع الخامس","Distance":"240m","I_D":"1-2","__networkId":"telecom","__networkName":"شبكة الاتصالات","__layerId":"telecom_assets","__layerName":"مرافق الاتصالات","__assetName":"مرافق الاتصالات","__geometryKind":"point","__featureIndex":64,"__typeValue":"بوكس"},"geometry":{"type":"Point","coordinates":[31.558014350998736,30.280529181583088]}},{"type":"Feature","properties":{"Description":null,"Telecom_Feature_Type":"بوكس","Easting":"031° 33' 23.58\" E","Northing":"30° 16' 46.54\" N","ID":"5","GlobalID":"{1ED9DBD5-AB41-47A0-B96F-71174F052471}","sectors":"القطاع الخامس","Distance":"250m","I_D":"1-2","__networkId":"telecom","__networkName":"شبكة الاتصالات","__layerId":"telecom_assets","__layerName":"مرافق الاتصالات","__assetName":"مرافق الاتصالات","__geometryKind":"point","__featureIndex":65,"__typeValue":"بوكس"},"geometry":{"type":"Point","coordinates":[31.55822635699906,30.27976041350964]}},{"type":"Feature","properties":{"Description":null,"Telecom_Feature_Type":"بوكس","Easting":"031° 33' 22.8\" E","Northing":"30° 16' 46.83\" N","ID":"6","GlobalID":"{383F5ED6-0F18-4354-A0EE-564671F33329}","sectors":"القطاع الخامس","Distance":"220m","I_D":"1-2","__networkId":"telecom","__networkName":"شبكة الاتصالات","__layerId":"telecom_assets","__layerName":"مرافق الاتصالات","__assetName":"مرافق الاتصالات","__geometryKind":"point","__featureIndex":66,"__typeValue":"بوكس"},"geometry":{"type":"Point","coordinates":[31.5580108861967,30.279840206750592]}},{"type":"Feature","properties":{"Description":null,"Telecom_Feature_Type":"بوكس","Easting":"031° 33' 21.81\" E","Northing":"30° 16' 47.77\" N","ID":"7","GlobalID":"{3D2FC060-7C62-42C1-8D67-512E34903D58}","sectors":"القطاع الخامس","Distance":"290m","I_D":"1-2","__networkId":"telecom","__networkName":"شبكة الاتصالات","__layerId":"telecom_assets","__layerName":"مرافق الاتصالات","__assetName":"مرافق الاتصالات","__geometryKind":"point","__featureIndex":67,"__typeValue":"بوكس"},"geometry":{"type":"Point","coordinates":[31.557735635207134,30.280102941856153]}},{"type":"Feature","properties":{"Description":null,"Telecom_Feature_Type":"بوكس","Easting":"031° 33' 21.41\" E","Northing":"30° 16' 48.65\" N","ID":"8","GlobalID":"{29C84A41-4382-466A-B26F-1B458D4BBAE7}","sectors":"القطاع الخامس","Distance":"100m","I_D":"1-2","__networkId":"telecom","__networkName":"شبكة الاتصالات","__layerId":"telecom_assets","__layerName":"مرافق الاتصالات","__assetName":"مرافق الاتصالات","__geometryKind":"point","__featureIndex":68,"__typeValue":"بوكس"},"geometry":{"type":"Point","coordinates":[31.557623470662413,30.28034765775604]}},{"type":"Feature","properties":{"Description":null,"Telecom_Feature_Type":"بوكس","Easting":"031° 33' 21.68\" E","Northing":"30° 16' 45.06\" N","ID":"210","GlobalID":"{9D300944-BB12-49CE-9ED3-BF5A8E229F25}","sectors":"القطاع الخامس","Distance":"210m","I_D":"1-2","__networkId":"telecom","__networkName":"شبكة الاتصالات","__layerId":"telecom_assets","__layerName":"مرافق الاتصالات","__assetName":"مرافق الاتصالات","__geometryKind":"point","__featureIndex":69,"__typeValue":"بوكس"},"geometry":{"type":"Point","coordinates":[31.557699533712476,30.279349286995892]}},{"type":"Feature","properties":{"Description":null,"Telecom_Feature_Type":"بوكس","Easting":"031° 33' 21.92\" E","Northing":"30° 16' 45.68\" N","ID":"10","GlobalID":"{033B56E1-DA76-49C2-B996-528733A0AD8B}","sectors":"القطاع الخامس","Distance":"210m","I_D":"1-2","__networkId":"telecom","__networkName":"شبكة الاتصالات","__layerId":"telecom_assets","__layerName":"مرافق الاتصالات","__assetName":"مرافق الاتصالات","__geometryKind":"point","__featureIndex":70,"__typeValue":"بوكس"},"geometry":{"type":"Point","coordinates":[31.557767165175292,30.279522927035693]}},{"type":"Feature","properties":{"Description":null,"Telecom_Feature_Type":"بوكس","Easting":"031° 33' 20.89\" E","Northing":"30° 16' 46.53\" N","ID":"170","GlobalID":"{BD1CEE28-B102-4C0A-9C7F-BC00216B9BD8}","sectors":"القطاع الخامس","Distance":"170m","I_D":"1-2","__networkId":"telecom","__networkName":"شبكة الاتصالات","__layerId":"telecom_assets","__layerName":"مرافق الاتصالات","__assetName":"مرافق الاتصالات","__geometryKind":"point","__featureIndex":71,"__typeValue":"بوكس"},"geometry":{"type":"Point","coordinates":[31.557478632594233,30.27975774566588]}},{"type":"Feature","properties":{"Description":null,"Telecom_Feature_Type":"بوكس","Easting":"031° 33' 19.88\" E","Northing":"30° 16' 47.01\" N","ID":"12","GlobalID":"{0B56856C-0E90-43B7-8750-D657922FF463}","sectors":"القطاع الخامس","Distance":"140m","I_D":"1-2","__networkId":"telecom","__networkName":"شبكة الاتصالات","__layerId":"telecom_assets","__layerName":"مرافق الاتصالات","__assetName":"مرافق الاتصالات","__geometryKind":"point","__featureIndex":72,"__typeValue":"بوكس"},"geometry":{"type":"Point","coordinates":[31.557198843315827,30.27989240147761]}},{"type":"Feature","properties":{"Description":null,"Telecom_Feature_Type":"بوكس","Easting":"031° 33' 20.64\" E","Northing":"30° 16' 44.25\" N","ID":"13","GlobalID":"{1C528E2A-BE1F-4DFE-B59D-7C55EB99D91C}","sectors":"القطاع الخامس","Distance":"180m","I_D":"1-2","__networkId":"telecom","__networkName":"شبكة الاتصالات","__layerId":"telecom_assets","__layerName":"مرافق الاتصالات","__assetName":"مرافق الاتصالات","__geometryKind":"point","__featureIndex":73,"__typeValue":"بوكس"},"geometry":{"type":"Point","coordinates":[31.557410854706028,30.27912363384578]}},{"type":"Feature","properties":{"Description":null,"Telecom_Feature_Type":"بوكس","Easting":"031° 33' 19.87\" E","Northing":"30° 16' 44.53\" N","ID":"14","GlobalID":"{5394CD6F-F6B6-4DF4-AECC-6D1C962315E9}","sectors":"القطاع الخامس","Distance":"100m","I_D":"1-2","__networkId":"telecom","__networkName":"شبكة الاتصالات","__layerId":"telecom_assets","__layerName":"مرافق الاتصالات","__assetName":"مرافق الاتصالات","__geometryKind":"point","__featureIndex":74,"__typeValue":"بوكس"},"geometry":{"type":"Point","coordinates":[31.557195384802004,30.279203427604575]}},{"type":"Feature","properties":{"Description":null,"Telecom_Feature_Type":"بوكس","Easting":"031° 33' 18.88\" E","Northing":"30° 16' 45.48\" N","ID":"15","GlobalID":"{F51F3E29-97D0-4929-923E-DA7213E35B33}","sectors":"القطاع الخامس","Distance":"120m","I_D":"1-2","__networkId":"telecom","__networkName":"شبكة الاتصالات","__layerId":"telecom_assets","__layerName":"مرافق الاتصالات","__assetName":"مرافق الاتصالات","__geometryKind":"point","__featureIndex":75,"__typeValue":"بوكس"},"geometry":{"type":"Point","coordinates":[31.556920133812397,30.279466158984693]}},{"type":"Feature","properties":{"Description":null,"Telecom_Feature_Type":"بوكس","Easting":"031° 33' 18.47\" E","Northing":"30° 16' 46.36\" N","ID":"16","GlobalID":"{C41D3529-AB8E-4482-BD1C-F2ACCFA886BB}","sectors":"القطاع الخامس","Distance":"100m","I_D":"1-2","__networkId":"telecom","__networkName":"شبكة الاتصالات","__layerId":"telecom_assets","__layerName":"مرافق الاتصالات","__assetName":"مرافق الاتصالات","__geometryKind":"point","__featureIndex":76,"__typeValue":"بوكس"},"geometry":{"type":"Point","coordinates":[31.556807964776127,30.27971087492105]}},{"type":"Feature","properties":{"Description":null,"Telecom_Feature_Type":"بوكس","Easting":"031° 33' 18.75\" E","Northing":"30° 16' 42.76\" N","ID":"29","GlobalID":"{FACFA6D7-3A56-4D27-954B-6A7E35992E7F}","sectors":"القطاع الخامس","Distance":"130m","I_D":"1-2","__networkId":"telecom","__networkName":"شبكة الاتصالات","__layerId":"telecom_assets","__layerName":"مرافق الاتصالات","__assetName":"مرافق الاتصالات","__geometryKind":"point","__featureIndex":77,"__typeValue":"بوكس"},"geometry":{"type":"Point","coordinates":[31.55688445722091,30.278711982571224]}},{"type":"Feature","properties":{"Description":null,"Telecom_Feature_Type":"بوكس","Easting":"031° 33' 18.99\" E","Northing":"30° 16' 43.39\" N","ID":"30","GlobalID":"{876A35D3-49A9-48A1-9858-2A63027FF88F}","sectors":"القطاع الخامس","Distance":"120m","I_D":"1-2","__networkId":"telecom","__networkName":"شبكة الاتصالات","__layerId":"telecom_assets","__layerName":"مرافق الاتصالات","__assetName":"مرافق الاتصالات","__geometryKind":"point","__featureIndex":78,"__typeValue":"بوكس"},"geometry":{"type":"Point","coordinates":[31.556952088683683,30.278885623738642]}},{"type":"Feature","properties":{"Description":null,"Telecom_Feature_Type":"بوكس","Easting":"031° 33' 17.95\" E","Northing":"30° 16' 44.23\" N","ID":"31","GlobalID":"{119EE072-FBB7-4EC3-877B-6FDD66FEE819}","sectors":"القطاع الخامس","Distance":"85m","I_D":"1-2","__networkId":"telecom","__networkName":"شبكة الاتصالات","__layerId":"telecom_assets","__layerName":"مرافق الاتصالات","__assetName":"مرافق الاتصالات","__geometryKind":"point","__featureIndex":79,"__typeValue":"بوكس"},"geometry":{"type":"Point","coordinates":[31.556663554306002,30.2791204384635]}},{"type":"Feature","properties":{"Description":null,"Telecom_Feature_Type":"بوكس","Easting":"031° 33' 16.94\" E","Northing":"30° 16' 44.72\" N","ID":"32","GlobalID":"{C0993CFD-1E1C-42F7-9D48-3D5FE0FD86EB}","sectors":"القطاع الخامس","Distance":"50m","I_D":"1-2","__networkId":"telecom","__networkName":"شبكة الاتصالات","__layerId":"telecom_assets","__layerName":"مرافق الاتصالات","__assetName":"مرافق الاتصالات","__geometryKind":"point","__featureIndex":80,"__typeValue":"بوكس"},"geometry":{"type":"Point","coordinates":[31.55638376502763,30.27925509359821]}},{"type":"Feature","properties":{"Description":null,"Telecom_Feature_Type":"بوكس","Easting":"031° 33' 17.71\" E","Northing":"30° 16' 41.95\" N","ID":"25","GlobalID":"{270B3DC8-DA9C-49B5-B6E3-59D895FDE22E}","sectors":"القطاع الخامس","Distance":"160m","I_D":"1-2","__networkId":"telecom","__networkName":"شبكة الاتصالات","__layerId":"telecom_assets","__layerName":"مرافق الاتصالات","__assetName":"مرافق الاتصالات","__geometryKind":"point","__featureIndex":81,"__typeValue":"بوكس"},"geometry":{"type":"Point","coordinates":[31.55659578180771,30.27848632795559]}},{"type":"Feature","properties":{"Description":null,"Telecom_Feature_Type":"بوكس","Easting":"031° 33' 16.93\" E","Northing":"30° 16' 42.24\" N","ID":"26","GlobalID":"{78BC7FC8-EF0B-46C9-9796-5CFB489AA425}","sectors":"القطاع الخامس","Distance":"140m","I_D":"1-2","__networkId":"telecom","__networkName":"شبكة الاتصالات","__layerId":"telecom_assets","__layerName":"مرافق الاتصالات","__assetName":"مرافق الاتصالات","__geometryKind":"point","__featureIndex":82,"__typeValue":"بوكس"},"geometry":{"type":"Point","coordinates":[31.55638031280198,30.278566118353737]}},{"type":"Feature","properties":{"Description":null,"Telecom_Feature_Type":"بوكس","Easting":"031° 33' 15.94\" E","Northing":"30° 16' 43.18\" N","ID":"29","GlobalID":"{55823088-425E-4424-B27C-23FB934479F4}","sectors":"القطاع الخامس","Distance":"100m","I_D":"1-2","__networkId":"telecom","__networkName":"شبكة الاتصالات","__layerId":"telecom_assets","__layerName":"مرافق الاتصالات","__assetName":"مرافق الاتصالات","__geometryKind":"point","__featureIndex":83,"__typeValue":"بوكس"},"geometry":{"type":"Point","coordinates":[31.55610506091408,30.278828849888626]}},{"type":"Feature","properties":{"Description":null,"Telecom_Feature_Type":"بوكس","Easting":"031° 33' 15.54\" E","Northing":"30° 16' 44.07\" N","ID":"28","GlobalID":"{F77BAE27-E38D-4420-9C26-7E5688784C2F}","sectors":"القطاع الخامس","Distance":"60m","I_D":"1-2","__networkId":"telecom","__networkName":"شبكة الاتصالات","__layerId":"telecom_assets","__layerName":"مرافق الاتصالات","__assetName":"مرافق الاتصالات","__geometryKind":"point","__featureIndex":84,"__typeValue":"بوكس"},"geometry":{"type":"Point","coordinates":[31.555992893674468,30.279073565087]}},{"type":"Feature","properties":{"Description":null,"Telecom_Feature_Type":"بوكس","Easting":"031° 33' 15.82\" E","Northing":"30° 16' 40.48\" N","ID":"21","GlobalID":"{074F18E9-A5E0-4AB4-AE62-991541160874}","sectors":"القطاع الخامس","Distance":"230m","I_D":"1-2","__networkId":"telecom","__networkName":"شبكة الاتصالات","__layerId":"telecom_assets","__layerName":"مرافق الاتصالات","__assetName":"مرافق الاتصالات","__geometryKind":"point","__featureIndex":85,"__typeValue":"بوكس"},"geometry":{"type":"Point","coordinates":[31.55607156902536,30.27807648389025]}},{"type":"Feature","properties":{"Description":null,"Telecom_Feature_Type":"بوكس","Easting":"031° 33' 16.06\" E","Northing":"30° 16' 41.1\" N","ID":"22","GlobalID":"{8D034322-568F-41D3-A385-16F433BE8B3F}","sectors":"القطاع الخامس","Distance":"225m","I_D":"1-2","__networkId":"telecom","__networkName":"شبكة الاتصالات","__layerId":"telecom_assets","__layerName":"مرافق الاتصالات","__assetName":"مرافق الاتصالات","__geometryKind":"point","__featureIndex":86,"__typeValue":"بوكس"},"geometry":{"type":"Point","coordinates":[31.556139196894886,30.27825012540641]}},{"type":"Feature","properties":{"Description":null,"Telecom_Feature_Type":"بوكس","Easting":"031° 33' 15.03\" E","Northing":"30° 16' 41.95\" N","ID":"23","GlobalID":"{5285CE5A-9AF3-416C-BE72-0D9F8006435C}","sectors":"القطاع الخامس","Distance":"185m","I_D":"1-2","__networkId":"telecom","__networkName":"شبكة الاتصالات","__layerId":"telecom_assets","__layerName":"مرافق الاتصالات","__assetName":"مرافق الاتصالات","__geometryKind":"point","__featureIndex":87,"__typeValue":"بوكس"},"geometry":{"type":"Point","coordinates":[31.55585066431383,30.278484940100324]}},{"type":"Feature","properties":{"Description":null,"Telecom_Feature_Type":"بوكس","Easting":"031° 33' 14.02\" E","Northing":"30° 16' 42.43\" N","ID":"24","GlobalID":"{CF8AB715-F16F-4669-A4B2-0FBEF4A328D7}","sectors":"القطاع الخامس","Distance":"150m","I_D":"1-2","__networkId":"telecom","__networkName":"شبكة الاتصالات","__layerId":"telecom_assets","__layerName":"مرافق الاتصالات","__assetName":"مرافق الاتصالات","__geometryKind":"point","__featureIndex":88,"__typeValue":"بوكس"},"geometry":{"type":"Point","coordinates":[31.555570875933753,30.27861959222818]}},{"type":"Feature","properties":{"Description":null,"Telecom_Feature_Type":"بوكس","Easting":"031° 33' 14.78\" E","Northing":"30° 16' 39.66\" N","ID":"19","GlobalID":"{90B90814-76E2-4624-94B7-81475824901A}","sectors":"القطاع الخامس","Distance":"260m","I_D":"1-2","__networkId":"telecom","__networkName":"شبكة الاتصالات","__layerId":"telecom_assets","__layerName":"مرافق الاتصالات","__assetName":"مرافق الاتصالات","__geometryKind":"point","__featureIndex":89,"__typeValue":"بوكس"},"geometry":{"type":"Point","coordinates":[31.555782898103757,30.27785082936491]}},{"type":"Feature","properties":{"Description":null,"Telecom_Feature_Type":"بوكس","Easting":"031° 33' 14.01\" E","Northing":"30° 16' 39.95\" N","ID":"18","GlobalID":"{23E6C09C-5787-49E1-A497-3BCF12EAD219}","sectors":"القطاع الخامس","Distance":"240m","I_D":"1-2","__networkId":"telecom","__networkName":"شبكة الاتصالات","__layerId":"telecom_assets","__layerName":"مرافق الاتصالات","__assetName":"مرافق الاتصالات","__geometryKind":"point","__featureIndex":90,"__typeValue":"بوكس"},"geometry":{"type":"Point","coordinates":[31.555567429996323,30.27793061872818]}},{"type":"Feature","properties":{"Description":null,"Telecom_Feature_Type":"بوكس","Easting":"031° 33' 13.01\" E","Northing":"30° 16' 40.9\" N","ID":"19","GlobalID":"{1A579600-B89C-4A91-A1EB-EBE00278FED0}","sectors":"القطاع الخامس","Distance":"200m","I_D":"1-2","__networkId":"telecom","__networkName":"شبكة الاتصالات","__layerId":"telecom_assets","__layerName":"مرافق الاتصالات","__assetName":"مرافق الاتصالات","__geometryKind":"point","__featureIndex":91,"__typeValue":"بوكس"},"geometry":{"type":"Point","coordinates":[31.555292175413495,30.27819334808559]}},{"type":"Feature","properties":{"Description":null,"Telecom_Feature_Type":"بوكس","Easting":"031° 33' 12.61\" E","Northing":"30° 16' 41.78\" N","ID":"20","GlobalID":"{124308C2-6526-4FEE-8D1F-AB5224954BFF}","sectors":"القطاع الخامس","Distance":"160m","I_D":"1-2","__networkId":"telecom","__networkName":"شبكة الاتصالات","__layerId":"telecom_assets","__layerName":"مرافق الاتصالات","__assetName":"مرافق الاتصالات","__geometryKind":"point","__featureIndex":92,"__typeValue":"بوكس"},"geometry":{"type":"Point","coordinates":[31.555180006377224,30.278438060989828]}},{"type":"Feature","properties":{"Description":null,"Telecom_Feature_Type":"بوكس","Easting":"031° 33' 9.97\" E","Northing":"30° 16' 39.3\" N","ID":"16","GlobalID":"{4DB5DCB0-1A14-47D3-9436-6AA3B6FF238F}","sectors":"القطاع الخامس","Distance":"160m","I_D":"3-3","__networkId":"telecom","__networkName":"شبكة الاتصالات","__layerId":"telecom_assets","__layerName":"مرافق الاتصالات","__assetName":"مرافق الاتصالات","__geometryKind":"point","__featureIndex":93,"__typeValue":"بوكس"},"geometry":{"type":"Point","coordinates":[31.554446383725736,30.277749041220268]}},{"type":"Feature","properties":{"Description":null,"Telecom_Feature_Type":"بوكس","Easting":"031° 33' 43.64\" E","Northing":"30° 15' 54.43\" N","ID":"24","GlobalID":"{F43255FA-5810-4A6A-B025-5B39541D4770}","sectors":"القطاع الثاني","Distance":"120m","I_D":"12-1","__networkId":"telecom","__networkName":"شبكة الاتصالات","__layerId":"telecom_assets","__layerName":"مرافق الاتصالات","__assetName":"مرافق الاتصالات","__geometryKind":"point","__featureIndex":94,"__typeValue":"بوكس"},"geometry":{"type":"Point","coordinates":[31.563799140305736,30.26528606689492]}},{"type":"Feature","properties":{"Description":null,"Telecom_Feature_Type":"بوكس","Easting":"031° 33' 43.54\" E","Northing":"30° 15' 55.38\" N","ID":"23","GlobalID":"{B69F5934-DFD5-42BF-87E1-6E22D3399C90}","sectors":"القطاع الثاني","Distance":"160m","I_D":"12-1","__networkId":"telecom","__networkName":"شبكة الاتصالات","__layerId":"telecom_assets","__layerName":"مرافق الاتصالات","__assetName":"مرافق الاتصالات","__geometryKind":"point","__featureIndex":95,"__typeValue":"بوكس"},"geometry":{"type":"Point","coordinates":[31.56377196447174,30.265549234328024]}},{"type":"Feature","properties":{"Description":null,"Telecom_Feature_Type":"بوكس","Easting":"031° 33' 43.04\" E","Northing":"30° 15' 56.53\" N","ID":"22","GlobalID":"{D545DBA8-FB28-4536-B56C-8C5F0A6E73B3}","sectors":"القطاع الثاني","Distance":"195m","I_D":"12-1","__networkId":"telecom","__networkName":"شبكة الاتصالات","__layerId":"telecom_assets","__layerName":"مرافق الاتصالات","__assetName":"مرافق الاتصالات","__geometryKind":"point","__featureIndex":96,"__typeValue":"بوكس"},"geometry":{"type":"Point","coordinates":[31.56363315589575,30.265869560284123]}},{"type":"Feature","properties":{"Description":null,"Telecom_Feature_Type":"بوكس","Easting":"031° 33' 48.19\" E","Northing":"30° 15' 55.47\" N","ID":"15","GlobalID":"{6E244200-3AFF-4C9D-84FD-FBE620E9C909}","sectors":"القطاع الثاني","Distance":"200m","I_D":"12-1","__networkId":"telecom","__networkName":"شبكة الاتصالات","__layerId":"telecom_assets","__layerName":"مرافق الاتصالات","__assetName":"مرافق الاتصالات","__geometryKind":"point","__featureIndex":97,"__typeValue":"بوكس"},"geometry":{"type":"Point","coordinates":[31.565064032006145,30.265574939023395]}},{"type":"Feature","properties":{"Description":null,"Telecom_Feature_Type":"بوكس","Easting":"031° 33' 47.44\" E","Northing":"30° 15' 56.14\" N","ID":"14","GlobalID":"{F4CDDF1F-BFC1-4DFD-9DDC-DB169DE8675E}","sectors":"القطاع الثاني","Distance":"235m","I_D":"12-1","__networkId":"telecom","__networkName":"شبكة الاتصالات","__layerId":"telecom_assets","__layerName":"مرافق الاتصالات","__assetName":"مرافق الاتصالات","__geometryKind":"point","__featureIndex":98,"__typeValue":"بوكس"},"geometry":{"type":"Point","coordinates":[31.564854826952903,30.26576075979668]}},{"type":"Feature","properties":{"Description":null,"Telecom_Feature_Type":"بوكس","Easting":"031° 33' 47.19\" E","Northing":"30° 15' 57.03\" N","ID":"13","GlobalID":"{FF5B7DD1-6D4C-4C11-A651-2E53D4360108}","sectors":"القطاع الثاني","Distance":"265m","I_D":"12-1","__networkId":"telecom","__networkName":"شبكة الاتصالات","__layerId":"telecom_assets","__layerName":"مرافق الاتصالات","__assetName":"مرافق الاتصالات","__geometryKind":"point","__featureIndex":99,"__typeValue":"بوكس"},"geometry":{"type":"Point","coordinates":[31.564786593618873,30.266006686899456]}},{"type":"Feature","properties":{"Description":null,"Telecom_Feature_Type":"بوكس","Easting":"031° 33' 46.73\" E","Northing":"30° 15' 58.19\" N","ID":"12","GlobalID":"{EEBEE0DF-FA10-41A6-979F-58898CC0C61C}","sectors":"القطاع الثاني","Distance":"305m","I_D":"12-1","__networkId":"telecom","__networkName":"شبكة الاتصالات","__layerId":"telecom_assets","__layerName":"مرافق الاتصالات","__assetName":"مرافق الاتصالات","__geometryKind":"point","__featureIndex":100,"__typeValue":"بوكس"},"geometry":{"type":"Point","coordinates":[31.564656835569338,30.26633148579176]}},{"type":"Feature","properties":{"Description":null,"Telecom_Feature_Type":"بوكس","Easting":"031° 33' 45.97\" E","Northing":"30° 15' 58.65\" N","ID":"11","GlobalID":"{D8FCFD84-A311-4546-B158-1D8DEA60F439}","sectors":"القطاع الثاني","Distance":"320m","I_D":"12-1","__networkId":"telecom","__networkName":"شبكة الاتصالات","__layerId":"telecom_assets","__layerName":"مرافق الاتصالات","__assetName":"مرافق الاتصالات","__geometryKind":"point","__featureIndex":101,"__typeValue":"بوكس"},"geometry":{"type":"Point","coordinates":[31.564447197528096,30.266458970068093]}},{"type":"Feature","properties":{"Description":null,"Telecom_Feature_Type":"بوكس","Easting":"031° 33' 46.18\" E","Northing":"30° 15' 54.53\" N","ID":"20","GlobalID":"{8FC338D0-1975-4060-A16B-7B50E65063D0}","sectors":"القطاع الثاني","Distance":"150m","I_D":"12-1","__networkId":"telecom","__networkName":"شبكة الاتصالات","__layerId":"telecom_assets","__layerName":"مرافق الاتصالات","__assetName":"مرافق الاتصالات","__geometryKind":"point","__featureIndex":102,"__typeValue":"بوكس"},"geometry":{"type":"Point","coordinates":[31.564504272888016,30.265313030905435]}},{"type":"Feature","properties":{"Description":null,"Telecom_Feature_Type":"بوكس","Easting":"031° 33' 46.03\" E","Northing":"30° 15' 55.47\" N","ID":"19","GlobalID":"{998F7228-0EB7-4FF3-AD74-A42B152C0827}","sectors":"القطاع الثاني","Distance":"190m","I_D":"12-1","__networkId":"telecom","__networkName":"شبكة الاتصالات","__layerId":"telecom_assets","__layerName":"مرافق الاتصالات","__assetName":"مرافق الاتصالات","__geometryKind":"point","__featureIndex":103,"__typeValue":"بوكس"},"geometry":{"type":"Point","coordinates":[31.56446266651732,30.26557391176677]}},{"type":"Feature","properties":{"Description":null,"Telecom_Feature_Type":"بوكس","Easting":"031° 33' 45.19\" E","Northing":"30° 15' 56.09\" N","ID":"18","GlobalID":"{50ECF80B-29D7-434A-9E25-4E2E9C9ED687}","sectors":"القطاع الثاني","Distance":"225m","I_D":"12-1","__networkId":"telecom","__networkName":"شبكة الاتصالات","__layerId":"telecom_assets","__layerName":"مرافق الاتصالات","__assetName":"مرافق الاتصالات","__geometryKind":"point","__featureIndex":104,"__typeValue":"بوكس"},"geometry":{"type":"Point","coordinates":[31.564229887874344,30.26574580175688]}},{"type":"Feature","properties":{"Description":null,"Telecom_Feature_Type":"بوكس","Easting":"031° 33' 44.44\" E","Northing":"30° 15' 57.14\" N","ID":"17","GlobalID":"{4B4488CE-0458-4F02-80A2-C20D7A02F4ED}","sectors":"القطاع الثاني","Distance":"265m","I_D":"12-1","__networkId":"telecom","__networkName":"شبكة الاتصالات","__layerId":"telecom_assets","__layerName":"مرافق الاتصالات","__assetName":"مرافق الاتصالات","__geometryKind":"point","__featureIndex":105,"__typeValue":"بوكس"},"geometry":{"type":"Point","coordinates":[31.564022125515447,30.266038142223216]}},{"type":"Feature","properties":{"Description":null,"Telecom_Feature_Type":"بوكس","Easting":"031° 33' 44.66\" E","Northing":"30° 15' 58.03\" N","ID":"16","GlobalID":"{D4F05F16-3D1F-4EE1-AC38-0254527E24E0}","sectors":"القطاع الثاني","Distance":"285m","I_D":"12-1","__networkId":"telecom","__networkName":"شبكة الاتصالات","__layerId":"telecom_assets","__layerName":"مرافق الاتصالات","__assetName":"مرافق الاتصالات","__geometryKind":"point","__featureIndex":106,"__typeValue":"بوكس"},"geometry":{"type":"Point","coordinates":[31.564082838153915,30.266286785720858]}},{"type":"Feature","properties":{"Description":null,"Telecom_Feature_Type":"بوكس","Easting":"031° 33' 43.7\" E","Northing":"30° 16' 2.06\" N","ID":"20","GlobalID":"{A3DF9F2F-2B3C-40C5-A088-44E9EDB3B984}","sectors":"القطاع الثاني","Distance":"130m","I_D":"11-2","__networkId":"telecom","__networkName":"شبكة الاتصالات","__layerId":"telecom_assets","__layerName":"مرافق الاتصالات","__assetName":"مرافق الاتصالات","__geometryKind":"point","__featureIndex":107,"__typeValue":"بوكس"},"geometry":{"type":"Point","coordinates":[31.563815931615018,30.267404690266428]}},{"type":"Feature","properties":{"Description":null,"Telecom_Feature_Type":"بوكس","Easting":"031° 33' 44.5\" E","Northing":"30° 16' 1.42\" N","ID":"19","GlobalID":"{08B19A4D-5731-4C7D-82CF-EE6BA0F914D6}","sectors":"القطاع الثاني","Distance":"165m","I_D":"11-2","__networkId":"telecom","__networkName":"شبكة الاتصالات","__layerId":"telecom_assets","__layerName":"مرافق الاتصالات","__assetName":"مرافق الاتصالات","__geometryKind":"point","__featureIndex":108,"__typeValue":"بوكس"},"geometry":{"type":"Point","coordinates":[31.5640393489144,30.267228214741536]}},{"type":"Feature","properties":{"Description":null,"Telecom_Feature_Type":"بوكس","Easting":"031° 33' 45.27\" E","Northing":"30° 16' 0.38\" N","ID":"18","GlobalID":"{1E43A48A-3529-4D21-99AF-2951AD4DA2A8}","sectors":"القطاع الثاني","Distance":"200m","I_D":"11-2","__networkId":"telecom","__networkName":"شبكة الاتصالات","__layerId":"telecom_assets","__layerName":"مرافق الاتصالات","__assetName":"مرافق الاتصالات","__geometryKind":"point","__featureIndex":109,"__typeValue":"بوكس"},"geometry":{"type":"Point","coordinates":[31.564253312343695,30.266938919976795]}},{"type":"Feature","properties":{"Description":null,"Telecom_Feature_Type":"بوكس","Easting":"031° 33' 45.25\" E","Northing":"30° 16' 0.05\" N","ID":"17","GlobalID":"{26B3CB6E-C99B-4FEA-99E1-B1EFEDEF3045}","sectors":"القطاع الثاني","Distance":"220m","I_D":"11-2","__networkId":"telecom","__networkName":"شبكة الاتصالات","__layerId":"telecom_assets","__layerName":"مرافق الاتصالات","__assetName":"مرافق الاتصالات","__geometryKind":"point","__featureIndex":110,"__typeValue":"بوكس"},"geometry":{"type":"Point","coordinates":[31.56424602251518,30.266845625532767]}},{"type":"Feature","properties":{"Description":null,"Telecom_Feature_Type":"بوكس","Easting":"031° 33' 44.01\" E","Northing":"30° 15' 59.48\" N","ID":"21","GlobalID":"{BC2E49EA-AA41-4804-8637-6FF08E5E8AFD}","sectors":"القطاع الثاني","Distance":"190m","I_D":"11-2","__networkId":"telecom","__networkName":"شبكة الاتصالات","__layerId":"telecom_assets","__layerName":"مرافق الاتصالات","__assetName":"مرافق الاتصالات","__geometryKind":"point","__featureIndex":111,"__typeValue":"بوكس"},"geometry":{"type":"Point","coordinates":[31.563902085440645,30.26668863174566]}},{"type":"Feature","properties":{"Description":null,"Telecom_Feature_Type":"بوكس","Easting":"031° 33' 43.38\" E","Northing":"30° 15' 59.5\" N","ID":"22","GlobalID":"{BD407EFE-8579-4109-9CC6-741B93346750}","sectors":"القطاع الثاني","Distance":"170m","I_D":"11-2","__networkId":"telecom","__networkName":"شبكة الاتصالات","__layerId":"telecom_assets","__layerName":"مرافق الاتصالات","__assetName":"مرافق الاتصالات","__geometryKind":"point","__featureIndex":112,"__typeValue":"بوكس"},"geometry":{"type":"Point","coordinates":[31.56372764518891,30.266694684266664]}},{"type":"Feature","properties":{"Description":null,"Telecom_Feature_Type":"بوكس","Easting":"031° 33' 48.99\" E","Northing":"30° 15' 59.95\" N","ID":"1","GlobalID":"{342BF0C6-372E-45A5-9D90-49376B199527}","sectors":"القطاع الثاني","Distance":"315m","I_D":"12-2","__networkId":"telecom","__networkName":"شبكة الاتصالات","__layerId":"telecom_assets","__layerName":"مرافق الاتصالات","__assetName":"مرافق الاتصالات","__geometryKind":"point","__featureIndex":113,"__typeValue":"بوكس"},"geometry":{"type":"Point","coordinates":[31.565285066973388,30.26682029979156]}},{"type":"Feature","properties":{"Description":null,"Telecom_Feature_Type":"بوكس","Easting":"031° 33' 50.18\" E","Northing":"30° 16' 0.6\" N","ID":"06","GlobalID":"{B58982E0-FA7E-490E-BAF1-489197CD17D6}","sectors":"القطاع الثاني","Distance":"270m","I_D":"12-2","__networkId":"telecom","__networkName":"شبكة الاتصالات","__layerId":"telecom_assets","__layerName":"مرافق الاتصالات","__assetName":"مرافق الاتصالات","__geometryKind":"point","__featureIndex":114,"__typeValue":"بوكس"},"geometry":{"type":"Point","coordinates":[31.565614676817418,30.266999576912745]}},{"type":"Feature","properties":{"Description":null,"Telecom_Feature_Type":"بوكس","Easting":"031° 33' 49.17\" E","Northing":"30° 15' 59.37\" N","ID":"2","GlobalID":"{C1C42B2D-85EF-41CF-A5FC-8D2DFF8CF1A9}","sectors":"القطاع الثاني","Distance":"300m","I_D":"12-2","__networkId":"telecom","__networkName":"شبكة الاتصالات","__layerId":"telecom_assets","__layerName":"مرافق الاتصالات","__assetName":"مرافق الاتصالات","__geometryKind":"point","__featureIndex":115,"__typeValue":"بوكس"},"geometry":{"type":"Point","coordinates":[31.565335945754466,30.266657711201276]}},{"type":"Feature","properties":{"Description":null,"Telecom_Feature_Type":"بوكس","Easting":"031° 33' 50.02\" E","Northing":"30° 15' 58.38\" N","ID":"3","GlobalID":"{2DA177DD-6755-4FE7-8E5C-45F09C0993DF}","sectors":"القطاع الثاني","Distance":"260m","I_D":"12-2","__networkId":"telecom","__networkName":"شبكة الاتصالات","__layerId":"telecom_assets","__layerName":"مرافق الاتصالات","__assetName":"مرافق الاتصالات","__geometryKind":"point","__featureIndex":116,"__typeValue":"بوكس"},"geometry":{"type":"Point","coordinates":[31.56557166907488,30.26638182019019]}},{"type":"Feature","properties":{"Description":null,"Telecom_Feature_Type":"بوكس","Easting":"031° 33' 50.58\" E","Northing":"30° 15' 57.96\" N","ID":"04","GlobalID":"{7AAC60AC-7B6A-413A-9E0F-D9BEDEE337C0}","sectors":"القطاع الثاني","Distance":"220m","I_D":"12-2","__networkId":"telecom","__networkName":"شبكة الاتصالات","__layerId":"telecom_assets","__layerName":"مرافق الاتصالات","__assetName":"مرافق الاتصالات","__geometryKind":"point","__featureIndex":117,"__typeValue":"بوكس"},"geometry":{"type":"Point","coordinates":[31.565727370469826,30.266265825645537]}},{"type":"Feature","properties":{"Description":null,"Telecom_Feature_Type":"بوكس","Easting":"031° 33' 50.8\" E","Northing":"30° 15' 57.03\" N","ID":"05","GlobalID":"{D71FCEF2-8D86-4526-8808-3313FE1CC863}","sectors":"القطاع الثاني","Distance":"195m","I_D":"12-2","__networkId":"telecom","__networkName":"شبكة الاتصالات","__layerId":"telecom_assets","__layerName":"مرافق الاتصالات","__assetName":"مرافق الاتصالات","__geometryKind":"point","__featureIndex":118,"__typeValue":"بوكس"},"geometry":{"type":"Point","coordinates":[31.565786821873637,30.266006870004794]}},{"type":"Feature","properties":{"Description":null,"Telecom_Feature_Type":"بوكس","Easting":"031° 33' 50.81\" E","Northing":"30° 16' 0.62\" N","ID":"07","GlobalID":"{8CA52D80-78E9-4003-B384-A65572105388}","sectors":"القطاع الثاني","Distance":"255m","I_D":"12-2","__networkId":"telecom","__networkName":"شبكة الاتصالات","__layerId":"telecom_assets","__layerName":"مرافق الاتصالات","__assetName":"مرافق الاتصالات","__geometryKind":"point","__featureIndex":119,"__typeValue":"بوكس"},"geometry":{"type":"Point","coordinates":[31.56579216056139,30.267004784500585]}},{"type":"Feature","properties":{"Description":null,"Telecom_Feature_Type":"بوكس","Easting":"031° 33' 51.48\" E","Northing":"30° 15' 59.52\" N","ID":"08","GlobalID":"{F33F290D-2221-4A0C-A7A0-295A73A7F600}","sectors":"القطاع الثاني","Distance":"220m","I_D":"12-2","__networkId":"telecom","__networkName":"شبكة الاتصالات","__layerId":"telecom_assets","__layerName":"مرافق الاتصالات","__assetName":"مرافق الاتصالات","__geometryKind":"point","__featureIndex":120,"__typeValue":"بوكس"},"geometry":{"type":"Point","coordinates":[31.565976715843238,30.266700656097388]}},{"type":"Feature","properties":{"Description":null,"Telecom_Feature_Type":"بوكس","Easting":"031° 33' 52.02\" E","Northing":"30° 15' 58.41\" N","ID":"09","GlobalID":"{39B07184-127B-46C2-AE08-2B4BECE99F9F}","sectors":"القطاع الثاني","Distance":"180m","I_D":"12-2","__networkId":"telecom","__networkName":"شبكة الاتصالات","__layerId":"telecom_assets","__layerName":"مرافق الاتصالات","__assetName":"مرافق الاتصالات","__geometryKind":"point","__featureIndex":121,"__typeValue":"بوكس"},"geometry":{"type":"Point","coordinates":[31.566126084115414,30.266391806376618]}},{"type":"Feature","properties":{"Description":null,"Telecom_Feature_Type":"بوكس","Easting":"031° 33' 52.9\" E","Northing":"30° 15' 57.85\" N","ID":"10","GlobalID":"{741FB482-0659-44CA-BDBB-7B5CFA637004}","sectors":"القطاع الثاني","Distance":"155m","I_D":"12-2","__networkId":"telecom","__networkName":"شبكة الاتصالات","__layerId":"telecom_assets","__layerName":"مرافق الاتصالات","__assetName":"مرافق الاتصالات","__geometryKind":"point","__featureIndex":122,"__typeValue":"بوكس"},"geometry":{"type":"Point","coordinates":[31.566372111112177,30.266235648249886]}},{"type":"Feature","properties":{"Description":null,"Telecom_Feature_Type":"بوكس","Easting":"031° 33' 52.23\" E","Northing":"30° 16' 1.82\" N","ID":"11","GlobalID":"{D3F143BC-0C3C-447E-84BD-F696257A4682}","sectors":"القطاع الثاني","Distance":"200m","I_D":"12-2","__networkId":"telecom","__networkName":"شبكة الاتصالات","__layerId":"telecom_assets","__layerName":"مرافق الاتصالات","__assetName":"مرافق الاتصالات","__geometryKind":"point","__featureIndex":123,"__typeValue":"بوكس"},"geometry":{"type":"Point","coordinates":[31.566184243741862,30.26733736118795]}},{"type":"Feature","properties":{"Description":null,"Telecom_Feature_Type":"بوكس","Easting":"031° 33' 53.38\" E","Northing":"30° 16' 2.5\" N","ID":"16","GlobalID":"{8EB86C7A-C83D-4F94-8E1C-4E2F9C974103}","sectors":"القطاع الثاني","Distance":"165m","I_D":"12-2","__networkId":"telecom","__networkName":"شبكة الاتصالات","__layerId":"telecom_assets","__layerName":"مرافق الاتصالات","__assetName":"مرافق الاتصالات","__geometryKind":"point","__featureIndex":124,"__typeValue":"بوكس"},"geometry":{"type":"Point","coordinates":[31.56650595200469,30.267527175071105]}},{"type":"Feature","properties":{"Description":null,"Telecom_Feature_Type":"بوكس","Easting":"031° 33' 52.45\" E","Northing":"30° 16' 1.23\" N","ID":"12","GlobalID":"{37B78C56-0600-4BDF-843D-7160EACFC46F}","sectors":"القطاع الثاني","Distance":"190m","I_D":"12-2","__networkId":"telecom","__networkName":"شبكة الاتصالات","__layerId":"telecom_assets","__layerName":"مرافق الاتصالات","__assetName":"مرافق الاتصالات","__geometryKind":"point","__featureIndex":125,"__typeValue":"بوكس"},"geometry":{"type":"Point","coordinates":[31.56624652663545,30.26717590233164]}},{"type":"Feature","properties":{"Description":null,"Telecom_Feature_Type":"بوكس","Easting":"031° 33' 53.36\" E","Northing":"30° 16' 0.28\" N","ID":"13","GlobalID":"{D663D52C-8CC0-4E1A-B15F-9E7218B6AE97}","sectors":"القطاع الثاني","Distance":"150m","I_D":"12-2","__networkId":"telecom","__networkName":"شبكة الاتصالات","__layerId":"telecom_assets","__layerName":"مرافق الاتصالات","__assetName":"مرافق الاتصالات","__geometryKind":"point","__featureIndex":126,"__typeValue":"بوكس"},"geometry":{"type":"Point","coordinates":[31.566499051146653,30.266911178998054]}},{"type":"Feature","properties":{"Description":null,"Telecom_Feature_Type":"بوكس","Easting":"031° 33' 53.8\" E","Northing":"30° 15' 59.79\" N","ID":"14","GlobalID":"{618865D3-A27F-4382-A575-F7DB85161951}","sectors":"القطاع الثاني","Distance":"110m","I_D":"12-2","__networkId":"telecom","__networkName":"شبكة الاتصالات","__layerId":"telecom_assets","__layerName":"مرافق الاتصالات","__assetName":"مرافق الاتصالات","__geometryKind":"point","__featureIndex":127,"__typeValue":"بوكس"},"geometry":{"type":"Point","coordinates":[31.566622532667303,30.266775028131335]}},{"type":"Feature","properties":{"Description":null,"Telecom_Feature_Type":"بوكس","Easting":"031° 33' 54.19\" E","Northing":"30° 15' 58.96\" N","ID":"15","GlobalID":"{048326F9-4DD8-44DD-938C-4948F86A8556}","sectors":"القطاع الثاني","Distance":"85m","I_D":"12-2","__networkId":"telecom","__networkName":"شبكة الاتصالات","__layerId":"telecom_assets","__layerName":"مرافق الاتصالات","__assetName":"مرافق الاتصالات","__geometryKind":"point","__featureIndex":128,"__typeValue":"بوكس"},"geometry":{"type":"Point","coordinates":[31.56673072037024,30.266544274236647]}},{"type":"Feature","properties":{"Description":null,"Telecom_Feature_Type":"بوكس","Easting":"031° 33' 54.01\" E","Northing":"30° 16' 2.56\" N","ID":"17","GlobalID":"{5EB274A9-03AF-4352-9BD8-CCA9E075694E}","sectors":"القطاع الثاني","Distance":"150m","I_D":"12-2","__networkId":"telecom","__networkName":"شبكة الاتصالات","__layerId":"telecom_assets","__layerName":"مرافق الاتصالات","__assetName":"مرافق الاتصالات","__geometryKind":"point","__featureIndex":129,"__typeValue":"بوكس"},"geometry":{"type":"Point","coordinates":[31.56668074259939,30.26754328809215]}},{"type":"Feature","properties":{"Description":null,"Telecom_Feature_Type":"بوكس","Easting":"031° 33' 54.77\" E","Northing":"30° 16' 1.51\" N","ID":"18","GlobalID":"{BD760032-8F73-42BF-822C-D45C677CF47F}","sectors":"القطاع الثاني","Distance":"115m","I_D":"12-2","__networkId":"telecom","__networkName":"شبكة الاتصالات","__layerId":"telecom_assets","__layerName":"مرافق الاتصالات","__assetName":"مرافق الاتصالات","__geometryKind":"point","__featureIndex":130,"__typeValue":"بوكس"},"geometry":{"type":"Point","coordinates":[31.566891491856637,30.267253188912797]}},{"type":"Feature","properties":{"Description":null,"Telecom_Feature_Type":"بوكس","Easting":"031° 33' 55.34\" E","Northing":"30° 16' 0.44\" N","ID":"19","GlobalID":"{84A89775-874D-49FA-9A4A-274C5CA521FC}","sectors":"القطاع الثاني","Distance":"75m","I_D":"12-2","__networkId":"telecom","__networkName":"شبكة الاتصالات","__layerId":"telecom_assets","__layerName":"مرافق الاتصالات","__assetName":"مرافق الاتصالات","__geometryKind":"point","__featureIndex":131,"__typeValue":"بوكس"},"geometry":{"type":"Point","coordinates":[31.567050642782267,30.26695519059452]}},{"type":"Feature","properties":{"Description":null,"Telecom_Feature_Type":"بوكس","Easting":"031° 33' 56.1\" E","Northing":"30° 15' 59.77\" N","ID":"20","GlobalID":"{3CA3E5F7-5F6A-40A9-BDDC-107EB03D76BB}","sectors":"القطاع الثاني","Distance":"50m","I_D":"12-2","__networkId":"telecom","__networkName":"شبكة الاتصالات","__layerId":"telecom_assets","__layerName":"مرافق الاتصالات","__assetName":"مرافق الاتصالات","__geometryKind":"point","__featureIndex":132,"__typeValue":"بوكس"},"geometry":{"type":"Point","coordinates":[31.567260774896877,30.26676845423453]}},{"type":"Feature","properties":{"Description":null,"Telecom_Feature_Type":"بوكس","Easting":"031° 33' 55.21\" E","Northing":"30° 16' 3.78\" N","ID":"26","GlobalID":"{A8F8FF8A-29D0-4A4E-B6AF-A60A4BEA1CE6}","sectors":"القطاع الثاني","Distance":"220m","I_D":"12-2","__networkId":"telecom","__networkName":"شبكة الاتصالات","__layerId":"telecom_assets","__layerName":"مرافق الاتصالات","__assetName":"مرافق الاتصالات","__geometryKind":"point","__featureIndex":133,"__typeValue":"بوكس"},"geometry":{"type":"Point","coordinates":[31.5670118957491,30.2678836300435]}},{"type":"Feature","properties":{"Description":null,"Telecom_Feature_Type":"بوكس","Easting":"031° 33' 55.5\" E","Northing":"30° 16' 3.18\" N","ID":"27","GlobalID":"{F18F83CF-1A9F-4151-B15F-63FE87A9928C}","sectors":"القطاع الثاني","Distance":"205m","I_D":"12-2","__networkId":"telecom","__networkName":"شبكة الاتصالات","__layerId":"telecom_assets","__layerName":"مرافق الاتصالات","__assetName":"مرافق الاتصالات","__geometryKind":"point","__featureIndex":134,"__typeValue":"بوكس"},"geometry":{"type":"Point","coordinates":[31.567093222926722,30.26771553463189]}},{"type":"Feature","properties":{"Description":null,"Telecom_Feature_Type":"بوكس","Easting":"031° 33' 56.48\" E","Northing":"30° 16' 2.28\" N","ID":"28","GlobalID":"{9027675B-6D21-4834-A266-662CD2246EF0}","sectors":"القطاع الثاني","Distance":"170m","I_D":"12-2","__networkId":"telecom","__networkName":"شبكة الاتصالات","__layerId":"telecom_assets","__layerName":"مرافق الاتصالات","__assetName":"مرافق الاتصالات","__geometryKind":"point","__featureIndex":135,"__typeValue":"بوكس"},"geometry":{"type":"Point","coordinates":[31.567366592844103,30.26746706621734]}},{"type":"Feature","properties":{"Description":null,"Telecom_Feature_Type":"بوكس","Easting":"031° 33' 57.41\" E","Northing":"30° 16' 1.79\" N","ID":"29","GlobalID":"{74CA7B24-92FE-49EE-807E-940E9BF3C974}","sectors":"القطاع الثاني","Distance":"130m","I_D":"12-2","__networkId":"telecom","__networkName":"شبكة الاتصالات","__layerId":"telecom_assets","__layerName":"مرافق الاتصالات","__assetName":"مرافق الاتصالات","__geometryKind":"point","__featureIndex":136,"__typeValue":"بوكس"},"geometry":{"type":"Point","coordinates":[31.567623629592962,30.26733119931028]}},{"type":"Feature","properties":{"Description":null,"Telecom_Feature_Type":"بوكس","Easting":"031° 33' 57.75\" E","Northing":"30° 16' 0.89\" N","ID":"30","GlobalID":"{2563F7FA-8E45-4C63-A219-8988D5D3B425}","sectors":"القطاع الثاني","Distance":"105m","I_D":"12-2","__networkId":"telecom","__networkName":"شبكة الاتصالات","__layerId":"telecom_assets","__layerName":"مرافق الاتصالات","__assetName":"مرافق الاتصالات","__geometryKind":"point","__featureIndex":137,"__typeValue":"بوكس"},"geometry":{"type":"Point","coordinates":[31.56771953463101,30.267079666045245]}},{"type":"Feature","properties":{"Description":null,"Telecom_Feature_Type":"بوكس","Easting":"031° 33' 56.95\" E","Northing":"30° 16' 4.59\" N","ID":"22","GlobalID":"{2258A417-EADF-49B7-9647-E3077276B8A9}","sectors":"القطاع الثاني","Distance":"220m","I_D":"12-2","__networkId":"telecom","__networkName":"شبكة الاتصالات","__layerId":"telecom_assets","__layerName":"مرافق الاتصالات","__assetName":"مرافق الاتصالات","__geometryKind":"point","__featureIndex":138,"__typeValue":"بوكس"},"geometry":{"type":"Point","coordinates":[31.56749674345741,30.26810806534229]}},{"type":"Feature","properties":{"Description":null,"Telecom_Feature_Type":"بوكس","Easting":"031° 33' 57.76\" E","Northing":"30° 16' 3.57\" N","ID":"23","GlobalID":"{44260F6D-E0D7-43FA-ACD2-A9B899BBD53F}","sectors":"القطاع الثاني","Distance":"185m","I_D":"12-2","__networkId":"telecom","__networkName":"شبكة الاتصالات","__layerId":"telecom_assets","__layerName":"مرافق الاتصالات","__assetName":"مرافق الاتصالات","__geometryKind":"point","__featureIndex":139,"__typeValue":"بوكس"},"geometry":{"type":"Point","coordinates":[31.56772238588373,30.267825615442828]}},{"type":"Feature","properties":{"Description":null,"Telecom_Feature_Type":"بوكس","Easting":"031° 33' 58.12\" E","Northing":"30° 16' 2.68\" N","ID":"24","GlobalID":"{18E9B050-2925-43FD-B2B5-C3B658485872}","sectors":"القطاع الثاني","Distance":"150m","I_D":"12-2","__networkId":"telecom","__networkName":"شبكة الاتصالات","__layerId":"telecom_assets","__layerName":"مرافق الاتصالات","__assetName":"مرافق الاتصالات","__geometryKind":"point","__featureIndex":140,"__typeValue":"بوكس"},"geometry":{"type":"Point","coordinates":[31.56782082417087,30.267577090669224]}},{"type":"Feature","properties":{"Description":null,"Telecom_Feature_Type":"بوكس","Easting":"031° 33' 59.05\" E","Northing":"30° 16' 2.18\" N","ID":"25","GlobalID":"{A5467C2D-1069-4675-96D9-FB8372FF917A}","sectors":"القطاع الثاني","Distance":"120m","I_D":"12-2","__networkId":"telecom","__networkName":"شبكة الاتصالات","__layerId":"telecom_assets","__layerName":"مرافق الاتصالات","__assetName":"مرافق الاتصالات","__geometryKind":"point","__featureIndex":141,"__typeValue":"بوكس"},"geometry":{"type":"Point","coordinates":[31.568078699946213,30.267439690041478]}},{"type":"Feature","properties":{"Description":null,"Telecom_Feature_Type":"بوكس","Easting":"031° 33' 58.15\" E","Northing":"30° 16' 5.79\" N","ID":"21","GlobalID":"{9B96DA31-8992-431D-928F-509C273B4781}","sectors":"القطاع الثاني","Distance":"235m","I_D":"12-3","__networkId":"telecom","__networkName":"شبكة الاتصالات","__layerId":"telecom_assets","__layerName":"مرافق الاتصالات","__assetName":"مرافق الاتصالات","__geometryKind":"point","__featureIndex":142,"__typeValue":"بوكس"},"geometry":{"type":"Point","coordinates":[31.567829697729266,30.268442415766767]}},{"type":"Feature","properties":{"Description":null,"Telecom_Feature_Type":"بوكس","Easting":"031° 33' 59.41\" E","Northing":"30° 16' 6.84\" N","ID":"26","GlobalID":"{AAFD7B69-3943-4736-B8AE-76AB4232AAF9}","sectors":"القطاع الثاني","Distance":"195m","I_D":"12-3","__networkId":"telecom","__networkName":"شبكة الاتصالات","__layerId":"telecom_assets","__layerName":"مرافق الاتصالات","__assetName":"مرافق الاتصالات","__geometryKind":"point","__featureIndex":143,"__typeValue":"بوكس"},"geometry":{"type":"Point","coordinates":[31.56817867255589,30.268732686773856]}},{"type":"Feature","properties":{"Description":null,"Telecom_Feature_Type":"بوكس","Easting":"031° 33' 58.41\" E","Northing":"30° 16' 5.29\" N","ID":"22","GlobalID":"{57C0872F-815B-42DD-B340-46504C13B08E}","sectors":"القطاع الثاني","Distance":"220m","I_D":"12-3","__networkId":"telecom","__networkName":"شبكة الاتصالات","__layerId":"telecom_assets","__layerName":"مرافق الاتصالات","__assetName":"مرافق الاتصالات","__geometryKind":"point","__featureIndex":144,"__typeValue":"بوكس"},"geometry":{"type":"Point","coordinates":[31.567903216750416,30.268302011475164]}},{"type":"Feature","properties":{"Description":null,"Telecom_Feature_Type":"بوكس","Easting":"031° 33' 59.44\" E","Northing":"30° 16' 4.43\" N","ID":"23","GlobalID":"{B9E66802-7E05-41FE-91FB-C625D33E254B}","sectors":"القطاع الثاني","Distance":"185m","I_D":"12-3","__networkId":"telecom","__networkName":"شبكة الاتصالات","__layerId":"telecom_assets","__layerName":"مرافق الاتصالات","__assetName":"مرافق الاتصالات","__geometryKind":"point","__featureIndex":145,"__typeValue":"بوكس"},"geometry":{"type":"Point","coordinates":[31.568189563730403,30.268064046504147]}},{"type":"Feature","properties":{"Description":null,"Telecom_Feature_Type":"بوكس","Easting":"031° 34' 0.41\" E","Northing":"30° 16' 4.0\" N","ID":"24","GlobalID":"{6B6EEFD7-8DAD-4E72-84A2-8829E32EEADB}","sectors":"القطاع الثاني","Distance":"145m","I_D":"12-3","__networkId":"telecom","__networkName":"شبكة الاتصالات","__layerId":"telecom_assets","__layerName":"مرافق الاتصالات","__assetName":"مرافق الاتصالات","__geometryKind":"point","__featureIndex":146,"__typeValue":"بوكس"},"geometry":{"type":"Point","coordinates":[31.56845833337518,30.26794360985027]}},{"type":"Feature","properties":{"Description":null,"Telecom_Feature_Type":"بوكس","Easting":"031° 34' 0.59\" E","Northing":"30° 16' 3.34\" N","ID":"25","GlobalID":"{5FFC1E4E-1917-4CA0-8F39-EB0B60119C4D}","sectors":"القطاع الثاني","Distance":"120m","I_D":"12-3","__networkId":"telecom","__networkName":"شبكة الاتصالات","__layerId":"telecom_assets","__layerName":"مرافق الاتصالات","__assetName":"مرافق الاتصالات","__geometryKind":"point","__featureIndex":147,"__typeValue":"بوكس"},"geometry":{"type":"Point","coordinates":[31.568508815999195,30.26776133654418]}},{"type":"Feature","properties":{"Description":null,"Telecom_Feature_Type":"بوكس","Easting":"031° 34' 2.02\" E","Northing":"30° 16' 4.46\" N","ID":"30","GlobalID":"{C3E561E3-D907-4686-940E-03AD17C3439C}","sectors":"القطاع الثاني","Distance":"80m","I_D":"12-3","__networkId":"telecom","__networkName":"شبكة الاتصالات","__layerId":"telecom_assets","__layerName":"مرافق الاتصالات","__assetName":"مرافق الاتصالات","__geometryKind":"point","__featureIndex":148,"__typeValue":"بوكس"},"geometry":{"type":"Point","coordinates":[31.568903913027466,30.268072952530897]}},{"type":"Feature","properties":{"Description":null,"Telecom_Feature_Type":"بوكس","Easting":"031° 34' 1.08\" E","Northing":"30° 16' 4.93\" N","ID":"29","GlobalID":"{6C64911B-3A43-42B0-B666-6E272DB8DFCE}","sectors":"القطاع الثاني","Distance":"110m","I_D":"12-3","__networkId":"telecom","__networkName":"شبكة الاتصالات","__layerId":"telecom_assets","__layerName":"مرافق الاتصالات","__assetName":"مرافق الاتصالات","__geometryKind":"point","__featureIndex":149,"__typeValue":"بوكس"},"geometry":{"type":"Point","coordinates":[31.568643177016263,30.268201069193587]}},{"type":"Feature","properties":{"Description":null,"Telecom_Feature_Type":"بوكس","Easting":"031° 34' 0.65\" E","Northing":"30° 16' 5.79\" N","ID":"28","GlobalID":"{F78F7F65-E828-487F-AEEA-802DB518A265}","sectors":"القطاع الثاني","Distance":"140m","I_D":"12-3","__networkId":"telecom","__networkName":"شبكة الاتصالات","__layerId":"telecom_assets","__layerName":"مرافق الاتصالات","__assetName":"مرافق الاتصالات","__geometryKind":"point","__featureIndex":150,"__typeValue":"بوكس"},"geometry":{"type":"Point","coordinates":[31.568523665150853,30.26844021390181]}},{"type":"Feature","properties":{"Description":null,"Telecom_Feature_Type":"بوكس","Easting":"031° 34' 0.0\" E","Northing":"30° 16' 6.54\" N","ID":"27","GlobalID":"{42ECDF85-7379-4DCF-9EC3-95052B5E5458}","sectors":"القطاع الثاني","Distance":"180m","I_D":"12-3","__networkId":"telecom","__networkName":"شبكة الاتصالات","__layerId":"telecom_assets","__layerName":"مرافق الاتصالات","__assetName":"مرافق الاتصالات","__geometryKind":"point","__featureIndex":151,"__typeValue":"بوكس"},"geometry":{"type":"Point","coordinates":[31.56834296364155,30.268648673192466]}},{"type":"Feature","properties":{"Description":null,"Telecom_Feature_Type":"بوكس","Easting":"031° 34' 4.84\" E","Northing":"30° 16' 6.94\" N","ID":"15","GlobalID":"{244A41CD-E057-4AA6-B4F7-32445C0FFBEE}","sectors":"القطاع الثاني","Distance":"80m","I_D":"12-3","__networkId":"telecom","__networkName":"شبكة الاتصالات","__layerId":"telecom_assets","__layerName":"مرافق الاتصالات","__assetName":"مرافق الاتصالات","__geometryKind":"point","__featureIndex":152,"__typeValue":"بوكس"},"geometry":{"type":"Point","coordinates":[31.569688658801812,30.26875953035722]}},{"type":"Feature","properties":{"Description":null,"Telecom_Feature_Type":"بوكس","Easting":"031° 34' 2.64\" E","Northing":"30° 16' 8.87\" N","ID":"12","GlobalID":"{068D0C24-A9C7-4D7C-8236-3A946ADADA9D}","sectors":"القطاع الثاني","Distance":"180m","I_D":"12-3","__networkId":"telecom","__networkName":"شبكة الاتصالات","__layerId":"telecom_assets","__layerName":"مرافق الاتصالات","__assetName":"مرافق الاتصالات","__geometryKind":"point","__featureIndex":153,"__typeValue":"بوكس"},"geometry":{"type":"Point","coordinates":[31.569077389386948,30.269296891591353]}},{"type":"Feature","properties":{"Description":null,"Telecom_Feature_Type":"بوكس","Easting":"031° 34' 3.35\" E","Northing":"30° 16' 8.16\" N","ID":"13","GlobalID":"{97C414D7-824C-4CC7-9BA2-E2DC7BDEDDE3}","sectors":"القطاع الثاني","Distance":"140m","I_D":"12-3","__networkId":"telecom","__networkName":"شبكة الاتصالات","__layerId":"telecom_assets","__layerName":"مرافق الاتصالات","__assetName":"مرافق الاتصالات","__geometryKind":"point","__featureIndex":154,"__typeValue":"بوكس"},"geometry":{"type":"Point","coordinates":[31.569273529342702,30.269098810614476]}},{"type":"Feature","properties":{"Description":null,"Telecom_Feature_Type":"بوكس","Easting":"031° 34' 3.84\" E","Northing":"30° 16' 7.31\" N","ID":"14","GlobalID":"{930F5ABB-871B-4CA3-B847-FD26C3F8E377}","sectors":"القطاع الثاني","Distance":"110m","I_D":"12-3","__networkId":"telecom","__networkName":"شبكة الاتصالات","__layerId":"telecom_assets","__layerName":"مرافق الاتصالات","__assetName":"مرافق الاتصالات","__geometryKind":"point","__featureIndex":155,"__typeValue":"بوكس"},"geometry":{"type":"Point","coordinates":[31.569410750595623,30.268863198393074]}},{"type":"Feature","properties":{"Description":null,"Telecom_Feature_Type":"بوكس","Easting":"031° 34' 1.06\" E","Northing":"30° 16' 8.25\" N","ID":"16","GlobalID":"{12375482-338B-46F9-B364-CF118029063D}","sectors":"القطاع الثاني","Distance":"155m","I_D":"12-3","__networkId":"telecom","__networkName":"شبكة الاتصالات","__layerId":"telecom_assets","__layerName":"مرافق الاتصالات","__assetName":"مرافق الاتصالات","__geometryKind":"point","__featureIndex":156,"__typeValue":"بوكس"},"geometry":{"type":"Point","coordinates":[31.568636963369443,30.26912437550426]}},{"type":"Feature","properties":{"Description":null,"Telecom_Feature_Type":"بوكس","Easting":"031° 34' 3.28\" E","Northing":"30° 16' 6.36\" N","ID":"19","GlobalID":"{DF7C8335-2030-4AC2-B967-B5C748C0885D}","sectors":"القطاع الثاني","Distance":"70m","I_D":"12-3","__networkId":"telecom","__networkName":"شبكة الاتصالات","__layerId":"telecom_assets","__layerName":"مرافق الاتصالات","__assetName":"مرافق الاتصالات","__geometryKind":"point","__featureIndex":157,"__typeValue":"بوكس"},"geometry":{"type":"Point","coordinates":[31.569254688077947,30.268598966842745]}},{"type":"Feature","properties":{"Description":null,"Telecom_Feature_Type":"بوكس","Easting":"031° 34' 3.77\" E","Northing":"30° 16' 5.51\" N","ID":"20","GlobalID":"{D5B305A4-23C2-4369-8BA2-07BE30F722AB}","sectors":"القطاع الثاني","Distance":"40m","I_D":"12-3","__networkId":"telecom","__networkName":"شبكة الاتصالات","__layerId":"telecom_assets","__layerName":"مرافق الاتصالات","__assetName":"مرافق الاتصالات","__geometryKind":"point","__featureIndex":158,"__typeValue":"بوكس"},"geometry":{"type":"Point","coordinates":[31.56939006059798,30.268363334025455]}},{"type":"Feature","properties":{"Description":null,"Telecom_Feature_Type":"بوكس","Easting":"031° 34' 0.91\" E","Northing":"30° 16' 7.71\" N","ID":"17","GlobalID":"{A199CBDE-F0B5-47ED-9FB3-0217CF8E629D}","sectors":"القطاع الثاني","Distance":"145m","I_D":"12-3","__networkId":"telecom","__networkName":"شبكة الاتصالات","__layerId":"telecom_assets","__layerName":"مرافق الاتصالات","__assetName":"مرافق الاتصالات","__geometryKind":"point","__featureIndex":159,"__typeValue":"بوكس"},"geometry":{"type":"Point","coordinates":[31.56859638107817,30.268974191864604]}},{"type":"Feature","properties":{"Description":null,"Telecom_Feature_Type":"بوكس","Easting":"031° 34' 4.53\" E","Northing":"30° 16' 11.53\" N","ID":"1","GlobalID":"{750AC6D4-7364-48D2-AC02-022C800CAFD7}","sectors":"القطاع الثاني","Distance":"285m","I_D":"12-3","__networkId":"telecom","__networkName":"شبكة الاتصالات","__layerId":"telecom_assets","__layerName":"مرافق الاتصالات","__assetName":"مرافق الاتصالات","__geometryKind":"point","__featureIndex":160,"__typeValue":"بوكس"},"geometry":{"type":"Point","coordinates":[31.569602886760144,30.270034917573838]}},{"type":"Feature","properties":{"Description":null,"Telecom_Feature_Type":"بوكس","Easting":"031° 34' 5.17\" E","Northing":"30° 16' 11.29\" N","ID":"2","GlobalID":"{E6C549F8-A0D1-45E9-B5A5-F320C045E352}","sectors":"القطاع الثاني","Distance":"275m","I_D":"12-3","__networkId":"telecom","__networkName":"شبكة الاتصالات","__layerId":"telecom_assets","__layerName":"مرافق الاتصالات","__assetName":"مرافق الاتصالات","__geometryKind":"point","__featureIndex":161,"__typeValue":"بوكس"},"geometry":{"type":"Point","coordinates":[31.569778569381967,30.269968920862844]}},{"type":"Feature","properties":{"Description":null,"Telecom_Feature_Type":"بوكس","Easting":"031° 34' 7.46\" E","Northing":"30° 16' 9.45\" N","ID":"5","GlobalID":"{4E16D774-6232-4EEA-9E85-5E2C6C48158E}","sectors":"القطاع الثاني","Distance":"175m","I_D":"12-3","__networkId":"telecom","__networkName":"شبكة الاتصالات","__layerId":"telecom_assets","__layerName":"مرافق الاتصالات","__assetName":"مرافق الاتصالات","__geometryKind":"point","__featureIndex":162,"__typeValue":"بوكس"},"geometry":{"type":"Point","coordinates":[31.570416249266156,30.269457152937285]}},{"type":"Feature","properties":{"Description":null,"Telecom_Feature_Type":"بوكس","Easting":"031° 34' 5.91\" E","Northing":"30° 16' 10.61\" N","ID":"3","GlobalID":"{2CB8A2D3-DA12-4D6A-AEE7-51841D94F592}","sectors":"القطاع الثاني","Distance":"235m","I_D":"12-3","__networkId":"telecom","__networkName":"شبكة الاتصالات","__layerId":"telecom_assets","__layerName":"مرافق الاتصالات","__assetName":"مرافق الاتصالات","__geometryKind":"point","__featureIndex":163,"__typeValue":"بوكس"},"geometry":{"type":"Point","coordinates":[31.569985477443023,30.269779014720527]}},{"type":"Feature","properties":{"Description":null,"Telecom_Feature_Type":"بوكس","Easting":"031° 34' 6.45\" E","Northing":"30° 16' 9.8\" N","ID":"4","GlobalID":"{E927F96C-4655-467D-A6D0-7F771F42FAF6}","sectors":"القطاع الثاني","Distance":"200m","I_D":"12-3","__networkId":"telecom","__networkName":"شبكة الاتصالات","__layerId":"telecom_assets","__layerName":"مرافق الاتصالات","__assetName":"مرافق الاتصالات","__geometryKind":"point","__featureIndex":164,"__typeValue":"بوكس"},"geometry":{"type":"Point","coordinates":[31.570136660312105,30.269553851622568]}},{"type":"Feature","properties":{"Description":null,"Telecom_Feature_Type":"بوكس","Easting":"031° 34' 3.61\" E","Northing":"30° 16' 10.61\" N","ID":"6","GlobalID":"{F0A1B94E-DC96-4EE5-8DC2-AC386B7AC976}","sectors":"القطاع الثاني","Distance":"265m","I_D":"12-3","__networkId":"telecom","__networkName":"شبكة الاتصالات","__layerId":"telecom_assets","__layerName":"مرافق الاتصالات","__assetName":"مرافق الاتصالات","__geometryKind":"point","__featureIndex":165,"__typeValue":"بوكس"},"geometry":{"type":"Point","coordinates":[31.5693471157375,30.26978051752331]}},{"type":"Feature","properties":{"Description":null,"Telecom_Feature_Type":"بوكس","Easting":"031° 34' 4.65\" E","Northing":"30° 16' 9.34\" N","ID":"8","GlobalID":"{F1E870CC-DED3-4208-9F26-917E9FACF4D0}","sectors":"القطاع الثاني","Distance":"215m","I_D":"12-3","__networkId":"telecom","__networkName":"شبكة الاتصالات","__layerId":"telecom_assets","__layerName":"مرافق الاتصالات","__assetName":"مرافق الاتصالات","__geometryKind":"point","__featureIndex":166,"__typeValue":"بوكس"},"geometry":{"type":"Point","coordinates":[31.569634953022536,30.269426362830657]}},{"type":"Feature","properties":{"Description":null,"Telecom_Feature_Type":"بوكس","Easting":"031° 34' 5.67\" E","Northing":"30° 16' 9.01\" N","ID":"9","GlobalID":"{E5F404BA-4D51-4F9B-8818-4506B50D1BED}","sectors":"القطاع الثاني","Distance":"180m","I_D":"12-3","__networkId":"telecom","__networkName":"شبكة الاتصالات","__layerId":"telecom_assets","__layerName":"مرافق الاتصالات","__assetName":"مرافق الاتصالات","__geometryKind":"point","__featureIndex":167,"__typeValue":"بوكس"},"geometry":{"type":"Point","coordinates":[31.569918912280468,30.269335204321038]}},{"type":"Feature","properties":{"Description":null,"Telecom_Feature_Type":"بوكس","Easting":"031° 34' 6.21\" E","Northing":"30° 16' 8.18\" N","ID":"10","GlobalID":"{6771EC53-5967-4934-816E-ED1303937D24}","sectors":"القطاع الثاني","Distance":"150m","I_D":"12-3","__networkId":"telecom","__networkName":"شبكة الاتصالات","__layerId":"telecom_assets","__layerName":"مرافق الاتصالات","__assetName":"مرافق الاتصالات","__geometryKind":"point","__featureIndex":168,"__typeValue":"بوكس"},"geometry":{"type":"Point","coordinates":[31.570068009261455,30.269105527886698]}},{"type":"Feature","properties":{"Description":null,"Telecom_Feature_Type":"بوكس","Easting":"031° 34' 3.51\" E","Northing":"30° 16' 10.08\" N","ID":"7","GlobalID":"{6CB995B2-A151-46AF-94BE-EE0197DD0928}","sectors":"القطاع الثاني","Distance":"250m","I_D":"12-3","__networkId":"telecom","__networkName":"شبكة الاتصالات","__layerId":"telecom_assets","__layerName":"مرافق الاتصالات","__assetName":"مرافق الاتصالات","__geometryKind":"point","__featureIndex":169,"__typeValue":"بوكس"},"geometry":{"type":"Point","coordinates":[31.569318555599683,30.269632161218457]}},{"type":"Feature","properties":{"Description":null,"Telecom_Feature_Type":"بوكس","Easting":"031° 34' 5.79\" E","Northing":"30° 16' 13.21\" N","ID":"17","GlobalID":"{B757CDD4-E0EB-4385-98A2-8FD6E0133174}","sectors":"القطاع الثاني","Distance":"275m","I_D":"12-4","__networkId":"telecom","__networkName":"شبكة الاتصالات","__layerId":"telecom_assets","__layerName":"مرافق الاتصالات","__assetName":"مرافق الاتصالات","__geometryKind":"point","__featureIndex":170,"__typeValue":"بوكس"},"geometry":{"type":"Point","coordinates":[31.56995205831784,30.270502279928685]}},{"type":"Feature","properties":{"Description":null,"Telecom_Feature_Type":"بوكس","Easting":"031° 34' 5.88\" E","Northing":"30° 16' 12.66\" N","ID":"18","GlobalID":"{1127EFD8-13EA-4BF4-AD8C-16E8E8FE6BE3}","sectors":"القطاع الثاني","Distance":"265m","I_D":"12-4","__networkId":"telecom","__networkName":"شبكة الاتصالات","__layerId":"telecom_assets","__layerName":"مرافق الاتصالات","__assetName":"مرافق الاتصالات","__geometryKind":"point","__featureIndex":171,"__typeValue":"بوكس"},"geometry":{"type":"Point","coordinates":[31.569977554302223,30.270349718132614]}},{"type":"Feature","properties":{"Description":null,"Telecom_Feature_Type":"بوكس","Easting":"031° 34' 7.24\" E","Northing":"30° 16' 12.28\" N","ID":"19","GlobalID":"{7BB17DBA-5D06-4CBF-8938-AD72BF8DA104}","sectors":"القطاع الثاني","Distance":"225m","I_D":"12-4","__networkId":"telecom","__networkName":"شبكة الاتصالات","__layerId":"telecom_assets","__layerName":"مرافق الاتصالات","__assetName":"مرافق الاتصالات","__geometryKind":"point","__featureIndex":172,"__typeValue":"بوكس"},"geometry":{"type":"Point","coordinates":[31.57035489163731,30.27024448835557]}},{"type":"Feature","properties":{"Description":null,"Telecom_Feature_Type":"بوكس","Easting":"031° 34' 8.33\" E","Northing":"30° 16' 12.24\" N","ID":"20","GlobalID":"{025DFF8F-8287-4F98-82CA-5138CB976417}","sectors":"القطاع الثاني","Distance":"190m","I_D":"12-4","__networkId":"telecom","__networkName":"شبكة الاتصالات","__layerId":"telecom_assets","__layerName":"مرافق الاتصالات","__assetName":"مرافق الاتصالات","__geometryKind":"point","__featureIndex":173,"__typeValue":"بوكس"},"geometry":{"type":"Point","coordinates":[31.57065801555352,30.27023405955824]}},{"type":"Feature","properties":{"Description":null,"Telecom_Feature_Type":"بوكس","Easting":"031° 34' 9.27\" E","Northing":"30° 16' 11.88\" N","ID":"21","GlobalID":"{1B47DAA3-AA8A-44D1-8AB9-E94D4327160B}","sectors":"القطاع الثاني","Distance":"165m","I_D":"12-4","__networkId":"telecom","__networkName":"شبكة الاتصالات","__layerId":"telecom_assets","__layerName":"مرافق الاتصالات","__assetName":"مرافق الاتصالات","__geometryKind":"point","__featureIndex":174,"__typeValue":"بوكس"},"geometry":{"type":"Point","coordinates":[31.57091969928736,30.27013322089795]}},{"type":"Feature","properties":{"Description":null,"Telecom_Feature_Type":"بوكس","Easting":"031° 33' 48.43\" E","Northing":"30° 16' 3.79\" N","ID":"23","GlobalID":"{FB88A7B5-1471-4758-8A19-F9A39EA7D994}","sectors":"القطاع الثاني","Distance":"200m","I_D":"11-3","__networkId":"telecom","__networkName":"شبكة الاتصالات","__layerId":"telecom_assets","__layerName":"مرافق الاتصالات","__assetName":"مرافق الاتصالات","__geometryKind":"point","__featureIndex":175,"__typeValue":"بوكس"},"geometry":{"type":"Point","coordinates":[31.565129746464144,30.267885312873716]}},{"type":"Feature","properties":{"Description":null,"Telecom_Feature_Type":"بوكس","Easting":"031° 33' 49.27\" E","Northing":"30° 16' 2.79\" N","ID":"22","GlobalID":"{F9951E1F-ECBC-461B-A31C-A2CDD4C7BEC2}","sectors":"القطاع الثاني","Distance":"240m","I_D":"11-3","__networkId":"telecom","__networkName":"شبكة الاتصالات","__layerId":"telecom_assets","__layerName":"مرافق الاتصالات","__assetName":"مرافق الاتصالات","__geometryKind":"point","__featureIndex":176,"__typeValue":"بوكس"},"geometry":{"type":"Point","coordinates":[31.565364045056537,30.26760795351056]}},{"type":"Feature","properties":{"Description":null,"Telecom_Feature_Type":"بوكس","Easting":"031° 33' 50.59\" E","Northing":"30° 16' 6.1\" N","ID":"32","GlobalID":"{A74E9DEE-CBD2-48FA-A2E1-EE00094E268E}","sectors":"القطاع الثاني","Distance":"70m","I_D":"11-3","__networkId":"telecom","__networkName":"شبكة الاتصالات","__layerId":"telecom_assets","__layerName":"مرافق الاتصالات","__assetName":"مرافق الاتصالات","__geometryKind":"point","__featureIndex":177,"__typeValue":"بوكس"},"geometry":{"type":"Point","coordinates":[31.565728625416277,30.268526853914828]}},{"type":"Feature","properties":{"Description":null,"Telecom_Feature_Type":"بوكس","Easting":"031° 33' 51.47\" E","Northing":"30° 16' 5.55\" N","ID":"31","GlobalID":"{39CBD951-D8E9-401E-805F-BD05D0BC94A3}","sectors":"القطاع الثاني","Distance":"100m","I_D":"11-3","__networkId":"telecom","__networkName":"شبكة الاتصالات","__layerId":"telecom_assets","__layerName":"مرافق الاتصالات","__assetName":"مرافق الاتصالات","__geometryKind":"point","__featureIndex":178,"__typeValue":"بوكس"},"geometry":{"type":"Point","coordinates":[31.565973816979838,30.268373314579343]}},{"type":"Feature","properties":{"Description":null,"Telecom_Feature_Type":"بوكس","Easting":"031° 33' 52.37\" E","Northing":"30° 16' 4.59\" N","ID":"30","GlobalID":"{9B97BF4E-6F22-463D-A8D9-4098A67D1A0E}","sectors":"القطاع الثاني","Distance":"140m","I_D":"11-3","__networkId":"telecom","__networkName":"شبكة الاتصالات","__layerId":"telecom_assets","__layerName":"مرافق الاتصالات","__assetName":"مرافق الاتصالات","__geometryKind":"point","__featureIndex":179,"__typeValue":"بوكس"},"geometry":{"type":"Point","coordinates":[31.566224548453732,30.26810680923536]}},{"type":"Feature","properties":{"Description":null,"Telecom_Feature_Type":"بوكس","Easting":"031° 33' 53.47\" E","Northing":"30° 16' 7.92\" N","ID":"12","GlobalID":"{EFC6383D-659B-41ED-8672-8165559AA9FD}","sectors":"القطاع الثاني","Distance":"170m","I_D":"11-3","__networkId":"telecom","__networkName":"شبكة الاتصالات","__layerId":"telecom_assets","__layerName":"مرافق الاتصالات","__assetName":"مرافق الاتصالات","__geometryKind":"point","__featureIndex":180,"__typeValue":"بوكس"},"geometry":{"type":"Point","coordinates":[31.566530784134088,30.269032021910977]}},{"type":"Feature","properties":{"Description":null,"Telecom_Feature_Type":"بوكس","Easting":"031° 33' 54.39\" E","Northing":"30° 16' 7.41\" N","ID":"11","GlobalID":"{A5A5610E-1778-4ED6-B027-394169163040}","sectors":"القطاع الثاني","Distance":"130m","I_D":"11-3","__networkId":"telecom","__networkName":"شبكة الاتصالات","__layerId":"telecom_assets","__layerName":"مرافق الاتصالات","__assetName":"مرافق الاتصالات","__geometryKind":"point","__featureIndex":181,"__typeValue":"بوكس"},"geometry":{"type":"Point","coordinates":[31.566784939087515,30.268890662618638]}},{"type":"Feature","properties":{"Description":null,"Telecom_Feature_Type":"بوكس","Easting":"031° 33' 55.33\" E","Northing":"30° 16' 6.48\" N","ID":"10","GlobalID":"{4152826C-F627-4240-BB0A-3EED26814621}","sectors":"القطاع الثاني","Distance":"170m","I_D":"11-3","__networkId":"telecom","__networkName":"شبكة الاتصالات","__layerId":"telecom_assets","__layerName":"مرافق الاتصالات","__assetName":"مرافق الاتصالات","__geometryKind":"point","__featureIndex":182,"__typeValue":"بوكس"},"geometry":{"type":"Point","coordinates":[31.567046827637228,30.268631667350174]}},{"type":"Feature","properties":{"Description":null,"Telecom_Feature_Type":"بوكس","Easting":"031° 33' 56.56\" E","Northing":"30° 16' 9.69\" N","ID":"4","GlobalID":"{453EEFF0-9BAD-465F-8B34-19439E3DD5AC}","sectors":"القطاع الثاني","Distance":"190m","I_D":"11-3","__networkId":"telecom","__networkName":"شبكة الاتصالات","__layerId":"telecom_assets","__layerName":"مرافق الاتصالات","__assetName":"مرافق الاتصالات","__geometryKind":"point","__featureIndex":183,"__typeValue":"بوكس"},"geometry":{"type":"Point","coordinates":[31.567389091150375,30.269524460390105]}},{"type":"Feature","properties":{"Description":null,"Telecom_Feature_Type":"بوكس","Easting":"031° 33' 57.48\" E","Northing":"30° 16' 9.2\" N","ID":"3","GlobalID":"{27DB677B-CAE1-447E-BDC1-0FDFAC209520}","sectors":"القطاع الثاني","Distance":"220m","I_D":"11-3","__networkId":"telecom","__networkName":"شبكة الاتصالات","__layerId":"telecom_assets","__layerName":"مرافق الاتصالات","__assetName":"مرافق الاتصالات","__geometryKind":"point","__featureIndex":184,"__typeValue":"بوكس"},"geometry":{"type":"Point","coordinates":[31.567643376359552,30.26938812772087]}},{"type":"Feature","properties":{"Description":null,"Telecom_Feature_Type":"بوكس","Easting":"031° 33' 58.48\" E","Northing":"30° 16' 8.31\" N","ID":"2","GlobalID":"{E94E9985-0F95-43DA-836C-5A944EE07A66}","sectors":"القطاع الثاني","Distance":"260m","I_D":"11-3","__networkId":"telecom","__networkName":"شبكة الاتصالات","__layerId":"telecom_assets","__layerName":"مرافق الاتصالات","__assetName":"مرافق الاتصالات","__geometryKind":"point","__featureIndex":185,"__typeValue":"بوكس"},"geometry":{"type":"Point","coordinates":[31.567920202095806,30.269140108098888]}},{"type":"Feature","properties":{"Description":null,"Telecom_Feature_Type":"بوكس","Easting":"031° 34' 2.04\" E","Northing":"30° 16' 14.31\" N","ID":"21","GlobalID":"{846DC413-2A0F-4AAC-844C-0A5073FAD805}","sectors":"القطاع الثاني","Distance":"50m","I_D":"10-4","__networkId":"telecom","__networkName":"شبكة الاتصالات","__layerId":"telecom_assets","__layerName":"مرافق الاتصالات","__assetName":"مرافق الاتصالات","__geometryKind":"point","__featureIndex":186,"__typeValue":"بوكس"},"geometry":{"type":"Point","coordinates":[31.568909923655045,30.27080863327947]}},{"type":"Feature","properties":{"Description":null,"Telecom_Feature_Type":"بوكس","Easting":"031° 34' 3.12\" E","Northing":"30° 16' 13.51\" N","ID":"20","GlobalID":"{70264751-839C-4A43-8DAD-7B417E1EADEC}","sectors":"القطاع الثاني","Distance":"100m","I_D":"10-4","__networkId":"telecom","__networkName":"شبكة الاتصالات","__layerId":"telecom_assets","__layerName":"مرافق الاتصالات","__assetName":"مرافق الاتصالات","__geometryKind":"point","__featureIndex":187,"__typeValue":"بوكس"},"geometry":{"type":"Point","coordinates":[31.56920937615669,30.270584457076406]}},{"type":"Feature","properties":{"Description":null,"Telecom_Feature_Type":"بوكس","Easting":"031° 34' 5.34\" E","Northing":"30° 16' 16.74\" N","ID":"8","GlobalID":"{5BA518EC-B65A-4E26-9E47-F89BDFBA7201}","sectors":"القطاع الثاني","Distance":"140m","I_D":"10-4","__networkId":"telecom","__networkName":"شبكة الاتصالات","__layerId":"telecom_assets","__layerName":"مرافق الاتصالات","__assetName":"مرافق الاتصالات","__geometryKind":"point","__featureIndex":188,"__typeValue":"بوكس"},"geometry":{"type":"Point","coordinates":[31.569827310172645,30.271481845423722]}},{"type":"Feature","properties":{"Description":null,"Telecom_Feature_Type":"بوكس","Easting":"031° 33' 46.74\" E","Northing":"30° 16' 3.58\" N","ID":"20","GlobalID":"{90C2F08B-8F83-4F8D-9D2F-AA5AD19EB5C4}","sectors":"القطاع الثاني","Distance":"180m","I_D":"11-3","__networkId":"telecom","__networkName":"شبكة الاتصالات","__layerId":"telecom_assets","__layerName":"مرافق الاتصالات","__assetName":"مرافق الاتصالات","__geometryKind":"point","__featureIndex":189,"__typeValue":"بوكس"},"geometry":{"type":"Point","coordinates":[31.56466111514334,30.267827641202267]}},{"type":"Feature","properties":{"Description":null,"Telecom_Feature_Type":"بوكس","Easting":"031° 33' 46.95\" E","Northing":"30° 16' 2.65\" N","ID":"19","GlobalID":"{7E7D13A8-0B5E-4041-815B-5FB1A08501D3}","sectors":"القطاع الثاني","Distance":"220m","I_D":"11-3","__networkId":"telecom","__networkName":"شبكة الاتصالات","__layerId":"telecom_assets","__layerName":"مرافق الاتصالات","__assetName":"مرافق الاتصالات","__geometryKind":"point","__featureIndex":190,"__typeValue":"بوكس"},"geometry":{"type":"Point","coordinates":[31.564718623491196,30.267568996144767]}},{"type":"Feature","properties":{"Description":null,"Telecom_Feature_Type":"بوكس","Easting":"031° 33' 47.62\" E","Northing":"30° 16' 1.55\" N","ID":"18","GlobalID":"{5F9DEBF3-C5F6-4D26-9E6D-DC33692A3087}","sectors":"القطاع الثاني","Distance":"260m","I_D":"11-3","__networkId":"telecom","__networkName":"شبكة الاتصالات","__layerId":"telecom_assets","__layerName":"مرافق الاتصالات","__assetName":"مرافق الاتصالات","__geometryKind":"point","__featureIndex":191,"__typeValue":"بوكس"},"geometry":{"type":"Point","coordinates":[31.564903605472832,30.26726402690511]}},{"type":"Feature","properties":{"Description":null,"Telecom_Feature_Type":"بوكس","Easting":"031° 33' 48.25\" E","Northing":"30° 16' 1.56\" N","ID":"17","GlobalID":"{F848593B-60F4-4EBB-B7DE-CA25069A6AD3}","sectors":"القطاع الثاني","Distance":"275m","I_D":"11-3","__networkId":"telecom","__networkName":"شبكة الاتصالات","__layerId":"telecom_assets","__layerName":"مرافق الاتصالات","__assetName":"مرافق الاتصالات","__geometryKind":"point","__featureIndex":192,"__typeValue":"بوكس"},"geometry":{"type":"Point","coordinates":[31.56508101914819,30.26726610000367]}},{"type":"Feature","properties":{"Description":null,"Telecom_Feature_Type":"بوكس","Easting":"031° 33' 49.45\" E","Northing":"30° 16' 2.2\" N","ID":"21","GlobalID":"{B5317312-AE7E-40AA-994A-424728D05E78}","sectors":"القطاع الثاني","Distance":"250m","I_D":"11-3","__networkId":"telecom","__networkName":"شبكة الاتصالات","__layerId":"telecom_assets","__layerName":"مرافق الاتصالات","__assetName":"مرافق الاتصالات","__geometryKind":"point","__featureIndex":193,"__typeValue":"بوكس"},"geometry":{"type":"Point","coordinates":[31.565411966583696,30.267443029337922]}},{"type":"Feature","properties":{"Description":null,"Telecom_Feature_Type":"بوكس","Easting":"031° 33' 50.07\" E","Northing":"30° 16' 4.36\" N","ID":"28","GlobalID":"{6A00F3E7-4067-4E4A-A6D3-419E9C6456D7}","sectors":"القطاع الثاني","Distance":"120m","I_D":"11-3","__networkId":"telecom","__networkName":"شبكة الاتصالات","__layerId":"telecom_assets","__layerName":"مرافق الاتصالات","__assetName":"مرافق الاتصالات","__geometryKind":"point","__featureIndex":194,"__typeValue":"بوكس"},"geometry":{"type":"Point","coordinates":[31.565584856343275,30.268043267582243]}},{"type":"Feature","properties":{"Description":null,"Telecom_Feature_Type":"بوكس","Easting":"031° 33' 49.81\" E","Northing":"30° 16' 5.28\" N","ID":"29","GlobalID":"{8ADB8516-0903-4294-A554-E485792177E6}","sectors":"القطاع الثاني","Distance":"80m","I_D":"11-3","__networkId":"telecom","__networkName":"شبكة الاتصالات","__layerId":"telecom_assets","__layerName":"مرافق الاتصالات","__assetName":"مرافق الاتصالات","__geometryKind":"point","__featureIndex":195,"__typeValue":"بوكس"},"geometry":{"type":"Point","coordinates":[31.565512063160845,30.2682994015089]}},{"type":"Feature","properties":{"Description":null,"Telecom_Feature_Type":"بوكس","Easting":"031° 33' 50.78\" E","Northing":"30° 16' 3.28\" N","ID":"27","GlobalID":"{531316E4-4F79-4265-ADD5-1269339229F4}","sectors":"القطاع الثاني","Distance":"165m","I_D":"11-3","__networkId":"telecom","__networkName":"شبكة الاتصالات","__layerId":"telecom_assets","__layerName":"مرافق الاتصالات","__assetName":"مرافق الاتصالات","__geometryKind":"point","__featureIndex":196,"__typeValue":"بوكس"},"geometry":{"type":"Point","coordinates":[31.565781261302035,30.267744237445395]}},{"type":"Feature","properties":{"Description":null,"Telecom_Feature_Type":"بوكس","Easting":"031° 33' 51.13\" E","Northing":"30° 16' 3.15\" N","ID":"26","GlobalID":"{1DD0B918-8A80-4D01-8D6C-6D00FCB5B587}","sectors":"القطاع الثاني","Distance":"179m","I_D":"11-3","__networkId":"telecom","__networkName":"شبكة الاتصالات","__layerId":"telecom_assets","__layerName":"مرافق الاتصالات","__assetName":"مرافق الاتصالات","__geometryKind":"point","__featureIndex":197,"__typeValue":"بوكس"},"geometry":{"type":"Point","coordinates":[31.565879391467032,30.267707625548617]}},{"type":"Feature","properties":{"Description":null,"Telecom_Feature_Type":"بوكس","Easting":"031° 33' 52.56\" E","Northing":"30° 16' 4.01\" N","ID":"29","GlobalID":"{E2BC7183-B5C7-4C33-BA6E-02D3033445C2}","sectors":"القطاع الثاني","Distance":"155m","I_D":"11-3","__networkId":"telecom","__networkName":"شبكة الاتصالات","__layerId":"telecom_assets","__layerName":"مرافق الاتصالات","__assetName":"مرافق الاتصالات","__geometryKind":"point","__featureIndex":198,"__typeValue":"بوكس"},"geometry":{"type":"Point","coordinates":[31.566278386285344,30.267946675252865]}},{"type":"Feature","properties":{"Description":null,"Telecom_Feature_Type":"بوكس","Easting":"031° 33' 53.06\" E","Northing":"30° 16' 6.17\" N","ID":"15","GlobalID":"{1FF825B9-9164-4ECA-9E09-FB74EB07625E}","sectors":"القطاع الثاني","Distance":"90m","I_D":"11-3","__networkId":"telecom","__networkName":"شبكة الاتصالات","__layerId":"telecom_assets","__layerName":"مرافق الاتصالات","__assetName":"مرافق الاتصالات","__geometryKind":"point","__featureIndex":199,"__typeValue":"بوكس"},"geometry":{"type":"Point","coordinates":[31.56641553746966,30.2685463587885]}},{"type":"Feature","properties":{"Description":null,"Telecom_Feature_Type":"بوكس","Easting":"031° 33' 52.75\" E","Northing":"30° 16' 7.08\" N","ID":"16","GlobalID":"{803B8950-9AFF-43AE-A3B3-8CBC5EADC33D}","sectors":"القطاع الثاني","Distance":"50m","I_D":"11-3","__networkId":"telecom","__networkName":"شبكة الاتصالات","__layerId":"telecom_assets","__layerName":"مرافق الاتصالات","__assetName":"مرافق الاتصالات","__geometryKind":"point","__featureIndex":200,"__typeValue":"بوكس"},"geometry":{"type":"Point","coordinates":[31.566329185116338,30.268798308805504]}},{"type":"Feature","properties":{"Description":null,"Telecom_Feature_Type":"بوكس","Easting":"031° 33' 53.83\" E","Northing":"30° 16' 5.13\" N","ID":"14","GlobalID":"{D02435BD-659D-4D9C-A04D-45932E4123E4}","sectors":"القطاع الثاني","Distance":"130m","I_D":"11-3","__networkId":"telecom","__networkName":"شبكة الاتصالات","__layerId":"telecom_assets","__layerName":"مرافق الاتصالات","__assetName":"مرافق الاتصالات","__geometryKind":"point","__featureIndex":201,"__typeValue":"بوكس"},"geometry":{"type":"Point","coordinates":[31.5666309615596,30.26825696394369]}},{"type":"Feature","properties":{"Description":null,"Telecom_Feature_Type":"بوكس","Easting":"031° 33' 54.45\" E","Northing":"30° 16' 5.2\" N","ID":"15","GlobalID":"{1DF61B63-2EB3-48B9-8910-A9FF7BAAD5A8}","sectors":"القطاع الثاني","Distance":"150m","I_D":"11-3","__networkId":"telecom","__networkName":"شبكة الاتصالات","__layerId":"telecom_assets","__layerName":"مرافق الاتصالات","__assetName":"مرافق الاتصالات","__geometryKind":"point","__featureIndex":202,"__typeValue":"بوكس"},"geometry":{"type":"Point","coordinates":[31.56680227477587,30.268276438612748]}},{"type":"Feature","properties":{"Description":null,"Telecom_Feature_Type":"بوكس","Easting":"031° 33' 55.78\" E","Northing":"30° 16' 8.36\" N","ID":"7","GlobalID":"{453FBB7C-B502-4F92-9DA1-48E73F832B14}","sectors":"القطاع الثاني","Distance":"190m","I_D":"11-3","__networkId":"telecom","__networkName":"شبكة الاتصالات","__layerId":"telecom_assets","__layerName":"مرافق الاتصالات","__assetName":"مرافق الاتصالات","__geometryKind":"point","__featureIndex":203,"__typeValue":"بوكس"},"geometry":{"type":"Point","coordinates":[31.567171825514087,30.26915560948906]}},{"type":"Feature","properties":{"Description":null,"Telecom_Feature_Type":"بوكس","Easting":"031° 33' 55.41\" E","Northing":"30° 16' 9.25\" N","ID":"8","GlobalID":"{33246FC9-B4B7-41A6-88E8-DCBBEF19CFCE}","sectors":"القطاع الثاني","Distance":"150m","I_D":"11-3","__networkId":"telecom","__networkName":"شبكة الاتصالات","__layerId":"telecom_assets","__layerName":"مرافق الاتصالات","__assetName":"مرافق الاتصالات","__geometryKind":"point","__featureIndex":204,"__typeValue":"بوكس"},"geometry":{"type":"Point","coordinates":[31.567068690834624,30.269401410935785]}},{"type":"Feature","properties":{"Description":null,"Telecom_Feature_Type":"بوكس","Easting":"031° 33' 56.6\" E","Northing":"30° 16' 7.34\" N","ID":"6","GlobalID":"{DC82476E-E0D1-4F44-8619-0BFC9AE257E9}","sectors":"القطاع الثاني","Distance":"230m","I_D":"11-3","__networkId":"telecom","__networkName":"شبكة الاتصالات","__layerId":"telecom_assets","__layerName":"مرافق الاتصالات","__assetName":"مرافق الاتصالات","__geometryKind":"point","__featureIndex":205,"__typeValue":"بوكس"},"geometry":{"type":"Point","coordinates":[31.567398332119716,30.268872013573187]}},{"type":"Feature","properties":{"Description":null,"Telecom_Feature_Type":"بوكس","Easting":"031° 33' 57.18\" E","Northing":"30° 16' 7.01\" N","ID":"5","GlobalID":"{6564DFA6-9F6F-4109-9D94-B5DCCCAD6EB6}","sectors":"القطاع الثاني","Distance":"250m","I_D":"11-3","__networkId":"telecom","__networkName":"شبكة الاتصالات","__layerId":"telecom_assets","__layerName":"مرافق الاتصالات","__assetName":"مرافق الاتصالات","__geometryKind":"point","__featureIndex":206,"__typeValue":"بوكس"},"geometry":{"type":"Point","coordinates":[31.56756086520239,30.268780954633268]}},{"type":"Feature","properties":{"Description":null,"Telecom_Feature_Type":"بوكس","Easting":"031° 33' 58.62\" E","Northing":"30° 16' 10.21\" N","ID":"11","GlobalID":"{E1332777-DD63-4D9E-B99A-CB372BEA743D}","sectors":"القطاع الثاني","Distance":"220m","I_D":"10-4","__networkId":"telecom","__networkName":"شبكة الاتصالات","__layerId":"telecom_assets","__layerName":"مرافق الاتصالات","__assetName":"مرافق الاتصالات","__geometryKind":"point","__featureIndex":207,"__typeValue":"بوكس"},"geometry":{"type":"Point","coordinates":[31.567961459021863,30.269667966298407]}},{"type":"Feature","properties":{"Description":null,"Telecom_Feature_Type":"بوكس","Easting":"031° 33' 59.22\" E","Northing":"30° 16' 9.9\" N","ID":"10","GlobalID":"{70C5D574-88CB-41D8-B976-7170C9348260}","sectors":"القطاع الثاني","Distance":"235m","I_D":"10-4","__networkId":"telecom","__networkName":"شبكة الاتصالات","__layerId":"telecom_assets","__layerName":"مرافق الاتصالات","__assetName":"مرافق الاتصالات","__geometryKind":"point","__featureIndex":208,"__typeValue":"بوكس"},"geometry":{"type":"Point","coordinates":[31.568128026438465,30.26958408928973]}},{"type":"Feature","properties":{"Description":null,"Telecom_Feature_Type":"بوكس","Easting":"031° 34' 0.43\" E","Northing":"30° 16' 13.34\" N","ID":"18","GlobalID":"{E4721A00-6FD5-483B-898A-41D981B2C62A}","sectors":"القطاع الثاني","Distance":"90m","I_D":"10-4","__networkId":"telecom","__networkName":"شبكة الاتصالات","__layerId":"telecom_assets","__layerName":"مرافق الاتصالات","__assetName":"مرافق الاتصالات","__geometryKind":"point","__featureIndex":209,"__typeValue":"بوكس"},"geometry":{"type":"Point","coordinates":[31.568461960772293,30.270537823235117]}},{"type":"Feature","properties":{"Description":null,"Telecom_Feature_Type":"بوكس","Easting":"031° 34' 1.35\" E","Northing":"30° 16' 12.4\" N","ID":"17","GlobalID":"{94B92EE1-D005-4595-946B-14551DFDDC2F}","sectors":"القطاع الثاني","Distance":"130m","I_D":"10-4","__networkId":"telecom","__networkName":"شبكة الاتصالات","__layerId":"telecom_assets","__layerName":"مرافق الاتصالات","__assetName":"مرافق الاتصالات","__geometryKind":"point","__featureIndex":210,"__typeValue":"بوكس"},"geometry":{"type":"Point","coordinates":[31.568718899604832,30.27027609438549]}},{"type":"Feature","properties":{"Description":null,"Telecom_Feature_Type":"بوكس","Easting":"031° 34' 1.96\" E","Northing":"30° 16' 12.11\" N","ID":"16","GlobalID":"{0394B1E7-4182-4523-9CC9-1490A8F0AF0A}","sectors":"القطاع الثاني","Distance":"140m","I_D":"10-4","__networkId":"telecom","__networkName":"شبكة الاتصالات","__layerId":"telecom_assets","__layerName":"مرافق الاتصالات","__assetName":"مرافق الاتصالات","__geometryKind":"point","__featureIndex":211,"__typeValue":"بوكس"},"geometry":{"type":"Point","coordinates":[31.568889070164026,30.27019746333092]}},{"type":"Feature","properties":{"Description":null,"Telecom_Feature_Type":"بوكس","Easting":"031° 33' 55.57\" E","Northing":"30° 16' 5.92\" N","ID":"9","GlobalID":"{318ADCDA-5521-495C-8DB7-6B3F03E57BE4}","sectors":"القطاع الثاني","Distance":"185m","I_D":"11-3","__networkId":"telecom","__networkName":"شبكة الاتصالات","__layerId":"telecom_assets","__layerName":"مرافق الاتصالات","__assetName":"مرافق الاتصالات","__geometryKind":"point","__featureIndex":212,"__typeValue":"بوكس"},"geometry":{"type":"Point","coordinates":[31.56711406204469,30.268476290188453]}},{"type":"Feature","properties":{"Description":null,"Telecom_Feature_Type":"بوكس","Easting":"031° 33' 58.26\" E","Northing":"30° 16' 7.79\" N","ID":"1","GlobalID":"{2F0BB3B1-4447-4419-929D-7A7E99F64E7F}","sectors":"القطاع الثاني","Distance":"275m","I_D":"11-3","__networkId":"telecom","__networkName":"شبكة الاتصالات","__layerId":"telecom_assets","__layerName":"مرافق الاتصالات","__assetName":"مرافق الاتصالات","__geometryKind":"point","__featureIndex":213,"__typeValue":"بوكس"},"geometry":{"type":"Point","coordinates":[31.567859667323763,30.2689973764896]}},{"type":"Feature","properties":{"Description":null,"Telecom_Feature_Type":"بوكس","Easting":"031° 33' 59.43\" E","Northing":"30° 16' 12.1\" N","ID":"15","GlobalID":"{1299FFA1-BCD1-451E-8B62-6542970D7DA7}","sectors":"القطاع الثاني","Distance":"160m","I_D":"10-4","__networkId":"telecom","__networkName":"شبكة الاتصالات","__layerId":"telecom_assets","__layerName":"مرافق الاتصالات","__assetName":"مرافق الاتصالات","__geometryKind":"point","__featureIndex":214,"__typeValue":"بوكس"},"geometry":{"type":"Point","coordinates":[31.568184947288152,30.270193061231325]}},{"type":"Feature","properties":{"Description":null,"Telecom_Feature_Type":"بوكس","Easting":"031° 34' 0.45\" E","Northing":"30° 16' 11.24\" N","ID":"14","GlobalID":"{A204938B-310D-407D-BC24-7F49C727BFCF}","sectors":"القطاع الثاني","Distance":"190m","I_D":"10-4","__networkId":"telecom","__networkName":"شبكة الاتصالات","__layerId":"telecom_assets","__layerName":"مرافق الاتصالات","__assetName":"مرافق الاتصالات","__geometryKind":"point","__featureIndex":215,"__typeValue":"بوكس"},"geometry":{"type":"Point","coordinates":[31.568468306471487,30.269955487211952]}},{"type":"Feature","properties":{"Description":null,"Telecom_Feature_Type":"بوكس","Easting":"031° 34' 0.27\" E","Northing":"30° 16' 10.7\" N","ID":"13","GlobalID":"{03ACB38D-A287-49F4-AF85-B4C104113AFF}","sectors":"القطاع الثاني","Distance":"200m","I_D":"10-4","__networkId":"telecom","__networkName":"شبكة الاتصالات","__layerId":"telecom_assets","__layerName":"مرافق الاتصالات","__assetName":"مرافق الاتصالات","__geometryKind":"point","__featureIndex":216,"__typeValue":"بوكس"},"geometry":{"type":"Point","coordinates":[31.56841990344735,30.269806221110937]}},{"type":"Feature","properties":{"Description":null,"Telecom_Feature_Type":"بوكس","Easting":"031° 33' 56.44\" E","Northing":"30° 16' 12.45\" N","ID":"3","GlobalID":"{1593B594-C406-4F43-B158-DCFA4F59205E}","sectors":"القطاع الثاني","Distance":"265m","I_D":"7-4","__networkId":"telecom","__networkName":"شبكة الاتصالات","__layerId":"telecom_assets","__layerName":"مرافق الاتصالات","__assetName":"مرافق الاتصالات","__geometryKind":"point","__featureIndex":217,"__typeValue":"بوكس"},"geometry":{"type":"Point","coordinates":[31.56735442606188,30.270291071906808]}},{"type":"Feature","properties":{"Description":null,"Telecom_Feature_Type":"بوكس","Easting":"031° 33' 55.01\" E","Northing":"30° 16' 10.98\" N","ID":"6","GlobalID":"{6FF185C9-716B-4FB9-A843-54BC12FEFB1E}","sectors":"القطاع الثاني","Distance":"190m","I_D":"11-4","__networkId":"telecom","__networkName":"شبكة الاتصالات","__layerId":"telecom_assets","__layerName":"مرافق الاتصالات","__assetName":"مرافق الاتصالات","__geometryKind":"point","__featureIndex":218,"__typeValue":"بوكس"},"geometry":{"type":"Point","coordinates":[31.566956382559503,30.269883393124747]}},{"type":"Feature","properties":{"Description":null,"Telecom_Feature_Type":"بوكس","Easting":"031° 33' 53.63\" E","Northing":"30° 16' 12.33\" N","ID":"4","GlobalID":"{13E37696-9B9D-4722-993A-0E606FDD8429}","sectors":"القطاع الثاني","Distance":"260m","I_D":"11-4","__networkId":"telecom","__networkName":"شبكة الاتصالات","__layerId":"telecom_assets","__layerName":"مرافق الاتصالات","__assetName":"مرافق الاتصالات","__geometryKind":"point","__featureIndex":219,"__typeValue":"بوكس"},"geometry":{"type":"Point","coordinates":[31.566573473873017,30.270257758265398]}},{"type":"Feature","properties":{"Description":null,"Telecom_Feature_Type":"بوكس","Easting":"031° 33' 52.53\" E","Northing":"30° 16' 11.57\" N","ID":"7","GlobalID":"{2D8D3433-5E74-401B-861B-D4411558A104}","sectors":"القطاع الثاني","Distance":"210m","I_D":"11-4","__networkId":"telecom","__networkName":"شبكة الاتصالات","__layerId":"telecom_assets","__layerName":"مرافق الاتصالات","__assetName":"مرافق الاتصالات","__geometryKind":"point","__featureIndex":220,"__typeValue":"بوكس"},"geometry":{"type":"Point","coordinates":[31.566269386962823,30.270047110648495]}},{"type":"Feature","properties":{"Description":null,"Telecom_Feature_Type":"بوكس","Easting":"031° 33' 52.31\" E","Northing":"30° 16' 11.06\" N","ID":"8","GlobalID":"{5E7A8920-A208-47A3-B3D5-FC5C5AD7DB5E}","sectors":"القطاع الثاني","Distance":"200m","I_D":"11-4","__networkId":"telecom","__networkName":"شبكة الاتصالات","__layerId":"telecom_assets","__layerName":"مرافق الاتصالات","__assetName":"مرافق الاتصالات","__geometryKind":"point","__featureIndex":221,"__typeValue":"بوكس"},"geometry":{"type":"Point","coordinates":[31.566208549458494,30.2699045657836]}},{"type":"Feature","properties":{"Description":null,"Telecom_Feature_Type":"بوكس","Easting":"031° 33' 53.3\" E","Northing":"30° 16' 10.16\" N","ID":"9","GlobalID":"{4221D35B-74B1-4E27-890E-34515D67036E}","sectors":"القطاع الثاني","Distance":"160m","I_D":"11-4","__networkId":"telecom","__networkName":"شبكة الاتصالات","__layerId":"telecom_assets","__layerName":"مرافق الاتصالات","__assetName":"مرافق الاتصالات","__geometryKind":"point","__featureIndex":222,"__typeValue":"بوكس"},"geometry":{"type":"Point","coordinates":[31.56648309257565,30.269655188192267]}},{"type":"Feature","properties":{"Description":null,"Telecom_Feature_Type":"بوكس","Easting":"031° 33' 50.4\" E","Northing":"30° 16' 10.15\" N","ID":"10","GlobalID":"{DC75CB99-2435-4FA8-82EB-AD516C7E9220}","sectors":"القطاع الثاني","Distance":"200m","I_D":"11-4","__networkId":"telecom","__networkName":"شبكة الاتصالات","__layerId":"telecom_assets","__layerName":"مرافق الاتصالات","__assetName":"مرافق الاتصالات","__geometryKind":"point","__featureIndex":223,"__typeValue":"بوكس"},"geometry":{"type":"Point","coordinates":[31.56567679531934,30.269653330052222]}},{"type":"Feature","properties":{"Description":null,"Telecom_Feature_Type":"بوكس","Easting":"031° 33' 51.71\" E","Northing":"30° 16' 8.72\" N","ID":"12","GlobalID":"{D6D56F07-C593-4EB2-9D9C-C8BD8DD97A64}","sectors":"القطاع الثاني","Distance":"70m","I_D":"11-4","__networkId":"telecom","__networkName":"شبكة الاتصالات","__layerId":"telecom_assets","__layerName":"مرافق الاتصالات","__assetName":"مرافق الاتصالات","__geometryKind":"point","__featureIndex":224,"__typeValue":"بوكس"},"geometry":{"type":"Point","coordinates":[31.56604087621579,30.269255967354116]}},{"type":"Feature","properties":{"Description":null,"Telecom_Feature_Type":"بوكس","Easting":"031° 33' 50.97\" E","Northing":"30° 16' 9.78\" N","ID":"11","GlobalID":"{DB17CD3B-32FD-479C-88DF-A2CD08B0BBCC}","sectors":"القطاع الثاني","Distance":"120m","I_D":"11-4","__networkId":"telecom","__networkName":"شبكة الاتصالات","__layerId":"telecom_assets","__layerName":"مرافق الاتصالات","__assetName":"مرافق الاتصالات","__geometryKind":"point","__featureIndex":225,"__typeValue":"بوكس"},"geometry":{"type":"Point","coordinates":[31.565834146919457,30.269548633308137]}},{"type":"Feature","properties":{"Description":null,"Telecom_Feature_Type":"بوكس","Easting":"031° 33' 49.02\" E","Northing":"30° 16' 8.93\" N","ID":"26","GlobalID":"{60E7FC18-4740-41A8-A5B0-4787B6DB69EB}","sectors":"القطاع الثاني","Distance":"70m","I_D":"11-4","__networkId":"telecom","__networkName":"شبكة الاتصالات","__layerId":"telecom_assets","__layerName":"مرافق الاتصالات","__assetName":"مرافق الاتصالات","__geometryKind":"point","__featureIndex":226,"__typeValue":"بوكس"},"geometry":{"type":"Point","coordinates":[31.56529459899686,30.269312872428422]}},{"type":"Feature","properties":{"Description":null,"Telecom_Feature_Type":"بوكس","Easting":"031° 33' 49.89\" E","Northing":"30° 16' 7.97\" N","ID":"27","GlobalID":"{3BFE3A39-4F2E-4BDD-9AE6-8CF4A19F3B36}","sectors":"القطاع الثاني","Distance":"40m","I_D":"11-4","__networkId":"telecom","__networkName":"شبكة الاتصالات","__layerId":"telecom_assets","__layerName":"مرافق الاتصالات","__assetName":"مرافق الاتصالات","__geometryKind":"point","__featureIndex":227,"__typeValue":"بوكس"},"geometry":{"type":"Point","coordinates":[31.565536597947904,30.269046676870076]}},{"type":"Feature","properties":{"Description":null,"Telecom_Feature_Type":"بوكس","Easting":"031° 33' 47.04\" E","Northing":"30° 16' 8.09\" N","ID":"22","GlobalID":"{182B5C03-B11C-4DD5-87C7-BC24FB9C3FF7}","sectors":"القطاع الثاني","Distance":"140m","I_D":"11-4","__networkId":"telecom","__networkName":"شبكة الاتصالات","__layerId":"telecom_assets","__layerName":"مرافق الاتصالات","__assetName":"مرافق الاتصالات","__geometryKind":"point","__featureIndex":228,"__typeValue":"بوكس"},"geometry":{"type":"Point","coordinates":[31.56474434585105,30.269080390483097]}},{"type":"Feature","properties":{"Description":null,"Telecom_Feature_Type":"بوكس","Easting":"031° 33' 48.26\" E","Northing":"30° 16' 6.62\" N","ID":"24","GlobalID":"{8D7F406D-A833-4850-84F2-3AFC8D7CA7B7}","sectors":"القطاع الثاني","Distance":"70m","I_D":"11-4","__networkId":"telecom","__networkName":"شبكة الاتصالات","__layerId":"telecom_assets","__layerName":"مرافق الاتصالات","__assetName":"مرافق الاتصالات","__geometryKind":"point","__featureIndex":229,"__typeValue":"بوكس"},"geometry":{"type":"Point","coordinates":[31.565081859971272,30.268670738344074]}},{"type":"Feature","properties":{"Description":null,"Telecom_Feature_Type":"بوكس","Easting":"031° 33' 47.57\" E","Northing":"30° 16' 7.7\" N","ID":"23","GlobalID":"{005F9E7B-13BC-48A3-BA6A-F536D95FF448}","sectors":"القطاع الثاني","Distance":"120m","I_D":"11-4","__networkId":"telecom","__networkName":"شبكة الاتصالات","__layerId":"telecom_assets","__layerName":"مرافق الاتصالات","__assetName":"مرافق الاتصالات","__geometryKind":"point","__featureIndex":230,"__typeValue":"بوكس"},"geometry":{"type":"Point","coordinates":[31.564891808796517,30.268971580364493]}},{"type":"Feature","properties":{"Description":null,"Telecom_Feature_Type":"بوكس","Easting":"031° 33' 45.87\" E","Northing":"30° 16' 7.43\" N","ID":"19","GlobalID":"{A7F8E3E0-5584-4BAA-B2E4-CCD0DEBF6CA5}","sectors":"القطاع الثاني","Distance":"185m","I_D":"11-4","__networkId":"telecom","__networkName":"شبكة الاتصالات","__layerId":"telecom_assets","__layerName":"مرافق الاتصالات","__assetName":"مرافق الاتصالات","__geometryKind":"point","__featureIndex":231,"__typeValue":"بوكس"},"geometry":{"type":"Point","coordinates":[31.564418234046716,30.26889712930639]}},{"type":"Feature","properties":{"Description":null,"Telecom_Feature_Type":"بوكس","Easting":"031° 33' 45.58\" E","Northing":"30° 16' 6.94\" N","ID":"20","GlobalID":"{004F66D3-7CA2-4DD7-B415-F106E212D88D}","sectors":"القطاع الثاني","Distance":"175m","I_D":"11-4","__networkId":"telecom","__networkName":"شبكة الاتصالات","__layerId":"telecom_assets","__layerName":"مرافق الاتصالات","__assetName":"مرافق الاتصالات","__geometryKind":"point","__featureIndex":232,"__typeValue":"بوكس"},"geometry":{"type":"Point","coordinates":[31.56433768121689,30.268761108432848]}},{"type":"Feature","properties":{"Description":null,"Telecom_Feature_Type":"بوكس","Easting":"031° 33' 46.44\" E","Northing":"30° 16' 5.96\" N","ID":"21","GlobalID":"{5699EEC4-2A40-43C5-A4CE-F492FAA9106E}","sectors":"القطاع الثاني","Distance":"135m","I_D":"11-4","__networkId":"telecom","__networkName":"شبكة الاتصالات","__layerId":"telecom_assets","__layerName":"مرافق الاتصالات","__assetName":"مرافق الاتصالات","__geometryKind":"point","__featureIndex":233,"__typeValue":"بوكس"},"geometry":{"type":"Point","coordinates":[31.564577535889295,30.268487462437335]}},{"type":"Feature","properties":{"Description":null,"Telecom_Feature_Type":"بوكس","Easting":"031° 33' 43.62\" E","Northing":"30° 16' 6.25\" N","ID":"16","GlobalID":"{6281F117-F988-44F2-A7B9-B3F82CA20462}","sectors":"القطاع الثاني","Distance":"250m","I_D":"11-4","__networkId":"telecom","__networkName":"شبكة الاتصالات","__layerId":"telecom_assets","__layerName":"مرافق الاتصالات","__assetName":"مرافق الاتصالات","__geometryKind":"point","__featureIndex":234,"__typeValue":"بوكس"},"geometry":{"type":"Point","coordinates":[31.563794303776234,30.268568153191517]}},{"type":"Feature","properties":{"Description":null,"Telecom_Feature_Type":"بوكس","Easting":"031° 33' 44.57\" E","Northing":"30° 16' 4.97\" N","ID":"18","GlobalID":"{C6798D33-E52A-4E12-8292-FBF01D8EC34C}","sectors":"القطاع الثاني","Distance":"190m","I_D":"11-4","__networkId":"telecom","__networkName":"شبكة الاتصالات","__layerId":"telecom_assets","__layerName":"مرافق الاتصالات","__assetName":"مرافق الاتصالات","__geometryKind":"point","__featureIndex":235,"__typeValue":"بوكس"},"geometry":{"type":"Point","coordinates":[31.56405845697879,30.268213401373693]}},{"type":"Feature","properties":{"Description":null,"Telecom_Feature_Type":"بوكس","Easting":"031° 33' 44.13\" E","Northing":"30° 16' 5.83\" N","ID":"17","GlobalID":"{5C22CA4A-2B05-4FD4-92E1-6E4408934B2B}","sectors":"القطاع الثاني","Distance":"230m","I_D":"11-4","__networkId":"telecom","__networkName":"شبكة الاتصالات","__layerId":"telecom_assets","__layerName":"مرافق الاتصالات","__assetName":"مرافق الاتصالات","__geometryKind":"point","__featureIndex":236,"__typeValue":"بوكس"},"geometry":{"type":"Point","coordinates":[31.5639356357199,30.268452644584926]}},{"type":"Feature","properties":{"Description":null,"Telecom_Feature_Type":"بوكس","Easting":"031° 33' 42.89\" E","Northing":"30° 16' 4.14\" N","ID":"15","GlobalID":"{65E5D25B-7395-46B9-B705-3D6637E421A4}","sectors":"القطاع الثاني","Distance":"250m","I_D":"11-4","__networkId":"telecom","__networkName":"شبكة الاتصالات","__layerId":"telecom_assets","__layerName":"مرافق الاتصالات","__assetName":"مرافق الاتصالات","__geometryKind":"point","__featureIndex":237,"__typeValue":"بوكس"},"geometry":{"type":"Point","coordinates":[31.563592146006386,30.267982642325304]}},{"type":"Feature","properties":{"Description":null,"Telecom_Feature_Type":"بوكس","Easting":"031° 33' 46.13\" E","Northing":"30° 16' 9.78\" N","ID":"23","GlobalID":"{0B281A12-20C0-4FFF-AA44-C74CAB626E16}","sectors":"القطاع الثاني","Distance":"190m","I_D":"10-2","__networkId":"telecom","__networkName":"شبكة الاتصالات","__layerId":"telecom_assets","__layerName":"مرافق الاتصالات","__assetName":"مرافق الاتصالات","__geometryKind":"point","__featureIndex":238,"__typeValue":"بوكس"},"geometry":{"type":"Point","coordinates":[31.564491261689422,30.269549256309435]}},{"type":"Feature","properties":{"Description":null,"Telecom_Feature_Type":"بوكس","Easting":"031° 33' 45.21\" E","Northing":"30° 16' 8.84\" N","ID":"20","GlobalID":"{8EA8F418-62E5-455F-A545-129298771C01}","sectors":"القطاع الثاني","Distance":"230m","I_D":"10-2","__networkId":"telecom","__networkName":"شبكة الاتصالات","__layerId":"telecom_assets","__layerName":"مرافق الاتصالات","__assetName":"مرافق الاتصالات","__geometryKind":"point","__featureIndex":239,"__typeValue":"بوكس"},"geometry":{"type":"Point","coordinates":[31.56423461930096,30.269288631178046]}},{"type":"Feature","properties":{"Description":null,"Telecom_Feature_Type":"بوكس","Easting":"031° 33' 44.43\" E","Northing":"30° 16' 8.79\" N","ID":"21","GlobalID":"{294AB431-1B90-412B-BB41-748233466974}","sectors":"القطاع الثاني","Distance":"220m","I_D":"10-2","__networkId":"telecom","__networkName":"شبكة الاتصالات","__layerId":"telecom_assets","__layerName":"مرافق الاتصالات","__assetName":"مرافق الاتصالات","__geometryKind":"point","__featureIndex":240,"__typeValue":"بوكس"},"geometry":{"type":"Point","coordinates":[31.56401967760629,30.269274198922353]}},{"type":"Feature","properties":{"Description":null,"Telecom_Feature_Type":"بوكس","Easting":"031° 33' 45.28\" E","Northing":"30° 16' 10.44\" N","ID":"24","GlobalID":"{FD9FA1DA-3482-4C67-B562-74D1AE0B6B19}","sectors":"القطاع الثاني","Distance":"150m","I_D":"10-2","__networkId":"telecom","__networkName":"شبكة الاتصالات","__layerId":"telecom_assets","__layerName":"مرافق الاتصالات","__assetName":"مرافق الاتصالات","__geometryKind":"point","__featureIndex":241,"__typeValue":"بوكس"},"geometry":{"type":"Point","coordinates":[31.56425356926186,30.269732849104486]}},{"type":"Feature","properties":{"Description":null,"Telecom_Feature_Type":"بوكس","Easting":"031° 33' 43.84\" E","Northing":"30° 16' 9.62\" N","ID":"22","GlobalID":"{D674232E-9DEF-423D-981F-206D48AC38B1}","sectors":"القطاع الثاني","Distance":"175m","I_D":"10-2","__networkId":"telecom","__networkName":"شبكة الاتصالات","__layerId":"telecom_assets","__layerName":"مرافق الاتصالات","__assetName":"مرافق الاتصالات","__geometryKind":"point","__featureIndex":242,"__typeValue":"بوكس"},"geometry":{"type":"Point","coordinates":[31.563854834955016,30.26950572301901]}},{"type":"Feature","properties":{"Description":null,"Telecom_Feature_Type":"بوكس","Easting":"031° 33' 43.48\" E","Northing":"30° 16' 41.6\" N","ID":"12","GlobalID":"{816B72C2-896C-4C2C-BE37-9FBC55C5BBB3}","sectors":"القطاع الثالث","Distance":"160m","I_D":"8-3","__networkId":"telecom","__networkName":"شبكة الاتصالات","__layerId":"telecom_assets","__layerName":"مرافق الاتصالات","__assetName":"مرافق الاتصالات","__geometryKind":"point","__featureIndex":243,"__typeValue":"بوكس"},"geometry":{"type":"Point","coordinates":[31.563754263169074,30.27838872964074]}},{"type":"Feature","properties":{"Description":null,"Telecom_Feature_Type":"بوكس","Easting":"031° 33' 43.98\" E","Northing":"30° 16' 42.75\" N","ID":"13","GlobalID":"{D923F638-3870-42A0-BE2E-57D0F34B4DCB}","sectors":"القطاع الثالث","Distance":"125m","I_D":"8-3","__networkId":"telecom","__networkName":"شبكة الاتصالات","__layerId":"telecom_assets","__layerName":"مرافق الاتصالات","__assetName":"مرافق الاتصالات","__geometryKind":"point","__featureIndex":244,"__typeValue":"بوكس"},"geometry":{"type":"Point","coordinates":[31.563893198407555,30.27870877786626]}},{"type":"Feature","properties":{"Description":null,"Telecom_Feature_Type":"بوكس","Easting":"031° 33' 46.09\" E","Northing":"30° 16' 42.05\" N","ID":"10","GlobalID":"{BEEABCD2-6D17-42A2-8AEF-DC548478E420}","sectors":"القطاع الثالث","Distance":"170m","I_D":"8-3","__networkId":"telecom","__networkName":"شبكة الاتصالات","__layerId":"telecom_assets","__layerName":"مرافق الاتصالات","__assetName":"مرافق الاتصالات","__geometryKind":"point","__featureIndex":245,"__typeValue":"بوكس"},"geometry":{"type":"Point","coordinates":[31.564480996640658,30.278513379105615]}},{"type":"Feature","properties":{"Description":null,"Telecom_Feature_Type":"بوكس","Easting":"031° 33' 45.1\" E","Northing":"30° 16' 41.47\" N","ID":"9","GlobalID":"{C309A6A8-B8EC-4BBD-9094-AA33FAB925B1}","sectors":"القطاع الثالث","Distance":"200m","I_D":"8-3","__networkId":"telecom","__networkName":"شبكة الاتصالات","__layerId":"telecom_assets","__layerName":"مرافق الاتصالات","__assetName":"مرافق الاتصالات","__geometryKind":"point","__featureIndex":246,"__typeValue":"بوكس"},"geometry":{"type":"Point","coordinates":[31.564206294521746,30.27835128775854]}},{"type":"Feature","properties":{"Description":null,"Telecom_Feature_Type":"بوكس","Easting":"031° 33' 45.61\" E","Northing":"30° 16' 40.63\" N","ID":"25","GlobalID":"{43F7CC23-3144-444A-B0F9-601357906D5D}","sectors":"القطاع الثالث","Distance":"280m","I_D":"8-3","__networkId":"telecom","__networkName":"شبكة الاتصالات","__layerId":"telecom_assets","__layerName":"مرافق الاتصالات","__assetName":"مرافق الاتصالات","__geometryKind":"point","__featureIndex":247,"__typeValue":"بوكس"},"geometry":{"type":"Point","coordinates":[31.56434775941606,30.278118881524552]}},{"type":"Feature","properties":{"Description":null,"Telecom_Feature_Type":"بوكس","Easting":"031° 33' 46.66\" E","Northing":"30° 16' 40.26\" N","ID":"7","GlobalID":"{CDBF0BE3-B73F-4AC0-B12F-50A99A80767D}","sectors":"القطاع الثالث","Distance":"250m","I_D":"8-3","__networkId":"telecom","__networkName":"شبكة الاتصالات","__layerId":"telecom_assets","__layerName":"مرافق الاتصالات","__assetName":"مرافق الاتصالات","__geometryKind":"point","__featureIndex":248,"__typeValue":"بوكس"},"geometry":{"type":"Point","coordinates":[31.564636927105997,30.278017076590874]}},{"type":"Feature","properties":{"Description":null,"Telecom_Feature_Type":"بوكس","Easting":"031° 33' 47.17\" E","Northing":"30° 16' 40.84\" N","ID":"8","GlobalID":"{982FE801-AE91-46A9-AAEB-39F39E8A30C0}","sectors":"القطاع الثالث","Distance":"212m","I_D":"8-3","__networkId":"telecom","__networkName":"شبكة الاتصالات","__layerId":"telecom_assets","__layerName":"مرافق الاتصالات","__assetName":"مرافق الاتصالات","__geometryKind":"point","__featureIndex":249,"__typeValue":"بوكس"},"geometry":{"type":"Point","coordinates":[31.564781078861326,30.27817785277728]}},{"type":"Feature","properties":{"Description":null,"Telecom_Feature_Type":"بوكس","Easting":"031° 33' 47.81\" E","Northing":"30° 16' 39.37\" N","ID":"4","GlobalID":"{38E24FFB-677E-4852-9BB7-180E8829A3C0}","sectors":"القطاع الثالث","Distance":"290m","I_D":"8-3","__networkId":"telecom","__networkName":"شبكة الاتصالات","__layerId":"telecom_assets","__layerName":"مرافق الاتصالات","__assetName":"مرافق الاتصالات","__geometryKind":"point","__featureIndex":250,"__typeValue":"بوكس"},"geometry":{"type":"Point","coordinates":[31.564956430004784,30.277768782425092]}},{"type":"Feature","properties":{"Description":null,"Telecom_Feature_Type":"بوكس","Easting":"031° 33' 48.8\" E","Northing":"30° 16' 39.84\" N","ID":"5","GlobalID":"{749D43DD-DD4D-4FCB-A78D-CA9DF29CE9C3}","sectors":"القطاع الثالث","Distance":"270m","I_D":"8-3","__networkId":"telecom","__networkName":"شبكة الاتصالات","__layerId":"telecom_assets","__layerName":"مرافق الاتصالات","__assetName":"مرافق الاتصالات","__geometryKind":"point","__featureIndex":251,"__typeValue":"بوكس"},"geometry":{"type":"Point","coordinates":[31.56523314345166,30.277900181154582]}},{"type":"Feature","properties":{"Description":null,"Telecom_Feature_Type":"بوكس","Easting":"031° 33' 55.59\" E","Northing":"30° 16' 13.82\" N","ID":"1","GlobalID":"{5A59B742-A706-4089-A5B8-6C2448AEDD68}","sectors":"القطاع الثاني","Distance":"315m","I_D":"7-4","__networkId":"telecom","__networkName":"شبكة الاتصالات","__layerId":"telecom_assets","__layerName":"مرافق الاتصالات","__assetName":"مرافق الاتصالات","__geometryKind":"point","__featureIndex":252,"__typeValue":"بوكس"},"geometry":{"type":"Point","coordinates":[31.567119533683076,30.270671802756976]}},{"type":"Feature","properties":{"Description":null,"Telecom_Feature_Type":"بوكس","Easting":"031° 33' 56.63\" E","Northing":"30° 16' 14.63\" N","ID":"22","GlobalID":"{6B75EED7-CF51-4EED-9E24-C2DA57CC842B}","sectors":"القطاع الثاني","Distance":"215m","I_D":"10-4","__networkId":"telecom","__networkName":"شبكة الاتصالات","__layerId":"telecom_assets","__layerName":"مرافق الاتصالات","__assetName":"مرافق الاتصالات","__geometryKind":"point","__featureIndex":253,"__typeValue":"بوكس"},"geometry":{"type":"Point","coordinates":[31.567407625191326,30.270898214707028]}},{"type":"Feature","properties":{"Description":null,"Telecom_Feature_Type":"بوكس","Easting":"031° 33' 58.1\" E","Northing":"30° 16' 13.36\" N","ID":"24","GlobalID":"{256C65EF-51F9-4151-8DFD-48077B7AC63E}","sectors":"القطاع الثاني","Distance":"160m","I_D":"10-4","__networkId":"telecom","__networkName":"شبكة الاتصالات","__layerId":"telecom_assets","__layerName":"مرافق الاتصالات","__assetName":"مرافق الاتصالات","__geometryKind":"point","__featureIndex":254,"__typeValue":"بوكس"},"geometry":{"type":"Point","coordinates":[31.567816253542706,30.270543005808612]}},{"type":"Feature","properties":{"Description":null,"Telecom_Feature_Type":"بوكس","Easting":"031° 33' 57.22\" E","Northing":"30° 16' 14.33\" N","ID":"23","GlobalID":"{465A00F0-EF3B-4B97-8C40-095C70A7DE09}","sectors":"القطاع الثاني","Distance":"200m","I_D":"10-4","__networkId":"telecom","__networkName":"شبكة الاتصالات","__layerId":"telecom_assets","__layerName":"مرافق الاتصالات","__assetName":"مرافق الاتصالات","__geometryKind":"point","__featureIndex":255,"__typeValue":"بوكس"},"geometry":{"type":"Point","coordinates":[31.5675728083041,30.27081350007488]}},{"type":"Feature","properties":{"Description":null,"Telecom_Feature_Type":"بوكس","Easting":"031° 33' 54.1\" E","Northing":"30° 16' 14.61\" N","ID":"7","GlobalID":"{F106D0A6-03FF-4999-8AA9-56766F7CA0E8}","sectors":"القطاع الثاني","Distance":"230m","I_D":"10-2","__networkId":"telecom","__networkName":"شبكة الاتصالات","__layerId":"telecom_assets","__layerName":"مرافق الاتصالات","__assetName":"مرافق الاتصالات","__geometryKind":"point","__featureIndex":256,"__typeValue":"بوكس"},"geometry":{"type":"Point","coordinates":[31.566704310799203,30.27089139669939]}},{"type":"Feature","properties":{"Description":null,"Telecom_Feature_Type":"بوكس","Easting":"031° 34' 2.96\" E","Northing":"30° 16' 12.97\" N","ID":"19","GlobalID":"{76735BB8-E5DA-42E9-AA85-BB0BFF50A120}","sectors":"القطاع الثاني","Distance":"110m","I_D":"10-4","__networkId":"telecom","__networkName":"شبكة الاتصالات","__layerId":"telecom_assets","__layerName":"مرافق الاتصالات","__assetName":"مرافق الاتصالات","__geometryKind":"point","__featureIndex":257,"__typeValue":"بوكس"},"geometry":{"type":"Point","coordinates":[31.569165532082614,30.2704344882493]}},{"type":"Feature","properties":{"Description":null,"Telecom_Feature_Type":"بوكس","Easting":"031° 34' 3.29\" E","Northing":"30° 16' 15.48\" N","ID":"31","GlobalID":"{04A63A2F-B786-4306-BE5F-E0CB26387E17}","sectors":"القطاع الثاني","Distance":"50m","I_D":"10-4","__networkId":"telecom","__networkName":"شبكة الاتصالات","__layerId":"telecom_assets","__layerName":"مرافق الاتصالات","__assetName":"مرافق الاتصالات","__geometryKind":"point","__featureIndex":258,"__typeValue":"بوكس"},"geometry":{"type":"Point","coordinates":[31.569259015262666,30.271133328616564]}},{"type":"Feature","properties":{"Description":null,"Telecom_Feature_Type":"بوكس","Easting":"031° 34' 4.24\" E","Northing":"30° 16' 15.09\" N","ID":"30","GlobalID":"{9AD53B15-0B66-4F49-B6E4-CB1398763B95}","sectors":"القطاع الثاني","Distance":"80m","I_D":"10-4","__networkId":"telecom","__networkName":"شبكة الاتصالات","__layerId":"telecom_assets","__layerName":"مرافق الاتصالات","__assetName":"مرافق الاتصالات","__geometryKind":"point","__featureIndex":259,"__typeValue":"بوكس"},"geometry":{"type":"Point","coordinates":[31.569520414230556,30.27102573960317]}},{"type":"Feature","properties":{"Description":null,"Telecom_Feature_Type":"بوكس","Easting":"031° 34' 4.93\" E","Northing":"30° 16' 15.05\" N","ID":"29","GlobalID":"{E0A774A9-6F6B-44FD-9D52-ED4BE33BE6B2}","sectors":"القطاع الثاني","Distance":"100m","I_D":"10-4","__networkId":"telecom","__networkName":"شبكة الاتصالات","__layerId":"telecom_assets","__layerName":"مرافق الاتصالات","__assetName":"مرافق الاتصالات","__geometryKind":"point","__featureIndex":260,"__typeValue":"بوكس"},"geometry":{"type":"Point","coordinates":[31.569712121898696,30.271013310797503]}},{"type":"Feature","properties":{"Description":null,"Telecom_Feature_Type":"بوكس","Easting":"031° 34' 5.46\" E","Northing":"30° 16' 16.18\" N","ID":"7","GlobalID":"{18CEAC2C-9CE2-4E12-ABB0-9BE103B5C186}","sectors":"القطاع الثاني","Distance":"160m","I_D":"10-4","__networkId":"telecom","__networkName":"شبكة الاتصالات","__layerId":"telecom_assets","__layerName":"مرافق الاتصالات","__assetName":"مرافق الاتصالات","__geometryKind":"point","__featureIndex":261,"__typeValue":"بوكس"},"geometry":{"type":"Point","coordinates":[31.56985915544945,30.271326762932826]}},{"type":"Feature","properties":{"Description":null,"Telecom_Feature_Type":"بوكس","Easting":"031° 34' 3.99\" E","Northing":"30° 16' 17.11\" N","ID":"9","GlobalID":"{252E7EB3-2E94-42F2-8096-B2D61B3485E0}","sectors":"القطاع الثاني","Distance":"100m","I_D":"10-4","__networkId":"telecom","__networkName":"شبكة الاتصالات","__layerId":"telecom_assets","__layerName":"مرافق الاتصالات","__assetName":"مرافق الاتصالات","__geometryKind":"point","__featureIndex":262,"__typeValue":"بوكس"},"geometry":{"type":"Point","coordinates":[31.56945202728459,30.271584868976586]}},{"type":"Feature","properties":{"Description":null,"Telecom_Feature_Type":"بوكس","Easting":"031° 34' 3.4\" E","Northing":"30° 16' 20.54\" N","ID":"3","GlobalID":"{4BBB1D8F-D971-4E44-ABFF-467E3CEBC703}","sectors":"القطاع الثاني","Distance":"210m","I_D":"10-4","__networkId":"telecom","__networkName":"شبكة الاتصالات","__layerId":"telecom_assets","__layerName":"مرافق الاتصالات","__assetName":"مرافق الاتصالات","__geometryKind":"point","__featureIndex":263,"__typeValue":"بوكس"},"geometry":{"type":"Point","coordinates":[31.56928702742815,30.272538938808157]}},{"type":"Feature","properties":{"Description":null,"Telecom_Feature_Type":"بوكس","Easting":"031° 34' 5.19\" E","Northing":"30° 16' 20.68\" N","ID":"1","GlobalID":"{7D6C8CEC-6901-47A5-992E-ABB55F01FF9A}","sectors":"القطاع الثاني","Distance":"255m","I_D":"10-4","__networkId":"telecom","__networkName":"شبكة الاتصالات","__layerId":"telecom_assets","__layerName":"مرافق الاتصالات","__assetName":"مرافق الاتصالات","__geometryKind":"point","__featureIndex":264,"__typeValue":"بوكس"},"geometry":{"type":"Point","coordinates":[31.56978546125683,30.272576637376066]}},{"type":"Feature","properties":{"Description":null,"Telecom_Feature_Type":"بوكس","Easting":"031° 34' 4.7\" E","Northing":"30° 16' 21.04\" N","ID":"2","GlobalID":"{FA1BB223-25B3-4C23-812C-51B8B946447B}","sectors":"القطاع الثاني","Distance":"240m","I_D":"10-4","__networkId":"telecom","__networkName":"شبكة الاتصالات","__layerId":"telecom_assets","__layerName":"مرافق الاتصالات","__assetName":"مرافق الاتصالات","__geometryKind":"point","__featureIndex":265,"__typeValue":"بوكس"},"geometry":{"type":"Point","coordinates":[31.569650472317395,30.27267664340173]}},{"type":"Feature","properties":{"Description":null,"Telecom_Feature_Type":"بوكس","Easting":"031° 34' 5.64\" E","Northing":"30° 16' 19.53\" N","ID":"4","GlobalID":"{B2317793-42B2-4B00-8A0A-1D2B2556A59C}","sectors":"القطاع الثاني","Distance":"200m","I_D":"10-4","__networkId":"telecom","__networkName":"شبكة الاتصالات","__layerId":"telecom_assets","__layerName":"مرافق الاتصالات","__assetName":"مرافق الاتصالات","__geometryKind":"point","__featureIndex":266,"__typeValue":"بوكس"},"geometry":{"type":"Point","coordinates":[31.569910240843054,30.27225728601181]}},{"type":"Feature","properties":{"Description":null,"Telecom_Feature_Type":"بوكس","Easting":"031° 34' 3.72\" E","Northing":"30° 16' 18.84\" N","ID":"6","GlobalID":"{33F27B55-B4F1-42F7-AAE6-87B4E0A8A6D4}","sectors":"القطاع الثاني","Distance":"140m","I_D":"10-4","__networkId":"telecom","__networkName":"شبكة الاتصالات","__layerId":"telecom_assets","__layerName":"مرافق الاتصالات","__assetName":"مرافق الاتصالات","__geometryKind":"point","__featureIndex":267,"__typeValue":"بوكس"},"geometry":{"type":"Point","coordinates":[31.569375902250787,30.27206759454435]}},{"type":"Feature","properties":{"Description":null,"Telecom_Feature_Type":"بوكس","Easting":"031° 34' 5.08\" E","Northing":"30° 16' 19.17\" N","ID":"5","GlobalID":"{FCFE1B5C-F9A8-4BB6-A58A-710BB45023A2}","sectors":"القطاع الثاني","Distance":"180m","I_D":"10-4","__networkId":"telecom","__networkName":"شبكة الاتصالات","__layerId":"telecom_assets","__layerName":"مرافق الاتصالات","__assetName":"مرافق الاتصالات","__geometryKind":"point","__featureIndex":268,"__typeValue":"بوكس"},"geometry":{"type":"Point","coordinates":[31.56975587075134,30.2721568916482]}},{"type":"Feature","properties":{"Description":null,"Telecom_Feature_Type":"بوكس","Easting":"031° 34' 6.34\" E","Northing":"30° 16' 14.34\" N","ID":"22","GlobalID":"{93904AB1-F568-4F02-9381-0FAD5066E026}","sectors":"القطاع الثاني","Distance":"245m","I_D":"12-4","__networkId":"telecom","__networkName":"شبكة الاتصالات","__layerId":"telecom_assets","__layerName":"مرافق الاتصالات","__assetName":"مرافق الاتصالات","__geometryKind":"point","__featureIndex":269,"__typeValue":"بوكس"},"geometry":{"type":"Point","coordinates":[31.570103877194096,30.27081495553607]}},{"type":"Feature","properties":{"Description":null,"Telecom_Feature_Type":"بوكس","Easting":"031° 34' 7.04\" E","Northing":"30° 16' 14.3\" N","ID":"23","GlobalID":"{4C11E98A-B2BB-4557-9E2A-32D48E350E50}","sectors":"القطاع الثاني","Distance":"230m","I_D":"12-4","__networkId":"telecom","__networkName":"شبكة الاتصالات","__layerId":"telecom_assets","__layerName":"مرافق الاتصالات","__assetName":"مرافق الاتصالات","__geometryKind":"point","__featureIndex":270,"__typeValue":"بوكس"},"geometry":{"type":"Point","coordinates":[31.570299403600533,30.270805236685863]}},{"type":"Feature","properties":{"Description":null,"Telecom_Feature_Type":"بوكس","Easting":"031° 34' 8.31\" E","Northing":"30° 16' 13.73\" N","ID":"24","GlobalID":"{905C8462-719A-47E6-993B-E1B17A26470E}","sectors":"القطاع الثاني","Distance":"190m","I_D":"12-4","__networkId":"telecom","__networkName":"شبكة الاتصالات","__layerId":"telecom_assets","__layerName":"مرافق الاتصالات","__assetName":"مرافق الاتصالات","__geometryKind":"point","__featureIndex":271,"__typeValue":"بوكس"},"geometry":{"type":"Point","coordinates":[31.57065155756495,30.270646389557726]}},{"type":"Feature","properties":{"Description":null,"Telecom_Feature_Type":"بوكس","Easting":"031° 34' 9.11\" E","Northing":"30° 16' 13.09\" N","ID":"25","GlobalID":"{F898D51D-9815-4C27-BBA9-AE6AB54AC615}","sectors":"القطاع الثاني","Distance":"150m","I_D":"12-4","__networkId":"telecom","__networkName":"شبكة الاتصالات","__layerId":"telecom_assets","__layerName":"مرافق الاتصالات","__assetName":"مرافق الاتصالات","__geometryKind":"point","__featureIndex":272,"__typeValue":"بوكس"},"geometry":{"type":"Point","coordinates":[31.570873604035196,30.27046780183073]}},{"type":"Feature","properties":{"Description":null,"Telecom_Feature_Type":"بوكس","Easting":"031° 34' 10.1\" E","Northing":"30° 16' 12.76\" N","ID":"26","GlobalID":"{4B48A92F-B358-4060-BC68-812056A5441C}","sectors":"القطاع الثاني","Distance":"115m","I_D":"12-4","__networkId":"telecom","__networkName":"شبكة الاتصالات","__layerId":"telecom_assets","__layerName":"مرافق الاتصالات","__assetName":"مرافق الاتصالات","__geometryKind":"point","__featureIndex":273,"__typeValue":"بوكس"},"geometry":{"type":"Point","coordinates":[31.571148212729344,30.27037870258012]}},{"type":"Feature","properties":{"Description":null,"Telecom_Feature_Type":"بوكس","Easting":"031° 34' 10.53\" E","Northing":"30° 16' 15.71\" N","ID":"16","GlobalID":"{4A8B58E4-6CAC-4EF8-8331-DB8803ABB3E7}","sectors":"القطاع الثاني","Distance":"45m","I_D":"12-4","__networkId":"telecom","__networkName":"شبكة الاتصالات","__layerId":"telecom_assets","__layerName":"مرافق الاتصالات","__assetName":"مرافق الاتصالات","__geometryKind":"point","__featureIndex":274,"__typeValue":"بوكس"},"geometry":{"type":"Point","coordinates":[31.57126850612903,30.271197748059915]}},{"type":"Feature","properties":{"Description":null,"Telecom_Feature_Type":"بوكس","Easting":"031° 34' 9.49\" E","Northing":"30° 16' 15.43\" N","ID":"15","GlobalID":"{0028257E-FDF0-4B42-96A6-B9DF4BD9A5EB}","sectors":"القطاع الثاني","Distance":"80m","I_D":"12-4","__networkId":"telecom","__networkName":"شبكة الاتصالات","__layerId":"telecom_assets","__layerName":"مرافق الاتصالات","__assetName":"مرافق الاتصالات","__geometryKind":"point","__featureIndex":275,"__typeValue":"بوكس"},"geometry":{"type":"Point","coordinates":[31.570979170454137,30.271118439668403]}},{"type":"Feature","properties":{"Description":null,"Telecom_Feature_Type":"بوكس","Easting":"031° 34' 8.06\" E","Northing":"30° 16' 15.39\" N","ID":"14","GlobalID":"{CEBBAB99-8968-4D8C-9584-71D193A2E3A8}","sectors":"القطاع الثاني","Distance":"120m","I_D":"12-4","__networkId":"telecom","__networkName":"شبكة الاتصالات","__layerId":"telecom_assets","__layerName":"مرافق الاتصالات","__assetName":"مرافق الاتصالات","__geometryKind":"point","__featureIndex":276,"__typeValue":"بوكس"},"geometry":{"type":"Point","coordinates":[31.570583156245963,30.271109022646016]}},{"type":"Feature","properties":{"Description":null,"Telecom_Feature_Type":"بوكس","Easting":"031° 34' 7.58\" E","Northing":"30° 16' 15.94\" N","ID":"13","GlobalID":"{D9DDE04C-C5C6-4153-A8F4-0899256D28BF}","sectors":"القطاع الثاني","Distance":"140m","I_D":"12-4","__networkId":"telecom","__networkName":"شبكة الاتصالات","__layerId":"telecom_assets","__layerName":"مرافق الاتصالات","__assetName":"مرافق الاتصالات","__geometryKind":"point","__featureIndex":277,"__typeValue":"بوكس"},"geometry":{"type":"Point","coordinates":[31.570450635876917,30.27126167636148]}},{"type":"Feature","properties":{"Description":null,"Telecom_Feature_Type":"بوكس","Easting":"031° 34' 7.66\" E","Northing":"30° 16' 17.2\" N","ID":"9","GlobalID":"{93052C7E-4CA6-46EE-AF55-5406246317BF}","sectors":"القطاع الثاني","Distance":"160m","I_D":"12-4","__networkId":"telecom","__networkName":"شبكة الاتصالات","__layerId":"telecom_assets","__layerName":"مرافق الاتصالات","__assetName":"مرافق الاتصالات","__geometryKind":"point","__featureIndex":278,"__typeValue":"بوكس"},"geometry":{"type":"Point","coordinates":[31.570470275743993,30.271610882422117]}},{"type":"Feature","properties":{"Description":null,"Telecom_Feature_Type":"بوكس","Easting":"031° 34' 8.42\" E","Northing":"30° 16' 17.49\" N","ID":"10","GlobalID":"{FF22F391-1572-4FAC-9ACD-E771DDB9C19F}","sectors":"القطاع الثاني","Distance":"145m","I_D":"12-4","__networkId":"telecom","__networkName":"شبكة الاتصالات","__layerId":"telecom_assets","__layerName":"مرافق الاتصالات","__assetName":"مرافق الاتصالات","__geometryKind":"point","__featureIndex":279,"__typeValue":"بوكس"},"geometry":{"type":"Point","coordinates":[31.57068403615404,30.27169118657545]}},{"type":"Feature","properties":{"Description":null,"Telecom_Feature_Type":"بوكس","Easting":"031° 34' 9.84\" E","Northing":"30° 16' 17.34\" N","ID":"11","GlobalID":"{55A8C0EC-6931-4F4C-BDCB-D5F1BA8049FA}","sectors":"القطاع الثاني","Distance":"110m","I_D":"12-4","__networkId":"telecom","__networkName":"شبكة الاتصالات","__layerId":"telecom_assets","__layerName":"مرافق الاتصالات","__assetName":"مرافق الاتصالات","__geometryKind":"point","__featureIndex":280,"__typeValue":"بوكس"},"geometry":{"type":"Point","coordinates":[31.571077108379658,30.271648364115368]}},{"type":"Feature","properties":{"Description":null,"Telecom_Feature_Type":"بوكس","Easting":"031° 34' 10.84\" E","Northing":"30° 16' 16.96\" N","ID":"12","GlobalID":"{CC0B3E24-0BAC-434D-9D66-E9C9E5BE7D8C}","sectors":"القطاع الثاني","Distance":"70m","I_D":"12-4","__networkId":"telecom","__networkName":"شبكة الاتصالات","__layerId":"telecom_assets","__layerName":"مرافق الاتصالات","__assetName":"مرافق الاتصالات","__geometryKind":"point","__featureIndex":281,"__typeValue":"بوكس"},"geometry":{"type":"Point","coordinates":[31.57135616912435,30.27154496280164]}},{"type":"Feature","properties":{"Description":null,"Telecom_Feature_Type":"بوكس","Easting":"031° 34' 7.73\" E","Northing":"30° 16' 20.85\" N","ID":"2","GlobalID":"{F5AA565E-CE3C-4A01-913A-53BAB608FF84}","sectors":"القطاع الثاني","Distance":"270m","I_D":"12-4","__networkId":"telecom","__networkName":"شبكة الاتصالات","__layerId":"telecom_assets","__layerName":"مرافق الاتصالات","__assetName":"مرافق الاتصالات","__geometryKind":"point","__featureIndex":282,"__typeValue":"بوكس"},"geometry":{"type":"Point","coordinates":[31.57048969103223,30.27262425553748]}},{"type":"Feature","properties":{"Description":null,"Telecom_Feature_Type":"بوكس","Easting":"031° 34' 9.13\" E","Northing":"30° 16' 21.05\" N","ID":"3","GlobalID":"{2EA05C87-78DE-4F85-90F6-866C771A7C2A}","sectors":"القطاع الثاني","Distance":"230m","I_D":"12-4","__networkId":"telecom","__networkName":"شبكة الاتصالات","__layerId":"telecom_assets","__layerName":"مرافق الاتصالات","__assetName":"مرافق الاتصالات","__geometryKind":"point","__featureIndex":283,"__typeValue":"بوكس"},"geometry":{"type":"Point","coordinates":[31.57088060370788,30.272680038378862]}},{"type":"Feature","properties":{"Description":null,"Telecom_Feature_Type":"بوكس","Easting":"031° 34' 10.22\" E","Northing":"30° 16' 20.93\" N","ID":"4","GlobalID":"{5BB0A938-4DC2-471F-B77A-4A29835894E6}","sectors":"القطاع الثاني","Distance":"205m","I_D":"12-4","__networkId":"telecom","__networkName":"شبكة الاتصالات","__layerId":"telecom_assets","__layerName":"مرافق الاتصالات","__assetName":"مرافق الاتصالات","__geometryKind":"point","__featureIndex":284,"__typeValue":"بوكس"},"geometry":{"type":"Point","coordinates":[31.571182862546486,30.272646577366988]}},{"type":"Feature","properties":{"Description":null,"Telecom_Feature_Type":"بوكس","Easting":"031° 34' 7.05\" E","Northing":"30° 16' 20.37\" N","ID":"1","GlobalID":"{324216F1-0068-4EE2-982B-49155CA86715}","sectors":"القطاع الثاني","Distance":"285m","I_D":"12-4","__networkId":"telecom","__networkName":"شبكة الاتصالات","__layerId":"telecom_assets","__layerName":"مرافق الاتصالات","__assetName":"مرافق الاتصالات","__geometryKind":"point","__featureIndex":285,"__typeValue":"بوكس"},"geometry":{"type":"Point","coordinates":[31.570301734728698,30.272490659607595]}},{"type":"Feature","properties":{"Description":null,"Telecom_Feature_Type":"بوكس","Easting":"031° 34' 7.38\" E","Northing":"30° 16' 19.17\" N","ID":"5","GlobalID":"{56A75431-C0BF-41C9-99E0-67779755A576}","sectors":"القطاع الثاني","Distance":"280m","I_D":"12-4","__networkId":"telecom","__networkName":"شبكة الاتصالات","__layerId":"telecom_assets","__layerName":"مرافق الاتصالات","__assetName":"مرافق الاتصالات","__geometryKind":"point","__featureIndex":286,"__typeValue":"بوكس"},"geometry":{"type":"Point","coordinates":[31.570393748264927,30.272158823443878]}},{"type":"Feature","properties":{"Description":null,"Telecom_Feature_Type":"بوكس","Easting":"031° 34' 9.41\" E","Northing":"30° 16' 19.12\" N","ID":"7","GlobalID":"{88E31058-4A4E-4AA7-99A7-D406515F1C0B}","sectors":"القطاع الثاني","Distance":"210m","I_D":"12-4","__networkId":"telecom","__networkName":"شبكة الاتصالات","__layerId":"telecom_assets","__layerName":"مرافق الاتصالات","__assetName":"مرافق الاتصالات","__geometryKind":"point","__featureIndex":287,"__typeValue":"بوكس"},"geometry":{"type":"Point","coordinates":[31.570958516389105,30.272143082799037]}},{"type":"Feature","properties":{"Description":null,"Telecom_Feature_Type":"بوكس","Easting":"031° 34' 10.32\" E","Northing":"30° 16' 19.65\" N","ID":"08","GlobalID":"{D0B6DC00-C06C-41C4-8B8B-1324436EF7C1}","sectors":"القطاع الثاني","Distance":"175m","I_D":"12-4","__networkId":"telecom","__networkName":"شبكة الاتصالات","__layerId":"telecom_assets","__layerName":"مرافق الاتصالات","__assetName":"مرافق الاتصالات","__geometryKind":"point","__featureIndex":288,"__typeValue":"بوكس"},"geometry":{"type":"Point","coordinates":[31.571210018617506,30.272290415105193]}},{"type":"Feature","properties":{"Description":null,"Telecom_Feature_Type":"بوكس","Easting":"031° 34' 4.55\" E","Northing":"30° 16' 27.07\" N","ID":"26","GlobalID":"{0FE9725C-38CD-4948-8E5E-5B2E64CE2460}","sectors":"القطاع الثاني","Distance":"45m","I_D":"10-3","__networkId":"telecom","__networkName":"شبكة الاتصالات","__layerId":"telecom_assets","__layerName":"مرافق الاتصالات","__assetName":"مرافق الاتصالات","__geometryKind":"point","__featureIndex":289,"__typeValue":"بوكس"},"geometry":{"type":"Point","coordinates":[31.56960907615245,30.27435174237263]}},{"type":"Feature","properties":{"Description":null,"Telecom_Feature_Type":"بوكس","Easting":"031° 34' 5.69\" E","Northing":"30° 16' 26.32\" N","ID":"25","GlobalID":"{9EB10D00-66D5-4101-A237-E93B0FEFDDDE}","sectors":"القطاع الثاني","Distance":"85m","I_D":"10-3","__networkId":"telecom","__networkName":"شبكة الاتصالات","__layerId":"telecom_assets","__layerName":"مرافق الاتصالات","__assetName":"مرافق الاتصالات","__geometryKind":"point","__featureIndex":290,"__typeValue":"بوكس"},"geometry":{"type":"Point","coordinates":[31.56992535948927,30.274144963951162]}},{"type":"Feature","properties":{"Description":null,"Telecom_Feature_Type":"بوكس","Easting":"031° 34' 5.63\" E","Northing":"30° 16' 25.59\" N","ID":"24","GlobalID":"{D4EADE47-9F7B-4242-A180-A03573AA3EC6}","sectors":"القطاع الثاني","Distance":"100m","I_D":"10-3","__networkId":"telecom","__networkName":"شبكة الاتصالات","__layerId":"telecom_assets","__layerName":"مرافق الاتصالات","__assetName":"مرافق الاتصالات","__geometryKind":"point","__featureIndex":291,"__typeValue":"بوكس"},"geometry":{"type":"Point","coordinates":[31.56990669698924,30.27394138685159]}},{"type":"Feature","properties":{"Description":null,"Telecom_Feature_Type":"بوكس","Easting":"031° 34' 4.69\" E","Northing":"30° 16' 24.67\" N","ID":"21","GlobalID":"{C3A477CF-EA68-4777-9ABE-B92EFFCDF8D3}","sectors":"القطاع الثاني","Distance":"240m","I_D":"10-3","__networkId":"telecom","__networkName":"شبكة الاتصالات","__layerId":"telecom_assets","__layerName":"مرافق الاتصالات","__assetName":"مرافق الاتصالات","__geometryKind":"point","__featureIndex":292,"__typeValue":"بوكس"},"geometry":{"type":"Point","coordinates":[31.56964744768983,30.273685966650188]}},{"type":"Feature","properties":{"Description":null,"Telecom_Feature_Type":"بوكس","Easting":"031° 34' 3.89\" E","Northing":"30° 16' 24.88\" N","ID":"22","GlobalID":"{1B2D611C-6B46-4674-923E-037369183401}","sectors":"القطاع الثاني","Distance":"230m","I_D":"10-3","__networkId":"telecom","__networkName":"شبكة الاتصالات","__layerId":"telecom_assets","__layerName":"مرافق الاتصالات","__assetName":"مرافق الاتصالات","__geometryKind":"point","__featureIndex":293,"__typeValue":"بوكس"},"geometry":{"type":"Point","coordinates":[31.569425196403685,30.273745068575053]}},{"type":"Feature","properties":{"Description":null,"Telecom_Feature_Type":"بوكس","Easting":"031° 34' 2.9\" E","Northing":"30° 16' 25.77\" N","ID":"23","GlobalID":"{7AEDDCE2-9D68-4255-85E8-F32B269A7E40}","sectors":"القطاع الثاني","Distance":"180m","I_D":"10-3","__networkId":"telecom","__networkName":"شبكة الاتصالات","__layerId":"telecom_assets","__layerName":"مرافق الاتصالات","__assetName":"مرافق الاتصالات","__geometryKind":"point","__featureIndex":294,"__typeValue":"بوكس"},"geometry":{"type":"Point","coordinates":[31.56914869406092,30.273991325565703]}},{"type":"Feature","properties":{"Description":null,"Telecom_Feature_Type":"بوكس","Easting":"031° 34' 3.18\" E","Northing":"30° 16' 23.85\" N","ID":"19","GlobalID":"{13C13F17-EC31-49BF-B5F5-3A17BB8F4FA6}","sectors":"القطاع الثاني","Distance":"185m","I_D":"10-3","__networkId":"telecom","__networkName":"شبكة الاتصالات","__layerId":"telecom_assets","__layerName":"مرافق الاتصالات","__assetName":"مرافق الاتصالات","__geometryKind":"point","__featureIndex":295,"__typeValue":"بوكس"},"geometry":{"type":"Point","coordinates":[31.569227077459356,30.27345858128057]}},{"type":"Feature","properties":{"Description":null,"Telecom_Feature_Type":"بوكس","Easting":"031° 34' 3.11\" E","Northing":"30° 16' 23.12\" N","ID":"18","GlobalID":"{3CB964F5-7D2E-4CFE-819B-9BE3CAAF4BA1}","sectors":"القطاع الثاني","Distance":"200m","I_D":"10-3","__networkId":"telecom","__networkName":"شبكة الاتصالات","__layerId":"telecom_assets","__layerName":"مرافق الاتصالات","__assetName":"مرافق الاتصالات","__geometryKind":"point","__featureIndex":296,"__typeValue":"بوكس"},"geometry":{"type":"Point","coordinates":[31.569209111153672,30.273254766910252]}},{"type":"Feature","properties":{"Description":null,"Telecom_Feature_Type":"بوكس","Easting":"031° 34' 2.19\" E","Northing":"30° 16' 22.21\" N","ID":"15","GlobalID":"{068B5C90-FC87-4DB1-8900-4564F94A116D}","sectors":"القطاع الثاني","Distance":"240m","I_D":"10-3","__networkId":"telecom","__networkName":"شبكة الاتصالات","__layerId":"telecom_assets","__layerName":"مرافق الاتصالات","__assetName":"مرافق الاتصالات","__geometryKind":"point","__featureIndex":297,"__typeValue":"بوكس"},"geometry":{"type":"Point","coordinates":[31.568951876775426,30.273001737535296]}},{"type":"Feature","properties":{"Description":null,"Telecom_Feature_Type":"بوكس","Easting":"031° 34' 1.38\" E","Northing":"30° 16' 22.41\" N","ID":"16","GlobalID":"{5F9066E1-1942-4069-BF3E-2D4A37C16105}","sectors":"القطاع الثاني","Distance":"225m","I_D":"10-3","__networkId":"telecom","__networkName":"شبكة الاتصالات","__layerId":"telecom_assets","__layerName":"مرافق الاتصالات","__assetName":"مرافق الاتصالات","__geometryKind":"point","__featureIndex":298,"__typeValue":"بوكس"},"geometry":{"type":"Point","coordinates":[31.568727615059704,30.273058445708806]}},{"type":"Feature","properties":{"Description":null,"Telecom_Feature_Type":"بوكس","Easting":"031° 34' 0.39\" E","Northing":"30° 16' 23.3\" N","ID":"17","GlobalID":"{42642CB8-8385-42A3-8940-CF3C3AC2E7A4}","sectors":"القطاع الثاني","Distance":"185m","I_D":"10-3","__networkId":"telecom","__networkName":"شبكة الاتصالات","__layerId":"telecom_assets","__layerName":"مرافق الاتصالات","__assetName":"مرافق الاتصالات","__geometryKind":"point","__featureIndex":299,"__typeValue":"بوكس"},"geometry":{"type":"Point","coordinates":[31.568451113615243,30.273304701318864]}},{"type":"Feature","properties":{"Description":null,"Telecom_Feature_Type":"بوكس","Easting":"031° 34' 5.77\" E","Northing":"30° 16' 23.84\" N","ID":"6","GlobalID":"{32A71B08-1D79-4A02-B351-2D2BBE1AFA8B}","sectors":"القطاع الثاني","Distance":"345m","I_D":"10-3","__networkId":"telecom","__networkName":"شبكة الاتصالات","__layerId":"telecom_assets","__layerName":"مرافق الاتصالات","__assetName":"مرافق الاتصالات","__geometryKind":"point","__featureIndex":300,"__typeValue":"بوكس"},"geometry":{"type":"Point","coordinates":[31.5699465723064,30.273455156849497]}},{"type":"Feature","properties":{"Description":null,"Telecom_Feature_Type":"بوكس","Easting":"031° 34' 6.99\" E","Northing":"30° 16' 24.48\" N","ID":"7","GlobalID":"{F68D58A4-1D2B-44F8-A20B-DC0AD2A905E6}","sectors":"القطاع الثاني","Distance":"305m","I_D":"10-3","__networkId":"telecom","__networkName":"شبكة الاتصالات","__layerId":"telecom_assets","__layerName":"مرافق الاتصالات","__assetName":"مرافق الاتصالات","__geometryKind":"point","__featureIndex":301,"__typeValue":"بوكس"},"geometry":{"type":"Point","coordinates":[31.570284690094503,30.27363301453511]}},{"type":"Feature","properties":{"Description":null,"Telecom_Feature_Type":"بوكس","Easting":"031° 34' 8.05\" E","Northing":"30° 16' 24.73\" N","ID":"8","GlobalID":"{9C9181C5-A7DB-4B7B-AC18-BFF38AA7D613}","sectors":"القطاع الثاني","Distance":"275m","I_D":"10-3","__networkId":"telecom","__networkName":"شبكة الاتصالات","__layerId":"telecom_assets","__layerName":"مرافق الاتصالات","__assetName":"مرافق الاتصالات","__geometryKind":"point","__featureIndex":302,"__typeValue":"بوكس"},"geometry":{"type":"Point","coordinates":[31.57057864939819,30.273703443308985]}},{"type":"Feature","properties":{"Description":null,"Telecom_Feature_Type":"بوكس","Easting":"031° 34' 6.98\" E","Northing":"30° 16' 21.99\" N","ID":"2","GlobalID":"{C6ED8503-1248-40A0-A6B6-7FBDEBB1977C}","sectors":"القطاع الثاني","Distance":"385m","I_D":"10-3","__networkId":"telecom","__networkName":"شبكة الاتصالات","__layerId":"telecom_assets","__layerName":"مرافق الاتصالات","__assetName":"مرافق الاتصالات","__geometryKind":"point","__featureIndex":303,"__typeValue":"بوكس"},"geometry":{"type":"Point","coordinates":[31.570282586240104,30.27294063200758]}},{"type":"Feature","properties":{"Description":null,"Telecom_Feature_Type":"بوكس","Easting":"031° 34' 8.07\" E","Northing":"30° 16' 22.78\" N","ID":"3","GlobalID":"{C21A4338-C12B-49A2-BF09-2D26B320CF45}","sectors":"القطاع الثاني","Distance":"345m","I_D":"10-3","__networkId":"telecom","__networkName":"شبكة الاتصالات","__layerId":"telecom_assets","__layerName":"مرافق الاتصالات","__assetName":"مرافق الاتصالات","__geometryKind":"point","__featureIndex":304,"__typeValue":"بوكس"},"geometry":{"type":"Point","coordinates":[31.570586775558237,30.273160933071377]}},{"type":"Feature","properties":{"Description":null,"Telecom_Feature_Type":"بوكس","Easting":"031° 34' 8.69\" E","Northing":"30° 16' 23.56\" N","ID":"4","GlobalID":"{2096610E-500C-492D-A738-E007BE4C55F6}","sectors":"القطاع الثاني","Distance":"310m","I_D":"10-3","__networkId":"telecom","__networkName":"شبكة الاتصالات","__layerId":"telecom_assets","__layerName":"مرافق الاتصالات","__assetName":"مرافق الاتصالات","__geometryKind":"point","__featureIndex":305,"__typeValue":"بوكس"},"geometry":{"type":"Point","coordinates":[31.57075733868123,30.273378752594216]}},{"type":"Feature","properties":{"Description":null,"Telecom_Feature_Type":"بوكس","Easting":"031° 34' 5.36\" E","Northing":"30° 16' 23.17\" N","ID":" 5","GlobalID":"{D00D6307-2B22-494A-BAAA-E6978F174C15}","sectors":"القطاع الثاني","Distance":"360m","I_D":"10-3","__networkId":"telecom","__networkName":"شبكة الاتصالات","__layerId":"telecom_assets","__layerName":"مرافق الاتصالات","__assetName":"مرافق الاتصالات","__geometryKind":"point","__featureIndex":306,"__typeValue":"بوكس"},"geometry":{"type":"Point","coordinates":[31.569834042147395,30.27326792004122]}},{"type":"Feature","properties":{"Description":null,"Telecom_Feature_Type":"بوكس","Easting":"031° 34' 6.19\" E","Northing":"30° 16' 22.18\" N","ID":"1","GlobalID":"{EB7DC637-B1F2-46B1-B6B3-AFDD4C939BD7}","sectors":"القطاع الثاني","Distance":"400m","I_D":"10-3","__networkId":"telecom","__networkName":"شبكة الاتصالات","__layerId":"telecom_assets","__layerName":"مرافق الاتصالات","__assetName":"مرافق الاتصالات","__geometryKind":"point","__featureIndex":307,"__typeValue":"بوكس"},"geometry":{"type":"Point","coordinates":[31.570062943661558,30.2729950888014]}},{"type":"Feature","properties":{"Description":null,"Telecom_Feature_Type":"بوكس","Easting":"031° 33' 59.69\" E","Northing":"30° 16' 27.22\" N","ID":"13A","GlobalID":"{BE9DCAD1-A9A2-422E-96D6-41B80B105E19}","sectors":"القطاع الاول","Distance":"5m","I_D":"10-3","__networkId":"telecom","__networkName":"شبكة الاتصالات","__layerId":"telecom_assets","__layerName":"مرافق الاتصالات","__assetName":"مرافق الاتصالات","__geometryKind":"point","__featureIndex":308,"__typeValue":"بوكس"},"geometry":{"type":"Point","coordinates":[31.568256437913394,30.274394513226092]}},{"type":"Feature","properties":{"Description":null,"Telecom_Feature_Type":"بوكس","Easting":"031° 34' 1.89\" E","Northing":"30° 16' 27.44\" N","ID":"14","GlobalID":"{6E2DA763-836C-45CB-8FF4-35B0B9694FC8}","sectors":"القطاع الاول","Distance":"190m","I_D":"10-3","__networkId":"telecom","__networkName":"شبكة الاتصالات","__layerId":"telecom_assets","__layerName":"مرافق الاتصالات","__assetName":"مرافق الاتصالات","__geometryKind":"point","__featureIndex":309,"__typeValue":"بوكس"},"geometry":{"type":"Point","coordinates":[31.56886775134571,30.274456462698577]}},{"type":"Feature","properties":{"Description":null,"Telecom_Feature_Type":"بوكس","Easting":"031° 33' 58.99\" E","Northing":"30° 16' 27.75\" N","ID":"12","GlobalID":"{15077749-835D-414A-B975-821413E1E307}","sectors":"القطاع الاول","Distance":"220m","I_D":"10-3","__networkId":"telecom","__networkName":"شبكة الاتصالات","__layerId":"telecom_assets","__layerName":"مرافق الاتصالات","__assetName":"مرافق الاتصالات","__geometryKind":"point","__featureIndex":310,"__typeValue":"بوكس"},"geometry":{"type":"Point","coordinates":[31.568063601961263,30.274540541131678]}},{"type":"Feature","properties":{"Description":null,"Telecom_Feature_Type":"بوكس","Easting":"031° 34' 0.69\" E","Northing":"30° 16' 29.42\" N","ID":"10","GlobalID":"{90544DB9-BF2C-46D9-8C57-81255C66CFE2}","sectors":"القطاع الاول","Distance":"140m","I_D":"10-3","__networkId":"telecom","__networkName":"شبكة الاتصالات","__layerId":"telecom_assets","__layerName":"مرافق الاتصالات","__assetName":"مرافق الاتصالات","__geometryKind":"point","__featureIndex":311,"__typeValue":"بوكس"},"geometry":{"type":"Point","coordinates":[31.568534700954125,30.275004511187486]}},{"type":"Feature","properties":{"Description":null,"Telecom_Feature_Type":"بوكس","Easting":"031° 33' 57.62\" E","Northing":"30° 16' 23.23\" N","ID":"15","GlobalID":"{B6622E3F-58EB-465A-B777-DC63240E1073}","sectors":"القطاع الاول","Distance":"200m","I_D":"7-3","__networkId":"telecom","__networkName":"شبكة الاتصالات","__layerId":"telecom_assets","__layerName":"مرافق الاتصالات","__assetName":"مرافق الاتصالات","__geometryKind":"point","__featureIndex":312,"__typeValue":"بوكس"},"geometry":{"type":"Point","coordinates":[31.567683750241667,30.27328612060766]}},{"type":"Feature","properties":{"Description":null,"Telecom_Feature_Type":"بوكس","Easting":"031° 33' 46.82\" E","Northing":"30° 16' 15.27\" N","ID":"25","GlobalID":"{E20C432D-3046-46EA-A6E2-E4FEE202B660}","sectors":"القطاع الاول","Distance":"70m","I_D":"7-2","__networkId":"telecom","__networkName":"شبكة الاتصالات","__layerId":"telecom_assets","__layerName":"مرافق الاتصالات","__assetName":"مرافق الاتصالات","__geometryKind":"point","__featureIndex":313,"__typeValue":"بوكس"},"geometry":{"type":"Point","coordinates":[31.5646835343979,30.271074378733548]}},{"type":"Feature","properties":{"Description":null,"Telecom_Feature_Type":"بوكس","Easting":"031° 33' 45.94\" E","Northing":"30° 16' 14.43\" N","ID":"24","GlobalID":"{72DCB431-1E0D-420C-931E-457FFC7D020F}","sectors":"القطاع الاول","Distance":"70m","I_D":"7-2","__networkId":"telecom","__networkName":"شبكة الاتصالات","__layerId":"telecom_assets","__layerName":"مرافق الاتصالات","__assetName":"مرافق الاتصالات","__geometryKind":"point","__featureIndex":314,"__typeValue":"بوكس"},"geometry":{"type":"Point","coordinates":[31.56443885397576,30.27084152312967]}},{"type":"Feature","properties":{"Description":null,"Telecom_Feature_Type":"بوكس","Easting":"031° 33' 45.34\" E","Northing":"30° 16' 13.37\" N","ID":"23","GlobalID":"{ABBFBDE8-2715-4787-8802-C4D76365BFDC}","sectors":"القطاع الاول","Distance":"270m","I_D":"7-2","__networkId":"telecom","__networkName":"شبكة الاتصالات","__layerId":"telecom_assets","__layerName":"مرافق الاتصالات","__assetName":"مرافق الاتصالات","__geometryKind":"point","__featureIndex":315,"__typeValue":"بوكس"},"geometry":{"type":"Point","coordinates":[31.564272218287172,30.27054642025543]}},{"type":"Feature","properties":{"Description":null,"Telecom_Feature_Type":"بوكس","Easting":"031° 33' 44.22\" E","Northing":"30° 16' 13.34\" N","ID":"22","GlobalID":"{8A1E2EFB-BDF6-44DC-ACAC-66DAF9489FA4}","sectors":"القطاع الاول","Distance":"300m","I_D":"7-2","__networkId":"telecom","__networkName":"شبكة الاتصالات","__layerId":"telecom_assets","__layerName":"مرافق الاتصالات","__assetName":"مرافق الاتصالات","__geometryKind":"point","__featureIndex":316,"__typeValue":"بوكس"},"geometry":{"type":"Point","coordinates":[31.563961048160962,30.270538224341504]}},{"type":"Feature","properties":{"Description":null,"Telecom_Feature_Type":"بوكس","Easting":"031° 33' 43.26\" E","Northing":"30° 16' 14.1\" N","ID":"18","GlobalID":"{D1BC696E-77B9-46F6-9671-46C9CB22DD40}","sectors":"القطاع الاول","Distance":"305m","I_D":"7-2","__networkId":"telecom","__networkName":"شبكة الاتصالات","__layerId":"telecom_assets","__layerName":"مرافق الاتصالات","__assetName":"مرافق الاتصالات","__geometryKind":"point","__featureIndex":317,"__typeValue":"بوكس"},"geometry":{"type":"Point","coordinates":[31.56369289655709,30.27075094780871]}},{"type":"Feature","properties":{"Description":null,"Telecom_Feature_Type":"بوكس","Easting":"031° 33' 46.0\" E","Northing":"30° 16' 16.53\" N","ID":"21","GlobalID":"{928EE3E2-32AC-4CDD-A690-3AEB74E83131}","sectors":"القطاع الاول","Distance":"110m","I_D":"7-2","__networkId":"telecom","__networkName":"شبكة الاتصالات","__layerId":"telecom_assets","__layerName":"مرافق الاتصالات","__assetName":"مرافق الاتصالات","__geometryKind":"point","__featureIndex":318,"__typeValue":"بوكس"},"geometry":{"type":"Point","coordinates":[31.56445594891562,30.27142549399579]}},{"type":"Feature","properties":{"Description":null,"Telecom_Feature_Type":"بوكس","Easting":"031° 33' 45.11\" E","Northing":"30° 16' 15.69\" N","ID":"20","GlobalID":"{E683FE40-FF51-4F28-BCB8-4425279F7E68}","sectors":"القطاع الاول","Distance":"210m","I_D":"7-2","__networkId":"telecom","__networkName":"شبكة الاتصالات","__layerId":"telecom_assets","__layerName":"مرافق الاتصالات","__assetName":"مرافق الاتصالات","__geometryKind":"point","__featureIndex":319,"__typeValue":"بوكس"},"geometry":{"type":"Point","coordinates":[31.564207600672162,30.271192474749057]}},{"type":"Feature","properties":{"Description":null,"Telecom_Feature_Type":"بوكس","Easting":"031° 33' 44.12\" E","Northing":"30° 16' 15.22\" N","ID":"19","GlobalID":"{18C7A8F4-2F33-4F6B-9140-6513C447A347}","sectors":"القطاع الاول","Distance":"275m","I_D":"7-2","__networkId":"telecom","__networkName":"شبكة الاتصالات","__layerId":"telecom_assets","__layerName":"مرافق الاتصالات","__assetName":"مرافق الاتصالات","__geometryKind":"point","__featureIndex":320,"__typeValue":"بوكس"},"geometry":{"type":"Point","coordinates":[31.563932392801718,30.271061680720962]}},{"type":"Feature","properties":{"Description":null,"Telecom_Feature_Type":"بوكس","Easting":"031° 33' 43.72\" E","Northing":"30° 16' 17.83\" N","ID":"20","GlobalID":"{D617E1DB-148C-4193-8ECB-5F66C1E2CD34}","sectors":"القطاع الاول","Distance":"110m","I_D":"7-1","__networkId":"telecom","__networkName":"شبكة الاتصالات","__layerId":"telecom_assets","__layerName":"مرافق الاتصالات","__assetName":"مرافق الاتصالات","__geometryKind":"point","__featureIndex":321,"__typeValue":"بوكس"},"geometry":{"type":"Point","coordinates":[31.563822440807584,30.271785772041678]}},{"type":"Feature","properties":{"Description":null,"Telecom_Feature_Type":"بوكس","Easting":"031° 33' 42.87\" E","Northing":"30° 16' 16.98\" N","ID":"19","GlobalID":"{0F50314E-46D9-4A6D-8A5F-A61353D3D118}","sectors":"القطاع الاول","Distance":"140m","I_D":"7-1","__networkId":"telecom","__networkName":"شبكة الاتصالات","__layerId":"telecom_assets","__layerName":"مرافق الاتصالات","__assetName":"مرافق الاتصالات","__geometryKind":"point","__featureIndex":322,"__typeValue":"بوكس"},"geometry":{"type":"Point","coordinates":[31.563586697724194,30.271548971496625]}},{"type":"Feature","properties":{"Description":null,"Telecom_Feature_Type":"بوكس","Easting":"031° 33' 42.82\" E","Northing":"30° 16' 19.09\" N","ID":"21","GlobalID":"{0DF07A87-B8CC-4C1C-B30F-331651E36192}","sectors":"القطاع الاول","Distance":"60m","I_D":"7-1","__networkId":"telecom","__networkName":"شبكة الاتصالات","__layerId":"telecom_assets","__layerName":"مرافق الاتصالات","__assetName":"مرافق الاتصالات","__geometryKind":"point","__featureIndex":323,"__typeValue":"بوكس"},"geometry":{"type":"Point","coordinates":[31.56357214860984,30.272135340874136]}},{"type":"Feature","properties":{"Description":null,"Telecom_Feature_Type":"بوكس","Easting":"031° 33' 44.81\" E","Northing":"30° 16' 19.54\" N","ID":"8","GlobalID":"{4C629320-A703-4A20-BECA-4F95F6ADEE07}","sectors":"القطاع الاول","Distance":"210m","I_D":"7-2","__networkId":"telecom","__networkName":"شبكة الاتصالات","__layerId":"telecom_assets","__layerName":"مرافق الاتصالات","__assetName":"مرافق الاتصالات","__geometryKind":"point","__featureIndex":324,"__typeValue":"بوكس"},"geometry":{"type":"Point","coordinates":[31.564124707730997,30.272259618904886]}},{"type":"Feature","properties":{"Description":null,"Telecom_Feature_Type":"بوكس","Easting":"031° 33' 44.78\" E","Northing":"30° 16' 21.03\" N","ID":"7","GlobalID":"{FB4C4791-7BD0-45C0-9C97-84D2331ECE95}","sectors":"القطاع الاول","Distance":"300m","I_D":"7-2","__networkId":"telecom","__networkName":"شبكة الاتصالات","__layerId":"telecom_assets","__layerName":"مرافق الاتصالات","__assetName":"مرافق الاتصالات","__geometryKind":"point","__featureIndex":325,"__typeValue":"بوكس"},"geometry":{"type":"Point","coordinates":[31.564116132413304,30.27267423681587]}},{"type":"Feature","properties":{"Description":null,"Telecom_Feature_Type":"بوكس","Easting":"031° 33' 45.71\" E","Northing":"30° 16' 21.82\" N","ID":"10","GlobalID":"{0B8153F2-C3F9-41C3-B913-A89D816C8A00}","sectors":"القطاع الاول","Distance":"280m","I_D":"7-2","__networkId":"telecom","__networkName":"شبكة الاتصالات","__layerId":"telecom_assets","__layerName":"مرافق الاتصالات","__assetName":"مرافق الاتصالات","__geometryKind":"point","__featureIndex":326,"__typeValue":"بوكس"},"geometry":{"type":"Point","coordinates":[31.56437398034087,30.272894810788934]}},{"type":"Feature","properties":{"Description":null,"Telecom_Feature_Type":"بوكس","Easting":"031° 33' 47.28\" E","Northing":"30° 16' 21.77\" N","ID":"11","GlobalID":"{0EDC978B-B87C-4EBE-9CBB-B0DC7F808851}","sectors":"القطاع الاول","Distance":"210m","I_D":"7-2","__networkId":"telecom","__networkName":"شبكة الاتصالات","__layerId":"telecom_assets","__layerName":"مرافق الاتصالات","__assetName":"مرافق الاتصالات","__geometryKind":"point","__featureIndex":327,"__typeValue":"بوكس"},"geometry":{"type":"Point","coordinates":[31.564811238898674,30.27288105867811]}},{"type":"Feature","properties":{"Description":null,"Telecom_Feature_Type":"بوكس","Easting":"031° 33' 55.29\" E","Northing":"30° 16' 30.32\" N","ID":"11A","GlobalID":"{B749ECC2-2F9F-46F5-9225-A025DFEC2378}","sectors":"القطاع الاول","Distance":"5m","I_D":"7-4","__networkId":"telecom","__networkName":"شبكة الاتصالات","__layerId":"telecom_assets","__layerName":"مرافق الاتصالات","__assetName":"مرافق الاتصالات","__geometryKind":"point","__featureIndex":328,"__typeValue":"بوكس"},"geometry":{"type":"Point","coordinates":[31.5670346940927,30.275254228952342]}},{"type":"Feature","properties":{"Description":null,"Telecom_Feature_Type":"بوكس","Easting":"031° 33' 55.27\" E","Northing":"30° 16' 28.43\" N","ID":"13A","GlobalID":"{ACC8DEA2-02BA-4B6E-A004-F38374151743}","sectors":"القطاع الاول","Distance":"5m","I_D":"7-4","__networkId":"telecom","__networkName":"شبكة الاتصالات","__layerId":"telecom_assets","__layerName":"مرافق الاتصالات","__assetName":"مرافق الاتصالات","__geometryKind":"point","__featureIndex":329,"__typeValue":"بوكس"},"geometry":{"type":"Point","coordinates":[31.567030175566835,30.27473027514391]}},{"type":"Feature","properties":{"Description":null,"Telecom_Feature_Type":"بوكس","Easting":"031° 33' 49.23\" E","Northing":"30° 16' 38.06\" N","ID":"2","GlobalID":"{1520A546-E0AD-4DFF-AD19-5B1BFD7884C2}","sectors":"القطاع الثالث","Distance":"290m","I_D":"8-3","__networkId":"telecom","__networkName":"شبكة الاتصالات","__layerId":"telecom_assets","__layerName":"مرافق الاتصالات","__assetName":"مرافق الاتصالات","__geometryKind":"point","__featureIndex":330,"__typeValue":"بوكس"},"geometry":{"type":"Point","coordinates":[31.565352110937997,30.277404232397597]}},{"type":"Feature","properties":{"Description":null,"Telecom_Feature_Type":"بوكس","Easting":"031° 33' 47.01\" E","Northing":"30° 16' 36.98\" N","ID":"1","GlobalID":"{7FE29CFC-DB14-4814-B5AE-3DF05B4811E7}","sectors":"القطاع الثالث","Distance":"260m","I_D":"6-1","__networkId":"telecom","__networkName":"شبكة الاتصالات","__layerId":"telecom_assets","__layerName":"مرافق الاتصالات","__assetName":"مرافق الاتصالات","__geometryKind":"point","__featureIndex":331,"__typeValue":"بوكس"},"geometry":{"type":"Point","coordinates":[31.564734922523726,30.277105526350034]}},{"type":"Feature","properties":{"Description":null,"Telecom_Feature_Type":"بوكس","Easting":"031° 33' 46.04\" E","Northing":"30° 16' 37.85\" N","ID":"5","GlobalID":"{0BB37AAF-83BE-4DDD-A1F0-21B7D93C750B}","sectors":"القطاع الثالث","Distance":"215m","I_D":"6-1","__networkId":"telecom","__networkName":"شبكة الاتصالات","__layerId":"telecom_assets","__layerName":"مرافق الاتصالات","__assetName":"مرافق الاتصالات","__geometryKind":"point","__featureIndex":332,"__typeValue":"بوكس"},"geometry":{"type":"Point","coordinates":[31.564464890745928,30.277346290140816]}},{"type":"Feature","properties":{"Description":null,"Telecom_Feature_Type":"بوكس","Easting":"031° 33' 45.41\" E","Northing":"30° 16' 37.58\" N","ID":"6","GlobalID":"{06C79DA9-7561-4840-B5CB-25343E2D0DBB}","sectors":"القطاع الثالث","Distance":"215m","I_D":"6-1","__networkId":"telecom","__networkName":"شبكة الاتصالات","__layerId":"telecom_assets","__layerName":"مرافق الاتصالات","__assetName":"مرافق الاتصالات","__geometryKind":"point","__featureIndex":333,"__typeValue":"بوكس"},"geometry":{"type":"Point","coordinates":[31.564290646326896,30.277271729843292]}},{"type":"Feature","properties":{"Description":null,"Telecom_Feature_Type":"بوكس","Easting":"031° 33' 44.45\" E","Northing":"30° 16' 36.65\" N","ID":"7","GlobalID":"{58A3D15E-8FD2-49AF-9E86-9EFDEAF5993A}","sectors":"القطاع الثالث","Distance":"215m","I_D":"6-1","__networkId":"telecom","__networkName":"شبكة الاتصالات","__layerId":"telecom_assets","__layerName":"مرافق الاتصالات","__assetName":"مرافق الاتصالات","__geometryKind":"point","__featureIndex":334,"__typeValue":"بوكس"},"geometry":{"type":"Point","coordinates":[31.56402570620018,30.27701240836154]}},{"type":"Feature","properties":{"Description":null,"Telecom_Feature_Type":"بوكس","Easting":"031° 33' 43.96\" E","Northing":"30° 16' 35.8\" N","ID":"8","GlobalID":"{7B91FAA9-FDBB-43DF-A852-B7994D2B2FFC}","sectors":"القطاع الثالث","Distance":"215m","I_D":"6-1","__networkId":"telecom","__networkName":"شبكة الاتصالات","__layerId":"telecom_assets","__layerName":"مرافق الاتصالات","__assetName":"مرافق الاتصالات","__geometryKind":"point","__featureIndex":335,"__typeValue":"بوكس"},"geometry":{"type":"Point","coordinates":[31.563887537224613,30.276778725893607]}},{"type":"Feature","properties":{"Description":null,"Telecom_Feature_Type":"بوكس","Easting":"031° 33' 47.15\" E","Northing":"30° 16' 36.43\" N","ID":"2","GlobalID":"{4CE8AB26-75C5-45BB-99CE-41FE87887009}","sectors":"القطاع الثالث","Distance":"240m","I_D":"6-1","__networkId":"telecom","__networkName":"شبكة الاتصالات","__layerId":"telecom_assets","__layerName":"مرافق الاتصالات","__assetName":"مرافق الاتصالات","__geometryKind":"point","__featureIndex":336,"__typeValue":"بوكس"},"geometry":{"type":"Point","coordinates":[31.564775394322226,30.276953431753814]}},{"type":"Feature","properties":{"Description":null,"Telecom_Feature_Type":"بوكس","Easting":"031° 33' 45.04\" E","Northing":"30° 16' 35.27\" N","ID":"4","GlobalID":"{45A2B91F-0C63-4E7A-99B0-CB4D0A6290F2}","sectors":"القطاع الثالث","Distance":"170m","I_D":"6-1","__networkId":"telecom","__networkName":"شبكة الاتصالات","__layerId":"telecom_assets","__layerName":"مرافق الاتصالات","__assetName":"مرافق الاتصالات","__geometryKind":"point","__featureIndex":337,"__typeValue":"بوكس"},"geometry":{"type":"Point","coordinates":[31.564187379595097,30.27663036309844]}},{"type":"Feature","properties":{"Description":null,"Telecom_Feature_Type":"بوكس","Easting":"031° 33' 50.45\" E","Northing":"30° 16' 34.88\" N","ID":"6","GlobalID":"{876A4CE9-EF73-4FE0-882B-9EBC224DD1CB}","sectors":"القطاع الاول","Distance":"200m","I_D":"6-2","__networkId":"telecom","__networkName":"شبكة الاتصالات","__layerId":"telecom_assets","__layerName":"مرافق الاتصالات","__assetName":"مرافق الاتصالات","__geometryKind":"point","__featureIndex":338,"__typeValue":"بوكس"},"geometry":{"type":"Point","coordinates":[31.56569027903174,30.276520994248486]}},{"type":"Feature","properties":{"Description":null,"Telecom_Feature_Type":"بوكس","Easting":"031° 33' 50.71\" E","Northing":"30° 16' 36.0\" N","ID":"8","GlobalID":"{AA1C1C80-9D07-4A23-BA4B-C79AD875F732}","sectors":"القطاع الاول","Distance":"280m","I_D":"6-2","__networkId":"telecom","__networkName":"شبكة الاتصالات","__layerId":"telecom_assets","__layerName":"مرافق الاتصالات","__assetName":"مرافق الاتصالات","__geometryKind":"point","__featureIndex":339,"__typeValue":"بوكس"},"geometry":{"type":"Point","coordinates":[31.565761978964474,30.276833355109506]}},{"type":"Feature","properties":{"Description":null,"Telecom_Feature_Type":"بوكس","Easting":"031° 33' 52.19\" E","Northing":"30° 16' 36.17\" N","ID":"7","GlobalID":"{25436244-8B32-4B63-89EA-13D26B4A822F}","sectors":"القطاع الاول","Distance":"300m","I_D":"6-2","__networkId":"telecom","__networkName":"شبكة الاتصالات","__layerId":"telecom_assets","__layerName":"مرافق الاتصالات","__assetName":"مرافق الاتصالات","__geometryKind":"point","__featureIndex":340,"__typeValue":"بوكس"},"geometry":{"type":"Point","coordinates":[31.566173220515008,30.276880667098332]}},{"type":"Feature","properties":{"Description":null,"Telecom_Feature_Type":"بوكس","Easting":"031° 33' 43.37\" E","Northing":"30° 16' 38.73\" N","ID":"10","GlobalID":"{A7888BAE-59F8-466D-9114-7AB1D12A34EA}","sectors":"القطاع الثالث","Distance":"150m","I_D":"6-1","__networkId":"telecom","__networkName":"شبكة الاتصالات","__layerId":"telecom_assets","__layerName":"مرافق الاتصالات","__assetName":"مرافق الاتصالات","__geometryKind":"point","__featureIndex":341,"__typeValue":"بوكس"},"geometry":{"type":"Point","coordinates":[31.563723062882616,30.277591020672833]}},{"type":"Feature","properties":{"Description":null,"Telecom_Feature_Type":"بوكس","Easting":"031° 33' 53.54\" E","Northing":"30° 16' 34.94\" N","ID":"1","GlobalID":"{47268DB7-8D7E-4E4A-A20A-E7F3F7AFD326}","sectors":"القطاع الاول","Distance":"5m","I_D":"6-2","__networkId":"telecom","__networkName":"شبكة الاتصالات","__layerId":"telecom_assets","__layerName":"مرافق الاتصالات","__assetName":"مرافق الاتصالات","__geometryKind":"point","__featureIndex":342,"__typeValue":"بوكس"},"geometry":{"type":"Point","coordinates":[31.566550087132917,30.276539223691568]}},{"type":"Feature","properties":{"Description":null,"Telecom_Feature_Type":"بوكس","Easting":"031° 33' 53.23\" E","Northing":"30° 16' 33.74\" N","ID":"2","GlobalID":"{ADC8E7D0-D938-4D62-B2FF-CC94C49F92A9}","sectors":"القطاع الاول","Distance":"325m","I_D":"6-2","__networkId":"telecom","__networkName":"شبكة الاتصالات","__layerId":"telecom_assets","__layerName":"مرافق الاتصالات","__assetName":"مرافق الاتصالات","__geometryKind":"point","__featureIndex":343,"__typeValue":"بوكس"},"geometry":{"type":"Point","coordinates":[31.566461877063567,30.27620516538978]}},{"type":"Feature","properties":{"Description":null,"Telecom_Feature_Type":"بوكس","Easting":"031° 33' 51.43\" E","Northing":"30° 16' 33.78\" N","ID":"3","GlobalID":"{B51C4C22-F0CD-4CF2-81D2-11293CB36CF2}","sectors":"القطاع الاول","Distance":"260m","I_D":"6-2","__networkId":"telecom","__networkName":"شبكة الاتصالات","__layerId":"telecom_assets","__layerName":"مرافق الاتصالات","__assetName":"مرافق الاتصالات","__geometryKind":"point","__featureIndex":344,"__typeValue":"بوكس"},"geometry":{"type":"Point","coordinates":[31.56596276231192,30.276215665701145]}},{"type":"Feature","properties":{"Description":null,"Telecom_Feature_Type":"بوكس","Easting":"031° 33' 49.78\" E","Northing":"30° 16' 34.26\" N","ID":"5","GlobalID":"{BB46BC98-5470-4C16-9C09-1DD414062BA5}","sectors":"القطاع الاول","Distance":"200m","I_D":"6-2","__networkId":"telecom","__networkName":"شبكة الاتصالات","__layerId":"telecom_assets","__layerName":"مرافق الاتصالات","__assetName":"مرافق الاتصالات","__geometryKind":"point","__featureIndex":345,"__typeValue":"بوكس"},"geometry":{"type":"Point","coordinates":[31.565505996837746,30.276349654540333]}},{"type":"Feature","properties":{"Description":null,"Telecom_Feature_Type":"بوكس","Easting":"031° 33' 48.31\" E","Northing":"30° 16' 32.8\" N","ID":"18A","GlobalID":"{E6FB7755-0425-49F6-9B5A-B97D767B893D}","sectors":"القطاع الاول","Distance":"5m","I_D":"6-2","__networkId":"telecom","__networkName":"شبكة الاتصالات","__layerId":"telecom_assets","__layerName":"مرافق الاتصالات","__assetName":"مرافق الاتصالات","__geometryKind":"point","__featureIndex":346,"__typeValue":"بوكس"},"geometry":{"type":"Point","coordinates":[31.56509613509945,30.275944495091323]}},{"type":"Feature","properties":{"Description":null,"Telecom_Feature_Type":"بوكس","Easting":"031° 33' 48.41\" E","Northing":"30° 16' 34.29\" N","ID":"9","GlobalID":"{A83C810F-1AFF-421C-8466-5FB540F15A31}","sectors":"القطاع الاول","Distance":"5m","I_D":"6-2","__networkId":"telecom","__networkName":"شبكة الاتصالات","__layerId":"telecom_assets","__layerName":"مرافق الاتصالات","__assetName":"مرافق الاتصالات","__geometryKind":"point","__featureIndex":347,"__typeValue":"بوكس"},"geometry":{"type":"Point","coordinates":[31.56512375200625,30.276357089696422]}},{"type":"Feature","properties":{"Description":null,"Telecom_Feature_Type":"بوكس","Easting":"031° 33' 47.35\" E","Northing":"30° 16' 32.34\" N","ID":"14","GlobalID":"{ED2D7344-2C79-48A9-B7EA-F5B1548A92E0}","sectors":"القطاع الاول","Distance":"5m","I_D":"6-2","__networkId":"telecom","__networkName":"شبكة الاتصالات","__layerId":"telecom_assets","__layerName":"مرافق الاتصالات","__assetName":"مرافق الاتصالات","__geometryKind":"point","__featureIndex":348,"__typeValue":"بوكس"},"geometry":{"type":"Point","coordinates":[31.564830961410753,30.275816893575822]}},{"type":"Feature","properties":{"Description":null,"Telecom_Feature_Type":"بوكس","Easting":"031° 33' 45.66\" E","Northing":"30° 16' 31.2\" N","ID":"12","GlobalID":"{3CF0B2FC-58E3-49CB-83C6-344404C83EA5}","sectors":"القطاع الاول","Distance":"180m","I_D":"6-2","__networkId":"telecom","__networkName":"شبكة الاتصالات","__layerId":"telecom_assets","__layerName":"مرافق الاتصالات","__assetName":"مرافق الاتصالات","__geometryKind":"point","__featureIndex":349,"__typeValue":"بوكس"},"geometry":{"type":"Point","coordinates":[31.56436142368984,30.275499273467705]}},{"type":"Feature","properties":{"Description":null,"Telecom_Feature_Type":"بوكس","Easting":"031° 33' 44.91\" E","Northing":"30° 16' 30.44\" N","ID":"16","GlobalID":"{87D9A50C-5474-4294-A08C-5533D9FBC849}","sectors":"القطاع الاول","Distance":"5m","I_D":"6-4","__networkId":"telecom","__networkName":"شبكة الاتصالات","__layerId":"telecom_assets","__layerName":"مرافق الاتصالات","__assetName":"مرافق الاتصالات","__geometryKind":"point","__featureIndex":350,"__typeValue":"بوكس"},"geometry":{"type":"Point","coordinates":[31.564151606883883,30.275287279454464]}},{"type":"Feature","properties":{"Description":null,"Telecom_Feature_Type":"بوكس","Easting":"031° 33' 43.39\" E","Northing":"30° 16' 29.16\" N","ID":"18","GlobalID":"{AD690AE8-E962-4091-8D41-E63AEE677747}","sectors":"القطاع الاول","Distance":"290m","I_D":"6-4","__networkId":"telecom","__networkName":"شبكة الاتصالات","__layerId":"telecom_assets","__layerName":"مرافق الاتصالات","__assetName":"مرافق الاتصالات","__geometryKind":"point","__featureIndex":351,"__typeValue":"بوكس"},"geometry":{"type":"Point","coordinates":[31.563730056267122,30.27493392198079]}},{"type":"Feature","properties":{"Description":null,"Telecom_Feature_Type":"بوكس","Easting":"031° 33' 43.53\" E","Northing":"30° 16' 30.3\" N","ID":"17","GlobalID":"{673FAFEA-E27A-4542-9529-E84792509022}","sectors":"القطاع الاول","Distance":"330m","I_D":"6-4","__networkId":"telecom","__networkName":"شبكة الاتصالات","__layerId":"telecom_assets","__layerName":"مرافق الاتصالات","__assetName":"مرافق الاتصالات","__geometryKind":"point","__featureIndex":352,"__typeValue":"بوكس"},"geometry":{"type":"Point","coordinates":[31.56376810081773,30.27525054469183]}},{"type":"Feature","properties":{"Description":null,"Telecom_Feature_Type":"بوكس","Easting":"031° 33' 17.87\" E","Northing":"30° 16' 39.19\" N","ID":"6","GlobalID":"{825C6B75-BE45-4D10-89C8-0C4D6A09AC1B}","sectors":"القطاع الخامس","Distance":"270m","I_D":"8-1","__networkId":"telecom","__networkName":"شبكة الاتصالات","__layerId":"telecom_assets","__layerName":"مرافق الاتصالات","__assetName":"مرافق الاتصالات","__geometryKind":"point","__featureIndex":353,"__typeValue":"بوكس"},"geometry":{"type":"Point","coordinates":[31.556641064084566,30.277719959649612]}},{"type":"Feature","properties":{"Description":null,"Telecom_Feature_Type":"بوكس","Easting":"031° 33' 17.28\" E","Northing":"30° 16' 39.5\" N","ID":"5","GlobalID":"{B513541A-9CE1-47BE-BA86-A9E3B5EC6C47}","sectors":"القطاع الخامس","Distance":"300m","I_D":"8-1","__networkId":"telecom","__networkName":"شبكة الاتصالات","__layerId":"telecom_assets","__layerName":"مرافق الاتصالات","__assetName":"مرافق الاتصالات","__geometryKind":"point","__featureIndex":354,"__typeValue":"بوكس"},"geometry":{"type":"Point","coordinates":[31.556477499735923,30.27780581724657]}},{"type":"Feature","properties":{"Description":null,"Telecom_Feature_Type":"بوكس","Easting":"031° 33' 31.17\" E","Northing":"30° 16' 41.76\" N","ID":"3","GlobalID":"{4A256F5E-5D57-41E0-95B3-EF5920B5DE61}","sectors":"القطاع الثالث","Distance":"245m","I_D":"8-2","__networkId":"telecom","__networkName":"شبكة الاتصالات","__layerId":"telecom_assets","__layerName":"مرافق الاتصالات","__assetName":"مرافق الاتصالات","__geometryKind":"point","__featureIndex":355,"__typeValue":"بوكس"},"geometry":{"type":"Point","coordinates":[31.560334128049107,30.278432925379544]}},{"type":"Feature","properties":{"Description":null,"Telecom_Feature_Type":"بوكس","Easting":"031° 33' 19.37\" E","Northing":"30° 15' 52.68\" N","ID":"14","GlobalID":"{375F4D62-0642-4C67-AD08-98E911EEBB19}","sectors":"القطاع الثاني","Distance":"135m","I_D":"4-3","__networkId":"telecom","__networkName":"شبكة الاتصالات","__layerId":"telecom_assets","__layerName":"مرافق الاتصالات","__assetName":"مرافق الاتصالات","__geometryKind":"point","__featureIndex":356,"__typeValue":"بوكس"},"geometry":{"type":"Point","coordinates":[31.55705886333668,30.264800648265304]}},{"type":"Feature","properties":{"Description":null,"Telecom_Feature_Type":"بوكس","Easting":"031° 33' 20.32\" E","Northing":"30° 15' 53.16\" N","ID":"13","GlobalID":"{C3AB9B72-6B7A-48F4-98DD-2B17530DBD82}","sectors":"القطاع الثاني","Distance":"165m","I_D":"4-3","__networkId":"telecom","__networkName":"شبكة الاتصالات","__layerId":"telecom_assets","__layerName":"مرافق الاتصالات","__assetName":"مرافق الاتصالات","__geometryKind":"point","__featureIndex":357,"__typeValue":"بوكس"},"geometry":{"type":"Point","coordinates":[31.557320474306987,30.264932332033005]}},{"type":"Feature","properties":{"Description":null,"Telecom_Feature_Type":"بوكس","Easting":"031° 33' 21.26\" E","Northing":"30° 15' 54.11\" N","ID":"12","GlobalID":"{607D434E-A83C-42CC-BFB8-0616BC2D1DA1}","sectors":"القطاع الثاني","Distance":"200m","I_D":"4-3","__networkId":"telecom","__networkName":"شبكة الاتصالات","__layerId":"telecom_assets","__layerName":"مرافق الاتصالات","__assetName":"مرافق الاتصالات","__geometryKind":"point","__featureIndex":358,"__typeValue":"بوكس"},"geometry":{"type":"Point","coordinates":[31.55758112946982,30.265196301118817]}},{"type":"Feature","properties":{"Description":null,"Telecom_Feature_Type":"بوكس","Easting":"031° 33' 21.69\" E","Northing":"30° 15' 54.79\" N","ID":"11","GlobalID":"{D2230C15-2E51-4CD4-8E2A-4DD1084660B4}","sectors":"القطاع الثاني","Distance":"215m","I_D":"4-3","__networkId":"telecom","__networkName":"شبكة الاتصالات","__layerId":"telecom_assets","__layerName":"مرافق الاتصالات","__assetName":"مرافق الاتصالات","__geometryKind":"point","__featureIndex":359,"__typeValue":"بوكس"},"geometry":{"type":"Point","coordinates":[31.557702935632452,30.26538682596354]}},{"type":"Feature","properties":{"Description":null,"Telecom_Feature_Type":"بوكس","Easting":"031° 33' 17.76\" E","Northing":"30° 15' 53.32\" N","ID":"21","GlobalID":"{E2E3C29D-B19C-4AFD-9472-A23A5F096AAF}","sectors":"القطاع الثاني","Distance":"40m","I_D":"4-3","__networkId":"telecom","__networkName":"شبكة الاتصالات","__layerId":"telecom_assets","__layerName":"مرافق الاتصالات","__assetName":"مرافق الاتصالات","__geometryKind":"point","__featureIndex":360,"__typeValue":"بوكس"},"geometry":{"type":"Point","coordinates":[31.556610342600166,30.264978783102034]}},{"type":"Feature","properties":{"Description":null,"Telecom_Feature_Type":"بوكس","Easting":"031° 33' 18.72\" E","Northing":"30° 15' 53.8\" N","ID":"20","GlobalID":"{07B9C323-5675-4308-82A8-8481321B8543}","sectors":"القطاع الثاني","Distance":"90m","I_D":"4-3","__networkId":"telecom","__networkName":"شبكة الاتصالات","__layerId":"telecom_assets","__layerName":"مرافق الاتصالات","__assetName":"مرافق الاتصالات","__geometryKind":"point","__featureIndex":361,"__typeValue":"بوكس"},"geometry":{"type":"Point","coordinates":[31.55687823548924,30.265110002656243]}},{"type":"Feature","properties":{"Description":null,"Telecom_Feature_Type":"بوكس","Easting":"031° 33' 19.09\" E","Northing":"30° 15' 54.66\" N","ID":"19","GlobalID":"{D3FA5AFA-29B4-4E1F-8E15-627ED634D37F}","sectors":"القطاع الثاني","Distance":"120m","I_D":"4-3","__networkId":"telecom","__networkName":"شبكة الاتصالات","__layerId":"telecom_assets","__layerName":"مرافق الاتصالات","__assetName":"مرافق الاتصالات","__geometryKind":"point","__featureIndex":362,"__typeValue":"بوكس"},"geometry":{"type":"Point","coordinates":[31.556979200737278,30.26535077957668]}},{"type":"Feature","properties":{"Description":null,"Telecom_Feature_Type":"بوكس","Easting":"031° 33' 19.99\" E","Northing":"30° 15' 55.59\" N","ID":"18","GlobalID":"{1373AEC5-B1CF-41F3-AE92-254D779CF316}","sectors":"القطاع الثاني","Distance":"160m","I_D":"4-3","__networkId":"telecom","__networkName":"شبكة الاتصالات","__layerId":"telecom_assets","__layerName":"مرافق الاتصالات","__assetName":"مرافق الاتصالات","__geometryKind":"point","__featureIndex":363,"__typeValue":"بوكس"},"geometry":{"type":"Point","coordinates":[31.557229808243676,30.265608279081803]}},{"type":"Feature","properties":{"Description":null,"Telecom_Feature_Type":"بوكس","Easting":"031° 33' 20.66\" E","Northing":"30° 15' 55.48\" N","ID":"17","GlobalID":"{2E45CE3F-06CD-4F44-8F33-68388FD0C3E2}","sectors":"القطاع الثاني","Distance":"175m","I_D":"4-3","__networkId":"telecom","__networkName":"شبكة الاتصالات","__layerId":"telecom_assets","__layerName":"مرافق الاتصالات","__assetName":"مرافق الاتصالات","__geometryKind":"point","__featureIndex":364,"__typeValue":"بوكس"},"geometry":{"type":"Point","coordinates":[31.5574147839371,30.265577388456308]}},{"type":"Feature","properties":{"Description":null,"Telecom_Feature_Type":"بوكس","Easting":"031° 33' 15.14\" E","Northing":"30° 15' 55.51\" N","ID":"10","GlobalID":"{4BE1DB36-3CFA-4FD8-9ED1-C73C111824A7}","sectors":"القطاع الثاني","Distance":"120m","I_D":"4-3","__networkId":"telecom","__networkName":"شبكة الاتصالات","__layerId":"telecom_assets","__layerName":"مرافق الاتصالات","__assetName":"مرافق الاتصالات","__geometryKind":"point","__featureIndex":365,"__typeValue":"بوكس"},"geometry":{"type":"Point","coordinates":[31.555882595828923,30.26558640565857]}},{"type":"Feature","properties":{"Description":null,"Telecom_Feature_Type":"بوكس","Easting":"031° 33' 15.89\" E","Northing":"30° 15' 56.2\" N","ID":"9","GlobalID":"{A07FE9A9-5AA8-4981-9F4C-9798FFCE4E3D}","sectors":"القطاع الثاني","Distance":"170m","I_D":"4-3","__networkId":"telecom","__networkName":"شبكة الاتصالات","__layerId":"telecom_assets","__layerName":"مرافق الاتصالات","__assetName":"مرافق الاتصالات","__geometryKind":"point","__featureIndex":366,"__typeValue":"بوكس"},"geometry":{"type":"Point","coordinates":[31.556090913346694,30.2657768808663]}},{"type":"Feature","properties":{"Description":null,"Telecom_Feature_Type":"بوكس","Easting":"031° 33' 16.98\" E","Northing":"30° 15' 56.29\" N","ID":"8","GlobalID":"{0431BEA5-35F2-45F8-8AA3-5EA2B8A3C259}","sectors":"القطاع الثاني","Distance":"200m","I_D":"4-3","__networkId":"telecom","__networkName":"شبكة الاتصالات","__layerId":"telecom_assets","__layerName":"مرافق الاتصالات","__assetName":"مرافق الاتصالات","__geometryKind":"point","__featureIndex":367,"__typeValue":"بوكس"},"geometry":{"type":"Point","coordinates":[31.556394712795985,30.26580128048577]}},{"type":"Feature","properties":{"Description":null,"Telecom_Feature_Type":"بوكس","Easting":"031° 33' 18.31\" E","Northing":"30° 15' 56.75\" N","ID":"7","GlobalID":"{F26F5E5A-160E-4BC6-8815-D13E2D607E14}","sectors":"القطاع الثاني","Distance":"240m","I_D":"4-3","__networkId":"telecom","__networkName":"شبكة الاتصالات","__layerId":"telecom_assets","__layerName":"مرافق الاتصالات","__assetName":"مرافق الاتصالات","__geometryKind":"point","__featureIndex":368,"__typeValue":"بوكس"},"geometry":{"type":"Point","coordinates":[31.55676287743371,30.265929898221934]}},{"type":"Feature","properties":{"Description":null,"Telecom_Feature_Type":"بوكس","Easting":"031° 33' 18.8\" E","Northing":"30° 15' 57.17\" N","ID":"6","GlobalID":"{0F4C4CC0-86B2-4BD0-8584-6E46B28B79B1}","sectors":"القطاع الثاني","Distance":"255m","I_D":"4-3","__networkId":"telecom","__networkName":"شبكة الاتصالات","__layerId":"telecom_assets","__layerName":"مرافق الاتصالات","__assetName":"مرافق الاتصالات","__geometryKind":"point","__featureIndex":369,"__typeValue":"بوكس"},"geometry":{"type":"Point","coordinates":[31.55690014090743,30.266047672233093]}},{"type":"Feature","properties":{"Description":null,"Telecom_Feature_Type":"بوكس","Easting":"031° 33' 14.59\" E","Northing":"30° 15' 57.14\" N","ID":"5","GlobalID":"{E274F102-040A-42A7-86B9-5BBD7F0A6025}","sectors":"القطاع الثاني","Distance":"185m","I_D":"4-3","__networkId":"telecom","__networkName":"شبكة الاتصالات","__layerId":"telecom_assets","__layerName":"مرافق الاتصالات","__assetName":"مرافق الاتصالات","__geometryKind":"point","__featureIndex":370,"__typeValue":"بوكس"},"geometry":{"type":"Point","coordinates":[31.555730286472517,30.266039733532434]}},{"type":"Feature","properties":{"Description":null,"Telecom_Feature_Type":"بوكس","Easting":"031° 33' 15.68\" E","Northing":"30° 15' 57.24\" N","ID":"4","GlobalID":"{8329844D-6B60-43B3-A46E-715E684BA14F}","sectors":"القطاع الثاني","Distance":"220m","I_D":"4-3","__networkId":"telecom","__networkName":"شبكة الاتصالات","__layerId":"telecom_assets","__layerName":"مرافق الاتصالات","__assetName":"مرافق الاتصالات","__geometryKind":"point","__featureIndex":371,"__typeValue":"بوكس"},"geometry":{"type":"Point","coordinates":[31.556032470750928,30.26606694794186]}},{"type":"Feature","properties":{"Description":null,"Telecom_Feature_Type":"بوكس","Easting":"031° 33' 16.43\" E","Northing":"30° 15' 57.93\" N","ID":"3","GlobalID":"{DEB027E1-7F59-478D-AD99-3559F4528845}","sectors":"القطاع الثاني","Distance":"255m","I_D":"4-3","__networkId":"telecom","__networkName":"شبكة الاتصالات","__layerId":"telecom_assets","__layerName":"مرافق الاتصالات","__assetName":"مرافق الاتصالات","__geometryKind":"point","__featureIndex":372,"__typeValue":"بوكس"},"geometry":{"type":"Point","coordinates":[31.556239739036425,30.266259236973127]}},{"type":"Feature","properties":{"Description":null,"Telecom_Feature_Type":"بوكس","Easting":"031° 33' 17.66\" E","Northing":"30° 15' 58.56\" N","ID":"2","GlobalID":"{09C7F643-E13F-4C9A-9E3B-48E047786C55}","sectors":"القطاع الثاني","Distance":"290m","I_D":"4-3","__networkId":"telecom","__networkName":"شبكة الاتصالات","__layerId":"telecom_assets","__layerName":"مرافق الاتصالات","__assetName":"مرافق الاتصالات","__geometryKind":"point","__featureIndex":373,"__typeValue":"بوكس"},"geometry":{"type":"Point","coordinates":[31.55658197739675,30.266433216724533]}},{"type":"Feature","properties":{"Description":null,"Telecom_Feature_Type":"بوكس","Easting":"031° 33' 18.18\" E","Northing":"30° 15' 58.26\" N","ID":"1","GlobalID":"{26B2166E-F108-4AA2-9F3D-B0DDD1C11CAF}","sectors":"القطاع الثاني","Distance":"310m","I_D":"4-3","__networkId":"telecom","__networkName":"شبكة الاتصالات","__layerId":"telecom_assets","__layerName":"مرافق الاتصالات","__assetName":"مرافق الاتصالات","__geometryKind":"point","__featureIndex":374,"__typeValue":"بوكس"},"geometry":{"type":"Point","coordinates":[31.55672650195291,30.26634935324539]}},{"type":"Feature","properties":{"Description":null,"Telecom_Feature_Type":"بوكس","Easting":"031° 33' 23.0\" E","Northing":"30° 15' 55.9\" N","ID":"1","GlobalID":"{B0CE8D8F-C542-4F30-98A4-57B3D292C006}","sectors":"القطاع الثاني","Distance":"235m","I_D":"9-1","__networkId":"telecom","__networkName":"شبكة الاتصالات","__layerId":"telecom_assets","__layerName":"مرافق الاتصالات","__assetName":"مرافق الاتصالات","__geometryKind":"point","__featureIndex":375,"__typeValue":"بوكس"},"geometry":{"type":"Point","coordinates":[31.55806457939955,30.26569272432258]}},{"type":"Feature","properties":{"Description":null,"Telecom_Feature_Type":"بوكس","Easting":"031° 33' 23.16\" E","Northing":"30° 15' 56.48\" N","ID":"2","GlobalID":"{CD8F9DAF-F76F-45A5-8104-EF15DBFF1A86}","sectors":"القطاع الثاني","Distance":"215m","I_D":"9-1","__networkId":"telecom","__networkName":"شبكة الاتصالات","__layerId":"telecom_assets","__layerName":"مرافق الاتصالات","__assetName":"مرافق الاتصالات","__geometryKind":"point","__featureIndex":376,"__typeValue":"بوكس"},"geometry":{"type":"Point","coordinates":[31.5581090163617,30.265854270187933]}},{"type":"Feature","properties":{"Description":null,"Telecom_Feature_Type":"بوكس","Easting":"031° 33' 23.98\" E","Northing":"30° 15' 57.49\" N","ID":"3","GlobalID":"{5B240054-C267-4D9C-8EAB-C4F01BC167A6}","sectors":"القطاع الثاني","Distance":"180m","I_D":"9-1","__networkId":"telecom","__networkName":"شبكة الاتصالات","__layerId":"telecom_assets","__layerName":"مرافق الاتصالات","__assetName":"مرافق الاتصالات","__geometryKind":"point","__featureIndex":377,"__typeValue":"بوكس"},"geometry":{"type":"Point","coordinates":[31.5583378657736,30.26613629825488]}},{"type":"Feature","properties":{"Description":null,"Telecom_Feature_Type":"بوكس","Easting":"031° 33' 24.83\" E","Northing":"30° 15' 58.09\" N","ID":"4","GlobalID":"{4E249198-F0E6-409D-90BB-E8FBE64DE771}","sectors":"القطاع الثاني","Distance":"150m","I_D":"9-1","__networkId":"telecom","__networkName":"شبكة الاتصالات","__layerId":"telecom_assets","__layerName":"مرافق الاتصالات","__assetName":"مرافق الاتصالات","__geometryKind":"point","__featureIndex":378,"__typeValue":"بوكس"},"geometry":{"type":"Point","coordinates":[31.558573035731804,30.26630281980688]}},{"type":"Feature","properties":{"Description":null,"Telecom_Feature_Type":"بوكس","Easting":"031° 33' 24.2\" E","Northing":"30° 15' 55.27\" N","ID":"5","GlobalID":"{6549177B-D068-4A94-B75D-95EE461A085A}","sectors":"القطاع الثاني","Distance":"230m","I_D":"9-1","__networkId":"telecom","__networkName":"شبكة الاتصالات","__layerId":"telecom_assets","__layerName":"مرافق الاتصالات","__assetName":"مرافق الاتصالات","__geometryKind":"point","__featureIndex":379,"__typeValue":"بوكس"},"geometry":{"type":"Point","coordinates":[31.558397977439135,30.26551966266976]}},{"type":"Feature","properties":{"Description":null,"Telecom_Feature_Type":"بوكس","Easting":"031° 33' 25.46\" E","Northing":"30° 15' 56.38\" N","ID":"7","GlobalID":"{B694FE45-80A7-4C8A-A5D2-6EA333ED3510}","sectors":"القطاع الثاني","Distance":"170m","I_D":"9-1","__networkId":"telecom","__networkName":"شبكة الاتصالات","__layerId":"telecom_assets","__layerName":"مرافق الاتصالات","__assetName":"مرافق الاتصالات","__geometryKind":"point","__featureIndex":380,"__typeValue":"بوكس"},"geometry":{"type":"Point","coordinates":[31.558749914909594,30.265827567018935]}},{"type":"Feature","properties":{"Description":null,"Telecom_Feature_Type":"بوكس","Easting":"031° 33' 25.66\" E","Northing":"30° 15' 57.31\" N","ID":"8","GlobalID":"{04E482F5-5981-4210-AF2D-690CFD16C7B2}","sectors":"القطاع الثاني","Distance":"140m","I_D":"9-1","__networkId":"telecom","__networkName":"شبكة الاتصالات","__layerId":"telecom_assets","__layerName":"مرافق الاتصالات","__assetName":"مرافق الاتصالات","__geometryKind":"point","__featureIndex":381,"__typeValue":"بوكس"},"geometry":{"type":"Point","coordinates":[31.55880552152399,30.266086043645174]}},{"type":"Feature","properties":{"Description":null,"Telecom_Feature_Type":"بوكس","Easting":"031° 33' 27.94\" E","Northing":"30° 15' 57.1\" N","ID":"20","GlobalID":"{AF1EBFA4-60D8-4A38-8113-57BA9D8647BA}","sectors":"القطاع الثاني","Distance":"60m","I_D":"9-1","__networkId":"telecom","__networkName":"شبكة الاتصالات","__layerId":"telecom_assets","__layerName":"مرافق الاتصالات","__assetName":"مرافق الاتصالات","__geometryKind":"point","__featureIndex":382,"__typeValue":"بوكس"},"geometry":{"type":"Point","coordinates":[31.559437552801697,30.266026262877958]}},{"type":"Feature","properties":{"Description":null,"Telecom_Feature_Type":"بوكس","Easting":"031° 33' 27.57\" E","Northing":"30° 15' 56.24\" N","ID":"19","GlobalID":"{F7F82C7D-F296-4AAA-822C-B2E83C9FB48B}","sectors":"القطاع الثاني","Distance":"100m","I_D":"9-1","__networkId":"telecom","__networkName":"شبكة الاتصالات","__layerId":"telecom_assets","__layerName":"مرافق الاتصالات","__assetName":"مرافق الاتصالات","__geometryKind":"point","__featureIndex":383,"__typeValue":"بوكس"},"geometry":{"type":"Point","coordinates":[31.559334887042823,30.265788024715143]}},{"type":"Feature","properties":{"Description":null,"Telecom_Feature_Type":"بوكس","Easting":"031° 33' 27.53\" E","Northing":"30° 15' 55.01\" N","ID":"18","GlobalID":"{29012629-02BF-4477-AD56-F49BF6075BCC}","sectors":"القطاع الثاني","Distance":"130m","I_D":"9-1","__networkId":"telecom","__networkName":"شبكة الاتصالات","__layerId":"telecom_assets","__layerName":"مرافق الاتصالات","__assetName":"مرافق الاتصالات","__geometryKind":"point","__featureIndex":384,"__typeValue":"بوكس"},"geometry":{"type":"Point","coordinates":[31.55932485914929,30.265447303855417]}},{"type":"Feature","properties":{"Description":null,"Telecom_Feature_Type":"بوكس","Easting":"031° 33' 29.25\" E","Northing":"30° 15' 56.63\" N","ID":"24","GlobalID":"{411C80AB-02C2-48E0-9145-7379FC90621D}","sectors":"القطاع الثاني","Distance":"40m","I_D":"9-1","__networkId":"telecom","__networkName":"شبكة الاتصالات","__layerId":"telecom_assets","__layerName":"مرافق الاتصالات","__assetName":"مرافق الاتصالات","__geometryKind":"point","__featureIndex":385,"__typeValue":"بوكس"},"geometry":{"type":"Point","coordinates":[31.55980269460849,30.265898108463073]}},{"type":"Feature","properties":{"Description":null,"Telecom_Feature_Type":"بوكس","Easting":"031° 33' 29.66\" E","Northing":"30° 15' 55.77\" N","ID":"23","GlobalID":"{FCAA1751-1ED9-4D2E-99B5-3701276EBBAC}","sectors":"القطاع الثاني","Distance":"80m","I_D":"9-1","__networkId":"telecom","__networkName":"شبكة الاتصالات","__layerId":"telecom_assets","__layerName":"مرافق الاتصالات","__assetName":"مرافق الاتصالات","__geometryKind":"point","__featureIndex":386,"__typeValue":"بوكس"},"geometry":{"type":"Point","coordinates":[31.55991516458039,30.265657359264495]}},{"type":"Feature","properties":{"Description":null,"Telecom_Feature_Type":"بوكس","Easting":"031° 33' 29.67\" E","Northing":"30° 15' 54.53\" N","ID":"22","GlobalID":"{98AD85AB-E209-489C-98F0-6A0E03CCD1A1}","sectors":"القطاع الثاني","Distance":"120m","I_D":"9-1","__networkId":"telecom","__networkName":"شبكة الاتصالات","__layerId":"telecom_assets","__layerName":"مرافق الاتصالات","__assetName":"مرافق الاتصالات","__geometryKind":"point","__featureIndex":387,"__typeValue":"بوكس"},"geometry":{"type":"Point","coordinates":[31.559917318740425,30.265312426498287]}},{"type":"Feature","properties":{"Description":null,"Telecom_Feature_Type":"بوكس","Easting":"031° 33' 29.03\" E","Northing":"30° 15' 54.27\" N","ID":"21","GlobalID":"{B2457FEB-7453-4F1F-8D6B-BEE50CFAD446}","sectors":"القطاع الثاني","Distance":"135m","I_D":"9-1","__networkId":"telecom","__networkName":"شبكة الاتصالات","__layerId":"telecom_assets","__layerName":"مرافق الاتصالات","__assetName":"مرافق الاتصالات","__geometryKind":"point","__featureIndex":388,"__typeValue":"بوكس"},"geometry":{"type":"Point","coordinates":[31.55974200083463,30.265239892959077]}},{"type":"Feature","properties":{"Description":null,"Telecom_Feature_Type":"بوكس","Easting":"031° 33' 31.64\" E","Northing":"30° 15' 57.59\" N","ID":"16","GlobalID":"{50191F0B-1337-4DCF-8898-1C61CF682C1A}","sectors":"القطاع الثاني","Distance":"80m","I_D":"9-1","__networkId":"telecom","__networkName":"شبكة الاتصالات","__layerId":"telecom_assets","__layerName":"مرافق الاتصالات","__assetName":"مرافق الاتصالات","__geometryKind":"point","__featureIndex":389,"__typeValue":"بوكس"},"geometry":{"type":"Point","coordinates":[31.56046568003425,30.266162578491418]}},{"type":"Feature","properties":{"Description":null,"Telecom_Feature_Type":"بوكس","Easting":"031° 33' 31.66\" E","Northing":"30° 15' 56.63\" N","ID":"15","GlobalID":"{6313E0F3-EF06-4640-9D2C-E646A6DA54E8}","sectors":"القطاع الثاني","Distance":"120m","I_D":"9-1","__networkId":"telecom","__networkName":"شبكة الاتصالات","__layerId":"telecom_assets","__layerName":"مرافق الاتصالات","__assetName":"مرافق الاتصالات","__geometryKind":"point","__featureIndex":390,"__typeValue":"بوكس"},"geometry":{"type":"Point","coordinates":[31.560471902664244,30.265897251125573]}},{"type":"Feature","properties":{"Description":null,"Telecom_Feature_Type":"بوكس","Easting":"031° 33' 32.22\" E","Northing":"30° 15' 55.18\" N","ID":"14","GlobalID":"{103B4AD2-49DA-47CE-9593-C90C083EB78F}","sectors":"القطاع الثاني","Distance":"155m","I_D":"9-1","__networkId":"telecom","__networkName":"شبكة الاتصالات","__layerId":"telecom_assets","__layerName":"مرافق الاتصالات","__assetName":"مرافق الاتصالات","__geometryKind":"point","__featureIndex":391,"__typeValue":"بوكس"},"geometry":{"type":"Point","coordinates":[31.560628199642196,30.26549494797536]}},{"type":"Feature","properties":{"Description":null,"Telecom_Feature_Type":"بوكس","Easting":"031° 33' 32.85\" E","Northing":"30° 15' 55.11\" N","ID":"13","GlobalID":"{B8844D44-2851-4E3F-BAC3-3C07BFEBF49D}","sectors":"القطاع الثاني","Distance":"180m","I_D":"9-1","__networkId":"telecom","__networkName":"شبكة الاتصالات","__layerId":"telecom_assets","__layerName":"مرافق الاتصالات","__assetName":"مرافق الاتصالات","__geometryKind":"point","__featureIndex":392,"__typeValue":"بوكس"},"geometry":{"type":"Point","coordinates":[31.56080218085485,30.265473889970853]}},{"type":"Feature","properties":{"Description":null,"Telecom_Feature_Type":"بوكس","Easting":"031° 33' 34.15\" E","Northing":"30° 15' 55.55\" N","ID":"9","GlobalID":"{EC2F8D5C-6BF1-4D84-889D-C086EB6BF36A}","sectors":"القطاع الثاني","Distance":"210m","I_D":"9-1","__networkId":"telecom","__networkName":"شبكة الاتصالات","__layerId":"telecom_assets","__layerName":"مرافق الاتصالات","__assetName":"مرافق الاتصالات","__geometryKind":"point","__featureIndex":393,"__typeValue":"بوكس"},"geometry":{"type":"Point","coordinates":[31.561163790485946,30.265597734962736]}},{"type":"Feature","properties":{"Description":null,"Telecom_Feature_Type":"بوكس","Easting":"031° 33' 34.08\" E","Northing":"30° 15' 56.15\" N","ID":"10","GlobalID":"{9239C458-9BD9-4033-A578-066E23509CA8}","sectors":"القطاع الثاني","Distance":"195m","I_D":"9-1","__networkId":"telecom","__networkName":"شبكة الاتصالات","__layerId":"telecom_assets","__layerName":"مرافق الاتصالات","__assetName":"مرافق الاتصالات","__geometryKind":"point","__featureIndex":394,"__typeValue":"بوكس"},"geometry":{"type":"Point","coordinates":[31.5611444515545,30.265764650795322]}},{"type":"Feature","properties":{"Description":null,"Telecom_Feature_Type":"بوكس","Easting":"031° 33' 33.59\" E","Northing":"30° 15' 56.99\" N","ID":"11","GlobalID":"{D7C1F9E5-3904-4650-AEAD-F2B0E277F057}","sectors":"القطاع الثاني","Distance":"160m","I_D":"9-1","__networkId":"telecom","__networkName":"شبكة الاتصالات","__layerId":"telecom_assets","__layerName":"مرافق الاتصالات","__assetName":"مرافق الاتصالات","__geometryKind":"point","__featureIndex":395,"__typeValue":"بوكس"},"geometry":{"type":"Point","coordinates":[31.56100817622759,30.26599675576065]}},{"type":"Feature","properties":{"Description":null,"Telecom_Feature_Type":"بوكس","Easting":"031° 33' 33.02\" E","Northing":"30° 15' 53.41\" N","ID":"17","GlobalID":"{44B9B06C-2605-40AF-AFE7-38D723890A89}","sectors":"القطاع الثاني","Distance":"285m","I_D":"4-4","__networkId":"telecom","__networkName":"شبكة الاتصالات","__layerId":"telecom_assets","__layerName":"مرافق الاتصالات","__assetName":"مرافق الاتصالات","__geometryKind":"point","__featureIndex":396,"__typeValue":"بوكس"},"geometry":{"type":"Point","coordinates":[31.56084785389884,30.265002430318045]}},{"type":"Feature","properties":{"Description":null,"Telecom_Feature_Type":"بوكس","Easting":"031° 33' 33.55\" E","Northing":"30° 15' 53.9\" N","ID":"16","GlobalID":"{E841667B-113B-4623-BA0B-B7A90553ED18}","sectors":"القطاع الثاني","Distance":"310m","I_D":"4-4","__networkId":"telecom","__networkName":"شبكة الاتصالات","__layerId":"telecom_assets","__layerName":"مرافق الاتصالات","__assetName":"مرافق الاتصالات","__geometryKind":"point","__featureIndex":397,"__typeValue":"بوكس"},"geometry":{"type":"Point","coordinates":[31.56099758059882,30.265137757333846]}},{"type":"Feature","properties":{"Description":null,"Telecom_Feature_Type":"بوكس","Easting":"031° 33' 34.85\" E","Northing":"30° 15' 54.33\" N","ID":"11","GlobalID":"{7247E843-53C1-4CE8-B225-AD5E067263DB}","sectors":"القطاع الثاني","Distance":"340m","I_D":"4-4","__networkId":"telecom","__networkName":"شبكة الاتصالات","__layerId":"telecom_assets","__layerName":"مرافق الاتصالات","__assetName":"مرافق الاتصالات","__geometryKind":"point","__featureIndex":398,"__typeValue":"بوكس"},"geometry":{"type":"Point","coordinates":[31.56135669381176,30.265256935855025]}},{"type":"Feature","properties":{"Description":null,"Telecom_Feature_Type":"بوكس","Easting":"031° 33' 36.92\" E","Northing":"30° 15' 54.62\" N","ID":"02","GlobalID":"{64A77ECC-BEF2-47D4-A06C-114320E705A5}","sectors":"القطاع الثاني","Distance":"255m","I_D":"12-1","__networkId":"telecom","__networkName":"شبكة الاتصالات","__layerId":"telecom_assets","__layerName":"مرافق الاتصالات","__assetName":"مرافق الاتصالات","__geometryKind":"point","__featureIndex":399,"__typeValue":"بوكس"},"geometry":{"type":"Point","coordinates":[31.561933727532807,30.26533834229384]}},{"type":"Feature","properties":{"Description":null,"Telecom_Feature_Type":"بوكس","Easting":"031° 33' 37.46\" E","Northing":"30° 15' 55.11\" N","ID":"1","GlobalID":"{63AA84C0-4A95-4FDB-8D59-5BD7E6CAB601}","sectors":"القطاع الثاني","Distance":"270m","I_D":"12-1","__networkId":"telecom","__networkName":"شبكة الاتصالات","__layerId":"telecom_assets","__layerName":"مرافق الاتصالات","__assetName":"مرافق الاتصالات","__geometryKind":"point","__featureIndex":400,"__typeValue":"بوكس"},"geometry":{"type":"Point","coordinates":[31.56208308682184,30.26547483886522]}},{"type":"Feature","properties":{"Description":null,"Telecom_Feature_Type":"بوكس","Easting":"031° 33' 37.53\" E","Northing":"30° 15' 53.53\" N","ID":"03","GlobalID":"{96C4C1D9-6169-4610-9BDB-1364506D0A27}","sectors":"القطاع الثاني","Distance":"215m","I_D":"12-1","__networkId":"telecom","__networkName":"شبكة الاتصالات","__layerId":"telecom_assets","__layerName":"مرافق الاتصالات","__assetName":"مرافق الاتصالات","__geometryKind":"point","__featureIndex":401,"__typeValue":"بوكس"},"geometry":{"type":"Point","coordinates":[31.562102952166025,30.26503534073453]}},{"type":"Feature","properties":{"Description":null,"Telecom_Feature_Type":"بوكس","Easting":"031° 33' 38.26\" E","Northing":"30° 15' 52.81\" N","ID":"04","GlobalID":"{73EA790F-B530-4C84-B28E-9CBBFA0E22CE}","sectors":"القطاع الثاني","Distance":"180m","I_D":"12-1","__networkId":"telecom","__networkName":"شبكة الاتصالات","__layerId":"telecom_assets","__layerName":"مرافق الاتصالات","__assetName":"مرافق الاتصالات","__geometryKind":"point","__featureIndex":402,"__typeValue":"بوكس"},"geometry":{"type":"Point","coordinates":[31.562304007703027,30.26483653967821]}},{"type":"Feature","properties":{"Description":null,"Telecom_Feature_Type":"بوكس","Easting":"031° 33' 40.35\" E","Northing":"30° 15' 52.18\" N","ID":"10","GlobalID":"{37E0A135-D3CC-4B1D-AB83-4E346261D544}","sectors":"القطاع الثاني","Distance":"85m","I_D":"12-1","__networkId":"telecom","__networkName":"شبكة الاتصالات","__layerId":"telecom_assets","__layerName":"مرافق الاتصالات","__assetName":"مرافق الاتصالات","__geometryKind":"point","__featureIndex":403,"__typeValue":"بوكس"},"geometry":{"type":"Point","coordinates":[31.562884827823037,30.264660161177634]}},{"type":"Feature","properties":{"Description":null,"Telecom_Feature_Type":"بوكس","Easting":"031° 33' 39.69\" E","Northing":"30° 15' 52.8\" N","ID":"09","GlobalID":"{76A21E0F-80AD-4D23-98D8-BF41C7E03A0F}","sectors":"القطاع الثاني","Distance":"120m","I_D":"12-1","__networkId":"telecom","__networkName":"شبكة الاتصالات","__layerId":"telecom_assets","__layerName":"مرافق الاتصالات","__assetName":"مرافق الاتصالات","__geometryKind":"point","__featureIndex":404,"__typeValue":"بوكس"},"geometry":{"type":"Point","coordinates":[31.562702495871502,30.264833150636804]}},{"type":"Feature","properties":{"Description":null,"Telecom_Feature_Type":"بوكس","Easting":"031° 33' 39.6\" E","Northing":"30° 15' 53.8\" N","ID":"08","GlobalID":"{91224310-2C0C-4CBA-8EB1-C5A571713657}","sectors":"القطاع الثاني","Distance":"155m","I_D":"12-1","__networkId":"telecom","__networkName":"شبكة الاتصالات","__layerId":"telecom_assets","__layerName":"مرافق الاتصالات","__assetName":"مرافق الاتصالات","__geometryKind":"point","__featureIndex":405,"__typeValue":"بوكس"},"geometry":{"type":"Point","coordinates":[31.562678224290828,30.26511003291544]}},{"type":"Feature","properties":{"Description":null,"Telecom_Feature_Type":"بوكس","Easting":"031° 33' 39.15\" E","Northing":"30° 15' 54.92\" N","ID":"07","GlobalID":"{A7D43FC4-0789-47C5-B07C-F98037DE24FD}","sectors":"القطاع الثاني","Distance":"195m","I_D":"12-1","__networkId":"telecom","__networkName":"شبكة الاتصالات","__layerId":"telecom_assets","__layerName":"مرافق الاتصالات","__assetName":"مرافق الاتصالات","__geometryKind":"point","__featureIndex":406,"__typeValue":"بوكس"},"geometry":{"type":"Point","coordinates":[31.562552191554786,30.26542255500432]}},{"type":"Feature","properties":{"Description":null,"Telecom_Feature_Type":"بوكس","Easting":"031° 33' 38.69\" E","Northing":"30° 15' 55.56\" N","ID":"06","GlobalID":"{83085235-AB6C-4A71-9915-64346772ACEC}","sectors":"القطاع الثاني","Distance":"210m","I_D":"12-1","__networkId":"telecom","__networkName":"شبكة الاتصالات","__layerId":"telecom_assets","__layerName":"مرافق الاتصالات","__assetName":"مرافق الاتصالات","__geometryKind":"point","__featureIndex":407,"__typeValue":"بوكس"},"geometry":{"type":"Point","coordinates":[31.56242346566951,30.26559903998182]}},{"type":"Feature","properties":{"Description":null,"Telecom_Feature_Type":"بوكس","Easting":"031° 33' 42.28\" E","Northing":"30° 15' 53.33\" N","ID":"30","GlobalID":"{307E1503-E5C3-460B-BD62-5EBF8F394575}","sectors":"القطاع الثاني","Distance":"50m","I_D":"12-1","__networkId":"telecom","__networkName":"شبكة الاتصالات","__layerId":"telecom_assets","__layerName":"مرافق الاتصالات","__assetName":"مرافق الاتصالات","__geometryKind":"point","__featureIndex":408,"__typeValue":"بوكس"},"geometry":{"type":"Point","coordinates":[31.563421749071725,30.264978891724994]}},{"type":"Feature","properties":{"Description":null,"Telecom_Feature_Type":"بوكس","Easting":"031° 33' 42.16\" E","Northing":"30° 15' 54.26\" N","ID":"29","GlobalID":"{0E559B2B-663E-4DBA-BEBA-675A9C0A21F2}","sectors":"القطاع الثاني","Distance":"85m","I_D":"12-1","__networkId":"telecom","__networkName":"شبكة الاتصالات","__layerId":"telecom_assets","__layerName":"مرافق الاتصالات","__assetName":"مرافق الاتصالات","__geometryKind":"point","__featureIndex":409,"__typeValue":"بوكس"},"geometry":{"type":"Point","coordinates":[31.56338869106927,30.265239193894594]}},{"type":"Feature","properties":{"Description":null,"Telecom_Feature_Type":"بوكس","Easting":"031° 33' 41.43\" E","Northing":"30° 15' 54.93\" N","ID":"28","GlobalID":"{4A9C470C-605D-4118-85EF-6D9AC52D99A3}","sectors":"القطاع الثاني","Distance":"120m","I_D":"12-1","__networkId":"telecom","__networkName":"شبكة الاتصالات","__layerId":"telecom_assets","__layerName":"مرافق الاتصالات","__assetName":"مرافق الاتصالات","__geometryKind":"point","__featureIndex":410,"__typeValue":"بوكس"},"geometry":{"type":"Point","coordinates":[31.563184353986543,30.265425025389657]}},{"type":"Feature","properties":{"Description":null,"Telecom_Feature_Type":"بوكس","Easting":"031° 33' 40.85\" E","Northing":"30° 15' 55.99\" N","ID":"27","GlobalID":"{828EC288-892B-44D3-8A53-7C0E2AD8A05B}","sectors":"القطاع الثاني","Distance":"155m","I_D":"12-1","__networkId":"telecom","__networkName":"شبكة الاتصالات","__layerId":"telecom_assets","__layerName":"مرافق الاتصالات","__assetName":"مرافق الاتصالات","__geometryKind":"point","__featureIndex":411,"__typeValue":"بوكس"},"geometry":{"type":"Point","coordinates":[31.563023347141534,30.26572013124462]}},{"type":"Feature","properties":{"Description":null,"Telecom_Feature_Type":"بوكس","Easting":"031° 33' 41.17\" E","Northing":"30° 15' 56.51\" N","ID":"26","GlobalID":"{807D1EB8-17E2-4D23-BF37-8F6F7452323C}","sectors":"القطاع الثاني","Distance":"170m","I_D":"12-1","__networkId":"telecom","__networkName":"شبكة الاتصالات","__layerId":"telecom_assets","__layerName":"مرافق الاتصالات","__assetName":"مرافق الاتصالات","__geometryKind":"point","__featureIndex":412,"__typeValue":"بوكس"},"geometry":{"type":"Point","coordinates":[31.56311364938716,30.26586430142857]}},{"type":"Feature","properties":{"Description":null,"Telecom_Feature_Type":"بوكس","Easting":"031° 33' 42.43\" E","Northing":"30° 15' 57.0\" N","ID":"21","GlobalID":"{05327A84-9A6E-44B1-93CF-081EFE1C140A}","sectors":"القطاع الثاني","Distance":"210m","I_D":"12-1","__networkId":"telecom","__networkName":"شبكة الاتصالات","__layerId":"telecom_assets","__layerName":"مرافق الاتصالات","__assetName":"مرافق الاتصالات","__geometryKind":"point","__featureIndex":413,"__typeValue":"بوكس"},"geometry":{"type":"Point","coordinates":[31.563463202728816,30.26599829120786]}},{"type":"Feature","properties":{"Description":null,"Telecom_Feature_Type":"بوكس","Easting":"031° 33' 36.73\" E","Northing":"30° 15' 56.51\" N","ID":"1","GlobalID":"{C9A4C2B9-57E0-4CB0-87CB-B9177695A465}","sectors":"القطاع الثاني","Distance":"255m","I_D":"11-2","__networkId":"telecom","__networkName":"شبكة الاتصالات","__layerId":"telecom_assets","__layerName":"مرافق الاتصالات","__assetName":"مرافق الاتصالات","__geometryKind":"point","__featureIndex":414,"__typeValue":"بوكس"},"geometry":{"type":"Point","coordinates":[31.56187972620782,30.26586259683929]}},{"type":"Feature","properties":{"Description":null,"Telecom_Feature_Type":"بوكس","Easting":"031° 33' 36.11\" E","Northing":"30° 15' 56.57\" N","ID":"2","GlobalID":"{163DD539-1780-41AE-AAEF-F51DF3FE0C8E}","sectors":"القطاع الثاني","Distance":"240m","I_D":"11-2","__networkId":"telecom","__networkName":"شبكة الاتصالات","__layerId":"telecom_assets","__layerName":"مرافق الاتصالات","__assetName":"مرافق الاتصالات","__geometryKind":"point","__featureIndex":415,"__typeValue":"بوكس"},"geometry":{"type":"Point","coordinates":[31.56170819290433,30.265881193697126]}},{"type":"Feature","properties":{"Description":null,"Telecom_Feature_Type":"بوكس","Easting":"031° 33' 35.63\" E","Northing":"30° 15' 57.74\" N","ID":"3","GlobalID":"{6E2B60FA-193E-40DB-A314-C836174BEAEE}","sectors":"القطاع الثاني","Distance":"200m","I_D":"11-2","__networkId":"telecom","__networkName":"شبكة الاتصالات","__layerId":"telecom_assets","__layerName":"مرافق الاتصالات","__assetName":"مرافق الاتصالات","__geometryKind":"point","__featureIndex":416,"__typeValue":"بوكس"},"geometry":{"type":"Point","coordinates":[31.56157509761351,30.266204219368966]}},{"type":"Feature","properties":{"Description":null,"Telecom_Feature_Type":"بوكس","Easting":"031° 33' 35.44\" E","Northing":"30° 15' 58.96\" N","ID":"4","GlobalID":"{2A646992-5147-4947-90F4-B4B033A3919C}","sectors":"القطاع الثاني","Distance":"170m","I_D":"11-2","__networkId":"telecom","__networkName":"شبكة الاتصالات","__layerId":"telecom_assets","__layerName":"مرافق الاتصالات","__assetName":"مرافق الاتصالات","__geometryKind":"point","__featureIndex":417,"__typeValue":"بوكس"},"geometry":{"type":"Point","coordinates":[31.561521319969035,30.266543607767858]}},{"type":"Feature","properties":{"Description":null,"Telecom_Feature_Type":"بوكس","Easting":"031° 33' 36.5\" E","Northing":"30° 15' 59.36\" N","ID":"8","GlobalID":"{C9977839-ECA7-42F9-90A5-7772DC8EC532}","sectors":"القطاع الثاني","Distance":"155m","I_D":"11-2","__networkId":"telecom","__networkName":"شبكة الاتصالات","__layerId":"telecom_assets","__layerName":"مرافق الاتصالات","__assetName":"مرافق الاتصالات","__geometryKind":"point","__featureIndex":418,"__typeValue":"بوكس"},"geometry":{"type":"Point","coordinates":[31.56181551013974,30.266654580585826]}},{"type":"Feature","properties":{"Description":null,"Telecom_Feature_Type":"بوكس","Easting":"031° 33' 37.92\" E","Northing":"30° 15' 57.58\" N","ID":"6","GlobalID":"{EC18A87F-B1FF-4F62-81DD-BC73B1729B2E}","sectors":"القطاع الثاني","Distance":"230m","I_D":"11-2","__networkId":"telecom","__networkName":"شبكة الاتصالات","__layerId":"telecom_assets","__layerName":"مرافق الاتصالات","__assetName":"مرافق الاتصالات","__geometryKind":"point","__featureIndex":419,"__typeValue":"بوكس"},"geometry":{"type":"Point","coordinates":[31.56221144260121,30.26616082968279]}},{"type":"Feature","properties":{"Description":null,"Telecom_Feature_Type":"بوكس","Easting":"031° 33' 38.01\" E","Northing":"30° 15' 57.0\" N","ID":"5","GlobalID":"{0978941B-C6A5-495B-A319-A42ED87DCE51}","sectors":"القطاع الثاني","Distance":"250m","I_D":"11-2","__networkId":"telecom","__networkName":"شبكة الاتصالات","__layerId":"telecom_assets","__layerName":"مرافق الاتصالات","__assetName":"مرافق الاتصالات","__geometryKind":"point","__featureIndex":420,"__typeValue":"بوكس"},"geometry":{"type":"Point","coordinates":[31.562235101530867,30.265998849058583]}},{"type":"Feature","properties":{"Description":null,"Telecom_Feature_Type":"بوكس","Easting":"031° 33' 39.03\" E","Northing":"30° 16' 0.35\" N","ID":"12","GlobalID":"{01E4FF77-7C48-46E3-9C6F-48895320F397}","sectors":"القطاع الثاني","Distance":"70m","I_D":"11-2","__networkId":"telecom","__networkName":"شبكة الاتصالات","__layerId":"telecom_assets","__layerName":"مرافق الاتصالات","__assetName":"مرافق الاتصالات","__geometryKind":"point","__featureIndex":421,"__typeValue":"بوكس"},"geometry":{"type":"Point","coordinates":[31.56251800616664,30.266928961001273]}},{"type":"Feature","properties":{"Description":null,"Telecom_Feature_Type":"بوكس","Easting":"031° 33' 39.13\" E","Northing":"30° 15' 59.41\" N","ID":"11","GlobalID":"{B35CD06E-DFC7-47ED-BE3B-A69A7798338E}","sectors":"القطاع الثاني","Distance":"100m","I_D":"11-2","__networkId":"telecom","__networkName":"شبكة الاتصالات","__layerId":"telecom_assets","__layerName":"مرافق الاتصالات","__assetName":"مرافق الاتصالات","__geometryKind":"point","__featureIndex":422,"__typeValue":"بوكس"},"geometry":{"type":"Point","coordinates":[31.56254595365344,30.266667863394723]}},{"type":"Feature","properties":{"Description":null,"Telecom_Feature_Type":"بوكس","Easting":"031° 33' 39.64\" E","Northing":"30° 15' 58.25\" N","ID":"10","GlobalID":"{FC1896AB-0505-4387-9F3D-2EAC99616CAC}","sectors":"القطاع الثاني","Distance":"140m","I_D":"11-2","__networkId":"telecom","__networkName":"شبكة الاتصالات","__layerId":"telecom_assets","__layerName":"مرافق الاتصالات","__assetName":"مرافق الاتصالات","__geometryKind":"point","__featureIndex":423,"__typeValue":"بوكس"},"geometry":{"type":"Point","coordinates":[31.562688402203012,30.266347618405714]}},{"type":"Feature","properties":{"Description":null,"Telecom_Feature_Type":"بوكس","Easting":"031° 33' 40.41\" E","Northing":"30° 15' 57.94\" N","ID":"9","GlobalID":"{25D10B28-238A-475D-84E9-B8C13DC0C7C1}","sectors":"القطاع الثاني","Distance":"155m","I_D":"11-2","__networkId":"telecom","__networkName":"شبكة الاتصالات","__layerId":"telecom_assets","__layerName":"مرافق الاتصالات","__assetName":"مرافق الاتصالات","__geometryKind":"point","__featureIndex":424,"__typeValue":"بوكس"},"geometry":{"type":"Point","coordinates":[31.56290170806553,30.26625956749296]}},{"type":"Feature","properties":{"Description":null,"Telecom_Feature_Type":"بوكس","Easting":"031° 33' 41.36\" E","Northing":"30° 15' 58.33\" N","ID":"13","GlobalID":"{32A2B787-3383-4800-B6EE-0BAF8D89717C}","sectors":"القطاع الثاني","Distance":"145m","I_D":"11-2","__networkId":"telecom","__networkName":"شبكة الاتصالات","__layerId":"telecom_assets","__layerName":"مرافق الاتصالات","__assetName":"مرافق الاتصالات","__geometryKind":"point","__featureIndex":425,"__typeValue":"بوكس"},"geometry":{"type":"Point","coordinates":[31.56316623227229,30.266367977942263]}},{"type":"Feature","properties":{"Description":null,"Telecom_Feature_Type":"بوكس","Easting":"031° 33' 41.02\" E","Northing":"30° 15' 59.85\" N","ID":"15","GlobalID":"{46A4A20B-7B5B-453D-89C3-0EE8BD47A66B}","sectors":"القطاع الثاني","Distance":"90m","I_D":"11-2","__networkId":"telecom","__networkName":"شبكة الاتصالات","__layerId":"telecom_assets","__layerName":"مرافق الاتصالات","__assetName":"مرافق الاتصالات","__geometryKind":"point","__featureIndex":426,"__typeValue":"بوكس"},"geometry":{"type":"Point","coordinates":[31.563071314482748,30.266791668087414]}},{"type":"Feature","properties":{"Description":null,"Telecom_Feature_Type":"بوكس","Easting":"031° 33' 40.24\" E","Northing":"30° 16' 0.52\" N","ID":"16","GlobalID":"{670A52DF-2DF0-4C0F-9573-9FD5FBD9DFDC}","sectors":"القطاع الثاني","Distance":"55m","I_D":"11-2","__networkId":"telecom","__networkName":"شبكة الاتصالات","__layerId":"telecom_assets","__layerName":"مرافق الاتصالات","__assetName":"مرافق الاتصالات","__geometryKind":"point","__featureIndex":427,"__typeValue":"بوكس"},"geometry":{"type":"Point","coordinates":[31.56285607724237,30.266976505867703]}},{"type":"Feature","properties":{"Description":null,"Telecom_Feature_Type":"بوكس","Easting":"031° 33' 42.66\" E","Northing":"30° 16' 1.57\" N","ID":"24","GlobalID":"{1BE9728E-F998-4161-B160-A4A62025141B}","sectors":"القطاع الثاني","Distance":"90m","I_D":"11-2","__networkId":"telecom","__networkName":"شبكة الاتصالات","__layerId":"telecom_assets","__layerName":"مرافق الاتصالات","__assetName":"مرافق الاتصالات","__geometryKind":"point","__featureIndex":428,"__typeValue":"بوكس"},"geometry":{"type":"Point","coordinates":[31.56352589974577,30.267270155425024]}},{"type":"Feature","properties":{"Description":null,"Telecom_Feature_Type":"بوكس","Easting":"031° 33' 42.78\" E","Northing":"30° 16' 0.61\" N","ID":"23","GlobalID":"{234A6B04-7060-4BAE-95A4-5EB0A7E5EDB9}","sectors":"القطاع الثاني","Distance":"130m","I_D":"11-2","__networkId":"telecom","__networkName":"شبكة الاتصالات","__layerId":"telecom_assets","__layerName":"مرافق الاتصالات","__assetName":"مرافق الاتصالات","__geometryKind":"point","__featureIndex":429,"__typeValue":"بوكس"},"geometry":{"type":"Point","coordinates":[31.563559329650758,30.26700335303463]}},{"type":"Feature","properties":{"Description":null,"Telecom_Feature_Type":"بوكس","Easting":"031° 33' 16.74\" E","Northing":"30° 16' 0.11\" N","ID":"2","GlobalID":"{73942E01-C433-462E-B8BB-02797B6C8DFD}","sectors":"القطاع الثاني","Distance":"300m","I_D":"4-2","__networkId":"telecom","__networkName":"شبكة الاتصالات","__layerId":"telecom_assets","__layerName":"مرافق الاتصالات","__assetName":"مرافق الاتصالات","__geometryKind":"point","__featureIndex":430,"__typeValue":"بوكس"},"geometry":{"type":"Point","coordinates":[31.556327207995633,30.26686314608191]}},{"type":"Feature","properties":{"Description":null,"Telecom_Feature_Type":"بوكس","Easting":"031° 33' 15.37\" E","Northing":"30° 15' 59.75\" N","ID":"3","GlobalID":"{95272223-D803-480D-97B2-0535926579BF}","sectors":"القطاع الثاني","Distance":"260m","I_D":"4-2","__networkId":"telecom","__networkName":"شبكة الاتصالات","__layerId":"telecom_assets","__layerName":"مرافق الاتصالات","__assetName":"مرافق الاتصالات","__geometryKind":"point","__featureIndex":431,"__typeValue":"بوكس"},"geometry":{"type":"Point","coordinates":[31.555947238596783,30.26676435611995]}},{"type":"Feature","properties":{"Description":null,"Telecom_Feature_Type":"بوكس","Easting":"031° 33' 14.28\" E","Northing":"30° 15' 59.73\" N","ID":"4","GlobalID":"{A2E9C199-1ECF-4EBE-803B-B78F3E939528}","sectors":"القطاع الثاني","Distance":"225m","I_D":"4-2","__networkId":"telecom","__networkName":"شبكة الاتصالات","__layerId":"telecom_assets","__layerName":"مرافق الاتصالات","__assetName":"مرافق الاتصالات","__geometryKind":"point","__featureIndex":432,"__typeValue":"بوكس"},"geometry":{"type":"Point","coordinates":[31.555644515329185,30.266757666618666]}},{"type":"Feature","properties":{"Description":null,"Telecom_Feature_Type":"بوكس","Easting":"031° 33' 13.47\" E","Northing":"30° 15' 59.1\" N","ID":"5","GlobalID":"{444F1EB8-B607-44BB-9935-18E561AEBF05}","sectors":"القطاع الثاني","Distance":"190m","I_D":"4-2","__networkId":"telecom","__networkName":"شبكة الاتصالات","__layerId":"telecom_assets","__layerName":"مرافق الاتصالات","__assetName":"مرافق الاتصالات","__geometryKind":"point","__featureIndex":433,"__typeValue":"بوكس"},"geometry":{"type":"Point","coordinates":[31.555418963632697,30.266581629846513]}},{"type":"Feature","properties":{"Description":null,"Telecom_Feature_Type":"بوكس","Easting":"031° 33' 16.77\" E","Northing":"30° 16' 1.63\" N","ID":"6","GlobalID":"{A11BF600-DC41-4BB2-9BC0-525E2B129122}","sectors":"القطاع الثاني","Distance":"280m","I_D":"4-2","__networkId":"telecom","__networkName":"شبكة الاتصالات","__layerId":"telecom_assets","__layerName":"مرافق الاتصالات","__assetName":"مرافق الاتصالات","__geometryKind":"point","__featureIndex":434,"__typeValue":"بوكس"},"geometry":{"type":"Point","coordinates":[31.556335441953532,30.267285071336122]}},{"type":"Feature","properties":{"Description":null,"Telecom_Feature_Type":"بوكس","Easting":"031° 33' 16.27\" E","Northing":"30° 16' 1.97\" N","ID":"7","GlobalID":"{D684F3F0-BDC3-4D79-B425-774E2DF78184}","sectors":"القطاع الثاني","Distance":"260m","I_D":"4-2","__networkId":"telecom","__networkName":"شبكة الاتصالات","__layerId":"telecom_assets","__layerName":"مرافق الاتصالات","__assetName":"مرافق الاتصالات","__geometryKind":"point","__featureIndex":435,"__typeValue":"بوكس"},"geometry":{"type":"Point","coordinates":[31.556195081088713,30.26737939104864]}},{"type":"Feature","properties":{"Description":null,"Telecom_Feature_Type":"بوكس","Easting":"031° 33' 14.98\" E","Northing":"30° 16' 1.43\" N","ID":"8","GlobalID":"{5D9E8FA7-8CAD-4B9A-AA86-2EEC976A640A}","sectors":"القطاع الثاني","Distance":"230m","I_D":"4-2","__networkId":"telecom","__networkName":"شبكة الاتصالات","__layerId":"telecom_assets","__layerName":"مرافق الاتصالات","__assetName":"مرافق الاتصالات","__geometryKind":"point","__featureIndex":436,"__typeValue":"بوكس"},"geometry":{"type":"Point","coordinates":[31.55583798728856,30.26723075413299]}},{"type":"Feature","properties":{"Description":null,"Telecom_Feature_Type":"بوكس","Easting":"031° 33' 14.17\" E","Northing":"30° 16' 0.79\" N","ID":"9","GlobalID":"{7789C639-D7E2-4B94-958D-7322CEC4E211}","sectors":"القطاع الثاني","Distance":"190m","I_D":"4-2","__networkId":"telecom","__networkName":"شبكة الاتصالات","__layerId":"telecom_assets","__layerName":"مرافق الاتصالات","__assetName":"مرافق الاتصالات","__geometryKind":"point","__featureIndex":437,"__typeValue":"بوكس"},"geometry":{"type":"Point","coordinates":[31.555613237787608,30.26705226105445]}},{"type":"Feature","properties":{"Description":null,"Telecom_Feature_Type":"بوكس","Easting":"031° 33' 13.08\" E","Northing":"30° 16' 0.77\" N","ID":"10","GlobalID":"{A6E9D0C8-2DAB-4B62-8E59-4F0524ED7D49}","sectors":"القطاع الثاني","Distance":"160m","I_D":"4-2","__networkId":"telecom","__networkName":"شبكة الاتصالات","__layerId":"telecom_assets","__layerName":"مرافق الاتصالات","__assetName":"مرافق الاتصالات","__geometryKind":"point","__featureIndex":438,"__typeValue":"بوكس"},"geometry":{"type":"Point","coordinates":[31.555309526373204,30.267047203986348]}},{"type":"Feature","properties":{"Description":null,"Telecom_Feature_Type":"بوكس","Easting":"031° 33' 12.17\" E","Northing":"30° 16' 2.43\" N","ID":"15","GlobalID":"{6A05AF72-A7A5-4A5B-8BE4-97F56C47F831}","sectors":"القطاع الثاني","Distance":"70m","I_D":"4-2","__networkId":"telecom","__networkName":"شبكة الاتصالات","__layerId":"telecom_assets","__layerName":"مرافق الاتصالات","__assetName":"مرافق الاتصالات","__geometryKind":"point","__featureIndex":439,"__typeValue":"بوكس"},"geometry":{"type":"Point","coordinates":[31.555057866939634,30.26750912007411]}},{"type":"Feature","properties":{"Description":null,"Telecom_Feature_Type":"بوكس","Easting":"031° 33' 12.99\" E","Northing":"30° 16' 3.06\" N","ID":"14","GlobalID":"{B6F36A6F-262A-4D2F-BB27-614235A0FEC1}","sectors":"القطاع الثاني","Distance":"115m","I_D":"4-2","__networkId":"telecom","__networkName":"شبكة الاتصالات","__layerId":"telecom_assets","__layerName":"مرافق الاتصالات","__assetName":"مرافق الاتصالات","__geometryKind":"point","__featureIndex":440,"__typeValue":"بوكس"},"geometry":{"type":"Point","coordinates":[31.555284569377967,30.267684169069078]}},{"type":"Feature","properties":{"Description":null,"Telecom_Feature_Type":"بوكس","Easting":"031° 33' 14.08\" E","Northing":"30° 16' 3.09\" N","ID":"13","GlobalID":"{41777F0A-AD8C-4965-BC11-D933CEEAC420}","sectors":"القطاع الثاني","Distance":"145m","I_D":"4-2","__networkId":"telecom","__networkName":"شبكة الاتصالات","__layerId":"telecom_assets","__layerName":"مرافق الاتصالات","__assetName":"مرافق الاتصالات","__geometryKind":"point","__featureIndex":441,"__typeValue":"بوكس"},"geometry":{"type":"Point","coordinates":[31.55558762232728,30.26769011135708]}},{"type":"Feature","properties":{"Description":null,"Telecom_Feature_Type":"بوكس","Easting":"031° 33' 15.44\" E","Northing":"30° 16' 3.45\" N","ID":"12","GlobalID":"{92CD40D6-B180-4A2E-8AED-A49283D3B061}","sectors":"القطاع الثاني","Distance":"180m","I_D":"4-2","__networkId":"telecom","__networkName":"شبكة الاتصالات","__layerId":"telecom_assets","__layerName":"مرافق الاتصالات","__assetName":"مرافق الاتصالات","__geometryKind":"point","__featureIndex":442,"__typeValue":"بوكس"},"geometry":{"type":"Point","coordinates":[31.555965674721353,30.267791115456635]}},{"type":"Feature","properties":{"Description":null,"Telecom_Feature_Type":"بوكس","Easting":"031° 33' 16.0\" E","Northing":"30° 16' 3.83\" N","ID":"11","GlobalID":"{95CB369C-E756-4927-B50F-2F98F60CDE25}","sectors":"القطاع الثاني","Distance":"205m","I_D":"4-2","__networkId":"telecom","__networkName":"شبكة الاتصالات","__layerId":"telecom_assets","__layerName":"مرافق الاتصالات","__assetName":"مرافق الاتصالات","__geometryKind":"point","__featureIndex":443,"__typeValue":"بوكس"},"geometry":{"type":"Point","coordinates":[31.55612151176189,30.267896222950803]}},{"type":"Feature","properties":{"Description":null,"Telecom_Feature_Type":"بوكس","Easting":"031° 33' 15.47\" E","Northing":"30° 16' 4.95\" N","ID":"26","GlobalID":"{4D45A36D-BC4C-4DAC-89A9-720B7CE16446}","sectors":"القطاع الثاني","Distance":"170m","I_D":"4-2","__networkId":"telecom","__networkName":"شبكة الاتصالات","__layerId":"telecom_assets","__layerName":"مرافق الاتصالات","__assetName":"مرافق الاتصالات","__geometryKind":"point","__featureIndex":444,"__typeValue":"بوكس"},"geometry":{"type":"Point","coordinates":[31.55597512409982,30.268208078247913]}},{"type":"Feature","properties":{"Description":null,"Telecom_Feature_Type":"بوكس","Easting":"031° 33' 14.96\" E","Northing":"30° 16' 5.3\" N","ID":"27","GlobalID":"{DBF10E49-B17E-445F-98B1-2FECB9B82E5F}","sectors":"القطاع الثاني","Distance":"160m","I_D":"4-2","__networkId":"telecom","__networkName":"شبكة الاتصالات","__layerId":"telecom_assets","__layerName":"مرافق الاتصالات","__assetName":"مرافق الاتصالات","__geometryKind":"point","__featureIndex":445,"__typeValue":"بوكس"},"geometry":{"type":"Point","coordinates":[31.55583273483909,30.26830633840191]}},{"type":"Feature","properties":{"Description":null,"Telecom_Feature_Type":"بوكس","Easting":"031° 33' 13.69\" E","Northing":"30° 16' 4.75\" N","ID":"28","GlobalID":"{4EAD5792-2B88-4F15-A31D-0F1ED5E950CE}","sectors":"القطاع الثاني","Distance":"120m","I_D":"4-2","__networkId":"telecom","__networkName":"شبكة الاتصالات","__layerId":"telecom_assets","__layerName":"مرافق الاتصالات","__assetName":"مرافق الاتصالات","__geometryKind":"point","__featureIndex":446,"__typeValue":"بوكس"},"geometry":{"type":"Point","coordinates":[31.55548018561595,30.268151473564274]}},{"type":"Feature","properties":{"Description":null,"Telecom_Feature_Type":"بوكس","Easting":"031° 33' 12.87\" E","Northing":"30° 16' 4.12\" N","ID":"29","GlobalID":"{A8596A8A-E824-4AB2-BA63-38B08B787911}","sectors":"القطاع الثاني","Distance":"85m","I_D":"4-2","__networkId":"telecom","__networkName":"شبكة الاتصالات","__layerId":"telecom_assets","__layerName":"مرافق الاتصالات","__assetName":"مرافق الاتصالات","__geometryKind":"point","__featureIndex":447,"__typeValue":"بوكس"},"geometry":{"type":"Point","coordinates":[31.55525311756326,30.26797831848772]}},{"type":"Feature","properties":{"Description":null,"Telecom_Feature_Type":"بوكس","Easting":"031° 33' 11.79\" E","Northing":"30° 16' 4.09\" N","ID":"30","GlobalID":"{9EB13BA9-4392-4B40-8DF4-F5ED7A19758C}","sectors":"القطاع الثاني","Distance":"50m","I_D":"4-2","__networkId":"telecom","__networkName":"شبكة الاتصالات","__layerId":"telecom_assets","__layerName":"مرافق الاتصالات","__assetName":"مرافق الاتصالات","__geometryKind":"point","__featureIndex":448,"__typeValue":"بوكس"},"geometry":{"type":"Point","coordinates":[31.55495129710251,30.267969531158183]}},{"type":"Feature","properties":{"Description":null,"Telecom_Feature_Type":"بوكس","Easting":"031° 33' 10.67\" E","Northing":"30° 16' 6.79\" N","ID":"25","GlobalID":"{9A0E4787-7309-439D-B68F-549AF73900BD}","sectors":"القطاع الثالث","Distance":"110m","I_D":"4-2","__networkId":"telecom","__networkName":"شبكة الاتصالات","__layerId":"telecom_assets","__layerName":"مرافق الاتصالات","__assetName":"مرافق الاتصالات","__geometryKind":"point","__featureIndex":449,"__typeValue":"بوكس"},"geometry":{"type":"Point","coordinates":[31.5546414250419,30.268718339779852]}},{"type":"Feature","properties":{"Description":null,"Telecom_Feature_Type":"بوكس","Easting":"031° 33' 11.16\" E","Northing":"30° 16' 7.32\" N","ID":"24","GlobalID":"{BBE65D32-C1E6-470C-8A05-7B24B9DCB920}","sectors":"القطاع الثالث","Distance":"140m","I_D":"4-2","__networkId":"telecom","__networkName":"شبكة الاتصالات","__layerId":"telecom_assets","__layerName":"مرافق الاتصالات","__assetName":"مرافق الاتصالات","__geometryKind":"point","__featureIndex":450,"__typeValue":"بوكس"},"geometry":{"type":"Point","coordinates":[31.55477655232189,30.268865235768892]}},{"type":"Feature","properties":{"Description":null,"Telecom_Feature_Type":"بوكس","Easting":"031° 33' 12.25\" E","Northing":"30° 16' 7.35\" N","ID":"23","GlobalID":"{49922596-AFA8-44AF-91F3-D6CF9B9A76F5}","sectors":"القطاع الثالث","Distance":"170m","I_D":"4-2","__networkId":"telecom","__networkName":"شبكة الاتصالات","__layerId":"telecom_assets","__layerName":"مرافق الاتصالات","__assetName":"مرافق الاتصالات","__geometryKind":"point","__featureIndex":451,"__typeValue":"بوكس"},"geometry":{"type":"Point","coordinates":[31.555080152345198,30.268874353529345]}},{"type":"Feature","properties":{"Description":null,"Telecom_Feature_Type":"بوكس","Easting":"031° 33' 13.61\" E","Northing":"30° 16' 7.73\" N","ID":"22","GlobalID":"{CC8C9AF4-41EA-4759-96D0-4934013406AC}","sectors":"القطاع الثالث","Distance":"210m","I_D":"4-2","__networkId":"telecom","__networkName":"شبكة الاتصالات","__layerId":"telecom_assets","__layerName":"مرافق الاتصالات","__assetName":"مرافق الاتصالات","__geometryKind":"point","__featureIndex":452,"__typeValue":"بوكس"},"geometry":{"type":"Point","coordinates":[31.555456355108085,30.26897988968277]}},{"type":"Feature","properties":{"Description":null,"Telecom_Feature_Type":"بوكس","Easting":"031° 33' 14.15\" E","Northing":"30° 16' 8.1\" N","ID":"21","GlobalID":"{75E2D257-038A-4289-B2F6-2C3FE36816C3}","sectors":"القطاع الثالث","Distance":"225m","I_D":"4-2","__networkId":"telecom","__networkName":"شبكة الاتصالات","__layerId":"telecom_assets","__layerName":"مرافق الاتصالات","__assetName":"مرافق الاتصالات","__geometryKind":"point","__featureIndex":453,"__typeValue":"بوكس"},"geometry":{"type":"Point","coordinates":[31.555607187634156,30.269082484491143]}},{"type":"Feature","properties":{"Description":null,"Telecom_Feature_Type":"بوكس","Easting":"031° 33' 13.12\" E","Northing":"30° 16' 9.55\" N","ID":"17","GlobalID":"{65E91315-80A5-4E44-A94A-958BA44D950E}","sectors":"القطاع الثالث","Distance":"270m","I_D":"4-2","__networkId":"telecom","__networkName":"شبكة الاتصالات","__layerId":"telecom_assets","__layerName":"مرافق الاتصالات","__assetName":"مرافق الاتصالات","__geometryKind":"point","__featureIndex":454,"__typeValue":"بوكس"},"geometry":{"type":"Point","coordinates":[31.555320128290177,30.26948493897138]}},{"type":"Feature","properties":{"Description":null,"Telecom_Feature_Type":"بوكس","Easting":"031° 33' 11.84\" E","Northing":"30° 16' 8.99\" N","ID":"18","GlobalID":"{0FE0C8B7-60EB-4BE5-A264-F2A4C16D207D}","sectors":"القطاع الثالث","Distance":"230m","I_D":"4-2","__networkId":"telecom","__networkName":"شبكة الاتصالات","__layerId":"telecom_assets","__layerName":"مرافق الاتصالات","__assetName":"مرافق الاتصالات","__geometryKind":"point","__featureIndex":455,"__typeValue":"بوكس"},"geometry":{"type":"Point","coordinates":[31.554967174825173,30.269331149760898]}},{"type":"Feature","properties":{"Description":null,"Telecom_Feature_Type":"بوكس","Easting":"031° 33' 11.04\" E","Northing":"30° 16' 8.35\" N","ID":"19","GlobalID":"{177227AB-3B9E-4CB2-94DB-76E553E521A9}","sectors":"القطاع الثالث","Distance":"200m","I_D":"4-2","__networkId":"telecom","__networkName":"شبكة الاتصالات","__layerId":"telecom_assets","__layerName":"مرافق الاتصالات","__assetName":"مرافق الاتصالات","__geometryKind":"point","__featureIndex":456,"__typeValue":"بوكس"},"geometry":{"type":"Point","coordinates":[31.55474423003963,30.26915302747588]}},{"type":"Feature","properties":{"Description":null,"Telecom_Feature_Type":"بوكس","Easting":"031° 33' 9.95\" E","Northing":"30° 16' 8.32\" N","ID":"20","GlobalID":"{7A3BED51-CE2C-4AEC-8A65-60FEA5DC9CB6}","sectors":"القطاع الثالث","Distance":"160m","I_D":"4-2","__networkId":"telecom","__networkName":"شبكة الاتصالات","__layerId":"telecom_assets","__layerName":"مرافق الاتصالات","__assetName":"مرافق الاتصالات","__geometryKind":"point","__featureIndex":457,"__typeValue":"بوكس"},"geometry":{"type":"Point","coordinates":[31.554441099835206,30.26914412154711]}},{"type":"Feature","properties":{"Description":null,"Telecom_Feature_Type":"بوكس","Easting":"031° 33' 11.7\" E","Northing":"30° 16' 11.0\" N","ID":"1","GlobalID":"{C74ACE51-41DF-42CD-B348-FFB3921C655B}","sectors":"القطاع الثالث","Distance":"305m","I_D":"4-1","__networkId":"telecom","__networkName":"شبكة الاتصالات","__layerId":"telecom_assets","__layerName":"مرافق الاتصالات","__assetName":"مرافق الاتصالات","__geometryKind":"point","__featureIndex":458,"__typeValue":"بوكس"},"geometry":{"type":"Point","coordinates":[31.55492792743042,30.269889203386885]}},{"type":"Feature","properties":{"Description":null,"Telecom_Feature_Type":"بوكس","Easting":"031° 33' 11.17\" E","Northing":"30° 16' 10.61\" N","ID":"2","GlobalID":"{50680B78-82C6-42BB-80A4-6C5F90C6D358}","sectors":"القطاع الثالث","Distance":"290m","I_D":"4-1","__networkId":"telecom","__networkName":"شبكة الاتصالات","__layerId":"telecom_assets","__layerName":"مرافق الاتصالات","__assetName":"مرافق الاتصالات","__geometryKind":"point","__featureIndex":459,"__typeValue":"بوكس"},"geometry":{"type":"Point","coordinates":[31.55478016085437,30.269781570338687]}},{"type":"Feature","properties":{"Description":null,"Telecom_Feature_Type":"بوكس","Easting":"031° 33' 9.82\" E","Northing":"30° 16' 10.22\" N","ID":"3","GlobalID":"{8C0263DE-9803-46B7-B439-2838624467A8}","sectors":"القطاع الثالث","Distance":"250m","I_D":"4-1","__networkId":"telecom","__networkName":"شبكة الاتصالات","__layerId":"telecom_assets","__layerName":"مرافق الاتصالات","__assetName":"مرافق الاتصالات","__geometryKind":"point","__featureIndex":460,"__typeValue":"بوكس"},"geometry":{"type":"Point","coordinates":[31.55440441353734,30.26967241342034]}},{"type":"Feature","properties":{"Description":null,"Telecom_Feature_Type":"بوكس","Easting":"031° 33' 8.74\" E","Northing":"30° 16' 10.16\" N","ID":"4","GlobalID":"{29A8C399-75FD-4557-A7A7-33E1B5BB2A0F}","sectors":"القطاع الثالث","Distance":"220m","I_D":"4-1","__networkId":"telecom","__networkName":"شبكة الاتصالات","__layerId":"telecom_assets","__layerName":"مرافق الاتصالات","__assetName":"مرافق الاتصالات","__geometryKind":"point","__featureIndex":461,"__typeValue":"بوكس"},"geometry":{"type":"Point","coordinates":[31.55410403487263,30.269656215406204]}},{"type":"Feature","properties":{"Description":null,"Telecom_Feature_Type":"بوكس","Easting":"031° 33' 10.66\" E","Northing":"30° 16' 12.45\" N","ID":"6","GlobalID":"{C9B2D216-7E2A-4934-957F-DE59CF343EA6}","sectors":"القطاع الثالث","Distance":"290m","I_D":"4-1","__networkId":"telecom","__networkName":"شبكة الاتصالات","__layerId":"telecom_assets","__layerName":"مرافق الاتصالات","__assetName":"مرافق الاتصالات","__geometryKind":"point","__featureIndex":462,"__typeValue":"بوكس"},"geometry":{"type":"Point","coordinates":[31.554637003534054,30.270290964841422]}},{"type":"Feature","properties":{"Description":null,"Telecom_Feature_Type":"بوكس","Easting":"031° 33' 9.39\" E","Northing":"30° 16' 11.89\" N","ID":"7","GlobalID":"{89AA89A5-F8C8-45BE-BC50-D7A917DFCD96}","sectors":"القطاع الثالث","Distance":"250m","I_D":"4-1","__networkId":"telecom","__networkName":"شبكة الاتصالات","__layerId":"telecom_assets","__layerName":"مرافق الاتصالات","__assetName":"مرافق الاتصالات","__geometryKind":"point","__featureIndex":463,"__typeValue":"بوكس"},"geometry":{"type":"Point","coordinates":[31.55428435190298,30.27013495567073]}},{"type":"Feature","properties":{"Description":null,"Telecom_Feature_Type":"بوكس","Easting":"031° 33' 8.59\" E","Northing":"30° 16' 11.23\" N","ID":"8","GlobalID":"{817D182F-9CCE-4EB3-B22A-C260D1CC692A}","sectors":"القطاع الثالث","Distance":"210m","I_D":"4-1","__networkId":"telecom","__networkName":"شبكة الاتصالات","__layerId":"telecom_assets","__layerName":"مرافق الاتصالات","__assetName":"مرافق الاتصالات","__geometryKind":"point","__featureIndex":464,"__typeValue":"بوكس"},"geometry":{"type":"Point","coordinates":[31.55406340407231,30.269953515029236]}},{"type":"Feature","properties":{"Description":null,"Telecom_Feature_Type":"بوكس","Easting":"031° 33' 20.36\" E","Northing":"30° 15' 59.6\" N","ID":"2","GlobalID":"{E1F05CDB-D007-4191-9D7E-1FE6891403CE}","sectors":"القطاع الثاني","Distance":"250m","I_D":"7-2","__networkId":"telecom","__networkName":"شبكة الاتصالات","__layerId":"telecom_assets","__layerName":"مرافق الاتصالات","__assetName":"مرافق الاتصالات","__geometryKind":"point","__featureIndex":465,"__typeValue":"بوكس"},"geometry":{"type":"Point","coordinates":[31.557333481912295,30.26672230427174]}},{"type":"Feature","properties":{"Description":null,"Telecom_Feature_Type":"بوكس","Easting":"031° 33' 20.82\" E","Northing":"30° 16' 1.62\" N","ID":"5","GlobalID":"{3CF631FA-B3C8-4DF3-8805-6D5D41A5237C}","sectors":"القطاع الثاني","Distance":"150m","I_D":"7-2","__networkId":"telecom","__networkName":"شبكة الاتصالات","__layerId":"telecom_assets","__layerName":"مرافق الاتصالات","__assetName":"مرافق الاتصالات","__geometryKind":"point","__featureIndex":466,"__typeValue":"بوكس"},"geometry":{"type":"Point","coordinates":[31.55745969520972,30.267281638155204]}},{"type":"Feature","properties":{"Description":null,"Telecom_Feature_Type":"بوكس","Easting":"031° 33' 21.57\" E","Northing":"30° 16' 2.08\" N","ID":"6","GlobalID":"{9022716B-B574-4B3E-891C-98CD78843F23}","sectors":"القطاع الثاني","Distance":"100m","I_D":"7-2","__networkId":"telecom","__networkName":"شبكة الاتصالات","__layerId":"telecom_assets","__layerName":"مرافق الاتصالات","__assetName":"مرافق الاتصالات","__geometryKind":"point","__featureIndex":467,"__typeValue":"بوكس"},"geometry":{"type":"Point","coordinates":[31.55766877449883,30.267409398955373]}},{"type":"Feature","properties":{"Description":null,"Telecom_Feature_Type":"بوكس","Easting":"031° 33' 19.52\" E","Northing":"30° 16' 1.08\" N","ID":"7","GlobalID":"{7C89D0E7-B35E-4541-9057-F76EEF525ABD}","sectors":"القطاع الثاني","Distance":"205m","I_D":"7-2","__networkId":"telecom","__networkName":"شبكة الاتصالات","__layerId":"telecom_assets","__layerName":"مرافق الاتصالات","__assetName":"مرافق الاتصالات","__geometryKind":"point","__featureIndex":468,"__typeValue":"بوكس"},"geometry":{"type":"Point","coordinates":[31.55710022985719,30.267132639540204]}},{"type":"Feature","properties":{"Description":null,"Telecom_Feature_Type":"بوكس","Easting":"031° 33' 19.03\" E","Northing":"30° 16' 1.42\" N","ID":"8","GlobalID":"{4D6E395A-B575-44C4-B550-45A944A625DF}","sectors":"القطاع الثاني","Distance":"190m","I_D":"7-2","__networkId":"telecom","__networkName":"شبكة الاتصالات","__layerId":"telecom_assets","__layerName":"مرافق الاتصالات","__assetName":"مرافق الاتصالات","__geometryKind":"point","__featureIndex":469,"__typeValue":"بوكس"},"geometry":{"type":"Point","coordinates":[31.556961964761943,30.26722615560768]}},{"type":"Feature","properties":{"Description":null,"Telecom_Feature_Type":"بوكس","Easting":"031° 33' 18.54\" E","Northing":"30° 16' 2.55\" N","ID":"9","GlobalID":"{2CC54B94-44BB-4001-8CAB-1260E085A6BB}","sectors":"القطاع الثاني","Distance":"150m","I_D":"7-2","__networkId":"telecom","__networkName":"شبكة الاتصالات","__layerId":"telecom_assets","__layerName":"مرافق الاتصالات","__assetName":"مرافق الاتصالات","__geometryKind":"point","__featureIndex":470,"__typeValue":"بوكس"},"geometry":{"type":"Point","coordinates":[31.55682674495548,30.267540641640355]}},{"type":"Feature","properties":{"Description":null,"Telecom_Feature_Type":"بوكس","Easting":"031° 33' 19.07\" E","Northing":"30° 16' 2.93\" N","ID":"10","GlobalID":"{119187F4-5B21-455C-BC51-4F2D62F4A0A0}","sectors":"القطاع الثاني","Distance":"120m","I_D":"7-2","__networkId":"telecom","__networkName":"شبكة الاتصالات","__layerId":"telecom_assets","__layerName":"مرافق الاتصالات","__assetName":"مرافق الاتصالات","__geometryKind":"point","__featureIndex":471,"__typeValue":"بوكس"},"geometry":{"type":"Point","coordinates":[31.556975553577228,30.26764578354034]}},{"type":"Feature","properties":{"Description":null,"Telecom_Feature_Type":"بوكس","Easting":"031° 33' 20.44\" E","Northing":"30° 16' 3.29\" N","ID":"11","GlobalID":"{1CB79B86-8ABF-4EEE-8B61-777BBC35115C}","sectors":"القطاع الثاني","Distance":"80m","I_D":"7-2","__networkId":"telecom","__networkName":"شبكة الاتصالات","__layerId":"telecom_assets","__layerName":"مرافق الاتصالات","__assetName":"مرافق الاتصالات","__geometryKind":"point","__featureIndex":472,"__typeValue":"بوكس"},"geometry":{"type":"Point","coordinates":[31.557354286894274,30.2677465370839]}},{"type":"Feature","properties":{"Description":null,"Telecom_Feature_Type":"بوكس","Easting":"031° 33' 21.53\" E","Northing":"30° 16' 3.29\" N","ID":"12","GlobalID":"{84FB4507-69B4-488B-A54E-CE32842BC8FC}","sectors":"القطاع الثاني","Distance":"60m","I_D":"7-2","__networkId":"telecom","__networkName":"شبكة الاتصالات","__layerId":"telecom_assets","__layerName":"مرافق الاتصالات","__assetName":"مرافق الاتصالات","__geometryKind":"point","__featureIndex":473,"__typeValue":"بوكس"},"geometry":{"type":"Point","coordinates":[31.557658037834553,30.267747998797415]}},{"type":"Feature","properties":{"Description":null,"Telecom_Feature_Type":"بوكس","Easting":"031° 33' 20.23\" E","Northing":"30° 16' 5.55\" N","ID":"29","GlobalID":"{1C5F0FD0-54FA-4DAF-BEDF-E76C0D274745}","sectors":"القطاع الثاني","Distance":"70m","I_D":"7-2","__networkId":"telecom","__networkName":"شبكة الاتصالات","__layerId":"telecom_assets","__layerName":"مرافق الاتصالات","__assetName":"مرافق الاتصالات","__geometryKind":"point","__featureIndex":474,"__typeValue":"بوكس"},"geometry":{"type":"Point","coordinates":[31.557296457847862,30.268375269725013]}},{"type":"Feature","properties":{"Description":null,"Telecom_Feature_Type":"بوكس","Easting":"031° 33' 19.42\" E","Northing":"30° 16' 4.92\" N","ID":"28","GlobalID":"{8CE625B2-F310-4F85-9261-B4131D9584FB}","sectors":"القطاع الثاني","Distance":"100m","I_D":"7-2","__networkId":"telecom","__networkName":"شبكة الاتصالات","__layerId":"telecom_assets","__layerName":"مرافق الاتصالات","__assetName":"مرافق الاتصالات","__geometryKind":"point","__featureIndex":475,"__typeValue":"بوكس"},"geometry":{"type":"Point","coordinates":[31.55707067708098,30.268199160595596]}},{"type":"Feature","properties":{"Description":null,"Telecom_Feature_Type":"بوكس","Easting":"031° 33' 18.13\" E","Northing":"30° 16' 4.39\" N","ID":"27","GlobalID":"{CFC657D2-3561-416A-B619-A84091C5DF0C}","sectors":"القطاع الثاني","Distance":"130m","I_D":"7-2","__networkId":"telecom","__networkName":"شبكة الاتصالات","__layerId":"telecom_assets","__layerName":"مرافق الاتصالات","__assetName":"مرافق الاتصالات","__geometryKind":"point","__featureIndex":476,"__typeValue":"بوكس"},"geometry":{"type":"Point","coordinates":[31.556711739039546,30.268052659295456]}},{"type":"Feature","properties":{"Description":null,"Telecom_Feature_Type":"بوكس","Easting":"031° 33' 17.64\" E","Northing":"30° 16' 4.73\" N","ID":"26","GlobalID":"{51D256E8-61C1-4CC7-B5A8-616D80E4E9DD}","sectors":"القطاع الثاني","Distance":"140m","I_D":"7-2","__networkId":"telecom","__networkName":"شبكة الاتصالات","__layerId":"telecom_assets","__layerName":"مرافق الاتصالات","__assetName":"مرافق الاتصالات","__geometryKind":"point","__featureIndex":477,"__typeValue":"بوكس"},"geometry":{"type":"Point","coordinates":[31.55657564607064,30.268146930943498]}},{"type":"Feature","properties":{"Description":null,"Telecom_Feature_Type":"بوكس","Easting":"031° 33' 20.13\" E","Northing":"30° 16' 6.6\" N","ID":"25","GlobalID":"{5767F404-385D-426B-AED8-CA7070327895}","sectors":"القطاع الثاني","Distance":"80m","I_D":"7-2","__networkId":"telecom","__networkName":"شبكة الاتصالات","__layerId":"telecom_assets","__layerName":"مرافق الاتصالات","__assetName":"مرافق الاتصالات","__geometryKind":"point","__featureIndex":478,"__typeValue":"بوكس"},"geometry":{"type":"Point","coordinates":[31.557268751109547,30.2686665293625]}},{"type":"Feature","properties":{"Description":null,"Telecom_Feature_Type":"بوكس","Easting":"031° 33' 17.13\" E","Northing":"30° 16' 5.86\" N","ID":"22","GlobalID":"{C6653DDE-0373-4FBA-81EC-FB7887D08845}","sectors":"القطاع الثاني","Distance":"170m","I_D":"7-2","__networkId":"telecom","__networkName":"شبكة الاتصالات","__layerId":"telecom_assets","__layerName":"مرافق الاتصالات","__assetName":"مرافق الاتصالات","__geometryKind":"point","__featureIndex":479,"__typeValue":"بوكس"},"geometry":{"type":"Point","coordinates":[31.55643528969738,30.26846103153225]}},{"type":"Feature","properties":{"Description":null,"Telecom_Feature_Type":"بوكس","Easting":"031° 33' 23.67\" E","Northing":"30° 16' 6.11\" N","ID":"17","GlobalID":"{F13FDC04-98BA-42D7-864C-4AB6E5FFC851}","sectors":"القطاع الثاني","Distance":"100m","I_D":"7-2","__networkId":"telecom","__networkName":"شبكة الاتصالات","__layerId":"telecom_assets","__layerName":"مرافق الاتصالات","__assetName":"مرافق الاتصالات","__geometryKind":"point","__featureIndex":480,"__typeValue":"بوكس"},"geometry":{"type":"Point","coordinates":[31.55825221769947,30.268530242828685]}},{"type":"Feature","properties":{"Description":null,"Telecom_Feature_Type":"بوكس","Easting":"031° 33' 24.37\" E","Northing":"30° 16' 6.68\" N","ID":"16","GlobalID":"{D7694D10-064D-4D4D-A7DA-11D700784E26}","sectors":"القطاع الثاني","Distance":"115m","I_D":"7-2","__networkId":"telecom","__networkName":"شبكة الاتصالات","__layerId":"telecom_assets","__layerName":"مرافق الاتصالات","__assetName":"مرافق الاتصالات","__geometryKind":"point","__featureIndex":481,"__typeValue":"بوكس"},"geometry":{"type":"Point","coordinates":[31.558446981436198,30.268688426150895]}},{"type":"Feature","properties":{"Description":null,"Telecom_Feature_Type":"بوكس","Easting":"031° 33' 23.95\" E","Northing":"30° 16' 7.75\" N","ID":"15","GlobalID":"{BF81378D-4FB0-4FD1-A573-2C4736D54A62}","sectors":"القطاع الثاني","Distance":"150m","I_D":"7-2","__networkId":"telecom","__networkName":"شبكة الاتصالات","__layerId":"telecom_assets","__layerName":"مرافق الاتصالات","__assetName":"مرافق الاتصالات","__geometryKind":"point","__featureIndex":482,"__typeValue":"بوكس"},"geometry":{"type":"Point","coordinates":[31.5583310251027,30.268984699932133]}},{"type":"Feature","properties":{"Description":null,"Telecom_Feature_Type":"بوكس","Easting":"031° 33' 23.34\" E","Northing":"30° 16' 8.12\" N","ID":"14","GlobalID":"{B6E5DA2A-384B-416A-A319-CFCF2FA153AA}","sectors":"القطاع الثاني","Distance":"165m","I_D":"7-2","__networkId":"telecom","__networkName":"شبكة الاتصالات","__layerId":"telecom_assets","__layerName":"مرافق الاتصالات","__assetName":"مرافق الاتصالات","__geometryKind":"point","__featureIndex":483,"__typeValue":"بوكس"},"geometry":{"type":"Point","coordinates":[31.558160894967674,30.269088654017363]}},{"type":"Feature","properties":{"Description":null,"Telecom_Feature_Type":"بوكس","Easting":"031° 33' 22.08\" E","Northing":"30° 16' 7.67\" N","ID":"13","GlobalID":"{69802CF0-5E81-470E-B8A0-3BDFFB5B620E}","sectors":"القطاع الثاني","Distance":"200m","I_D":"7-2","__networkId":"telecom","__networkName":"شبكة الاتصالات","__layerId":"telecom_assets","__layerName":"مرافق الاتصالات","__assetName":"مرافق الاتصالات","__geometryKind":"point","__featureIndex":484,"__typeValue":"بوكس"},"geometry":{"type":"Point","coordinates":[31.55780894222587,30.268963596125268]}},{"type":"Feature","properties":{"Description":null,"Telecom_Feature_Type":"بوكس","Easting":"031° 33' 15.59\" E","Northing":"30° 16' 8.93\" N","ID":"23","GlobalID":"{32038C49-6348-4F76-A593-42440722C09C}","sectors":"القطاع الثالث","Distance":"210m","I_D":"7-1","__networkId":"telecom","__networkName":"شبكة الاتصالات","__layerId":"telecom_assets","__layerName":"مرافق الاتصالات","__assetName":"مرافق الاتصالات","__geometryKind":"point","__featureIndex":485,"__typeValue":"بوكس"},"geometry":{"type":"Point","coordinates":[31.55600854502167,30.269314012919168]}},{"type":"Feature","properties":{"Description":null,"Telecom_Feature_Type":"بوكس","Easting":"031° 33' 16.08\" E","Northing":"30° 16' 8.6\" N","ID":"24","GlobalID":"{DE5949B4-B569-497E-8274-231119E8D635}","sectors":"القطاع الثالث","Distance":"200m","I_D":"7-1","__networkId":"telecom","__networkName":"شبكة الاتصالات","__layerId":"telecom_assets","__layerName":"مرافق الاتصالات","__assetName":"مرافق الاتصالات","__geometryKind":"point","__featureIndex":486,"__typeValue":"بوكس"},"geometry":{"type":"Point","coordinates":[31.556144988333536,30.269221883723414]}},{"type":"Feature","properties":{"Description":null,"Telecom_Feature_Type":"بوكس","Easting":"031° 33' 17.37\" E","Northing":"30° 16' 9.14\" N","ID":"25","GlobalID":"{D6BED772-15F1-42B7-9733-8A9D1876714B}","sectors":"القطاع الثالث","Distance":"160m","I_D":"7-1","__networkId":"telecom","__networkName":"شبكة الاتصالات","__layerId":"telecom_assets","__layerName":"مرافق الاتصالات","__assetName":"مرافق الاتصالات","__geometryKind":"point","__featureIndex":487,"__typeValue":"بوكس"},"geometry":{"type":"Point","coordinates":[31.55650088198448,30.269373023599286]}},{"type":"Feature","properties":{"Description":null,"Telecom_Feature_Type":"بوكس","Easting":"031° 33' 18.17\" E","Northing":"30° 16' 9.78\" N","ID":"26","GlobalID":"{0EE75D97-8020-49FE-AF72-38E87AF65B8D}","sectors":"القطاع الثالث","Distance":"130m","I_D":"7-1","__networkId":"telecom","__networkName":"شبكة الاتصالات","__layerId":"telecom_assets","__layerName":"مرافق الاتصالات","__assetName":"مرافق الاتصالات","__geometryKind":"point","__featureIndex":488,"__typeValue":"بوكس"},"geometry":{"type":"Point","coordinates":[31.55672549134821,30.269550894112253]}},{"type":"Feature","properties":{"Description":null,"Telecom_Feature_Type":"بوكس","Easting":"031° 33' 18.06\" E","Northing":"30° 16' 10.83\" N","ID":"30","GlobalID":"{4870A31A-0FBF-4DAA-9CB5-6BE9B10C1454}","sectors":"القطاع الثالث","Distance":"80m","I_D":"7-1","__networkId":"telecom","__networkName":"شبكة الاتصالات","__layerId":"telecom_assets","__layerName":"مرافق الاتصالات","__assetName":"مرافق الاتصالات","__geometryKind":"point","__featureIndex":489,"__typeValue":"بوكس"},"geometry":{"type":"Point","coordinates":[31.5566941626027,30.269841389162895]}},{"type":"Feature","properties":{"Description":null,"Telecom_Feature_Type":"بوكس","Easting":"031° 33' 16.97\" E","Northing":"30° 16' 10.81\" N","ID":"29","GlobalID":"{5BE4AE14-73B7-4817-848C-2EAB1C1F9776}","sectors":"القطاع الثالث","Distance":"120m","I_D":"7-1","__networkId":"telecom","__networkName":"شبكة الاتصالات","__layerId":"telecom_assets","__layerName":"مرافق الاتصالات","__assetName":"مرافق الاتصالات","__geometryKind":"point","__featureIndex":490,"__typeValue":"بوكس"},"geometry":{"type":"Point","coordinates":[31.5563904278321,30.269834466343493]}},{"type":"Feature","properties":{"Description":null,"Telecom_Feature_Type":"بوكس","Easting":"031° 33' 15.61\" E","Northing":"30° 16' 10.43\" N","ID":"28","GlobalID":"{AE6C600F-2019-45C0-B5AD-A2EEFE8C195A}","sectors":"القطاع الثالث","Distance":"170m","I_D":"7-1","__networkId":"telecom","__networkName":"شبكة الاتصالات","__layerId":"telecom_assets","__layerName":"مرافق الاتصالات","__assetName":"مرافق الاتصالات","__geometryKind":"point","__featureIndex":491,"__typeValue":"بوكس"},"geometry":{"type":"Point","coordinates":[31.55601377321661,30.26972979151609]}},{"type":"Feature","properties":{"Description":null,"Telecom_Feature_Type":"بوكس","Easting":"031° 33' 15.06\" E","Northing":"30° 16' 10.06\" N","ID":"27","GlobalID":"{644FD7CE-30FE-457F-A365-CB611030921E}","sectors":"القطاع الثالث","Distance":"200m","I_D":"7-1","__networkId":"telecom","__networkName":"شبكة الاتصالات","__layerId":"telecom_assets","__layerName":"مرافق الاتصالات","__assetName":"مرافق الاتصالات","__geometryKind":"point","__featureIndex":492,"__typeValue":"بوكس"},"geometry":{"type":"Point","coordinates":[31.555861304858382,30.269626689983838]}},{"type":"Feature","properties":{"Description":null,"Telecom_Feature_Type":"بوكس","Easting":"031° 33' 13.84\" E","Northing":"30° 16' 12.11\" N","ID":"13","GlobalID":"{ED718138-7584-4A09-A8CF-A48EA667F228}","sectors":"القطاع الثالث","Distance":"150m","I_D":"7-1","__networkId":"telecom","__networkName":"شبكة الاتصالات","__layerId":"telecom_assets","__layerName":"مرافق الاتصالات","__assetName":"مرافق الاتصالات","__geometryKind":"point","__featureIndex":493,"__typeValue":"بوكس"},"geometry":{"type":"Point","coordinates":[31.555522229466167,30.270195956655325]}},{"type":"Feature","properties":{"Description":null,"Telecom_Feature_Type":"بوكس","Easting":"031° 33' 14.36\" E","Northing":"30° 16' 11.8\" N","ID":"14","GlobalID":"{8315EDDF-0C9D-4154-B178-3B1339DB84A7}","sectors":"القطاع الثالث","Distance":"130m","I_D":"7-1","__networkId":"telecom","__networkName":"شبكة الاتصالات","__layerId":"telecom_assets","__layerName":"مرافق الاتصالات","__assetName":"مرافق الاتصالات","__geometryKind":"point","__featureIndex":494,"__typeValue":"بوكس"},"geometry":{"type":"Point","coordinates":[31.555666893261208,30.270110945047197]}},{"type":"Feature","properties":{"Description":null,"Telecom_Feature_Type":"بوكس","Easting":"031° 33' 22.22\" E","Northing":"30° 16' 11.02\" N","ID":"17","GlobalID":"{118E1682-3F2B-4E56-9FBF-1C46A4753BB3}","sectors":"القطاع الثالث","Distance":"200m","I_D":"7-1","__networkId":"telecom","__networkName":"شبكة الاتصالات","__layerId":"telecom_assets","__layerName":"مرافق الاتصالات","__assetName":"مرافق الاتصالات","__geometryKind":"point","__featureIndex":495,"__typeValue":"بوكس"},"geometry":{"type":"Point","coordinates":[31.557848692677194,30.269895102094416]}},{"type":"Feature","properties":{"Description":null,"Telecom_Feature_Type":"بوكس","Easting":"031° 33' 21.7\" E","Northing":"30° 16' 10.62\" N","ID":"18","GlobalID":"{C1A3AE0C-1C72-47C3-AD2E-74C05B1E5B61}","sectors":"القطاع الثالث","Distance":"180m","I_D":"7-1","__networkId":"telecom","__networkName":"شبكة الاتصالات","__layerId":"telecom_assets","__layerName":"مرافق الاتصالات","__assetName":"مرافق الاتصالات","__geometryKind":"point","__featureIndex":496,"__typeValue":"بوكس"},"geometry":{"type":"Point","coordinates":[31.55770348540141,30.269783648039144]}},{"type":"Feature","properties":{"Description":null,"Telecom_Feature_Type":"بوكس","Easting":"031° 33' 21.12\" E","Northing":"30° 16' 12.45\" N","ID":"21","GlobalID":"{3BC06132-7B4D-4E34-9FBF-CFBF46DB9E30}","sectors":"القطاع الثالث","Distance":"180m","I_D":"7-1","__networkId":"telecom","__networkName":"شبكة الاتصالات","__layerId":"telecom_assets","__layerName":"مرافق الاتصالات","__assetName":"مرافق الاتصالات","__geometryKind":"point","__featureIndex":497,"__typeValue":"بوكس"},"geometry":{"type":"Point","coordinates":[31.557543052579888,30.270291591717147]}},{"type":"Feature","properties":{"Description":null,"Telecom_Feature_Type":"بوكس","Easting":"031° 33' 21.64\" E","Northing":"30° 16' 12.13\" N","ID":"20","GlobalID":"{1DF14889-C6D1-4B50-A9F2-BB343F468DEA}","sectors":"القطاع الثالث","Distance":"190m","I_D":"7-1","__networkId":"telecom","__networkName":"شبكة الاتصالات","__layerId":"telecom_assets","__layerName":"مرافق الاتصالات","__assetName":"مرافق الاتصالات","__geometryKind":"point","__featureIndex":498,"__typeValue":"بوكس"},"geometry":{"type":"Point","coordinates":[31.55768865062281,30.270201551216314]}},{"type":"Feature","properties":{"Description":null,"Telecom_Feature_Type":"بوكس","Easting":"031° 33' 23.48\" E","Northing":"30° 16' 12.51\" N","ID":"21","GlobalID":"{7BA5FC23-A62E-4D7F-BD48-C49FAF1817EA}","sectors":"القطاع الثالث","Distance":"100m","I_D":"9-3","__networkId":"telecom","__networkName":"شبكة الاتصالات","__layerId":"telecom_assets","__layerName":"مرافق الاتصالات","__assetName":"مرافق الاتصالات","__geometryKind":"point","__featureIndex":499,"__typeValue":"بوكس"},"geometry":{"type":"Point","coordinates":[31.558200560977344,30.270309303282804]}},{"type":"Feature","properties":{"Description":null,"Telecom_Feature_Type":"بوكس","Easting":"031° 33' 24.42\" E","Northing":"30° 16' 11.57\" N","ID":"7","GlobalID":"{5F6AAC7C-BBB2-4D23-BB01-1B7970DC956E}","sectors":"القطاع الثالث","Distance":"140m","I_D":"9-3","__networkId":"telecom","__networkName":"شبكة الاتصالات","__layerId":"telecom_assets","__layerName":"مرافق الاتصالات","__assetName":"مرافق الاتصالات","__geometryKind":"point","__featureIndex":500,"__typeValue":"بوكس"},"geometry":{"type":"Point","coordinates":[31.55845956054512,30.27004670023005]}},{"type":"Feature","properties":{"Description":null,"Telecom_Feature_Type":"بوكس","Easting":"031° 33' 26.8\" E","Northing":"30° 16' 9.08\" N","ID":"6","GlobalID":"{E5690C3D-C37C-4D62-99C9-A49EE5B02DB2}","sectors":"القطاع الثاني","Distance":"200m","I_D":"9-3","__networkId":"telecom","__networkName":"شبكة الاتصالات","__layerId":"telecom_assets","__layerName":"مرافق الاتصالات","__assetName":"مرافق الاتصالات","__geometryKind":"point","__featureIndex":501,"__typeValue":"بوكس"},"geometry":{"type":"Point","coordinates":[31.55912005673926,30.269355560910533]}},{"type":"Feature","properties":{"Description":null,"Telecom_Feature_Type":"بوكس","Easting":"031° 33' 26.37\" E","Northing":"30° 16' 7.33\" N","ID":"2","GlobalID":"{FF79692B-357A-49EE-BDB3-1E361C3F39AB}","sectors":"القطاع الثاني","Distance":"280m","I_D":"9-3","__networkId":"telecom","__networkName":"شبكة الاتصالات","__layerId":"telecom_assets","__layerName":"مرافق الاتصالات","__assetName":"مرافق الاتصالات","__geometryKind":"point","__featureIndex":502,"__typeValue":"بوكس"},"geometry":{"type":"Point","coordinates":[31.559001683039305,30.268868539327837]}},{"type":"Feature","properties":{"Description":null,"Telecom_Feature_Type":"بوكس","Easting":"031° 33' 27.08\" E","Northing":"30° 16' 7.61\" N","ID":"3","GlobalID":"{ED499D50-7A12-4057-8717-F666FB517BF8}","sectors":"القطاع الثاني","Distance":"250m","I_D":"9-3","__networkId":"telecom","__networkName":"شبكة الاتصالات","__layerId":"telecom_assets","__layerName":"مرافق الاتصالات","__assetName":"مرافق الاتصالات","__geometryKind":"point","__featureIndex":503,"__typeValue":"بوكس"},"geometry":{"type":"Point","coordinates":[31.55919980827184,30.26894719161892]}},{"type":"Feature","properties":{"Description":null,"Telecom_Feature_Type":"بوكس","Easting":"031° 33' 41.61\" E","Northing":"30° 16' 11.15\" N","ID":"13A","GlobalID":"{CDD9EA31-A913-4260-94B7-DA99772C730C}","sectors":"القطاع الاول","Distance":"5m","I_D":"10-1","__networkId":"telecom","__networkName":"شبكة الاتصالات","__layerId":"telecom_assets","__layerName":"مرافق الاتصالات","__assetName":"مرافق الاتصالات","__geometryKind":"point","__featureIndex":504,"__typeValue":"بوكس"},"geometry":{"type":"Point","coordinates":[31.563234902187578,30.269930945870453]}},{"type":"Feature","properties":{"Description":null,"Telecom_Feature_Type":"بوكس","Easting":"031° 33' 40.52\" E","Northing":"30° 16' 10.53\" N","ID":"14A","GlobalID":"{DEB6776B-F9B5-4A83-A11D-D40B260891C5}","sectors":"القطاع الاول","Distance":"5m","I_D":"10-1","__networkId":"telecom","__networkName":"شبكة الاتصالات","__layerId":"telecom_assets","__layerName":"مرافق الاتصالات","__assetName":"مرافق الاتصالات","__geometryKind":"point","__featureIndex":505,"__typeValue":"بوكس"},"geometry":{"type":"Point","coordinates":[31.5629322750397,30.26975934483777]}},{"type":"Feature","properties":{"Description":null,"Telecom_Feature_Type":"بوكس","Easting":"031° 33' 39.22\" E","Northing":"30° 16' 11.44\" N","ID":"17A","GlobalID":"{74B54F04-EEC9-4FD3-9579-402AECFE533C}","sectors":"القطاع الاول","Distance":"5m","I_D":"10-1","__networkId":"telecom","__networkName":"شبكة الاتصالات","__layerId":"telecom_assets","__layerName":"مرافق الاتصالات","__assetName":"مرافق الاتصالات","__geometryKind":"point","__featureIndex":506,"__typeValue":"بوكس"},"geometry":{"type":"Point","coordinates":[31.562572361427847,30.270011655609974]}},{"type":"Feature","properties":{"Description":null,"Telecom_Feature_Type":"بوكس","Easting":"031° 33' 40.3\" E","Northing":"30° 16' 12.1\" N","ID":"16A","GlobalID":"{83237828-F4F4-47C0-968F-873B13875AF9}","sectors":"القطاع الاول","Distance":"5m","I_D":"10-1","__networkId":"telecom","__networkName":"شبكة الاتصالات","__layerId":"telecom_assets","__layerName":"مرافق الاتصالات","__assetName":"مرافق الاتصالات","__geometryKind":"point","__featureIndex":507,"__typeValue":"بوكس"},"geometry":{"type":"Point","coordinates":[31.56287023918281,30.270193726899556]}},{"type":"Feature","properties":{"Description":null,"Telecom_Feature_Type":"بوكس","Easting":"031° 33' 37.69\" E","Northing":"30° 16' 13.04\" N","ID":"20A","GlobalID":"{FBFE08E0-79E5-4BD3-832A-0148A0141DC2}","sectors":"القطاع الاول","Distance":"5m","I_D":"10-1","__networkId":"telecom","__networkName":"شبكة الاتصالات","__layerId":"telecom_assets","__layerName":"مرافق الاتصالات","__assetName":"مرافق الاتصالات","__geometryKind":"point","__featureIndex":508,"__typeValue":"بوكس"},"geometry":{"type":"Point","coordinates":[31.56214734960234,30.270454817456567]}},{"type":"Feature","properties":{"Description":null,"Telecom_Feature_Type":"بوكس","Easting":"031° 33' 40.83\" E","Northing":"30° 16' 6.96\" N","ID":"16","GlobalID":"{A4CD7033-FC9A-46A3-ADD2-57C0E855094B}","sectors":"القطاع الثاني","Distance":"310m","I_D":"10-2","__networkId":"telecom","__networkName":"شبكة الاتصالات","__layerId":"telecom_assets","__layerName":"مرافق الاتصالات","__assetName":"مرافق الاتصالات","__geometryKind":"point","__featureIndex":509,"__typeValue":"بوكس"},"geometry":{"type":"Point","coordinates":[31.56301751258375,30.268766562647045]}},{"type":"Feature","properties":{"Description":null,"Telecom_Feature_Type":"بوكس","Easting":"031° 33' 41.91\" E","Northing":"30° 16' 7.1\" N","ID":"15","GlobalID":"{3E63A219-FC90-4330-A4CA-3A0FF3A9B78C}","sectors":"القطاع الثاني","Distance":"320m","I_D":"10-2","__networkId":"telecom","__networkName":"شبكة الاتصالات","__layerId":"telecom_assets","__layerName":"مرافق الاتصالات","__assetName":"مرافق الاتصالات","__geometryKind":"point","__featureIndex":510,"__typeValue":"بوكس"},"geometry":{"type":"Point","coordinates":[31.563319166856175,30.268804816619287]}},{"type":"Feature","properties":{"Description":null,"Telecom_Feature_Type":"بوكس","Easting":"031° 33' 42.62\" E","Northing":"30° 16' 7.83\" N","ID":"18","GlobalID":"{C5F2E6FA-F8C5-4828-8129-B601263AEB48}","sectors":"القطاع الثاني","Distance":"270m","I_D":"10-2","__networkId":"telecom","__networkName":"شبكة الاتصالات","__layerId":"telecom_assets","__layerName":"مرافق الاتصالات","__assetName":"مرافق الاتصالات","__geometryKind":"point","__featureIndex":511,"__typeValue":"بوكس"},"geometry":{"type":"Point","coordinates":[31.563514947485825,30.26900669363034]}},{"type":"Feature","properties":{"Description":null,"Telecom_Feature_Type":"بوكس","Easting":"031° 33' 42.2\" E","Northing":"30° 16' 8.38\" N","ID":"19","GlobalID":"{621DCE79-A55A-4970-B888-11D13EEF4D1C}","sectors":"القطاع الثاني","Distance":"250m","I_D":"10-2","__networkId":"telecom","__networkName":"شبكة الاتصالات","__layerId":"telecom_assets","__layerName":"مرافق الاتصالات","__assetName":"مرافق الاتصالات","__geometryKind":"point","__featureIndex":512,"__typeValue":"بوكس"},"geometry":{"type":"Point","coordinates":[31.56339955349768,30.26916165565128]}},{"type":"Feature","properties":{"Description":null,"Telecom_Feature_Type":"بوكس","Easting":"031° 33' 42.41\" E","Northing":"30° 16' 5.64\" N","ID":"13","GlobalID":"{AB8045D9-C5DA-4644-BDEB-7DF155D1AFF1}","sectors":"القطاع الثاني","Distance":"295m","I_D":"11-4","__networkId":"telecom","__networkName":"شبكة الاتصالات","__layerId":"telecom_assets","__layerName":"مرافق الاتصالات","__assetName":"مرافق الاتصالات","__geometryKind":"point","__featureIndex":513,"__typeValue":"بوكس"},"geometry":{"type":"Point","coordinates":[31.5634588342216,30.268400106278854]}},{"type":"Feature","properties":{"Description":null,"Telecom_Feature_Type":"بوكس","Easting":"031° 33' 42.1\" E","Northing":"30° 16' 5.17\" N","ID":"14","GlobalID":"{C6034721-31FA-498E-9CF2-9EF965BA8CC4}","sectors":"القطاع الثاني","Distance":"280m","I_D":"11-4","__networkId":"telecom","__networkName":"شبكة الاتصالات","__layerId":"telecom_assets","__layerName":"مرافق الاتصالات","__assetName":"مرافق الاتصالات","__geometryKind":"point","__featureIndex":514,"__typeValue":"بوكس"},"geometry":{"type":"Point","coordinates":[31.563372065049993,30.26826783518689]}},{"type":"Feature","properties":{"Description":null,"Telecom_Feature_Type":"بوكس","Easting":"031° 33' 4.87\" E","Northing":"30° 16' 32.08\" N","ID":"1","GlobalID":"{7785A370-D0CB-43A9-8F91-C0933B50EF54}","sectors":"القطاع الخامس","Distance":"255m","I_D":"3-3","__networkId":"telecom","__networkName":"شبكة الاتصالات","__layerId":"telecom_assets","__layerName":"مرافق الاتصالات","__assetName":"مرافق الاتصالات","__geometryKind":"point","__featureIndex":515,"__typeValue":"بوكس"},"geometry":{"type":"Point","coordinates":[31.553030072001015,30.275745065235924]}},{"type":"Feature","properties":{"Description":null,"Telecom_Feature_Type":"بوكس","Easting":"031° 33' 4.27\" E","Northing":"30° 16' 32.39\" N","ID":"2","GlobalID":"{8AF4649C-3E4D-45B6-B16C-7A07110B1E06}","sectors":"القطاع الخامس","Distance":"240m","I_D":"3-3","__networkId":"telecom","__networkName":"شبكة الاتصالات","__layerId":"telecom_assets","__layerName":"مرافق الاتصالات","__assetName":"مرافق الاتصالات","__geometryKind":"point","__featureIndex":516,"__typeValue":"بوكس"},"geometry":{"type":"Point","coordinates":[31.552863649213144,30.275830810519082]}},{"type":"Feature","properties":{"Description":null,"Telecom_Feature_Type":"بوكس","Easting":"031° 33' 3.4\" E","Northing":"30° 16' 33.37\" N","ID":"3","GlobalID":"{71C026CC-DBEB-46D0-9913-0BC3AF44AF25}","sectors":"القطاع الخامس","Distance":"210m","I_D":"3-3","__networkId":"telecom","__networkName":"شبكة الاتصالات","__layerId":"telecom_assets","__layerName":"مرافق الاتصالات","__assetName":"مرافق الاتصالات","__geometryKind":"point","__featureIndex":517,"__typeValue":"بوكس"},"geometry":{"type":"Point","coordinates":[31.552622776749494,30.276103815411428]}},{"type":"Feature","properties":{"Description":null,"Telecom_Feature_Type":"بوكس","Easting":"031° 33' 3.0\" E","Northing":"30° 16' 34.26\" N","ID":"4","GlobalID":"{0E917C8B-6E13-4429-8A14-2351AE7CC405}","sectors":"القطاع الخامس","Distance":"180m","I_D":"3-3","__networkId":"telecom","__networkName":"شبكة الاتصالات","__layerId":"telecom_assets","__layerName":"مرافق الاتصالات","__assetName":"مرافق الاتصالات","__geometryKind":"point","__featureIndex":518,"__typeValue":"بوكس"},"geometry":{"type":"Point","coordinates":[31.552511085616977,30.276348950900214]}},{"type":"Feature","properties":{"Description":null,"Telecom_Feature_Type":"بوكس","Easting":"031° 33' 4.1\" E","Northing":"30° 16' 34.72\" N","ID":"8","GlobalID":"{04C2B5DE-5789-439A-8F40-55445A42ABB3}","sectors":"القطاع الخامس","Distance":"150m","I_D":"3-3","__networkId":"telecom","__networkName":"شبكة الاتصالات","__layerId":"telecom_assets","__layerName":"مرافق الاتصالات","__assetName":"مرافق الاتصالات","__geometryKind":"point","__featureIndex":519,"__typeValue":"بوكس"},"geometry":{"type":"Point","coordinates":[31.55281699700551,30.27647699159548]}},{"type":"Feature","properties":{"Description":null,"Telecom_Feature_Type":"بوكس","Easting":"031° 33' 5.07\" E","Northing":"30° 16' 34.27\" N","ID":"7","GlobalID":"{9B0A4CD9-3E56-4FBF-9FC1-C0FE393F87AD}","sectors":"القطاع الخامس","Distance":"180m","I_D":"3-3","__networkId":"telecom","__networkName":"شبكة الاتصالات","__layerId":"telecom_assets","__layerName":"مرافق الاتصالات","__assetName":"مرافق الاتصالات","__geometryKind":"point","__featureIndex":520,"__typeValue":"بوكس"},"geometry":{"type":"Point","coordinates":[31.553086226587737,30.27635352960348]}},{"type":"Feature","properties":{"Description":null,"Telecom_Feature_Type":"بوكس","Easting":"031° 33' 6.1\" E","Northing":"30° 16' 33.41\" N","ID":"6","GlobalID":"{BA45A449-C569-4B63-A892-5144B67F2116}","sectors":"القطاع الخامس","Distance":"210m","I_D":"3-3","__networkId":"telecom","__networkName":"شبكة الاتصالات","__layerId":"telecom_assets","__layerName":"مرافق الاتصالات","__assetName":"مرافق الاتصالات","__geometryKind":"point","__featureIndex":521,"__typeValue":"بوكس"},"geometry":{"type":"Point","coordinates":[31.55337090719284,30.276114806033128]}},{"type":"Feature","properties":{"Description":null,"Telecom_Feature_Type":"بوكس","Easting":"031° 33' 5.92\" E","Northing":"30° 16' 32.87\" N","ID":"5","GlobalID":"{EA6FEC83-F5DC-4502-9C5E-AB13B3FA7FAC}","sectors":"القطاع الخامس","Distance":"230m","I_D":"3-3","__networkId":"telecom","__networkName":"شبكة الاتصالات","__layerId":"telecom_assets","__layerName":"مرافق الاتصالات","__assetName":"مرافق الاتصالات","__geometryKind":"point","__featureIndex":522,"__typeValue":"بوكس"},"geometry":{"type":"Point","coordinates":[31.55332264700084,30.275963720757808]}},{"type":"Feature","properties":{"Description":null,"Telecom_Feature_Type":"بوكس","Easting":"031° 33' 7.81\" E","Northing":"30° 16' 34.38\" N","ID":"9","GlobalID":"{2DA0C409-9690-45B3-A01B-C4BAAFB9AA6D}","sectors":"القطاع الخامس","Distance":"155m","I_D":"3-3","__networkId":"telecom","__networkName":"شبكة الاتصالات","__layerId":"telecom_assets","__layerName":"مرافق الاتصالات","__assetName":"مرافق الاتصالات","__geometryKind":"point","__featureIndex":523,"__typeValue":"بوكس"},"geometry":{"type":"Point","coordinates":[31.553846712459496,30.276383214366476]}},{"type":"Feature","properties":{"Description":null,"Telecom_Feature_Type":"بوكس","Easting":"031° 33' 7.22\" E","Northing":"30° 16' 34.69\" N","ID":"10","GlobalID":"{27A564B0-FB92-4281-892C-BAF96F7F60AA}","sectors":"القطاع الخامس","Distance":"140m","I_D":"3-3","__networkId":"telecom","__networkName":"شبكة الاتصالات","__layerId":"telecom_assets","__layerName":"مرافق الاتصالات","__assetName":"مرافق الاتصالات","__geometryKind":"point","__featureIndex":524,"__typeValue":"بوكس"},"geometry":{"type":"Point","coordinates":[31.553681883282945,30.276470274051906]}},{"type":"Feature","properties":{"Description":null,"Telecom_Feature_Type":"بوكس","Easting":"031° 33' 6.34\" E","Northing":"30° 16' 35.67\" N","ID":"11","GlobalID":"{ACEDC525-A38B-4319-8D2D-D2DFEA22471C}","sectors":"القطاع الخامس","Distance":"110m","I_D":"3-3","__networkId":"telecom","__networkName":"شبكة الاتصالات","__layerId":"telecom_assets","__layerName":"مرافق الاتصالات","__assetName":"مرافق الاتصالات","__geometryKind":"point","__featureIndex":525,"__typeValue":"بوكس"},"geometry":{"type":"Point","coordinates":[31.553437786765745,30.276741087123497]}},{"type":"Feature","properties":{"Description":null,"Telecom_Feature_Type":"بوكس","Easting":"031° 33' 5.94\" E","Northing":"30° 16' 36.55\" N","ID":"12","GlobalID":"{32B3E257-A2A1-4C21-BCD2-D797270CF543}","sectors":"القطاع الخامس","Distance":"70m","I_D":"3-3","__networkId":"telecom","__networkName":"شبكة الاتصالات","__layerId":"telecom_assets","__layerName":"مرافق الاتصالات","__assetName":"مرافق الاتصالات","__geometryKind":"point","__featureIndex":526,"__typeValue":"بوكس"},"geometry":{"type":"Point","coordinates":[31.553326297754147,30.27698668261168]}},{"type":"Feature","properties":{"Description":null,"Telecom_Feature_Type":"بوكس","Easting":"031° 33' 7.03\" E","Northing":"30° 16' 37.01\" N","ID":"24","GlobalID":"{8E412CC3-5866-490B-A8E7-BF6A1B421E68}","sectors":"القطاع الخامس","Distance":"30m","I_D":"3-3","__networkId":"telecom","__networkName":"شبكة الاتصالات","__layerId":"telecom_assets","__layerName":"مرافق الاتصالات","__assetName":"مرافق الاتصالات","__geometryKind":"point","__featureIndex":527,"__typeValue":"بوكس"},"geometry":{"type":"Point","coordinates":[31.553631044027778,30.277112405988618]}},{"type":"Feature","properties":{"Description":null,"Telecom_Feature_Type":"بوكس","Easting":"031° 33' 8.01\" E","Northing":"30° 16' 36.57\" N","ID":"23","GlobalID":"{84AAB2A1-5D59-49BB-AA15-21349E1EE6E1}","sectors":"القطاع الخامس","Distance":"60m","I_D":"3-3","__networkId":"telecom","__networkName":"شبكة الاتصالات","__layerId":"telecom_assets","__layerName":"مرافق الاتصالات","__assetName":"مرافق الاتصالات","__geometryKind":"point","__featureIndex":528,"__typeValue":"بوكس"},"geometry":{"type":"Point","coordinates":[31.553900721869326,30.27699070892739]}},{"type":"Feature","properties":{"Description":null,"Telecom_Feature_Type":"بوكس","Easting":"031° 33' 9.03\" E","Northing":"30° 16' 35.71\" N","ID":"22","GlobalID":"{4F3267DC-F37A-4093-9DA9-06E3B2DB1568}","sectors":"القطاع الخامس","Distance":"90m","I_D":"3-3","__networkId":"telecom","__networkName":"شبكة الاتصالات","__layerId":"telecom_assets","__layerName":"مرافق الاتصالات","__assetName":"مرافق الاتصالات","__geometryKind":"point","__featureIndex":529,"__typeValue":"بوكس"},"geometry":{"type":"Point","coordinates":[31.554186535249997,30.276753880598697]}},{"type":"Feature","properties":{"Description":null,"Telecom_Feature_Type":"بوكس","Easting":"031° 33' 8.84\" E","Northing":"30° 16' 35.18\" N","ID":"21","GlobalID":"{A6565BA8-3ACC-4EB7-8B66-6DD387159833}","sectors":"القطاع الخامس","Distance":"110m","I_D":"3-3","__networkId":"telecom","__networkName":"شبكة الاتصالات","__layerId":"telecom_assets","__layerName":"مرافق الاتصالات","__assetName":"مرافق الاتصالات","__geometryKind":"point","__featureIndex":530,"__typeValue":"بوكس"},"geometry":{"type":"Point","coordinates":[31.554133742159074,30.27660616477185]}},{"type":"Feature","properties":{"Description":null,"Telecom_Feature_Type":"بوكس","Easting":"031° 33' 8.87\" E","Northing":"30° 16' 38.84\" N","ID":"20","GlobalID":"{D2CD131E-B6E9-46FD-AF70-9AF463B36A43}","sectors":"القطاع الخامس","Distance":"80m","I_D":"3-3","__networkId":"telecom","__networkName":"شبكة الاتصالات","__layerId":"telecom_assets","__layerName":"مرافق الاتصالات","__assetName":"مرافق الاتصالات","__geometryKind":"point","__featureIndex":531,"__typeValue":"بوكس"},"geometry":{"type":"Point","coordinates":[31.554140088756572,30.27762226127295]}},{"type":"Feature","properties":{"Description":null,"Telecom_Feature_Type":"بوكس","Easting":"031° 33' 9.28\" E","Northing":"30° 16' 37.97\" N","ID":"19","GlobalID":"{44B00E50-F899-4073-8D60-50AE25DB5EF9}","sectors":"القطاع الخامس","Distance":"120m","I_D":"3-3","__networkId":"telecom","__networkName":"شبكة الاتصالات","__layerId":"telecom_assets","__layerName":"مرافق الاتصالات","__assetName":"مرافق الاتصالات","__geometryKind":"point","__featureIndex":532,"__typeValue":"بوكس"},"geometry":{"type":"Point","coordinates":[31.554254549395104,30.277379411310278]}},{"type":"Feature","properties":{"Description":null,"Telecom_Feature_Type":"بوكس","Easting":"031° 33' 10.15\" E","Northing":"30° 16' 36.98\" N","ID":"18","GlobalID":"{326A2F55-E586-431E-819B-153514B6D2A1}","sectors":"القطاع الخامس","Distance":"150m","I_D":"3-3","__networkId":"telecom","__networkName":"شبكة الاتصالات","__layerId":"telecom_assets","__layerName":"مرافق الاتصالات","__assetName":"مرافق الاتصالات","__geometryKind":"point","__featureIndex":533,"__typeValue":"بوكس"},"geometry":{"type":"Point","coordinates":[31.55449569853986,30.277106496078098]}},{"type":"Feature","properties":{"Description":null,"Telecom_Feature_Type":"بوكس","Easting":"031° 33' 10.74\" E","Northing":"30° 16' 36.68\" N","ID":"17","GlobalID":"{69B04527-13F7-4D43-9018-87AD1812F748}","sectors":"القطاع الخامس","Distance":"170m","I_D":"3-3","__networkId":"telecom","__networkName":"شبكة الاتصالات","__layerId":"telecom_assets","__layerName":"مرافق الاتصالات","__assetName":"مرافق الاتصالات","__geometryKind":"point","__featureIndex":534,"__typeValue":"بوكس"},"geometry":{"type":"Point","coordinates":[31.554659463212786,30.27702115919563]}},{"type":"Feature","properties":{"Description":null,"Telecom_Feature_Type":"بوكس","Easting":"031° 33' 11.78\" E","Northing":"30° 16' 37.49\" N","ID":"13","GlobalID":"{D37C6D51-B844-4CFF-A159-F0951BCAD86D}","sectors":"القطاع الخامس","Distance":"205m","I_D":"3-3","__networkId":"telecom","__networkName":"شبكة الاتصالات","__layerId":"telecom_assets","__layerName":"مرافق الاتصالات","__assetName":"مرافق الاتصالات","__geometryKind":"point","__featureIndex":535,"__typeValue":"بوكس"},"geometry":{"type":"Point","coordinates":[31.5549494735225,30.277246731844265]}},{"type":"Feature","properties":{"Description":null,"Telecom_Feature_Type":"بوكس","Easting":"031° 33' 11.98\" E","Northing":"30° 16' 38.01\" N","ID":"14","GlobalID":"{9AD3AD2B-D94A-483A-9719-F987A4D1D06B}","sectors":"القطاع الخامس","Distance":"190m","I_D":"3-3","__networkId":"telecom","__networkName":"شبكة الاتصالات","__layerId":"telecom_assets","__layerName":"مرافق الاتصالات","__assetName":"مرافق الاتصالات","__geometryKind":"point","__featureIndex":536,"__typeValue":"بوكس"},"geometry":{"type":"Point","coordinates":[31.55500385932641,30.277390636850456]}},{"type":"Feature","properties":{"Description":null,"Telecom_Feature_Type":"بوكس","Easting":"031° 33' 10.94\" E","Northing":"30° 16' 38.86\" N","ID":"15","GlobalID":"{05C57DE9-90B6-4E77-BA19-F7F07A66669A}","sectors":"القطاع الخامس","Distance":"160m","I_D":"3-3","__networkId":"telecom","__networkName":"شبكة الاتصالات","__layerId":"telecom_assets","__layerName":"مرافق الاتصالات","__assetName":"مرافق الاتصالات","__geometryKind":"point","__featureIndex":537,"__typeValue":"بوكس"},"geometry":{"type":"Point","coordinates":[31.554715293507694,30.277627846877078]}},{"type":"Feature","properties":{"Description":null,"Telecom_Feature_Type":"بوكس","Easting":"031° 33' 8.12\" E","Northing":"30° 16' 29.18\" N","ID":"20","GlobalID":"{C814493C-1B16-4DF7-A478-8B622BBCBD39}","sectors":"القطاع الخامس","Distance":"130m","I_D":"3-2","__networkId":"telecom","__networkName":"شبكة الاتصالات","__layerId":"telecom_assets","__layerName":"مرافق الاتصالات","__assetName":"مرافق الاتصالات","__geometryKind":"point","__featureIndex":538,"__typeValue":"بوكس"},"geometry":{"type":"Point","coordinates":[31.55393139843797,30.274937936743815]}},{"type":"Feature","properties":{"Description":null,"Telecom_Feature_Type":"بوكس","Easting":"031° 33' 7.12\" E","Northing":"30° 16' 29.58\" N","ID":"19","GlobalID":"{B2A4E062-FE16-476C-BF7F-929BDC954ECA}","sectors":"القطاع الخامس","Distance":"170m","I_D":"3-2","__networkId":"telecom","__networkName":"شبكة الاتصالات","__layerId":"telecom_assets","__layerName":"مرافق الاتصالات","__assetName":"مرافق الاتصالات","__geometryKind":"point","__featureIndex":539,"__typeValue":"بوكس"},"geometry":{"type":"Point","coordinates":[31.55365379116738,30.275049804653907]}},{"type":"Feature","properties":{"Description":null,"Telecom_Feature_Type":"بوكس","Easting":"031° 33' 6.17\" E","Northing":"30° 16' 30.46\" N","ID":"18","GlobalID":"{A9067EA5-4802-400A-A5F0-21E76CD7E024}","sectors":"القطاع الخامس","Distance":"200m","I_D":"3-2","__networkId":"telecom","__networkName":"شبكة الاتصالات","__layerId":"telecom_assets","__layerName":"مرافق الاتصالات","__assetName":"مرافق الاتصالات","__geometryKind":"point","__featureIndex":540,"__typeValue":"بوكس"},"geometry":{"type":"Point","coordinates":[31.553390828232576,30.27529431282834]}},{"type":"Feature","properties":{"Description":null,"Telecom_Feature_Type":"بوكس","Easting":"031° 33' 7.36\" E","Northing":"30° 16' 32.0\" N","ID":"21","GlobalID":"{E2C78711-C636-4F52-A31B-CCD24EC31606}","sectors":"القطاع الخامس","Distance":"100m","I_D":"3-2","__networkId":"telecom","__networkName":"شبكة الاتصالات","__layerId":"telecom_assets","__layerName":"مرافق الاتصالات","__assetName":"مرافق الاتصالات","__geometryKind":"point","__featureIndex":541,"__typeValue":"بوكس"},"geometry":{"type":"Point","coordinates":[31.553722629067625,30.275723281735857]}},{"type":"Feature","properties":{"Description":null,"Telecom_Feature_Type":"بوكس","Easting":"031° 33' 6.48\" E","Northing":"30° 16' 31.14\" N","ID":"17","GlobalID":"{F8641F79-CD32-48BB-97C8-37FB8067C8CC}","sectors":"القطاع الخامس","Distance":"225m","I_D":"3-2","__networkId":"telecom","__networkName":"شبكة الاتصالات","__layerId":"telecom_assets","__layerName":"مرافق الاتصالات","__assetName":"مرافق الاتصالات","__geometryKind":"point","__featureIndex":542,"__typeValue":"بوكس"},"geometry":{"type":"Point","coordinates":[31.553477687235723,30.275484388284912]}},{"type":"Feature","properties":{"Description":null,"Telecom_Feature_Type":"بوكس","Easting":"031° 33' 9.54\" E","Northing":"30° 16' 29.66\" N","ID":"24","GlobalID":"{1B2482D0-5A87-4433-9F8E-2DDAFD63A55F}","sectors":"القطاع الخامس","Distance":"90m","I_D":"3-2","__networkId":"telecom","__networkName":"شبكة الاتصالات","__layerId":"telecom_assets","__layerName":"مرافق الاتصالات","__assetName":"مرافق الاتصالات","__geometryKind":"point","__featureIndex":543,"__typeValue":"بوكس"},"geometry":{"type":"Point","coordinates":[31.554327740531214,30.275070710099495]}},{"type":"Feature","properties":{"Description":null,"Telecom_Feature_Type":"بوكس","Easting":"031° 33' 9.08\" E","Northing":"30° 16' 30.59\" N","ID":"23","GlobalID":"{8D520B61-9A8B-4BA8-A30F-10A8714108A1}","sectors":"القطاع الخامس","Distance":"120m","I_D":"3-2","__networkId":"telecom","__networkName":"شبكة الاتصالات","__layerId":"telecom_assets","__layerName":"مرافق الاتصالات","__assetName":"مرافق الاتصالات","__geometryKind":"point","__featureIndex":544,"__typeValue":"بوكس"},"geometry":{"type":"Point","coordinates":[31.554198982306577,30.275330430040547]}},{"type":"Feature","properties":{"Description":null,"Telecom_Feature_Type":"بوكس","Easting":"031° 33' 8.21\" E","Northing":"30° 16' 31.48\" N","ID":"22","GlobalID":"{FC507279-35BE-493D-BAB9-D22740D5532B}","sectors":"القطاع الخامس","Distance":"150m","I_D":"3-2","__networkId":"telecom","__networkName":"شبكة الاتصالات","__layerId":"telecom_assets","__layerName":"مرافق الاتصالات","__assetName":"مرافق الاتصالات","__geometryKind":"point","__featureIndex":545,"__typeValue":"بوكس"},"geometry":{"type":"Point","coordinates":[31.55395839281225,30.275578527117183]}},{"type":"Feature","properties":{"Description":null,"Telecom_Feature_Type":"بوكس","Easting":"031° 33' 11.18\" E","Northing":"30° 16' 31.48\" N","ID":"16","GlobalID":"{D6444CC0-BA58-4F51-9C97-1436D376E18C}","sectors":"القطاع الخامس","Distance":"40m","I_D":"3-2","__networkId":"telecom","__networkName":"شبكة الاتصالات","__layerId":"telecom_assets","__layerName":"مرافق الاتصالات","__assetName":"مرافق الاتصالات","__geometryKind":"point","__featureIndex":546,"__typeValue":"بوكس"},"geometry":{"type":"Point","coordinates":[31.554783212431406,30.2755765953888]}},{"type":"Feature","properties":{"Description":null,"Telecom_Feature_Type":"بوكس","Easting":"031° 33' 10.21\" E","Northing":"30° 16' 31.92\" N","ID":"15","GlobalID":"{7796AAB8-3E9D-4955-BEEE-FBD95F66BC6A}","sectors":"القطاع الخامس","Distance":"70m","I_D":"3-2","__networkId":"telecom","__networkName":"شبكة الاتصالات","__layerId":"telecom_assets","__layerName":"مرافق الاتصالات","__assetName":"مرافق الاتصالات","__geometryKind":"point","__featureIndex":547,"__typeValue":"بوكس"},"geometry":{"type":"Point","coordinates":[31.554514024171684,30.275698474187696]}},{"type":"Feature","properties":{"Description":null,"Telecom_Feature_Type":"بوكس","Easting":"031° 33' 9.19\" E","Northing":"30° 16' 32.78\" N","ID":"14","GlobalID":"{DB9555D0-8F91-472B-9F92-82BA3DB0393A}","sectors":"القطاع الخامس","Distance":"120m","I_D":"3-2","__networkId":"telecom","__networkName":"شبكة الاتصالات","__layerId":"telecom_assets","__layerName":"مرافق الاتصالات","__assetName":"مرافق الاتصالات","__geometryKind":"point","__featureIndex":548,"__typeValue":"بوكس"},"geometry":{"type":"Point","coordinates":[31.55422869588124,30.275937726309103]}},{"type":"Feature","properties":{"Description":null,"Telecom_Feature_Type":"بوكس","Easting":"031° 33' 9.38\" E","Northing":"30° 16' 33.31\" N","ID":"13","GlobalID":"{CB876EF3-E115-46BB-B16B-59B40304BF22}","sectors":"القطاع الخامس","Distance":"130m","I_D":"3-2","__networkId":"telecom","__networkName":"شبكة الاتصالات","__layerId":"telecom_assets","__layerName":"مرافق الاتصالات","__assetName":"مرافق الاتصالات","__geometryKind":"point","__featureIndex":549,"__typeValue":"بوكس"},"geometry":{"type":"Point","coordinates":[31.554282221997425,30.276085043609903]}},{"type":"Feature","properties":{"Description":null,"Telecom_Feature_Type":"بوكس","Easting":"031° 33' 12.31\" E","Northing":"30° 16' 31.95\" N","ID":"12","GlobalID":"{CF868601-7E08-4854-96D7-91929A35646A}","sectors":"القطاع الخامس","Distance":"70m","I_D":"3-2","__networkId":"telecom","__networkName":"شبكة الاتصالات","__layerId":"telecom_assets","__layerName":"مرافق الاتصالات","__assetName":"مرافق الاتصالات","__geometryKind":"point","__featureIndex":550,"__typeValue":"بوكس"},"geometry":{"type":"Point","coordinates":[31.555095990541954,30.27570921660077]}},{"type":"Feature","properties":{"Description":null,"Telecom_Feature_Type":"بوكس","Easting":"031° 33' 11.89\" E","Northing":"30° 16' 32.82\" N","ID":"11","GlobalID":"{6988C8EF-6ABB-4C6B-950F-CCF91EC8B198}","sectors":"القطاع الخامس","Distance":"110m","I_D":"3-2","__networkId":"telecom","__networkName":"شبكة الاتصالات","__layerId":"telecom_assets","__layerName":"مرافق الاتصالات","__assetName":"مرافق الاتصالات","__geometryKind":"point","__featureIndex":551,"__typeValue":"بوكس"},"geometry":{"type":"Point","coordinates":[31.554980507620623,30.275950364730672]}},{"type":"Feature","properties":{"Description":null,"Telecom_Feature_Type":"بوكس","Easting":"031° 33' 11.02\" E","Northing":"30° 16' 33.8\" N","ID":"10","GlobalID":"{DCD7B130-3993-43C4-95D7-39EED6EB1E48}","sectors":"القطاع الخامس","Distance":"150m","I_D":"3-2","__networkId":"telecom","__networkName":"شبكة الاتصالات","__layerId":"telecom_assets","__layerName":"مرافق الاتصالات","__assetName":"مرافق الاتصالات","__geometryKind":"point","__featureIndex":552,"__typeValue":"بوكس"},"geometry":{"type":"Point","coordinates":[31.554738044240583,30.276223104746276]}},{"type":"Feature","properties":{"Description":null,"Telecom_Feature_Type":"بوكس","Easting":"031° 33' 10.42\" E","Northing":"30° 16' 34.11\" N","ID":"9","GlobalID":"{078066FF-7EAB-4F99-A726-117D4CE18D91}","sectors":"القطاع الخامس","Distance":"160m","I_D":"3-2","__networkId":"telecom","__networkName":"شبكة الاتصالات","__layerId":"telecom_assets","__layerName":"مرافق الاتصالات","__assetName":"مرافق الاتصالات","__geometryKind":"point","__featureIndex":553,"__typeValue":"بوكس"},"geometry":{"type":"Point","coordinates":[31.55457113456585,30.276309351547177]}},{"type":"Feature","properties":{"Description":null,"Telecom_Feature_Type":"بوكس","Easting":"031° 33' 14.13\" E","Northing":"30° 16' 33.79\" N","ID":"8","GlobalID":"{87540EFC-51BC-4617-8C4F-556314233310}","sectors":"القطاع الخامس","Distance":"150m","I_D":"3-2","__networkId":"telecom","__networkName":"شبكة الاتصالات","__layerId":"telecom_assets","__layerName":"مرافق الاتصالات","__assetName":"مرافق الاتصالات","__geometryKind":"point","__featureIndex":554,"__typeValue":"بوكس"},"geometry":{"type":"Point","coordinates":[31.55560138541574,30.276218610597983]}},{"type":"Feature","properties":{"Description":null,"Telecom_Feature_Type":"بوكس","Easting":"031° 33' 13.14\" E","Northing":"30° 16' 34.23\" N","ID":"7","GlobalID":"{EA57C370-B08B-4FAC-B4BE-D1BDBE440A09}","sectors":"القطاع الخامس","Distance":"190m","I_D":"3-2","__networkId":"telecom","__networkName":"شبكة الاتصالات","__layerId":"telecom_assets","__layerName":"مرافق الاتصالات","__assetName":"مرافق الاتصالات","__geometryKind":"point","__featureIndex":555,"__typeValue":"بوكس"},"geometry":{"type":"Point","coordinates":[31.555328308349182,30.276340217073596]}},{"type":"Feature","properties":{"Description":null,"Telecom_Feature_Type":"بوكس","Easting":"031° 33' 12.12\" E","Northing":"30° 16' 35.08\" N","ID":"6","GlobalID":"{385647B3-6D7D-4DAF-B96D-8B9C406B9C55}","sectors":"القطاع الخامس","Distance":"220m","I_D":"3-2","__networkId":"telecom","__networkName":"شبكة الاتصالات","__layerId":"telecom_assets","__layerName":"مرافق الاتصالات","__assetName":"مرافق الاتصالات","__geometryKind":"point","__featureIndex":556,"__typeValue":"بوكس"},"geometry":{"type":"Point","coordinates":[31.55504498599676,30.27657737688567]}},{"type":"Feature","properties":{"Description":null,"Telecom_Feature_Type":"بوكس","Easting":"031° 33' 12.32\" E","Northing":"30° 16' 35.6\" N","ID":"5","GlobalID":"{F117460C-B15B-41F9-AC94-1DC7B2D693FD}","sectors":"القطاع الخامس","Distance":"240m","I_D":"3-2","__networkId":"telecom","__networkName":"شبكة الاتصالات","__layerId":"telecom_assets","__layerName":"مرافق الاتصالات","__assetName":"مرافق الاتصالات","__geometryKind":"point","__featureIndex":557,"__typeValue":"بوكس"},"geometry":{"type":"Point","coordinates":[31.555099423903,30.276722386816065]}},{"type":"Feature","properties":{"Description":null,"Telecom_Feature_Type":"بوكس","Easting":"031° 33' 15.23\" E","Northing":"30° 16' 34.25\" N","ID":"4","GlobalID":"{940F0901-39C2-4BFC-88CC-7D932474C812}","sectors":"القطاع الخامس","Distance":"180m","I_D":"3-2","__networkId":"telecom","__networkName":"شبكة الاتصالات","__layerId":"telecom_assets","__layerName":"مرافق الاتصالات","__assetName":"مرافق الاتصالات","__geometryKind":"point","__featureIndex":558,"__typeValue":"بوكس"},"geometry":{"type":"Point","coordinates":[31.55590701652992,30.27634760490732]}},{"type":"Feature","properties":{"Description":null,"Telecom_Feature_Type":"بوكس","Easting":"031° 33' 14.83\" E","Northing":"30° 16' 35.14\" N","ID":"3","GlobalID":"{63F9EC90-A31D-4FF1-B67D-7C8F6D893C74}","sectors":"القطاع الخامس","Distance":"220m","I_D":"3-2","__networkId":"telecom","__networkName":"شبكة الاتصالات","__layerId":"telecom_assets","__layerName":"مرافق الاتصالات","__assetName":"مرافق الاتصالات","__geometryKind":"point","__featureIndex":559,"__typeValue":"بوكس"},"geometry":{"type":"Point","coordinates":[31.555797287317965,30.276593795632575]}},{"type":"Feature","properties":{"Description":null,"Telecom_Feature_Type":"بوكس","Easting":"031° 33' 13.95\" E","Northing":"30° 16' 36.11\" N","ID":"2","GlobalID":"{06521F02-32BC-41CF-94D8-0C67EA12C89C}","sectors":"القطاع الخامس","Distance":"260m","I_D":"3-2","__networkId":"telecom","__networkName":"شبكة الاتصالات","__layerId":"telecom_assets","__layerName":"مرافق الاتصالات","__assetName":"مرافق الاتصالات","__geometryKind":"point","__featureIndex":560,"__typeValue":"بوكس"},"geometry":{"type":"Point","coordinates":[31.55555319529235,30.276864696026948]}},{"type":"Feature","properties":{"Description":null,"Telecom_Feature_Type":"بوكس","Easting":"031° 33' 13.36\" E","Northing":"30° 16' 36.42\" N","ID":"1","GlobalID":"{56DD4AD6-7E91-4EC4-B129-266650F88FB4}","sectors":"القطاع الخامس","Distance":"265m","I_D":"3-2","__networkId":"telecom","__networkName":"شبكة الاتصالات","__layerId":"telecom_assets","__layerName":"مرافق الاتصالات","__assetName":"مرافق الاتصالات","__geometryKind":"point","__featureIndex":561,"__typeValue":"بوكس"},"geometry":{"type":"Point","coordinates":[31.555386779691016,30.27695011217546]}},{"type":"Feature","properties":{"Description":null,"Telecom_Feature_Type":"بوكس","Easting":"031° 33' 19.16\" E","Northing":"30° 16' 37.34\" N","ID":"8","GlobalID":"{CC01BC9A-DD3C-4EA6-A4B7-FC2BEA1CEEB1}","sectors":"القطاع الخامس","Distance":"190m","I_D":"8-1","__networkId":"telecom","__networkName":"شبكة الاتصالات","__layerId":"telecom_assets","__layerName":"مرافق الاتصالات","__assetName":"مرافق الاتصالات","__geometryKind":"point","__featureIndex":562,"__typeValue":"بوكس"},"geometry":{"type":"Point","coordinates":[31.55699913615007,30.277205966853604]}},{"type":"Feature","properties":{"Description":null,"Telecom_Feature_Type":"بوكس","Easting":"031° 33' 17.09\" E","Northing":"30° 16' 37.31\" N","ID":"3","GlobalID":"{AC1721B6-302B-4A41-8FED-92BEEECC7354}","sectors":"القطاع الخامس","Distance":"270m","I_D":"8-1","__networkId":"telecom","__networkName":"شبكة الاتصالات","__layerId":"telecom_assets","__layerName":"مرافق الاتصالات","__assetName":"مرافق الاتصالات","__geometryKind":"point","__featureIndex":563,"__typeValue":"بوكس"},"geometry":{"type":"Point","coordinates":[31.556423540631773,30.277197832782505]}},{"type":"Feature","properties":{"Description":null,"Telecom_Feature_Type":"بوكس","Easting":"031° 33' 16.05\" E","Northing":"30° 16' 38.16\" N","ID":"2","GlobalID":"{2BAC5769-DD50-4049-8918-F7130AF134B3}","sectors":"القطاع الخامس","Distance":"300m","I_D":"8-1","__networkId":"telecom","__networkName":"شبكة الاتصالات","__layerId":"telecom_assets","__layerName":"مرافق الاتصالات","__assetName":"مرافق الاتصالات","__geometryKind":"point","__featureIndex":564,"__typeValue":"بوكس"},"geometry":{"type":"Point","coordinates":[31.556134330721004,30.27743301771391]}},{"type":"Feature","properties":{"Description":null,"Telecom_Feature_Type":"بوكس","Easting":"031° 33' 16.24\" E","Northing":"30° 16' 38.69\" N","ID":"1","GlobalID":"{C8B3D949-651F-4D2A-8DF8-D9AF8F497724}","sectors":"القطاع الخامس","Distance":"310m","I_D":"8-1","__networkId":"telecom","__networkName":"شبكة الاتصالات","__layerId":"telecom_assets","__layerName":"مرافق الاتصالات","__assetName":"مرافق الاتصالات","__geometryKind":"point","__featureIndex":565,"__typeValue":"بوكس"},"geometry":{"type":"Point","coordinates":[31.556188572794476,30.277579732317466]}},{"type":"Feature","properties":{"Description":null,"Telecom_Feature_Type":"بوكس","Easting":"031° 33' 10.04\" E","Northing":"30° 16' 22.16\" N","ID":"17","GlobalID":"{33362E29-4A76-48C7-A9ED-E0A76A127C2F}","sectors":"القطاع الثالث","Distance":"285m","I_D":"3-1","__networkId":"telecom","__networkName":"شبكة الاتصالات","__layerId":"telecom_assets","__layerName":"مرافق الاتصالات","__assetName":"مرافق الاتصالات","__geometryKind":"point","__featureIndex":566,"__typeValue":"بوكس"},"geometry":{"type":"Point","coordinates":[31.554466108932736,30.27298768597489]}},{"type":"Feature","properties":{"Description":null,"Telecom_Feature_Type":"بوكس","Easting":"031° 33' 9.36\" E","Northing":"30° 16' 22.26\" N","ID":"18","GlobalID":"{905A2DF9-47C0-45C8-9698-00AE0D207D77}","sectors":"القطاع الثالث","Distance":"135m","I_D":"3-1","__networkId":"telecom","__networkName":"شبكة الاتصالات","__layerId":"telecom_assets","__layerName":"مرافق الاتصالات","__assetName":"مرافق الاتصالات","__geometryKind":"point","__featureIndex":567,"__typeValue":"بوكس"},"geometry":{"type":"Point","coordinates":[31.554276286828365,30.273017557951402]}},{"type":"Feature","properties":{"Description":null,"Telecom_Feature_Type":"بوكس","Easting":"031° 33' 8.16\" E","Northing":"30° 16' 22.94\" N","ID":"19","GlobalID":"{DD24253C-543B-446A-B09A-7895CBF19157}","sectors":"القطاع الثالث","Distance":"230m","I_D":"3-1","__networkId":"telecom","__networkName":"شبكة الاتصالات","__layerId":"telecom_assets","__layerName":"مرافق الاتصالات","__assetName":"مرافق الاتصالات","__geometryKind":"point","__featureIndex":568,"__typeValue":"بوكس"},"geometry":{"type":"Point","coordinates":[31.553943252606437,30.2732044034515]}},{"type":"Feature","properties":{"Description":null,"Telecom_Feature_Type":"بوكس","Easting":"031° 33' 7.43\" E","Northing":"30° 16' 23.65\" N","ID":"20","GlobalID":"{BCDDA110-7511-4F98-B3E2-C06F25976B89}","sectors":"القطاع الثالث","Distance":"200m","I_D":"3-1","__networkId":"telecom","__networkName":"شبكة الاتصالات","__layerId":"telecom_assets","__layerName":"مرافق الاتصالات","__assetName":"مرافق الاتصالات","__geometryKind":"point","__featureIndex":569,"__typeValue":"بوكس"},"geometry":{"type":"Point","coordinates":[31.5537410005135,30.273401300789192]}},{"type":"Feature","properties":{"Description":null,"Telecom_Feature_Type":"بوكس","Easting":"031° 33' 8.3\" E","Northing":"30° 16' 24.41\" N","ID":"24","GlobalID":"{FCBEE1DE-1D84-4E74-8F8B-BB3BF1AE03B6}","sectors":"القطاع الثالث","Distance":"180m","I_D":"3-1","__networkId":"telecom","__networkName":"شبكة الاتصالات","__layerId":"telecom_assets","__layerName":"مرافق الاتصالات","__assetName":"مرافق الاتصالات","__geometryKind":"point","__featureIndex":570,"__typeValue":"بوكس"},"geometry":{"type":"Point","coordinates":[31.553981699602275,30.27361275348145]}},{"type":"Feature","properties":{"Description":null,"Telecom_Feature_Type":"بوكس","Easting":"031° 33' 10.68\" E","Northing":"30° 16' 23.77\" N","ID":"22","GlobalID":"{F5051436-89FF-4749-994A-B9A0A2036A29}","sectors":"القطاع الثالث","Distance":"260m","I_D":"3-1","__networkId":"telecom","__networkName":"شبكة الاتصالات","__layerId":"telecom_assets","__layerName":"مرافق الاتصالات","__assetName":"مرافق الاتصالات","__geometryKind":"point","__featureIndex":571,"__typeValue":"بوكس"},"geometry":{"type":"Point","coordinates":[31.55464446583914,30.273437156473797]}},{"type":"Feature","properties":{"Description":null,"Telecom_Feature_Type":"بوكس","Easting":"031° 33' 10.7\" E","Northing":"30° 16' 23.23\" N","ID":"21","GlobalID":"{D4817ABF-355D-46BC-9EA9-2E3BD764D641}","sectors":"القطاع الثالث","Distance":"280m","I_D":"3-1","__networkId":"telecom","__networkName":"شبكة الاتصالات","__layerId":"telecom_assets","__layerName":"مرافق الاتصالات","__assetName":"مرافق الاتصالات","__geometryKind":"point","__featureIndex":572,"__typeValue":"بوكس"},"geometry":{"type":"Point","coordinates":[31.554649470353578,30.273285694686532]}},{"type":"Feature","properties":{"Description":null,"Telecom_Feature_Type":"بوكس","Easting":"031° 33' 10.39\" E","Northing":"30° 16' 27.17\" N","ID":"28","GlobalID":"{9DA19816-D1FA-45D0-A777-CD9444B45B5B}","sectors":"القطاع الثالث","Distance":"60m","I_D":"3-1","__networkId":"telecom","__networkName":"شبكة الاتصالات","__layerId":"telecom_assets","__layerName":"مرافق الاتصالات","__assetName":"مرافق الاتصالات","__geometryKind":"point","__featureIndex":573,"__typeValue":"بوكس"},"geometry":{"type":"Point","coordinates":[31.55456370729508,30.274379302813855]}},{"type":"Feature","properties":{"Description":null,"Telecom_Feature_Type":"بوكس","Easting":"031° 33' 10.8\" E","Northing":"30° 16' 26.28\" N","ID":"27","GlobalID":"{6530879E-A441-4165-B385-A9D06A3B1E15}","sectors":"القطاع الثالث","Distance":"90m","I_D":"3-1","__networkId":"telecom","__networkName":"شبكة الاتصالات","__layerId":"telecom_assets","__layerName":"مرافق الاتصالات","__assetName":"مرافق الاتصالات","__geometryKind":"point","__featureIndex":574,"__typeValue":"بوكس"},"geometry":{"type":"Point","coordinates":[31.554677021683354,30.274134396698987]}},{"type":"Feature","properties":{"Description":null,"Telecom_Feature_Type":"بوكس","Easting":"031° 33' 11.66\" E","Northing":"30° 16' 25.3\" N","ID":"26","GlobalID":"{84DB2B1B-0872-4691-B836-4F166069A39E}","sectors":"القطاع الثالث","Distance":"170m","I_D":"3-1","__networkId":"telecom","__networkName":"شبكة الاتصالات","__layerId":"telecom_assets","__layerName":"مرافق الاتصالات","__assetName":"مرافق الاتصالات","__geometryKind":"point","__featureIndex":575,"__typeValue":"بوكس"},"geometry":{"type":"Point","coordinates":[31.554916791015835,30.273860262958404]}},{"type":"Feature","properties":{"Description":null,"Telecom_Feature_Type":"بوكس","Easting":"031° 33' 12.28\" E","Northing":"30° 16' 25.0\" N","ID":"25","GlobalID":"{81DE5762-3989-4238-ADC2-641047EDD5FD}","sectors":"القطاع الثالث","Distance":"160m","I_D":"3-1","__networkId":"telecom","__networkName":"شبكة الاتصالات","__layerId":"telecom_assets","__layerName":"مرافق الاتصالات","__assetName":"مرافق الاتصالات","__geometryKind":"point","__featureIndex":576,"__typeValue":"بوكس"},"geometry":{"type":"Point","coordinates":[31.555086886116573,30.27377845318318]}},{"type":"Feature","properties":{"Description":null,"Telecom_Feature_Type":"بوكس","Easting":"031° 33' 11.27\" E","Northing":"30° 16' 27.86\" N","ID":"32","GlobalID":"{E5999DD3-694F-4B5B-A8E4-1FC533BE1948}","sectors":"القطاع الثالث","Distance":"40m","I_D":"3-1","__networkId":"telecom","__networkName":"شبكة الاتصالات","__layerId":"telecom_assets","__layerName":"مرافق الاتصالات","__assetName":"مرافق الاتصالات","__geometryKind":"point","__featureIndex":577,"__typeValue":"بوكس"},"geometry":{"type":"Point","coordinates":[31.55480758372506,30.274571421954683]}},{"type":"Feature","properties":{"Description":null,"Telecom_Feature_Type":"بوكس","Easting":"031° 33' 12.47\" E","Northing":"30° 16' 27.19\" N","ID":"31","GlobalID":"{4FC5B53B-E06F-4285-95CE-38BFF2BB7965}","sectors":"القطاع الثالث","Distance":"80m","I_D":"3-1","__networkId":"telecom","__networkName":"شبكة الاتصالات","__layerId":"telecom_assets","__layerName":"مرافق الاتصالات","__assetName":"مرافق الاتصالات","__geometryKind":"point","__featureIndex":578,"__typeValue":"بوكس"},"geometry":{"type":"Point","coordinates":[31.55514048589462,30.274386780788404]}},{"type":"Feature","properties":{"Description":null,"Telecom_Feature_Type":"بوكس","Easting":"031° 33' 13.52\" E","Northing":"30° 16' 26.35\" N","ID":"30","GlobalID":"{F1663D5F-66A6-441B-871E-7C814C775DF7}","sectors":"القطاع الثالث","Distance":"120m","I_D":"3-1","__networkId":"telecom","__networkName":"شبكة الاتصالات","__layerId":"telecom_assets","__layerName":"مرافق الاتصالات","__assetName":"مرافق الاتصالات","__geometryKind":"point","__featureIndex":579,"__typeValue":"بوكس"},"geometry":{"type":"Point","coordinates":[31.55543136667182,30.274153197578432]}},{"type":"Feature","properties":{"Description":null,"Telecom_Feature_Type":"بوكس","Easting":"031° 33' 13.32\" E","Northing":"30° 16' 25.81\" N","ID":"29","GlobalID":"{853CE68C-4311-4903-8E98-DF4A2EE818FC}","sectors":"القطاع الثالث","Distance":"140m","I_D":"3-1","__networkId":"telecom","__networkName":"شبكة الاتصالات","__layerId":"telecom_assets","__layerName":"مرافق الاتصالات","__assetName":"مرافق الاتصالات","__geometryKind":"point","__featureIndex":580,"__typeValue":"بوكس"},"geometry":{"type":"Point","coordinates":[31.555377538721675,30.27400221556902]}},{"type":"Feature","properties":{"Description":null,"Telecom_Feature_Type":"بوكس","Easting":"031° 33' 13.3\" E","Northing":"30° 16' 29.45\" N","ID":"16","GlobalID":"{3C0E7432-B9AB-42FB-B122-95C7646FAE48}","sectors":"القطاع الثالث","Distance":"100m","I_D":"3-1","__networkId":"telecom","__networkName":"شبكة الاتصالات","__layerId":"telecom_assets","__layerName":"مرافق الاتصالات","__assetName":"مرافق الاتصالات","__geometryKind":"point","__featureIndex":581,"__typeValue":"بوكس"},"geometry":{"type":"Point","coordinates":[31.55537180208028,30.275015022488432]}},{"type":"Feature","properties":{"Description":null,"Telecom_Feature_Type":"بوكس","Easting":"031° 33' 13.71\" E","Northing":"30° 16' 28.58\" N","ID":"15","GlobalID":"{456AEA6E-0433-4FB9-8E8C-705AF5EC2B0F}","sectors":"القطاع الثالث","Distance":"130m","I_D":"3-1","__networkId":"telecom","__networkName":"شبكة الاتصالات","__layerId":"telecom_assets","__layerName":"مرافق الاتصالات","__assetName":"مرافق الاتصالات","__geometryKind":"point","__featureIndex":582,"__typeValue":"بوكس"},"geometry":{"type":"Point","coordinates":[31.55548551532053,30.274771717661284]}},{"type":"Feature","properties":{"Description":null,"Telecom_Feature_Type":"بوكس","Easting":"031° 33' 15.2\" E","Northing":"30° 16' 27.3\" N","ID":"13","GlobalID":"{C0AB8A4E-184F-459F-AB7A-C4F830C06F42}","sectors":"القطاع الثالث","Distance":"190m","I_D":"3-1","__networkId":"telecom","__networkName":"شبكة الاتصالات","__layerId":"telecom_assets","__layerName":"مرافق الاتصالات","__assetName":"مرافق الاتصالات","__geometryKind":"point","__featureIndex":583,"__typeValue":"بوكس"},"geometry":{"type":"Point","coordinates":[31.555898629858447,30.274417193850155]}},{"type":"Feature","properties":{"Description":null,"Telecom_Feature_Type":"بوكس","Easting":"031° 33' 14.19\" E","Northing":"30° 16' 30.16\" N","ID":"12","GlobalID":"{E8838CBB-CFAF-4481-8A43-E0085E0ED0F7}","sectors":"القطاع الثالث","Distance":"130m","I_D":"3-1","__networkId":"telecom","__networkName":"شبكة الاتصالات","__layerId":"telecom_assets","__layerName":"مرافق الاتصالات","__assetName":"مرافق الاتصالات","__geometryKind":"point","__featureIndex":584,"__typeValue":"بوكس"},"geometry":{"type":"Point","coordinates":[31.555617468852606,30.275210416577504]}},{"type":"Feature","properties":{"Description":null,"Telecom_Feature_Type":"بوكس","Easting":"031° 33' 15.16\" E","Northing":"30° 16' 29.73\" N","ID":"11","GlobalID":"{67ADCC89-884E-4432-BC2D-D402EACF21A9}","sectors":"القطاع الثالث","Distance":"170m","I_D":"3-1","__networkId":"telecom","__networkName":"شبكة الاتصالات","__layerId":"telecom_assets","__layerName":"مرافق الاتصالات","__assetName":"مرافق الاتصالات","__geometryKind":"point","__featureIndex":585,"__typeValue":"بوكس"},"geometry":{"type":"Point","coordinates":[31.55588902776637,30.27509067604879]}},{"type":"Feature","properties":{"Description":null,"Telecom_Feature_Type":"بوكس","Easting":"031° 33' 16.42\" E","Northing":"30° 16' 28.64\" N","ID":"10","GlobalID":"{7F1174E9-0C21-4DDB-8CB9-7D7BF2B20648}","sectors":"القطاع الثالث","Distance":"200m","I_D":"3-1","__networkId":"telecom","__networkName":"شبكة الاتصالات","__layerId":"telecom_assets","__layerName":"مرافق الاتصالات","__assetName":"مرافق الاتصالات","__geometryKind":"point","__featureIndex":586,"__typeValue":"بوكس"},"geometry":{"type":"Point","coordinates":[31.556238416716326,30.27478833531533]}},{"type":"Feature","properties":{"Description":null,"Telecom_Feature_Type":"بوكس","Easting":"031° 33' 16.23\" E","Northing":"30° 16' 28.12\" N","ID":"9","GlobalID":"{2EEF6428-047A-4A01-A396-A1FB09A624D8}","sectors":"القطاع الثالث","Distance":"215m","I_D":"3-1","__networkId":"telecom","__networkName":"شبكة الاتصالات","__layerId":"telecom_assets","__layerName":"مرافق الاتصالات","__assetName":"مرافق الاتصالات","__geometryKind":"point","__featureIndex":587,"__typeValue":"بوكس"},"geometry":{"type":"Point","coordinates":[31.55618456091841,30.27464483922003]}},{"type":"Feature","properties":{"Description":null,"Telecom_Feature_Type":"بوكس","Easting":"031° 33' 16.26\" E","Northing":"30° 16' 31.78\" N","ID":"8","GlobalID":"{DFC8194D-1BA9-46E1-808D-C46AE7ACB532}","sectors":"القطاع الثالث","Distance":"210m","I_D":"3-1","__networkId":"telecom","__networkName":"شبكة الاتصالات","__layerId":"telecom_assets","__layerName":"مرافق الاتصالات","__assetName":"مرافق الاتصالات","__geometryKind":"point","__featureIndex":588,"__typeValue":"بوكس"},"geometry":{"type":"Point","coordinates":[31.556192372668132,30.275660655794887]}},{"type":"Feature","properties":{"Description":null,"Telecom_Feature_Type":"بوكس","Easting":"031° 33' 16.65\" E","Northing":"30° 16' 30.89\" N","ID":"7","GlobalID":"{C4CC0328-9E02-4B42-AFAC-11AF69E503A6}","sectors":"القطاع الثالث","Distance":"240m","I_D":"3-1","__networkId":"telecom","__networkName":"شبكة الاتصالات","__layerId":"telecom_assets","__layerName":"مرافق الاتصالات","__assetName":"مرافق الاتصالات","__geometryKind":"point","__featureIndex":589,"__typeValue":"بوكس"},"geometry":{"type":"Point","coordinates":[31.556302170152033,30.2754133129994]}},{"type":"Feature","properties":{"Description":null,"Telecom_Feature_Type":"بوكس","Easting":"031° 33' 17.52\" E","Northing":"30° 16' 29.91\" N","ID":"6","GlobalID":"{4E6D0F55-8D08-4AE0-AE7F-8B554E818577}","sectors":"القطاع الثالث","Distance":"270m","I_D":"3-1","__networkId":"telecom","__networkName":"شبكة الاتصالات","__layerId":"telecom_assets","__layerName":"مرافق الاتصالات","__assetName":"مرافق الاتصالات","__geometryKind":"point","__featureIndex":590,"__typeValue":"بوكس"},"geometry":{"type":"Point","coordinates":[31.55654244703268,30.275140317047526]}},{"type":"Feature","properties":{"Description":null,"Telecom_Feature_Type":"بوكس","Easting":"031° 33' 18.33\" E","Northing":"30° 16' 31.81\" N","ID":"3","GlobalID":"{7417B44B-5166-4823-9A0B-71104A5ABC16}","sectors":"القطاع الثالث","Distance":"280m","I_D":"3-1","__networkId":"telecom","__networkName":"شبكة الاتصالات","__layerId":"telecom_assets","__layerName":"مرافق الاتصالات","__assetName":"مرافق الاتصالات","__geometryKind":"point","__featureIndex":591,"__typeValue":"بوكس"},"geometry":{"type":"Point","coordinates":[31.556769504305564,30.275667844300724]}},{"type":"Feature","properties":{"Description":null,"Telecom_Feature_Type":"بوكس","Easting":"031° 33' 19.35\" E","Northing":"30° 16' 30.94\" N","ID":"2","GlobalID":"{EA290111-140E-435E-9EBA-B21A97C8A957}","sectors":"القطاع الثالث","Distance":"320m","I_D":"3-1","__networkId":"telecom","__networkName":"شبكة الاتصالات","__layerId":"telecom_assets","__layerName":"مرافق الاتصالات","__assetName":"مرافق الاتصالات","__geometryKind":"point","__featureIndex":592,"__typeValue":"بوكس"},"geometry":{"type":"Point","coordinates":[31.557053027880606,30.275428520148218]}},{"type":"Feature","properties":{"Description":null,"Telecom_Feature_Type":"بوكس","Easting":"031° 33' 19.17\" E","Northing":"30° 16' 30.42\" N","ID":"1","GlobalID":"{BF5EAA0E-2C4C-4848-906E-6F2D70DD0C68}","sectors":"القطاع الثالث","Distance":"330m","I_D":"3-1","__networkId":"telecom","__networkName":"شبكة الاتصالات","__layerId":"telecom_assets","__layerName":"مرافق الاتصالات","__assetName":"مرافق الاتصالات","__geometryKind":"point","__featureIndex":593,"__typeValue":"بوكس"},"geometry":{"type":"Point","coordinates":[31.557001174427448,30.275283013347643]}},{"type":"Feature","properties":{"Description":null,"Telecom_Feature_Type":"بوكس","Easting":"031° 33' 6.03\" E","Northing":"30° 16' 18.95\" N","ID":"22","GlobalID":"{48C58777-5A51-4AD5-AEA3-953BE9D666E1}","sectors":"القطاع الثالث","Distance":"140m","I_D":"4-1","__networkId":"telecom","__networkName":"شبكة الاتصالات","__layerId":"telecom_assets","__layerName":"مرافق الاتصالات","__assetName":"مرافق الاتصالات","__geometryKind":"point","__featureIndex":594,"__typeValue":"بوكس"},"geometry":{"type":"Point","coordinates":[31.5533518449425,30.27209681511037]}},{"type":"Feature","properties":{"Description":null,"Telecom_Feature_Type":"بوكس","Easting":"031° 33' 7.05\" E","Northing":"30° 16' 19.27\" N","ID":"21","GlobalID":"{C5EEA099-EA19-43E6-9E72-2AA70E9409CB}","sectors":"القطاع الثالث","Distance":"170m","I_D":"4-1","__networkId":"telecom","__networkName":"شبكة الاتصالات","__layerId":"telecom_assets","__layerName":"مرافق الاتصالات","__assetName":"مرافق الاتصالات","__geometryKind":"point","__featureIndex":595,"__typeValue":"بوكس"},"geometry":{"type":"Point","coordinates":[31.553635431399602,30.27218512456704]}},{"type":"Feature","properties":{"Description":null,"Telecom_Feature_Type":"بوكس","Easting":"031° 33' 8.47\" E","Northing":"30° 16' 19.36\" N","ID":"20","GlobalID":"{3120B8E5-553B-4991-8DA2-3D6B4141F1BC}","sectors":"القطاع الثالث","Distance":"200m","I_D":"4-1","__networkId":"telecom","__networkName":"شبكة الاتصالات","__layerId":"telecom_assets","__layerName":"مرافق الاتصالات","__assetName":"مرافق الاتصالات","__geometryKind":"point","__featureIndex":596,"__typeValue":"بوكس"},"geometry":{"type":"Point","coordinates":[31.554030981178776,30.272210434183712]}},{"type":"Feature","properties":{"Description":null,"Telecom_Feature_Type":"بوكس","Easting":"031° 33' 9.13\" E","Northing":"30° 16' 19.15\" N","ID":"19","GlobalID":"{5F20B998-4350-47A8-B726-21DB080A5355}","sectors":"القطاع الثالث","Distance":"210m","I_D":"4-1","__networkId":"telecom","__networkName":"شبكة الاتصالات","__layerId":"telecom_assets","__layerName":"مرافق الاتصالات","__assetName":"مرافق الاتصالات","__geometryKind":"point","__featureIndex":597,"__typeValue":"بوكس"},"geometry":{"type":"Point","coordinates":[31.554213287079158,30.272151159102364]}},{"type":"Feature","properties":{"Description":null,"Telecom_Feature_Type":"بوكس","Easting":"031° 33' 9.11\" E","Northing":"30° 16' 17.93\" N","ID":"23","GlobalID":"{BF85F0E6-E83D-4D6D-84BB-5CBC0B36F673}","sectors":"القطاع الثالث","Distance":"170m","I_D":"4-1","__networkId":"telecom","__networkName":"شبكة الاتصالات","__layerId":"telecom_assets","__layerName":"مرافق الاتصالات","__assetName":"مرافق الاتصالات","__geometryKind":"point","__featureIndex":598,"__typeValue":"بوكس"},"geometry":{"type":"Point","coordinates":[31.554208801790953,30.271814773133308]}},{"type":"Feature","properties":{"Description":null,"Telecom_Feature_Type":"بوكس","Easting":"031° 33' 8.79\" E","Northing":"30° 16' 17.47\" N","ID":"24","GlobalID":"{5BE09C92-F3AB-4ECA-B2F2-DE4BACEC583B}","sectors":"القطاع الثالث","Distance":"150m","I_D":"4-1","__networkId":"telecom","__networkName":"شبكة الاتصالات","__layerId":"telecom_assets","__layerName":"مرافق الاتصالات","__assetName":"مرافق الاتصالات","__geometryKind":"point","__featureIndex":599,"__typeValue":"بوكس"},"geometry":{"type":"Point","coordinates":[31.554118066557358,30.271685440813464]}},{"type":"Feature","properties":{"Description":null,"Telecom_Feature_Type":"بوكس","Easting":"031° 33' 7.37\" E","Northing":"30° 16' 17.56\" N","ID":"25","GlobalID":"{3DD6B2D6-BC43-4CDE-AF78-271B20CEAF15}","sectors":"القطاع الثالث","Distance":"120m","I_D":"4-1","__networkId":"telecom","__networkName":"شبكة الاتصالات","__layerId":"telecom_assets","__layerName":"مرافق الاتصالات","__assetName":"مرافق الاتصالات","__geometryKind":"point","__featureIndex":600,"__typeValue":"بوكس"},"geometry":{"type":"Point","coordinates":[31.553723401618765,30.27171081340083]}},{"type":"Feature","properties":{"Description":null,"Telecom_Feature_Type":"بوكس","Easting":"031° 33' 6.35\" E","Northing":"30° 16' 17.92\" N","ID":"26","GlobalID":"{B9BE5FA0-324B-45FA-9FFC-DB666C0DEA7C}","sectors":"القطاع الثالث","Distance":"90m","I_D":"4-1","__networkId":"telecom","__networkName":"شبكة الاتصالات","__layerId":"telecom_assets","__layerName":"مرافق الاتصالات","__assetName":"مرافق الاتصالات","__geometryKind":"point","__featureIndex":601,"__typeValue":"بوكس"},"geometry":{"type":"Point","coordinates":[31.553441107837344,30.271809956816096]}},{"type":"Feature","properties":{"Description":null,"Telecom_Feature_Type":"بوكس","Easting":"031° 33' 9.6\" E","Northing":"30° 16' 15.37\" N","ID":"13","GlobalID":"{444BECA7-54BF-4491-B894-CAB6C00A93B3}","sectors":"القطاع الثالث","Distance":"160m","I_D":"4-1","__networkId":"telecom","__networkName":"شبكة الاتصالات","__layerId":"telecom_assets","__layerName":"مرافق الاتصالات","__assetName":"مرافق الاتصالات","__geometryKind":"point","__featureIndex":602,"__typeValue":"بوكس"},"geometry":{"type":"Point","coordinates":[31.554344848047474,30.27110250722667]}},{"type":"Feature","properties":{"Description":null,"Telecom_Feature_Type":"بوكس","Easting":"031° 33' 7.82\" E","Northing":"30° 16' 15.21\" N","ID":"15","GlobalID":"{C49ADF3D-4862-4F56-AE1A-BE7A13B840A0}","sectors":"القطاع الثالث","Distance":"120m","I_D":"4-1","__networkId":"telecom","__networkName":"شبكة الاتصالات","__layerId":"telecom_assets","__layerName":"مرافق الاتصالات","__assetName":"مرافق الاتصالات","__geometryKind":"point","__featureIndex":603,"__typeValue":"بوكس"},"geometry":{"type":"Point","coordinates":[31.553848101254914,30.27105759442307]}},{"type":"Feature","properties":{"Description":null,"Telecom_Feature_Type":"بوكس","Easting":"031° 33' 6.98\" E","Northing":"30° 16' 14.59\" N","ID":"16","GlobalID":"{4909F4DD-CF8C-409A-A046-5113820BF810}","sectors":"القطاع الثالث","Distance":"90m","I_D":"4-1","__networkId":"telecom","__networkName":"شبكة الاتصالات","__layerId":"telecom_assets","__layerName":"مرافق الاتصالات","__assetName":"مرافق الاتصالات","__geometryKind":"point","__featureIndex":604,"__typeValue":"بوكس"},"geometry":{"type":"Point","coordinates":[31.55361682908671,30.270887040404954]}},{"type":"Feature","properties":{"Description":null,"Telecom_Feature_Type":"بوكس","Easting":"031° 33' 7.06\" E","Northing":"30° 16' 13.53\" N","ID":"12","GlobalID":"{987F1A8C-F09E-45FA-AFAD-C7739D7DB1D7}","sectors":"القطاع الثالث","Distance":"130m","I_D":"4-1","__networkId":"telecom","__networkName":"شبكة الاتصالات","__layerId":"telecom_assets","__layerName":"مرافق الاتصالات","__assetName":"مرافق الاتصالات","__geometryKind":"point","__featureIndex":605,"__typeValue":"بوكس"},"geometry":{"type":"Point","coordinates":[31.553638678809378,30.270592351187044]}},{"type":"Feature","properties":{"Description":null,"Telecom_Feature_Type":"بوكس","Easting":"031° 33' 10.08\" E","Northing":"30° 16' 14.23\" N","ID":"9","GlobalID":"{C39501C6-A106-4452-A5C9-2C4F25F41656}","sectors":"القطاع الثالث","Distance":"190m","I_D":"4-1","__networkId":"telecom","__networkName":"شبكة الاتصالات","__layerId":"telecom_assets","__layerName":"مرافق الاتصالات","__assetName":"مرافق الاتصالات","__geometryKind":"point","__featureIndex":606,"__typeValue":"بوكس"},"geometry":{"type":"Point","coordinates":[31.55447695249653,30.270785697348522]}},{"type":"Feature","properties":{"Description":null,"Telecom_Feature_Type":"بوكس","Easting":"031° 33' 9.53\" E","Northing":"30° 16' 13.87\" N","ID":"10","GlobalID":"{0594D050-F23F-4CD3-9B84-C41B9551AD0A}","sectors":"القطاع الثالث","Distance":"175m","I_D":"4-1","__networkId":"telecom","__networkName":"شبكة الاتصالات","__layerId":"telecom_assets","__layerName":"مرافق الاتصالات","__assetName":"مرافق الاتصالات","__geometryKind":"point","__featureIndex":607,"__typeValue":"بوكس"},"geometry":{"type":"Point","coordinates":[31.55432346814372,30.270686341872146]}},{"type":"Feature","properties":{"Description":null,"Telecom_Feature_Type":"بوكس","Easting":"031° 33' 16.38\" E","Northing":"30° 16' 13.08\" N","ID":"16","GlobalID":"{60FFBBC2-CF24-44A2-A47D-9CD3D0BAB6FD}","sectors":"القطاع الثالث","Distance":"60m","I_D":"7-1","__networkId":"telecom","__networkName":"شبكة الاتصالات","__layerId":"telecom_assets","__layerName":"مرافق الاتصالات","__assetName":"مرافق الاتصالات","__geometryKind":"point","__featureIndex":608,"__typeValue":"بوكس"},"geometry":{"type":"Point","coordinates":[31.556225764843873,30.270466415413715]}},{"type":"Feature","properties":{"Description":null,"Telecom_Feature_Type":"بوكس","Easting":"031° 33' 11.49\" E","Northing":"30° 16' 16.27\" N","ID":"1","GlobalID":"{6F5E0A94-B57A-40DA-A6A1-C5E78A16C28B}","sectors":"القطاع الثالث","Distance":"260m","I_D":"7-1","__networkId":"telecom","__networkName":"شبكة الاتصالات","__layerId":"telecom_assets","__layerName":"مرافق الاتصالات","__assetName":"مرافق الاتصالات","__geometryKind":"point","__featureIndex":609,"__typeValue":"بوكس"},"geometry":{"type":"Point","coordinates":[31.554867834629487,30.271351875710476]}},{"type":"Feature","properties":{"Description":null,"Telecom_Feature_Type":"بوكس","Easting":"031° 33' 12.02\" E","Northing":"30° 16' 16.64\" N","ID":"2","GlobalID":"{A8EA2CEA-4234-4060-ADA4-15F24FB28EAE}","sectors":"القطاع الثالث","Distance":"245m","I_D":"7-1","__networkId":"telecom","__networkName":"شبكة الاتصالات","__layerId":"telecom_assets","__layerName":"مرافق الاتصالات","__assetName":"مرافق الاتصالات","__geometryKind":"point","__featureIndex":610,"__typeValue":"بوكس"},"geometry":{"type":"Point","coordinates":[31.55501616444918,30.27145649139706]}},{"type":"Feature","properties":{"Description":null,"Telecom_Feature_Type":"بوكس","Easting":"031° 33' 13.38\" E","Northing":"30° 16' 17.03\" N","ID":"3","GlobalID":"{CC1DDB83-79A5-4FAB-BB0F-2305999F4F17}","sectors":"القطاع الثالث","Distance":"210m","I_D":"7-1","__networkId":"telecom","__networkName":"شبكة الاتصالات","__layerId":"telecom_assets","__layerName":"مرافق الاتصالات","__assetName":"مرافق الاتصالات","__geometryKind":"point","__featureIndex":611,"__typeValue":"بوكس"},"geometry":{"type":"Point","coordinates":[31.55539276157249,30.271564625344237]}},{"type":"Feature","properties":{"Description":null,"Telecom_Feature_Type":"بوكس","Easting":"031° 33' 14.46\" E","Northing":"30° 16' 17.09\" N","ID":"4","GlobalID":"{5B7ABEA1-90AE-4887-9C0A-0166C56E7B26}","sectors":"القطاع الثالث","Distance":"170m","I_D":"7-1","__networkId":"telecom","__networkName":"شبكة الاتصالات","__layerId":"telecom_assets","__layerName":"مرافق الاتصالات","__assetName":"مرافق الاتصالات","__geometryKind":"point","__featureIndex":612,"__typeValue":"بوكس"},"geometry":{"type":"Point","coordinates":[31.5556937924141,30.271579750851714]}},{"type":"Feature","properties":{"Description":null,"Telecom_Feature_Type":"بوكس","Easting":"031° 33' 12.04\" E","Northing":"30° 16' 15.15\" N","ID":"5","GlobalID":"{69C3CA0E-0419-4A22-81C5-7FFC56835861}","sectors":"القطاع الثالث","Distance":"240m","I_D":"7-1","__networkId":"telecom","__networkName":"شبكة الاتصالات","__layerId":"telecom_assets","__layerName":"مرافق الاتصالات","__assetName":"مرافق الاتصالات","__geometryKind":"point","__featureIndex":613,"__typeValue":"بوكس"},"geometry":{"type":"Point","coordinates":[31.55502012601958,30.271041326812774]}},{"type":"Feature","properties":{"Description":null,"Telecom_Feature_Type":"بوكس","Easting":"031° 33' 12.54\" E","Northing":"30° 16' 14.81\" N","ID":"6","GlobalID":"{A7B6763C-8D00-4C18-BEF5-BC26219B3DAD}","sectors":"القطاع الثالث","Distance":"230m","I_D":"7-1","__networkId":"telecom","__networkName":"شبكة الاتصالات","__layerId":"telecom_assets","__layerName":"مرافق الاتصالات","__assetName":"مرافق الاتصالات","__geometryKind":"point","__featureIndex":614,"__typeValue":"بوكس"},"geometry":{"type":"Point","coordinates":[31.555160893821245,30.27094804790468]}},{"type":"Feature","properties":{"Description":null,"Telecom_Feature_Type":"بوكس","Easting":"031° 33' 13.8\" E","Northing":"30° 16' 15.35\" N","ID":"7","GlobalID":"{B6214FE4-B0FB-4CA3-9671-422B5C9686D5}","sectors":"القطاع الثالث","Distance":"190m","I_D":"7-1","__networkId":"telecom","__networkName":"شبكة الاتصالات","__layerId":"telecom_assets","__layerName":"مرافق الاتصالات","__assetName":"مرافق الاتصالات","__geometryKind":"point","__featureIndex":615,"__typeValue":"بوكس"},"geometry":{"type":"Point","coordinates":[31.555511193662927,30.27109670401882]}},{"type":"Feature","properties":{"Description":null,"Telecom_Feature_Type":"بوكس","Easting":"031° 33' 14.6\" E","Northing":"30° 16' 16.03\" N","ID":"8","GlobalID":"{FBB6566C-AB19-47BE-B9B7-7A515EDE8DE4}","sectors":"القطاع الثالث","Distance":"160m","I_D":"7-1","__networkId":"telecom","__networkName":"شبكة الاتصالات","__layerId":"telecom_assets","__layerName":"مرافق الاتصالات","__assetName":"مرافق الاتصالات","__geometryKind":"point","__featureIndex":616,"__typeValue":"بوكس"},"geometry":{"type":"Point","coordinates":[31.555732299597047,30.271286488134393]}},{"type":"Feature","properties":{"Description":null,"Telecom_Feature_Type":"بوكس","Easting":"031° 33' 13.25\" E","Northing":"30° 16' 13.21\" N","ID":"9","GlobalID":"{BB47DA1A-56A0-49D6-BBBE-3A9360EECECD}","sectors":"القطاع الثالث","Distance":"155m","I_D":"7-1","__networkId":"telecom","__networkName":"شبكة الاتصالات","__layerId":"telecom_assets","__layerName":"مرافق الاتصالات","__assetName":"مرافق الاتصالات","__geometryKind":"point","__featureIndex":617,"__typeValue":"بوكس"},"geometry":{"type":"Point","coordinates":[31.55535789346472,30.270502294669555]}},{"type":"Feature","properties":{"Description":null,"Telecom_Feature_Type":"بوكس","Easting":"031° 33' 13.77\" E","Northing":"30° 16' 13.61\" N","ID":"10","GlobalID":"{DDE9F28C-4E77-4702-A167-39570A26451F}","sectors":"القطاع الثالث","Distance":"140m","I_D":"7-1","__networkId":"telecom","__networkName":"شبكة الاتصالات","__layerId":"telecom_assets","__layerName":"مرافق الاتصالات","__assetName":"مرافق الاتصالات","__geometryKind":"point","__featureIndex":618,"__typeValue":"بوكس"},"geometry":{"type":"Point","coordinates":[31.55550240993607,30.270614317370903]}},{"type":"Feature","properties":{"Description":null,"Telecom_Feature_Type":"بوكس","Easting":"031° 33' 15.1\" E","Northing":"30° 16' 14.05\" N","ID":"11","GlobalID":"{FC946D97-0271-433D-B1B2-0E8D8BF2EE8C}","sectors":"القطاع الثالث","Distance":"110m","I_D":"7-1","__networkId":"telecom","__networkName":"شبكة الاتصالات","__layerId":"telecom_assets","__layerName":"مرافق الاتصالات","__assetName":"مرافق الاتصالات","__geometryKind":"point","__featureIndex":619,"__typeValue":"بوكس"},"geometry":{"type":"Point","coordinates":[31.555871540262707,30.27073481591833]}},{"type":"Feature","properties":{"Description":null,"Telecom_Feature_Type":"بوكس","Easting":"031° 33' 16.19\" E","Northing":"30° 16' 14.13\" N","ID":"12","GlobalID":"{D7EB65CC-1A17-4897-8A8B-54B6C4F4CF31}","sectors":"القطاع الثالث","Distance":"70m","I_D":"7-1","__networkId":"telecom","__networkName":"شبكة الاتصالات","__layerId":"telecom_assets","__layerName":"مرافق الاتصالات","__assetName":"مرافق الاتصالات","__geometryKind":"point","__featureIndex":620,"__typeValue":"بوكس"},"geometry":{"type":"Point","coordinates":[31.556174305751142,30.27075825925562]}},{"type":"Feature","properties":{"Description":null,"Telecom_Feature_Type":"بوكس","Easting":"031° 33' 20.74\" E","Northing":"30° 16' 13.92\" N","ID":"17","GlobalID":"{740E5022-1649-4458-A340-CF34C74DD0AE}","sectors":"القطاع الثالث","Distance":"295m","I_D":"5-4","__networkId":"telecom","__networkName":"شبكة الاتصالات","__layerId":"telecom_assets","__layerName":"مرافق الاتصالات","__assetName":"مرافق الاتصالات","__geometryKind":"point","__featureIndex":621,"__typeValue":"بوكس"},"geometry":{"type":"Point","coordinates":[31.557437749367327,30.270698544951774]}},{"type":"Feature","properties":{"Description":null,"Telecom_Feature_Type":"بوكس","Easting":"031° 33' 20.04\" E","Northing":"30° 16' 13.43\" N","ID":"18","GlobalID":"{A39E69B3-D81C-4648-A057-A32747478CDC}","sectors":"القطاع الثالث","Distance":"285m","I_D":"5-4","__networkId":"telecom","__networkName":"شبكة الاتصالات","__layerId":"telecom_assets","__layerName":"مرافق الاتصالات","__assetName":"مرافق الاتصالات","__geometryKind":"point","__featureIndex":622,"__typeValue":"بوكس"},"geometry":{"type":"Point","coordinates":[31.557244917008425,30.27056369885966]}},{"type":"Feature","properties":{"Description":null,"Telecom_Feature_Type":"بوكس","Easting":"031° 33' 18.84\" E","Northing":"30° 16' 13.0\" N","ID":"19","GlobalID":"{1AAFF73C-9AC0-4779-9233-9FC9CB6BE992}","sectors":"القطاع الثالث","Distance":"245m","I_D":"5-4","__networkId":"telecom","__networkName":"شبكة الاتصالات","__layerId":"telecom_assets","__layerName":"مرافق الاتصالات","__assetName":"مرافق الاتصالات","__geometryKind":"point","__featureIndex":623,"__typeValue":"بوكس"},"geometry":{"type":"Point","coordinates":[31.55691037002358,30.270443226480623]}},{"type":"Feature","properties":{"Description":null,"Telecom_Feature_Type":"بوكس","Easting":"031° 33' 18.36\" E","Northing":"30° 16' 14.96\" N","ID":"22","GlobalID":"{3FF36945-3B79-4722-9DDD-894A1C781D1B}","sectors":"القطاع الثالث","Distance":"210m","I_D":"5-4","__networkId":"telecom","__networkName":"شبكة الاتصالات","__layerId":"telecom_assets","__layerName":"مرافق الاتصالات","__assetName":"مرافق الاتصالات","__geometryKind":"point","__featureIndex":624,"__typeValue":"بوكس"},"geometry":{"type":"Point","coordinates":[31.556776229093767,30.270988824028667]}},{"type":"Feature","properties":{"Description":null,"Telecom_Feature_Type":"بوكس","Easting":"031° 33' 19.53\" E","Northing":"30° 16' 15.44\" N","ID":"21","GlobalID":"{79AF53CF-5E24-4D60-BD6A-104423B3F2D0}","sectors":"القطاع الثالث","Distance":"250m","I_D":"5-4","__networkId":"telecom","__networkName":"شبكة الاتصالات","__layerId":"telecom_assets","__layerName":"مرافق الاتصالات","__assetName":"مرافق الاتصالات","__geometryKind":"point","__featureIndex":625,"__typeValue":"بوكس"},"geometry":{"type":"Point","coordinates":[31.557102728072017,30.27112157169314]}},{"type":"Feature","properties":{"Description":null,"Telecom_Feature_Type":"بوكس","Easting":"031° 33' 20.21\" E","Northing":"30° 16' 15.01\" N","ID":"20","GlobalID":"{F622FB4A-1069-4582-8667-BCA17253ECB7}","sectors":"القطاع الثالث","Distance":"260m","I_D":"5-4","__networkId":"telecom","__networkName":"شبكة الاتصالات","__layerId":"telecom_assets","__layerName":"مرافق الاتصالات","__assetName":"مرافق الاتصالات","__geometryKind":"point","__featureIndex":626,"__typeValue":"بوكس"},"geometry":{"type":"Point","coordinates":[31.557291474892992,30.27100354929628]}},{"type":"Feature","properties":{"Description":null,"Telecom_Feature_Type":"بوكس","Easting":"031° 33' 17.34\" E","Northing":"30° 16' 15.94\" N","ID":"25","GlobalID":"{A84DA44E-536E-4D53-B4A8-C8FCB478667F}","sectors":"القطاع الثالث","Distance":"145m","I_D":"5-4","__networkId":"telecom","__networkName":"شبكة الاتصالات","__layerId":"telecom_assets","__layerName":"مرافق الاتصالات","__assetName":"مرافق الاتصالات","__geometryKind":"point","__featureIndex":627,"__typeValue":"بوكس"},"geometry":{"type":"Point","coordinates":[31.556492909436336,30.271260360556056]}},{"type":"Feature","properties":{"Description":null,"Telecom_Feature_Type":"بوكس","Easting":"031° 33' 16.35\" E","Northing":"30° 16' 17.81\" N","ID":"28","GlobalID":"{A9903079-CB0D-41CA-B6EE-2F86243AEFFD}","sectors":"القطاع الثالث","Distance":"150m","I_D":"5-4","__networkId":"telecom","__networkName":"شبكة الاتصالات","__layerId":"telecom_assets","__layerName":"مرافق الاتصالات","__assetName":"مرافق الاتصالات","__geometryKind":"point","__featureIndex":628,"__typeValue":"بوكس"},"geometry":{"type":"Point","coordinates":[31.556217821940134,30.271780271445778]}},{"type":"Feature","properties":{"Description":null,"Telecom_Feature_Type":"بوكس","Easting":"031° 33' 16.92\" E","Northing":"30° 16' 18.38\" N","ID":"27","GlobalID":"{5DF7E284-5775-4728-BE3B-DCAA0812AB54}","sectors":"القطاع الثالث","Distance":"160m","I_D":"5-4","__networkId":"telecom","__networkName":"شبكة الاتصالات","__layerId":"telecom_assets","__layerName":"مرافق الاتصالات","__assetName":"مرافق الاتصالات","__geometryKind":"point","__featureIndex":629,"__typeValue":"بوكس"},"geometry":{"type":"Point","coordinates":[31.55637606197405,30.27193738044656]}},{"type":"Feature","properties":{"Description":null,"Telecom_Feature_Type":"بوكس","Easting":"031° 33' 17.65\" E","Northing":"30° 16' 17.97\" N","ID":"26","GlobalID":"{28387D4D-4868-4A12-850B-CFFB14ADEA4A}","sectors":"القطاع الثالث","Distance":"180m","I_D":"5-4","__networkId":"telecom","__networkName":"شبكة الاتصالات","__layerId":"telecom_assets","__layerName":"مرافق الاتصالات","__assetName":"مرافق الاتصالات","__geometryKind":"point","__featureIndex":630,"__typeValue":"بوكس"},"geometry":{"type":"Point","coordinates":[31.55657879286907,30.2718236943363]}},{"type":"Feature","properties":{"Description":null,"Telecom_Feature_Type":"بوكس","Easting":"031° 33' 17.24\" E","Northing":"30° 16' 20.75\" N","ID":"16","GlobalID":"{BF95C3F5-AE0A-4535-88C6-0B4B65AC8E88}","sectors":"القطاع الثالث","Distance":"100m","I_D":"5-4","__networkId":"telecom","__networkName":"شبكة الاتصالات","__layerId":"telecom_assets","__layerName":"مرافق الاتصالات","__assetName":"مرافق الاتصالات","__geometryKind":"point","__featureIndex":631,"__typeValue":"بوكس"},"geometry":{"type":"Point","coordinates":[31.556465859366504,30.27259667908706]}},{"type":"Feature","properties":{"Description":null,"Telecom_Feature_Type":"بوكس","Easting":"031° 33' 17.77\" E","Northing":"30° 16' 19.8\" N","ID":"15","GlobalID":"{5E4C0536-672A-41DE-BBC5-FEFA182E8769}","sectors":"القطاع الثالث","Distance":"130m","I_D":"5-4","__networkId":"telecom","__networkName":"شبكة الاتصالات","__layerId":"telecom_assets","__layerName":"مرافق الاتصالات","__assetName":"مرافق الاتصالات","__geometryKind":"point","__featureIndex":632,"__typeValue":"بوكس"},"geometry":{"type":"Point","coordinates":[31.556612551557425,30.272334066637008]}},{"type":"Feature","properties":{"Description":null,"Telecom_Feature_Type":"بوكس","Easting":"031° 33' 18.61\" E","Northing":"30° 16' 18.91\" N","ID":"14","GlobalID":"{4F8E1245-9D0D-4F98-B784-8197D506B4A0}","sectors":"القطاع الثالث","Distance":"160m","I_D":"5-4","__networkId":"telecom","__networkName":"شبكة الاتصالات","__layerId":"telecom_assets","__layerName":"مرافق الاتصالات","__assetName":"مرافق الاتصالات","__geometryKind":"point","__featureIndex":633,"__typeValue":"بوكس"},"geometry":{"type":"Point","coordinates":[31.556847811347215,30.272085767403752]}},{"type":"Feature","properties":{"Description":null,"Telecom_Feature_Type":"بوكس","Easting":"031° 33' 19.31\" E","Northing":"30° 16' 18.46\" N","ID":"13","GlobalID":"{B12E91D5-08E6-4E1A-ACF2-78C455C6BFA8}","sectors":"القطاع الثالث","Distance":"190m","I_D":"5-4","__networkId":"telecom","__networkName":"شبكة الاتصالات","__layerId":"telecom_assets","__layerName":"مرافق الاتصالات","__assetName":"مرافق الاتصالات","__geometryKind":"point","__featureIndex":634,"__typeValue":"بوكس"},"geometry":{"type":"Point","coordinates":[31.557040720961204,30.27196103219308]}},{"type":"Feature","properties":{"Description":null,"Telecom_Feature_Type":"بوكس","Easting":"031° 33' 18.65\" E","Northing":"30° 16' 21.22\" N","ID":"12","GlobalID":"{6CB7E432-D5F3-4051-8440-B511416956B2}","sectors":"القطاع الثالث","Distance":"125m","I_D":"5-4","__networkId":"telecom","__networkName":"شبكة الاتصالات","__layerId":"telecom_assets","__layerName":"مرافق الاتصالات","__assetName":"مرافق الاتصالات","__geometryKind":"point","__featureIndex":635,"__typeValue":"بوكس"},"geometry":{"type":"Point","coordinates":[31.556857567949486,30.27272856186862]}},{"type":"Feature","properties":{"Description":null,"Telecom_Feature_Type":"بوكس","Easting":"031° 33' 19.68\" E","Northing":"30° 16' 20.79\" N","ID":"11","GlobalID":"{BE0AD3D7-8A6B-425F-891F-7CAF2DFEEFFC}","sectors":"القطاع الثالث","Distance":"165m","I_D":"5-4","__networkId":"telecom","__networkName":"شبكة الاتصالات","__layerId":"telecom_assets","__layerName":"مرافق الاتصالات","__assetName":"مرافق الاتصالات","__geometryKind":"point","__featureIndex":636,"__typeValue":"بوكس"},"geometry":{"type":"Point","coordinates":[31.557142470438475,30.27260851496726]}},{"type":"Feature","properties":{"Description":null,"Telecom_Feature_Type":"بوكس","Easting":"031° 33' 20.56\" E","Northing":"30° 16' 19.93\" N","ID":"10","GlobalID":"{E5561326-35F0-4842-BA50-F031DD27BFC2}","sectors":"القطاع الثالث","Distance":"205m","I_D":"5-4","__networkId":"telecom","__networkName":"شبكة الاتصالات","__layerId":"telecom_assets","__layerName":"مرافق الاتصالات","__assetName":"مرافق الاتصالات","__geometryKind":"point","__featureIndex":637,"__typeValue":"بوكس"},"geometry":{"type":"Point","coordinates":[31.557386956824544,30.27236810574119]}},{"type":"Feature","properties":{"Description":null,"Telecom_Feature_Type":"بوكس","Easting":"031° 33' 20.34\" E","Northing":"30° 16' 19.26\" N","ID":"9","GlobalID":"{B829E33B-F11B-4D9F-BBCA-1B5DF58FDC98}","sectors":"القطاع الثالث","Distance":"215m","I_D":"5-4","__networkId":"telecom","__networkName":"شبكة الاتصالات","__layerId":"telecom_assets","__layerName":"مرافق الاتصالات","__assetName":"مرافق الاتصالات","__geometryKind":"point","__featureIndex":638,"__typeValue":"بوكس"},"geometry":{"type":"Point","coordinates":[31.55732708860242,30.272182555822496]}},{"type":"Feature","properties":{"Description":null,"Telecom_Feature_Type":"بوكس","Easting":"031° 33' 20.16\" E","Northing":"30° 16' 22.91\" N","ID":"8","GlobalID":"{BEA69858-FF64-41EE-B4BC-900BE347D048}","sectors":"القطاع الثالث","Distance":"200m","I_D":"5-4","__networkId":"telecom","__networkName":"شبكة الاتصالات","__layerId":"telecom_assets","__layerName":"مرافق الاتصالات","__assetName":"مرافق الاتصالات","__geometryKind":"point","__featureIndex":639,"__typeValue":"بوكس"},"geometry":{"type":"Point","coordinates":[31.557276402060825,30.27319591993279]}},{"type":"Feature","properties":{"Description":null,"Telecom_Feature_Type":"بوكس","Easting":"031° 33' 20.57\" E","Northing":"30° 16' 22.03\" N","ID":"7","GlobalID":"{BC2008C6-FD64-4D1B-A0CA-92250A4F10A7}","sectors":"القطاع الثالث","Distance":"230m","I_D":"5-4","__networkId":"telecom","__networkName":"شبكة الاتصالات","__layerId":"telecom_assets","__layerName":"مرافق الاتصالات","__assetName":"مرافق الاتصالات","__geometryKind":"point","__featureIndex":640,"__typeValue":"بوكس"},"geometry":{"type":"Point","coordinates":[31.557390568950275,30.272951401100254]}},{"type":"Feature","properties":{"Description":null,"Telecom_Feature_Type":"بوكس","Easting":"031° 33' 21.45\" E","Northing":"30° 16' 21.06\" N","ID":"6","GlobalID":"{3E384500-A05D-4364-93E0-6C6BB97E8942}","sectors":"القطاع الثالث","Distance":"260m","I_D":"5-4","__networkId":"telecom","__networkName":"شبكة الاتصالات","__layerId":"telecom_assets","__layerName":"مرافق الاتصالات","__assetName":"مرافق الاتصالات","__geometryKind":"point","__featureIndex":641,"__typeValue":"بوكس"},"geometry":{"type":"Point","coordinates":[31.557636183620335,30.272682856147764]}},{"type":"Feature","properties":{"Description":null,"Telecom_Feature_Type":"بوكس","Easting":"031° 33' 22.05\" E","Northing":"30° 16' 20.74\" N","ID":"5","GlobalID":"{EE5FACCA-1C37-4B6B-BE16-9FA0B36D8E16}","sectors":"القطاع الثالث","Distance":"290m","I_D":"5-4","__networkId":"telecom","__networkName":"شبكة الاتصالات","__layerId":"telecom_assets","__layerName":"مرافق الاتصالات","__assetName":"مرافق الاتصالات","__geometryKind":"point","__featureIndex":642,"__typeValue":"بوكس"},"geometry":{"type":"Point","coordinates":[31.55780230367592,30.272593911743897]}},{"type":"Feature","properties":{"Description":null,"Telecom_Feature_Type":"بوكس","Easting":"031° 33' 21.3\" E","Northing":"30° 16' 23.39\" N","ID":"4","GlobalID":"{0746F918-D938-444F-AA41-289E7FC90E1B}","sectors":"القطاع الثالث","Distance":"225m","I_D":"5-4","__networkId":"telecom","__networkName":"شبكة الاتصالات","__layerId":"telecom_assets","__layerName":"مرافق الاتصالات","__assetName":"مرافق الاتصالات","__geometryKind":"point","__featureIndex":643,"__typeValue":"بوكس"},"geometry":{"type":"Point","coordinates":[31.55759375618946,30.27333057233493]}},{"type":"Feature","properties":{"Description":null,"Telecom_Feature_Type":"بوكس","Easting":"031° 33' 22.24\" E","Northing":"30° 16' 22.93\" N","ID":"3","GlobalID":"{C024C753-44D2-4699-9A62-19D682BF6138}","sectors":"القطاع الثالث","Distance":"265m","I_D":"5-4","__networkId":"telecom","__networkName":"شبكة الاتصالات","__layerId":"telecom_assets","__layerName":"مرافق الاتصالات","__assetName":"مرافق الاتصالات","__geometryKind":"point","__featureIndex":644,"__typeValue":"بوكس"},"geometry":{"type":"Point","coordinates":[31.5578538714648,30.27320348876763]}},{"type":"Feature","properties":{"Description":null,"Telecom_Feature_Type":"بوكس","Easting":"031° 33' 23.29\" E","Northing":"30° 16' 22.09\" N","ID":"2","GlobalID":"{4787E357-CA30-4BE7-8B81-CE5D372041D5}","sectors":"القطاع الثالث","Distance":"295m","I_D":"5-4","__networkId":"telecom","__networkName":"شبكة الاتصالات","__layerId":"telecom_assets","__layerName":"مرافق الاتصالات","__assetName":"مرافق الاتصالات","__geometryKind":"point","__featureIndex":645,"__typeValue":"بوكس"},"geometry":{"type":"Point","coordinates":[31.55814521756933,30.27296983136668]}},{"type":"Feature","properties":{"Description":null,"Telecom_Feature_Type":"بوكس","Easting":"031° 33' 23.08\" E","Northing":"30° 16' 21.56\" N","ID":"1","GlobalID":"{9704A6EE-6718-49C3-8803-323BFBBDC98C}","sectors":"القطاع الثالث","Distance":"305m","I_D":"5-4","__networkId":"telecom","__networkName":"شبكة الاتصالات","__layerId":"telecom_assets","__layerName":"مرافق الاتصالات","__assetName":"مرافق الاتصالات","__geometryKind":"point","__featureIndex":646,"__typeValue":"بوكس"},"geometry":{"type":"Point","coordinates":[31.558089032439906,30.27282134721722]}},{"type":"Feature","properties":{"Description":null,"Telecom_Feature_Type":"بوكس","Easting":"031° 33' 13.94\" E","Northing":"30° 16' 19.21\" N","ID":"20","GlobalID":"{9D9856CD-D7CA-4408-B563-01FFB921C816}","sectors":"القطاع الثالث","Distance":"185m","I_D":"5-3","__networkId":"telecom","__networkName":"شبكة الاتصالات","__layerId":"telecom_assets","__layerName":"مرافق الاتصالات","__assetName":"مرافق الاتصالات","__geometryKind":"point","__featureIndex":647,"__typeValue":"بوكس"},"geometry":{"type":"Point","coordinates":[31.55554959214972,30.2721683055345]}},{"type":"Feature","properties":{"Description":null,"Telecom_Feature_Type":"بوكس","Easting":"031° 33' 12.86\" E","Northing":"30° 16' 19.1\" N","ID":"19","GlobalID":"{116CA10E-109B-4B02-AA36-056FAA4FE73D}","sectors":"القطاع الثالث","Distance":"225m","I_D":"5-3","__networkId":"telecom","__networkName":"شبكة الاتصالات","__layerId":"telecom_assets","__layerName":"مرافق الاتصالات","__assetName":"مرافق الاتصالات","__geometryKind":"point","__featureIndex":648,"__typeValue":"بوكس"},"geometry":{"type":"Point","coordinates":[31.555248511900775,30.27213810978189]}},{"type":"Feature","properties":{"Description":null,"Telecom_Feature_Type":"بوكس","Easting":"031° 33' 11.45\" E","Northing":"30° 16' 19.3\" N","ID":"18","GlobalID":"{415713D5-8660-4426-8B80-156B3640FA70}","sectors":"القطاع الثالث","Distance":"255m","I_D":"5-3","__networkId":"telecom","__networkName":"شبكة الاتصالات","__layerId":"telecom_assets","__layerName":"مرافق الاتصالات","__assetName":"مرافق الاتصالات","__geometryKind":"point","__featureIndex":649,"__typeValue":"بوكس"},"geometry":{"type":"Point","coordinates":[31.554857665700442,30.272194092285588]}},{"type":"Feature","properties":{"Description":null,"Telecom_Feature_Type":"بوكس","Easting":"031° 33' 11.62\" E","Northing":"30° 16' 21.02\" N","ID":"21","GlobalID":"{B954919C-0A72-4A9F-91F2-19DD4F8B48E9}","sectors":"القطاع الثالث","Distance":"250m","I_D":"5-3","__networkId":"telecom","__networkName":"شبكة الاتصالات","__layerId":"telecom_assets","__layerName":"مرافق الاتصالات","__assetName":"مرافق الاتصالات","__geometryKind":"point","__featureIndex":650,"__typeValue":"بوكس"},"geometry":{"type":"Point","coordinates":[31.554906099267313,30.272672336063042]}},{"type":"Feature","properties":{"Description":null,"Telecom_Feature_Type":"بوكس","Easting":"031° 33' 13.67\" E","Northing":"30° 16' 20.66\" N","ID":"23","GlobalID":"{21AE87A3-9944-4F3A-8C08-45B0DF1C41B3}","sectors":"القطاع الثالث","Distance":"190m","I_D":"5-3","__networkId":"telecom","__networkName":"شبكة الاتصالات","__layerId":"telecom_assets","__layerName":"مرافق الاتصالات","__assetName":"مرافق الاتصالات","__geometryKind":"point","__featureIndex":651,"__typeValue":"بوكس"},"geometry":{"type":"Point","coordinates":[31.55547555929223,30.272572063927374]}},{"type":"Feature","properties":{"Description":null,"Telecom_Feature_Type":"بوكس","Easting":"031° 33' 14.58\" E","Northing":"30° 16' 20.13\" N","ID":"24","GlobalID":"{D4085453-8629-4DED-9E95-3F99D1FBB9EF}","sectors":"القطاع الثالث","Distance":"160m","I_D":"5-3","__networkId":"telecom","__networkName":"شبكة الاتصالات","__layerId":"telecom_assets","__layerName":"مرافق الاتصالات","__assetName":"مرافق الاتصالات","__geometryKind":"point","__featureIndex":652,"__typeValue":"بوكس"},"geometry":{"type":"Point","coordinates":[31.555725843405103,30.27242358227947]}},{"type":"Feature","properties":{"Description":null,"Telecom_Feature_Type":"بوكس","Easting":"031° 33' 13.87\" E","Northing":"30° 16' 23.93\" N","ID":"25","GlobalID":"{A8C9C97D-50C6-4423-AEB9-8DC7578700BF}","sectors":"القطاع الثالث","Distance":"175m","I_D":"5-3","__networkId":"telecom","__networkName":"شبكة الاتصالات","__layerId":"telecom_assets","__layerName":"مرافق الاتصالات","__assetName":"مرافق الاتصالات","__geometryKind":"point","__featureIndex":653,"__typeValue":"بوكس"},"geometry":{"type":"Point","coordinates":[31.555529973842248,30.273479948672705]}},{"type":"Feature","properties":{"Description":null,"Telecom_Feature_Type":"بوكس","Easting":"031° 33' 14.9\" E","Northing":"30° 16' 24.74\" N","ID":"29","GlobalID":"{45AD44E8-73B5-4C91-8B32-F1BCB521C2E7}","sectors":"القطاع الثالث","Distance":"150m","I_D":"5-3","__networkId":"telecom","__networkName":"شبكة الاتصالات","__layerId":"telecom_assets","__layerName":"مرافق الاتصالات","__assetName":"مرافق الاتصالات","__geometryKind":"point","__featureIndex":654,"__typeValue":"بوكس"},"geometry":{"type":"Point","coordinates":[31.55581482692389,30.27370613769483]}},{"type":"Feature","properties":{"Description":null,"Telecom_Feature_Type":"بوكس","Easting":"031° 33' 15.49\" E","Northing":"30° 16' 24.42\" N","ID":"30","GlobalID":"{56572B5C-2B39-49F5-9FA3-57340B44C715}","sectors":"القطاع الثالث","Distance":"120m","I_D":"5-3","__networkId":"telecom","__networkName":"شبكة الاتصالات","__layerId":"telecom_assets","__layerName":"مرافق الاتصالات","__assetName":"مرافق الاتصالات","__geometryKind":"point","__featureIndex":655,"__typeValue":"بوكس"},"geometry":{"type":"Point","coordinates":[31.555981128439182,30.273617765214336]}},{"type":"Feature","properties":{"Description":null,"Telecom_Feature_Type":"بوكس","Easting":"031° 33' 16.8\" E","Northing":"30° 16' 22.59\" N","ID":"32","GlobalID":"{2ABF23D6-9F45-461D-9025-FFB7BF330412}","sectors":"القطاع الثالث","Distance":"60m","I_D":"5-3","__networkId":"telecom","__networkName":"شبكة الاتصالات","__layerId":"telecom_assets","__layerName":"مرافق الاتصالات","__assetName":"مرافق الاتصالات","__geometryKind":"point","__featureIndex":656,"__typeValue":"بوكس"},"geometry":{"type":"Point","coordinates":[31.556342529661126,30.273106841002154]}},{"type":"Feature","properties":{"Description":null,"Telecom_Feature_Type":"بوكس","Easting":"031° 33' 16.79\" E","Northing":"30° 16' 26.24\" N","ID":"13","GlobalID":"{A25DAEDA-7D32-402F-BFB4-4903CB8619F2}","sectors":"القطاع الثالث","Distance":"160m","I_D":"5-3","__networkId":"telecom","__networkName":"شبكة الاتصالات","__layerId":"telecom_assets","__layerName":"مرافق الاتصالات","__assetName":"مرافق الاتصالات","__geometryKind":"point","__featureIndex":657,"__typeValue":"بوكس"},"geometry":{"type":"Point","coordinates":[31.556339724222497,30.27412268978657]}},{"type":"Feature","properties":{"Description":null,"Telecom_Feature_Type":"بوكس","Easting":"031° 33' 18.6\" E","Northing":"30° 16' 24.41\" N","ID":"16","GlobalID":"{2D895502-9038-4230-911D-B7D0444E5058}","sectors":"القطاع الثالث","Distance":"80m","I_D":"5-3","__networkId":"telecom","__networkName":"شبكة الاتصالات","__layerId":"telecom_assets","__layerName":"مرافق الاتصالات","__assetName":"مرافق الاتصالات","__geometryKind":"point","__featureIndex":658,"__typeValue":"بوكس"},"geometry":{"type":"Point","coordinates":[31.556844393257556,30.273614994020907]}},{"type":"Feature","properties":{"Description":null,"Telecom_Feature_Type":"بوكس","Easting":"031° 33' 17.62\" E","Northing":"30° 16' 24.84\" N","ID":"15","GlobalID":"{FE636792-2010-4CC4-A69D-07C3984093A1}","sectors":"القطاع الثالث","Distance":"100m","I_D":"5-3","__networkId":"telecom","__networkName":"شبكة الاتصالات","__layerId":"telecom_assets","__layerName":"مرافق الاتصالات","__assetName":"مرافق الاتصالات","__geometryKind":"point","__featureIndex":659,"__typeValue":"بوكس"},"geometry":{"type":"Point","coordinates":[31.55657224504896,30.273733389545338]}},{"type":"Feature","properties":{"Description":null,"Telecom_Feature_Type":"بوكس","Easting":"031° 33' 16.59\" E","Northing":"30° 16' 25.69\" N","ID":"14","GlobalID":"{7282E5B2-C16F-428E-BCD4-4D77B0596072}","sectors":"القطاع الثالث","Distance":"140m","I_D":"5-3","__networkId":"telecom","__networkName":"شبكة الاتصالات","__layerId":"telecom_assets","__layerName":"مرافق الاتصالات","__assetName":"مرافق الاتصالات","__geometryKind":"point","__featureIndex":660,"__typeValue":"بوكس"},"geometry":{"type":"Point","coordinates":[31.556284919803637,30.273970177062598]}},{"type":"Feature","properties":{"Description":null,"Telecom_Feature_Type":"بوكس","Easting":"031° 33' 17.82\" E","Northing":"30° 16' 27.05\" N","ID":"9","GlobalID":"{80944003-74F7-4142-8493-A6398DC6890A}","sectors":"القطاع الثالث","Distance":"185m","I_D":"5-3","__networkId":"telecom","__networkName":"شبكة الاتصالات","__layerId":"telecom_assets","__layerName":"مرافق الاتصالات","__assetName":"مرافق الاتصالات","__geometryKind":"point","__featureIndex":661,"__typeValue":"بوكس"},"geometry":{"type":"Point","coordinates":[31.55662777620487,30.2743471519389]}},{"type":"Feature","properties":{"Description":null,"Telecom_Feature_Type":"بوكس","Easting":"031° 33' 18.43\" E","Northing":"30° 16' 26.74\" N","ID":"10","GlobalID":"{9E4372B7-5520-48AE-A032-EE517E8608A3}","sectors":"القطاع الثالث","Distance":"165m","I_D":"5-3","__networkId":"telecom","__networkName":"شبكة الاتصالات","__layerId":"telecom_assets","__layerName":"مرافق الاتصالات","__assetName":"مرافق الاتصالات","__geometryKind":"point","__featureIndex":662,"__typeValue":"بوكس"},"geometry":{"type":"Point","coordinates":[31.556797696134137,30.274261655944517]}},{"type":"Feature","properties":{"Description":null,"Telecom_Feature_Type":"بوكس","Easting":"031° 33' 13.68\" E","Northing":"30° 16' 23.41\" N","ID":"26","GlobalID":"{FB6D39C2-7224-412D-A2EB-5847525417B6}","sectors":"القطاع الثالث","Distance":"170m","I_D":"5-3","__networkId":"telecom","__networkName":"شبكة الاتصالات","__layerId":"telecom_assets","__layerName":"مرافق الاتصالات","__assetName":"مرافق الاتصالات","__geometryKind":"point","__featureIndex":663,"__typeValue":"بوكس"},"geometry":{"type":"Point","coordinates":[31.555478006303055,30.273334508030675]}},{"type":"Feature","properties":{"Description":null,"Telecom_Feature_Type":"بوكس","Easting":"031° 33' 14.7\" E","Northing":"30° 16' 22.55\" N","ID":"27","GlobalID":"{557D66D1-7030-4033-9C9C-ADCAFAE612C6}","sectors":"القطاع الثالث","Distance":"135m","I_D":"5-3","__networkId":"telecom","__networkName":"شبكة الاتصالات","__layerId":"telecom_assets","__layerName":"مرافق الاتصالات","__assetName":"مرافق الاتصالات","__geometryKind":"point","__featureIndex":664,"__typeValue":"بوكس"},"geometry":{"type":"Point","coordinates":[31.555761187619968,30.273096040118133]}},{"type":"Feature","properties":{"Description":null,"Telecom_Feature_Type":"بوكس","Easting":"031° 33' 20.75\" E","Northing":"30° 16' 29.36\" N","ID":"1","GlobalID":"{F9225D30-E483-4E24-8F62-81B7EADF25DF}","sectors":"القطاع الثالث","Distance":"285m","I_D":"5-3","__networkId":"telecom","__networkName":"شبكة الاتصالات","__layerId":"telecom_assets","__layerName":"مرافق الاتصالات","__assetName":"مرافق الاتصالات","__geometryKind":"point","__featureIndex":665,"__typeValue":"بوكس"},"geometry":{"type":"Point","coordinates":[31.55743959720186,30.274987454467716]}},{"type":"Feature","properties":{"Description":null,"Telecom_Feature_Type":"بوكس","Easting":"031° 33' 21.35\" E","Northing":"30° 16' 29.05\" N","ID":"2","GlobalID":"{4D2B234F-776D-4DD6-9C1F-00A847747D28}","sectors":"القطاع الثالث","Distance":"265m","I_D":"5-3","__networkId":"telecom","__networkName":"شبكة الاتصالات","__layerId":"telecom_assets","__layerName":"مرافق الاتصالات","__assetName":"مرافق الاتصالات","__geometryKind":"point","__featureIndex":666,"__typeValue":"بوكس"},"geometry":{"type":"Point","coordinates":[31.55760766660164,30.274901370199004]}},{"type":"Feature","properties":{"Description":null,"Telecom_Feature_Type":"بوكس","Easting":"031° 33' 22.23\" E","Northing":"30° 16' 28.07\" N","ID":"3","GlobalID":"{EC27735F-B364-4700-B5D3-D310614F3BEC}","sectors":"القطاع الثالث","Distance":"225m","I_D":"5-3","__networkId":"telecom","__networkName":"شبكة الاتصالات","__layerId":"telecom_assets","__layerName":"مرافق الاتصالات","__assetName":"مرافق الاتصالات","__geometryKind":"point","__featureIndex":667,"__typeValue":"بوكس"},"geometry":{"type":"Point","coordinates":[31.55785276294375,30.274629189742665]}},{"type":"Feature","properties":{"Description":null,"Telecom_Feature_Type":"بوكس","Easting":"031° 33' 22.64\" E","Northing":"30° 16' 27.19\" N","ID":"4","GlobalID":"{5BCAC18C-846E-485D-95E3-D48ECED7FAFD}","sectors":"القطاع الثالث","Distance":"195m","I_D":"5-3","__networkId":"telecom","__networkName":"شبكة الاتصالات","__layerId":"telecom_assets","__layerName":"مرافق الاتصالات","__assetName":"مرافق الاتصالات","__geometryKind":"point","__featureIndex":668,"__typeValue":"بوكس"},"geometry":{"type":"Point","coordinates":[31.55796554103778,30.274384572074545]}},{"type":"Feature","properties":{"Description":null,"Telecom_Feature_Type":"بوكس","Easting":"031° 33' 19.71\" E","Northing":"30° 16' 28.54\" N","ID":"5","GlobalID":"{805FB174-0171-4628-B434-8ACC9B7B8FCF}","sectors":"القطاع الثالث","Distance":"270m","I_D":"5-3","__networkId":"telecom","__networkName":"شبكة الاتصالات","__layerId":"telecom_assets","__layerName":"مرافق الاتصالات","__assetName":"مرافق الاتصالات","__geometryKind":"point","__featureIndex":669,"__typeValue":"بوكس"},"geometry":{"type":"Point","coordinates":[31.557152987015524,30.274760228049193]}},{"type":"Feature","properties":{"Description":null,"Telecom_Feature_Type":"بوكس","Easting":"031° 33' 21.54\" E","Northing":"30° 16' 26.72\" N","ID":"8","GlobalID":"{01EBED40-F1D7-4C6E-9436-C208A56D1CC6}","sectors":"القطاع الثالث","Distance":"190m","I_D":"5-3","__networkId":"telecom","__networkName":"شبكة الاتصالات","__layerId":"telecom_assets","__layerName":"مرافق الاتصالات","__assetName":"مرافق الاتصالات","__geometryKind":"point","__featureIndex":670,"__typeValue":"بوكس"},"geometry":{"type":"Point","coordinates":[31.55765898645549,30.274256356420835]}},{"type":"Feature","properties":{"Description":null,"Telecom_Feature_Type":"بوكس","Easting":"031° 33' 23.4\" E","Northing":"30° 16' 13.45\" N","ID":"22","GlobalID":"{80FA2BF9-87F1-4B81-B1D5-41F52124CA3B}","sectors":"القطاع الثالث","Distance":"80m","I_D":"9-3","__networkId":"telecom","__networkName":"شبكة الاتصالات","__layerId":"telecom_assets","__layerName":"مرافق الاتصالات","__assetName":"مرافق الاتصالات","__geometryKind":"point","__featureIndex":671,"__typeValue":"بوكس"},"geometry":{"type":"Point","coordinates":[31.558177749159015,30.270569683644215]}},{"type":"Feature","properties":{"Description":null,"Telecom_Feature_Type":"بوكس","Easting":"031° 33' 24.59\" E","Northing":"30° 16' 13.55\" N","ID":"23","GlobalID":"{C962DED9-677A-4CD5-BCB1-CC4D064C60D6}","sectors":"القطاع الثالث","Distance":"40m","I_D":"9-3","__networkId":"telecom","__networkName":"شبكة الاتصالات","__layerId":"telecom_assets","__layerName":"مرافق الاتصالات","__assetName":"مرافق الاتصالات","__geometryKind":"point","__featureIndex":672,"__typeValue":"بوكس"},"geometry":{"type":"Point","coordinates":[31.55850694487975,30.27059611398158]}},{"type":"Feature","properties":{"Description":null,"Telecom_Feature_Type":"بوكس","Easting":"031° 33' 24.12\" E","Northing":"30° 16' 19.12\" N","ID":"18","GlobalID":"{DC9AED19-85C1-4303-A1F0-7041D31AAA13}","sectors":"القطاع الثالث","Distance":"230m","I_D":"9-3","__networkId":"telecom","__networkName":"شبكة الاتصالات","__layerId":"telecom_assets","__layerName":"مرافق الاتصالات","__assetName":"مرافق الاتصالات","__geometryKind":"point","__featureIndex":673,"__typeValue":"بوكس"},"geometry":{"type":"Point","coordinates":[31.558377397934294,30.27214388810192]}},{"type":"Feature","properties":{"Description":null,"Telecom_Feature_Type":"بوكس","Easting":"031° 33' 25.62\" E","Northing":"30° 16' 20.34\" N","ID":"15","GlobalID":"{12FA21F0-98A1-4C2B-A1FE-C3D625088388}","sectors":"القطاع الثالث","Distance":"220m","I_D":"9-3","__networkId":"telecom","__networkName":"شبكة الاتصالات","__layerId":"telecom_assets","__layerName":"مرافق الاتصالات","__assetName":"مرافق الاتصالات","__geometryKind":"point","__featureIndex":674,"__typeValue":"بوكس"},"geometry":{"type":"Point","coordinates":[31.55879304392467,30.272481899835636]}},{"type":"Feature","properties":{"Description":null,"Telecom_Feature_Type":"بوكس","Easting":"031° 33' 26.1\" E","Northing":"30° 16' 19.37\" N","ID":"17","GlobalID":"{1C37E3F4-61A6-45DA-91A6-BD4DCB2C2D90}","sectors":"القطاع الثالث","Distance":"185m","I_D":"9-3","__networkId":"telecom","__networkName":"شبكة الاتصالات","__layerId":"telecom_assets","__layerName":"مرافق الاتصالات","__assetName":"مرافق الاتصالات","__geometryKind":"point","__featureIndex":675,"__typeValue":"بوكس"},"geometry":{"type":"Point","coordinates":[31.558925805042207,30.272212376839846]}},{"type":"Feature","properties":{"Description":null,"Telecom_Feature_Type":"بوكس","Easting":"031° 33' 38.93\" E","Northing":"30° 16' 13.56\" N","ID":"19A","GlobalID":"{201AD563-473D-46FB-A8A7-FCFC3098252C}","sectors":"القطاع الاول","Distance":"5m","I_D":"10-1","__networkId":"telecom","__networkName":"شبكة الاتصالات","__layerId":"telecom_assets","__layerName":"مرافق الاتصالات","__assetName":"مرافق الاتصالات","__geometryKind":"point","__featureIndex":676,"__typeValue":"بوكس"},"geometry":{"type":"Point","coordinates":[31.562491001012567,30.270598901552795]}},{"type":"Feature","properties":{"Description":null,"Telecom_Feature_Type":"بوكس","Easting":"031° 33' 40.19\" E","Northing":"30° 16' 13.76\" N","ID":"18","GlobalID":"{68F5D88E-C0E6-4BC9-86B0-69EDC356FEF2}","sectors":"القطاع الاول","Distance":"190m","I_D":"10-1","__networkId":"telecom","__networkName":"شبكة الاتصالات","__layerId":"telecom_assets","__layerName":"مرافق الاتصالات","__assetName":"مرافق الاتصالات","__geometryKind":"point","__featureIndex":677,"__typeValue":"بوكس"},"geometry":{"type":"Point","coordinates":[31.56283965424233,30.270654559084292]}},{"type":"Feature","properties":{"Description":null,"Telecom_Feature_Type":"بوكس","Easting":"031° 33' 37.15\" E","Northing":"30° 16' 14.92\" N","ID":"22","GlobalID":"{8DDCB5C8-EA8C-4409-8E62-4ADCAA5C2040}","sectors":"القطاع الاول","Distance":"100m","I_D":"10-1","__networkId":"telecom","__networkName":"شبكة الاتصالات","__layerId":"telecom_assets","__layerName":"مرافق الاتصالات","__assetName":"مرافق الاتصالات","__geometryKind":"point","__featureIndex":678,"__typeValue":"بوكس"},"geometry":{"type":"Point","coordinates":[31.561997816938458,30.27097839143126]}},{"type":"Feature","properties":{"Description":null,"Telecom_Feature_Type":"بوكس","Easting":"031° 33' 36.43\" E","Northing":"30° 16' 13.92\" N","ID":"23","GlobalID":"{AB71F082-6857-402D-9223-8083DEB6F1B3}","sectors":"القطاع الاول","Distance":"60m","I_D":"10-1","__networkId":"telecom","__networkName":"شبكة الاتصالات","__layerId":"telecom_assets","__layerName":"مرافق الاتصالات","__assetName":"مرافق الاتصالات","__geometryKind":"point","__featureIndex":679,"__typeValue":"بوكس"},"geometry":{"type":"Point","coordinates":[31.561797252779904,30.270699645858908]}},{"type":"Feature","properties":{"Description":null,"Telecom_Feature_Type":"بوكس","Easting":"031° 33' 34.45\" E","Northing":"30° 16' 15.6\" N","ID":"12","GlobalID":"{0267A491-E021-4F43-BDDA-EE8934C9F191}","sectors":"القطاع الاول","Distance":"60m","I_D":"10-1","__networkId":"telecom","__networkName":"شبكة الاتصالات","__layerId":"telecom_assets","__layerName":"مرافق الاتصالات","__assetName":"مرافق الاتصالات","__geometryKind":"point","__featureIndex":680,"__typeValue":"بوكس"},"geometry":{"type":"Point","coordinates":[31.561246097725537,30.271165010391606]}},{"type":"Feature","properties":{"Description":null,"Telecom_Feature_Type":"بوكس","Easting":"031° 33' 35.68\" E","Northing":"30° 16' 16.19\" N","ID":"11","GlobalID":"{B2F4D315-F84B-431D-BD2C-14DB461D0899}","sectors":"القطاع الاول","Distance":"100m","I_D":"10-1","__networkId":"telecom","__networkName":"شبكة الاتصالات","__layerId":"telecom_assets","__layerName":"مرافق الاتصالات","__assetName":"مرافق الاتصالات","__geometryKind":"point","__featureIndex":681,"__typeValue":"بوكس"},"geometry":{"type":"Point","coordinates":[31.561588856210417,30.27133161418602]}},{"type":"Feature","properties":{"Description":null,"Telecom_Feature_Type":"بوكس","Easting":"031° 33' 35.65\" E","Northing":"30° 16' 17.92\" N","ID":"7","GlobalID":"{2B9CA9C8-A31A-4457-AB0D-2F365370A8E9}","sectors":"القطاع الاول","Distance":"175m","I_D":"10-1","__networkId":"telecom","__networkName":"شبكة الاتصالات","__layerId":"telecom_assets","__layerName":"مرافق الاتصالات","__assetName":"مرافق الاتصالات","__geometryKind":"point","__featureIndex":682,"__typeValue":"بوكس"},"geometry":{"type":"Point","coordinates":[31.56157882202867,30.271811181842672]}},{"type":"Feature","properties":{"Description":null,"Telecom_Feature_Type":"بوكس","Easting":"031° 33' 34.57\" E","Northing":"30° 16' 17.85\" N","ID":"8","GlobalID":"{A97B36CF-20A7-461F-A07F-3C97C0FC7599}","sectors":"القطاع الاول","Distance":"160m","I_D":"10-1","__networkId":"telecom","__networkName":"شبكة الاتصالات","__layerId":"telecom_assets","__layerName":"مرافق الاتصالات","__assetName":"مرافق الاتصالات","__geometryKind":"point","__featureIndex":683,"__typeValue":"بوكس"},"geometry":{"type":"Point","coordinates":[31.561280726881417,30.271792430167366]}},{"type":"Feature","properties":{"Description":null,"Telecom_Feature_Type":"بوكس","Easting":"031° 33' 33.85\" E","Northing":"30° 16' 16.88\" N","ID":"9","GlobalID":"{18FBC061-5467-4CAA-8BE5-6E87EF3A7887}","sectors":"القطاع الاول","Distance":"110m","I_D":"10-1","__networkId":"telecom","__networkName":"شبكة الاتصالات","__layerId":"telecom_assets","__layerName":"مرافق الاتصالات","__assetName":"مرافق الاتصالات","__geometryKind":"point","__featureIndex":684,"__typeValue":"بوكس"},"geometry":{"type":"Point","coordinates":[31.56107907037149,30.27152256624228]}},{"type":"Feature","properties":{"Description":null,"Telecom_Feature_Type":"بوكس","Easting":"031° 33' 31.61\" E","Northing":"30° 16' 18.31\" N","ID":"6","GlobalID":"{C3219025-DF5A-4768-9174-66C26B0CDB86}","sectors":"القطاع الاول","Distance":"180m","I_D":"10-1","__networkId":"telecom","__networkName":"شبكة الاتصالات","__layerId":"telecom_assets","__layerName":"مرافق الاتصالات","__assetName":"مرافق الاتصالات","__geometryKind":"point","__featureIndex":685,"__typeValue":"بوكس"},"geometry":{"type":"Point","coordinates":[31.560456564829067,30.271919700983375]}},{"type":"Feature","properties":{"Description":null,"Telecom_Feature_Type":"بوكس","Easting":"031° 33' 32.84\" E","Northing":"30° 16' 18.91\" N","ID":"5","GlobalID":"{34FE28AF-E98A-40CD-836D-C6A07BCB9098}","sectors":"القطاع الاول","Distance":"220m","I_D":"10-1","__networkId":"telecom","__networkName":"شبكة الاتصالات","__layerId":"telecom_assets","__layerName":"مرافق الاتصالات","__assetName":"مرافق الاتصالات","__geometryKind":"point","__featureIndex":686,"__typeValue":"بوكس"},"geometry":{"type":"Point","coordinates":[31.5607993269072,30.2720863081518]}},{"type":"Feature","properties":{"Description":null,"Telecom_Feature_Type":"بوكس","Easting":"031° 33' 32.8\" E","Northing":"30° 16' 20.64\" N","ID":"1","GlobalID":"{3938C129-1ACF-4FBA-919D-835E153D9169}","sectors":"القطاع الاول","Distance":"285m","I_D":"10-1","__networkId":"telecom","__networkName":"شبكة الاتصالات","__layerId":"telecom_assets","__layerName":"مرافق الاتصالات","__assetName":"مرافق الاتصالات","__geometryKind":"point","__featureIndex":687,"__typeValue":"بوكس"},"geometry":{"type":"Point","coordinates":[31.560789289132202,30.27256587600047]}},{"type":"Feature","properties":{"Description":null,"Telecom_Feature_Type":"بوكس","Easting":"031° 33' 31.73\" E","Northing":"30° 16' 20.57\" N","ID":"2","GlobalID":"{B66B1DDB-0E97-4A56-86E4-6874A9DE317D}","sectors":"القطاع الاول","Distance":"260m","I_D":"10-1","__networkId":"telecom","__networkName":"شبكة الاتصالات","__layerId":"telecom_assets","__layerName":"مرافق الاتصالات","__assetName":"مرافق الاتصالات","__geometryKind":"point","__featureIndex":688,"__typeValue":"بوكس"},"geometry":{"type":"Point","coordinates":[31.56049119129002,30.272547122917732]}},{"type":"Feature","properties":{"Description":null,"Telecom_Feature_Type":"بوكس","Easting":"031° 33' 31.01\" E","Northing":"30° 16' 19.6\" N","ID":"3","GlobalID":"{279C2A62-F809-4DB4-910E-D4F41EA58FCD}","sectors":"القطاع الاول","Distance":"220m","I_D":"10-1","__networkId":"telecom","__networkName":"شبكة الاتصالات","__layerId":"telecom_assets","__layerName":"مرافق الاتصالات","__assetName":"مرافق الاتصالات","__geometryKind":"point","__featureIndex":689,"__typeValue":"بوكس"},"geometry":{"type":"Point","coordinates":[31.56028953567839,30.272277256412522]}},{"type":"Feature","properties":{"Description":null,"Telecom_Feature_Type":"بوكس","Easting":"031° 33' 34.17\" E","Northing":"30° 16' 22.26\" N","ID":"1","GlobalID":"{4C57DC20-B9C1-4A85-98E5-FFD28D2A97BE}","sectors":"القطاع الاول","Distance":"295m","I_D":"7-1","__networkId":"telecom","__networkName":"شبكة الاتصالات","__layerId":"telecom_assets","__layerName":"مرافق الاتصالات","__assetName":"مرافق الاتصالات","__geometryKind":"point","__featureIndex":690,"__typeValue":"بوكس"},"geometry":{"type":"Point","coordinates":[31.561168282960704,30.273015093187855]}},{"type":"Feature","properties":{"Description":null,"Telecom_Feature_Type":"بوكس","Easting":"031° 33' 36.08\" E","Northing":"30° 16' 23.64\" N","ID":"3","GlobalID":"{3C0AA98C-C1C6-45BC-97A0-49E906E05E63}","sectors":"القطاع الاول","Distance":"240m","I_D":"7-1","__networkId":"telecom","__networkName":"شبكة الاتصالات","__layerId":"telecom_assets","__layerName":"مرافق الاتصالات","__assetName":"مرافق الاتصالات","__geometryKind":"point","__featureIndex":691,"__typeValue":"بوكس"},"geometry":{"type":"Point","coordinates":[31.56169972538446,30.273398604067566]}},{"type":"Feature","properties":{"Description":null,"Telecom_Feature_Type":"بوكس","Easting":"031° 33' 37.03\" E","Northing":"30° 16' 24.38\" N","ID":"4","GlobalID":"{0E426883-5071-47A5-AE24-E7724C3990AD}","sectors":"القطاع الاول","Distance":"200m","I_D":"7-1","__networkId":"telecom","__networkName":"شبكة الاتصالات","__layerId":"telecom_assets","__layerName":"مرافق الاتصالات","__assetName":"مرافق الاتصالات","__geometryKind":"point","__featureIndex":692,"__typeValue":"بوكس"},"geometry":{"type":"Point","coordinates":[31.561963545312025,30.273605951954366]}},{"type":"Feature","properties":{"Description":null,"Telecom_Feature_Type":"بوكس","Easting":"031° 33' 35.03\" E","Northing":"30° 16' 21.41\" N","ID":"5","GlobalID":"{EA90FD59-825F-4FAD-8718-E98B64EB6909}","sectors":"القطاع الاول","Distance":"275m","I_D":"7-1","__networkId":"telecom","__networkName":"شبكة الاتصالات","__layerId":"telecom_assets","__layerName":"مرافق الاتصالات","__assetName":"مرافق الاتصالات","__geometryKind":"point","__featureIndex":693,"__typeValue":"بوكس"},"geometry":{"type":"Point","coordinates":[31.561408909285944,30.272779155989042]}},{"type":"Feature","properties":{"Description":null,"Telecom_Feature_Type":"بوكس","Easting":"031° 33' 35.98\" E","Northing":"30° 16' 21.37\" N","ID":"6","GlobalID":"{863A8B35-8208-497E-A9F7-25C842B62C43}","sectors":"القطاع الاول","Distance":"260m","I_D":"7-1","__networkId":"telecom","__networkName":"شبكة الاتصالات","__layerId":"telecom_assets","__layerName":"مرافق الاتصالات","__assetName":"مرافق الاتصالات","__geometryKind":"point","__featureIndex":694,"__typeValue":"بوكس"},"geometry":{"type":"Point","coordinates":[31.56167283521474,30.272770068072344]}},{"type":"Feature","properties":{"Description":null,"Telecom_Feature_Type":"بوكس","Easting":"031° 33' 36.74\" E","Northing":"30° 16' 22.36\" N","ID":"7","GlobalID":"{63EB7A4B-EC42-4CF2-A665-57E7F5F42778}","sectors":"القطاع الاول","Distance":"230m","I_D":"7-1","__networkId":"telecom","__networkName":"شبكة الاتصالات","__layerId":"telecom_assets","__layerName":"مرافق الاتصالات","__assetName":"مرافق الاتصالات","__geometryKind":"point","__featureIndex":695,"__typeValue":"بوكس"},"geometry":{"type":"Point","coordinates":[31.561881408752352,30.273044197099566]}},{"type":"Feature","properties":{"Description":null,"Telecom_Feature_Type":"بوكس","Easting":"031° 33' 37.7\" E","Northing":"30° 16' 23.12\" N","ID":"8","GlobalID":"{C0626452-8988-4FC2-95D1-841EEA261636}","sectors":"القطاع الاول","Distance":"190m","I_D":"7-1","__networkId":"telecom","__networkName":"شبكة الاتصالات","__layerId":"telecom_assets","__layerName":"مرافق الاتصالات","__assetName":"مرافق الاتصالات","__geometryKind":"point","__featureIndex":696,"__typeValue":"بوكس"},"geometry":{"type":"Point","coordinates":[31.562150002327364,30.27325449615153]}},{"type":"Feature","properties":{"Description":null,"Telecom_Feature_Type":"بوكس","Easting":"031° 33' 36.98\" E","Northing":"30° 16' 19.68\" N","ID":"9A","GlobalID":"{BD50D9D9-2CF0-4C7B-A679-E544D0089325}","sectors":"القطاع الاول","Distance":"200m","I_D":"7-1","__networkId":"telecom","__networkName":"شبكة الاتصالات","__layerId":"telecom_assets","__layerName":"مرافق الاتصالات","__assetName":"مرافق الاتصالات","__geometryKind":"point","__featureIndex":697,"__typeValue":"بوكس"},"geometry":{"type":"Point","coordinates":[31.561948870433547,30.272298596132213]}},{"type":"Feature","properties":{"Description":null,"Telecom_Feature_Type":"بوكس","Easting":"031° 33' 37.79\" E","Northing":"30° 16' 20.31\" N","ID":"10","GlobalID":"{DAB2CE10-A09C-4791-B3FA-176397E1BC8D}","sectors":"القطاع الاول","Distance":"160m","I_D":"7-1","__networkId":"telecom","__networkName":"شبكة الاتصالات","__layerId":"telecom_assets","__layerName":"مرافق الاتصالات","__assetName":"مرافق الاتصالات","__geometryKind":"point","__featureIndex":698,"__typeValue":"بوكس"},"geometry":{"type":"Point","coordinates":[31.562173521119806,30.272474635842006]}},{"type":"Feature","properties":{"Description":null,"Telecom_Feature_Type":"بوكس","Easting":"031° 33' 39.0\" E","Northing":"30° 16' 20.86\" N","ID":"11","GlobalID":"{0F19F2E1-C8C1-4E1F-A7E2-8733AD301585}","sectors":"القطاع الاول","Distance":"120m","I_D":"7-1","__networkId":"telecom","__networkName":"شبكة الاتصالات","__layerId":"telecom_assets","__layerName":"مرافق الاتصالات","__assetName":"مرافق الاتصالات","__geometryKind":"point","__featureIndex":699,"__typeValue":"بوكس"},"geometry":{"type":"Point","coordinates":[31.562509539545097,30.27262662410947]}},{"type":"Feature","properties":{"Description":null,"Telecom_Feature_Type":"بوكس","Easting":"031° 33' 39.98\" E","Northing":"30° 16' 21.63\" N","ID":"12","GlobalID":"{3F329FF4-ABC4-419E-8AB0-1F4F4D4FE513}","sectors":"القطاع الاول","Distance":"80m","I_D":"7-1","__networkId":"telecom","__networkName":"شبكة الاتصالات","__layerId":"telecom_assets","__layerName":"مرافق الاتصالات","__assetName":"مرافق الاتصالات","__geometryKind":"point","__featureIndex":700,"__typeValue":"بوكس"},"geometry":{"type":"Point","coordinates":[31.562781996774127,30.272840850461787]}},{"type":"Feature","properties":{"Description":null,"Telecom_Feature_Type":"بوكس","Easting":"031° 33' 37.97\" E","Northing":"30° 16' 18.63\" N","ID":"13","GlobalID":"{11B6BB75-8034-4462-969F-B016937218D7}","sectors":"القطاع الاول","Distance":"175m","I_D":"7-1","__networkId":"telecom","__networkName":"شبكة الاتصالات","__layerId":"telecom_assets","__layerName":"مرافق الاتصالات","__assetName":"مرافق الاتصالات","__geometryKind":"point","__featureIndex":701,"__typeValue":"بوكس"},"geometry":{"type":"Point","coordinates":[31.56222396691291,30.27200792603466]}},{"type":"Feature","properties":{"Description":null,"Telecom_Feature_Type":"بوكس","Easting":"031° 33' 39.32\" E","Northing":"30° 16' 18.91\" N","ID":"14","GlobalID":"{78387C5D-D6F4-4D7E-B8FD-1DC69182EBC2}","sectors":"القطاع الاول","Distance":"140m","I_D":"7-1","__networkId":"telecom","__networkName":"شبكة الاتصالات","__layerId":"telecom_assets","__layerName":"مرافق الاتصالات","__assetName":"مرافق الاتصالات","__geometryKind":"point","__featureIndex":702,"__typeValue":"بوكس"},"geometry":{"type":"Point","coordinates":[31.56259800653259,30.27208713595403]}},{"type":"Feature","properties":{"Description":null,"Telecom_Feature_Type":"بوكس","Easting":"031° 33' 40.04\" E","Northing":"30° 16' 19.89\" N","ID":"15","GlobalID":"{2F7EBD6E-7D3A-4D48-9650-8709F1BCCD63}","sectors":"القطاع الاول","Distance":"100m","I_D":"7-1","__networkId":"telecom","__networkName":"شبكة الاتصالات","__layerId":"telecom_assets","__layerName":"مرافق الاتصالات","__assetName":"مرافق الاتصالات","__geometryKind":"point","__featureIndex":703,"__typeValue":"بوكس"},"geometry":{"type":"Point","coordinates":[31.562800469729638,30.27235763993012]}},{"type":"Feature","properties":{"Description":null,"Telecom_Feature_Type":"بوكس","Easting":"031° 33' 41.01\" E","Northing":"30° 16' 20.66\" N","ID":"16","GlobalID":"{611AB845-A66F-482A-BDB7-832D783079E9}","sectors":"القطاع الاول","Distance":"65m","I_D":"7-1","__networkId":"telecom","__networkName":"شبكة الاتصالات","__layerId":"telecom_assets","__layerName":"مرافق الاتصالات","__assetName":"مرافق الاتصالات","__geometryKind":"point","__featureIndex":704,"__typeValue":"بوكس"},"geometry":{"type":"Point","coordinates":[31.563067564914764,30.27257263570542]}},{"type":"Feature","properties":{"Description":null,"Telecom_Feature_Type":"بوكس","Easting":"031° 33' 40.18\" E","Northing":"30° 16' 16.81\" N","ID":"21","GlobalID":"{0FCB1769-24C0-4D39-BCB5-282113801A90}","sectors":"القطاع الاول","Distance":"165m","I_D":"7-1","__networkId":"telecom","__networkName":"شبكة الاتصالات","__layerId":"telecom_assets","__layerName":"مرافق الاتصالات","__assetName":"مرافق الاتصالات","__geometryKind":"point","__featureIndex":705,"__typeValue":"بوكس"},"geometry":{"type":"Point","coordinates":[31.562838803537748,30.271501307815623]}},{"type":"Feature","properties":{"Description":null,"Telecom_Feature_Type":"بوكس","Easting":"031° 33' 40.78\" E","Northing":"30° 16' 17.61\" N","ID":"22","GlobalID":"{F980A2E2-98C4-4DB7-B713-3A28751969E2}","sectors":"القطاع الاول","Distance":"135m","I_D":"7-1","__networkId":"telecom","__networkName":"شبكة الاتصالات","__layerId":"telecom_assets","__layerName":"مرافق الاتصالات","__assetName":"مرافق الاتصالات","__geometryKind":"point","__featureIndex":706,"__typeValue":"بوكس"},"geometry":{"type":"Point","coordinates":[31.563004319027183,30.271725056772812]}},{"type":"Feature","properties":{"Description":null,"Telecom_Feature_Type":"بوكس","Easting":"031° 33' 42.01\" E","Northing":"30° 16' 18.23\" N","ID":"23","GlobalID":"{977576ED-D33D-4835-9AC0-37E816710D19}","sectors":"القطاع الاول","Distance":"100m","I_D":"7-1","__networkId":"telecom","__networkName":"شبكة الاتصالات","__layerId":"telecom_assets","__layerName":"مرافق الاتصالات","__assetName":"مرافق الاتصالات","__geometryKind":"point","__featureIndex":707,"__typeValue":"بوكس"},"geometry":{"type":"Point","coordinates":[31.563347381142616,30.27189653954741]}},{"type":"Feature","properties":{"Description":null,"Telecom_Feature_Type":"بوكس","Easting":"031° 33' 41.13\" E","Northing":"30° 16' 16.0\" N","ID":"17","GlobalID":"{1D5F8D58-0214-43AC-BEEC-546CC0896EB9}","sectors":"القطاع الاول","Distance":"195m","I_D":"7-1","__networkId":"telecom","__networkName":"شبكة الاتصالات","__layerId":"telecom_assets","__layerName":"مرافق الاتصالات","__assetName":"مرافق الاتصالات","__geometryKind":"point","__featureIndex":708,"__typeValue":"بوكس"},"geometry":{"type":"Point","coordinates":[31.563101972186757,30.271277178192484]}},{"type":"Feature","properties":{"Description":null,"Telecom_Feature_Type":"بوكس","Easting":"031° 33' 42.08\" E","Northing":"30° 16' 15.97\" N","ID":"18","GlobalID":"{F05DC528-0664-4329-9A29-615967072A46}","sectors":"القطاع الاول","Distance":"180m","I_D":"7-1","__networkId":"telecom","__networkName":"شبكة الاتصالات","__layerId":"telecom_assets","__layerName":"مرافق الاتصالات","__assetName":"مرافق الاتصالات","__geometryKind":"point","__featureIndex":709,"__typeValue":"بوكس"},"geometry":{"type":"Point","coordinates":[31.563365893623967,30.271268087033423]}},{"type":"Feature","properties":{"Description":null,"Telecom_Feature_Type":"بوكس","Easting":"031° 33' 42.34\" E","Northing":"30° 16' 22.76\" N","ID":"13","GlobalID":"{424CB551-6A96-43F7-9A7C-B9FE72472FB8}","sectors":"القطاع الاول","Distance":"220m","I_D":"6-4","__networkId":"telecom","__networkName":"شبكة الاتصالات","__layerId":"telecom_assets","__layerName":"مرافق الاتصالات","__assetName":"مرافق الاتصالات","__geometryKind":"point","__featureIndex":710,"__typeValue":"بوكس"},"geometry":{"type":"Point","coordinates":[31.56343706714393,30.27315646826375]}},{"type":"Feature","properties":{"Description":null,"Telecom_Feature_Type":"بوكس","Easting":"031° 33' 39.48\" E","Northing":"30° 16' 24.36\" N","ID":"9","GlobalID":"{5AC98ABC-F6E5-4037-A6EB-470D295EA0AD}","sectors":"القطاع الاول","Distance":"100m","I_D":"6-4","__networkId":"telecom","__networkName":"شبكة الاتصالات","__layerId":"telecom_assets","__layerName":"مرافق الاتصالات","__assetName":"مرافق الاتصالات","__geometryKind":"point","__featureIndex":711,"__typeValue":"بوكس"},"geometry":{"type":"Point","coordinates":[31.56264378378114,30.273600989872698]}},{"type":"Feature","properties":{"Description":null,"Telecom_Feature_Type":"بوكس","Easting":"031° 33' 38.6\" E","Northing":"30° 16' 26.69\" N","ID":"23","GlobalID":"{29D20830-579C-415C-9799-2BF41F0922F1}","sectors":"القطاع الاول","Distance":"110m","I_D":"6-4","__networkId":"telecom","__networkName":"شبكة الاتصالات","__layerId":"telecom_assets","__layerName":"مرافق الاتصالات","__assetName":"مرافق الاتصالات","__geometryKind":"point","__featureIndex":712,"__typeValue":"بوكس"},"geometry":{"type":"Point","coordinates":[31.562400127438455,30.27424612820743]}},{"type":"Feature","properties":{"Description":null,"Telecom_Feature_Type":"بوكس","Easting":"031° 33' 38.45\" E","Northing":"30° 16' 25.35\" N","ID":"24","GlobalID":"{6389554D-0BFE-4EF1-B43C-2F93E8E9C5C9}","sectors":"القطاع الاول","Distance":"100m","I_D":"6-4","__networkId":"telecom","__networkName":"شبكة الاتصالات","__layerId":"telecom_assets","__layerName":"مرافق الاتصالات","__assetName":"مرافق الاتصالات","__geometryKind":"point","__featureIndex":713,"__typeValue":"بوكس"},"geometry":{"type":"Point","coordinates":[31.56235840518506,30.273874472658708]}},{"type":"Feature","properties":{"Description":null,"Telecom_Feature_Type":"بوكس","Easting":"031° 33' 27.14\" E","Northing":"30° 16' 21.47\" N","ID":"1","GlobalID":"{5E8688D1-5CFE-4691-879F-A579D2D12309}","sectors":"القطاع الثالث","Distance":"305m","I_D":"5-3","__networkId":"telecom","__networkName":"شبكة الاتصالات","__layerId":"telecom_assets","__layerName":"مرافق الاتصالات","__assetName":"مرافق الاتصالات","__geometryKind":"point","__featureIndex":714,"__typeValue":"بوكس"},"geometry":{"type":"Point","coordinates":[31.55921691758476,30.272797029251546]}},{"type":"Feature","properties":{"Description":null,"Telecom_Feature_Type":"بوكس","Easting":"031° 33' 27.63\" E","Northing":"30° 16' 22.32\" N","ID":"3","GlobalID":"{D5F65BA2-C904-4362-AE71-D809C7647882}","sectors":"القطاع الثالث","Distance":"305m","I_D":"5-3","__networkId":"telecom","__networkName":"شبكة الاتصالات","__layerId":"telecom_assets","__layerName":"مرافق الاتصالات","__assetName":"مرافق الاتصالات","__geometryKind":"point","__featureIndex":715,"__typeValue":"بوكس"},"geometry":{"type":"Point","coordinates":[31.559352776991684,30.2730327771086]}},{"type":"Feature","properties":{"Description":null,"Telecom_Feature_Type":"بوكس","Easting":"031° 33' 28.64\" E","Northing":"30° 16' 22.69\" N","ID":"4","GlobalID":"{491EEB3E-858E-4C64-BE0B-3E9D5EB38CDC}","sectors":"القطاع الثالث","Distance":"290m","I_D":"5-3","__networkId":"telecom","__networkName":"شبكة الاتصالات","__layerId":"telecom_assets","__layerName":"مرافق الاتصالات","__assetName":"مرافق الاتصالات","__geometryKind":"point","__featureIndex":716,"__typeValue":"بوكس"},"geometry":{"type":"Point","coordinates":[31.55963264711846,30.273135491035625]}},{"type":"Feature","properties":{"Description":null,"Telecom_Feature_Type":"بوكس","Easting":"031° 33' 29.12\" E","Northing":"30° 16' 21.74\" N","ID":"5","GlobalID":"{E2D5347A-884A-4872-BF03-0BA340E4E608}","sectors":"القطاع الثالث","Distance":"260m","I_D":"5-3","__networkId":"telecom","__networkName":"شبكة الاتصالات","__layerId":"telecom_assets","__layerName":"مرافق الاتصالات","__assetName":"مرافق الاتصالات","__geometryKind":"point","__featureIndex":717,"__typeValue":"بوكس"},"geometry":{"type":"Point","coordinates":[31.559766171803997,30.272871134441225]}},{"type":"Feature","properties":{"Description":null,"Telecom_Feature_Type":"بوكس","Easting":"031° 33' 27.62\" E","Northing":"30° 16' 20.98\" N","ID":"2","GlobalID":"{59A6F456-2BA0-4C03-95EE-16B8F5BDC3BF}","sectors":"القطاع الثالث","Distance":"290m","I_D":"5-3","__networkId":"telecom","__networkName":"شبكة الاتصالات","__layerId":"telecom_assets","__layerName":"مرافق الاتصالات","__assetName":"مرافق الاتصالات","__geometryKind":"point","__featureIndex":718,"__typeValue":"بوكس"},"geometry":{"type":"Point","coordinates":[31.5593488208112,30.272660050992176]}},{"type":"Feature","properties":{"Description":null,"Telecom_Feature_Type":"بوكس","Easting":"031° 33' 30.07\" E","Northing":"30° 16' 23.81\" N","ID":"6","GlobalID":"{3BACA021-66C4-4B7C-B654-D36B958BF54D}","sectors":"القطاع الثالث","Distance":"225m","I_D":"5-3","__networkId":"telecom","__networkName":"شبكة الاتصالات","__layerId":"telecom_assets","__layerName":"مرافق الاتصالات","__assetName":"مرافق الاتصالات","__geometryKind":"point","__featureIndex":719,"__typeValue":"بوكس"},"geometry":{"type":"Point","coordinates":[31.560030310633504,30.273445549201746]}},{"type":"Feature","properties":{"Description":null,"Telecom_Feature_Type":"بوكس","Easting":"031° 33' 30.59\" E","Northing":"30° 16' 24.63\" N","ID":"8","GlobalID":"{99E1A00C-0A7B-46E0-AAC2-C5AFFFE035FA}","sectors":"القطاع الثالث","Distance":"290m","I_D":"5-3","__networkId":"telecom","__networkName":"شبكة الاتصالات","__layerId":"telecom_assets","__layerName":"مرافق الاتصالات","__assetName":"مرافق الاتصالات","__geometryKind":"point","__featureIndex":720,"__typeValue":"بوكس"},"geometry":{"type":"Point","coordinates":[31.5601735748533,30.273675943191115]}},{"type":"Feature","properties":{"Description":null,"Telecom_Feature_Type":"بوكس","Easting":"031° 33' 30.62\" E","Northing":"30° 16' 23.32\" N","ID":"7","GlobalID":"{33B4F3F5-4356-4383-A208-21870C5853E4}","sectors":"القطاع الثالث","Distance":"210m","I_D":"5-3","__networkId":"telecom","__networkName":"شبكة الاتصالات","__layerId":"telecom_assets","__layerName":"مرافق الاتصالات","__assetName":"مرافق الاتصالات","__geometryKind":"point","__featureIndex":721,"__typeValue":"بوكس"},"geometry":{"type":"Point","coordinates":[31.560183618916515,30.273309809268238]}},{"type":"Feature","properties":{"Description":null,"Telecom_Feature_Type":"بوكس","Easting":"031° 33' 33.63\" E","Northing":"30° 16' 25.67\" N","ID":"11","GlobalID":"{EC087AA1-EF6D-4A0A-A6BE-12D07A94F9BC}","sectors":"القطاع الثالث","Distance":"80m","I_D":"6-3","__networkId":"telecom","__networkName":"شبكة الاتصالات","__layerId":"telecom_assets","__layerName":"مرافق الاتصالات","__assetName":"مرافق الاتصالات","__geometryKind":"point","__featureIndex":722,"__typeValue":"بوكس"},"geometry":{"type":"Point","coordinates":[31.56101751511328,30.27396317617777]}},{"type":"Feature","properties":{"Description":null,"Telecom_Feature_Type":"بوكس","Easting":"031° 33' 35.14\" E","Northing":"30° 16' 26.45\" N","ID":"15","GlobalID":"{06410921-65C4-4623-B565-F7455C79EBB8}","sectors":"القطاع الثالث","Distance":"40m","I_D":"6-3","__networkId":"telecom","__networkName":"شبكة الاتصالات","__layerId":"telecom_assets","__layerName":"مرافق الاتصالات","__assetName":"مرافق الاتصالات","__geometryKind":"point","__featureIndex":723,"__typeValue":"بوكس"},"geometry":{"type":"Point","coordinates":[31.56143827161934,30.274180707648057]}},{"type":"Feature","properties":{"Description":null,"Telecom_Feature_Type":"بوكس","Easting":"031° 33' 34.64\" E","Northing":"30° 16' 27.42\" N","ID":"14","GlobalID":"{189BDDD8-30AD-41B6-8C8C-EA56C40B45C4}","sectors":"القطاع الثالث","Distance":"70m","I_D":"6-3","__networkId":"telecom","__networkName":"شبكة الاتصالات","__layerId":"telecom_assets","__layerName":"مرافق الاتصالات","__assetName":"مرافق الاتصالات","__geometryKind":"point","__featureIndex":724,"__typeValue":"بوكس"},"geometry":{"type":"Point","coordinates":[31.561299507959067,30.27444971165723]}},{"type":"Feature","properties":{"Description":null,"Telecom_Feature_Type":"بوكس","Easting":"031° 33' 33.64\" E","Northing":"30° 16' 27.04\" N","ID":"13","GlobalID":"{9F916919-184E-4E03-861A-F369009D6D44}","sectors":"القطاع الثالث","Distance":"80m","I_D":"6-3","__networkId":"telecom","__networkName":"شبكة الاتصالات","__layerId":"telecom_assets","__layerName":"مرافق الاتصالات","__assetName":"مرافق الاتصالات","__geometryKind":"point","__featureIndex":725,"__typeValue":"بوكس"},"geometry":{"type":"Point","coordinates":[31.56102284032631,30.274345306300507]}},{"type":"Feature","properties":{"Description":null,"Telecom_Feature_Type":"بوكس","Easting":"031° 33' 33.15\" E","Northing":"30° 16' 26.19\" N","ID":"12","GlobalID":"{0333A346-58DE-4B9D-A4EE-FA54CFA2EA6B}","sectors":"القطاع الثالث","Distance":"110m","I_D":"6-3","__networkId":"telecom","__networkName":"شبكة الاتصالات","__layerId":"telecom_assets","__layerName":"مرافق الاتصالات","__assetName":"مرافق الاتصالات","__geometryKind":"point","__featureIndex":726,"__typeValue":"بوكس"},"geometry":{"type":"Point","coordinates":[31.560885937975318,30.27410916438319]}},{"type":"Feature","properties":{"Description":null,"Telecom_Feature_Type":"بوكس","Easting":"031° 33' 36.31\" E","Northing":"30° 16' 27.78\" N","ID":"27","GlobalID":"{11C369B9-CB4D-4973-8F29-724692538C75}","sectors":"القطاع الثالث","Distance":"50m","I_D":"6-3","__networkId":"telecom","__networkName":"شبكة الاتصالات","__layerId":"telecom_assets","__layerName":"مرافق الاتصالات","__assetName":"مرافق الاتصالات","__geometryKind":"point","__featureIndex":727,"__typeValue":"بوكس"},"geometry":{"type":"Point","coordinates":[31.561763960317172,30.274549182798]}},{"type":"Feature","properties":{"Description":null,"Telecom_Feature_Type":"بوكس","Easting":"031° 33' 36.29\" E","Northing":"30° 16' 29.11\" N","ID":"25","GlobalID":"{B720CD77-C870-4A4D-BC3C-95D4C2B07AD6}","sectors":"القطاع الثالث","Distance":"80m","I_D":"6-3","__networkId":"telecom","__networkName":"شبكة الاتصالات","__layerId":"telecom_assets","__layerName":"مرافق الاتصالات","__assetName":"مرافق الاتصالات","__geometryKind":"point","__featureIndex":728,"__typeValue":"بوكس"},"geometry":{"type":"Point","coordinates":[31.561756835778628,30.27491916859825]}},{"type":"Feature","properties":{"Description":null,"Telecom_Feature_Type":"بوكس","Easting":"031° 33' 37.3\" E","Northing":"30° 16' 29.45\" N","ID":"23","GlobalID":"{6561F319-F607-45A7-8D01-34EF78DED7D0}","sectors":"القطاع الثالث","Distance":"130m","I_D":"6-3","__networkId":"telecom","__networkName":"شبكة الاتصالات","__layerId":"telecom_assets","__layerName":"مرافق الاتصالات","__assetName":"مرافق الاتصالات","__geometryKind":"point","__featureIndex":729,"__typeValue":"بوكس"},"geometry":{"type":"Point","coordinates":[31.56203820070204,30.275014378575296]}},{"type":"Feature","properties":{"Description":null,"Telecom_Feature_Type":"بوكس","Easting":"031° 33' 37.82\" E","Northing":"30° 16' 28.55\" N","ID":"24","GlobalID":"{7E4987C2-21FA-4069-828B-5E1E0086FED3}","sectors":"القطاع الثالث","Distance":"90m","I_D":"6-3","__networkId":"telecom","__networkName":"شبكة الاتصالات","__layerId":"telecom_assets","__layerName":"مرافق الاتصالات","__assetName":"مرافق الاتصالات","__geometryKind":"point","__featureIndex":730,"__typeValue":"بوكس"},"geometry":{"type":"Point","coordinates":[31.56218278454701,30.274763723808462]}},{"type":"Feature","properties":{"Description":null,"Telecom_Feature_Type":"بوكس","Easting":"031° 33' 23.17\" E","Northing":"30° 16' 25.28\" N","ID":"4","GlobalID":"{9290AF97-924A-490C-9B33-FF80C9816D16}","sectors":"القطاع الثالث","Distance":"205m","I_D":"5-1","__networkId":"telecom","__networkName":"شبكة الاتصالات","__layerId":"telecom_assets","__layerName":"مرافق الاتصالات","__assetName":"مرافق الاتصالات","__geometryKind":"point","__featureIndex":731,"__typeValue":"بوكس"},"geometry":{"type":"Point","coordinates":[31.55811271113246,30.273854900572573]}},{"type":"Feature","properties":{"Description":null,"Telecom_Feature_Type":"بوكس","Easting":"031° 33' 23.56\" E","Northing":"30° 16' 24.39\" N","ID":"3","GlobalID":"{FCA36321-82C8-45BE-A7FE-C56E0CA3CCAB}","sectors":"القطاع الثالث","Distance":"245m","I_D":"5-1","__networkId":"telecom","__networkName":"شبكة الاتصالات","__layerId":"telecom_assets","__layerName":"مرافق الاتصالات","__assetName":"مرافق الاتصالات","__geometryKind":"point","__featureIndex":732,"__typeValue":"بوكس"},"geometry":{"type":"Point","coordinates":[31.558222572396755,30.273608695994703]}},{"type":"Feature","properties":{"Description":null,"Telecom_Feature_Type":"بوكس","Easting":"031° 33' 24.44\" E","Northing":"30° 16' 23.42\" N","ID":"2","GlobalID":"{436E211D-A165-4FD1-9B94-355ABA7E6F4E}","sectors":"القطاع الثالث","Distance":"285m","I_D":"5-1","__networkId":"telecom","__networkName":"شبكة الاتصالات","__layerId":"telecom_assets","__layerName":"مرافق الاتصالات","__assetName":"مرافق الاتصالات","__geometryKind":"point","__featureIndex":733,"__typeValue":"بوكس"},"geometry":{"type":"Point","coordinates":[31.558465758920594,30.273338458466647]}},{"type":"Feature","properties":{"Description":null,"Telecom_Feature_Type":"بوكس","Easting":"031° 33' 25.05\" E","Northing":"30° 16' 23.11\" N","ID":"1","GlobalID":"{B3E40F7B-FC65-4834-83C3-74043890F5DA}","sectors":"القطاع الثالث","Distance":"295m","I_D":"5-1","__networkId":"telecom","__networkName":"شبكة الاتصالات","__layerId":"telecom_assets","__layerName":"مرافق الاتصالات","__assetName":"مرافق الاتصالات","__geometryKind":"point","__featureIndex":734,"__typeValue":"بوكس"},"geometry":{"type":"Point","coordinates":[31.558636102854663,30.273253101239963]}},{"type":"Feature","properties":{"Description":null,"Telecom_Feature_Type":"بوكس","Easting":"031° 33' 24.28\" E","Northing":"30° 16' 25.75\" N","ID":"8","GlobalID":"{CCFDA658-7B8A-4317-AFC5-6A392DD6039A}","sectors":"القطاع الثالث","Distance":"185m","I_D":"5-1","__networkId":"telecom","__networkName":"شبكة الاتصالات","__layerId":"telecom_assets","__layerName":"مرافق الاتصالات","__assetName":"مرافق الاتصالات","__geometryKind":"point","__featureIndex":735,"__typeValue":"بوكس"},"geometry":{"type":"Point","coordinates":[31.558420555695484,30.27398494532814]}},{"type":"Feature","properties":{"Description":null,"Telecom_Feature_Type":"بوكس","Easting":"031° 33' 25.23\" E","Northing":"30° 16' 25.3\" N","ID":"7","GlobalID":"{EB5FDB7F-045A-4C3F-9609-82277E1A4800}","sectors":"القطاع الثالث","Distance":"210m","I_D":"5-1","__networkId":"telecom","__networkName":"شبكة الاتصالات","__layerId":"telecom_assets","__layerName":"مرافق الاتصالات","__assetName":"مرافق الاتصالات","__geometryKind":"point","__featureIndex":736,"__typeValue":"بوكس"},"geometry":{"type":"Point","coordinates":[31.558686608834872,30.273861366933296]}},{"type":"Feature","properties":{"Description":null,"Telecom_Feature_Type":"بوكس","Easting":"031° 33' 26.29\" E","Northing":"30° 16' 24.47\" N","ID":"6","GlobalID":"{7D745497-D919-4752-8706-964E0FE311B6}","sectors":"القطاع الثالث","Distance":"250m","I_D":"5-1","__networkId":"telecom","__networkName":"شبكة الاتصالات","__layerId":"telecom_assets","__layerName":"مرافق الاتصالات","__assetName":"مرافق الاتصالات","__geometryKind":"point","__featureIndex":737,"__typeValue":"بوكس"},"geometry":{"type":"Point","coordinates":[31.55897987823242,30.27362897799607]}},{"type":"Feature","properties":{"Description":null,"Telecom_Feature_Type":"بوكس","Easting":"031° 33' 26.09\" E","Northing":"30° 16' 23.93\" N","ID":"5","GlobalID":"{E0896B48-0E2A-4F4F-BC31-82FF95443045}","sectors":"القطاع الثالث","Distance":"270m","I_D":"5-1","__networkId":"telecom","__networkName":"شبكة الاتصالات","__layerId":"telecom_assets","__layerName":"مرافق الاتصالات","__assetName":"مرافق الاتصالات","__geometryKind":"point","__featureIndex":738,"__typeValue":"بوكس"},"geometry":{"type":"Point","coordinates":[31.558923329285275,30.273479627486896]}},{"type":"Feature","properties":{"Description":null,"Telecom_Feature_Type":"بوكس","Easting":"031° 33' 26.17\" E","Northing":"30° 16' 27.65\" N","ID":"12","GlobalID":"{648F7ABE-47FF-4DA7-9386-124DEC63DD88}","sectors":"القطاع الثالث","Distance":"95m","I_D":"5-1","__networkId":"telecom","__networkName":"شبكة الاتصالات","__layerId":"telecom_assets","__layerName":"مرافق الاتصالات","__assetName":"مرافق الاتصالات","__geometryKind":"point","__featureIndex":739,"__typeValue":"بوكس"},"geometry":{"type":"Point","coordinates":[31.55894638095379,30.274514025742302]}},{"type":"Feature","properties":{"Description":null,"Telecom_Feature_Type":"بوكس","Easting":"031° 33' 26.57\" E","Northing":"30° 16' 26.77\" N","ID":"11","GlobalID":"{E92BFF85-7AA2-4281-A2CD-F12F95769343}","sectors":"القطاع الثالث","Distance":"125m","I_D":"5-1","__networkId":"telecom","__networkName":"شبكة الاتصالات","__layerId":"telecom_assets","__layerName":"مرافق الاتصالات","__assetName":"مرافق الاتصالات","__geometryKind":"point","__featureIndex":740,"__typeValue":"بوكس"},"geometry":{"type":"Point","coordinates":[31.559058745822796,30.274269278227752]}},{"type":"Feature","properties":{"Description":null,"Telecom_Feature_Type":"بوكس","Easting":"031° 33' 27.45\" E","Northing":"30° 16' 25.79\" N","ID":"10","GlobalID":"{878BC305-D3A0-4061-97C5-A74D39752E6D}","sectors":"القطاع الثالث","Distance":"165m","I_D":"5-1","__networkId":"telecom","__networkName":"شبكة الاتصالات","__layerId":"telecom_assets","__layerName":"مرافق الاتصالات","__assetName":"مرافق الاتصالات","__geometryKind":"point","__featureIndex":741,"__typeValue":"بوكس"},"geometry":{"type":"Point","coordinates":[31.55930128466129,30.27399778260778]}},{"type":"Feature","properties":{"Description":null,"Telecom_Feature_Type":"بوكس","Easting":"031° 33' 28.06\" E","Northing":"30° 16' 25.48\" N","ID":"9","GlobalID":"{1AAE393D-0F94-4C95-A366-50A0788018E9}","sectors":"القطاع الثالث","Distance":"185m","I_D":"5-1","__networkId":"telecom","__networkName":"شبكة الاتصالات","__layerId":"telecom_assets","__layerName":"مرافق الاتصالات","__assetName":"مرافق الاتصالات","__geometryKind":"point","__featureIndex":742,"__typeValue":"بوكس"},"geometry":{"type":"Point","coordinates":[31.559470710517125,30.273911411198025]}},{"type":"Feature","properties":{"Description":null,"Telecom_Feature_Type":"بوكس","Easting":"031° 33' 27.28\" E","Northing":"30° 16' 28.11\" N","ID":"16","GlobalID":"{4E28C93D-6BC0-4B6F-B6F0-B10181496243}","sectors":"القطاع الثالث","Distance":"75m","I_D":"5-1","__networkId":"telecom","__networkName":"شبكة الاتصالات","__layerId":"telecom_assets","__layerName":"مرافق الاتصالات","__assetName":"مرافق الاتصالات","__geometryKind":"point","__featureIndex":743,"__typeValue":"بوكس"},"geometry":{"type":"Point","coordinates":[31.559253800613686,30.27464250638365]}},{"type":"Feature","properties":{"Description":null,"Telecom_Feature_Type":"بوكس","Easting":"031° 33' 28.25\" E","Northing":"30° 16' 27.68\" N","ID":"15","GlobalID":"{4B8BA762-ED62-4375-8831-217B6B56BCE0}","sectors":"القطاع الثالث","Distance":"110m","I_D":"5-1","__networkId":"telecom","__networkName":"شبكة الاتصالات","__layerId":"telecom_assets","__layerName":"مرافق الاتصالات","__assetName":"مرافق الاتصالات","__geometryKind":"point","__featureIndex":744,"__typeValue":"بوكس"},"geometry":{"type":"Point","coordinates":[31.559525327188087,30.274522987817473]}},{"type":"Feature","properties":{"Description":null,"Telecom_Feature_Type":"بوكس","Easting":"031° 33' 29.29\" E","Northing":"30° 16' 26.83\" N","ID":"14","GlobalID":"{71B1E85A-0C06-497B-91BD-AC62603E1452}","sectors":"القطاع الثالث","Distance":"160m","I_D":"5-1","__networkId":"telecom","__networkName":"شبكة الاتصالات","__layerId":"telecom_assets","__layerName":"مرافق الاتصالات","__assetName":"مرافق الاتصالات","__geometryKind":"point","__featureIndex":745,"__typeValue":"بوكس"},"geometry":{"type":"Point","coordinates":[31.559813732208386,30.274287152770494]}},{"type":"Feature","properties":{"Description":null,"Telecom_Feature_Type":"بوكس","Easting":"031° 33' 29.1\" E","Northing":"30° 16' 26.29\" N","ID":"13","GlobalID":"{602A9BA7-FB3C-4D3F-9252-68EC5E89B77E}","sectors":"القطاع الثالث","Distance":"180m","I_D":"5-1","__networkId":"telecom","__networkName":"شبكة الاتصالات","__layerId":"telecom_assets","__layerName":"مرافق الاتصالات","__assetName":"مرافق الاتصالات","__geometryKind":"point","__featureIndex":746,"__typeValue":"بوكس"},"geometry":{"type":"Point","coordinates":[31.559761241849696,30.274136198120353]}},{"type":"Feature","properties":{"Description":null,"Telecom_Feature_Type":"بوكس","Easting":"031° 33' 29.15\" E","Northing":"30° 16' 30.0\" N","ID":"32","GlobalID":"{E582E834-B887-43B9-94C8-AEE9231B09E7}","sectors":"القطاع الثالث","Distance":"70m","I_D":"5-1","__networkId":"telecom","__networkName":"شبكة الاتصالات","__layerId":"telecom_assets","__layerName":"مرافق الاتصالات","__assetName":"مرافق الاتصالات","__geometryKind":"point","__featureIndex":747,"__typeValue":"بوكس"},"geometry":{"type":"Point","coordinates":[31.55977370956754,30.27516709603896]}},{"type":"Feature","properties":{"Description":null,"Telecom_Feature_Type":"بوكس","Easting":"031° 33' 29.58\" E","Northing":"30° 16' 29.15\" N","ID":"31","GlobalID":"{4AF353D7-15EC-45AF-A892-08695D1B7EFD}","sectors":"القطاع الثالث","Distance":"90m","I_D":"5-1","__networkId":"telecom","__networkName":"شبكة الاتصالات","__layerId":"telecom_assets","__layerName":"مرافق الاتصالات","__assetName":"مرافق الاتصالات","__geometryKind":"point","__featureIndex":748,"__typeValue":"بوكس"},"geometry":{"type":"Point","coordinates":[31.55989309746542,30.274929870755102]}},{"type":"Feature","properties":{"Description":null,"Telecom_Feature_Type":"بوكس","Easting":"031° 33' 30.46\" E","Northing":"30° 16' 28.17\" N","ID":"30","GlobalID":"{51F32825-C345-45D6-BE41-831D249F9F8B}","sectors":"القطاع الثالث","Distance":"130m","I_D":"5-1","__networkId":"telecom","__networkName":"شبكة الاتصالات","__layerId":"telecom_assets","__layerName":"مرافق الاتصالات","__assetName":"مرافق الاتصالات","__geometryKind":"point","__featureIndex":749,"__typeValue":"بوكس"},"geometry":{"type":"Point","coordinates":[31.560137813820184,30.274657757872593]}},{"type":"Feature","properties":{"Description":null,"Telecom_Feature_Type":"بوكس","Easting":"031° 33' 31.05\" E","Northing":"30° 16' 27.85\" N","ID":"29","GlobalID":"{13581C2C-35EB-4C4B-B699-4120EF04A2D6}","sectors":"القطاع الثالث","Distance":"150m","I_D":"5-1","__networkId":"telecom","__networkName":"شبكة الاتصالات","__layerId":"telecom_assets","__layerName":"مرافق الاتصالات","__assetName":"مرافق الاتصالات","__geometryKind":"point","__featureIndex":750,"__typeValue":"بوكس"},"geometry":{"type":"Point","coordinates":[31.560302969983482,30.274569646142762]}},{"type":"Feature","properties":{"Description":null,"Telecom_Feature_Type":"بوكس","Easting":"031° 33' 30.28\" E","Northing":"30° 16' 30.47\" N","ID":"20","GlobalID":"{429B0E6B-FCCB-48B2-8DD9-12D2E11324E1}","sectors":"القطاع الثالث","Distance":"105m","I_D":"5-1","__networkId":"telecom","__networkName":"شبكة الاتصالات","__layerId":"telecom_assets","__layerName":"مرافق الاتصالات","__assetName":"مرافق الاتصالات","__geometryKind":"point","__featureIndex":751,"__typeValue":"بوكس"},"geometry":{"type":"Point","coordinates":[31.5600878567106,30.275297918731685]}},{"type":"Feature","properties":{"Description":null,"Telecom_Feature_Type":"بوكس","Easting":"031° 33' 31.26\" E","Northing":"30° 16' 30.05\" N","ID":"27","GlobalID":"{E11B1064-B676-44F6-AFCF-1917CE2F8DEB}","sectors":"القطاع الثالث","Distance":"145m","I_D":"5-1","__networkId":"telecom","__networkName":"شبكة الاتصالات","__layerId":"telecom_assets","__layerName":"مرافق الاتصالات","__assetName":"مرافق الاتصالات","__geometryKind":"point","__featureIndex":752,"__typeValue":"بوكس"},"geometry":{"type":"Point","coordinates":[31.560360404669474,30.275179118576435]}},{"type":"Feature","properties":{"Description":null,"Telecom_Feature_Type":"بوكس","Easting":"031° 33' 32.3\" E","Northing":"30° 16' 29.2\" N","ID":"26","GlobalID":"{192E3C21-C99C-4F83-BB59-4F7CEFC55CC8}","sectors":"القطاع الثالث","Distance":"185m","I_D":"5-1","__networkId":"telecom","__networkName":"شبكة الاتصالات","__layerId":"telecom_assets","__layerName":"مرافق الاتصالات","__assetName":"مرافق الاتصالات","__geometryKind":"point","__featureIndex":753,"__typeValue":"بوكس"},"geometry":{"type":"Point","coordinates":[31.560649428629002,30.27494510202856]}},{"type":"Feature","properties":{"Description":null,"Telecom_Feature_Type":"بوكس","Easting":"031° 33' 32.1\" E","Northing":"30° 16' 28.66\" N","ID":"25","GlobalID":"{C6D1D69B-9501-41BD-B8E4-2FEA5894F9A9}","sectors":"القطاع الثالث","Distance":"195m","I_D":"5-1","__networkId":"telecom","__networkName":"شبكة الاتصالات","__layerId":"telecom_assets","__layerName":"مرافق الاتصالات","__assetName":"مرافق الاتصالات","__geometryKind":"point","__featureIndex":754,"__typeValue":"بوكس"},"geometry":{"type":"Point","coordinates":[31.56059233889607,30.27479374730138]}},{"type":"Feature","properties":{"Description":null,"Telecom_Feature_Type":"بوكس","Easting":"031° 33' 32.16\" E","Northing":"30° 16' 32.38\" N","ID":"24","GlobalID":"{5D3318E3-ED09-4669-9D28-4B4B02F27529}","sectors":"القطاع الثالث","Distance":"180m","I_D":"5-1","__networkId":"telecom","__networkName":"شبكة الاتصالات","__layerId":"telecom_assets","__layerName":"مرافق الاتصالات","__assetName":"مرافق الاتصالات","__geometryKind":"point","__featureIndex":755,"__typeValue":"بوكس"},"geometry":{"type":"Point","coordinates":[31.56061123675467,30.27582725661343]}},{"type":"Feature","properties":{"Description":null,"Telecom_Feature_Type":"بوكس","Easting":"031° 33' 32.59\" E","Northing":"30° 16' 31.51\" N","ID":"23","GlobalID":"{3E3062D1-0BC5-42E6-81EE-53949FA9A609}","sectors":"القطاع الثالث","Distance":"200m","I_D":"5-1","__networkId":"telecom","__networkName":"شبكة الاتصالات","__layerId":"telecom_assets","__layerName":"مرافق الاتصالات","__assetName":"مرافق الاتصالات","__geometryKind":"point","__featureIndex":756,"__typeValue":"بوكس"},"geometry":{"type":"Point","coordinates":[31.560729119974482,30.27558522144798]}},{"type":"Feature","properties":{"Description":null,"Telecom_Feature_Type":"بوكس","Easting":"031° 33' 33.46\" E","Northing":"30° 16' 30.53\" N","ID":"22","GlobalID":"{54B2585C-702A-47CE-8E63-511DB11E3F85}","sectors":"القطاع الثالث","Distance":"240m","I_D":"5-1","__networkId":"telecom","__networkName":"شبكة الاتصالات","__layerId":"telecom_assets","__layerName":"مرافق الاتصالات","__assetName":"مرافق الاتصالات","__geometryKind":"point","__featureIndex":757,"__typeValue":"بوكس"},"geometry":{"type":"Point","coordinates":[31.560971425251,30.275312734896794]}},{"type":"Feature","properties":{"Description":null,"Telecom_Feature_Type":"بوكس","Easting":"031° 33' 34.07\" E","Northing":"30° 16' 30.21\" N","ID":"21","GlobalID":"{57F7DB21-FBF4-46F9-8262-FE52C1D0A4FF}","sectors":"القطاع الثالث","Distance":"260m","I_D":"5-1","__networkId":"telecom","__networkName":"شبكة الاتصالات","__layerId":"telecom_assets","__layerName":"مرافق الاتصالات","__assetName":"مرافق الاتصالات","__geometryKind":"point","__featureIndex":758,"__typeValue":"بوكس"},"geometry":{"type":"Point","coordinates":[31.561140420813828,30.275225128799068]}},{"type":"Feature","properties":{"Description":null,"Telecom_Feature_Type":"بوكس","Easting":"031° 33' 33.29\" E","Northing":"30° 16' 32.86\" N","ID":"20","GlobalID":"{5F174A82-85AB-44E4-9096-1F60982CB9F9}","sectors":"القطاع الثالث","Distance":"205m","I_D":"5-1","__networkId":"telecom","__networkName":"شبكة الاتصالات","__layerId":"telecom_assets","__layerName":"مرافق الاتصالات","__assetName":"مرافق الاتصالات","__geometryKind":"point","__featureIndex":759,"__typeValue":"بوكس"},"geometry":{"type":"Point","coordinates":[31.560924405632388,30.27595983636979]}},{"type":"Feature","properties":{"Description":null,"Telecom_Feature_Type":"بوكس","Easting":"031° 33' 34.26\" E","Northing":"30° 16' 32.42\" N","ID":"19","GlobalID":"{3F3DF160-D2E6-41F0-BE0D-4A950145C00A}","sectors":"القطاع الثالث","Distance":"245m","I_D":"5-1","__networkId":"telecom","__networkName":"شبكة الاتصالات","__layerId":"telecom_assets","__layerName":"مرافق الاتصالات","__assetName":"مرافق الاتصالات","__geometryKind":"point","__featureIndex":760,"__typeValue":"بوكس"},"geometry":{"type":"Point","coordinates":[31.56119463773448,30.27583838768448]}},{"type":"Feature","properties":{"Description":null,"Telecom_Feature_Type":"بوكس","Easting":"031° 33' 35.31\" E","Northing":"30° 16' 31.58\" N","ID":"18","GlobalID":"{9E609B70-DB5F-4C94-8CBD-32A0AA17EB44}","sectors":"القطاع الثالث","Distance":"285m","I_D":"5-1","__networkId":"telecom","__networkName":"شبكة الاتصالات","__layerId":"telecom_assets","__layerName":"مرافق الاتصالات","__assetName":"مرافق الاتصالات","__geometryKind":"point","__featureIndex":761,"__typeValue":"بوكس"},"geometry":{"type":"Point","coordinates":[31.56148656774396,30.27560538124117]}},{"type":"Feature","properties":{"Description":null,"Telecom_Feature_Type":"بوكس","Easting":"031° 33' 35.1\" E","Northing":"30° 16' 31.04\" N","ID":"17","GlobalID":"{4D7D7209-C0DF-4488-B3E5-789543E14088}","sectors":"القطاع الثالث","Distance":"295m","I_D":"5-1","__networkId":"telecom","__networkName":"شبكة الاتصالات","__layerId":"telecom_assets","__layerName":"مرافق الاتصالات","__assetName":"مرافق الاتصالات","__geometryKind":"point","__featureIndex":762,"__typeValue":"بوكس"},"geometry":{"type":"Point","coordinates":[31.561427110950238,30.275454815740453]}},{"type":"Feature","properties":{"Description":null,"Telecom_Feature_Type":"بوكس","Easting":"031° 33' 23.63\" E","Northing":"30° 16' 31.63\" N","ID":"1","GlobalID":"{EF31DFE9-4F47-4CA5-81E2-A963B237F05D}","sectors":"القطاع الثالث","Distance":"285m","I_D":"5-2","__networkId":"telecom","__networkName":"شبكة الاتصالات","__layerId":"telecom_assets","__layerName":"مرافق الاتصالات","__assetName":"مرافق الاتصالات","__geometryKind":"point","__featureIndex":763,"__typeValue":"بوكس"},"geometry":{"type":"Point","coordinates":[31.558240040137445,30.275619034444382]}},{"type":"Feature","properties":{"Description":null,"Telecom_Feature_Type":"بوكس","Easting":"031° 33' 24.67\" E","Northing":"30° 16' 32.44\" N","ID":"5","GlobalID":"{52F1F3D4-7123-4BF2-AF39-A9EC79DEF48E}","sectors":"القطاع الثالث","Distance":"250m","I_D":"5-2","__networkId":"telecom","__networkName":"شبكة الاتصالات","__layerId":"telecom_assets","__layerName":"مرافق الاتصالات","__assetName":"مرافق الاتصالات","__geometryKind":"point","__featureIndex":764,"__typeValue":"بوكس"},"geometry":{"type":"Point","coordinates":[31.558529915699868,30.275844002094487]}},{"type":"Feature","properties":{"Description":null,"Telecom_Feature_Type":"بوكس","Easting":"031° 33' 25.26\" E","Northing":"30° 16' 32.13\" N","ID":"6","GlobalID":"{0BBE2DA6-A54D-4B28-A19E-947852708090}","sectors":"القطاع الثالث","Distance":"230m","I_D":"5-2","__networkId":"telecom","__networkName":"شبكة الاتصالات","__layerId":"telecom_assets","__layerName":"مرافق الاتصالات","__assetName":"مرافق الاتصالات","__geometryKind":"point","__featureIndex":765,"__typeValue":"بوكس"},"geometry":{"type":"Point","coordinates":[31.558693388420338,30.27575864161621]}},{"type":"Feature","properties":{"Description":null,"Telecom_Feature_Type":"بوكس","Easting":"031° 33' 26.14\" E","Northing":"30° 16' 31.16\" N","ID":"7","GlobalID":"{EC5BB804-15CB-42B4-911B-21D7FBA07801}","sectors":"القطاع الثالث","Distance":"190m","I_D":"5-2","__networkId":"telecom","__networkName":"شبكة الاتصالات","__layerId":"telecom_assets","__layerName":"مرافق الاتصالات","__assetName":"مرافق الاتصالات","__geometryKind":"point","__featureIndex":766,"__typeValue":"بوكس"},"geometry":{"type":"Point","coordinates":[31.5589387946812,30.27548878626822]}},{"type":"Feature","properties":{"Description":null,"Telecom_Feature_Type":"بوكس","Easting":"031° 33' 26.56\" E","Northing":"30° 16' 30.29\" N","ID":"8","GlobalID":"{D582B247-9AC5-4FEA-A901-3CE86C722927}","sectors":"القطاع الثالث","Distance":"170m","I_D":"5-2","__networkId":"telecom","__networkName":"شبكة الاتصالات","__layerId":"telecom_assets","__layerName":"مرافق الاتصالات","__assetName":"مرافق الاتصالات","__geometryKind":"point","__featureIndex":767,"__typeValue":"بوكس"},"geometry":{"type":"Point","coordinates":[31.559053797003887,30.275246028776703]}},{"type":"Feature","properties":{"Description":null,"Telecom_Feature_Type":"بوكس","Easting":"031° 33' 23.45\" E","Northing":"30° 16' 31.1\" N","ID":"2","GlobalID":"{F3E1C391-83BE-47F1-B35F-D8116A2D83E4}","sectors":"القطاع الثالث","Distance":"275m","I_D":"5-2","__networkId":"telecom","__networkName":"شبكة الاتصالات","__layerId":"telecom_assets","__layerName":"مرافق الاتصالات","__assetName":"مرافق الاتصالات","__geometryKind":"point","__featureIndex":768,"__typeValue":"بوكس"},"geometry":{"type":"Point","coordinates":[31.558189880008623,30.27547288556774]}},{"type":"Feature","properties":{"Description":null,"Telecom_Feature_Type":"بوكس","Easting":"031° 33' 24.46\" E","Northing":"30° 16' 30.24\" N","ID":"3","GlobalID":"{04032039-B7B5-4DB6-9F9F-7259C757467E}","sectors":"القطاع الثالث","Distance":"245m","I_D":"5-2","__networkId":"telecom","__networkName":"شبكة الاتصالات","__layerId":"telecom_assets","__layerName":"مرافق الاتصالات","__assetName":"مرافق الاتصالات","__geometryKind":"point","__featureIndex":769,"__typeValue":"بوكس"},"geometry":{"type":"Point","coordinates":[31.55847285022145,30.27523276031703]}},{"type":"Feature","properties":{"Description":null,"Telecom_Feature_Type":"بوكس","Easting":"031° 33' 25.43\" E","Northing":"30° 16' 29.8\" N","ID":"4","GlobalID":"{6589BDB0-D4C0-4C30-89FC-0873B473E9F3}","sectors":"القطاع الثالث","Distance":"205m","I_D":"5-2","__networkId":"telecom","__networkName":"شبكة الاتصالات","__layerId":"telecom_assets","__layerName":"مرافق الاتصالات","__assetName":"مرافق الاتصالات","__geometryKind":"point","__featureIndex":770,"__typeValue":"بوكس"},"geometry":{"type":"Point","coordinates":[31.55874169262979,30.275111206775097]}},{"type":"Feature","properties":{"Description":null,"Telecom_Feature_Type":"بوكس","Easting":"031° 33' 26.53\" E","Northing":"30° 16' 33.94\" N","ID":"9","GlobalID":"{64E16F1B-B471-44F2-ADBD-79DE7C16B52B}","sectors":"القطاع الثالث","Distance":"175m","I_D":"5-2","__networkId":"telecom","__networkName":"شبكة الاتصالات","__layerId":"telecom_assets","__layerName":"مرافق الاتصالات","__assetName":"مرافق الاتصالات","__geometryKind":"point","__featureIndex":771,"__typeValue":"بوكس"},"geometry":{"type":"Point","coordinates":[31.55904779086789,30.276259845351216]}},{"type":"Feature","properties":{"Description":null,"Telecom_Feature_Type":"بوكس","Easting":"031° 33' 27.58\" E","Northing":"30° 16' 34.74\" N","ID":"13","GlobalID":"{871FFA67-FD79-4FD2-971D-983FEB75220B}","sectors":"القطاع الثالث","Distance":"160m","I_D":"5-2","__networkId":"telecom","__networkName":"شبكة الاتصالات","__layerId":"telecom_assets","__layerName":"مرافق الاتصالات","__assetName":"مرافق الاتصالات","__geometryKind":"point","__featureIndex":772,"__typeValue":"بوكس"},"geometry":{"type":"Point","coordinates":[31.55933900492008,30.27648233909808]}},{"type":"Feature","properties":{"Description":null,"Telecom_Feature_Type":"بوكس","Easting":"031° 33' 28.17\" E","Northing":"30° 16' 34.43\" N","ID":"14","GlobalID":"{ED9D2131-5082-4BFA-864E-698CCF2B35E6}","sectors":"القطاع الثالث","Distance":"140m","I_D":"5-2","__networkId":"telecom","__networkName":"شبكة الاتصالات","__layerId":"telecom_assets","__layerName":"مرافق الاتصالات","__assetName":"مرافق الاتصالات","__geometryKind":"point","__featureIndex":773,"__typeValue":"بوكس"},"geometry":{"type":"Point","coordinates":[31.559502562980473,30.27639593651583]}},{"type":"Feature","properties":{"Description":null,"Telecom_Feature_Type":"بوكس","Easting":"031° 33' 29.06\" E","Northing":"30° 16' 33.46\" N","ID":"15","GlobalID":"{10FE4916-72BB-48B5-BF80-78F35ACF4737}","sectors":"القطاع الثالث","Distance":"100m","I_D":"5-2","__networkId":"telecom","__networkName":"شبكة الاتصالات","__layerId":"telecom_assets","__layerName":"مرافق الاتصالات","__assetName":"مرافق الاتصالات","__geometryKind":"point","__featureIndex":774,"__typeValue":"بوكس"},"geometry":{"type":"Point","coordinates":[31.559749445173374,30.27612729004969]}},{"type":"Feature","properties":{"Description":null,"Telecom_Feature_Type":"بوكس","Easting":"031° 33' 29.48\" E","Northing":"30° 16' 32.59\" N","ID":"16","GlobalID":"{76364118-9169-4E6E-8EA6-B6F3BC77631F}","sectors":"القطاع الثالث","Distance":"70m","I_D":"5-2","__networkId":"telecom","__networkName":"شبكة الاتصالات","__layerId":"telecom_assets","__layerName":"مرافق الاتصالات","__assetName":"مرافق الاتصالات","__geometryKind":"point","__featureIndex":775,"__typeValue":"بوكس"},"geometry":{"type":"Point","coordinates":[31.55986500355323,30.275885267260993]}},{"type":"Feature","properties":{"Description":null,"Telecom_Feature_Type":"بوكس","Easting":"031° 33' 26.36\" E","Northing":"30° 16' 33.41\" N","ID":"10","GlobalID":"{03DDDBEB-1DEB-40D5-9AC6-F4E64FD5C80F}","sectors":"القطاع الثالث","Distance":"165m","I_D":"5-2","__networkId":"telecom","__networkName":"شبكة الاتصالات","__layerId":"telecom_assets","__layerName":"مرافق الاتصالات","__assetName":"مرافق الاتصالات","__geometryKind":"point","__featureIndex":776,"__typeValue":"بوكس"},"geometry":{"type":"Point","coordinates":[31.559000102004415,30.27611330565467]}},{"type":"Feature","properties":{"Description":null,"Telecom_Feature_Type":"بوكس","Easting":"031° 33' 27.38\" E","Northing":"30° 16' 32.54\" N","ID":"11","GlobalID":"{2F970AB6-F3E6-459E-8510-FE9311691AAE}","sectors":"القطاع الثالث","Distance":"135m","I_D":"5-2","__networkId":"telecom","__networkName":"شبكة الاتصالات","__layerId":"telecom_assets","__layerName":"مرافق الاتصالات","__assetName":"مرافق الاتصالات","__geometryKind":"point","__featureIndex":777,"__typeValue":"بوكس"},"geometry":{"type":"Point","coordinates":[31.559281940339964,30.275871879415746]}},{"type":"Feature","properties":{"Description":null,"Telecom_Feature_Type":"بوكس","Easting":"031° 33' 28.36\" E","Northing":"30° 16' 32.11\" N","ID":"12","GlobalID":"{533890BE-98F7-4346-B96F-A45628F61089}","sectors":"القطاع الثالث","Distance":"95m","I_D":"5-2","__networkId":"telecom","__networkName":"شبكة الاتصالات","__layerId":"telecom_assets","__layerName":"مرافق الاتصالات","__assetName":"مرافق الاتصالات","__geometryKind":"point","__featureIndex":778,"__typeValue":"بوكس"},"geometry":{"type":"Point","coordinates":[31.5595558187038,30.275753147449286]}},{"type":"Feature","properties":{"Description":null,"Telecom_Feature_Type":"بوكس","Easting":"031° 33' 29.47\" E","Northing":"30° 16' 36.23\" N","ID":"25","GlobalID":"{F56FC6D6-F4A3-4B84-A82F-CE7C0B38D00B}","sectors":"القطاع الثالث","Distance":"165m","I_D":"5-2","__networkId":"telecom","__networkName":"شبكة الاتصالات","__layerId":"telecom_assets","__layerName":"مرافق الاتصالات","__assetName":"مرافق الاتصالات","__geometryKind":"point","__featureIndex":779,"__typeValue":"بوكس"},"geometry":{"type":"Point","coordinates":[31.559863836641668,30.27689738990189]}},{"type":"Feature","properties":{"Description":null,"Telecom_Feature_Type":"بوكس","Easting":"031° 33' 30.51\" E","Northing":"30° 16' 37.05\" N","ID":"21","GlobalID":"{CFFEE193-4CEA-42AF-94AC-DBFA91B2A274}","sectors":"القطاع الثالث","Distance":"180m","I_D":"5-2","__networkId":"telecom","__networkName":"شبكة الاتصالات","__layerId":"telecom_assets","__layerName":"مرافق الاتصالات","__assetName":"مرافق الاتصالات","__geometryKind":"point","__featureIndex":780,"__typeValue":"بوكس"},"geometry":{"type":"Point","coordinates":[31.560151452941145,30.27712393178716]}},{"type":"Feature","properties":{"Description":null,"Telecom_Feature_Type":"بوكس","Easting":"031° 33' 31.11\" E","Northing":"30° 16' 36.74\" N","ID":"22","GlobalID":"{0228FDA4-C9FE-4EB7-B2CD-2236C65A812F}","sectors":"القطاع الثالث","Distance":"160m","I_D":"5-2","__networkId":"telecom","__networkName":"شبكة الاتصالات","__layerId":"telecom_assets","__layerName":"مرافق الاتصالات","__assetName":"مرافق الاتصالات","__geometryKind":"point","__featureIndex":781,"__typeValue":"بوكس"},"geometry":{"type":"Point","coordinates":[31.560318005984698,30.277037802069565]}},{"type":"Feature","properties":{"Description":null,"Telecom_Feature_Type":"بوكس","Easting":"031° 33' 31.98\" E","Northing":"30° 16' 35.76\" N","ID":"23","GlobalID":"{A069D802-31C6-45B4-A79B-63054029A9EC}","sectors":"القطاع الثالث","Distance":"120m","I_D":"5-2","__networkId":"telecom","__networkName":"شبكة الاتصالات","__layerId":"telecom_assets","__layerName":"مرافق الاتصالات","__assetName":"مرافق الاتصالات","__geometryKind":"point","__featureIndex":782,"__typeValue":"بوكس"},"geometry":{"type":"Point","coordinates":[31.56056091223414,30.27676716126531]}},{"type":"Feature","properties":{"Description":null,"Telecom_Feature_Type":"بوكس","Easting":"031° 33' 32.4\" E","Northing":"30° 16' 34.89\" N","ID":"24","GlobalID":"{E333BD23-BF7A-4663-8E18-8F4872F6FE20}","sectors":"القطاع الثالث","Distance":"95m","I_D":"5-2","__networkId":"telecom","__networkName":"شبكة الاتصالات","__layerId":"telecom_assets","__layerName":"مرافق الاتصالات","__assetName":"مرافق الاتصالات","__geometryKind":"point","__featureIndex":783,"__typeValue":"بوكس"},"geometry":{"type":"Point","coordinates":[31.560676560445508,30.276525922047895]}},{"type":"Feature","properties":{"Description":null,"Telecom_Feature_Type":"بوكس","Easting":"031° 33' 29.28\" E","Northing":"30° 16' 35.71\" N","ID":"26","GlobalID":"{A8FCA26C-F23F-4D7A-B468-A38445756832}","sectors":"القطاع الثالث","Distance":"155m","I_D":"5-2","__networkId":"telecom","__networkName":"شبكة الاتصالات","__layerId":"telecom_assets","__layerName":"مرافق الاتصالات","__assetName":"مرافق الاتصالات","__geometryKind":"point","__featureIndex":784,"__typeValue":"بوكس"},"geometry":{"type":"Point","coordinates":[31.559810344661432,30.27675262227505]}},{"type":"Feature","properties":{"Description":null,"Telecom_Feature_Type":"بوكس","Easting":"031° 33' 30.29\" E","Northing":"30° 16' 34.85\" N","ID":"27","GlobalID":"{2C25BF2B-EF3C-4098-A5A9-DE59EEC56D51}","sectors":"القطاع الثالث","Distance":"115m","I_D":"5-2","__networkId":"telecom","__networkName":"شبكة الاتصالات","__layerId":"telecom_assets","__layerName":"مرافق الاتصالات","__assetName":"مرافق الاتصالات","__geometryKind":"point","__featureIndex":785,"__typeValue":"بوكس"},"geometry":{"type":"Point","coordinates":[31.56009227013357,30.276513706504367]}},{"type":"Feature","properties":{"Description":null,"Telecom_Feature_Type":"بوكس","Easting":"031° 33' 31.28\" E","Northing":"30° 16' 34.42\" N","ID":"28","GlobalID":"{4E92FF01-8C54-4252-A2CB-E9D243B51FDF}","sectors":"القطاع الثالث","Distance":"75m","I_D":"5-2","__networkId":"telecom","__networkName":"شبكة الاتصالات","__layerId":"telecom_assets","__layerName":"مرافق الاتصالات","__assetName":"مرافق الاتصالات","__geometryKind":"point","__featureIndex":786,"__typeValue":"بوكس"},"geometry":{"type":"Point","coordinates":[31.56036701986323,30.27639527787176]}},{"type":"Feature","properties":{"Description":null,"Telecom_Feature_Type":"بوكس","Easting":"031° 33' 32.77\" E","Northing":"30° 16' 38.68\" N","ID":"17","GlobalID":"{0BC2ACBC-43C6-44CD-A9CB-E7D93499CE85}","sectors":"القطاع الثالث","Distance":"265m","I_D":"5-2","__networkId":"telecom","__networkName":"شبكة الاتصالات","__layerId":"telecom_assets","__layerName":"مرافق الاتصالات","__assetName":"مرافق الاتصالات","__geometryKind":"point","__featureIndex":787,"__typeValue":"بوكس"},"geometry":{"type":"Point","coordinates":[31.560781171955295,30.27757765788521]}},{"type":"Feature","properties":{"Description":null,"Telecom_Feature_Type":"بوكس","Easting":"031° 33' 32.46\" E","Northing":"30° 16' 38.2\" N","ID":"18","GlobalID":"{9427A352-B2A7-413D-B959-BF35633940B6}","sectors":"القطاع الثالث","Distance":"255m","I_D":"5-2","__networkId":"telecom","__networkName":"شبكة الاتصالات","__layerId":"telecom_assets","__layerName":"مرافق الاتصالات","__assetName":"مرافق الاتصالات","__geometryKind":"point","__featureIndex":788,"__typeValue":"بوكس"},"geometry":{"type":"Point","coordinates":[31.56069239594734,30.277444136190386]}},{"type":"Feature","properties":{"Description":null,"Telecom_Feature_Type":"بوكس","Easting":"031° 33' 33.27\" E","Northing":"30° 16' 37.19\" N","ID":"19","GlobalID":"{A98F8147-25D9-4FAD-AA6A-9F7F8EAAAEB7}","sectors":"القطاع الثالث","Distance":"215m","I_D":"5-2","__networkId":"telecom","__networkName":"شبكة الاتصالات","__layerId":"telecom_assets","__layerName":"مرافق الاتصالات","__assetName":"مرافق الاتصالات","__geometryKind":"point","__featureIndex":789,"__typeValue":"بوكس"},"geometry":{"type":"Point","coordinates":[31.560919878123386,30.277162310506466]}},{"type":"Feature","properties":{"Description":null,"Telecom_Feature_Type":"بوكس","Easting":"031° 33' 34.13\" E","Northing":"30° 16' 36.59\" N","ID":"20","GlobalID":"{E19B5D79-2964-415A-A0BA-22A4ED2F4876}","sectors":"القطاع الثالث","Distance":"175m","I_D":"5-2","__networkId":"telecom","__networkName":"شبكة الاتصالات","__layerId":"telecom_assets","__layerName":"مرافق الاتصالات","__assetName":"مرافق الاتصالات","__geometryKind":"point","__featureIndex":790,"__typeValue":"بوكس"},"geometry":{"type":"Point","coordinates":[31.561157063002785,30.27699600364876]}},{"type":"Feature","properties":{"Description":null,"Telecom_Feature_Type":"بوكس","Easting":"031° 33' 20.11\" E","Northing":"30° 16' 34.92\" N","ID":"20","GlobalID":"{BB67EB9F-C0E8-477B-B378-3A272E080F9E}","sectors":"القطاع الثالث","Distance":"195m","I_D":"8-2","__networkId":"telecom","__networkName":"شبكة الاتصالات","__layerId":"telecom_assets","__layerName":"مرافق الاتصالات","__assetName":"مرافق الاتصالات","__geometryKind":"point","__featureIndex":791,"__typeValue":"بوكس"},"geometry":{"type":"Point","coordinates":[31.557262513208236,30.27653181492607]}},{"type":"Feature","properties":{"Description":null,"Telecom_Feature_Type":"بوكس","Easting":"031° 33' 20.54\" E","Northing":"30° 16' 34.03\" N","ID":"19","GlobalID":"{CCC5FB3C-4D9E-4120-A37E-E78FECF8945F}","sectors":"القطاع الثالث","Distance":"230m","I_D":"8-2","__networkId":"telecom","__networkName":"شبكة الاتصالات","__layerId":"telecom_assets","__layerName":"مرافق الاتصالات","__assetName":"مرافق الاتصالات","__geometryKind":"point","__featureIndex":792,"__typeValue":"بوكس"},"geometry":{"type":"Point","coordinates":[31.55738128845509,30.27628520899821]}},{"type":"Feature","properties":{"Description":null,"Telecom_Feature_Type":"بوكس","Easting":"031° 33' 21.4\" E","Northing":"30° 16' 33.04\" N","ID":"18","GlobalID":"{E6E19DD6-CF0C-4D20-BC07-5E6EF999C7C1}","sectors":"القطاع الثالث","Distance":"265m","I_D":"8-2","__networkId":"telecom","__networkName":"شبكة الاتصالات","__layerId":"telecom_assets","__layerName":"مرافق الاتصالات","__assetName":"مرافق الاتصالات","__geometryKind":"point","__featureIndex":793,"__typeValue":"بوكس"},"geometry":{"type":"Point","coordinates":[31.557622300157593,30.2760117189652]}},{"type":"Feature","properties":{"Description":null,"Telecom_Feature_Type":"بوكس","Easting":"031° 33' 22.0\" E","Northing":"30° 16' 32.63\" N","ID":"17","GlobalID":"{E642C719-8204-44BB-A526-DB3FF33E3BDA}","sectors":"القطاع الثالث","Distance":"290m","I_D":"8-2","__networkId":"telecom","__networkName":"شبكة الاتصالات","__layerId":"telecom_assets","__layerName":"مرافق الاتصالات","__assetName":"مرافق الاتصالات","__geometryKind":"point","__featureIndex":794,"__typeValue":"بوكس"},"geometry":{"type":"Point","coordinates":[31.557787563220415,30.275896274198736]}},{"type":"Feature","properties":{"Description":null,"Telecom_Feature_Type":"بوكس","Easting":"031° 33' 21.37\" E","Northing":"30° 16' 35.23\" N","ID":"24","GlobalID":"{94649CB9-5A89-4F1E-A761-34DAFE49D481}","sectors":"القطاع الثالث","Distance":"175m","I_D":"8-2","__networkId":"telecom","__networkName":"شبكة الاتصالات","__layerId":"telecom_assets","__layerName":"مرافق الاتصالات","__assetName":"مرافق الاتصالات","__geometryKind":"point","__featureIndex":795,"__typeValue":"بوكس"},"geometry":{"type":"Point","coordinates":[31.557614200946993,30.276620000921433]}},{"type":"Feature","properties":{"Description":null,"Telecom_Feature_Type":"بوكس","Easting":"031° 33' 22.33\" E","Northing":"30° 16' 34.82\" N","ID":"23","GlobalID":"{1234CEBC-C225-41BF-8B39-6D98054A4798}","sectors":"القطاع الثالث","Distance":"205m","I_D":"8-2","__networkId":"telecom","__networkName":"شبكة الاتصالات","__layerId":"telecom_assets","__layerName":"مرافق الاتصالات","__assetName":"مرافق الاتصالات","__geometryKind":"point","__featureIndex":796,"__typeValue":"بوكس"},"geometry":{"type":"Point","coordinates":[31.557879443806005,30.276504926920996]}},{"type":"Feature","properties":{"Description":null,"Telecom_Feature_Type":"بوكس","Easting":"031° 33' 23.35\" E","Northing":"30° 16' 33.95\" N","ID":"22","GlobalID":"{A4B71128-E5B6-4863-98A2-CF131EF373B4}","sectors":"القطاع الثالث","Distance":"240m","I_D":"8-2","__networkId":"telecom","__networkName":"شبكة الاتصالات","__layerId":"telecom_assets","__layerName":"مرافق الاتصالات","__assetName":"مرافق الاتصالات","__geometryKind":"point","__featureIndex":797,"__typeValue":"بوكس"},"geometry":{"type":"Point","coordinates":[31.558162876651203,30.27626364206321]}},{"type":"Feature","properties":{"Description":null,"Telecom_Feature_Type":"بوكس","Easting":"031° 33' 23.09\" E","Northing":"30° 16' 37.13\" N","ID":"28","GlobalID":"{1D45A626-1A94-4A47-A8AF-F74667341690}","sectors":"القطاع الثالث","Distance":"90m","I_D":"8-2","__networkId":"telecom","__networkName":"شبكة الاتصالات","__layerId":"telecom_assets","__layerName":"مرافق الاتصالات","__assetName":"مرافق الاتصالات","__geometryKind":"point","__featureIndex":798,"__typeValue":"بوكس"},"geometry":{"type":"Point","coordinates":[31.558092136119207,30.277147045442685]}},{"type":"Feature","properties":{"Description":null,"Telecom_Feature_Type":"بوكس","Easting":"031° 33' 23.52\" E","Northing":"30° 16' 36.26\" N","ID":"27","GlobalID":"{EAEDFE06-5288-4DC6-8C80-A51A071355CB}","sectors":"القطاع الثالث","Distance":"125m","I_D":"8-2","__networkId":"telecom","__networkName":"شبكة الاتصالات","__layerId":"telecom_assets","__layerName":"مرافق الاتصالات","__assetName":"مرافق الاتصالات","__geometryKind":"point","__featureIndex":799,"__typeValue":"بوكس"},"geometry":{"type":"Point","coordinates":[31.55820980194669,30.276903977860297]}},{"type":"Feature","properties":{"Description":null,"Telecom_Feature_Type":"بوكس","Easting":"031° 33' 24.38\" E","Northing":"30° 16' 35.23\" N","ID":"26","GlobalID":"{3DDE5D2E-1D9A-446B-B6CE-A29E199CFCE5}","sectors":"القطاع الثالث","Distance":"165m","I_D":"8-2","__networkId":"telecom","__networkName":"شبكة الاتصالات","__layerId":"telecom_assets","__layerName":"مرافق الاتصالات","__assetName":"مرافق الاتصالات","__geometryKind":"point","__featureIndex":800,"__typeValue":"بوكس"},"geometry":{"type":"Point","coordinates":[31.558448078279156,30.27662015607866]}},{"type":"Feature","properties":{"Description":null,"Telecom_Feature_Type":"بوكس","Easting":"031° 33' 25.01\" E","Northing":"30° 16' 34.97\" N","ID":"25","GlobalID":"{2EB15876-1DA2-4506-9776-D09E71C37B01}","sectors":"القطاع الثالث","Distance":"175m","I_D":"8-2","__networkId":"telecom","__networkName":"شبكة الاتصالات","__layerId":"telecom_assets","__layerName":"مرافق الاتصالات","__assetName":"مرافق الاتصالات","__geometryKind":"point","__featureIndex":801,"__typeValue":"بوكس"},"geometry":{"type":"Point","coordinates":[31.558624174126006,30.27654784035671]}},{"type":"Feature","properties":{"Description":null,"Telecom_Feature_Type":"بوكس","Easting":"031° 33' 24.22\" E","Northing":"30° 16' 37.62\" N","ID":"32","GlobalID":"{A9B4FFD5-8CE1-47EB-BB5A-F56E6C11FF18}","sectors":"القطاع الثالث","Distance":"65m","I_D":"8-2","__networkId":"telecom","__networkName":"شبكة الاتصالات","__layerId":"telecom_assets","__layerName":"مرافق الاتصالات","__assetName":"مرافق الاتصالات","__geometryKind":"point","__featureIndex":802,"__typeValue":"بوكس"},"geometry":{"type":"Point","coordinates":[31.55840420905227,30.277282190475663]}},{"type":"Feature","properties":{"Description":null,"Telecom_Feature_Type":"بوكس","Easting":"031° 33' 25.18\" E","Northing":"30° 16' 37.23\" N","ID":"31","GlobalID":"{7688C641-1347-40E7-90B7-D565284A87EC}","sectors":"القطاع الثالث","Distance":"100m","I_D":"8-2","__networkId":"telecom","__networkName":"شبكة الاتصالات","__layerId":"telecom_assets","__layerName":"مرافق الاتصالات","__assetName":"مرافق الاتصالات","__geometryKind":"point","__featureIndex":803,"__typeValue":"بوكس"},"geometry":{"type":"Point","coordinates":[31.558671807293933,30.277173420479983]}},{"type":"Feature","properties":{"Description":null,"Telecom_Feature_Type":"بوكس","Easting":"031° 33' 26.0\" E","Northing":"30° 16' 35.78\" N","ID":"29","GlobalID":"{7796AE70-32E4-45E9-A95E-DCC3499BA78F}","sectors":"القطاع الثالث","Distance":"160m","I_D":"8-2","__networkId":"telecom","__networkName":"شبكة الاتصالات","__layerId":"telecom_assets","__layerName":"مرافق الاتصالات","__assetName":"مرافق الاتصالات","__geometryKind":"point","__featureIndex":804,"__typeValue":"بوكس"},"geometry":{"type":"Point","coordinates":[31.558900243480796,30.276770908307398]}},{"type":"Feature","properties":{"Description":null,"Telecom_Feature_Type":"بوكس","Easting":"031° 33' 26.39\" E","Northing":"30° 16' 38.58\" N","ID":"15","GlobalID":"{139B45A4-A26F-4A81-92B3-97C98BD0F80D}","sectors":"القطاع الثالث","Distance":"90m","I_D":"8-2","__networkId":"telecom","__networkName":"شبكة الاتصالات","__layerId":"telecom_assets","__layerName":"مرافق الاتصالات","__assetName":"مرافق الاتصالات","__geometryKind":"point","__featureIndex":805,"__typeValue":"بوكس"},"geometry":{"type":"Point","coordinates":[31.559006279718616,30.277549942410506]}},{"type":"Feature","properties":{"Description":null,"Telecom_Feature_Type":"بوكس","Easting":"031° 33' 27.22\" E","Northing":"30° 16' 37.62\" N","ID":"14","GlobalID":"{428085B1-60DF-4C65-AAC3-55B4FB0AE411}","sectors":"القطاع الثالث","Distance":"130m","I_D":"8-2","__networkId":"telecom","__networkName":"شبكة الاتصالات","__layerId":"telecom_assets","__layerName":"مرافق الاتصالات","__assetName":"مرافق الاتصالات","__geometryKind":"point","__featureIndex":806,"__typeValue":"بوكس"},"geometry":{"type":"Point","coordinates":[31.55923929282186,30.277284444895415]}},{"type":"Feature","properties":{"Description":null,"Telecom_Feature_Type":"بوكس","Easting":"031° 33' 27.81\" E","Northing":"30° 16' 37.2\" N","ID":"13","GlobalID":"{E1106082-3419-496D-A581-ACEB82ED8F20}","sectors":"القطاع الثالث","Distance":"160m","I_D":"8-2","__networkId":"telecom","__networkName":"شبكة الاتصالات","__layerId":"telecom_assets","__layerName":"مرافق الاتصالات","__assetName":"مرافق الاتصالات","__geometryKind":"point","__featureIndex":807,"__typeValue":"بوكس"},"geometry":{"type":"Point","coordinates":[31.559401658817876,30.277166052103016]}},{"type":"Feature","properties":{"Description":null,"Telecom_Feature_Type":"بوكس","Easting":"031° 33' 28.91\" E","Northing":"30° 16' 37.98\" N","ID":"4","GlobalID":"{49806177-FA92-45CA-B4C2-464F627BE711}","sectors":"القطاع الثالث","Distance":"180m","I_D":"8-2","__networkId":"telecom","__networkName":"شبكة الاتصالات","__layerId":"telecom_assets","__layerName":"مرافق الاتصالات","__assetName":"مرافق الاتصالات","__geometryKind":"point","__featureIndex":808,"__typeValue":"بوكس"},"geometry":{"type":"Point","coordinates":[31.559706644941667,30.27738268975775]}},{"type":"Feature","properties":{"Description":null,"Telecom_Feature_Type":"بوكس","Easting":"031° 33' 35.32\" E","Northing":"30° 16' 36.84\" N","ID":"20","GlobalID":"{EA16318D-5B99-4717-8BC1-871C7C2212E1}","sectors":"القطاع الثالث","Distance":"140m","I_D":"6-1","__networkId":"telecom","__networkName":"شبكة الاتصالات","__layerId":"telecom_assets","__layerName":"مرافق الاتصالات","__assetName":"مرافق الاتصالات","__geometryKind":"point","__featureIndex":809,"__typeValue":"بوكس"},"geometry":{"type":"Point","coordinates":[31.56148711751291,30.277067380343347]}},{"type":"Feature","properties":{"Description":null,"Telecom_Feature_Type":"بوكس","Easting":"031° 33' 35.13\" E","Northing":"30° 16' 37.77\" N","ID":"19","GlobalID":"{D78616F8-A4BD-42C0-9AAB-18413F4A1A07}","sectors":"القطاع الثالث","Distance":"175m","I_D":"6-1","__networkId":"telecom","__networkName":"شبكة الاتصالات","__layerId":"telecom_assets","__layerName":"مرافق الاتصالات","__assetName":"مرافق الاتصالات","__geometryKind":"point","__featureIndex":810,"__typeValue":"بوكس"},"geometry":{"type":"Point","coordinates":[31.56143442503327,30.277325064782506]}},{"type":"Feature","properties":{"Description":null,"Telecom_Feature_Type":"بوكس","Easting":"031° 33' 37.41\" E","Northing":"30° 16' 37.75\" N","ID":"24","GlobalID":"{1985434D-6B7F-4950-8360-8C9F3EE061B1}","sectors":"القطاع الثالث","Distance":"90m","I_D":"6-1","__networkId":"telecom","__networkName":"شبكة الاتصالات","__layerId":"telecom_assets","__layerName":"مرافق الاتصالات","__assetName":"مرافق الاتصالات","__geometryKind":"point","__featureIndex":811,"__typeValue":"بوكس"},"geometry":{"type":"Point","coordinates":[31.562069858230988,30.277317874070732]}},{"type":"Feature","properties":{"Description":null,"Telecom_Feature_Type":"بوكس","Easting":"031° 33' 36.96\" E","Northing":"30° 16' 38.6\" N","ID":"25","GlobalID":"{D83B8471-F105-47DD-8868-4FBBF35CC7F7}","sectors":"القطاع الثالث","Distance":"120m","I_D":"6-1","__networkId":"telecom","__networkName":"شبكة الاتصالات","__layerId":"telecom_assets","__layerName":"مرافق الاتصالات","__assetName":"مرافق الاتصالات","__geometryKind":"point","__featureIndex":812,"__typeValue":"بوكس"},"geometry":{"type":"Point","coordinates":[31.561943258657973,30.277555988055617]}},{"type":"Feature","properties":{"Description":null,"Telecom_Feature_Type":"بوكس","Easting":"031° 33' 38.64\" E","Northing":"30° 16' 37.53\" N","ID":"28","GlobalID":"{4A857920-479D-4D93-B3F6-1529839784A5}","sectors":"القطاع الثالث","Distance":"50m","I_D":"6-1","__networkId":"telecom","__networkName":"شبكة الاتصالات","__layerId":"telecom_assets","__layerName":"مرافق الاتصالات","__assetName":"مرافق الاتصالات","__geometryKind":"point","__featureIndex":813,"__typeValue":"بوكس"},"geometry":{"type":"Point","coordinates":[31.562410186772983,30.277258029547294]}},{"type":"Feature","properties":{"Description":null,"Telecom_Feature_Type":"بوكس","Easting":"031° 33' 41.08\" E","Northing":"30° 16' 38.49\" N","ID":"15","GlobalID":"{1C18072A-F2A3-4953-9C01-B0C2F466DA69}","sectors":"القطاع الثالث","Distance":"100m","I_D":"6-1","__networkId":"telecom","__networkName":"شبكة الاتصالات","__layerId":"telecom_assets","__layerName":"مرافق الاتصالات","__assetName":"مرافق الاتصالات","__geometryKind":"point","__featureIndex":814,"__typeValue":"بوكس"},"geometry":{"type":"Point","coordinates":[31.563087679092273,30.277525714831015]}},{"type":"Feature","properties":{"Description":null,"Telecom_Feature_Type":"بوكس","Easting":"031° 33' 41.07\" E","Northing":"30° 16' 37.54\" N","ID":"16","GlobalID":"{ED8F6C86-44D7-45EE-9368-6EEF1A5B4004}","sectors":"القطاع الثالث","Distance":"65m","I_D":"6-1","__networkId":"telecom","__networkName":"شبكة الاتصالات","__layerId":"telecom_assets","__layerName":"مرافق الاتصالات","__assetName":"مرافق الاتصالات","__geometryKind":"point","__featureIndex":815,"__typeValue":"بوكس"},"geometry":{"type":"Point","coordinates":[31.56308534437085,30.277261716835508]}},{"type":"Feature","properties":{"Description":null,"Telecom_Feature_Type":"بوكس","Easting":"031° 33' 42.04\" E","Northing":"30° 16' 36.89\" N","ID":"12","GlobalID":"{28C5E7E1-0538-411D-A3F2-812653A329AA}","sectors":"القطاع الثالث","Distance":"70m","I_D":"6-1","__networkId":"telecom","__networkName":"شبكة الاتصالات","__layerId":"telecom_assets","__layerName":"مرافق الاتصالات","__assetName":"مرافق الاتصالات","__geometryKind":"point","__featureIndex":816,"__typeValue":"بوكس"},"geometry":{"type":"Point","coordinates":[31.56335549023468,30.277080857240538]}},{"type":"Feature","properties":{"Description":null,"Telecom_Feature_Type":"بوكس","Easting":"031° 33' 46.42\" E","Northing":"30° 16' 19.7\" N","ID":"9","GlobalID":"{123E9FDB-60DE-4D29-BDF9-99C56425ECA0}","sectors":"القطاع الاول","Distance":"135m","I_D":"7-2","__networkId":"telecom","__networkName":"شبكة الاتصالات","__layerId":"telecom_assets","__layerName":"مرافق الاتصالات","__assetName":"مرافق الاتصالات","__geometryKind":"point","__featureIndex":817,"__typeValue":"بوكس"},"geometry":{"type":"Point","coordinates":[31.56457219450662,30.272306483122676]}},{"type":"Feature","properties":{"Description":null,"Telecom_Feature_Type":"بوكس","Easting":"031° 33' 40.75\" E","Northing":"30° 16' 46.17\" N","ID":"36","GlobalID":"{34EA560C-A61B-47F2-BD40-54B642A4DD50}","sectors":"القطاع الثالث","Distance":"85m","I_D":"8-3","__networkId":"telecom","__networkName":"شبكة الاتصالات","__layerId":"telecom_assets","__layerName":"مرافق الاتصالات","__assetName":"مرافق الاتصالات","__geometryKind":"point","__featureIndex":818,"__typeValue":"بوكس"},"geometry":{"type":"Point","coordinates":[31.562997937395405,30.27965734113182]}},{"type":"Feature","properties":{"Description":null,"Telecom_Feature_Type":"بوكس","Easting":"031° 33' 40.6\" E","Northing":"30° 16' 46.19\" N","ID":"35","GlobalID":"{99E1AED5-4703-4D8B-BA5C-F838834B0FC4}","sectors":"القطاع الثالث","Distance":"90m","I_D":"8-3","__networkId":"telecom","__networkName":"شبكة الاتصالات","__layerId":"telecom_assets","__layerName":"مرافق الاتصالات","__assetName":"مرافق الاتصالات","__geometryKind":"point","__featureIndex":819,"__typeValue":"بوكس"},"geometry":{"type":"Point","coordinates":[31.562956273532524,30.27966479232831]}},{"type":"Feature","properties":{"Description":null,"Telecom_Feature_Type":"بوكس","Easting":"031° 33' 58.59\" E","Northing":"30° 16' 19.6\" N","ID":"26","GlobalID":"{78070206-8431-4361-81EC-5738F4788FF7}","sectors":"القطاع الثاني","Distance":"210m","I_D":"10-4","__networkId":"telecom","__networkName":"شبكة الاتصالات","__layerId":"telecom_assets","__layerName":"مرافق الاتصالات","__assetName":"مرافق الاتصالات","__geometryKind":"point","__featureIndex":820,"__typeValue":"بوكس"},"geometry":{"type":"Point","coordinates":[31.56795131973726,30.272276054666367]}},{"type":"Feature","properties":{"Description":null,"Telecom_Feature_Type":"بوكس","Easting":"031° 33' 22.35\" E","Northing":"30° 16' 5.69\" N","ID":"18","GlobalID":"{E92E8C65-5DC9-4651-A9AF-0BA5AC927FE6}","sectors":"القطاع الثاني","Distance":"70m","I_D":"7-2","__networkId":"telecom","__networkName":"شبكة الاتصالات","__layerId":"telecom_assets","__layerName":"مرافق الاتصالات","__assetName":"مرافق الاتصالات","__geometryKind":"point","__featureIndex":821,"__typeValue":"بوكس"},"geometry":{"type":"Point","coordinates":[31.557885403229616,30.268413119631308]}},{"type":"Feature","properties":{"Description":null,"Telecom_Feature_Type":"بوكس","Easting":"031° 33' 36.52\" E","Northing":"30° 15' 50.93\" N","ID":"15","GlobalID":"{EEE0FCCD-8B6F-4AD7-8F0C-37BA17FDB461}","sectors":"القطاع الثاني","Distance":"210m","I_D":"4-4","__networkId":"telecom","__networkName":"شبكة الاتصالات","__layerId":"telecom_assets","__layerName":"مرافق الاتصالات","__assetName":"مرافق الاتصالات","__geometryKind":"point","__featureIndex":822,"__typeValue":"بوكس"},"geometry":{"type":"Point","coordinates":[31.561820833556112,30.26431335658067]}},{"type":"Feature","properties":{"Description":null,"Telecom_Feature_Type":"بوكس","Easting":"031° 33' 35.79\" E","Northing":"30° 15' 51.62\" N","ID":"14","GlobalID":"{970B7AD6-EDFD-4686-8D86-C6D6B1F94A36}","sectors":"القطاع الثاني","Distance":"245m","I_D":"4-4","__networkId":"telecom","__networkName":"شبكة الاتصالات","__layerId":"telecom_assets","__layerName":"مرافق الاتصالات","__assetName":"مرافق الاتصالات","__geometryKind":"point","__featureIndex":823,"__typeValue":"بوكس"},"geometry":{"type":"Point","coordinates":[31.56161882131333,30.26450483980117]}},{"type":"Feature","properties":{"Description":null,"Telecom_Feature_Type":"بوكس","Easting":"031° 33' 35.75\" E","Northing":"30° 15' 52.59\" N","ID":"13","GlobalID":"{BEAC0369-F9B3-45BA-A401-12DAC009ED4E}","sectors":"القطاع الثاني","Distance":"280m","I_D":"4-4","__networkId":"telecom","__networkName":"شبكة الاتصالات","__layerId":"telecom_assets","__layerName":"مرافق الاتصالات","__assetName":"مرافق الاتصالات","__geometryKind":"point","__featureIndex":824,"__typeValue":"بوكس"},"geometry":{"type":"Point","coordinates":[31.561607987631007,30.26477524518447]}},{"type":"Feature","properties":{"Description":null,"Telecom_Feature_Type":"بوكس","Easting":"031° 33' 31.63\" E","Northing":"30° 15' 49.56\" N","ID":"25","GlobalID":"{23EB9489-6BFF-4541-ACB3-6A3A4FFE8408}","sectors":"القطاع الثاني","Distance":"75m","I_D":"4-4","__networkId":"telecom","__networkName":"شبكة الاتصالات","__layerId":"telecom_assets","__layerName":"مرافق الاتصالات","__assetName":"مرافق الاتصالات","__geometryKind":"point","__featureIndex":825,"__typeValue":"بوكس"},"geometry":{"type":"Point","coordinates":[31.560462692237635,30.26393283849327]}},{"type":"Feature","properties":{"Description":null,"Telecom_Feature_Type":"بوكس","Easting":"031° 33' 31.15\" E","Northing":"30° 15' 50.38\" N","ID":"24","GlobalID":"{550626BF-2C6D-4432-9BDE-C52C3671373F}","sectors":"القطاع الثاني","Distance":"105m","I_D":"4-4","__networkId":"telecom","__networkName":"شبكة الاتصالات","__layerId":"telecom_assets","__layerName":"مرافق الاتصالات","__assetName":"مرافق الاتصالات","__geometryKind":"point","__featureIndex":826,"__typeValue":"بوكس"},"geometry":{"type":"Point","coordinates":[31.560328952854757,30.264159769533986]}},{"type":"Feature","properties":{"Description":null,"Telecom_Feature_Type":"بوكس","Easting":"031° 33' 31.32\" E","Northing":"30° 15' 51.3\" N","ID":"23","GlobalID":"{E76D9239-C31F-481A-BE0F-FEF76A5DBA91}","sectors":"القطاع الثاني","Distance":"140m","I_D":"4-4","__networkId":"telecom","__networkName":"شبكة الاتصالات","__layerId":"telecom_assets","__layerName":"مرافق الاتصالات","__assetName":"مرافق الاتصالات","__geometryKind":"point","__featureIndex":827,"__typeValue":"بوكس"},"geometry":{"type":"Point","coordinates":[31.560377566982986,30.26441709914073]}},{"type":"Feature","properties":{"Description":null,"Telecom_Feature_Type":"بوكس","Easting":"031° 33' 31.24\" E","Northing":"30° 15' 52.53\" N","ID":"22","GlobalID":"{CFE933C7-7E0B-4AE4-902F-3990B0AE6B58}","sectors":"القطاع الثاني","Distance":"175m","I_D":"4-4","__networkId":"telecom","__networkName":"شبكة الاتصالات","__layerId":"telecom_assets","__layerName":"مرافق الاتصالات","__assetName":"مرافق الاتصالات","__geometryKind":"point","__featureIndex":828,"__typeValue":"بوكس"},"geometry":{"type":"Point","coordinates":[31.560353993393285,30.264757550465614]}},{"type":"Feature","properties":{"Description":null,"Telecom_Feature_Type":"بوكس","Easting":"031° 33' 25.65\" E","Northing":"30° 15' 51.18\" N","ID":"8","GlobalID":"{D8A90BF3-6FFD-45D4-99E0-51B7366B526D}","sectors":"القطاع الثاني","Distance":"215m","I_D":"4-4","__networkId":"telecom","__networkName":"شبكة الاتصالات","__layerId":"telecom_assets","__layerName":"مرافق الاتصالات","__assetName":"مرافق الاتصالات","__geometryKind":"point","__featureIndex":829,"__typeValue":"بوكس"},"geometry":{"type":"Point","coordinates":[31.558802672067895,30.264382656148104]}},{"type":"Feature","properties":{"Description":null,"Telecom_Feature_Type":"بوكس","Easting":"031° 33' 34.37\" E","Northing":"30° 15' 50.63\" N","ID":"20","GlobalID":"{B3626711-4CCC-4F0C-896A-C265BE00D458}","sectors":"القطاع الثاني","Distance":"180m","I_D":"4-4","__networkId":"telecom","__networkName":"شبكة الاتصالات","__layerId":"telecom_assets","__layerName":"مرافق الاتصالات","__assetName":"مرافق الاتصالات","__geometryKind":"point","__featureIndex":830,"__typeValue":"بوكس"},"geometry":{"type":"Point","coordinates":[31.561225465220108,30.26422998320147]}},{"type":"Feature","properties":{"Description":null,"Telecom_Feature_Type":"بوكس","Easting":"031° 33' 34.33\" E","Northing":"30° 15' 51.57\" N","ID":"19","GlobalID":"{D10170FD-2BD3-4BA4-898D-56EF584D4998}","sectors":"القطاع الثاني","Distance":"210m","I_D":"4-4","__networkId":"telecom","__networkName":"شبكة الاتصالات","__layerId":"telecom_assets","__layerName":"مرافق الاتصالات","__assetName":"مرافق الاتصالات","__geometryKind":"point","__featureIndex":831,"__typeValue":"بوكس"},"geometry":{"type":"Point","coordinates":[31.561213345150264,30.26449105858332]}},{"type":"Feature","properties":{"Description":null,"Telecom_Feature_Type":"بوكس","Easting":"031° 33' 33.61\" E","Northing":"30° 15' 52.25\" N","ID":"18","GlobalID":"{7B1626EA-CF6C-4A2A-9656-C8D811B8F147}","sectors":"القطاع الثاني","Distance":"245m","I_D":"4-4","__networkId":"telecom","__networkName":"شبكة الاتصالات","__layerId":"telecom_assets","__layerName":"مرافق الاتصالات","__assetName":"مرافق الاتصالات","__geometryKind":"point","__featureIndex":832,"__typeValue":"بوكس"},"geometry":{"type":"Point","coordinates":[31.561012404597626,30.264679182669965]}},{"type":"Feature","properties":{"Description":null,"Telecom_Feature_Type":"بوكس","Easting":"031° 33' 29.45\" E","Northing":"30° 15' 49.68\" N","ID":"30","GlobalID":"{FDD97C2A-BB4C-41DC-89D2-A94780336E39}","sectors":"القطاع الثاني","Distance":"40m","I_D":"4-4","__networkId":"telecom","__networkName":"شبكة الاتصالات","__layerId":"telecom_assets","__layerName":"مرافق الاتصالات","__assetName":"مرافق الاتصالات","__geometryKind":"point","__featureIndex":833,"__typeValue":"بوكس"},"geometry":{"type":"Point","coordinates":[31.559857848471978,30.263965461414422]}},{"type":"Feature","properties":{"Description":null,"Telecom_Feature_Type":"بوكس","Easting":"031° 33' 29.13\" E","Northing":"30° 15' 51.4\" N","ID":"28","GlobalID":"{90B8BB93-B08B-4023-AF2A-C03DBC11E8B0}","sectors":"القطاع الثاني","Distance":"110m","I_D":"4-4","__networkId":"telecom","__networkName":"شبكة الاتصالات","__layerId":"telecom_assets","__layerName":"مرافق الاتصالات","__assetName":"مرافق الاتصالات","__geometryKind":"point","__featureIndex":834,"__typeValue":"بوكس"},"geometry":{"type":"Point","coordinates":[31.55976829631963,30.26444361027451]}},{"type":"Feature","properties":{"Description":null,"Telecom_Feature_Type":"بوكس","Easting":"031° 33' 28.8\" E","Northing":"30° 15' 52.6\" N","ID":"27","GlobalID":"{10C5FF78-0DE4-4E75-B942-A29418D7438A}","sectors":"القطاع الثاني","Distance":"145m","I_D":"4-4","__networkId":"telecom","__networkName":"شبكة الاتصالات","__layerId":"telecom_assets","__layerName":"مرافق الاتصالات","__assetName":"مرافق الاتصالات","__geometryKind":"point","__featureIndex":835,"__typeValue":"بوكس"},"geometry":{"type":"Point","coordinates":[31.55967824021238,30.26477745721806]}},{"type":"Feature","properties":{"Description":null,"Telecom_Feature_Type":"بوكس","Easting":"031° 33' 23.15\" E","Northing":"30° 15' 50.36\" N","ID":"5","GlobalID":"{955FA724-836B-4DE7-8B75-2826A950DC21}","sectors":"القطاع الثاني","Distance":"200m","I_D":"4-4","__networkId":"telecom","__networkName":"شبكة الاتصالات","__layerId":"telecom_assets","__layerName":"مرافق الاتصالات","__assetName":"مرافق الاتصالات","__geometryKind":"point","__featureIndex":836,"__typeValue":"بوكس"},"geometry":{"type":"Point","coordinates":[31.558108469287703,30.264154792233064]}},{"type":"Feature","properties":{"Description":null,"Telecom_Feature_Type":"بوكس","Easting":"031° 33' 23.79\" E","Northing":"30° 15' 51.13\" N","ID":"4","GlobalID":"{FE6A5530-6595-4A2C-97C2-C7819DE825E6}","sectors":"القطاع الثاني","Distance":"240m","I_D":"4-4","__networkId":"telecom","__networkName":"شبكة الاتصالات","__layerId":"telecom_assets","__layerName":"مرافق الاتصالات","__assetName":"مرافق الاتصالات","__geometryKind":"point","__featureIndex":837,"__typeValue":"بوكس"},"geometry":{"type":"Point","coordinates":[31.558284493269316,30.26436773824428]}},{"type":"Feature","properties":{"Description":null,"Telecom_Feature_Type":"بوكس","Easting":"031° 33' 23.68\" E","Northing":"30° 15' 52.07\" N","ID":"3","GlobalID":"{BBB41A2D-B957-4149-8A5A-EE25FEBA17C9}","sectors":"القطاع الثاني","Distance":"270m","I_D":"4-4","__networkId":"telecom","__networkName":"شبكة الاتصالات","__layerId":"telecom_assets","__layerName":"مرافق الاتصالات","__assetName":"مرافق الاتصالات","__geometryKind":"point","__featureIndex":838,"__typeValue":"بوكس"},"geometry":{"type":"Point","coordinates":[31.55825493959477,30.264630402264284]}},{"type":"Feature","properties":{"Description":null,"Telecom_Feature_Type":"بوكس","Easting":"031° 33' 23.97\" E","Northing":"30° 15' 53.28\" N","ID":"2","GlobalID":"{F3D54674-7BFA-4D46-A213-80022F348123}","sectors":"القطاع الثاني","Distance":"310m","I_D":"4-4","__networkId":"telecom","__networkName":"شبكة الاتصالات","__layerId":"telecom_assets","__layerName":"مرافق الاتصالات","__assetName":"مرافق الاتصالات","__geometryKind":"point","__featureIndex":839,"__typeValue":"بوكس"},"geometry":{"type":"Point","coordinates":[31.558336246111132,30.26496568549954]}},{"type":"Feature","properties":{"Description":null,"Telecom_Feature_Type":"بوكس","Easting":"031° 33' 24.72\" E","Northing":"30° 15' 53.45\" N","ID":"1","GlobalID":"{6180A863-353D-43CA-AC74-F801D2192702}","sectors":"القطاع الثاني","Distance":"325m","I_D":"4-4","__networkId":"telecom","__networkName":"شبكة الاتصالات","__layerId":"telecom_assets","__layerName":"مرافق الاتصالات","__assetName":"مرافق الاتصالات","__geometryKind":"point","__featureIndex":840,"__typeValue":"بوكس"},"geometry":{"type":"Point","coordinates":[31.558544591476682,30.265013551754357]}},{"type":"Feature","properties":{"Description":null,"Telecom_Feature_Type":"بوكس","Easting":"031° 33' 26.08\" E","Northing":"30° 15' 53.12\" N","ID":"6","GlobalID":"{58AEC340-220B-4703-A629-55EF5639730F}","sectors":"القطاع الثاني","Distance":"265m","I_D":"4-4","__networkId":"telecom","__networkName":"شبكة الاتصالات","__layerId":"telecom_assets","__layerName":"مرافق الاتصالات","__assetName":"مرافق الاتصالات","__geometryKind":"point","__featureIndex":841,"__typeValue":"بوكس"},"geometry":{"type":"Point","coordinates":[31.55892077717155,30.264921029031917]}},{"type":"Feature","properties":{"Description":null,"Telecom_Feature_Type":"بوكس","Easting":"031° 33' 29.46\" E","Northing":"30° 15' 53.0\" N","ID":"26","GlobalID":"{A50AFFBB-CF27-440E-86E3-82A0327B280E}","sectors":"القطاع الثاني","Distance":"165m","I_D":"4-4","__networkId":"telecom","__networkName":"شبكة الاتصالات","__layerId":"telecom_assets","__layerName":"مرافق الاتصالات","__assetName":"مرافق الاتصالات","__geometryKind":"point","__featureIndex":842,"__typeValue":"بوكس"},"geometry":{"type":"Point","coordinates":[31.559861402207265,30.264888776522497]}},{"type":"Feature","properties":{"Description":null,"Telecom_Feature_Type":"بوكس","Easting":"031° 33' 30.84\" E","Northing":"30° 15' 53.21\" N","ID":"21","GlobalID":"{807BF21B-3D17-4CBE-AD31-9B18B44181D4}","sectors":"القطاع الثاني","Distance":"200m","I_D":"4-4","__networkId":"telecom","__networkName":"شبكة الاتصالات","__layerId":"telecom_assets","__layerName":"مرافق الاتصالات","__assetName":"مرافق الاتصالات","__geometryKind":"point","__featureIndex":843,"__typeValue":"بوكس"},"geometry":{"type":"Point","coordinates":[31.56024459925295,30.264947585806425]}},{"type":"Feature","properties":{"Description":null,"Telecom_Feature_Type":"بوكس","Easting":"031° 33' 17.5\" E","Northing":"30° 15' 50.5\" N","ID":"26","GlobalID":"{42F316FE-58CB-4972-B5C9-5AEE0ADADD8C}","sectors":"القطاع الثاني","Distance":"100m","I_D":"4-3","__networkId":"telecom","__networkName":"شبكة الاتصالات","__layerId":"telecom_assets","__layerName":"مرافق الاتصالات","__assetName":"مرافق الاتصالات","__geometryKind":"point","__featureIndex":844,"__typeValue":"بوكس"},"geometry":{"type":"Point","coordinates":[31.556538230340735,30.264195249186514]}},{"type":"Feature","properties":{"Description":null,"Telecom_Feature_Type":"بوكس","Easting":"031° 33' 17.35\" E","Northing":"30° 15' 50.58\" N","ID":"27","GlobalID":"{E1D510CF-B890-4513-A79D-4A344918E665}","sectors":"القطاع الثاني","Distance":"95m","I_D":"4-3","__networkId":"telecom","__networkName":"شبكة الاتصالات","__layerId":"telecom_assets","__layerName":"مرافق الاتصالات","__assetName":"مرافق الاتصالات","__geometryKind":"point","__featureIndex":845,"__typeValue":"بوكس"},"geometry":{"type":"Point","coordinates":[31.556497137806375,30.26421740844513]}},{"type":"Feature","properties":{"Description":null,"Telecom_Feature_Type":"بوكس","Easting":"031° 33' 17.6\" E","Northing":"30° 15' 50.44\" N","ID":"25","GlobalID":"{7416DC6B-71CB-45A2-9907-1FD0D5D172FD}","sectors":"القطاع الثاني","Distance":"105m","I_D":"4-3","__networkId":"telecom","__networkName":"شبكة الاتصالات","__layerId":"telecom_assets","__layerName":"مرافق الاتصالات","__assetName":"مرافق الاتصالات","__geometryKind":"point","__featureIndex":846,"__typeValue":"بوكس"},"geometry":{"type":"Point","coordinates":[31.5565658463492,30.26417730608008]}},{"type":"Feature","properties":{"Description":null,"Telecom_Feature_Type":"بوكس","Easting":"031° 33' 19.96\" E","Northing":"30° 15' 49.14\" N","ID":"180","GlobalID":"{C01A9EDA-4F8D-44A6-ACE7-E9FFC89DF604}","sectors":"القطاع الثاني","Distance":"180m","I_D":"4-3","__networkId":"telecom","__networkName":"شبكة الاتصالات","__layerId":"telecom_assets","__layerName":"مرافق الاتصالات","__assetName":"مرافق الاتصالات","__geometryKind":"point","__featureIndex":847,"__typeValue":"بوكس"},"geometry":{"type":"Point","coordinates":[31.557220640936197,30.26381568731072]}},{"type":"Feature","properties":{"Description":null,"Telecom_Feature_Type":"بوكس","Easting":"031° 33' 19.81\" E","Northing":"30° 15' 49.21\" N","ID":"24","GlobalID":"{9A3D163A-55EC-4B9B-91BE-2503A2BA6685}","sectors":"القطاع الثاني","Distance":"175m","I_D":"4-3","__networkId":"telecom","__networkName":"شبكة الاتصالات","__layerId":"telecom_assets","__layerName":"مرافق الاتصالات","__assetName":"مرافق الاتصالات","__geometryKind":"point","__featureIndex":848,"__typeValue":"بوكس"},"geometry":{"type":"Point","coordinates":[31.55717883244455,30.26383571296485]}},{"type":"Feature","properties":{"Description":null,"Telecom_Feature_Type":"بوكس","Easting":"031° 33' 40.72\" E","Northing":"30° 16' 7.66\" N","ID":"17","GlobalID":"{5BCF932A-13AD-4D88-BB9A-E55D0474B41E}","sectors":"القطاع الثاني","Distance":"255m","I_D":"10-2","__networkId":"telecom","__networkName":"شبكة الاتصالات","__layerId":"telecom_assets","__layerName":"مرافق الاتصالات","__assetName":"مرافق الاتصالات","__geometryKind":"point","__featureIndex":849,"__typeValue":"بوكس"},"geometry":{"type":"Point","coordinates":[31.562987507954933,30.26895949034384]}},{"type":"Feature","properties":{"Description":null,"Telecom_Feature_Type":"بوكس","Easting":"031° 33' 22.34\" E","Northing":"30° 15' 58.41\" N","ID":"8","GlobalID":"{3FF13A67-5291-406F-A118-12A10EAD6CF1}","sectors":"القطاع الثاني","Distance":"250m","I_D":"9-1","__networkId":"telecom","__networkName":"شبكة الاتصالات","__layerId":"telecom_assets","__layerName":"مرافق الاتصالات","__assetName":"مرافق الاتصالات","__geometryKind":"point","__featureIndex":850,"__typeValue":"بوكس"},"geometry":{"type":"Point","coordinates":[31.557882808895066,30.266391807152495]}},{"type":"Feature","properties":{"Description":null,"Telecom_Feature_Type":"بوكس","Easting":"031° 33' 21.1\" E","Northing":"30° 15' 57.75\" N","ID":"8","GlobalID":"{3766DF0B-0B70-47C6-9DBF-D09FD79DA7C5}","sectors":"القطاع الثاني","Distance":"290m","I_D":"9-1","__networkId":"telecom","__networkName":"شبكة الاتصالات","__layerId":"telecom_assets","__layerName":"مرافق الاتصالات","__assetName":"مرافق الاتصالات","__geometryKind":"point","__featureIndex":851,"__typeValue":"بوكس"},"geometry":{"type":"Point","coordinates":[31.557538281627398,30.266208527767294]}},{"type":"Feature","properties":{"Description":null,"Telecom_Feature_Type":"بوكس","Easting":"031° 33' 24.55\" E","Northing":"30° 16' 2.39\" N","ID":"19","GlobalID":"{D04FCB0E-0F11-4AD8-81CE-366B91ACF755}","sectors":"القطاع الثاني","Distance":"160m","I_D":"7-2","__networkId":"telecom","__networkName":"شبكة الاتصالات","__layerId":"telecom_assets","__layerName":"مرافق الاتصالات","__assetName":"مرافق الاتصالات","__geometryKind":"point","__featureIndex":852,"__typeValue":"بوكس"},"geometry":{"type":"Point","coordinates":[31.558495437460934,30.267498022196275]}},{"type":"Feature","properties":{"Description":null,"Telecom_Feature_Type":"بوكس","Easting":"031° 33' 21.65\" E","Northing":"30° 16' 0.13\" N","ID":"3","GlobalID":"{8817DCC5-A004-4CBB-8DAF-E0AA27A0FD00}","sectors":"القطاع الثاني","Distance":"210m","I_D":"7-2","__networkId":"telecom","__networkName":"شبكة الاتصالات","__layerId":"telecom_assets","__layerName":"مرافق الاتصالات","__assetName":"مرافق الاتصالات","__geometryKind":"point","__featureIndex":853,"__typeValue":"بوكس"},"geometry":{"type":"Point","coordinates":[31.55768946449645,30.266870135835127]}},{"type":"Feature","properties":{"Description":null,"Telecom_Feature_Type":"بوكس","Easting":"031° 33' 22.72\" E","Northing":"30° 16' 0.29\" N","ID":"4","GlobalID":"{789DF4EA-BA9E-4503-8870-0812AE7236F9}","sectors":"القطاع الثاني","Distance":"180m","I_D":"7-2","__networkId":"telecom","__networkName":"شبكة الاتصالات","__layerId":"telecom_assets","__layerName":"مرافق الاتصالات","__assetName":"مرافق الاتصالات","__geometryKind":"point","__featureIndex":854,"__typeValue":"بوكس"},"geometry":{"type":"Point","coordinates":[31.5579884992815,30.26691488064051]}},{"type":"Feature","properties":{"Description":null,"Telecom_Feature_Type":"بوكس","Easting":"031° 33' 26.49\" E","Northing":"30° 16' 15.1\" N","ID":"14","GlobalID":"{C1F25212-C0D7-4AE4-B56E-1716BB1C9221}","sectors":"القطاع الاول","Distance":"60m","I_D":"9-3","__networkId":"telecom","__networkName":"شبكة الاتصالات","__layerId":"telecom_assets","__layerName":"مرافق الاتصالات","__assetName":"مرافق الاتصالات","__geometryKind":"point","__featureIndex":855,"__typeValue":"بوكس"},"geometry":{"type":"Point","coordinates":[31.55903499706163,30.27102750927251]}},{"type":"Feature","properties":{"Description":null,"Telecom_Feature_Type":"بوكس","Easting":"031° 33' 26.54\" E","Northing":"30° 16' 15.0\" N","ID":"13","GlobalID":"{78BAA5FB-2515-427E-8584-BDA58677E553}","sectors":"القطاع الاول","Distance":"60m","I_D":"9-3","__networkId":"telecom","__networkName":"شبكة الاتصالات","__layerId":"telecom_assets","__layerName":"مرافق الاتصالات","__assetName":"مرافق الاتصالات","__geometryKind":"point","__featureIndex":856,"__typeValue":"بوكس"},"geometry":{"type":"Point","coordinates":[31.559048820337228,30.270999481615874]}},{"type":"Feature","properties":{"Description":null,"Telecom_Feature_Type":"بوكس","Easting":"031° 33' 26.59\" E","Northing":"30° 16' 14.9\" N","ID":"12","GlobalID":"{5C401B70-E0EB-42BF-84F6-678C4EFE8A97}","sectors":"القطاع الاول","Distance":"65m","I_D":"9-3","__networkId":"telecom","__networkName":"شبكة الاتصالات","__layerId":"telecom_assets","__layerName":"مرافق الاتصالات","__assetName":"مرافق الاتصالات","__geometryKind":"point","__featureIndex":857,"__typeValue":"بوكس"},"geometry":{"type":"Point","coordinates":[31.55906317990703,30.270971450072057]}},{"type":"Feature","properties":{"Description":null,"Telecom_Feature_Type":"بوكس","Easting":"031° 33' 33.97\" E","Northing":"30° 16' 13.7\" N","ID":"17","GlobalID":"{74A96978-A774-49F8-A7D8-D4AA4BB8E62B}","sectors":"القطاع الاول","Distance":"40m","I_D":"10-1","__networkId":"telecom","__networkName":"شبكة الاتصالات","__layerId":"telecom_assets","__layerName":"مرافق الاتصالات","__assetName":"مرافق الاتصالات","__geometryKind":"point","__featureIndex":858,"__typeValue":"بوكس"},"geometry":{"type":"Point","coordinates":[31.561114291517153,30.270639287577506]}},{"type":"Feature","properties":{"Description":null,"Telecom_Feature_Type":"بوكس","Easting":"031° 33' 34.79\" E","Northing":"30° 16' 12.94\" N","ID":"17","GlobalID":"{F776176D-76E4-433C-868B-8E67610E4C77}","sectors":"القطاع الاول","Distance":"70m","I_D":"10-1","__networkId":"telecom","__networkName":"شبكة الاتصالات","__layerId":"telecom_assets","__layerName":"مرافق الاتصالات","__assetName":"مرافق الاتصالات","__geometryKind":"point","__featureIndex":859,"__typeValue":"بوكس"},"geometry":{"type":"Point","coordinates":[31.561341576962135,30.270428716035312]}},{"type":"Feature","properties":{"Description":null,"Telecom_Feature_Type":"بوكس","Easting":"031° 33' 33.42\" E","Northing":"30° 16' 14.27\" N","ID":"17","GlobalID":"{7F384F71-2C3D-4CC4-9C5B-785E54B8C5F9}","sectors":"القطاع الاول","Distance":"60m","I_D":"10-1","__networkId":"telecom","__networkName":"شبكة الاتصالات","__layerId":"telecom_assets","__layerName":"مرافق الاتصالات","__assetName":"مرافق الاتصالات","__geometryKind":"point","__featureIndex":860,"__typeValue":"بوكس"},"geometry":{"type":"Point","coordinates":[31.560960289734748,30.270796259530417]}},{"type":"Feature","properties":{"Description":null,"Telecom_Feature_Type":"بوكس","Easting":"031° 33' 40.09\" E","Northing":"30° 16' 4.55\" N","ID":"25","GlobalID":"{A3072A8A-9CD3-4319-9A69-2062F340AED0}","sectors":"القطاع الثاني","Distance":"150m","I_D":"11-2","__networkId":"telecom","__networkName":"شبكة الاتصالات","__layerId":"telecom_assets","__layerName":"مرافق الاتصالات","__assetName":"مرافق الاتصالات","__geometryKind":"point","__featureIndex":861,"__typeValue":"بوكس"},"geometry":{"type":"Point","coordinates":[31.56281196457203,30.26809604193874]}},{"type":"Feature","properties":{"Description":null,"Telecom_Feature_Type":"بوكس","Easting":"031° 33' 40.94\" E","Northing":"30° 16' 3.23\" N","ID":"27","GlobalID":"{AAD37940-5CD5-4631-BA23-E3A9B3ECA0BF}","sectors":"القطاع الثاني","Distance":"95m","I_D":"11-2","__networkId":"telecom","__networkName":"شبكة الاتصالات","__layerId":"telecom_assets","__layerName":"مرافق الاتصالات","__assetName":"مرافق الاتصالات","__geometryKind":"point","__featureIndex":862,"__typeValue":"بوكس"},"geometry":{"type":"Point","coordinates":[31.563050002850943,30.267729963237432]}},{"type":"Feature","properties":{"Description":null,"Telecom_Feature_Type":"بوكس","Easting":"031° 33' 40.57\" E","Northing":"30° 16' 4.11\" N","ID":"26","GlobalID":"{2D71644C-325B-4D04-9BC2-B58D588FB4C9}","sectors":"القطاع الثاني","Distance":"135m","I_D":"11-2","__networkId":"telecom","__networkName":"شبكة الاتصالات","__layerId":"telecom_assets","__layerName":"مرافق الاتصالات","__assetName":"مرافق الاتصالات","__geometryKind":"point","__featureIndex":863,"__typeValue":"بوكس"},"geometry":{"type":"Point","coordinates":[31.562945224254523,30.26797359896408]}},{"type":"Feature","properties":{"Description":null,"Telecom_Feature_Type":"بوكس","Easting":"031° 33' 38.48\" E","Northing":"30° 16' 3.54\" N","ID":"29","GlobalID":"{6A44363C-8558-402D-8218-E61BA17B4930}","sectors":"القطاع الثاني","Distance":"100m","I_D":"11-2","__networkId":"telecom","__networkName":"شبكة الاتصالات","__layerId":"telecom_assets","__layerName":"مرافق الاتصالات","__assetName":"مرافق الاتصالات","__geometryKind":"point","__featureIndex":864,"__typeValue":"بوكس"},"geometry":{"type":"Point","coordinates":[31.562365616860163,30.26781677534135]}},{"type":"Feature","properties":{"Description":null,"Telecom_Feature_Type":"بوكس","Easting":"031° 33' 38.83\" E","Northing":"30° 16' 4.01\" N","ID":"28","GlobalID":"{10371BDD-6772-430F-BA94-F00E490302AC}","sectors":"القطاع الثاني","Distance":"110m","I_D":"11-2","__networkId":"telecom","__networkName":"شبكة الاتصالات","__layerId":"telecom_assets","__layerName":"مرافق الاتصالات","__assetName":"مرافق الاتصالات","__geometryKind":"point","__featureIndex":865,"__typeValue":"بوكس"},"geometry":{"type":"Point","coordinates":[31.562463296969213,30.267946035948455]}},{"type":"Feature","properties":{"Description":null,"Telecom_Feature_Type":"بوكس","Easting":"031° 33' 29.44\" E","Northing":"30° 16' 0.78\" N","ID":"12","GlobalID":"{7E9B4EC0-2C87-4FBC-92CA-F9D787D46A06}","sectors":"القطاع الثاني","Distance":"230m","I_D":"9-4","__networkId":"telecom","__networkName":"شبكة الاتصالات","__layerId":"telecom_assets","__layerName":"مرافق الاتصالات","__assetName":"مرافق الاتصالات","__geometryKind":"point","__featureIndex":866,"__typeValue":"بوكس"},"geometry":{"type":"Point","coordinates":[31.559853686577263,30.267049222779153]}},{"type":"Feature","properties":{"Description":null,"Telecom_Feature_Type":"بوكس","Easting":"031° 33' 39.18\" E","Northing":"30° 16' 6.01\" N","ID":"14","GlobalID":"{313AB5B1-C102-4702-8C17-C566CAB10BA8}","sectors":"القطاع الثاني","Distance":"210m","I_D":"7-4","__networkId":"telecom","__networkName":"شبكة الاتصالات","__layerId":"telecom_assets","__layerName":"مرافق الاتصالات","__assetName":"مرافق الاتصالات","__geometryKind":"point","__featureIndex":867,"__typeValue":"بوكس"},"geometry":{"type":"Point","coordinates":[31.562560144339987,30.26850318116872]}},{"type":"Feature","properties":{"Description":null,"Telecom_Feature_Type":"بوكس","Easting":"031° 33' 33.67\" E","Northing":"30° 16' 3.91\" N","ID":"26","GlobalID":"{54009D3E-88A3-4688-9577-402553ED98A5}","sectors":"القطاع الثاني","Distance":"65m","I_D":"7-4","__networkId":"telecom","__networkName":"شبكة الاتصالات","__layerId":"telecom_assets","__layerName":"مرافق الاتصالات","__assetName":"مرافق الاتصالات","__geometryKind":"point","__featureIndex":868,"__typeValue":"بوكس"},"geometry":{"type":"Point","coordinates":[31.561029371078405,30.267918382925888]}},{"type":"Feature","properties":{"Description":null,"Telecom_Feature_Type":"بوكس","Easting":"031° 33' 34.76\" E","Northing":"30° 16' 3.93\" N","ID":"25","GlobalID":"{9633E186-A290-4137-B720-86968CF961E0}","sectors":"القطاع الثاني","Distance":"85m","I_D":"7-4","__networkId":"telecom","__networkName":"شبكة الاتصالات","__layerId":"telecom_assets","__layerName":"مرافق الاتصالات","__assetName":"مرافق الاتصالات","__geometryKind":"point","__featureIndex":869,"__typeValue":"بوكس"},"geometry":{"type":"Point","coordinates":[31.561333463378485,30.267923544689513]}},{"type":"Feature","properties":{"Description":null,"Telecom_Feature_Type":"بوكس","Easting":"031° 33' 35.49\" E","Northing":"30° 16' 4.56\" N","ID":"19","GlobalID":"{90943DCF-F02F-4869-B4E5-C85BB9081513}","sectors":"القطاع الثاني","Distance":"120m","I_D":"7-4","__networkId":"telecom","__networkName":"شبكة الاتصالات","__layerId":"telecom_assets","__layerName":"مرافق الاتصالات","__assetName":"مرافق الاتصالات","__geometryKind":"point","__featureIndex":870,"__typeValue":"بوكس"},"geometry":{"type":"Point","coordinates":[31.561535102820436,30.26810093059261]}},{"type":"Feature","properties":{"Description":null,"Telecom_Feature_Type":"بوكس","Easting":"031° 33' 32.71\" E","Northing":"30° 16' 7.02\" N","ID":"22","GlobalID":"{885AC705-9E35-4410-9944-EC5EA4B4F3EE}","sectors":"القطاع الاول","Distance":"70m","I_D":"9-4","__networkId":"telecom","__networkName":"شبكة الاتصالات","__layerId":"telecom_assets","__layerName":"مرافق الاتصالات","__assetName":"مرافق الاتصالات","__geometryKind":"point","__featureIndex":871,"__typeValue":"بوكس"},"geometry":{"type":"Point","coordinates":[31.56076184021039,30.268783542087146]}},{"type":"Feature","properties":{"Description":null,"Telecom_Feature_Type":"بوكس","Easting":"031° 33' 32.53\" E","Northing":"30° 16' 6.97\" N","ID":"23","GlobalID":"{46C43A70-6655-4C26-BC2C-EBD3E94E22F1}","sectors":"القطاع الاول","Distance":"65m","I_D":"9-4","__networkId":"telecom","__networkName":"شبكة الاتصالات","__layerId":"telecom_assets","__layerName":"مرافق الاتصالات","__assetName":"مرافق الاتصالات","__geometryKind":"point","__featureIndex":872,"__typeValue":"بوكس"},"geometry":{"type":"Point","coordinates":[31.560713674341486,30.26876921604843]}},{"type":"Feature","properties":{"Description":null,"Telecom_Feature_Type":"بوكس","Easting":"031° 33' 32.34\" E","Northing":"30° 16' 6.91\" N","ID":"24","GlobalID":"{CD796D0D-E427-44D3-9F50-1F0BAD4EE2D2}","sectors":"القطاع الاول","Distance":"60m","I_D":"9-4","__networkId":"telecom","__networkName":"شبكة الاتصالات","__layerId":"telecom_assets","__layerName":"مرافق الاتصالات","__assetName":"مرافق الاتصالات","__geometryKind":"point","__featureIndex":873,"__typeValue":"بوكس"},"geometry":{"type":"Point","coordinates":[31.560660194039354,30.268751087574273]}},{"type":"Feature","properties":{"Description":null,"Telecom_Feature_Type":"بوكس","Easting":"031° 33' 33.37\" E","Northing":"30° 16' 4.96\" N","ID":"27","GlobalID":"{100C3DA4-5BC8-4643-B76E-15BAA5A6BBFD}","sectors":"القطاع الثاني","Distance":"35m","I_D":"9-4","__networkId":"telecom","__networkName":"شبكة الاتصالات","__layerId":"telecom_assets","__layerName":"مرافق الاتصالات","__assetName":"مرافق الاتصالات","__geometryKind":"point","__featureIndex":874,"__typeValue":"بوكس"},"geometry":{"type":"Point","coordinates":[31.560947835491653,30.268211398897726]}},{"type":"Feature","properties":{"Description":null,"Telecom_Feature_Type":"بوكس","Easting":"031° 33' 36.45\" E","Northing":"30° 16' 3.05\" N","ID":"01","GlobalID":"{F8A9F6BD-DB6C-4C45-B385-2DF5E80F4578}","sectors":"القطاع الثاني","Distance":"305m","I_D":"9-4","__networkId":"telecom","__networkName":"شبكة الاتصالات","__layerId":"telecom_assets","__layerName":"مرافق الاتصالات","__assetName":"مرافق الاتصالات","__geometryKind":"point","__featureIndex":875,"__typeValue":"بوكس"},"geometry":{"type":"Point","coordinates":[31.56180283041951,30.267679177205522]}},{"type":"Feature","properties":{"Description":null,"Telecom_Feature_Type":"بوكس","Easting":"031° 33' 37.39\" E","Northing":"30° 16' 1.42\" N","ID":"03","GlobalID":"{FCD07263-C2BE-4C2E-AAEA-F7C22DDDFFF5}","sectors":"القطاع الثاني","Distance":"280m","I_D":"9-4","__networkId":"telecom","__networkName":"شبكة الاتصالات","__layerId":"telecom_assets","__layerName":"مرافق الاتصالات","__assetName":"مرافق الاتصالات","__geometryKind":"point","__featureIndex":876,"__typeValue":"بوكس"},"geometry":{"type":"Point","coordinates":[31.56206444049149,30.26722806732803]}},{"type":"Feature","properties":{"Description":null,"Telecom_Feature_Type":"بوكس","Easting":"031° 33' 35.46\" E","Northing":"30° 16' 1.0\" N","ID":"06","GlobalID":"{2EC5ECB3-8CF0-4388-AF6C-2BB91964FB0C}","sectors":"القطاع الثاني","Distance":"260m","I_D":"9-4","__networkId":"telecom","__networkName":"شبكة الاتصالات","__layerId":"telecom_assets","__layerName":"مرافق الاتصالات","__assetName":"مرافق الاتصالات","__geometryKind":"point","__featureIndex":877,"__typeValue":"بوكس"},"geometry":{"type":"Point","coordinates":[31.561528259454615,30.26711197835215]}},{"type":"Feature","properties":{"Description":null,"Telecom_Feature_Type":"بوكس","Easting":"031° 33' 35.17\" E","Northing":"30° 16' 2.56\" N","ID":"04","GlobalID":"{3F161928-5D10-420B-9D20-4FC5A5F282F9}","sectors":"القطاع الثاني","Distance":"305m","I_D":"9-4","__networkId":"telecom","__networkName":"شبكة الاتصالات","__layerId":"telecom_assets","__layerName":"مرافق الاتصالات","__assetName":"مرافق الاتصالات","__geometryKind":"point","__featureIndex":878,"__typeValue":"بوكس"},"geometry":{"type":"Point","coordinates":[31.561446270218628,30.267542696112443]}},{"type":"Feature","properties":{"Description":null,"Telecom_Feature_Type":"بوكس","Easting":"031° 33' 28.14\" E","Northing":"30° 16' 1.21\" N","ID":"09","GlobalID":"{90660450-CB10-4FF1-BECD-644B8AD82ED6}","sectors":"القطاع الثاني","Distance":"265m","I_D":"9-4","__networkId":"telecom","__networkName":"شبكة الاتصالات","__layerId":"telecom_assets","__layerName":"مرافق الاتصالات","__assetName":"مرافق الاتصالات","__geometryKind":"point","__featureIndex":879,"__typeValue":"بوكس"},"geometry":{"type":"Point","coordinates":[31.55949316300935,30.267169342427177]}},{"type":"Feature","properties":{"Description":null,"Telecom_Feature_Type":"بوكس","Easting":"031° 33' 27.98\" E","Northing":"30° 16' 1.26\" N","ID":"08","GlobalID":"{C53342B9-E8CB-4EEA-B89F-389AA3618A8C}","sectors":"القطاع الثاني","Distance":"270m","I_D":"9-4","__networkId":"telecom","__networkName":"شبكة الاتصالات","__layerId":"telecom_assets","__layerName":"مرافق الاتصالات","__assetName":"مرافق الاتصالات","__geometryKind":"point","__featureIndex":880,"__typeValue":"بوكس"},"geometry":{"type":"Point","coordinates":[31.55945030618379,30.267182161201628]}},{"type":"Feature","properties":{"Description":null,"Telecom_Feature_Type":"بوكس","Easting":"031° 33' 27.78\" E","Northing":"30° 16' 1.34\" N","ID":"07","GlobalID":"{DDD61A36-A72A-410F-BFC8-5E87945BB876}","sectors":"القطاع الثاني","Distance":"270m","I_D":"9-4","__networkId":"telecom","__networkName":"شبكة الاتصالات","__layerId":"telecom_assets","__layerName":"مرافق الاتصالات","__assetName":"مرافق الاتصالات","__geometryKind":"point","__featureIndex":881,"__typeValue":"بوكس"},"geometry":{"type":"Point","coordinates":[31.559394156986947,30.267205972369442]}},{"type":"Feature","properties":{"Description":null,"Telecom_Feature_Type":"بوكس","Easting":"031° 33' 38.87\" E","Northing":"30° 16' 6.78\" N","ID":"190","GlobalID":"{1C423975-0212-45D6-B273-7ADD03BA524C}","sectors":"القطاع الثاني","Distance":"190m","I_D":"7-4","__networkId":"telecom","__networkName":"شبكة الاتصالات","__layerId":"telecom_assets","__layerName":"مرافق الاتصالات","__assetName":"مرافق الاتصالات","__geometryKind":"point","__featureIndex":882,"__typeValue":"بوكس"},"geometry":{"type":"Point","coordinates":[31.562474263602212,30.268716302400982]}},{"type":"Feature","properties":{"Description":null,"Telecom_Feature_Type":"بوكس","Easting":"031° 33' 35.34\" E","Northing":"30° 16' 5.29\" N","ID":"20","GlobalID":"{1B002CCF-E4E3-40C4-BB6B-FCC0941EA4AA}","sectors":"القطاع الثاني","Distance":"70m","I_D":"7-4","__networkId":"telecom","__networkName":"شبكة الاتصالات","__layerId":"telecom_assets","__layerName":"مرافق الاتصالات","__assetName":"مرافق الاتصالات","__geometryKind":"point","__featureIndex":883,"__typeValue":"بوكس"},"geometry":{"type":"Point","coordinates":[31.56149465078487,30.26830240948729]}},{"type":"Feature","properties":{"Description":null,"Telecom_Feature_Type":"بوكس","Easting":"031° 33' 38.43\" E","Northing":"30° 16' 5.34\" N","ID":"16","GlobalID":"{177FA59D-A0FA-4E91-907B-8C246C914527}","sectors":"القطاع الثاني","Distance":"195m","I_D":"7-4","__networkId":"telecom","__networkName":"شبكة الاتصالات","__layerId":"telecom_assets","__layerName":"مرافق الاتصالات","__assetName":"مرافق الاتصالات","__geometryKind":"point","__featureIndex":884,"__typeValue":"بوكس"},"geometry":{"type":"Point","coordinates":[31.562353309042464,30.268316536976027]}},{"type":"Feature","properties":{"Description":null,"Telecom_Feature_Type":"بوكس","Easting":"031° 33' 36.99\" E","Northing":"30° 16' 6.38\" N","ID":"18","GlobalID":"{B064BFBD-FF82-4BF1-861E-99A4E7E19091}","sectors":"القطاع الثاني","Distance":"140m","I_D":"7-4","__networkId":"telecom","__networkName":"شبكة الاتصالات","__layerId":"telecom_assets","__layerName":"مرافق الاتصالات","__assetName":"مرافق الاتصالات","__geometryKind":"point","__featureIndex":885,"__typeValue":"بوكس"},"geometry":{"type":"Point","coordinates":[31.56195077396366,30.2686058881976]}},{"type":"Feature","properties":{"Description":null,"Telecom_Feature_Type":"بوكس","Easting":"031° 33' 51.52\" E","Northing":"30° 16' 25.03\" N","ID":"3","GlobalID":"{8CA539ED-534D-44D9-B494-CCE30C7E0BF4}","sectors":"القطاع الاول","Distance":"200m","I_D":"7-4","__networkId":"telecom","__networkName":"شبكة الاتصالات","__layerId":"telecom_assets","__layerName":"مرافق الاتصالات","__assetName":"مرافق الاتصالات","__geometryKind":"point","__featureIndex":886,"__typeValue":"بوكس"},"geometry":{"type":"Point","coordinates":[31.565989284172396,30.273784404411973]}},{"type":"Feature","properties":{"Description":null,"Telecom_Feature_Type":"بوكس","Easting":"031° 33' 19.73\" E","Northing":"30° 16' 24.9\" N","ID":"12","GlobalID":"{AE8B6701-8A97-4942-A1A3-689621FDE24D}","sectors":"القطاع الثالث","Distance":"95m","I_D":"5-3","__networkId":"telecom","__networkName":"شبكة الاتصالات","__layerId":"telecom_assets","__layerName":"مرافق الاتصالات","__assetName":"مرافق الاتصالات","__geometryKind":"point","__featureIndex":887,"__typeValue":"بوكس"},"geometry":{"type":"Point","coordinates":[31.557158577231526,30.27374898020404]}},{"type":"Feature","properties":{"Description":null,"Telecom_Feature_Type":"بوكس","Easting":"031° 33' 42.13\" E","Northing":"30° 16' 39.77\" N","ID":"13","GlobalID":"{291A7FA6-5B8A-43A2-9143-09FEA6344B57}","sectors":"القطاع الثالث","Distance":"150m","I_D":"6-1","__networkId":"telecom","__networkName":"شبكة الاتصالات","__layerId":"telecom_assets","__layerName":"مرافق الاتصالات","__assetName":"مرافق الاتصالات","__geometryKind":"point","__featureIndex":888,"__typeValue":"بوكس"},"geometry":{"type":"Point","coordinates":[31.563379074604146,30.27788167423635]}},{"type":"Feature","properties":{"Description":null,"Telecom_Feature_Type":"بوكس","Easting":"031° 33' 58.56\" E","Northing":"30° 16' 27.32\" N","ID":"2","GlobalID":"{44FF4D7C-2B8B-4BDC-B6C4-02BE0B914ADC}","sectors":"القطاع الاول","Distance":"210m","I_D":"7-3","__networkId":"telecom","__networkName":"شبكة الاتصالات","__layerId":"telecom_assets","__layerName":"مرافق الاتصالات","__assetName":"مرافق الاتصالات","__geometryKind":"point","__featureIndex":889,"__typeValue":"بوكس"},"geometry":{"type":"Point","coordinates":[31.567942868387068,30.274421689632522]}},{"type":"Feature","properties":{"Description":null,"Telecom_Feature_Type":"بوكس","Easting":"031° 33' 56.82\" E","Northing":"30° 16' 27.6\" N","ID":"3","GlobalID":"{FE48E14F-F23E-49F3-B059-9BCBE45A1E4C}","sectors":"القطاع الاول","Distance":"130m","I_D":"7-3","__networkId":"telecom","__networkName":"شبكة الاتصالات","__layerId":"telecom_assets","__layerName":"مرافق الاتصالات","__assetName":"مرافق الاتصالات","__geometryKind":"point","__featureIndex":890,"__typeValue":"بوكس"},"geometry":{"type":"Point","coordinates":[31.567459822699238,30.274499646233686]}},{"type":"Feature","properties":{"Description":null,"Telecom_Feature_Type":"بوكس","Easting":"031° 33' 56.85\" E","Northing":"30° 16' 25.65\" N","ID":"6","GlobalID":"{4BB430C0-66CC-4699-811D-8D903CFF1B03}","sectors":"القطاع الاول","Distance":"5m","I_D":"7-3","__networkId":"telecom","__networkName":"شبكة الاتصالات","__layerId":"telecom_assets","__layerName":"مرافق الاتصالات","__assetName":"مرافق الاتصالات","__geometryKind":"point","__featureIndex":891,"__typeValue":"بوكس"},"geometry":{"type":"Point","coordinates":[31.56746876273295,30.27395690222394]}},{"type":"Feature","properties":{"Description":null,"Telecom_Feature_Type":"بوكس","Easting":"031° 33' 54.81\" E","Northing":"30° 16' 25.32\" N","ID":"9","GlobalID":"{FA1C4D12-7237-410D-98FA-CBE41DD2BDA2}","sectors":"القطاع الاول","Distance":"130m","I_D":"7-3","__networkId":"telecom","__networkName":"شبكة الاتصالات","__layerId":"telecom_assets","__layerName":"مرافق الاتصالات","__assetName":"مرافق الاتصالات","__geometryKind":"point","__featureIndex":892,"__typeValue":"بوكس"},"geometry":{"type":"Point","coordinates":[31.56690092057384,30.27386586351695]}},{"type":"Feature","properties":{"Description":null,"Telecom_Feature_Type":"بوكس","Easting":"031° 33' 54.73\" E","Northing":"30° 16' 23.52\" N","ID":"18A","GlobalID":"{F7FDE95F-6864-414C-AB9E-C0D45187C368}","sectors":"القطاع الاول","Distance":"5m","I_D":"7-3","__networkId":"telecom","__networkName":"شبكة الاتصالات","__layerId":"telecom_assets","__layerName":"مرافق الاتصالات","__assetName":"مرافق الاتصالات","__geometryKind":"point","__featureIndex":893,"__typeValue":"بوكس"},"geometry":{"type":"Point","coordinates":[31.5668795361785,30.273367690291494]}},{"type":"Feature","properties":{"Description":null,"Telecom_Feature_Type":"بوكس","Easting":"031° 33' 57.51\" E","Northing":"30° 16' 25.15\" N","ID":"5","GlobalID":"{EE6A07A2-6E4D-4E19-AC7D-9488BC3B4B05}","sectors":"القطاع الاول","Distance":"155m","I_D":"7-3","__networkId":"telecom","__networkName":"شبكة الاتصالات","__layerId":"telecom_assets","__layerName":"مرافق الاتصالات","__assetName":"مرافق الاتصالات","__geometryKind":"point","__featureIndex":894,"__typeValue":"بوكس"},"geometry":{"type":"Point","coordinates":[31.56765244664898,30.27381842439383]}},{"type":"Feature","properties":{"Description":null,"Telecom_Feature_Type":"بوكس","Easting":"031° 33' 55.48\" E","Northing":"30° 16' 23.11\" N","ID":"16","GlobalID":"{81F2FAED-6ADD-4A5A-BCD6-7052E86B72F9}","sectors":"القطاع الاول","Distance":"140m","I_D":"7-3","__networkId":"telecom","__networkName":"شبكة الاتصالات","__layerId":"telecom_assets","__layerName":"مرافق الاتصالات","__assetName":"مرافق الاتصالات","__geometryKind":"point","__featureIndex":895,"__typeValue":"بوكس"},"geometry":{"type":"Point","coordinates":[31.567088030664365,30.27325269704141]}},{"type":"Feature","properties":{"Description":null,"Telecom_Feature_Type":"بوكس","Easting":"031° 33' 53.26\" E","Northing":"30° 16' 20.92\" N","ID":"11","GlobalID":"{D5B300AF-F603-4753-A787-7BA8E9CE58E4}","sectors":"القطاع الاول","Distance":"240m","I_D":"7-3","__networkId":"telecom","__networkName":"شبكة الاتصالات","__layerId":"telecom_assets","__layerName":"مرافق الاتصالات","__assetName":"مرافق الاتصالات","__geometryKind":"point","__featureIndex":896,"__typeValue":"بوكس"},"geometry":{"type":"Point","coordinates":[31.566472404420384,30.27264450593372]}},{"type":"Feature","properties":{"Description":null,"Telecom_Feature_Type":"بوكس","Easting":"031° 33' 52.58\" E","Northing":"30° 16' 21.43\" N","ID":"12","GlobalID":"{F64C7C31-C448-406F-A516-BA45A91C185D}","sectors":"القطاع الاول","Distance":"205m","I_D":"7-3","__networkId":"telecom","__networkName":"شبكة الاتصالات","__layerId":"telecom_assets","__layerName":"مرافق الاتصالات","__assetName":"مرافق الاتصالات","__geometryKind":"point","__featureIndex":897,"__typeValue":"بوكس"},"geometry":{"type":"Point","coordinates":[31.566283159932752,30.27278638660004]}},{"type":"Feature","properties":{"Description":null,"Telecom_Feature_Type":"بوكس","Easting":"031° 33' 50.49\" E","Northing":"30° 16' 19.52\" N","ID":"15","GlobalID":"{F55934C7-B9BC-41D0-8038-C414D014F2C3}","sectors":"القطاع الاول","Distance":"170m","I_D":"7-2","__networkId":"telecom","__networkName":"شبكة الاتصالات","__layerId":"telecom_assets","__layerName":"مرافق الاتصالات","__assetName":"مرافق الاتصالات","__geometryKind":"point","__featureIndex":898,"__typeValue":"بوكس"},"geometry":{"type":"Point","coordinates":[31.565700968085302,30.272254773128278]}},{"type":"Feature","properties":{"Description":null,"Telecom_Feature_Type":"بوكس","Easting":"031° 33' 48.21\" E","Northing":"30° 16' 17.31\" N","ID":"26","GlobalID":"{2A3A6A95-3D1F-43C5-956A-DA48982BEE33}","sectors":"القطاع الاول","Distance":"30m","I_D":"7-2","__networkId":"telecom","__networkName":"شبكة الاتصالات","__layerId":"telecom_assets","__layerName":"مرافق الاتصالات","__assetName":"مرافق الاتصالات","__geometryKind":"point","__featureIndex":899,"__typeValue":"بوكس"},"geometry":{"type":"Point","coordinates":[31.565069038317233,30.27164076800666]}},{"type":"Feature","properties":{"Description":null,"Telecom_Feature_Type":"بوكس","Easting":"031° 33' 57.08\" E","Northing":"30° 16' 24.72\" N","ID":"7","GlobalID":"{AE89CD82-A4E8-40AB-8F91-0E96DDD8F83A}","sectors":"القطاع الاول","Distance":"140m","I_D":"7-3","__networkId":"telecom","__networkName":"شبكة الاتصالات","__layerId":"telecom_assets","__layerName":"مرافق الاتصالات","__assetName":"مرافق الاتصالات","__geometryKind":"point","__featureIndex":900,"__typeValue":"بوكس"},"geometry":{"type":"Point","coordinates":[31.567532918613885,30.273699277212682]}},{"type":"Feature","properties":{"Description":null,"Telecom_Feature_Type":"بوكس","Easting":"031° 33' 54.96\" E","Northing":"30° 16' 22.6\" N","ID":"17A","GlobalID":"{18CDEB29-F400-46F1-AECD-3CA4AEACC0B6}","sectors":"القطاع الاول","Distance":"5m","I_D":"7-3","__networkId":"telecom","__networkName":"شبكة الاتصالات","__layerId":"telecom_assets","__layerName":"مرافق الاتصالات","__assetName":"مرافق الاتصالات","__geometryKind":"point","__featureIndex":901,"__typeValue":"بوكس"},"geometry":{"type":"Point","coordinates":[31.56694334351313,30.273110005547665]}},{"type":"Feature","properties":{"Description":null,"Telecom_Feature_Type":"بوكس","Easting":"031° 33' 52.82\" E","Northing":"30° 16' 20.49\" N","ID":"1","GlobalID":"{EEC7466D-C524-40F8-8FAD-ABF0BE12C87F}","sectors":"القطاع الاول","Distance":"300m","I_D":"7-2","__networkId":"telecom","__networkName":"شبكة الاتصالات","__layerId":"telecom_assets","__layerName":"مرافق الاتصالات","__assetName":"مرافق الاتصالات","__geometryKind":"point","__featureIndex":902,"__typeValue":"بوكس"},"geometry":{"type":"Point","coordinates":[31.566349159156665,30.272525396118528]}},{"type":"Feature","properties":{"Description":null,"Telecom_Feature_Type":"بوكس","Easting":"031° 33' 50.69\" E","Northing":"30° 16' 18.39\" N","ID":"4","GlobalID":"{010992F7-EC0D-446D-9B11-9C484253E617}","sectors":"القطاع الاول","Distance":"215m","I_D":"7-2","__networkId":"telecom","__networkName":"شبكة الاتصالات","__layerId":"telecom_assets","__layerName":"مرافق الاتصالات","__assetName":"مرافق الاتصالات","__geometryKind":"point","__featureIndex":903,"__typeValue":"بوكس"},"geometry":{"type":"Point","coordinates":[31.565758334499346,30.271941497740762]}},{"type":"Feature","properties":{"Description":null,"Telecom_Feature_Type":"بوكس","Easting":"031° 33' 49.72\" E","Northing":"30° 16' 18.91\" N","ID":"16","GlobalID":"{80894E96-0D38-438F-8EE3-2654246ACCD6}","sectors":"القطاع الاول","Distance":"160m","I_D":"7-2","__networkId":"telecom","__networkName":"شبكة الاتصالات","__layerId":"telecom_assets","__layerName":"مرافق الاتصالات","__assetName":"مرافق الاتصالات","__geometryKind":"point","__featureIndex":904,"__typeValue":"بوكس"},"geometry":{"type":"Point","coordinates":[31.565488563233007,30.27208700639174]}},{"type":"Feature","properties":{"Description":null,"Telecom_Feature_Type":"بوكس","Easting":"031° 33' 52.09\" E","Northing":"30° 16' 20.94\" N","ID":"13","GlobalID":"{645E6828-2670-4833-A42E-B142C2E6797C}","sectors":"القطاع الاول","Distance":"275m","I_D":"7-2","__networkId":"telecom","__networkName":"شبكة الاتصالات","__layerId":"telecom_assets","__layerName":"مرافق الاتصالات","__assetName":"مرافق الاتصالات","__geometryKind":"point","__featureIndex":905,"__typeValue":"بوكس"},"geometry":{"type":"Point","coordinates":[31.56614695557274,30.272648803188005]}},{"type":"Feature","properties":{"Description":null,"Telecom_Feature_Type":"بوكس","Easting":"031° 33' 54.29\" E","Northing":"30° 16' 23.11\" N","ID":"14A","GlobalID":"{79C57FB6-FE7E-428F-B0BC-4DFDBD403A3D}","sectors":"القطاع الاول","Distance":"5m","I_D":"7-3","__networkId":"telecom","__networkName":"شبكة الاتصالات","__layerId":"telecom_assets","__layerName":"مرافق الاتصالات","__assetName":"مرافق الاتصالات","__geometryKind":"point","__featureIndex":906,"__typeValue":"بوكس"},"geometry":{"type":"Point","coordinates":[31.566757508132014,30.273253039174918]}},{"type":"Feature","properties":{"Description":null,"Telecom_Feature_Type":"بوكس","Easting":"031° 33' 56.43\" E","Northing":"30° 16' 25.21\" N","ID":"8A","GlobalID":"{AB5BC60B-5116-45B2-B85F-003426171BBB}","sectors":"القطاع الاول","Distance":"5m","I_D":"7-3","__networkId":"telecom","__networkName":"شبكة الاتصالات","__layerId":"telecom_assets","__layerName":"مرافق الاتصالات","__assetName":"مرافق الاتصالات","__geometryKind":"point","__featureIndex":907,"__typeValue":"بوكس"},"geometry":{"type":"Point","coordinates":[31.567352303342872,30.273835312966337]}},{"type":"Feature","properties":{"Description":null,"Telecom_Feature_Type":"بوكس","Easting":"031° 33' 55.49\" E","Northing":"30° 16' 21.14\" N","ID":"10A","GlobalID":"{25613F8F-6B65-4266-9182-38940BF6B457}","sectors":"القطاع الاول","Distance":"5m","I_D":"7-3","__networkId":"telecom","__networkName":"شبكة الاتصالات","__layerId":"telecom_assets","__layerName":"مرافق الاتصالات","__assetName":"مرافق الاتصالات","__geometryKind":"point","__featureIndex":908,"__typeValue":"بوكس"},"geometry":{"type":"Point","coordinates":[31.567090174942972,30.272704402146694]}},{"type":"Feature","properties":{"Description":null,"Telecom_Feature_Type":"بوكس","Easting":"031° 33' 51.24\" E","Northing":"30° 16' 16.94\" N","ID":"5","GlobalID":"{F10BFC39-B3B0-493F-840C-101FE3D485F5}","sectors":"القطاع الاول","Distance":"150m","I_D":"7-2","__networkId":"telecom","__networkName":"شبكة الاتصالات","__layerId":"telecom_assets","__layerName":"مرافق الاتصالات","__assetName":"مرافق الاتصالات","__geometryKind":"point","__featureIndex":909,"__typeValue":"بوكس"},"geometry":{"type":"Point","coordinates":[31.565909595521845,30.27153738297734]}},{"type":"Feature","properties":{"Description":null,"Telecom_Feature_Type":"بوكس","Easting":"031° 33' 52.59\" E","Northing":"30° 16' 23.2\" N","ID":"13","GlobalID":"{E8839551-4947-41EF-9542-1F161035429B}","sectors":"القطاع الاول","Distance":"120m","I_D":"7-3","__networkId":"telecom","__networkName":"شبكة الاتصالات","__layerId":"telecom_assets","__layerName":"مرافق الاتصالات","__assetName":"مرافق الاتصالات","__geometryKind":"point","__featureIndex":910,"__typeValue":"بوكس"},"geometry":{"type":"Point","coordinates":[31.566284333132497,30.273278327569273]}},{"type":"Feature","properties":{"Description":null,"Telecom_Feature_Type":"بوكس","Easting":"031° 33' 47.2\" E","Northing":"30° 16' 20.37\" N","ID":"12","GlobalID":"{DEB1E8B3-E17F-4D8E-BC49-D008105CFC28}","sectors":"القطاع الاول","Distance":"125m","I_D":"7-2","__networkId":"telecom","__networkName":"شبكة الاتصالات","__layerId":"telecom_assets","__layerName":"مرافق الاتصالات","__assetName":"مرافق الاتصالات","__geometryKind":"point","__featureIndex":911,"__typeValue":"بوكس"},"geometry":{"type":"Point","coordinates":[31.564789320005733,30.2724910808773]}},{"type":"Feature","properties":{"Description":null,"Telecom_Feature_Type":"بوكس","Easting":"031° 33' 57.1\" E","Northing":"30° 16' 31.88\" N","ID":"9","GlobalID":"{59AAFD95-0E6E-40CE-B791-E68662FE6E19}","sectors":"القطاع الاول","Distance":"5m","I_D":"7-4","__networkId":"telecom","__networkName":"شبكة الاتصالات","__layerId":"telecom_assets","__layerName":"مرافق الاتصالات","__assetName":"مرافق الاتصالات","__geometryKind":"point","__featureIndex":912,"__typeValue":"بوكس"},"geometry":{"type":"Point","coordinates":[31.567538127944225,30.275688550235685]}},{"type":"Feature","properties":{"Description":null,"Telecom_Feature_Type":"بوكس","Easting":"031° 33' 41.03\" E","Northing":"30° 16' 27.32\" N","ID":"21","GlobalID":"{C5749103-7DE0-495A-A3CD-4CE19435CF5A}","sectors":"القطاع الاول","Distance":"190m","I_D":"6-4","__networkId":"telecom","__networkName":"شبكة الاتصالات","__layerId":"telecom_assets","__layerName":"مرافق الاتصالات","__assetName":"مرافق الاتصالات","__geometryKind":"point","__featureIndex":913,"__typeValue":"بوكس"},"geometry":{"type":"Point","coordinates":[31.563073246758936,30.274421145794133]}},{"type":"Feature","properties":{"Description":null,"Telecom_Feature_Type":"بوكس","Easting":"031° 33' 41.9\" E","Northing":"30° 16' 26.4\" N","ID":"6","GlobalID":"{6D3268E6-FFC0-4993-8C94-D227F79B805A}","sectors":"القطاع الاول","Distance":"190m","I_D":"6-4","__networkId":"telecom","__networkName":"شبكة الاتصالات","__layerId":"telecom_assets","__layerName":"مرافق الاتصالات","__assetName":"مرافق الاتصالات","__geometryKind":"point","__featureIndex":914,"__typeValue":"بوكس"},"geometry":{"type":"Point","coordinates":[31.56331485943436,30.274165993718363]}},{"type":"Feature","properties":{"Description":null,"Telecom_Feature_Type":"بوكس","Easting":"031° 33' 44.33\" E","Northing":"30° 16' 28.29\" N","ID":"3","GlobalID":"{4EBAAF48-7D9D-40D5-86B6-3B6804ED8A3A}","sectors":"القطاع الاول","Distance":"240m","I_D":"6-4","__networkId":"telecom","__networkName":"شبكة الاتصالات","__layerId":"telecom_assets","__layerName":"مرافق الاتصالات","__assetName":"مرافق الاتصالات","__geometryKind":"point","__featureIndex":915,"__typeValue":"بوكس"},"geometry":{"type":"Point","coordinates":[31.563989653214573,30.274691699971562]}},{"type":"Feature","properties":{"Description":null,"Telecom_Feature_Type":"بوكس","Easting":"031° 33' 49.03\" E","Northing":"30° 16' 32.09\" N","ID":"17","GlobalID":"{102D2B04-246F-4DB1-ABAE-EF9694F92F5B}","sectors":"القطاع الاول","Distance":"190m","I_D":"6-2","__networkId":"telecom","__networkName":"شبكة الاتصالات","__layerId":"telecom_assets","__layerName":"مرافق الاتصالات","__assetName":"مرافق الاتصالات","__geometryKind":"point","__featureIndex":916,"__typeValue":"بوكس"},"geometry":{"type":"Point","coordinates":[31.565297557149098,30.275746970584038]}},{"type":"Feature","properties":{"Description":null,"Telecom_Feature_Type":"بوكس","Easting":"031° 33' 50.76\" E","Northing":"30° 16' 31.91\" N","ID":"15","GlobalID":"{4CC15599-61F7-4687-ADE9-D0D0EC6038BB}","sectors":"القطاع الاول","Distance":"200m","I_D":"6-2","__networkId":"telecom","__networkName":"شبكة الاتصالات","__layerId":"telecom_assets","__layerName":"مرافق الاتصالات","__assetName":"مرافق الاتصالات","__geometryKind":"point","__featureIndex":917,"__typeValue":"بوكس"},"geometry":{"type":"Point","coordinates":[31.565776052870035,30.275696739513233]}},{"type":"Feature","properties":{"Description":null,"Telecom_Feature_Type":"بوكس","Easting":"031° 33' 48.34\" E","Northing":"30° 16' 29.98\" N","ID":"10","GlobalID":"{2C2A5F2C-0E2C-4DB7-93DF-F3847A09E8E3}","sectors":"القطاع الاول","Distance":"300m","I_D":"6-2","__networkId":"telecom","__networkName":"شبكة الاتصالات","__layerId":"telecom_assets","__layerName":"مرافق الاتصالات","__assetName":"مرافق الاتصالات","__geometryKind":"point","__featureIndex":918,"__typeValue":"بوكس"},"geometry":{"type":"Point","coordinates":[31.56510386330584,30.275159950941163]}},{"type":"Feature","properties":{"Description":null,"Telecom_Feature_Type":"بوكس","Easting":"031° 33' 45.9\" E","Northing":"30° 16' 28.09\" N","ID":"2","GlobalID":"{BAEC14F2-D316-4ADF-A4D0-C002DF951827}","sectors":"القطاع الاول","Distance":"200m","I_D":"6-4","__networkId":"telecom","__networkName":"شبكة الاتصالات","__layerId":"telecom_assets","__layerName":"مرافق الاتصالات","__assetName":"مرافق الاتصالات","__geometryKind":"point","__featureIndex":919,"__typeValue":"بوكس"},"geometry":{"type":"Point","coordinates":[31.56442804275129,30.274636867855065]}},{"type":"Feature","properties":{"Description":null,"Telecom_Feature_Type":"بوكس","Easting":"031° 33' 43.57\" E","Northing":"30° 16' 26.26\" N","ID":"5","GlobalID":"{77065C3E-CD5B-4E90-91F1-F081CF68B566}","sectors":"القطاع الاول","Distance":"200m","I_D":"6-4","__networkId":"telecom","__networkName":"شبكة الاتصالات","__layerId":"telecom_assets","__layerName":"مرافق الاتصالات","__assetName":"مرافق الاتصالات","__geometryKind":"point","__featureIndex":920,"__typeValue":"بوكس"},"geometry":{"type":"Point","coordinates":[31.56378033407527,30.274128561086503]}},{"type":"Feature","properties":{"Description":null,"Telecom_Feature_Type":"بوكس","Easting":"031° 33' 43.77\" E","Northing":"30° 16' 21.5\" N","ID":"14","GlobalID":"{C7867691-6926-4886-8891-A9FDE76F112A}","sectors":"القطاع الاول","Distance":"265m","I_D":"6-4","__networkId":"telecom","__networkName":"شبكة الاتصالات","__layerId":"telecom_assets","__layerName":"مرافق الاتصالات","__assetName":"مرافق الاتصالات","__geometryKind":"point","__featureIndex":921,"__typeValue":"بوكس"},"geometry":{"type":"Point","coordinates":[31.563834338095173,30.272806400338798]}},{"type":"Feature","properties":{"Description":null,"Telecom_Feature_Type":"بوكس","Easting":"031° 33' 45.14\" E","Northing":"30° 16' 22.74\" N","ID":"10","GlobalID":"{7A67AD51-4D73-4D0E-AAFA-250BC9747AD1}","sectors":"القطاع الاول","Distance":"335m","I_D":"6-4","__networkId":"telecom","__networkName":"شبكة الاتصالات","__layerId":"telecom_assets","__layerName":"مرافق الاتصالات","__assetName":"مرافق الاتصالات","__geometryKind":"point","__featureIndex":922,"__typeValue":"بوكس"},"geometry":{"type":"Point","coordinates":[31.564216524536192,30.27314934862141]}},{"type":"Feature","properties":{"Description":null,"Telecom_Feature_Type":"بوكس","Easting":"031° 33' 44.86\" E","Northing":"30° 16' 23.87\" N","ID":"11","GlobalID":"{7E5B5B80-469F-4B03-824E-D4F2AB038BEC}","sectors":"القطاع الاول","Distance":"280m","I_D":"6-4","__networkId":"telecom","__networkName":"شبكة الاتصالات","__layerId":"telecom_assets","__layerName":"مرافق الاتصالات","__assetName":"مرافق الاتصالات","__geometryKind":"point","__featureIndex":923,"__typeValue":"بوكس"},"geometry":{"type":"Point","coordinates":[31.564137106278565,30.2734627047175]}},{"type":"Feature","properties":{"Description":null,"Telecom_Feature_Type":"بوكس","Easting":"031° 33' 41.31\" E","Northing":"30° 16' 25.48\" N","ID":"7","GlobalID":"{A3E2D54E-9C63-47A6-B4C6-852D671123DC}","sectors":"القطاع الاول","Distance":"150m","I_D":"6-4","__networkId":"telecom","__networkName":"شبكة الاتصالات","__layerId":"telecom_assets","__layerName":"مرافق الاتصالات","__assetName":"مرافق الاتصالات","__geometryKind":"point","__featureIndex":924,"__typeValue":"بوكس"},"geometry":{"type":"Point","coordinates":[31.563151226813808,30.273911668766157]}},{"type":"Feature","properties":{"Description":null,"Telecom_Feature_Type":"بوكس","Easting":"031° 33' 40.33\" E","Northing":"30° 16' 26.44\" N","ID":"22A","GlobalID":"{0E5C22DC-4D7C-4B3A-8504-0769E0F141EF}","sectors":"القطاع الاول","Distance":"150m","I_D":"6-4","__networkId":"telecom","__networkName":"شبكة الاتصالات","__layerId":"telecom_assets","__layerName":"مرافق الاتصالات","__assetName":"مرافق الاتصالات","__geometryKind":"point","__featureIndex":925,"__typeValue":"بوكس"},"geometry":{"type":"Point","coordinates":[31.56288080696383,30.27417612574022]}},{"type":"Feature","properties":{"Description":null,"Telecom_Feature_Type":"بوكس","Easting":"031° 33' 42.55\" E","Northing":"30° 16' 28.57\" N","ID":"19","GlobalID":"{98464440-9D33-4005-B329-9F1569EDFD8E}","sectors":"القطاع الاول","Distance":"5m","I_D":"6-4","__networkId":"telecom","__networkName":"شبكة الاتصالات","__layerId":"telecom_assets","__layerName":"مرافق الاتصالات","__assetName":"مرافق الاتصالات","__geometryKind":"point","__featureIndex":926,"__typeValue":"بوكس"},"geometry":{"type":"Point","coordinates":[31.563495357026092,30.2747691528635]}},{"type":"Feature","properties":{"Description":null,"Telecom_Feature_Type":"بوكس","Easting":"031° 33' 48.3\" E","Northing":"30° 16' 31.34\" N","ID":"16","GlobalID":"{304B911A-C7AF-4029-A494-58FC4B69376A}","sectors":"القطاع الاول","Distance":"5m","I_D":"6-2","__networkId":"telecom","__networkName":"شبكة الاتصالات","__layerId":"telecom_assets","__layerName":"مرافق الاتصالات","__assetName":"مرافق الاتصالات","__geometryKind":"point","__featureIndex":927,"__typeValue":"بوكس"},"geometry":{"type":"Point","coordinates":[31.565093743784175,30.27553722613517]}},{"type":"Feature","properties":{"Description":null,"Telecom_Feature_Type":"بوكس","Easting":"031° 33' 46.2\" E","Northing":"30° 16' 29.23\" N","ID":"1","GlobalID":"{BF513B0D-2CB8-4542-A4F8-8C2A6F2CC9EE}","sectors":"القطاع الاول","Distance":"5m","I_D":"6-4","__networkId":"telecom","__networkName":"شبكة الاتصالات","__layerId":"telecom_assets","__layerName":"مرافق الاتصالات","__assetName":"مرافق الاتصالات","__geometryKind":"point","__featureIndex":928,"__typeValue":"بوكس"},"geometry":{"type":"Point","coordinates":[31.56450983615454,30.274952097412765]}},{"type":"Feature","properties":{"Description":null,"Telecom_Feature_Type":"بوكس","Easting":"031° 33' 50.66\" E","Northing":"30° 16' 33.22\" N","ID":"4","GlobalID":"{AA3A78D7-B832-41AD-B729-54A7291423F3}","sectors":"القطاع الاول","Distance":"5m","I_D":"6-2","__networkId":"telecom","__networkName":"شبكة الاتصالات","__layerId":"telecom_assets","__layerName":"مرافق الاتصالات","__assetName":"مرافق الاتصالات","__geometryKind":"point","__featureIndex":929,"__typeValue":"بوكس"},"geometry":{"type":"Point","coordinates":[31.56575025595002,30.27605995919583]}},{"type":"Feature","properties":{"Description":null,"Telecom_Feature_Type":"بوكس","Easting":"031° 33' 43.45\" E","Northing":"30° 16' 23.78\" N","ID":"12","GlobalID":"{DE25066A-99BB-43A6-9248-492E6C67BD1F}","sectors":"القطاع الاول","Distance":"240m","I_D":"6-4","__networkId":"telecom","__networkName":"شبكة الاتصالات","__layerId":"telecom_assets","__layerName":"مرافق الاتصالات","__assetName":"مرافق الاتصالات","__geometryKind":"point","__featureIndex":930,"__typeValue":"بوكس"},"geometry":{"type":"Point","coordinates":[31.563746516098067,30.273439421067355]}},{"type":"Feature","properties":{"Description":null,"Telecom_Feature_Type":"بوكس","Easting":"031° 33' 42.45\" E","Northing":"30° 16' 21.7\" N","ID":"15","GlobalID":"{6353E07D-1BCE-409E-9FC2-5120F89BE324}","sectors":"القطاع الاول","Distance":"230m","I_D":"6-4","__networkId":"telecom","__networkName":"شبكة الاتصالات","__layerId":"telecom_assets","__layerName":"مرافق الاتصالات","__assetName":"مرافق الاتصالات","__geometryKind":"point","__featureIndex":931,"__typeValue":"بوكس"},"geometry":{"type":"Point","coordinates":[31.563469461291398,30.272862064376774]}},{"type":"Feature","properties":{"Description":null,"Telecom_Feature_Type":"بوكس","Easting":"031° 33' 55.32\" E","Northing":"30° 16' 15.69\" N","ID":"9","GlobalID":"{CC63F793-32AA-4677-8B4B-D030D10B4719}","sectors":"القطاع الثاني","Distance":"260m","I_D":"10-2","__networkId":"telecom","__networkName":"شبكة الاتصالات","__layerId":"telecom_assets","__layerName":"مرافق الاتصالات","__assetName":"مرافق الاتصالات","__geometryKind":"point","__featureIndex":932,"__typeValue":"بوكس"},"geometry":{"type":"Point","coordinates":[31.567044786664926,30.271191580993772]}},{"type":"Feature","properties":{"Description":null,"Telecom_Feature_Type":"بوكس","Easting":"031° 33' 55.03\" E","Northing":"30° 16' 16.23\" N","ID":"5","GlobalID":"{299AB768-DE04-4797-8B1D-B796E6A87FB0}","sectors":"القطاع الثاني","Distance":"260m","I_D":"10-2","__networkId":"telecom","__networkName":"شبكة الاتصالات","__layerId":"telecom_assets","__layerName":"مرافق الاتصالات","__assetName":"مرافق الاتصالات","__geometryKind":"point","__featureIndex":933,"__typeValue":"بوكس"},"geometry":{"type":"Point","coordinates":[31.566963062431952,30.27134249982943]}},{"type":"Feature","properties":{"Description":null,"Telecom_Feature_Type":"بوكس","Easting":"031° 33' 54.2\" E","Northing":"30° 16' 16.82\" N","ID":"6","GlobalID":"{994FAF86-9ACF-44C4-A440-EFF157AB6F74}","sectors":"القطاع الثاني","Distance":"230m","I_D":"10-2","__networkId":"telecom","__networkName":"شبكة الاتصالات","__layerId":"telecom_assets","__layerName":"مرافق الاتصالات","__assetName":"مرافق الاتصالات","__geometryKind":"point","__featureIndex":934,"__typeValue":"بوكس"},"geometry":{"type":"Point","coordinates":[31.566731792060377,30.27150488748023]}},{"type":"Feature","properties":{"Description":null,"Telecom_Feature_Type":"بوكس","Easting":"031° 33' 53.49\" E","Northing":"30° 16' 14.89\" N","ID":"8","GlobalID":"{5A12206D-4B7A-4F69-B62B-42DFB0A443F9}","sectors":"القطاع الثاني","Distance":"210m","I_D":"10-2","__networkId":"telecom","__networkName":"شبكة الاتصالات","__layerId":"telecom_assets","__layerName":"مرافق الاتصالات","__assetName":"مرافق الاتصالات","__geometryKind":"point","__featureIndex":935,"__typeValue":"بوكس"},"geometry":{"type":"Point","coordinates":[31.56653585871712,30.270969806086313]}},{"type":"Feature","properties":{"Description":null,"Telecom_Feature_Type":"بوكس","Easting":"031° 33' 52.54\" E","Northing":"30° 16' 15.82\" N","ID":"9","GlobalID":"{B8A6D549-347E-4A07-ABEC-72562CF0AED8}","sectors":"القطاع الثاني","Distance":"180m","I_D":"10-2","__networkId":"telecom","__networkName":"شبكة الاتصالات","__layerId":"telecom_assets","__layerName":"مرافق الاتصالات","__assetName":"مرافق الاتصالات","__geometryKind":"point","__featureIndex":936,"__typeValue":"بوكس"},"geometry":{"type":"Point","coordinates":[31.566272861646326,30.271226677173175]}},{"type":"Feature","properties":{"Description":null,"Telecom_Feature_Type":"بوكس","Easting":"031° 33' 50.5\" E","Northing":"30° 16' 12.74\" N","ID":"13","GlobalID":"{60EEC01A-9A4A-4D05-8FEC-183ADBEAFBEF}","sectors":"القطاع الثاني","Distance":"100m","I_D":"10-2","__networkId":"telecom","__networkName":"شبكة الاتصالات","__layerId":"telecom_assets","__layerName":"مرافق الاتصالات","__assetName":"مرافق الاتصالات","__geometryKind":"point","__featureIndex":937,"__typeValue":"بوكس"},"geometry":{"type":"Point","coordinates":[31.56570600763406,30.270371728593393]}},{"type":"Feature","properties":{"Description":null,"Telecom_Feature_Type":"بوكس","Easting":"031° 33' 51.51\" E","Northing":"30° 16' 13.1\" N","ID":"12","GlobalID":"{4A75DBB6-8211-472F-AC83-613186951C89}","sectors":"القطاع الثاني","Distance":"125m","I_D":"10-2","__networkId":"telecom","__networkName":"شبكة الاتصالات","__layerId":"telecom_assets","__layerName":"مرافق الاتصالات","__assetName":"مرافق الاتصالات","__geometryKind":"point","__featureIndex":938,"__typeValue":"بوكس"},"geometry":{"type":"Point","coordinates":[31.565984592271654,30.270472598817936]}},{"type":"Feature","properties":{"Description":null,"Telecom_Feature_Type":"بوكس","Easting":"031° 33' 49.97\" E","Northing":"30° 16' 13.65\" N","ID":"14","GlobalID":"{379931A1-DFD3-49E8-906D-DFADA6E3E399}","sectors":"القطاع الثاني","Distance":"70m","I_D":"10-2","__networkId":"telecom","__networkName":"شبكة الاتصالات","__layerId":"telecom_assets","__layerName":"مرافق الاتصالات","__assetName":"مرافق الاتصالات","__geometryKind":"point","__featureIndex":939,"__typeValue":"بوكس"},"geometry":{"type":"Point","coordinates":[31.565558627333587,30.27062339229807]}},{"type":"Feature","properties":{"Description":null,"Telecom_Feature_Type":"بوكس","Easting":"031° 33' 51.22\" E","Northing":"30° 16' 14.64\" N","ID":"11","GlobalID":"{10E5B242-66EE-4D99-845D-1DA30D999506}","sectors":"القطاع الثاني","Distance":"120m","I_D":"10-2","__networkId":"telecom","__networkName":"شبكة الاتصالات","__layerId":"telecom_assets","__layerName":"مرافق الاتصالات","__assetName":"مرافق الاتصالات","__geometryKind":"point","__featureIndex":940,"__typeValue":"بوكس"},"geometry":{"type":"Point","coordinates":[31.565904173290793,30.270899008382642]}},{"type":"Feature","properties":{"Description":null,"Telecom_Feature_Type":"بوكس","Easting":"031° 33' 49.01\" E","Northing":"30° 16' 11.74\" N","ID":"28","GlobalID":"{D9F43CCC-2404-4EE3-9752-91239B7F3A0A}","sectors":"القطاع الثاني","Distance":"70m","I_D":"10-2","__networkId":"telecom","__networkName":"شبكة الاتصالات","__layerId":"telecom_assets","__layerName":"مرافق الاتصالات","__assetName":"مرافق الاتصالات","__geometryKind":"point","__featureIndex":941,"__typeValue":"بوكس"},"geometry":{"type":"Point","coordinates":[31.565292115155117,30.270093333528802]}},{"type":"Feature","properties":{"Description":null,"Telecom_Feature_Type":"بوكس","Easting":"031° 33' 47.67\" E","Northing":"30° 16' 10.83\" N","ID":"26","GlobalID":"{F183CFBB-BAC0-41A1-88F3-20D2E6A9AFA5}","sectors":"القطاع الثاني","Distance":"120m","I_D":"10-2","__networkId":"telecom","__networkName":"شبكة الاتصالات","__layerId":"telecom_assets","__layerName":"مرافق الاتصالات","__assetName":"مرافق الاتصالات","__geometryKind":"point","__featureIndex":942,"__typeValue":"بوكس"},"geometry":{"type":"Point","coordinates":[31.564918288436154,30.26984198733545]}},{"type":"Feature","properties":{"Description":null,"Telecom_Feature_Type":"بوكس","Easting":"031° 33' 48.4\" E","Northing":"30° 16' 12.52\" N","ID":"29","GlobalID":"{1F30C4EF-7B67-40C9-A85F-615F763FEA67}","sectors":"القطاع الثاني","Distance":"40m","I_D":"10-2","__networkId":"telecom","__networkName":"شبكة الاتصالات","__layerId":"telecom_assets","__layerName":"مرافق الاتصالات","__assetName":"مرافق الاتصالات","__geometryKind":"point","__featureIndex":943,"__typeValue":"بوكس"},"geometry":{"type":"Point","coordinates":[31.565120844159676,30.270309594997237]}},{"type":"Feature","properties":{"Description":null,"Telecom_Feature_Type":"بوكس","Easting":"031° 33' 47.22\" E","Northing":"30° 16' 11.38\" N","ID":"27","GlobalID":"{669F2FAD-55EE-4F05-9B90-5F67B81F9FB2}","sectors":"القطاع الثاني","Distance":"70m","I_D":"10-2","__networkId":"telecom","__networkName":"شبكة الاتصالات","__layerId":"telecom_assets","__layerName":"مرافق الاتصالات","__assetName":"مرافق الاتصالات","__geometryKind":"point","__featureIndex":944,"__typeValue":"بوكس"},"geometry":{"type":"Point","coordinates":[31.564793871769293,30.269994797413144]}},{"type":"Feature","properties":{"Description":null,"Telecom_Feature_Type":"بوكس","Easting":"031° 33' 39.21\" E","Northing":"30° 16' 2.48\" N","ID":"30","GlobalID":"{2A252A7B-EFF2-47AF-BBF8-E5A2C7EA6750}","sectors":"القطاع الثاني","Distance":"60m","I_D":"11-2","__networkId":"telecom","__networkName":"شبكة الاتصالات","__layerId":"telecom_assets","__layerName":"مرافق الاتصالات","__assetName":"مرافق الاتصالات","__geometryKind":"point","__featureIndex":945,"__typeValue":"بوكس"},"geometry":{"type":"Point","coordinates":[31.562569997960352,30.267522961385332]}},{"type":"Feature","properties":{"Description":null,"Telecom_Feature_Type":"بوكس","Easting":"031° 33' 50.39\" E","Northing":"30° 16' 21.27\" N","ID":"14","GlobalID":"{C566AECC-F067-4E18-B671-369E8EE26F00}","sectors":"القطاع الاول","Distance":"205m","I_D":"7-2","__networkId":"telecom","__networkName":"شبكة الاتصالات","__layerId":"telecom_assets","__layerName":"مرافق الاتصالات","__assetName":"مرافق الاتصالات","__geometryKind":"point","__featureIndex":946,"__typeValue":"بوكس"},"geometry":{"type":"Point","coordinates":[31.5656732083464,30.27274218211189]}},{"type":"Feature","properties":{"Description":null,"Telecom_Feature_Type":"بوكس","Easting":"031° 33' 21.66\" E","Northing":"30° 16' 40.5\" N","ID":"15","GlobalID":"{F1D1ADAE-BAC9-47C9-AF12-2FCC94D2E475}","sectors":"القطاع الخامس","Distance":"130m","I_D":"8-1","__networkId":"telecom","__networkName":"شبكة الاتصالات","__layerId":"telecom_assets","__layerName":"مرافق الاتصالات","__assetName":"مرافق الاتصالات","__geometryKind":"point","__featureIndex":947,"__typeValue":"بوكس"},"geometry":{"type":"Point","coordinates":[31.557694681013327,30.278084067088457]}},{"type":"Feature","properties":{"Description":null,"Telecom_Feature_Type":"بوكس","Easting":"031° 33' 20.8\" E","Northing":"30° 16' 41.49\" N","ID":"14","GlobalID":"{F605049E-9448-4F6C-8102-6BD352A894AF}","sectors":"القطاع الخامس","Distance":"170m","I_D":"8-1","__networkId":"telecom","__networkName":"شبكة الاتصالات","__layerId":"telecom_assets","__layerName":"مرافق الاتصالات","__assetName":"مرافق الاتصالات","__geometryKind":"point","__featureIndex":948,"__typeValue":"بوكس"},"geometry":{"type":"Point","coordinates":[31.557455863895033,30.27835935579336]}},{"type":"Feature","properties":{"Description":null,"Telecom_Feature_Type":"بوكس","Easting":"031° 33' 56.33\" E","Northing":"30° 16' 4.5\" N","ID":"21","GlobalID":"{19620F11-E2B4-48E4-9ABE-2A5A695E4635}","sectors":"القطاع الثاني","Distance":"240m","I_D":"12-2","__networkId":"telecom","__networkName":"شبكة الاتصالات","__layerId":"telecom_assets","__layerName":"مرافق الاتصالات","__assetName":"مرافق الاتصالات","__geometryKind":"point","__featureIndex":949,"__typeValue":"بوكس"},"geometry":{"type":"Point","coordinates":[31.567324212125605,30.268083819915145]}},{"type":"Feature","properties":{"Description":null,"Telecom_Feature_Type":"بوكس","Easting":"031° 33' 54.86\" E","Northing":"30° 16' 29.89\" N","ID":"12","GlobalID":"{67330D8D-80DE-4F37-B58E-592FDD1FE7C1}","sectors":"القطاع الاول","Distance":"5m","I_D":"7-4","__networkId":"telecom","__networkName":"شبكة الاتصالات","__layerId":"telecom_assets","__layerName":"مرافق الاتصالات","__assetName":"مرافق الاتصالات","__geometryKind":"point","__featureIndex":950,"__typeValue":"بوكس"},"geometry":{"type":"Point","coordinates":[31.56691508520924,30.27513461570786]}},{"type":"Feature","properties":{"Description":null,"Telecom_Feature_Type":"بوكس","Easting":"031° 33' 54.67\" E","Northing":"30° 16' 30.84\" N","ID":"17A","GlobalID":"{0F4DC372-7A04-4432-BBDE-02CD4D2E8769}","sectors":"القطاع الاول","Distance":"5m","I_D":"7-4","__networkId":"telecom","__networkName":"شبكة الاتصالات","__layerId":"telecom_assets","__layerName":"مرافق الاتصالات","__assetName":"مرافق الاتصالات","__geometryKind":"point","__featureIndex":951,"__typeValue":"بوكس"},"geometry":{"type":"Point","coordinates":[31.566863273976914,30.275399063956268]}},{"type":"Feature","properties":{"Description":null,"Telecom_Feature_Type":"بوكس","Easting":"031° 33' 54.21\" E","Northing":"30° 16' 30.43\" N","ID":"18A","GlobalID":"{2255D948-7928-4936-8356-8D78A7AAB927}","sectors":"القطاع الاول","Distance":"140m","I_D":"7-4","__networkId":"telecom","__networkName":"شبكة الاتصالات","__layerId":"telecom_assets","__layerName":"مرافق الاتصالات","__assetName":"مرافق الاتصالات","__geometryKind":"point","__featureIndex":952,"__typeValue":"بوكس"},"geometry":{"type":"Point","coordinates":[31.566735915327516,30.275285994734954]}},{"type":"Feature","properties":{"Description":null,"Telecom_Feature_Type":"بوكس","Easting":"031° 33' 52.38\" E","Northing":"30° 16' 28.85\" N","ID":"20","GlobalID":"{76327F05-B8A0-4CFE-9067-3B4E8A933D3B}","sectors":"القطاع الاول","Distance":"25m","I_D":"7-4","__networkId":"telecom","__networkName":"شبكة الاتصالات","__layerId":"telecom_assets","__layerName":"مرافق الاتصالات","__assetName":"مرافق الاتصالات","__geometryKind":"point","__featureIndex":953,"__typeValue":"بوكس"},"geometry":{"type":"Point","coordinates":[31.5662270331938,30.274846167367055]}},{"type":"Feature","properties":{"Description":null,"Telecom_Feature_Type":"بوكس","Easting":"031° 33' 53.02\" E","Northing":"30° 16' 28.31\" N","ID":"14","GlobalID":"{B8132FEA-62B1-4703-B31D-C6D17816962F}","sectors":"القطاع الاول","Distance":"50m","I_D":"7-4","__networkId":"telecom","__networkName":"شبكة الاتصالات","__layerId":"telecom_assets","__layerName":"مرافق الاتصالات","__assetName":"مرافق الاتصالات","__geometryKind":"point","__featureIndex":954,"__typeValue":"بوكس"},"geometry":{"type":"Point","coordinates":[31.566404737923285,30.274697430817383]}},{"type":"Feature","properties":{"Description":null,"Telecom_Feature_Type":"بوكس","Easting":"031° 33' 57.53\" E","Northing":"30° 16' 30.44\" N","ID":"10A","GlobalID":"{2E7F8F93-AAA6-4E61-9A0B-B0C0DC395711}","sectors":"القطاع الاول","Distance":"5m","I_D":"7-4","__networkId":"telecom","__networkName":"شبكة الاتصالات","__layerId":"telecom_assets","__layerName":"مرافق الاتصالات","__assetName":"مرافق الاتصالات","__geometryKind":"point","__featureIndex":955,"__typeValue":"بوكس"},"geometry":{"type":"Point","coordinates":[31.56765727689024,30.27528743849286]}},{"type":"Feature","properties":{"Description":null,"Telecom_Feature_Type":"بوكس","Easting":"031° 33' 56.47\" E","Northing":"30° 16' 32.43\" N","ID":"15A","GlobalID":"{7D301F6C-A765-46ED-84F2-BF695CA87340}","sectors":"القطاع الاول","Distance":"5m","I_D":"7-4","__networkId":"telecom","__networkName":"شبكة الاتصالات","__layerId":"telecom_assets","__layerName":"مرافق الاتصالات","__assetName":"مرافق الاتصالات","__geometryKind":"point","__featureIndex":956,"__typeValue":"بوكس"},"geometry":{"type":"Point","coordinates":[31.567363881728568,30.275840870996184]}},{"type":"Feature","properties":{"Description":null,"Telecom_Feature_Type":"بوكس","Easting":"031° 33' 52.46\" E","Northing":"30° 16' 30.8\" N","ID":"19A","GlobalID":"{DD6B33B5-12B0-41D0-ADC6-8298D1DDF10C}","sectors":"القطاع الاول","Distance":"5m","I_D":"7-4","__networkId":"telecom","__networkName":"شبكة الاتصالات","__layerId":"telecom_assets","__layerName":"مرافق الاتصالات","__assetName":"مرافق الاتصالات","__geometryKind":"point","__featureIndex":957,"__typeValue":"بوكس"},"geometry":{"type":"Point","coordinates":[31.5662495449748,30.275388901804607]}},{"type":"Feature","properties":{"Description":null,"Telecom_Feature_Type":"بوكس","Easting":"031° 33' 58.93\" E","Northing":"30° 16' 29.71\" N","ID":"9A","GlobalID":"{F873A346-A91D-4A55-A2DD-C6B50FE05771}","sectors":"القطاع الاول","Distance":"5m","I_D":"10-3","__networkId":"telecom","__networkName":"شبكة الاتصالات","__layerId":"telecom_assets","__layerName":"مرافق الاتصالات","__assetName":"مرافق الاتصالات","__geometryKind":"point","__featureIndex":958,"__typeValue":"بوكس"},"geometry":{"type":"Point","coordinates":[31.56804538502559,30.275085849031083]}},{"type":"Feature","properties":{"Description":null,"Telecom_Feature_Type":"بوكس","Easting":"031° 33' 17.67\" E","Northing":"30° 16' 6.23\" N","ID":"23","GlobalID":"{FEBBC839-503F-4E93-996A-2149EF9287EF}","sectors":"القطاع الثاني","Distance":"150m","I_D":"7-2","__networkId":"telecom","__networkName":"شبكة الاتصالات","__layerId":"telecom_assets","__layerName":"مرافق الاتصالات","__assetName":"مرافق الاتصالات","__geometryKind":"point","__featureIndex":959,"__typeValue":"بوكس"},"geometry":{"type":"Point","coordinates":[31.55658661180531,30.268563269991898]}},{"type":"Feature","properties":{"Description":null,"Telecom_Feature_Type":"ايندكاب","Easting":"031° 33' 28.69\" E","Northing":"30° 16' 5.83\" N","ID":"1","GlobalID":"{55414599-2BFD-493A-948B-12CB28B90AF1}","sectors":"القطاع الثاني","Distance":"295m","I_D":"9-3","__networkId":"telecom","__networkName":"شبكة الاتصالات","__layerId":"telecom_assets","__layerName":"مرافق الاتصالات","__assetName":"مرافق الاتصالات","__geometryKind":"point","__featureIndex":960,"__typeValue":"ايندكاب"},"geometry":{"type":"Point","coordinates":[31.559645747250265,30.268451673219626]}},{"type":"Feature","properties":{"Description":null,"Telecom_Feature_Type":"ايندكاب","Easting":"031° 33' 32.73\" E","Northing":"30° 16' 2.36\" N","ID":"13","GlobalID":"{F4C9FB9D-51E9-424D-970D-F48EFABA43FE}","sectors":"القطاع الثاني","Distance":"125m","I_D":"7-4","__networkId":"telecom","__networkName":"شبكة الاتصالات","__layerId":"telecom_assets","__layerName":"مرافق الاتصالات","__assetName":"مرافق الاتصالات","__geometryKind":"point","__featureIndex":961,"__typeValue":"ايندكاب"},"geometry":{"type":"Point","coordinates":[31.560769966370437,30.267487271125905]}},{"type":"Feature","properties":{"Description":null,"Telecom_Feature_Type":"ايندكاب","Easting":"031° 34' 0.05\" E","Northing":"30° 16' 15.48\" N","ID":"28","GlobalID":"{C94B6390-E3F1-4D34-BE20-F6448244B655}","sectors":"القطاع الثاني","Distance":"80m","I_D":"10-4","__networkId":"telecom","__networkName":"شبكة الاتصالات","__layerId":"telecom_assets","__layerName":"مرافق الاتصالات","__assetName":"مرافق الاتصالات","__geometryKind":"point","__featureIndex":962,"__typeValue":"ايندكاب"},"geometry":{"type":"Point","coordinates":[31.568357571146382,30.27113340464789]}},{"type":"Feature","properties":{"Description":null,"Telecom_Feature_Type":"ايندكاب","Easting":"031° 33' 31.72\" E","Northing":"30° 16' 16.61\" N","ID":"17","GlobalID":"{F5E5A397-1BD3-4BAB-A605-1655319348E3}","sectors":"القطاع الاول","Distance":"155m","I_D":"10-1","__networkId":"telecom","__networkName":"شبكة الاتصالات","__layerId":"telecom_assets","__layerName":"مرافق الاتصالات","__assetName":"مرافق الاتصالات","__geometryKind":"point","__featureIndex":963,"__typeValue":"ايندكاب"},"geometry":{"type":"Point","coordinates":[31.560487659114298,30.2714466174449]}},{"type":"Feature","properties":{"Description":null,"Telecom_Feature_Type":"ايندكاب","Easting":"031° 33' 33.84\" E","Northing":"30° 16' 7.34\" N","ID":"21","GlobalID":"{C7E87A8D-B01C-436C-AEDE-825BF118BEC2}","sectors":"القطاع الاول","Distance":"110m","I_D":"9-4","__networkId":"telecom","__networkName":"شبكة الاتصالات","__layerId":"telecom_assets","__layerName":"مرافق الاتصالات","__assetName":"مرافق الاتصالات","__geometryKind":"point","__featureIndex":964,"__typeValue":"ايندكاب"},"geometry":{"type":"Point","coordinates":[31.561076544308914,30.268871697027414]}},{"type":"Feature","properties":{"Description":null,"Telecom_Feature_Type":"ايندكاب","Easting":"031° 33' 52.43\" E","Northing":"30° 16' 25.92\" N","ID":"4","GlobalID":"{68016827-4960-4E55-B5E5-396BC3A5F3A7}","sectors":"القطاع الاول","Distance":"160m","I_D":"7-4","__networkId":"telecom","__networkName":"شبكة الاتصالات","__layerId":"telecom_assets","__layerName":"مرافق الاتصالات","__assetName":"مرافق الاتصالات","__geometryKind":"point","__featureIndex":965,"__typeValue":"ايندكاب"},"geometry":{"type":"Point","coordinates":[31.566241625427253,30.274032877783835]}},{"type":"Feature","properties":{"Description":null,"Telecom_Feature_Type":"ايندكاب","Easting":"031° 33' 50.33\" E","Northing":"30° 16' 23.85\" N","ID":"2","GlobalID":"{840A618A-38C4-4128-84AB-EA268779DD65}","sectors":"القطاع الاول","Distance":"240m","I_D":"7-4","__networkId":"telecom","__networkName":"شبكة الاتصالات","__layerId":"telecom_assets","__layerName":"مرافق الاتصالات","__assetName":"مرافق الاتصالات","__geometryKind":"point","__featureIndex":966,"__typeValue":"ايندكاب"},"geometry":{"type":"Point","coordinates":[31.5656569802808,30.27345718947513]}},{"type":"Feature","properties":{"Description":null,"Telecom_Feature_Type":"ايندكاب","Easting":"031° 33' 59.74\" E","Northing":"30° 16' 27.32\" N","ID":"13","GlobalID":"{311EDA50-59A5-4694-A929-7512040DFF2D}","sectors":"القطاع الاول","Distance":"180m","I_D":"10-3","__networkId":"telecom","__networkName":"شبكة الاتصالات","__layerId":"telecom_assets","__layerName":"مرافق الاتصالات","__assetName":"مرافق الاتصالات","__geometryKind":"point","__featureIndex":967,"__typeValue":"ايندكاب"},"geometry":{"type":"Point","coordinates":[31.56827121699644,30.274421086057274]}},{"type":"Feature","properties":{"Description":null,"Telecom_Feature_Type":"ايندكاب","Easting":"031° 33' 59.06\" E","Northing":"30° 16' 27.82\" N","ID":"12A","GlobalID":"{BA144584-E060-48B3-AAD5-7B2360154F3E}","sectors":"القطاع الاول","Distance":"5m","I_D":"10-3","__networkId":"telecom","__networkName":"شبكة الاتصالات","__layerId":"telecom_assets","__layerName":"مرافق الاتصالات","__assetName":"مرافق الاتصالات","__geometryKind":"point","__featureIndex":968,"__typeValue":"ايندكاب"},"geometry":{"type":"Point","coordinates":[31.568083196014218,30.274561488579096]}},{"type":"Feature","properties":{"Description":null,"Telecom_Feature_Type":"ايندكاب","Easting":"031° 33' 57.55\" E","Northing":"30° 16' 23.31\" N","ID":"15A","GlobalID":"{77562294-CC4B-4995-AB92-F37A2D42FC0D}","sectors":"القطاع الاول","Distance":"5m","I_D":"7-3","__networkId":"telecom","__networkName":"شبكة الاتصالات","__layerId":"telecom_assets","__layerName":"مرافق الاتصالات","__assetName":"مرافق الاتصالات","__geometryKind":"point","__featureIndex":969,"__typeValue":"ايندكاب"},"geometry":{"type":"Point","coordinates":[31.567662152047287,30.273308098601753]}},{"type":"Feature","properties":{"Description":null,"Telecom_Feature_Type":"ايندكاب","Easting":"031° 33' 59.14\" E","Northing":"30° 16' 26.74\" N","ID":"1","GlobalID":"{7007837A-A4A9-4EA3-BF76-335CA07735C1}","sectors":"القطاع الاول","Distance":"250m","I_D":"7-3","__networkId":"telecom","__networkName":"شبكة الاتصالات","__layerId":"telecom_assets","__layerName":"مرافق الاتصالات","__assetName":"مرافق الاتصالات","__geometryKind":"point","__featureIndex":970,"__typeValue":"ايندكاب"},"geometry":{"type":"Point","coordinates":[31.568105926085874,30.274261267266258]}},{"type":"Feature","properties":{"Description":null,"Telecom_Feature_Type":"ايندكاب","Easting":"031° 33' 48.35\" E","Northing":"30° 16' 19.12\" N","ID":"17A","GlobalID":"{2A8FEEF3-FFEA-4A8B-A876-097A1DFC0637}","sectors":"القطاع الاول","Distance":"5m","I_D":"7-2","__networkId":"telecom","__networkName":"شبكة الاتصالات","__layerId":"telecom_assets","__layerName":"مرافق الاتصالات","__assetName":"مرافق الاتصالات","__geometryKind":"point","__featureIndex":971,"__typeValue":"ايندكاب"},"geometry":{"type":"Point","coordinates":[31.565107846435808,30.272145434314503]}},{"type":"Feature","properties":{"Description":null,"Telecom_Feature_Type":"ايندكاب","Easting":"031° 33' 42.71\" E","Northing":"30° 16' 16.88\" N","ID":"19A","GlobalID":"{3F63E358-9493-46CF-9740-2A13CE36993C}","sectors":"القطاع الاول","Distance":"5m","I_D":"7-1","__networkId":"telecom","__networkName":"شبكة الاتصالات","__layerId":"telecom_assets","__layerName":"مرافق الاتصالات","__assetName":"مرافق الاتصالات","__geometryKind":"point","__featureIndex":972,"__typeValue":"ايندكاب"},"geometry":{"type":"Point","coordinates":[31.56354140826083,30.271520710465033]}},{"type":"Feature","properties":{"Description":null,"Telecom_Feature_Type":"ايندكاب","Easting":"031° 33' 43.6\" E","Northing":"30° 16' 17.71\" N","ID":"20A","GlobalID":"{F7C1B0BB-9345-4DD0-BC30-1AC239624831}","sectors":"القطاع الاول","Distance":"5m","I_D":"7-1","__networkId":"telecom","__networkName":"شبكة الاتصالات","__layerId":"telecom_assets","__layerName":"مرافق الاتصالات","__assetName":"مرافق الاتصالات","__geometryKind":"point","__featureIndex":973,"__typeValue":"ايندكاب"},"geometry":{"type":"Point","coordinates":[31.56378839106504,30.27175239761737]}},{"type":"Feature","properties":{"Description":null,"Telecom_Feature_Type":"ايندكاب","Easting":"031° 33' 42.91\" E","Northing":"30° 16' 19.19\" N","ID":"21A","GlobalID":"{046BC0E6-44E1-4529-A5C3-67EF0D2B79B8}","sectors":"القطاع الاول","Distance":"5m","I_D":"7-1","__networkId":"telecom","__networkName":"شبكة الاتصالات","__layerId":"telecom_assets","__layerName":"مرافق الاتصالات","__assetName":"مرافق الاتصالات","__geometryKind":"point","__featureIndex":974,"__typeValue":"ايندكاب"},"geometry":{"type":"Point","coordinates":[31.563595559604455,30.272163306140733]}},{"type":"Feature","properties":{"Description":null,"Telecom_Feature_Type":"ايندكاب","Easting":"031° 33' 44.54\" E","Northing":"30° 16' 20.88\" N","ID":"7A","GlobalID":"{44EC173A-5741-420C-8DF3-42DE641C2C76}","sectors":"القطاع الاول","Distance":"5m","I_D":"7-2","__networkId":"telecom","__networkName":"شبكة الاتصالات","__layerId":"telecom_assets","__layerName":"مرافق الاتصالات","__assetName":"مرافق الاتصالات","__geometryKind":"point","__featureIndex":975,"__typeValue":"ايندكاب"},"geometry":{"type":"Point","coordinates":[31.564049584318727,30.27263295943789]}},{"type":"Feature","properties":{"Description":null,"Telecom_Feature_Type":"ايندكاب","Easting":"031° 33' 45.85\" E","Northing":"30° 16' 21.94\" N","ID":"10A","GlobalID":"{93E866BF-B0AD-4A8E-B063-DF9252AAD028}","sectors":"القطاع الاول","Distance":"5m","I_D":"7-2","__networkId":"telecom","__networkName":"شبكة الاتصالات","__layerId":"telecom_assets","__layerName":"مرافق الاتصالات","__assetName":"مرافق الاتصالات","__geometryKind":"point","__featureIndex":976,"__typeValue":"ايندكاب"},"geometry":{"type":"Point","coordinates":[31.56441345411109,30.27292693731351]}},{"type":"Feature","properties":{"Description":null,"Telecom_Feature_Type":"ايندكاب","Easting":"031° 33' 55.39\" E","Northing":"30° 16' 30.39\" N","ID":"11","GlobalID":"{D39AE7E0-3A72-48DD-ABD1-82C3F19AF4CC}","sectors":"القطاع الاول","Distance":"210m","I_D":"7-4","__networkId":"telecom","__networkName":"شبكة الاتصالات","__layerId":"telecom_assets","__layerName":"مرافق الاتصالات","__assetName":"مرافق الاتصالات","__geometryKind":"point","__featureIndex":977,"__typeValue":"ايندكاب"},"geometry":{"type":"Point","coordinates":[31.567062083725705,30.27527539036732]}},{"type":"Feature","properties":{"Description":null,"Telecom_Feature_Type":"ايندكاب","Easting":"031° 33' 55.18\" E","Northing":"30° 16' 28.5\" N","ID":"13","GlobalID":"{DDB1ED8B-A792-4A7E-8701-9F979501850D}","sectors":"القطاع الاول","Distance":"120m","I_D":"7-4","__networkId":"telecom","__networkName":"شبكة الاتصالات","__layerId":"telecom_assets","__layerName":"مرافق الاتصالات","__assetName":"مرافق الاتصالات","__geometryKind":"point","__featureIndex":978,"__typeValue":"ايندكاب"},"geometry":{"type":"Point","coordinates":[31.567004410986147,30.274748907560422]}},{"type":"Feature","properties":{"Description":null,"Telecom_Feature_Type":"ايندكاب","Easting":"031° 34' 1.83\" E","Northing":"30° 16' 27.54\" N","ID":"14A","GlobalID":"{C256F3E9-1C89-46F0-ACF5-31DC752ED8CF}","sectors":"القطاع الاول","Distance":"5m","I_D":"10-3","__networkId":"telecom","__networkName":"شبكة الاتصالات","__layerId":"telecom_assets","__layerName":"مرافق الاتصالات","__assetName":"مرافق الاتصالات","__geometryKind":"point","__featureIndex":979,"__typeValue":"ايندكاب"},"geometry":{"type":"Point","coordinates":[31.56885279349791,30.27448364141531]}},{"type":"Feature","properties":{"Description":null,"Telecom_Feature_Type":"ايندكاب","Easting":"031° 33' 50.7\" E","Northing":"30° 16' 34.62\" N","ID":"6A","GlobalID":"{237B9756-7F2A-43A9-ADBE-C2A339EB17BD}","sectors":"القطاع الاول","Distance":"5m","I_D":"6-2","__networkId":"telecom","__networkName":"شبكة الاتصالات","__layerId":"telecom_assets","__layerName":"مرافق الاتصالات","__assetName":"مرافق الاتصالات","__geometryKind":"point","__featureIndex":980,"__typeValue":"ايندكاب"},"geometry":{"type":"Point","coordinates":[31.565759676582378,30.276450593873154]}},{"type":"Feature","properties":{"Description":null,"Telecom_Feature_Type":"ايندكاب","Easting":"031° 33' 53.41\" E","Northing":"30° 16' 33.85\" N","ID":"2A","GlobalID":"{75CF0804-6D24-489E-8612-579B3B1E6A54}","sectors":"القطاع الاول","Distance":"5m","I_D":"6-2","__networkId":"telecom","__networkName":"شبكة الاتصالات","__layerId":"telecom_assets","__layerName":"مرافق الاتصالات","__assetName":"مرافق الاتصالات","__geometryKind":"point","__featureIndex":981,"__typeValue":"ايندكاب"},"geometry":{"type":"Point","coordinates":[31.566514185962582,30.276235885100586]}},{"type":"Feature","properties":{"Description":null,"Telecom_Feature_Type":"ايندكاب","Easting":"031° 33' 51.69\" E","Northing":"30° 16' 33.54\" N","ID":"3A","GlobalID":"{3C1F214D-59B1-489B-BDD9-82FE59349257}","sectors":"القطاع الاول","Distance":"5m","I_D":"6-2","__networkId":"telecom","__networkName":"شبكة الاتصالات","__layerId":"telecom_assets","__layerName":"مرافق الاتصالات","__assetName":"مرافق الاتصالات","__geometryKind":"point","__featureIndex":982,"__typeValue":"ايندكاب"},"geometry":{"type":"Point","coordinates":[31.56603525096547,30.27614940317082]}},{"type":"Feature","properties":{"Description":null,"Telecom_Feature_Type":"ايندكاب","Easting":"031° 33' 48.07\" E","Northing":"30° 16' 33.06\" N","ID":"18","GlobalID":"{E3C0FD45-CD2A-4D93-8957-80EC4548A53E}","sectors":"القطاع الاول","Distance":"100m","I_D":"6-2","__networkId":"telecom","__networkName":"شبكة الاتصالات","__layerId":"telecom_assets","__layerName":"مرافق الاتصالات","__assetName":"مرافق الاتصالات","__geometryKind":"point","__featureIndex":983,"__typeValue":"ايندكاب"},"geometry":{"type":"Point","coordinates":[31.56503058593151,30.27601762118378]}},{"type":"Feature","properties":{"Description":null,"Telecom_Feature_Type":"ايندكاب","Easting":"031° 33' 45.89\" E","Northing":"30° 16' 30.93\" N","ID":"12A","GlobalID":"{80D580D1-AC3F-40D2-905F-AFBF2C8BCA32}","sectors":"القطاع الاول","Distance":"5m","I_D":"6-2","__networkId":"telecom","__networkName":"شبكة الاتصالات","__layerId":"telecom_assets","__layerName":"مرافق الاتصالات","__assetName":"مرافق الاتصالات","__geometryKind":"point","__featureIndex":984,"__typeValue":"ايندكاب"},"geometry":{"type":"Point","coordinates":[31.564423844025658,30.27542411362843]}},{"type":"Feature","properties":{"Description":null,"Telecom_Feature_Type":"ايندكاب","Easting":"031° 33' 43.73\" E","Northing":"30° 16' 30.49\" N","ID":"17A","GlobalID":"{A622261B-A947-4617-A499-C4236716B1B7}","sectors":"القطاع الاول","Distance":"5m","I_D":"6-4","__networkId":"telecom","__networkName":"شبكة الاتصالات","__layerId":"telecom_assets","__layerName":"مرافق الاتصالات","__assetName":"مرافق الاتصالات","__geometryKind":"point","__featureIndex":985,"__typeValue":"ايندكاب"},"geometry":{"type":"Point","coordinates":[31.563824177251004,30.27530179616373]}},{"type":"Feature","properties":{"Description":null,"Telecom_Feature_Type":"ايندكاب","Easting":"031° 33' 41.81\" E","Northing":"30° 16' 11.26\" N","ID":"13","GlobalID":"{444C8DEB-FD85-454A-AD59-BBF948C326C4}","sectors":"القطاع الاول","Distance":"230m","I_D":"10-1","__networkId":"telecom","__networkName":"شبكة الاتصالات","__layerId":"telecom_assets","__layerName":"مرافق الاتصالات","__assetName":"مرافق الاتصالات","__geometryKind":"point","__featureIndex":986,"__typeValue":"ايندكاب"},"geometry":{"type":"Point","coordinates":[31.56329173051076,30.269961831247016]}},{"type":"Feature","properties":{"Description":null,"Telecom_Feature_Type":"ايندكاب","Easting":"031° 33' 39.1\" E","Northing":"30° 16' 13.7\" N","ID":"19","GlobalID":"{CDA90BD6-7777-43B7-995B-05D880FA26AF}","sectors":"القطاع الاول","Distance":"150m","I_D":"10-1","__networkId":"telecom","__networkName":"شبكة الاتصالات","__layerId":"telecom_assets","__layerName":"مرافق الاتصالات","__assetName":"مرافق الاتصالات","__geometryKind":"point","__featureIndex":987,"__typeValue":"ايندكاب"},"geometry":{"type":"Point","coordinates":[31.562539030337547,30.270639511017535]}},{"type":"Feature","properties":{"Description":null,"Telecom_Feature_Type":"ايندكاب","Easting":"031° 33' 38.56\" E","Northing":"30° 16' 15.07\" N","ID":"21","GlobalID":"{6BC8B35D-B176-433A-87E4-C7B21F7A234E}","sectors":"القطاع الاول","Distance":"130m","I_D":"10-1","__networkId":"telecom","__networkName":"شبكة الاتصالات","__layerId":"telecom_assets","__layerName":"مرافق الاتصالات","__assetName":"مرافق الاتصالات","__geometryKind":"point","__featureIndex":988,"__typeValue":"ايندكاب"},"geometry":{"type":"Point","coordinates":[31.562389428503387,30.271019760277213]}},{"type":"Feature","properties":{"Description":null,"Telecom_Feature_Type":"ايندكاب","Easting":"031° 33' 36.27\" E","Northing":"30° 16' 13.77\" N","ID":"23","GlobalID":"{0FD29884-B97A-4F57-837E-891F345BFBE8}","sectors":"القطاع الاول","Distance":"60m","I_D":"10-1","__networkId":"telecom","__networkName":"شبكة الاتصالات","__layerId":"telecom_assets","__layerName":"مرافق الاتصالات","__assetName":"مرافق الاتصالات","__geometryKind":"point","__featureIndex":989,"__typeValue":"ايندكاب"},"geometry":{"type":"Point","coordinates":[31.56175122759631,30.270657322602958]}},{"type":"Feature","properties":{"Description":null,"Telecom_Feature_Type":"ايندكاب","Easting":"031° 33' 34.27\" E","Northing":"30° 16' 15.46\" N","ID":"12A","GlobalID":"{F2605855-9E03-47B9-8E87-DAE1E3C384F5}","sectors":"القطاع الاول","Distance":"5m","I_D":"10-1","__networkId":"telecom","__networkName":"شبكة الاتصالات","__layerId":"telecom_assets","__layerName":"مرافق الاتصالات","__assetName":"مرافق الاتصالات","__geometryKind":"point","__featureIndex":990,"__typeValue":"ايندكاب"},"geometry":{"type":"Point","coordinates":[31.561195993292266,30.271126336063563]}},{"type":"Feature","properties":{"Description":null,"Telecom_Feature_Type":"ايندكاب","Easting":"031° 33' 35.5\" E","Northing":"30° 16' 16.06\" N","ID":"11A","GlobalID":"{7D9B0E4D-3AB1-471F-BEA6-6B845E6B19C2}","sectors":"القطاع الاول","Distance":"5m","I_D":"10-1","__networkId":"telecom","__networkName":"شبكة الاتصالات","__layerId":"telecom_assets","__layerName":"مرافق الاتصالات","__assetName":"مرافق الاتصالات","__geometryKind":"point","__featureIndex":991,"__typeValue":"ايندكاب"},"geometry":{"type":"Point","coordinates":[31.56153875357374,30.271292939147774]}},{"type":"Feature","properties":{"Description":null,"Telecom_Feature_Type":"ايندكاب","Easting":"031° 33' 36.59\" E","Northing":"30° 16' 16.91\" N","ID":"10A","GlobalID":"{967B5E53-1F65-4D08-9727-C7AD6FD5E239}","sectors":"القطاع الاول","Distance":"5m","I_D":"10-1","__networkId":"telecom","__networkName":"شبكة الاتصالات","__layerId":"telecom_assets","__layerName":"مرافق الاتصالات","__assetName":"مرافق الاتصالات","__geometryKind":"point","__featureIndex":992,"__typeValue":"ايندكاب"},"geometry":{"type":"Point","coordinates":[31.561841769692133,30.271529869873497]}},{"type":"Feature","properties":{"Description":null,"Telecom_Feature_Type":"ايندكاب","Easting":"031° 33' 35.81\" E","Northing":"30° 16' 17.76\" N","ID":"7A","GlobalID":"{979CD882-FA25-4B40-B2D0-F3C1831C7443}","sectors":"القطاع الاول","Distance":"5m","I_D":"10-1","__networkId":"telecom","__networkName":"شبكة الاتصالات","__layerId":"telecom_assets","__layerName":"مرافق الاتصالات","__assetName":"مرافق الاتصالات","__geometryKind":"point","__featureIndex":993,"__typeValue":"ايندكاب"},"geometry":{"type":"Point","coordinates":[31.56162337936507,30.271767690674036]}},{"type":"Feature","properties":{"Description":null,"Telecom_Feature_Type":"ايندكاب","Easting":"031° 33' 34.03\" E","Northing":"30° 16' 17.02\" N","ID":"9A","GlobalID":"{6DA391CF-E040-4BD9-B17F-355937DF7407}","sectors":"القطاع الاول","Distance":"5m","I_D":"10-1","__networkId":"telecom","__networkName":"شبكة الاتصالات","__layerId":"telecom_assets","__layerName":"مرافق الاتصالات","__assetName":"مرافق الاتصالات","__geometryKind":"point","__featureIndex":994,"__typeValue":"ايندكاب"},"geometry":{"type":"Point","coordinates":[31.56113090855329,30.271559480064393]}},{"type":"Feature","properties":{"Description":null,"Telecom_Feature_Type":"ايندكاب","Easting":"031° 33' 31.43\" E","Northing":"30° 16' 18.17\" N","ID":"6A","GlobalID":"{795F08E4-CA93-4FBB-9BBE-7AA4DB97EDAE}","sectors":"القطاع الاول","Distance":"5m","I_D":"10-1","__networkId":"telecom","__networkName":"شبكة الاتصالات","__layerId":"telecom_assets","__layerName":"مرافق الاتصالات","__assetName":"مرافق الاتصالات","__geometryKind":"point","__featureIndex":995,"__typeValue":"ايندكاب"},"geometry":{"type":"Point","coordinates":[31.56040646219242,30.27188102617684]}},{"type":"Feature","properties":{"Description":null,"Telecom_Feature_Type":"ايندكاب","Easting":"031° 33' 32.66\" E","Northing":"30° 16' 18.77\" N","ID":"5A","GlobalID":"{4809F001-5BBC-42F2-B2F6-1B32C5761D77}","sectors":"القطاع الاول","Distance":"5m","I_D":"10-1","__networkId":"telecom","__networkName":"شبكة الاتصالات","__layerId":"telecom_assets","__layerName":"مرافق الاتصالات","__assetName":"مرافق الاتصالات","__geometryKind":"point","__featureIndex":996,"__typeValue":"ايندكاب"},"geometry":{"type":"Point","coordinates":[31.5607492224739,30.272047633410903]}},{"type":"Feature","properties":{"Description":null,"Telecom_Feature_Type":"ايندكاب","Easting":"031° 33' 33.75\" E","Northing":"30° 16' 19.63\" N","ID":"4A","GlobalID":"{85465A85-B3E6-4A52-9765-D134E5B22A35}","sectors":"القطاع الاول","Distance":"5m","I_D":"10-1","__networkId":"telecom","__networkName":"شبكة الاتصالات","__layerId":"telecom_assets","__layerName":"مرافق الاتصالات","__assetName":"مرافق الاتصالات","__geometryKind":"point","__featureIndex":997,"__typeValue":"ايندكاب"},"geometry":{"type":"Point","coordinates":[31.561052238592282,30.272284565418303]}},{"type":"Feature","properties":{"Description":null,"Telecom_Feature_Type":"ايندكاب","Easting":"031° 33' 32.96\" E","Northing":"30° 16' 20.48\" N","ID":"1A","GlobalID":"{5FB396BF-E23E-46DB-9E41-75A8A8843FAA}","sectors":"القطاع الاول","Distance":"5m","I_D":"10-1","__networkId":"telecom","__networkName":"شبكة الاتصالات","__layerId":"telecom_assets","__layerName":"مرافق الاتصالات","__assetName":"مرافق الاتصالات","__geometryKind":"point","__featureIndex":998,"__typeValue":"ايندكاب"},"geometry":{"type":"Point","coordinates":[31.5608338464686,30.272522385942054]}},{"type":"Feature","properties":{"Description":null,"Telecom_Feature_Type":"ايندكاب","Easting":"031° 33' 31.92\" E","Northing":"30° 16' 20.7\" N","ID":"2A","GlobalID":"{FE79B2D3-1624-4513-A543-BA03FE3157C9}","sectors":"القطاع الاول","Distance":"5m","I_D":"10-1","__networkId":"telecom","__networkName":"شبكة الاتصالات","__layerId":"telecom_assets","__layerName":"مرافق الاتصالات","__assetName":"مرافق الاتصالات","__geometryKind":"point","__featureIndex":999,"__typeValue":"ايندكاب"},"geometry":{"type":"Point","coordinates":[31.56054302857349,30.272584037130326]}},{"type":"Feature","properties":{"Description":null,"Telecom_Feature_Type":"ايندكاب","Easting":"031° 33' 31.19\" E","Northing":"30° 16' 19.73\" N","ID":"3A","GlobalID":"{338F0483-5524-4259-950E-78CA7C1E2F8D}","sectors":"القطاع الاول","Distance":"5m","I_D":"10-1","__networkId":"telecom","__networkName":"شبكة الاتصالات","__layerId":"telecom_assets","__layerName":"مرافق الاتصالات","__assetName":"مرافق الاتصالات","__geometryKind":"point","__featureIndex":1000,"__typeValue":"ايندكاب"},"geometry":{"type":"Point","coordinates":[31.56034137386019,30.272314172278264]}},{"type":"Feature","properties":{"Description":null,"Telecom_Feature_Type":"ايندكاب","Easting":"031° 33' 34.0\" E","Northing":"30° 16' 22.4\" N","ID":"1A","GlobalID":"{93E93C9F-4906-4C1A-86B1-EC0F9BFD1BFE}","sectors":"القطاع الاول","Distance":"5m","I_D":"7-1","__networkId":"telecom","__networkName":"شبكة الاتصالات","__layerId":"telecom_assets","__layerName":"مرافق الاتصالات","__assetName":"مرافق الاتصالات","__geometryKind":"point","__featureIndex":1001,"__typeValue":"ايندكاب"},"geometry":{"type":"Point","coordinates":[31.561120268008743,30.273055717169346]}},{"type":"Feature","properties":{"Description":null,"Telecom_Feature_Type":"ايندكاب","Easting":"031° 33' 35.04\" E","Northing":"30° 16' 23.21\" N","ID":"2A","GlobalID":"{0A2B15EE-7A3C-4916-B090-C5EEEC966146}","sectors":"القطاع الاول","Distance":"5m","I_D":"7-1","__networkId":"telecom","__networkName":"شبكة الاتصالات","__layerId":"telecom_assets","__layerName":"مرافق الاتصالات","__assetName":"مرافق الاتصالات","__geometryKind":"point","__featureIndex":1002,"__typeValue":"ايندكاب"},"geometry":{"type":"Point","coordinates":[31.561410111231794,30.27327896140829]}},{"type":"Feature","properties":{"Description":null,"Telecom_Feature_Type":"ايندكاب","Easting":"031° 33' 37.22\" E","Northing":"30° 16' 24.52\" N","ID":"4A","GlobalID":"{322BC9FD-6A18-4552-895C-B427EB579F52}","sectors":"القطاع الاول","Distance":"5m","I_D":"7-1","__networkId":"telecom","__networkName":"شبكة الاتصالات","__layerId":"telecom_assets","__layerName":"مرافق الاتصالات","__assetName":"مرافق الاتصالات","__geometryKind":"point","__featureIndex":1003,"__typeValue":"ايندكاب"},"geometry":{"type":"Point","coordinates":[31.562015383493833,30.273642867320405]}},{"type":"Feature","properties":{"Description":null,"Telecom_Feature_Type":"ايندكاب","Easting":"031° 33' 34.86\" E","Northing":"30° 16' 21.55\" N","ID":"5A","GlobalID":"{0FC61D21-5CF2-419C-B137-4961D9AF6A6A}","sectors":"القطاع الاول","Distance":"5m","I_D":"7-1","__networkId":"telecom","__networkName":"شبكة الاتصالات","__layerId":"telecom_assets","__layerName":"مرافق الاتصالات","__assetName":"مرافق الاتصالات","__geometryKind":"point","__featureIndex":1004,"__typeValue":"ايندكاب"},"geometry":{"type":"Point","coordinates":[31.56136089613065,30.272819780844014]}},{"type":"Feature","properties":{"Description":null,"Telecom_Feature_Type":"ايندكاب","Easting":"031° 33' 35.8\" E","Northing":"30° 16' 21.23\" N","ID":"6A","GlobalID":"{6170FC55-EF6B-4A74-8B3C-CD947D54AD66}","sectors":"القطاع الاول","Distance":"5m","I_D":"7-1","__networkId":"telecom","__networkName":"شبكة الاتصالات","__layerId":"telecom_assets","__layerName":"مرافق الاتصالات","__assetName":"مرافق الاتصالات","__geometryKind":"point","__featureIndex":1005,"__typeValue":"ايندكاب"},"geometry":{"type":"Point","coordinates":[31.561622731679766,30.272731394376677]}},{"type":"Feature","properties":{"Description":null,"Telecom_Feature_Type":"ايندكاب","Easting":"031° 33' 36.56\" E","Northing":"30° 16' 22.22\" N","ID":"7A","GlobalID":"{04CA669B-CEF2-4DB3-AEDA-498A13E8410D}","sectors":"القطاع الاول","Distance":"5m","I_D":"7-1","__networkId":"telecom","__networkName":"شبكة الاتصالات","__layerId":"telecom_assets","__layerName":"مرافق الاتصالات","__assetName":"مرافق الاتصالات","__geometryKind":"point","__featureIndex":1006,"__typeValue":"ايندكاب"},"geometry":{"type":"Point","coordinates":[31.56183130252245,30.27300552273608]}},{"type":"Feature","properties":{"Description":null,"Telecom_Feature_Type":"ايندكاب","Easting":"031° 33' 37.52\" E","Northing":"30° 16' 22.98\" N","ID":"8A","GlobalID":"{D0D7FBF5-2800-4E4A-A560-EC24A2CD8B57}","sectors":"القطاع الاول","Distance":"5m","I_D":"7-1","__networkId":"telecom","__networkName":"شبكة الاتصالات","__layerId":"telecom_assets","__layerName":"مرافق الاتصالات","__assetName":"مرافق الاتصالات","__geometryKind":"point","__featureIndex":1007,"__typeValue":"ايندكاب"},"geometry":{"type":"Point","coordinates":[31.562099896097436,30.273215821870906]}},{"type":"Feature","properties":{"Description":null,"Telecom_Feature_Type":"ايندكاب","Easting":"031° 33' 40.16\" E","Northing":"30° 16' 21.76\" N","ID":"12A","GlobalID":"{A987360D-3244-40CB-AD9C-783BBF1F79C9}","sectors":"القطاع الاول","Distance":"5m","I_D":"7-1","__networkId":"telecom","__networkName":"شبكة الاتصالات","__layerId":"telecom_assets","__layerName":"مرافق الاتصالات","__assetName":"مرافق الاتصالات","__geometryKind":"point","__featureIndex":1008,"__typeValue":"ايندكاب"},"geometry":{"type":"Point","coordinates":[31.56283383675256,30.272877763012314]}},{"type":"Feature","properties":{"Description":null,"Telecom_Feature_Type":"ايندكاب","Easting":"031° 33' 37.8\" E","Northing":"30° 16' 18.78\" N","ID":"13A","GlobalID":"{7BEBF879-9C79-4874-B02A-0CBD0B55A3D3}","sectors":"القطاع الاول","Distance":"5m","I_D":"7-1","__networkId":"telecom","__networkName":"شبكة الاتصالات","__layerId":"telecom_assets","__layerName":"مرافق الاتصالات","__assetName":"مرافق الاتصالات","__geometryKind":"point","__featureIndex":1009,"__typeValue":"ايندكاب"},"geometry":{"type":"Point","coordinates":[31.562175954655913,30.272048550432995]}},{"type":"Feature","properties":{"Description":null,"Telecom_Feature_Type":"ايندكاب","Easting":"031° 33' 40.22\" E","Northing":"30° 16' 20.03\" N","ID":"15A","GlobalID":"{A2DFB39B-A6F1-4970-BEB7-917BFD100C77}","sectors":"القطاع الاول","Distance":"5m","I_D":"7-1","__networkId":"telecom","__networkName":"شبكة الاتصالات","__layerId":"telecom_assets","__layerName":"مرافق الاتصالات","__assetName":"مرافق الاتصالات","__geometryKind":"point","__featureIndex":1010,"__typeValue":"ايندكاب"},"geometry":{"type":"Point","coordinates":[31.562848580801322,30.27239817729195]}},{"type":"Feature","properties":{"Description":null,"Telecom_Feature_Type":"ايندكاب","Easting":"031° 33' 41.18\" E","Northing":"30° 16' 20.81\" N","ID":"16A","GlobalID":"{45775396-5EBA-4909-98CC-F2E1CAC8358D}","sectors":"القطاع الاول","Distance":"5m","I_D":"7-1","__networkId":"telecom","__networkName":"شبكة الاتصالات","__layerId":"telecom_assets","__layerName":"مرافق الاتصالات","__assetName":"مرافق الاتصالات","__geometryKind":"point","__featureIndex":1011,"__typeValue":"ايندكاب"},"geometry":{"type":"Point","coordinates":[31.563115678681367,30.272613172978456]}},{"type":"Feature","properties":{"Description":null,"Telecom_Feature_Type":"ايندكاب","Easting":"031° 33' 40.01\" E","Northing":"30° 16' 16.95\" N","ID":"21A","GlobalID":"{277523B3-A57E-44A2-B88E-13F2FDA089AA}","sectors":"القطاع الاول","Distance":"5m","I_D":"7-1","__networkId":"telecom","__networkName":"شبكة الاتصالات","__layerId":"telecom_assets","__layerName":"مرافق الاتصالات","__assetName":"مرافق الاتصالات","__geometryKind":"point","__featureIndex":1012,"__typeValue":"ايندكاب"},"geometry":{"type":"Point","coordinates":[31.562790791280783,30.271541932423617]}},{"type":"Feature","properties":{"Description":null,"Telecom_Feature_Type":"ايندكاب","Easting":"031° 33' 40.95\" E","Northing":"30° 16' 17.76\" N","ID":"22A","GlobalID":"{DA2D95BA-FFA3-41D8-9889-2067337062C5}","sectors":"القطاع الاول","Distance":"5m","I_D":"7-1","__networkId":"telecom","__networkName":"شبكة الاتصالات","__layerId":"telecom_assets","__layerName":"مرافق الاتصالات","__assetName":"مرافق الاتصالات","__geometryKind":"point","__featureIndex":1013,"__typeValue":"ايندكاب"},"geometry":{"type":"Point","coordinates":[31.563051859668636,30.27176609945767]}},{"type":"Feature","properties":{"Description":null,"Telecom_Feature_Type":"ايندكاب","Easting":"031° 33' 42.18\" E","Northing":"30° 16' 18.38\" N","ID":"23A","GlobalID":"{32813DC6-D389-4B03-B788-93A2DA98AD7D}","sectors":"القطاع الاول","Distance":"5m","I_D":"7-1","__networkId":"telecom","__networkName":"شبكة الاتصالات","__layerId":"telecom_assets","__layerName":"مرافق الاتصالات","__assetName":"مرافق الاتصالات","__geometryKind":"point","__featureIndex":1014,"__typeValue":"ايندكاب"},"geometry":{"type":"Point","coordinates":[31.56339492088574,30.271937582160618]}},{"type":"Feature","properties":{"Description":null,"Telecom_Feature_Type":"ايندكاب","Easting":"031° 33' 40.96\" E","Northing":"30° 16' 16.15\" N","ID":"17A","GlobalID":"{3AEA69DC-D5D0-4C9E-9CD5-5D302C9E6E67}","sectors":"القطاع الاول","Distance":"5m","I_D":"7-1","__networkId":"telecom","__networkName":"شبكة الاتصالات","__layerId":"telecom_assets","__layerName":"مرافق الاتصالات","__assetName":"مرافق الاتصالات","__geometryKind":"point","__featureIndex":1015,"__typeValue":"ايندكاب"},"geometry":{"type":"Point","coordinates":[31.563053960828082,30.271317803669074]}},{"type":"Feature","properties":{"Description":null,"Telecom_Feature_Type":"ايندكاب","Easting":"031° 33' 42.47\" E","Northing":"30° 16' 22.89\" N","ID":"13A","GlobalID":"{581E84E5-8DCC-421A-A412-BB433B727300}","sectors":"القطاع الاول","Distance":"5m","I_D":"6-4","__networkId":"telecom","__networkName":"شبكة الاتصالات","__layerId":"telecom_assets","__layerName":"مرافق الاتصالات","__assetName":"مرافق الاتصالات","__geometryKind":"point","__featureIndex":1016,"__typeValue":"ايندكاب"},"geometry":{"type":"Point","coordinates":[31.563475476410563,30.273192334123365]}},{"type":"Feature","properties":{"Description":null,"Telecom_Feature_Type":"ايندكاب","Easting":"031° 33' 38.46\" E","Northing":"30° 16' 26.55\" N","ID":"23A","GlobalID":"{01A78666-D341-4445-8EDF-B4EAAC4E400B}","sectors":"القطاع الاول","Distance":"5m","I_D":"6-4","__networkId":"telecom","__networkName":"شبكة الاتصالات","__layerId":"telecom_assets","__layerName":"مرافق الاتصالات","__assetName":"مرافق الاتصالات","__geometryKind":"point","__featureIndex":1017,"__typeValue":"ايندكاب"},"geometry":{"type":"Point","coordinates":[31.562361586119486,30.2742089399848]}},{"type":"Feature","properties":{"Description":null,"Telecom_Feature_Type":"ايندكاب","Easting":"031° 33' 46.22\" E","Northing":"30° 16' 19.6\" N","ID":"9A","GlobalID":"{91204F0B-4FAB-4169-8785-B3C2C0BD2084}","sectors":"القطاع الاول","Distance":"5m","I_D":"7-2","__networkId":"telecom","__networkName":"شبكة الاتصالات","__layerId":"telecom_assets","__layerName":"مرافق الاتصالات","__assetName":"مرافق الاتصالات","__geometryKind":"point","__featureIndex":1018,"__typeValue":"ايندكاب"},"geometry":{"type":"Point","coordinates":[31.56451701369368,30.272278416264324]}},{"type":"Feature","properties":{"Description":null,"Telecom_Feature_Type":"ايندكاب","Easting":"031° 33' 39.28\" E","Northing":"30° 16' 30.16\" N","ID":"22","GlobalID":"{13571C5A-41A9-4AC7-8CBF-17D21C8A747E}","sectors":"القطاع الثالث","Distance":"160m","I_D":"6-3","__networkId":"telecom","__networkName":"شبكة الاتصالات","__layerId":"telecom_assets","__layerName":"مرافق الاتصالات","__assetName":"مرافق الاتصالات","__geometryKind":"point","__featureIndex":1019,"__typeValue":"ايندكاب"},"geometry":{"type":"Point","coordinates":[31.56258760583822,30.27521143209637]}},{"type":"Feature","properties":{"Description":null,"Telecom_Feature_Type":"ايندكاب","Easting":"031° 33' 40.32\" E","Northing":"30° 16' 32.66\" N","ID":"18","GlobalID":"{2FE2D305-33DA-486B-9272-515B1DC9B0FA}","sectors":"القطاع الثالث","Distance":"280m","I_D":"6-3","__networkId":"telecom","__networkName":"شبكة الاتصالات","__layerId":"telecom_assets","__layerName":"مرافق الاتصالات","__assetName":"مرافق الاتصالات","__geometryKind":"point","__featureIndex":1020,"__typeValue":"ايندكاب"},"geometry":{"type":"Point","coordinates":[31.562877403247196,30.275906285018454]}},{"type":"Feature","properties":{"Description":null,"Telecom_Feature_Type":"ايندكاب","Easting":"031° 33' 43.65\" E","Northing":"30° 16' 32.98\" N","ID":"16","GlobalID":"{A99C4FA7-2BF8-4E63-94A9-5D3AF8C004DC}","sectors":"القطاع الثالث","Distance":"290m","I_D":"6-3","__networkId":"telecom","__networkName":"شبكة الاتصالات","__layerId":"telecom_assets","__layerName":"مرافق الاتصالات","__assetName":"مرافق الاتصالات","__geometryKind":"point","__featureIndex":1021,"__typeValue":"ايندكاب"},"geometry":{"type":"Point","coordinates":[31.563802272731113,30.27599546614022]}},{"type":"Feature","properties":{"Description":null,"Telecom_Feature_Type":"ايندكاب","Easting":"031° 33' 43.76\" E","Northing":"30° 16' 33.11\" N","ID":"16A","GlobalID":"{FB6E70A5-DEE7-4E11-9FED-ED5CF8A20776}","sectors":"القطاع الثالث","Distance":"5m","I_D":"6-3","__networkId":"telecom","__networkName":"شبكة الاتصالات","__layerId":"telecom_assets","__layerName":"مرافق الاتصالات","__assetName":"مرافق الاتصالات","__geometryKind":"point","__featureIndex":1022,"__typeValue":"ايندكاب"},"geometry":{"type":"Point","coordinates":[31.56383338228773,30.27603159240394]}},{"type":"Feature","properties":{"Description":null,"Telecom_Feature_Type":"ايندكاب","Easting":"031° 33' 56.9\" E","Northing":"30° 16' 27.54\" N","ID":"3A","GlobalID":"{243BA89D-4CD8-480C-9E8B-51B19143FC2B}","sectors":"القطاع الاول","Distance":"150m","I_D":"7-3","__networkId":"telecom","__networkName":"شبكة الاتصالات","__layerId":"telecom_assets","__layerName":"مرافق الاتصالات","__assetName":"مرافق الاتصالات","__geometryKind":"point","__featureIndex":1023,"__typeValue":"ايندكاب"},"geometry":{"type":"Point","coordinates":[31.5674838714977,30.27448186172277]}},{"type":"Feature","properties":{"Description":null,"Telecom_Feature_Type":"ايندكاب","Easting":"031° 33' 56.92\" E","Northing":"30° 16' 25.72\" N","ID":"6A","GlobalID":"{CAA80084-BFE2-4824-8499-4E9FAA4FCDE6}","sectors":"القطاع الاول","Distance":"5m","I_D":"7-3","__networkId":"telecom","__networkName":"شبكة الاتصالات","__layerId":"telecom_assets","__layerName":"مرافق الاتصالات","__assetName":"مرافق الاتصالات","__geometryKind":"point","__featureIndex":1024,"__typeValue":"ايندكاب"},"geometry":{"type":"Point","coordinates":[31.56748859573777,30.273978564314284]}},{"type":"Feature","properties":{"Description":null,"Telecom_Feature_Type":"ايندكاب","Easting":"031° 33' 54.58\" E","Northing":"30° 16' 25.15\" N","ID":"9A","GlobalID":"{EE55D3AD-4C64-431B-A70D-6B825DA5A948}","sectors":"القطاع الاول","Distance":"5m","I_D":"7-3","__networkId":"telecom","__networkName":"شبكة الاتصالات","__layerId":"telecom_assets","__layerName":"مرافق الاتصالات","__assetName":"مرافق الاتصالات","__geometryKind":"point","__featureIndex":1025,"__typeValue":"ايندكاب"},"geometry":{"type":"Point","coordinates":[31.56683954677531,30.27381781305678]}},{"type":"Feature","properties":{"Description":null,"Telecom_Feature_Type":"ايندكاب","Easting":"031° 33' 54.8\" E","Northing":"30° 16' 23.59\" N","ID":"18","GlobalID":"{D80B574E-64A4-4C0B-A4C9-5327A2661054}","sectors":"القطاع الاول","Distance":"95m","I_D":"7-3","__networkId":"telecom","__networkName":"شبكة الاتصالات","__layerId":"telecom_assets","__layerName":"مرافق الاتصالات","__assetName":"مرافق الاتصالات","__geometryKind":"point","__featureIndex":1026,"__typeValue":"ايندكاب"},"geometry":{"type":"Point","coordinates":[31.566898671192373,30.2733847123812]}},{"type":"Feature","properties":{"Description":null,"Telecom_Feature_Type":"ايندكاب","Easting":"031° 33' 57.56\" E","Northing":"30° 16' 25.23\" N","ID":"5A","GlobalID":"{79F05A8D-FE35-4D89-9F41-86D201118E0D}","sectors":"القطاع الاول","Distance":"5m","I_D":"7-3","__networkId":"telecom","__networkName":"شبكة الاتصالات","__layerId":"telecom_assets","__layerName":"مرافق الاتصالات","__assetName":"مرافق الاتصالات","__geometryKind":"point","__featureIndex":1027,"__typeValue":"ايندكاب"},"geometry":{"type":"Point","coordinates":[31.56766723112191,30.273840908095732]}},{"type":"Feature","properties":{"Description":null,"Telecom_Feature_Type":"ايندكاب","Easting":"031° 33' 53.32\" E","Northing":"30° 16' 21.01\" N","ID":"11A","GlobalID":"{676BC8E9-EFC5-4D96-8D01-F90E84850041}","sectors":"القطاع الاول","Distance":"5m","I_D":"7-3","__networkId":"telecom","__networkName":"شبكة الاتصالات","__layerId":"telecom_assets","__layerName":"مرافق الاتصالات","__assetName":"مرافق الاتصالات","__geometryKind":"point","__featureIndex":1028,"__typeValue":"ايندكاب"},"geometry":{"type":"Point","coordinates":[31.566488592960113,30.272668356894986]}},{"type":"Feature","properties":{"Description":null,"Telecom_Feature_Type":"ايندكاب","Easting":"031° 33' 52.67\" E","Northing":"30° 16' 21.51\" N","ID":"12A","GlobalID":"{9548EB3A-1D69-4012-98F5-5EBAB5EC0818}","sectors":"القطاع الاول","Distance":"5m","I_D":"7-3","__networkId":"telecom","__networkName":"شبكة الاتصالات","__layerId":"telecom_assets","__layerName":"مرافق الاتصالات","__assetName":"مرافق الاتصالات","__geometryKind":"point","__featureIndex":1029,"__typeValue":"ايندكاب"},"geometry":{"type":"Point","coordinates":[31.566306711064556,30.272808105583287]}},{"type":"Feature","properties":{"Description":null,"Telecom_Feature_Type":"ايندكاب","Easting":"031° 33' 51.18\" E","Northing":"30° 16' 18.9\" N","ID":"3","GlobalID":"{2F1714A4-FD21-494E-B158-A3122EFC96BB}","sectors":"القطاع الاول","Distance":"225m","I_D":"7-2","__networkId":"telecom","__networkName":"شبكة الاتصالات","__layerId":"telecom_assets","__layerName":"مرافق الاتصالات","__assetName":"مرافق الاتصالات","__geometryKind":"point","__featureIndex":1030,"__typeValue":"ايندكاب"},"geometry":{"type":"Point","coordinates":[31.56589241703868,30.272084313513066]}},{"type":"Feature","properties":{"Description":null,"Telecom_Feature_Type":"ايندكاب","Easting":"031° 33' 50.26\" E","Northing":"30° 16' 19.78\" N","ID":"15A","GlobalID":"{590AE580-4D53-46BD-B9AB-CC9F982587A0}","sectors":"القطاع الاول","Distance":"5m","I_D":"7-2","__networkId":"telecom","__networkName":"شبكة الاتصالات","__layerId":"telecom_assets","__layerName":"مرافق الاتصالات","__assetName":"مرافق الاتصالات","__geometryKind":"point","__featureIndex":1031,"__typeValue":"ايندكاب"},"geometry":{"type":"Point","coordinates":[31.565639121772932,30.27232836978928]}},{"type":"Feature","properties":{"Description":null,"Telecom_Feature_Type":"ايندكاب","Easting":"031° 33' 57.0\" E","Northing":"30° 16' 24.66\" N","ID":"7A","GlobalID":"{D4F0F7C1-5D8C-41AB-B519-4A705001671D}","sectors":"القطاع الاول","Distance":"5m","I_D":"7-3","__networkId":"telecom","__networkName":"شبكة الاتصالات","__layerId":"telecom_assets","__layerName":"مرافق الاتصالات","__assetName":"مرافق الاتصالات","__geometryKind":"point","__featureIndex":1032,"__typeValue":"ايندكاب"},"geometry":{"type":"Point","coordinates":[31.567509810351517,30.27368171676574]}},{"type":"Feature","properties":{"Description":null,"Telecom_Feature_Type":"ايندكاب","Easting":"031° 33' 52.73\" E","Northing":"30° 16' 20.43\" N","ID":"1A","GlobalID":"{235729AA-CF27-4082-8C12-CB06201E0EEF}","sectors":"القطاع الاول","Distance":"5m","I_D":"7-2","__networkId":"telecom","__networkName":"شبكة الاتصالات","__layerId":"telecom_assets","__layerName":"مرافق الاتصالات","__assetName":"مرافق الاتصالات","__geometryKind":"point","__featureIndex":1033,"__typeValue":"ايندكاب"},"geometry":{"type":"Point","coordinates":[31.56632519929142,30.272508588781605]}},{"type":"Feature","properties":{"Description":null,"Telecom_Feature_Type":"ايندكاب","Easting":"031° 33' 50.6\" E","Northing":"30° 16' 18.35\" N","ID":"4A","GlobalID":"{40CB9551-B357-4F63-877B-03664DAF4319}","sectors":"القطاع الاول","Distance":"5m","I_D":"7-2","__networkId":"telecom","__networkName":"شبكة الاتصالات","__layerId":"telecom_assets","__layerName":"مرافق الاتصالات","__assetName":"مرافق الاتصالات","__geometryKind":"point","__featureIndex":1034,"__typeValue":"ايندكاب"},"geometry":{"type":"Point","coordinates":[31.565732045302557,30.271929164477367]}},{"type":"Feature","properties":{"Description":null,"Telecom_Feature_Type":"ايندكاب","Easting":"031° 33' 49.46\" E","Northing":"30° 16' 19.11\" N","ID":"16A","GlobalID":"{F69A2FD0-E6A4-42D8-83ED-152C6D379688}","sectors":"القطاع الاول","Distance":"5m","I_D":"7-2","__networkId":"telecom","__networkName":"شبكة الاتصالات","__layerId":"telecom_assets","__layerName":"مرافق الاتصالات","__assetName":"مرافق الاتصالات","__geometryKind":"point","__featureIndex":1035,"__typeValue":"ايندكاب"},"geometry":{"type":"Point","coordinates":[31.565417290898363,30.272140652925454]}},{"type":"Feature","properties":{"Description":null,"Telecom_Feature_Type":"ايندكاب","Easting":"031° 33' 54.23\" E","Northing":"30° 16' 23.04\" N","ID":"14","GlobalID":"{FC913E5B-CB26-4789-8823-C8EFC0963596}","sectors":"القطاع الاول","Distance":"80m","I_D":"7-3","__networkId":"telecom","__networkName":"شبكة الاتصالات","__layerId":"telecom_assets","__layerName":"مرافق الاتصالات","__assetName":"مرافق الاتصالات","__geometryKind":"point","__featureIndex":1036,"__typeValue":"ايندكاب"},"geometry":{"type":"Point","coordinates":[31.56674158279864,30.273232092224138]}},{"type":"Feature","properties":{"Description":null,"Telecom_Feature_Type":"ايندكاب","Easting":"031° 33' 55.42\" E","Northing":"30° 16' 21.22\" N","ID":"10","GlobalID":"{96EBE624-AA56-4F09-ADB0-1F42DBD08814}","sectors":"القطاع الاول","Distance":"310m","I_D":"7-3","__networkId":"telecom","__networkName":"شبكة الاتصالات","__layerId":"telecom_assets","__layerName":"مرافق الاتصالات","__assetName":"مرافق الاتصالات","__geometryKind":"point","__featureIndex":1037,"__typeValue":"ايندكاب"},"geometry":{"type":"Point","coordinates":[31.5670720505338,30.272728586694782]}},{"type":"Feature","properties":{"Description":null,"Telecom_Feature_Type":"ايندكاب","Easting":"031° 33' 41.28\" E","Northing":"30° 16' 27.07\" N","ID":"21A","GlobalID":"{E51215DA-9991-48D2-846A-983E634FA01D}","sectors":"القطاع الاول","Distance":"5m","I_D":"6-4","__networkId":"telecom","__networkName":"شبكة الاتصالات","__layerId":"telecom_assets","__layerName":"مرافق الاتصالات","__assetName":"مرافق الاتصالات","__geometryKind":"point","__featureIndex":1038,"__typeValue":"ايندكاب"},"geometry":{"type":"Point","coordinates":[31.56314329828309,30.274351238099843]}},{"type":"Feature","properties":{"Description":null,"Telecom_Feature_Type":"ايندكاب","Easting":"031° 33' 42.15\" E","Northing":"30° 16' 26.15\" N","ID":"6A","GlobalID":"{094608C9-1D5C-4D4B-9E04-38BD146D4A72}","sectors":"القطاع الاول","Distance":"5m","I_D":"6-4","__networkId":"telecom","__networkName":"شبكة الاتصالات","__layerId":"telecom_assets","__layerName":"مرافق الاتصالات","__assetName":"مرافق الاتصالات","__geometryKind":"point","__featureIndex":1039,"__typeValue":"ايندكاب"},"geometry":{"type":"Point","coordinates":[31.56338491095855,30.274096085842345]}},{"type":"Feature","properties":{"Description":null,"Telecom_Feature_Type":"ايندكاب","Easting":"031° 33' 44.58\" E","Northing":"30° 16' 28.04\" N","ID":"3A","GlobalID":"{50397E7F-808A-4D38-8D89-F874116D8AB3}","sectors":"القطاع الاول","Distance":"5m","I_D":"6-4","__networkId":"telecom","__networkName":"شبكة الاتصالات","__layerId":"telecom_assets","__layerName":"مرافق الاتصالات","__assetName":"مرافق الاتصالات","__geometryKind":"point","__featureIndex":1040,"__typeValue":"ايندكاب"},"geometry":{"type":"Point","coordinates":[31.564059706535353,30.274621790142586]}},{"type":"Feature","properties":{"Description":null,"Telecom_Feature_Type":"ايندكاب","Easting":"031° 33' 46.99\" E","Northing":"30° 16' 29.92\" N","ID":"11A","GlobalID":"{617A682F-BA32-4E4C-8882-65D5357E6059}","sectors":"القطاع الاول","Distance":"5m","I_D":"6-2","__networkId":"telecom","__networkName":"شبكة الاتصالات","__layerId":"telecom_assets","__layerName":"مرافق الاتصالات","__assetName":"مرافق الاتصالات","__geometryKind":"point","__featureIndex":1041,"__typeValue":"ايندكاب"},"geometry":{"type":"Point","coordinates":[31.56472986770363,30.27514387640861]}},{"type":"Feature","properties":{"Description":null,"Telecom_Feature_Type":"ايندكاب","Easting":"031° 33' 49.29\" E","Northing":"30° 16' 31.84\" N","ID":"17A","GlobalID":"{2C3DC71D-E6A7-4CBC-87A8-9C250B9FECC5}","sectors":"القطاع الاول","Distance":"5m","I_D":"6-2","__networkId":"telecom","__networkName":"شبكة الاتصالات","__layerId":"telecom_assets","__layerName":"مرافق الاتصالات","__assetName":"مرافق الاتصالات","__geometryKind":"point","__featureIndex":1042,"__typeValue":"ايندكاب"},"geometry":{"type":"Point","coordinates":[31.56536760777496,30.275677059955115]}},{"type":"Feature","properties":{"Description":null,"Telecom_Feature_Type":"ايندكاب","Easting":"031° 33' 51.02\" E","Northing":"30° 16' 32.15\" N","ID":"15A","GlobalID":"{100B3BF9-D3EE-4501-8607-CBBFE366BD38}","sectors":"القطاع الاول","Distance":"5m","I_D":"6-2","__networkId":"telecom","__networkName":"شبكة الاتصالات","__layerId":"telecom_assets","__layerName":"مرافق الاتصالات","__assetName":"مرافق الاتصالات","__geometryKind":"point","__featureIndex":1043,"__typeValue":"ايندكاب"},"geometry":{"type":"Point","coordinates":[31.565849657231144,30.27576384486043]}},{"type":"Feature","properties":{"Description":null,"Telecom_Feature_Type":"ايندكاب","Easting":"031° 33' 48.6\" E","Northing":"30° 16' 30.22\" N","ID":"10A","GlobalID":"{7BAEEB33-5DA0-4268-A72F-BB2F8D752682}","sectors":"القطاع الاول","Distance":"5m","I_D":"6-2","__networkId":"telecom","__networkName":"شبكة الاتصالات","__layerId":"telecom_assets","__layerName":"مرافق الاتصالات","__assetName":"مرافق الاتصالات","__geometryKind":"point","__featureIndex":1044,"__typeValue":"ايندكاب"},"geometry":{"type":"Point","coordinates":[31.565177465870324,30.27522705587956]}},{"type":"Feature","properties":{"Description":null,"Telecom_Feature_Type":"ايندكاب","Easting":"031° 33' 46.17\" E","Northing":"30° 16' 28.34\" N","ID":"2A","GlobalID":"{FC212BFA-AB23-4A0B-8F43-57A7C2DAE247}","sectors":"القطاع الاول","Distance":"5m","I_D":"6-4","__networkId":"telecom","__networkName":"شبكة الاتصالات","__layerId":"telecom_assets","__layerName":"مرافق الاتصالات","__assetName":"مرافق الاتصالات","__geometryKind":"point","__featureIndex":1045,"__typeValue":"ايندكاب"},"geometry":{"type":"Point","coordinates":[31.564501644417472,30.27470397159953]}},{"type":"Feature","properties":{"Description":null,"Telecom_Feature_Type":"ايندكاب","Easting":"031° 33' 44.03\" E","Northing":"30° 16' 21.75\" N","ID":"14A","GlobalID":"{E4EC98DB-6CE6-4D42-9DBB-B3E5E6F05275}","sectors":"القطاع الاول","Distance":"5m","I_D":"6-4","__networkId":"telecom","__networkName":"شبكة الاتصالات","__layerId":"telecom_assets","__layerName":"مرافق الاتصالات","__assetName":"مرافق الاتصالات","__geometryKind":"point","__featureIndex":1046,"__typeValue":"ايندكاب"},"geometry":{"type":"Point","coordinates":[31.563907937964736,30.27287350611053]}},{"type":"Feature","properties":{"Description":null,"Telecom_Feature_Type":"ايندكاب","Easting":"031° 33' 44.88\" E","Northing":"30° 16' 22.5\" N","ID":"10A","GlobalID":"{B34989C6-F8D9-4437-A409-E4768B4E0870}","sectors":"القطاع الاول","Distance":"5m","I_D":"6-4","__networkId":"telecom","__networkName":"شبكة الاتصالات","__layerId":"telecom_assets","__layerName":"مرافق الاتصالات","__assetName":"مرافق الاتصالات","__geometryKind":"point","__featureIndex":1047,"__typeValue":"ايندكاب"},"geometry":{"type":"Point","coordinates":[31.564142921971712,30.273082242262493]}},{"type":"Feature","properties":{"Description":null,"Telecom_Feature_Type":"ايندكاب","Easting":"031° 33' 45.13\" E","Northing":"30° 16' 23.63\" N","ID":"11A","GlobalID":"{0045AE3E-0C24-44D3-8046-2484A6DC2CB7}","sectors":"القطاع الاول","Distance":"5m","I_D":"6-4","__networkId":"telecom","__networkName":"شبكة الاتصالات","__layerId":"telecom_assets","__layerName":"مرافق الاتصالات","__assetName":"مرافق الاتصالات","__geometryKind":"point","__featureIndex":1048,"__typeValue":"ايندكاب"},"geometry":{"type":"Point","coordinates":[31.5642132932961,30.27339781041211]}},{"type":"Feature","properties":{"Description":null,"Telecom_Feature_Type":"ايندكاب","Easting":"031° 33' 40.06\" E","Northing":"30° 16' 26.67\" N","ID":"22","GlobalID":"{36EFC194-0568-4433-92E2-61C770BA4956}","sectors":"القطاع الاول","Distance":"5m","I_D":"6-4","__networkId":"telecom","__networkName":"شبكة الاتصالات","__layerId":"telecom_assets","__layerName":"مرافق الاتصالات","__assetName":"مرافق الاتصالات","__geometryKind":"point","__featureIndex":1049,"__typeValue":"ايندكاب"},"geometry":{"type":"Point","coordinates":[31.562804618149634,30.27424101953102]}},{"type":"Feature","properties":{"Description":null,"Telecom_Feature_Type":"ايندكاب","Easting":"031° 33' 43.59\" E","Northing":"30° 16' 23.92\" N","ID":"12A","GlobalID":"{61719AB5-437A-4D9B-A020-10E022413E36}","sectors":"القطاع الاول","Distance":"5m","I_D":"6-4","__networkId":"telecom","__networkName":"شبكة الاتصالات","__layerId":"telecom_assets","__layerName":"مرافق الاتصالات","__assetName":"مرافق الاتصالات","__geometryKind":"point","__featureIndex":1050,"__typeValue":"ايندكاب"},"geometry":{"type":"Point","coordinates":[31.56378662946876,30.273476582428163]}},{"type":"Feature","properties":{"Description":null,"Telecom_Feature_Type":"ايندكاب","Easting":"031° 33' 44.05\" E","Northing":"30° 16' 13.49\" N","ID":"22A","GlobalID":"{0EA05505-B5E0-476E-9FE3-E133D2AEB6C6}","sectors":"القطاع الاول","Distance":"5m","I_D":"7-2","__networkId":"telecom","__networkName":"شبكة الاتصالات","__layerId":"telecom_assets","__layerName":"مرافق الاتصالات","__assetName":"مرافق الاتصالات","__geometryKind":"point","__featureIndex":1051,"__typeValue":"ايندكاب"},"geometry":{"type":"Point","coordinates":[31.56391303680229,30.270578847020587]}},{"type":"Feature","properties":{"Description":null,"Telecom_Feature_Type":"ايندكاب","Easting":"031° 33' 43.08\" E","Northing":"30° 16' 14.25\" N","ID":"18A","GlobalID":"{7A69C9FA-14E4-4784-A664-DD1BCAA84739}","sectors":"القطاع الاول","Distance":"5m","I_D":"7-2","__networkId":"telecom","__networkName":"شبكة الاتصالات","__layerId":"telecom_assets","__layerName":"مرافق الاتصالات","__assetName":"مرافق الاتصالات","__geometryKind":"point","__featureIndex":1052,"__typeValue":"ايندكاب"},"geometry":{"type":"Point","coordinates":[31.56364488250346,30.270791574278864]}},{"type":"Feature","properties":{"Description":null,"Telecom_Feature_Type":"ايندكاب","Easting":"031° 33' 43.95\" E","Northing":"30° 16' 15.08\" N","ID":"19A","GlobalID":"{A7075FB3-6024-4858-8992-5B2B750C4677}","sectors":"القطاع الاول","Distance":"5m","I_D":"7-2","__networkId":"telecom","__networkName":"شبكة الاتصالات","__layerId":"telecom_assets","__layerName":"مرافق الاتصالات","__assetName":"مرافق الاتصالات","__geometryKind":"point","__featureIndex":1053,"__typeValue":"ايندكاب"},"geometry":{"type":"Point","coordinates":[31.563884853058553,30.271020638517356]}},{"type":"Feature","properties":{"Description":null,"Telecom_Feature_Type":"ايندكاب","Easting":"031° 33' 45.16\" E","Northing":"30° 16' 13.23\" N","ID":"23A","GlobalID":"{C0505C24-873E-4954-8203-B01F824B4575}","sectors":"القطاع الاول","Distance":"5m","I_D":"7-2","__networkId":"telecom","__networkName":"شبكة الاتصالات","__layerId":"telecom_assets","__layerName":"مرافق الاتصالات","__assetName":"مرافق الاتصالات","__geometryKind":"point","__featureIndex":1054,"__typeValue":"ايندكاب"},"geometry":{"type":"Point","coordinates":[31.56422211205727,30.27050774645948]}},{"type":"Feature","properties":{"Description":null,"Telecom_Feature_Type":"ايندكاب","Easting":"031° 33' 45.79\" E","Northing":"30° 16' 14.31\" N","ID":"24A","GlobalID":"{3B4EBF4F-1DB7-499E-8C84-A1AAD73A9CC7}","sectors":"القطاع الاول","Distance":"5m","I_D":"7-2","__networkId":"telecom","__networkName":"شبكة الاتصالات","__layerId":"telecom_assets","__layerName":"مرافق الاتصالات","__assetName":"مرافق الاتصالات","__geometryKind":"point","__featureIndex":1055,"__typeValue":"ايندكاب"},"geometry":{"type":"Point","coordinates":[31.564396758921536,30.270808077783553]}},{"type":"Feature","properties":{"Description":null,"Telecom_Feature_Type":"ايندكاب","Easting":"031° 33' 46.64\" E","Northing":"30° 16' 15.13\" N","ID":"25A","GlobalID":"{2B7E1695-51E6-4FE4-9616-5F6ACB340D82}","sectors":"القطاع الاول","Distance":"5m","I_D":"7-2","__networkId":"telecom","__networkName":"شبكة الاتصالات","__layerId":"telecom_assets","__layerName":"مرافق الاتصالات","__assetName":"مرافق الاتصالات","__geometryKind":"point","__featureIndex":1056,"__typeValue":"ايندكاب"},"geometry":{"type":"Point","coordinates":[31.564633428167966,30.271035705145582]}},{"type":"Feature","properties":{"Description":null,"Telecom_Feature_Type":"ايندكاب","Easting":"031° 33' 54.76\" E","Northing":"30° 16' 30.92\" N","ID":"17","GlobalID":"{81D7104B-9FDB-448E-99A6-426DDE274C79}","sectors":"القطاع الاول","Distance":"180m","I_D":"7-4","__networkId":"telecom","__networkName":"شبكة الاتصالات","__layerId":"telecom_assets","__layerName":"مرافق الاتصالات","__assetName":"مرافق الاتصالات","__geometryKind":"point","__featureIndex":1057,"__typeValue":"ايندكاب"},"geometry":{"type":"Point","coordinates":[31.566887859967938,30.275422575225473]}},{"type":"Feature","properties":{"Description":null,"Telecom_Feature_Type":"ايندكاب","Easting":"031° 33' 54.82\" E","Northing":"30° 16' 32.71\" N","ID":"16","GlobalID":"{FCA46E51-7656-418A-BF0E-478ACD39A696}","sectors":"القطاع الاول","Distance":"205m","I_D":"7-4","__networkId":"telecom","__networkName":"شبكة الاتصالات","__layerId":"telecom_assets","__layerName":"مرافق الاتصالات","__assetName":"مرافق الاتصالات","__geometryKind":"point","__featureIndex":1058,"__typeValue":"ايندكاب"},"geometry":{"type":"Point","coordinates":[31.566903814047386,30.2759204238255]}},{"type":"Feature","properties":{"Description":null,"Telecom_Feature_Type":"ايندكاب","Easting":"031° 33' 52.47\" E","Northing":"30° 16' 28.93\" N","ID":"20A","GlobalID":"{C035A973-CF7E-4251-B87A-C8962F99BA3F}","sectors":"القطاع الاول","Distance":"5m","I_D":"7-4","__networkId":"telecom","__networkName":"شبكة الاتصالات","__layerId":"telecom_assets","__layerName":"مرافق الاتصالات","__assetName":"مرافق الاتصالات","__geometryKind":"point","__featureIndex":1059,"__typeValue":"ايندكاب"},"geometry":{"type":"Point","coordinates":[31.56625142514869,30.274868324221636]}},{"type":"Feature","properties":{"Description":null,"Telecom_Feature_Type":"ايندكاب","Easting":"031° 33' 53.13\" E","Northing":"30° 16' 28.37\" N","ID":"14A","GlobalID":"{E030D9C3-7BC9-4312-BC93-4BCA42075D5D}","sectors":"القطاع الاول","Distance":"5m","I_D":"7-4","__networkId":"telecom","__networkName":"شبكة الاتصالات","__layerId":"telecom_assets","__layerName":"مرافق الاتصالات","__assetName":"مرافق الاتصالات","__geometryKind":"point","__featureIndex":1060,"__typeValue":"ايندكاب"},"geometry":{"type":"Point","coordinates":[31.566436788914324,30.274712413870486]}},{"type":"Feature","properties":{"Description":null,"Telecom_Feature_Type":"ايندكاب","Easting":"031° 33' 57.44\" E","Northing":"30° 16' 30.5\" N","ID":"10","GlobalID":"{40FCCDCB-6F2F-43DA-840F-16A358A0C118}","sectors":"القطاع الاول","Distance":"250m","I_D":"7-4","__networkId":"telecom","__networkName":"شبكة الاتصالات","__layerId":"telecom_assets","__layerName":"مرافق الاتصالات","__assetName":"مرافق الاتصالات","__geometryKind":"point","__featureIndex":1061,"__typeValue":"ايندكاب"},"geometry":{"type":"Point","coordinates":[31.567631512309585,30.275306070803538]}},{"type":"Feature","properties":{"Description":null,"Telecom_Feature_Type":"ايندكاب","Easting":"031° 33' 56.37\" E","Northing":"30° 16' 32.36\" N","ID":"15","GlobalID":"{E527869D-AB64-4F9C-A87C-8C569545C69C}","sectors":"القطاع الاول","Distance":"280m","I_D":"7-4","__networkId":"telecom","__networkName":"شبكة الاتصالات","__layerId":"telecom_assets","__layerName":"مرافق الاتصالات","__assetName":"مرافق الاتصالات","__geometryKind":"point","__featureIndex":1062,"__typeValue":"ايندكاب"},"geometry":{"type":"Point","coordinates":[31.567334443936716,30.27582326205745]}},{"type":"Feature","properties":{"Description":null,"Telecom_Feature_Type":"ايندكاب","Easting":"031° 33' 59.02\" E","Northing":"30° 16' 29.64\" N","ID":"9A","GlobalID":"{7084CDB3-C4BF-42C4-9975-999E195A1AAC}","sectors":"القطاع الاول","Distance":"220m","I_D":"10-3","__networkId":"telecom","__networkName":"شبكة الاتصالات","__layerId":"telecom_assets","__layerName":"مرافق الاتصالات","__assetName":"مرافق الاتصالات","__geometryKind":"point","__featureIndex":1063,"__typeValue":"ايندكاب"},"geometry":{"type":"Point","coordinates":[31.568072601283752,30.27506559603539]}},{"type":"Feature","properties":{"Description":null,"Telecom_Feature_Type":"ايندكاب","Easting":"031° 33' 20.9\" E","Northing":"30° 15' 51.28\" N","ID":"15","GlobalID":"{A4E0EDB4-D965-4A55-98AA-24C1B4977508}","sectors":"القطاع الثاني","Distance":"160m","I_D":"4-3","__networkId":"telecom","__networkName":"شبكة الاتصالات","__layerId":"telecom_assets","__layerName":"مرافق الاتصالات","__assetName":"مرافق الاتصالات","__geometryKind":"point","__featureIndex":1064,"__typeValue":"ايندكاب"},"geometry":{"type":"Point","coordinates":[31.55748287713395,30.264410234905892]}},{"type":"Feature","properties":{"Description":null,"Telecom_Feature_Type":"ايندكاب","Easting":"031° 33' 4.25\" E","Northing":"30° 16' 21.83\" N","ID":"17","GlobalID":"{9A6B6D4D-F8C9-4CDE-AFC7-BE9C3F9CAA13}","sectors":"القطاع الثالث","Distance":"230m","I_D":"4-1","__networkId":"telecom","__networkName":"شبكة الاتصالات","__layerId":"telecom_assets","__layerName":"مرافق الاتصالات","__assetName":"مرافق الاتصالات","__geometryKind":"point","__featureIndex":1065,"__typeValue":"ايندكاب"},"geometry":{"type":"Point","coordinates":[31.55285805899714,30.27289617312137]}},{"type":"Feature","properties":{"Description":null,"Telecom_Feature_Type":"ايندكاب","Easting":"031° 33' 6.92\" E","Northing":"30° 16' 21.53\" N","ID":"18","GlobalID":"{9CBD3E20-1212-4547-BAF2-FB014D3E6D06}","sectors":"القطاع الثالث","Distance":"210m","I_D":"4-1","__networkId":"telecom","__networkName":"شبكة الاتصالات","__layerId":"telecom_assets","__layerName":"مرافق الاتصالات","__assetName":"مرافق الاتصالات","__geometryKind":"point","__featureIndex":1066,"__typeValue":"ايندكاب"},"geometry":{"type":"Point","coordinates":[31.55359846213242,30.27281332217284]}},{"type":"Feature","properties":{"Description":null,"Telecom_Feature_Type":"ايندكاب","Easting":"031° 33' 42.02\" E","Northing":"30° 16' 31.75\" N","ID":"19","GlobalID":"{94D53703-E578-45BB-8BDB-F9A7D3884B66}","sectors":"القطاع الثالث","Distance":"225m","I_D":"6-3","__networkId":"telecom","__networkName":"شبكة الاتصالات","__layerId":"telecom_assets","__layerName":"مرافق الاتصالات","__assetName":"مرافق الاتصالات","__geometryKind":"point","__featureIndex":1067,"__typeValue":"ايندكاب"},"geometry":{"type":"Point","coordinates":[31.56334837108605,30.27565167054973]}},{"type":"Feature","properties":{"Description":null,"Telecom_Feature_Type":"ايندكاب","Easting":"031° 33' 38.2\" E","Northing":"30° 16' 31.19\" N","ID":"21","GlobalID":"{8A468D6D-6129-4203-83AA-0CFD14A5E3C7}","sectors":"القطاع الثالث","Distance":"190m","I_D":"6-3","__networkId":"telecom","__networkName":"شبكة الاتصالات","__layerId":"telecom_assets","__layerName":"مرافق الاتصالات","__assetName":"مرافق الاتصالات","__geometryKind":"point","__featureIndex":1068,"__typeValue":"ايندكاب"},"geometry":{"type":"Point","coordinates":[31.562289504402788,30.275497666795896]}},{"type":"Feature","properties":{"Description":null,"Telecom_Feature_Type":"ايندكاب","Easting":"031° 33' 56.45\" E","Northing":"30° 16' 17.59\" N","ID":"2","GlobalID":"{8559DEF8-5E1C-4AFC-ADEE-ED4D58A623C2}","sectors":"القطاع الثاني","Distance":"300m","I_D":"10-2","__networkId":"telecom","__networkName":"شبكة الاتصالات","__layerId":"telecom_assets","__layerName":"مرافق الاتصالات","__assetName":"مرافق الاتصالات","__geometryKind":"point","__featureIndex":1069,"__typeValue":"ايندكاب"},"geometry":{"type":"Point","coordinates":[31.567357641132297,30.27171931023691]}},{"type":"Feature","properties":{"Description":null,"Telecom_Feature_Type":"ايندكاب","Easting":"031° 33' 55.72\" E","Northing":"30° 16' 18.24\" N","ID":"3","GlobalID":"{9F181040-C753-45E5-BDFB-2121B9D38B4B}","sectors":"القطاع الثاني","Distance":"275m","I_D":"10-2","__networkId":"telecom","__networkName":"شبكة الاتصالات","__layerId":"telecom_assets","__layerName":"مرافق الاتصالات","__assetName":"مرافق الاتصالات","__geometryKind":"point","__featureIndex":1070,"__typeValue":"ايندكاب"},"geometry":{"type":"Point","coordinates":[31.567153670562174,30.27189833945823]}},{"type":"Feature","properties":{"Description":null,"Telecom_Feature_Type":"ايندكاب","Easting":"031° 33' 56.18\" E","Northing":"30° 16' 19.29\" N","ID":"1","GlobalID":"{4E163537-1B2E-4FC3-A36E-8E7BF3D99866}","sectors":"القطاع الثاني","Distance":"300m","I_D":"10-2","__networkId":"telecom","__networkName":"شبكة الاتصالات","__layerId":"telecom_assets","__layerName":"مرافق الاتصالات","__assetName":"مرافق الاتصالات","__geometryKind":"point","__featureIndex":1071,"__typeValue":"ايندكاب"},"geometry":{"type":"Point","coordinates":[31.567282873452875,30.2721911720943]}},{"type":"Feature","properties":{"Description":null,"Telecom_Feature_Type":"ايندكاب","Easting":"031° 33' 59.37\" E","Northing":"30° 16' 20.36\" N","ID":"25","GlobalID":"{A44EAF37-746A-42E9-B7BF-0D48B0D2A293}","sectors":"القطاع الثاني","Distance":"240m","I_D":"10-4","__networkId":"telecom","__networkName":"شبكة الاتصالات","__layerId":"telecom_assets","__layerName":"مرافق الاتصالات","__assetName":"مرافق الاتصالات","__geometryKind":"point","__featureIndex":1072,"__typeValue":"ايندكاب"},"geometry":{"type":"Point","coordinates":[31.568169510638295,30.272488125007136]}},{"type":"Feature","properties":{"Description":null,"Telecom_Feature_Type":"ايندكاب","Easting":"031° 33' 27.27\" E","Northing":"30° 16' 13.5\" N","ID":"11","GlobalID":"{366AF72B-B757-430A-8AE6-AD737437879B}","sectors":"القطاع الاول","Distance":"115m","I_D":"9-3","__networkId":"telecom","__networkName":"شبكة الاتصالات","__layerId":"telecom_assets","__layerName":"مرافق الاتصالات","__assetName":"مرافق الاتصالات","__geometryKind":"point","__featureIndex":1073,"__typeValue":"ايندكاب"},"geometry":{"type":"Point","coordinates":[31.559251615910913,30.270581859584095]}},{"type":"Feature","properties":{"Description":null,"Telecom_Feature_Type":"ايندكاب","Easting":"031° 33' 28.58\" E","Northing":"30° 16' 12.4\" N","ID":"10","GlobalID":"{36360E6D-D76E-4FE0-ABE6-1511714EDE44}","sectors":"القطاع الاول","Distance":"30m","I_D":"9-3","__networkId":"telecom","__networkName":"شبكة الاتصالات","__layerId":"telecom_assets","__layerName":"مرافق الاتصالات","__assetName":"مرافق الاتصالات","__geometryKind":"point","__featureIndex":1074,"__typeValue":"ايندكاب"},"geometry":{"type":"Point","coordinates":[31.55961451731941,30.270278338104443]}},{"type":"Feature","properties":{"Description":null,"Telecom_Feature_Type":"ايندكاب","Easting":"031° 33' 30.02\" E","Northing":"30° 16' 18.21\" N","ID":"17","GlobalID":"{A0B4E164-BA21-461B-9916-301CD570829C}","sectors":"القطاع الاول","Distance":"225m","I_D":"10-1","__networkId":"telecom","__networkName":"شبكة الاتصالات","__layerId":"telecom_assets","__layerName":"مرافق الاتصالات","__assetName":"مرافق الاتصالات","__geometryKind":"point","__featureIndex":1075,"__typeValue":"ايندكاب"},"geometry":{"type":"Point","coordinates":[31.560015754332635,30.271891089386234]}},{"type":"Feature","properties":{"Description":null,"Telecom_Feature_Type":"ايندكاب","Easting":"031° 33' 43.1\" E","Northing":"30° 16' 32.56\" N","ID":"16","GlobalID":"{B814D3B5-42B2-47EB-9550-332C03F7B9C5}","sectors":"القطاع الثالث","Distance":"290m","I_D":"6-3","__networkId":"telecom","__networkName":"شبكة الاتصالات","__layerId":"telecom_assets","__layerName":"مرافق الاتصالات","__assetName":"مرافق الاتصالات","__geometryKind":"point","__featureIndex":1076,"__typeValue":"ايندكاب"},"geometry":{"type":"Point","coordinates":[31.56364999212078,30.27587623704051]}},{"type":"Feature","properties":{"Description":null,"Telecom_Feature_Type":"ايندكاب","Easting":"031° 33' 48.03\" E","Northing":"30° 16' 24.94\" N","ID":"6","GlobalID":"{2DAEBDDC-D512-49BE-85D7-A527339F9FAC}","sectors":"القطاع الاول","Distance":"200m","I_D":"7-4","__networkId":"telecom","__networkName":"شبكة الاتصالات","__layerId":"telecom_assets","__layerName":"مرافق الاتصالات","__assetName":"مرافق الاتصالات","__geometryKind":"point","__featureIndex":1077,"__typeValue":"ايندكاب"},"geometry":{"type":"Point","coordinates":[31.565018653609563,30.273760440453785]}},{"type":"Feature","properties":{"Description":null,"Telecom_Feature_Type":"ايندكاب","Easting":"031° 33' 51.4\" E","Northing":"30° 16' 27.44\" N","ID":"5","GlobalID":"{A1A5FC2C-55E9-4C79-8E84-BBC9973C2FA1}","sectors":"القطاع الاول","Distance":"90m","I_D":"7-4","__networkId":"telecom","__networkName":"شبكة الاتصالات","__layerId":"telecom_assets","__layerName":"مرافق الاتصالات","__assetName":"مرافق الاتصالات","__geometryKind":"point","__featureIndex":1078,"__typeValue":"ايندكاب"},"geometry":{"type":"Point","coordinates":[31.565954156451525,30.274454731105426]}},{"type":"Feature","properties":{"Description":null,"Telecom_Feature_Type":"ايندكاب","Easting":"031° 33' 50.37\" E","Northing":"30° 16' 28.37\" N","ID":"8","GlobalID":"{297753C1-8A4C-482D-9348-AA5C2BAFF52C}","sectors":"القطاع الاول","Distance":"70m","I_D":"7-4","__networkId":"telecom","__networkName":"شبكة الاتصالات","__layerId":"telecom_assets","__layerName":"مرافق الاتصالات","__assetName":"مرافق الاتصالات","__geometryKind":"point","__featureIndex":1079,"__typeValue":"ايندكاب"},"geometry":{"type":"Point","coordinates":[31.56566937433679,30.274714651281638]}},{"type":"Feature","properties":{"Description":null,"Telecom_Feature_Type":"جوينت","Easting":"031° 33' 37.73\" E","Northing":"30° 16' 41.98\" N","ID":"1","GlobalID":"{C7C9B018-78FD-42AD-885A-3CC7866EDC27}","sectors":"القطاع الثالث","Distance":"0","I_D":"0","__networkId":"telecom","__networkName":"شبكة الاتصالات","__layerId":"telecom_assets","__layerName":"مرافق الاتصالات","__assetName":"مرافق الاتصالات","__geometryKind":"point","__featureIndex":1080,"__typeValue":"جوينت"},"geometry":{"type":"Point","coordinates":[31.562157423309923,30.278494461144117]}},{"type":"Feature","properties":{"Description":null,"Telecom_Feature_Type":"جوينت","Easting":"031° 33' 37.27\" E","Northing":"30° 16' 39.99\" N","ID":"2","GlobalID":"{E4E3AA28-298A-41FA-B57F-3383E05896F3}","sectors":"القطاع الثالث","Distance":"0","I_D":"0","__networkId":"telecom","__networkName":"شبكة الاتصالات","__layerId":"telecom_assets","__layerName":"مرافق الاتصالات","__assetName":"مرافق الاتصالات","__geometryKind":"point","__featureIndex":1081,"__typeValue":"جوينت"},"geometry":{"type":"Point","coordinates":[31.56203006286387,30.277940675111136]}},{"type":"Feature","properties":{"Description":null,"Telecom_Feature_Type":"جوينت","Easting":"031° 33' 20.25\" E","Northing":"30° 16' 41.74\" N","ID":"3","GlobalID":"{AF262A36-9752-4CD5-85CF-B2D32E5D5690}","sectors":"القطاع الخامس","Distance":"0","I_D":"0","__networkId":"telecom","__networkName":"شبكة الاتصالات","__layerId":"telecom_assets","__layerName":"مرافق الاتصالات","__assetName":"مرافق الاتصالات","__geometryKind":"point","__featureIndex":1082,"__typeValue":"جوينت"},"geometry":{"type":"Point","coordinates":[31.557300853304554,30.278428072925774]}},{"type":"Feature","properties":{"Description":null,"Telecom_Feature_Type":"جوينت","Easting":"031° 33' 19.28\" E","Northing":"30° 16' 40.86\" N","ID":"4","GlobalID":"{E9AE2ED6-21F9-47DD-BBDC-ACE51AB49DA9}","sectors":"القطاع الخامس","Distance":"0","I_D":"0","__networkId":"telecom","__networkName":"شبكة الاتصالات","__layerId":"telecom_assets","__layerName":"مرافق الاتصالات","__assetName":"مرافق الاتصالات","__geometryKind":"point","__featureIndex":1083,"__typeValue":"جوينت"},"geometry":{"type":"Point","coordinates":[31.557032227390177,30.27818283557346]}},{"type":"Feature","properties":{"Description":null,"Telecom_Feature_Type":"جوينت","Easting":"031° 33' 24.48\" E","Northing":"30° 16' 47.6\" N","ID":"5","GlobalID":"{922F019F-FB00-4614-A798-74A7541B0CD5}","sectors":"القطاع الخامس","Distance":"0","I_D":"0","__networkId":"telecom","__networkName":"شبكة الاتصالات","__layerId":"telecom_assets","__layerName":"مرافق الاتصالات","__assetName":"مرافق الاتصالات","__geometryKind":"point","__featureIndex":1084,"__typeValue":"جوينت"},"geometry":{"type":"Point","coordinates":[31.55847637161737,30.280055609699517]}},{"type":"Feature","properties":{"Description":null,"Telecom_Feature_Type":"جوينت","Easting":"031° 33' 46.1\" E","Northing":"30° 15' 58.43\" N","ID":"6","GlobalID":"{915DBFC3-2FE7-4A6A-B441-D73753C4C21F}","sectors":"القطاع الثاني","Distance":"0","I_D":"0","__networkId":"telecom","__networkName":"شبكة الاتصالات","__layerId":"telecom_assets","__layerName":"مرافق الاتصالات","__assetName":"مرافق الاتصالات","__geometryKind":"point","__featureIndex":1085,"__typeValue":"جوينت"},"geometry":{"type":"Point","coordinates":[31.56448359726342,30.266395527435307]}},{"type":"Feature","properties":{"Description":null,"Telecom_Feature_Type":"جوينت","Easting":"031° 33' 45.18\" E","Northing":"30° 16' 0.15\" N","ID":"7","GlobalID":"{39891D17-7B32-4A2A-99A5-F2BA072EB033}","sectors":"القطاع الثاني","Distance":"0","I_D":"0","__networkId":"telecom","__networkName":"شبكة الاتصالات","__layerId":"telecom_assets","__layerName":"مرافق الاتصالات","__assetName":"مرافق الاتصالات","__geometryKind":"point","__featureIndex":1086,"__typeValue":"جوينت"},"geometry":{"type":"Point","coordinates":[31.56422645451334,30.266875336447054]}},{"type":"Feature","properties":{"Description":null,"Telecom_Feature_Type":"جوينت","Easting":"031° 33' 49.04\" E","Northing":"30° 15' 59.89\" N","ID":"8","GlobalID":"{95F8B5F7-DCEE-4723-9D79-12D6556DBF10}","sectors":"القطاع الثاني","Distance":"0","I_D":"0","__networkId":"telecom","__networkName":"شبكة الاتصالات","__layerId":"telecom_assets","__layerName":"مرافق الاتصالات","__assetName":"مرافق الاتصالات","__geometryKind":"point","__featureIndex":1087,"__typeValue":"جوينت"},"geometry":{"type":"Point","coordinates":[31.565297950611193,30.266802552682552]}},{"type":"Feature","properties":{"Description":null,"Telecom_Feature_Type":"جوينت","Easting":"031° 33' 50.21\" E","Northing":"30° 16' 0.55\" N","ID":"9","GlobalID":"{958071D9-6EA8-4968-8944-DF382F5C8BDF}","sectors":"القطاع الثاني","Distance":"0","I_D":"0","__networkId":"telecom","__networkName":"شبكة الاتصالات","__layerId":"telecom_assets","__layerName":"مرافق الاتصالات","__assetName":"مرافق الاتصالات","__geometryKind":"point","__featureIndex":1088,"__typeValue":"جوينت"},"geometry":{"type":"Point","coordinates":[31.56562450708159,30.266985822424356]}},{"type":"Feature","properties":{"Description":null,"Telecom_Feature_Type":"جوينت","Easting":"031° 33' 52.28\" E","Northing":"30° 16' 1.75\" N","ID":"10","GlobalID":"{09DBD3CA-D756-46F7-B422-1C847C657FB0}","sectors":"القطاع الثاني","Distance":"0","I_D":"0","__networkId":"telecom","__networkName":"شبكة الاتصالات","__layerId":"telecom_assets","__layerName":"مرافق الاتصالات","__assetName":"مرافق الاتصالات","__geometryKind":"point","__featureIndex":1089,"__typeValue":"جوينت"},"geometry":{"type":"Point","coordinates":[31.56619902102828,30.26731881581261]}},{"type":"Feature","properties":{"Description":null,"Telecom_Feature_Type":"جوينت","Easting":"031° 33' 55.28\" E","Northing":"30° 16' 3.7\" N","ID":"11","GlobalID":"{43A0F72F-55C6-4BE2-B819-13255F111050}","sectors":"القطاع الثاني","Distance":"0","I_D":"0","__networkId":"telecom","__networkName":"شبكة الاتصالات","__layerId":"telecom_assets","__layerName":"مرافق الاتصالات","__assetName":"مرافق الاتصالات","__geometryKind":"point","__featureIndex":1090,"__typeValue":"جوينت"},"geometry":{"type":"Point","coordinates":[31.567032805833968,30.26786110618436]}},{"type":"Feature","properties":{"Description":null,"Telecom_Feature_Type":"جوينت","Easting":"031° 33' 56.36\" E","Northing":"30° 16' 4.47\" N","ID":"12","GlobalID":"{A98F4427-6689-4131-9302-42C1D96F2B65}","sectors":"القطاع الثاني","Distance":"0","I_D":"0","__networkId":"telecom","__networkName":"شبكة الاتصالات","__layerId":"telecom_assets","__layerName":"مرافق الاتصالات","__assetName":"مرافق الاتصالات","__geometryKind":"point","__featureIndex":1091,"__typeValue":"جوينت"},"geometry":{"type":"Point","coordinates":[31.567333843862087,30.268073477008073]}},{"type":"Feature","properties":{"Description":null,"Telecom_Feature_Type":"جوينت","Easting":"031° 33' 58.18\" E","Northing":"30° 16' 5.76\" N","ID":"13","GlobalID":"{AA164A2E-D77C-4A37-81DE-F1F461F9D574}","sectors":"القطاع الثاني","Distance":"0","I_D":"0","__networkId":"telecom","__networkName":"شبكة الاتصالات","__layerId":"telecom_assets","__layerName":"مرافق الاتصالات","__assetName":"مرافق الاتصالات","__geometryKind":"point","__featureIndex":1092,"__typeValue":"جوينت"},"geometry":{"type":"Point","coordinates":[31.56783815357101,30.26843348727387]}},{"type":"Feature","properties":{"Description":null,"Telecom_Feature_Type":"جوينت","Easting":"031° 33' 59.45\" E","Northing":"30° 16' 6.79\" N","ID":"14","GlobalID":"{3EF79E13-D587-460C-AC9A-2D0591C82EA6}","sectors":"القطاع الثاني","Distance":"0","I_D":"0","__networkId":"telecom","__networkName":"شبكة الاتصالات","__layerId":"telecom_assets","__layerName":"مرافق الاتصالات","__assetName":"مرافق الاتصالات","__geometryKind":"point","__featureIndex":1093,"__typeValue":"جوينت"},"geometry":{"type":"Point","coordinates":[31.56819224160825,30.2687195788103]}},{"type":"Feature","properties":{"Description":null,"Telecom_Feature_Type":"جوينت","Easting":"031° 33' 53.42\" E","Northing":"30° 16' 2.45\" N","ID":"15","GlobalID":"{1BA0B32D-691F-4D8D-9135-CDEAC9EDEFEA}","sectors":"القطاع الثاني","Distance":"0","I_D":"0","__networkId":"telecom","__networkName":"شبكة الاتصالات","__layerId":"telecom_assets","__layerName":"مرافق الاتصالات","__assetName":"مرافق الاتصالات","__geometryKind":"point","__featureIndex":1094,"__typeValue":"جوينت"},"geometry":{"type":"Point","coordinates":[31.566516070628026,30.267514544875272]}},{"type":"Feature","properties":{"Description":null,"Telecom_Feature_Type":"جوينت","Easting":"031° 34' 1.13\" E","Northing":"30° 16' 8.18\" N","ID":"16","GlobalID":"{89451C9C-076D-4A17-8A71-2A6ABBC08CA1}","sectors":"القطاع الثاني","Distance":"0","I_D":"0","__networkId":"telecom","__networkName":"شبكة الاتصالات","__layerId":"telecom_assets","__layerName":"مرافق الاتصالات","__assetName":"مرافق الاتصالات","__geometryKind":"point","__featureIndex":1095,"__typeValue":"جوينت"},"geometry":{"type":"Point","coordinates":[31.56865755365408,30.269106189683047]}},{"type":"Feature","properties":{"Description":null,"Telecom_Feature_Type":"جوينت","Easting":"031° 34' 2.08\" E","Northing":"30° 16' 9.08\" N","ID":"17","GlobalID":"{D9DF51A4-8AA1-42B6-91C2-EA0CC6849D7E}","sectors":"القطاع الثاني","Distance":"0","I_D":"0","__networkId":"telecom","__networkName":"شبكة الاتصالات","__layerId":"telecom_assets","__layerName":"مرافق الاتصالات","__assetName":"مرافق الاتصالات","__geometryKind":"point","__featureIndex":1096,"__typeValue":"جوينت"},"geometry":{"type":"Point","coordinates":[31.568922430000434,30.2693545996402]}},{"type":"Feature","properties":{"Description":null,"Telecom_Feature_Type":"جوينت","Easting":"031° 34' 4.61\" E","Northing":"30° 16' 11.47\" N","ID":"18","GlobalID":"{6723EB98-E5EB-4900-A553-57EBF0575899}","sectors":"القطاع الثاني","Distance":"0","I_D":"0","__networkId":"telecom","__networkName":"شبكة الاتصالات","__layerId":"telecom_assets","__layerName":"مرافق الاتصالات","__assetName":"مرافق الاتصالات","__geometryKind":"point","__featureIndex":1097,"__typeValue":"جوينت"},"geometry":{"type":"Point","coordinates":[31.56962357046958,30.270020417929928]}},{"type":"Feature","properties":{"Description":null,"Telecom_Feature_Type":"جوينت","Easting":"031° 34' 3.75\" E","Northing":"30° 16' 10.51\" N","ID":"19","GlobalID":"{87FEF4F5-B663-42AC-8268-EAF97B429CBC}","sectors":"القطاع الثاني","Distance":"0","I_D":"0","__networkId":"telecom","__networkName":"شبكة الاتصالات","__layerId":"telecom_assets","__layerName":"مرافق الاتصالات","__assetName":"مرافق الاتصالات","__geometryKind":"point","__featureIndex":1098,"__typeValue":"جوينت"},"geometry":{"type":"Point","coordinates":[31.569385436070917,30.26975349344834]}},{"type":"Feature","properties":{"Description":null,"Telecom_Feature_Type":"جوينت","Easting":"031° 34' 5.93\" E","Northing":"30° 16' 13.16\" N","ID":"20","GlobalID":"{E28D7C41-7E23-440D-BC55-806631875BF5}","sectors":"القطاع الثاني","Distance":"0","I_D":"0","__networkId":"telecom","__networkName":"شبكة الاتصالات","__layerId":"telecom_assets","__layerName":"مرافق الاتصالات","__assetName":"مرافق الاتصالات","__geometryKind":"point","__featureIndex":1099,"__typeValue":"جوينت"},"geometry":{"type":"Point","coordinates":[31.569992062992377,30.270488245078834]}},{"type":"Feature","properties":{"Description":null,"Telecom_Feature_Type":"جوينت","Easting":"031° 33' 49.4\" E","Northing":"30° 16' 2.27\" N","ID":"21","GlobalID":"{69504880-3EAA-46C1-BE3B-D66DBB04871C}","sectors":"القطاع الثاني","Distance":"0","I_D":"0","__networkId":"telecom","__networkName":"شبكة الاتصالات","__layerId":"telecom_assets","__layerName":"مرافق الاتصالات","__assetName":"مرافق الاتصالات","__geometryKind":"point","__featureIndex":1100,"__typeValue":"جوينت"},"geometry":{"type":"Point","coordinates":[31.56539845502349,30.26746246304793]}},{"type":"Feature","properties":{"Description":null,"Telecom_Feature_Type":"جوينت","Easting":"031° 33' 51.04\" E","Northing":"30° 16' 3.27\" N","ID":"22","GlobalID":"{1072E986-23DD-4D38-B566-B373D9031A99}","sectors":"القطاع الثاني","Distance":"0","I_D":"0","__networkId":"telecom","__networkName":"شبكة الاتصالات","__layerId":"telecom_assets","__layerName":"مرافق الاتصالات","__assetName":"مرافق الاتصالات","__geometryKind":"point","__featureIndex":1101,"__typeValue":"جوينت"},"geometry":{"type":"Point","coordinates":[31.56585363047964,30.267741545999332]}},{"type":"Feature","properties":{"Description":null,"Telecom_Feature_Type":"جوينت","Easting":"031° 33' 52.48\" E","Northing":"30° 16' 4.12\" N","ID":"23","GlobalID":"{7D359364-35AC-491C-AC7B-ADFCD47FB215}","sectors":"القطاع الثاني","Distance":"0","I_D":"0","__networkId":"telecom","__networkName":"شبكة الاتصالات","__layerId":"telecom_assets","__layerName":"مرافق الاتصالات","__assetName":"مرافق الاتصالات","__geometryKind":"point","__featureIndex":1102,"__typeValue":"جوينت"},"geometry":{"type":"Point","coordinates":[31.566253866769635,30.267977824268357]}},{"type":"Feature","properties":{"Description":null,"Telecom_Feature_Type":"جوينت","Easting":"031° 33' 54.37\" E","Northing":"30° 16' 5.29\" N","ID":"24","GlobalID":"{579887F7-1C30-4775-AF0E-7771CD474169}","sectors":"القطاع الثاني","Distance":"0","I_D":"0","__networkId":"telecom","__networkName":"شبكة الاتصالات","__layerId":"telecom_assets","__layerName":"مرافق الاتصالات","__assetName":"مرافق الاتصالات","__geometryKind":"point","__featureIndex":1103,"__typeValue":"جوينت"},"geometry":{"type":"Point","coordinates":[31.56678043044312,30.268301681738073]}},{"type":"Feature","properties":{"Description":null,"Telecom_Feature_Type":"جوينت","Easting":"031° 33' 55.52\" E","Northing":"30° 16' 5.98\" N","ID":"25","GlobalID":"{B1CF9529-12F0-4AB6-9766-A140EAB53C89}","sectors":"القطاع الثاني","Distance":"0","I_D":"0","__networkId":"telecom","__networkName":"شبكة الاتصالات","__layerId":"telecom_assets","__layerName":"مرافق الاتصالات","__assetName":"مرافق الاتصالات","__geometryKind":"point","__featureIndex":1104,"__typeValue":"جوينت"},"geometry":{"type":"Point","coordinates":[31.567098567902654,30.268494054063616]}},{"type":"Feature","properties":{"Description":null,"Telecom_Feature_Type":"جوينت","Easting":"031° 33' 58.14\" E","Northing":"30° 16' 7.9\" N","ID":"26","GlobalID":"{0B72C721-7798-4D3E-A5CC-58E55D371CCB}","sectors":"القطاع الثاني","Distance":"0","I_D":"0","__networkId":"telecom","__networkName":"شبكة الاتصالات","__layerId":"telecom_assets","__layerName":"مرافق الاتصالات","__assetName":"مرافق الاتصالات","__geometryKind":"point","__featureIndex":1105,"__typeValue":"جوينت"},"geometry":{"type":"Point","coordinates":[31.567828069981957,30.269028657841485]}},{"type":"Feature","properties":{"Description":null,"Telecom_Feature_Type":"جوينت","Easting":"031° 33' 59.16\" E","Northing":"30° 16' 9.96\" N","ID":"27","GlobalID":"{580B5045-7562-4C34-BBD6-FB00BFF7D492}","sectors":"القطاع الثاني","Distance":"0","I_D":"0","__networkId":"telecom","__networkName":"شبكة الاتصالات","__layerId":"telecom_assets","__layerName":"مرافق الاتصالات","__assetName":"مرافق الاتصالات","__geometryKind":"point","__featureIndex":1106,"__typeValue":"جوينت"},"geometry":{"type":"Point","coordinates":[31.56811075722547,30.269600356365657]}},{"type":"Feature","properties":{"Description":null,"Telecom_Feature_Type":"جوينت","Easting":"031° 33' 52.63\" E","Northing":"30° 16' 11.46\" N","ID":"28","GlobalID":"{7FB46E89-9ECC-42EF-9C39-FFEF95E8BCFA}","sectors":"القطاع الثاني","Distance":"0","I_D":"0","__networkId":"telecom","__networkName":"شبكة الاتصالات","__layerId":"telecom_assets","__layerName":"مرافق الاتصالات","__assetName":"مرافق الاتصالات","__geometryKind":"point","__featureIndex":1107,"__typeValue":"جوينت"},"geometry":{"type":"Point","coordinates":[31.56629757699473,30.27001667683684]}},{"type":"Feature","properties":{"Description":null,"Telecom_Feature_Type":"جوينت","Easting":"031° 33' 45.88\" E","Northing":"30° 16' 7.29\" N","ID":"29","GlobalID":"{776901DD-A1A8-4A18-B505-9FD275AB54DB}","sectors":"القطاع الثاني","Distance":"0","I_D":"0","__networkId":"telecom","__networkName":"شبكة الاتصالات","__layerId":"telecom_assets","__layerName":"مرافق الاتصالات","__assetName":"مرافق الاتصالات","__geometryKind":"point","__featureIndex":1108,"__typeValue":"جوينت"},"geometry":{"type":"Point","coordinates":[31.56442039000338,30.268858322966615]}},{"type":"Feature","properties":{"Description":null,"Telecom_Feature_Type":"جوينت","Easting":"031° 33' 42.81\" E","Northing":"30° 16' 41.74\" N","ID":"30","GlobalID":"{FADDFDCD-D2C8-4A71-B368-3C20AED5F833}","sectors":"القطاع الثالث","Distance":"0","I_D":"0","__networkId":"telecom","__networkName":"شبكة الاتصالات","__layerId":"telecom_assets","__layerName":"مرافق الاتصالات","__assetName":"مرافق الاتصالات","__geometryKind":"point","__featureIndex":1109,"__typeValue":"جوينت"},"geometry":{"type":"Point","coordinates":[31.563570106739203,30.27842705666447]}},{"type":"Feature","properties":{"Description":null,"Telecom_Feature_Type":"جوينت","Easting":"031° 33' 56.69\" E","Northing":"30° 16' 14.57\" N","ID":"31","GlobalID":"{34B9FF52-A253-4246-AF95-4EEF30B5A080}","sectors":"القطاع الثاني","Distance":"0","I_D":"0","__networkId":"telecom","__networkName":"شبكة الاتصالات","__layerId":"telecom_assets","__layerName":"مرافق الاتصالات","__assetName":"مرافق الاتصالات","__geometryKind":"point","__featureIndex":1110,"__typeValue":"جوينت"},"geometry":{"type":"Point","coordinates":[31.56742511898317,30.27088143967639]}},{"type":"Feature","properties":{"Description":null,"Telecom_Feature_Type":"جوينت","Easting":"031° 33' 51.86\" E","Northing":"30° 16' 13.95\" N","ID":"32","GlobalID":"{044AAD5B-A16F-46AA-93BD-7BED4478A113}","sectors":"القطاع الثاني","Distance":"0","I_D":"0","__networkId":"telecom","__networkName":"شبكة الاتصالات","__layerId":"telecom_assets","__layerName":"مرافق الاتصالات","__assetName":"مرافق الاتصالات","__geometryKind":"point","__featureIndex":1111,"__typeValue":"جوينت"},"geometry":{"type":"Point","coordinates":[31.566083819279605,30.27070893723556]}},{"type":"Feature","properties":{"Description":null,"Telecom_Feature_Type":"جوينت","Easting":"031° 33' 55.93\" E","Northing":"30° 16' 19.48\" N","ID":"33","GlobalID":"{4CE4208D-CF40-4E48-A984-AE385EE389C5}","sectors":"القطاع الثاني","Distance":"0","I_D":"0","__networkId":"telecom","__networkName":"شبكة الاتصالات","__layerId":"telecom_assets","__layerName":"مرافق الاتصالات","__assetName":"مرافق الاتصالات","__geometryKind":"point","__featureIndex":1112,"__typeValue":"جوينت"},"geometry":{"type":"Point","coordinates":[31.56721364119224,30.272244217309883]}},{"type":"Feature","properties":{"Description":null,"Telecom_Feature_Type":"جوينت","Easting":"031° 33' 59.57\" E","Northing":"30° 16' 20.22\" N","ID":"34","GlobalID":"{E9887874-0D17-4440-B354-3A4B22727A9E}","sectors":"القطاع الثاني","Distance":"0","I_D":"0","__networkId":"telecom","__networkName":"شبكة الاتصالات","__layerId":"telecom_assets","__layerName":"مرافق الاتصالات","__assetName":"مرافق الاتصالات","__geometryKind":"point","__featureIndex":1113,"__typeValue":"جوينت"},"geometry":{"type":"Point","coordinates":[31.568223202942846,30.272450770093087]}},{"type":"Feature","properties":{"Description":null,"Telecom_Feature_Type":"جوينت","Easting":"031° 34' 4.98\" E","Northing":"30° 16' 20.62\" N","ID":"35","GlobalID":"{237B05B5-BB79-4D6E-88CF-CFDFEF8039D4}","sectors":"القطاع الثاني","Distance":"0","I_D":"0","__networkId":"telecom","__networkName":"شبكة الاتصالات","__layerId":"telecom_assets","__layerName":"مرافق الاتصالات","__assetName":"مرافق الاتصالات","__geometryKind":"point","__featureIndex":1114,"__typeValue":"جوينت"},"geometry":{"type":"Point","coordinates":[31.569726364687547,30.272561086097927]}},{"type":"Feature","properties":{"Description":null,"Telecom_Feature_Type":"جوينت","Easting":"031° 34' 6.42\" E","Northing":"30° 16' 14.3\" N","ID":"36","GlobalID":"{43AE5804-5568-4180-8C06-C07517F8E355}","sectors":"القطاع الثاني","Distance":"0","I_D":"0","__networkId":"telecom","__networkName":"شبكة الاتصالات","__layerId":"telecom_assets","__layerName":"مرافق الاتصالات","__assetName":"مرافق الاتصالات","__geometryKind":"point","__featureIndex":1115,"__typeValue":"جوينت"},"geometry":{"type":"Point","coordinates":[31.57012845869354,30.270805675031106]}},{"type":"Feature","properties":{"Description":null,"Telecom_Feature_Type":"جوينت","Easting":"031° 34' 7.89\" E","Northing":"30° 16' 17.19\" N","ID":"37","GlobalID":"{CDC32AB2-9273-436E-8B74-A9A17C0989EF}","sectors":"القطاع الثاني","Distance":"0","I_D":"0","__networkId":"telecom","__networkName":"شبكة الاتصالات","__layerId":"telecom_assets","__layerName":"مرافق الاتصالات","__assetName":"مرافق الاتصالات","__geometryKind":"point","__featureIndex":1116,"__typeValue":"جوينت"},"geometry":{"type":"Point","coordinates":[31.57053668549798,30.27160875588334]}},{"type":"Feature","properties":{"Description":null,"Telecom_Feature_Type":"جوينت","Easting":"031° 34' 1.97\" E","Northing":"30° 16' 22.36\" N","ID":"38","GlobalID":"{EB4D5CC1-64CC-4ECC-A5AF-CAB25EFC8AD2}","sectors":"القطاع الثاني","Distance":"0","I_D":"0","__networkId":"telecom","__networkName":"شبكة الاتصالات","__layerId":"telecom_assets","__layerName":"مرافق الاتصالات","__assetName":"مرافق الاتصالات","__geometryKind":"point","__featureIndex":1117,"__typeValue":"جوينت"},"geometry":{"type":"Point","coordinates":[31.56889239572721,30.273044698275818]}},{"type":"Feature","properties":{"Description":null,"Telecom_Feature_Type":"جوينت","Easting":"031° 34' 6.41\" E","Northing":"30° 16' 22.32\" N","ID":"39","GlobalID":"{88DC9A53-6142-4464-AEA9-166507F39AFE}","sectors":"القطاع الثاني","Distance":"0","I_D":"0","__networkId":"telecom","__networkName":"شبكة الاتصالات","__layerId":"telecom_assets","__layerName":"مرافق الاتصالات","__assetName":"مرافق الاتصالات","__geometryKind":"point","__featureIndex":1118,"__typeValue":"جوينت"},"geometry":{"type":"Point","coordinates":[31.570125445744072,30.273032509452527]}},{"type":"Feature","properties":{"Description":null,"Telecom_Feature_Type":"جوينت","Easting":"031° 33' 55.54\" E","Northing":"30° 16' 21.02\" N","ID":"40","GlobalID":"{B16BBF22-B185-4282-88F1-3426E5F52E9E}","sectors":"القطاع الاول","Distance":"0","I_D":"0","__networkId":"telecom","__networkName":"شبكة الاتصالات","__layerId":"telecom_assets","__layerName":"مرافق الاتصالات","__assetName":"مرافق الاتصالات","__geometryKind":"point","__featureIndex":1119,"__typeValue":"جوينت"},"geometry":{"type":"Point","coordinates":[31.567104874974277,30.27267161067365]}},{"type":"Feature","properties":{"Description":null,"Telecom_Feature_Type":"جوينت","Easting":"031° 33' 58.77\" E","Northing":"30° 16' 27.59\" N","ID":"41","GlobalID":"{F50F3801-1855-43C2-85BD-2FAF6BE33749}","sectors":"القطاع الاول","Distance":"0","I_D":"0","__networkId":"telecom","__networkName":"شبكة الاتصالات","__layerId":"telecom_assets","__layerName":"مرافق الاتصالات","__assetName":"مرافق الاتصالات","__geometryKind":"point","__featureIndex":1120,"__typeValue":"جوينت"},"geometry":{"type":"Point","coordinates":[31.56800099567415,30.274495529822545]}},{"type":"Feature","properties":{"Description":null,"Telecom_Feature_Type":"جوينت","Easting":"031° 33' 52.18\" E","Northing":"30° 16' 21.32\" N","ID":"42","GlobalID":"{676642EF-3B54-4858-BAE8-E510E2DC3360}","sectors":"القطاع الاول","Distance":"0","I_D":"0","__networkId":"telecom","__networkName":"شبكة الاتصالات","__layerId":"telecom_assets","__layerName":"مرافق الاتصالات","__assetName":"مرافق الاتصالات","__geometryKind":"point","__featureIndex":1121,"__typeValue":"جوينت"},"geometry":{"type":"Point","coordinates":[31.566172215300224,30.27275432519802]}},{"type":"Feature","properties":{"Description":null,"Telecom_Feature_Type":"جوينت","Easting":"031° 33' 44.53\" E","Northing":"30° 16' 21.22\" N","ID":"43","GlobalID":"{690F47E6-C57F-452B-8A2D-48AB5D2813C1}","sectors":"القطاع الاول","Distance":"0","I_D":"0","__networkId":"telecom","__networkName":"شبكة الاتصالات","__layerId":"telecom_assets","__layerName":"مرافق الاتصالات","__assetName":"مرافق الاتصالات","__geometryKind":"point","__featureIndex":1122,"__typeValue":"جوينت"},"geometry":{"type":"Point","coordinates":[31.564047129223063,30.2727281367209]}},{"type":"Feature","properties":{"Description":null,"Telecom_Feature_Type":"جوينت","Easting":"031° 33' 49.63\" E","Northing":"30° 16' 22.81\" N","ID":"44","GlobalID":"{A6B9D810-0F45-45C0-87D2-EDD3664B799A}","sectors":"القطاع الاول","Distance":"0","I_D":"0","__networkId":"telecom","__networkName":"شبكة الاتصالات","__layerId":"telecom_assets","__layerName":"مرافق الاتصالات","__assetName":"مرافق الاتصالات","__geometryKind":"point","__featureIndex":1123,"__typeValue":"جوينت"},"geometry":{"type":"Point","coordinates":[31.565464223380385,30.27316917221186]}},{"type":"Feature","properties":{"Description":null,"Telecom_Feature_Type":"جوينت","Easting":"031° 33' 57.29\" E","Northing":"30° 16' 31.94\" N","ID":"45","GlobalID":"{A2D5D1D1-81F9-4E5C-91BB-F68E0A2AE7DE}","sectors":"القطاع الاول","Distance":"0","I_D":"0","__networkId":"telecom","__networkName":"شبكة الاتصالات","__layerId":"telecom_assets","__layerName":"مرافق الاتصالات","__assetName":"مرافق الاتصالات","__geometryKind":"point","__featureIndex":1124,"__typeValue":"جوينت"},"geometry":{"type":"Point","coordinates":[31.567591410616995,30.275706177817604]}},{"type":"Feature","properties":{"Description":null,"Telecom_Feature_Type":"جوينت","Easting":"031° 33' 58.75\" E","Northing":"30° 16' 29.81\" N","ID":"46","GlobalID":"{5C90FD02-9FA5-4716-BB11-7CDFA57D65F7}","sectors":"القطاع الاول","Distance":"0","I_D":"0","__networkId":"telecom","__networkName":"شبكة الاتصالات","__layerId":"telecom_assets","__layerName":"مرافق الاتصالات","__assetName":"مرافق الاتصالات","__geometryKind":"point","__featureIndex":1125,"__typeValue":"جوينت"},"geometry":{"type":"Point","coordinates":[31.567997061951527,30.27511425643787]}},{"type":"Feature","properties":{"Description":null,"Telecom_Feature_Type":"جوينت","Easting":"031° 33' 48.33\" E","Northing":"30° 16' 38.56\" N","ID":"47","GlobalID":"{0EB614F5-5062-4D2B-B978-416417BEEA9C}","sectors":"القطاع الثالث","Distance":"0","I_D":"0","__networkId":"telecom","__networkName":"شبكة الاتصالات","__layerId":"telecom_assets","__layerName":"مرافق الاتصالات","__assetName":"مرافق الاتصالات","__geometryKind":"point","__featureIndex":1126,"__typeValue":"جوينت"},"geometry":{"type":"Point","coordinates":[31.565102230168655,30.277544442913367]}},{"type":"Feature","properties":{"Description":null,"Telecom_Feature_Type":"جوينت","Easting":"031° 33' 43.78\" E","Northing":"30° 16' 32.89\" N","ID":"48","GlobalID":"{0A870D30-3FFC-4823-A198-42086EACE149}","sectors":"القطاع الثالث","Distance":"0","I_D":"0","__networkId":"telecom","__networkName":"شبكة الاتصالات","__layerId":"telecom_assets","__layerName":"مرافق الاتصالات","__assetName":"مرافق الاتصالات","__geometryKind":"point","__featureIndex":1127,"__typeValue":"جوينت"},"geometry":{"type":"Point","coordinates":[31.563837706777488,30.2759687734876]}},{"type":"Feature","properties":{"Description":null,"Telecom_Feature_Type":"جوينت","Easting":"031° 33' 20.05\" E","Northing":"30° 15' 49.48\" N","ID":"49","GlobalID":"{ACBCF298-72E0-47FE-8E82-37BE5A2BC3BC}","sectors":"القطاع الثاني","Distance":"0","I_D":"0","__networkId":"telecom","__networkName":"شبكة الاتصالات","__layerId":"telecom_assets","__layerName":"مرافق الاتصالات","__assetName":"مرافق الاتصالات","__geometryKind":"point","__featureIndex":1128,"__typeValue":"جوينت"},"geometry":{"type":"Point","coordinates":[31.557245479353806,30.26391141005569]}},{"type":"Feature","properties":{"Description":null,"Telecom_Feature_Type":"جوينت","Easting":"031° 33' 20.58\" E","Northing":"30° 15' 55.41\" N","ID":"50","GlobalID":"{7A495802-0FA9-4D5F-A471-64A491B19506}","sectors":"القطاع الثاني","Distance":"0","I_D":"0","__networkId":"telecom","__networkName":"شبكة الاتصالات","__layerId":"telecom_assets","__layerName":"مرافق الاتصالات","__assetName":"مرافق الاتصالات","__geometryKind":"point","__featureIndex":1129,"__typeValue":"جوينت"},"geometry":{"type":"Point","coordinates":[31.557393682511048,30.26555667495741]}},{"type":"Feature","properties":{"Description":null,"Telecom_Feature_Type":"جوينت","Easting":"031° 33' 18.71\" E","Northing":"30° 15' 57.13\" N","ID":"51","GlobalID":"{D6E12916-94E4-4435-B207-CE349AE9A34F}","sectors":"القطاع الثاني","Distance":"0","I_D":"0","__networkId":"telecom","__networkName":"شبكة الاتصالات","__layerId":"telecom_assets","__layerName":"مرافق الاتصالات","__assetName":"مرافق الاتصالات","__geometryKind":"point","__featureIndex":1130,"__typeValue":"جوينت"},"geometry":{"type":"Point","coordinates":[31.556874217324996,30.266036450826743]}},{"type":"Feature","properties":{"Description":null,"Telecom_Feature_Type":"جوينت","Easting":"031° 33' 18.07\" E","Northing":"30° 15' 58.21\" N","ID":"52","GlobalID":"{103A8986-D8BE-431D-9106-99ACBCAE5579}","sectors":"القطاع الثاني","Distance":"0","I_D":"0","__networkId":"telecom","__networkName":"شبكة الاتصالات","__layerId":"telecom_assets","__layerName":"مرافق الاتصالات","__assetName":"مرافق الاتصالات","__geometryKind":"point","__featureIndex":1131,"__typeValue":"جوينت"},"geometry":{"type":"Point","coordinates":[31.556695649314495,30.26633592065092]}},{"type":"Feature","properties":{"Description":null,"Telecom_Feature_Type":"جوينت","Easting":"031° 33' 23.04\" E","Northing":"30° 15' 55.96\" N","ID":"53","GlobalID":"{A5451706-6C13-4298-88FD-00EA5BAB455C}","sectors":"القطاع الثاني","Distance":"0","I_D":"0","__networkId":"telecom","__networkName":"شبكة الاتصالات","__layerId":"telecom_assets","__layerName":"مرافق الاتصالات","__assetName":"مرافق الاتصالات","__geometryKind":"point","__featureIndex":1132,"__typeValue":"جوينت"},"geometry":{"type":"Point","coordinates":[31.55807618024313,30.26570968256983]}},{"type":"Feature","properties":{"Description":null,"Telecom_Feature_Type":"جوينت","Easting":"031° 33' 27.7\" E","Northing":"30° 15' 54.47\" N","ID":"54","GlobalID":"{62B5A902-CE26-4935-AC20-B0121297F133}","sectors":"القطاع الثاني","Distance":"0","I_D":"0","__networkId":"telecom","__networkName":"شبكة الاتصالات","__layerId":"telecom_assets","__layerName":"مرافق الاتصالات","__assetName":"مرافق الاتصالات","__geometryKind":"point","__featureIndex":1133,"__typeValue":"جوينت"},"geometry":{"type":"Point","coordinates":[31.559370817857555,30.265297393906128]}},{"type":"Feature","properties":{"Description":null,"Telecom_Feature_Type":"جوينت","Easting":"031° 33' 34.12\" E","Northing":"30° 15' 55.62\" N","ID":"55","GlobalID":"{4C787266-6671-4739-BBB8-463840C49949}","sectors":"القطاع الثاني","Distance":"0","I_D":"0","__networkId":"telecom","__networkName":"شبكة الاتصالات","__layerId":"telecom_assets","__layerName":"مرافق الاتصالات","__assetName":"مرافق الاتصالات","__geometryKind":"point","__featureIndex":1134,"__typeValue":"جوينت"},"geometry":{"type":"Point","coordinates":[31.561155014843937,30.265616258938696]}},{"type":"Feature","properties":{"Description":null,"Telecom_Feature_Type":"جوينت","Easting":"031° 33' 38.77\" E","Northing":"30° 15' 55.36\" N","ID":"56","GlobalID":"{78C2CF86-A489-4CAE-8127-AFE44E33AA24}","sectors":"القطاع الثاني","Distance":"0","I_D":"0","__networkId":"telecom","__networkName":"شبكة الاتصالات","__layerId":"telecom_assets","__layerName":"مرافق الاتصالات","__assetName":"مرافق الاتصالات","__geometryKind":"point","__featureIndex":1135,"__typeValue":"جوينت"},"geometry":{"type":"Point","coordinates":[31.562446615254377,30.265544601585457]}},{"type":"Feature","properties":{"Description":null,"Telecom_Feature_Type":"جوينت","Easting":"031° 33' 41.26\" E","Northing":"30° 15' 56.32\" N","ID":"57","GlobalID":"{6563AE62-5D7B-4283-9449-7DC424568823}","sectors":"القطاع الثاني","Distance":"0","I_D":"0","__networkId":"telecom","__networkName":"شبكة الاتصالات","__layerId":"telecom_assets","__layerName":"مرافق الاتصالات","__assetName":"مرافق الاتصالات","__geometryKind":"point","__featureIndex":1136,"__typeValue":"جوينت"},"geometry":{"type":"Point","coordinates":[31.563138843537622,30.26580973671218]}},{"type":"Feature","properties":{"Description":null,"Telecom_Feature_Type":"جوينت","Easting":"031° 33' 42.51\" E","Northing":"30° 15' 56.84\" N","ID":"58","GlobalID":"{8675F639-D330-423C-8463-AFA944E2C9EE}","sectors":"القطاع الثاني","Distance":"0","I_D":"0","__networkId":"telecom","__networkName":"شبكة الاتصالات","__layerId":"telecom_assets","__layerName":"مرافق الاتصالات","__assetName":"مرافق الاتصالات","__geometryKind":"point","__featureIndex":1137,"__typeValue":"جوينت"},"geometry":{"type":"Point","coordinates":[31.563486188820317,30.26595537859113]}},{"type":"Feature","properties":{"Description":null,"Telecom_Feature_Type":"جوينت","Easting":"031° 33' 36.69\" E","Northing":"30° 15' 56.6\" N","ID":"59","GlobalID":"{A866B331-5228-476B-B5F8-2F0CBCF3BBBE}","sectors":"القطاع الثاني","Distance":"0","I_D":"0","__networkId":"telecom","__networkName":"شبكة الاتصالات","__layerId":"telecom_assets","__layerName":"مرافق الاتصالات","__assetName":"مرافق الاتصالات","__geometryKind":"point","__featureIndex":1138,"__typeValue":"جوينت"},"geometry":{"type":"Point","coordinates":[31.561867370779407,30.265887192732883]}},{"type":"Feature","properties":{"Description":null,"Telecom_Feature_Type":"جوينت","Easting":"031° 33' 40.38\" E","Northing":"30° 15' 57.98\" N","ID":"60","GlobalID":"{9BEC57F6-8A75-42F4-AF46-20EA6F89A25E}","sectors":"القطاع الثاني","Distance":"0","I_D":"0","__networkId":"telecom","__networkName":"شبكة الاتصالات","__layerId":"telecom_assets","__layerName":"مرافق الاتصالات","__assetName":"مرافق الاتصالات","__geometryKind":"point","__featureIndex":1139,"__typeValue":"جوينت"},"geometry":{"type":"Point","coordinates":[31.56289308962871,30.266272405007054]}},{"type":"Feature","properties":{"Description":null,"Telecom_Feature_Type":"جوينت","Easting":"031° 33' 41.32\" E","Northing":"30° 15' 58.42\" N","ID":"61","GlobalID":"{955C0F67-6324-4CA8-882E-04D04B537680}","sectors":"القطاع الثاني","Distance":"0","I_D":"0","__networkId":"telecom","__networkName":"شبكة الاتصالات","__layerId":"telecom_assets","__layerName":"مرافق الاتصالات","__assetName":"مرافق الاتصالات","__geometryKind":"point","__featureIndex":1140,"__typeValue":"جوينت"},"geometry":{"type":"Point","coordinates":[31.56315357680658,30.26639448777341]}},{"type":"Feature","properties":{"Description":null,"Telecom_Feature_Type":"جوينت","Easting":"031° 33' 17.18\" E","Northing":"30° 16' 0.46\" N","ID":"62","GlobalID":"{43C01EAF-8A98-42C1-8D68-40CA7C59334A}","sectors":"القطاع الثاني","Distance":"0","I_D":"0","__networkId":"telecom","__networkName":"شبكة الاتصالات","__layerId":"telecom_assets","__layerName":"مرافق الاتصالات","__assetName":"مرافق الاتصالات","__geometryKind":"point","__featureIndex":1141,"__typeValue":"جوينت"},"geometry":{"type":"Point","coordinates":[31.556450056204,30.26696147896133]}},{"type":"Feature","properties":{"Description":null,"Telecom_Feature_Type":"جوينت","Easting":"031° 33' 16.57\" E","Northing":"30° 16' 1.56\" N","ID":"63","GlobalID":"{F6BA2EAA-D115-4916-8F05-CFF94A1F3A6B}","sectors":"القطاع الثاني","Distance":"0","I_D":"0","__networkId":"telecom","__networkName":"شبكة الاتصالات","__layerId":"telecom_assets","__layerName":"مرافق الاتصالات","__assetName":"مرافق الاتصالات","__geometryKind":"point","__featureIndex":1142,"__typeValue":"جوينت"},"geometry":{"type":"Point","coordinates":[31.556280281801826,30.267265688021908]}},{"type":"Feature","properties":{"Description":null,"Telecom_Feature_Type":"جوينت","Easting":"031° 33' 15.92\" E","Northing":"30° 16' 3.8\" N","ID":"64","GlobalID":"{DA5EC903-DD57-4074-8B59-99C25E8B2069}","sectors":"القطاع الثاني","Distance":"0","I_D":"0","__networkId":"telecom","__networkName":"شبكة الاتصالات","__layerId":"telecom_assets","__layerName":"مرافق الاتصالات","__assetName":"مرافق الاتصالات","__geometryKind":"point","__featureIndex":1143,"__typeValue":"جوينت"},"geometry":{"type":"Point","coordinates":[31.556099397934542,30.267888782498723]}},{"type":"Feature","properties":{"Description":null,"Telecom_Feature_Type":"جوينت","Easting":"031° 33' 15.31\" E","Northing":"30° 16' 4.93\" N","ID":"65","GlobalID":"{3D864044-8943-4119-95C0-945703C12D42}","sectors":"القطاع الثاني","Distance":"0","I_D":"0","__networkId":"telecom","__networkName":"شبكة الاتصالات","__layerId":"telecom_assets","__layerName":"مرافق الاتصالات","__assetName":"مرافق الاتصالات","__geometryKind":"point","__featureIndex":1144,"__typeValue":"جوينت"},"geometry":{"type":"Point","coordinates":[31.555928653351874,30.268201334535295]}},{"type":"Feature","properties":{"Description":null,"Telecom_Feature_Type":"جوينت","Easting":"031° 33' 13.46\" E","Northing":"30° 16' 9.17\" N","ID":"66","GlobalID":"{23FA47C3-7C10-4C89-B1AC-7770C621E309}","sectors":"القطاع الثالث","Distance":"0","I_D":"0","__networkId":"telecom","__networkName":"شبكة الاتصالات","__layerId":"telecom_assets","__layerName":"مرافق الاتصالات","__assetName":"مرافق الاتصالات","__geometryKind":"point","__featureIndex":1145,"__typeValue":"جوينت"},"geometry":{"type":"Point","coordinates":[31.555416145617638,30.26938060436658]}},{"type":"Feature","properties":{"Description":null,"Telecom_Feature_Type":"جوينت","Easting":"031° 33' 19.94\" E","Northing":"30° 15' 59.2\" N","ID":"67","GlobalID":"{7BA11454-0F16-424B-B8AD-B37C5881D73F}","sectors":"القطاع الثاني","Distance":"0","I_D":"0","__networkId":"telecom","__networkName":"شبكة الاتصالات","__layerId":"telecom_assets","__layerName":"مرافق الاتصالات","__assetName":"مرافق الاتصالات","__geometryKind":"point","__featureIndex":1146,"__typeValue":"جوينت"},"geometry":{"type":"Point","coordinates":[31.557216578754485,30.266610770579614]}},{"type":"Feature","properties":{"Description":null,"Telecom_Feature_Type":"جوينت","Easting":"031° 33' 19.21\" E","Northing":"30° 16' 1.48\" N","ID":"68","GlobalID":"{83478D66-566A-406E-8F92-18F9625C132F}","sectors":"القطاع الثاني","Distance":"0","I_D":"0","__networkId":"telecom","__networkName":"شبكة الاتصالات","__layerId":"telecom_assets","__layerName":"مرافق الاتصالات","__assetName":"مرافق الاتصالات","__geometryKind":"point","__featureIndex":1147,"__typeValue":"جوينت"},"geometry":{"type":"Point","coordinates":[31.55701216351831,30.267244024450182]}},{"type":"Feature","properties":{"Description":null,"Telecom_Feature_Type":"جوينت","Easting":"031° 33' 17.22\" E","Northing":"30° 16' 5.89\" N","ID":"69","GlobalID":"{64F660B5-65B8-4307-B980-0C1D146423BF}","sectors":"القطاع الثاني","Distance":"0","I_D":"0","__networkId":"telecom","__networkName":"شبكة الاتصالات","__layerId":"telecom_assets","__layerName":"مرافق الاتصالات","__assetName":"مرافق الاتصالات","__geometryKind":"point","__featureIndex":1148,"__typeValue":"جوينت"},"geometry":{"type":"Point","coordinates":[31.556461047989817,30.268469367272722]}},{"type":"Feature","properties":{"Description":null,"Telecom_Feature_Type":"جوينت","Easting":"031° 33' 22.15\" E","Northing":"30° 16' 7.53\" N","ID":"70","GlobalID":"{BD89093F-F6F4-4ADC-89C2-7254B232AC8A}","sectors":"القطاع الثاني","Distance":"0","I_D":"0","__networkId":"telecom","__networkName":"شبكة الاتصالات","__layerId":"telecom_assets","__layerName":"مرافق الاتصالات","__assetName":"مرافق الاتصالات","__geometryKind":"point","__featureIndex":1149,"__typeValue":"جوينت"},"geometry":{"type":"Point","coordinates":[31.55782881924818,30.26892343130346]}},{"type":"Feature","properties":{"Description":null,"Telecom_Feature_Type":"جوينت","Easting":"031° 33' 15.73\" E","Northing":"30° 16' 8.98\" N","ID":"71","GlobalID":"{02A228DB-30A4-460D-8CA5-0F93EC792F15}","sectors":"القطاع الثالث","Distance":"0","I_D":"0","__networkId":"telecom","__networkName":"شبكة الاتصالات","__layerId":"telecom_assets","__layerName":"مرافق الاتصالات","__assetName":"مرافق الاتصالات","__geometryKind":"point","__featureIndex":1150,"__typeValue":"جوينت"},"geometry":{"type":"Point","coordinates":[31.55604666503073,30.26932638763085]}},{"type":"Feature","properties":{"Description":null,"Telecom_Feature_Type":"جوينت","Easting":"031° 33' 28.79\" E","Northing":"30° 16' 5.92\" N","ID":"72","GlobalID":"{068C4BC9-9B76-4E53-A6B4-374EA1AB8C08}","sectors":"القطاع الثاني","Distance":"0","I_D":"0","__networkId":"telecom","__networkName":"شبكة الاتصالات","__layerId":"telecom_assets","__layerName":"مرافق الاتصالات","__assetName":"مرافق الاتصالات","__geometryKind":"point","__featureIndex":1151,"__typeValue":"جوينت"},"geometry":{"type":"Point","coordinates":[31.55967337314017,30.268477378706912]}},{"type":"Feature","properties":{"Description":null,"Telecom_Feature_Type":"جوينت","Easting":"031° 33' 41.48\" E","Northing":"30° 16' 11.34\" N","ID":"73","GlobalID":"{4AF337E7-75A8-43FD-8D68-BAE5228CC9BD}","sectors":"القطاع الاول","Distance":"0","I_D":"0","__networkId":"telecom","__networkName":"شبكة الاتصالات","__layerId":"telecom_assets","__layerName":"مرافق الاتصالات","__assetName":"مرافق الاتصالات","__geometryKind":"point","__featureIndex":1152,"__typeValue":"جوينت"},"geometry":{"type":"Point","coordinates":[31.56319928308823,30.269982893719835]}},{"type":"Feature","properties":{"Description":null,"Telecom_Feature_Type":"جوينت","Easting":"031° 33' 41.15\" E","Northing":"30° 16' 7.21\" N","ID":"74","GlobalID":"{F21F7654-F7C0-40E6-A5D2-F881B25DDF8E}","sectors":"القطاع الثاني","Distance":"0","I_D":"0","__networkId":"telecom","__networkName":"شبكة الاتصالات","__layerId":"telecom_assets","__layerName":"مرافق الاتصالات","__assetName":"مرافق الاتصالات","__geometryKind":"point","__featureIndex":1153,"__typeValue":"جوينت"},"geometry":{"type":"Point","coordinates":[31.56310820379989,30.268835301236795]}},{"type":"Feature","properties":{"Description":null,"Telecom_Feature_Type":"جوينت","Easting":"031° 33' 42.49\" E","Northing":"30° 16' 5.52\" N","ID":"75","GlobalID":"{1439E63B-E94E-4DAD-8661-2C869F7AD63F}","sectors":"القطاع الثاني","Distance":"0","I_D":"0","__networkId":"telecom","__networkName":"شبكة الاتصالات","__layerId":"telecom_assets","__layerName":"مرافق الاتصالات","__assetName":"مرافق الاتصالات","__geometryKind":"point","__featureIndex":1154,"__typeValue":"جوينت"},"geometry":{"type":"Point","coordinates":[31.5634804872132,30.268365728303333]}},{"type":"Feature","properties":{"Description":null,"Telecom_Feature_Type":"جوينت","Easting":"031° 33' 4.96\" E","Northing":"30° 16' 21.76\" N","ID":"76","GlobalID":"{861F6FA1-85F1-4F7D-AC92-5D3EC5AA8273}","sectors":"القطاع الثالث","Distance":"0","I_D":"0","__networkId":"telecom","__networkName":"شبكة الاتصالات","__layerId":"telecom_assets","__layerName":"مرافق الاتصالات","__assetName":"مرافق الاتصالات","__geometryKind":"point","__featureIndex":1155,"__typeValue":"جوينت"},"geometry":{"type":"Point","coordinates":[31.553055102658067,30.272876438694617]}},{"type":"Feature","properties":{"Description":null,"Telecom_Feature_Type":"جوينت","Easting":"031° 33' 4.75\" E","Northing":"30° 16' 32.2\" N","ID":"77","GlobalID":"{D009EC10-E84B-4FBB-8139-85A6369E342B}","sectors":"القطاع الخامس","Distance":"0","I_D":"0","__networkId":"telecom","__networkName":"شبكة الاتصالات","__layerId":"telecom_assets","__layerName":"مرافق الاتصالات","__assetName":"مرافق الاتصالات","__geometryKind":"point","__featureIndex":1156,"__typeValue":"جوينت"},"geometry":{"type":"Point","coordinates":[31.55299629265139,30.275777842493707]}},{"type":"Feature","properties":{"Description":null,"Telecom_Feature_Type":"جوينت","Easting":"031° 33' 7.74\" E","Northing":"30° 16' 34.45\" N","ID":"78","GlobalID":"{2E3BF23B-45B7-4308-B0A8-07942CE333CB}","sectors":"القطاع الخامس","Distance":"0","I_D":"0","__networkId":"telecom","__networkName":"شبكة الاتصالات","__layerId":"telecom_assets","__layerName":"مرافق الاتصالات","__assetName":"مرافق الاتصالات","__geometryKind":"point","__featureIndex":1157,"__typeValue":"جوينت"},"geometry":{"type":"Point","coordinates":[31.55382665936739,30.276403252972802]}},{"type":"Feature","properties":{"Description":null,"Telecom_Feature_Type":"جوينت","Easting":"031° 33' 11.68\" E","Northing":"30° 16' 37.59\" N","ID":"79","GlobalID":"{8D8B9E01-5F12-4EB6-9B94-CD7AC309EC83}","sectors":"القطاع الخامس","Distance":"0","I_D":"0","__networkId":"telecom","__networkName":"شبكة الاتصالات","__layerId":"telecom_assets","__layerName":"مرافق الاتصالات","__assetName":"مرافق الاتصالات","__geometryKind":"point","__featureIndex":1158,"__typeValue":"جوينت"},"geometry":{"type":"Point","coordinates":[31.55492112269214,30.277275151038072]}},{"type":"Feature","properties":{"Description":null,"Telecom_Feature_Type":"جوينت","Easting":"031° 33' 6.54\" E","Northing":"30° 16' 30.91\" N","ID":"80","GlobalID":"{FA152198-889C-4A7E-B0CC-B7ACC9DE8643}","sectors":"القطاع الخامس","Distance":"0","I_D":"0","__networkId":"telecom","__networkName":"شبكة الاتصالات","__layerId":"telecom_assets","__layerName":"مرافق الاتصالات","__assetName":"مرافق الاتصالات","__geometryKind":"point","__featureIndex":1159,"__typeValue":"جوينت"},"geometry":{"type":"Point","coordinates":[31.5534925615402,30.275419208271806]}},{"type":"Feature","properties":{"Description":null,"Telecom_Feature_Type":"جوينت","Easting":"031° 33' 10.52\" E","Northing":"30° 16' 34.02\" N","ID":"81","GlobalID":"{DFFD266B-17C7-4F0D-A9E9-A6CD74FAC9DB}","sectors":"القطاع الخامس","Distance":"0","I_D":"0","__networkId":"telecom","__networkName":"شبكة الاتصالات","__layerId":"telecom_assets","__layerName":"مرافق الاتصالات","__assetName":"مرافق الاتصالات","__geometryKind":"point","__featureIndex":1160,"__typeValue":"جوينت"},"geometry":{"type":"Point","coordinates":[31.554598458621868,30.27628309031855]}},{"type":"Feature","properties":{"Description":null,"Telecom_Feature_Type":"جوينت","Easting":"031° 33' 13.41\" E","Northing":"30° 16' 36.37\" N","ID":"82","GlobalID":"{D8DBCEF9-536B-4BBE-B47B-194EACC8497D}","sectors":"القطاع الخامس","Distance":"0","I_D":"0","__networkId":"telecom","__networkName":"شبكة الاتصالات","__layerId":"telecom_assets","__layerName":"مرافق الاتصالات","__assetName":"مرافق الاتصالات","__geometryKind":"point","__featureIndex":1161,"__typeValue":"جوينت"},"geometry":{"type":"Point","coordinates":[31.555400711662735,30.276936424247094]}},{"type":"Feature","properties":{"Description":null,"Telecom_Feature_Type":"جوينت","Easting":"031° 33' 16.33\" E","Northing":"30° 16' 38.59\" N","ID":"83","GlobalID":"{CC5ACBFE-876F-4474-B147-E2605F4EACF4}","sectors":"القطاع الخامس","Distance":"0","I_D":"0","__networkId":"telecom","__networkName":"شبكة الاتصالات","__layerId":"telecom_assets","__layerName":"مرافق الاتصالات","__assetName":"مرافق الاتصالات","__geometryKind":"point","__featureIndex":1162,"__typeValue":"جوينت"},"geometry":{"type":"Point","coordinates":[31.556213209091144,30.27755247610451]}},{"type":"Feature","properties":{"Description":null,"Telecom_Feature_Type":"جوينت","Easting":"031° 33' 9.92\" E","Northing":"30° 16' 22.21\" N","ID":"84","GlobalID":"{5B970074-D989-442B-ACB7-3CFB4CE25B7F}","sectors":"القطاع الثالث","Distance":"0","I_D":"0","__networkId":"telecom","__networkName":"شبكة الاتصالات","__layerId":"telecom_assets","__layerName":"مرافق الاتصالات","__assetName":"مرافق الاتصالات","__geometryKind":"point","__featureIndex":1163,"__typeValue":"جوينت"},"geometry":{"type":"Point","coordinates":[31.554432959302112,30.273003058748056]}},{"type":"Feature","properties":{"Description":null,"Telecom_Feature_Type":"جوينت","Easting":"031° 33' 12.23\" E","Northing":"30° 16' 25.05\" N","ID":"85","GlobalID":"{8EFD7567-9E6E-456F-93F7-8C76BB961136}","sectors":"القطاع الثالث","Distance":"0","I_D":"0","__networkId":"telecom","__networkName":"شبكة الاتصالات","__layerId":"telecom_assets","__layerName":"مرافق الاتصالات","__assetName":"مرافق الاتصالات","__geometryKind":"point","__featureIndex":1164,"__typeValue":"جوينت"},"geometry":{"type":"Point","coordinates":[31.555073857850005,30.273791254026833]}},{"type":"Feature","properties":{"Description":null,"Telecom_Feature_Type":"جوينت","Easting":"031° 33' 16.25\" E","Northing":"30° 16' 28.23\" N","ID":"86","GlobalID":"{09947265-B945-4E5A-9D6D-99A38084A346}","sectors":"القطاع الثالث","Distance":"0","I_D":"0","__networkId":"telecom","__networkName":"شبكة الاتصالات","__layerId":"telecom_assets","__layerName":"مرافق الاتصالات","__assetName":"مرافق الاتصالات","__geometryKind":"point","__featureIndex":1165,"__typeValue":"جوينت"},"geometry":{"type":"Point","coordinates":[31.556191196773437,30.274675344522162]}},{"type":"Feature","properties":{"Description":null,"Telecom_Feature_Type":"جوينت","Easting":"031° 33' 11.64\" E","Northing":"30° 16' 16.32\" N","ID":"87","GlobalID":"{9FC52642-1239-49D3-8C07-2226ED8C23FC}","sectors":"القطاع الثالث","Distance":"0","I_D":"0","__networkId":"telecom","__networkName":"شبكة الاتصالات","__layerId":"telecom_assets","__layerName":"مرافق الاتصالات","__assetName":"مرافق الاتصالات","__geometryKind":"point","__featureIndex":1166,"__typeValue":"جوينت"},"geometry":{"type":"Point","coordinates":[31.554910506402106,30.271367226240855]}},{"type":"Feature","properties":{"Description":null,"Telecom_Feature_Type":"جوينت","Easting":"031° 33' 13.49\" E","Northing":"30° 16' 13.31\" N","ID":"88","GlobalID":"{12FA5BE5-9576-47F9-A4F1-9392DBCDA6AC}","sectors":"القطاع الثالث","Distance":"0","I_D":"0","__networkId":"telecom","__networkName":"شبكة الاتصالات","__layerId":"telecom_assets","__layerName":"مرافق الاتصالات","__assetName":"مرافق الاتصالات","__geometryKind":"point","__featureIndex":1167,"__typeValue":"جوينت"},"geometry":{"type":"Point","coordinates":[31.555425038938967,30.27052908501221]}},{"type":"Feature","properties":{"Description":null,"Telecom_Feature_Type":"جوينت","Easting":"031° 33' 20.53\" E","Northing":"30° 16' 13.84\" N","ID":"89","GlobalID":"{4BAB6EF6-A785-4321-B6CF-B95510B0D209}","sectors":"القطاع الثالث","Distance":"0","I_D":"0","__networkId":"telecom","__networkName":"شبكة الاتصالات","__layerId":"telecom_assets","__layerName":"مرافق الاتصالات","__assetName":"مرافق الاتصالات","__geometryKind":"point","__featureIndex":1168,"__typeValue":"جوينت"},"geometry":{"type":"Point","coordinates":[31.557380260782416,30.270677843394953]}},{"type":"Feature","properties":{"Description":null,"Telecom_Feature_Type":"جوينت","Easting":"031° 33' 13.97\" E","Northing":"30° 16' 23.73\" N","ID":"90","GlobalID":"{A894B8CC-C21B-4D4A-911C-E47E1F438EA4}","sectors":"القطاع الثالث","Distance":"0","I_D":"0","__networkId":"telecom","__networkName":"شبكة الاتصالات","__layerId":"telecom_assets","__layerName":"مرافق الاتصالات","__assetName":"مرافق الاتصالات","__geometryKind":"point","__featureIndex":1169,"__typeValue":"جوينت"},"geometry":{"type":"Point","coordinates":[31.555557974329638,30.27342442540697]}},{"type":"Feature","properties":{"Description":null,"Telecom_Feature_Type":"جوينت","Easting":"031° 33' 17.86\" E","Northing":"30° 16' 27.02\" N","ID":"91","GlobalID":"{9E773933-6FBB-474A-9F03-77EC0E5A289D}","sectors":"القطاع الثالث","Distance":"0","I_D":"0","__networkId":"telecom","__networkName":"شبكة الاتصالات","__layerId":"telecom_assets","__layerName":"مرافق الاتصالات","__assetName":"مرافق الاتصالات","__geometryKind":"point","__featureIndex":1170,"__typeValue":"جوينت"},"geometry":{"type":"Point","coordinates":[31.556637796013558,30.27433753041398]}},{"type":"Feature","properties":{"Description":null,"Telecom_Feature_Type":"جوينت","Easting":"031° 33' 24.64\" E","Northing":"30° 16' 19.83\" N","ID":"92","GlobalID":"{0A6E789D-A36D-47B5-AEDF-1E2AFCBB4A22}","sectors":"القطاع الثالث","Distance":"0","I_D":"0","__networkId":"telecom","__networkName":"شبكة الاتصالات","__layerId":"telecom_assets","__layerName":"مرافق الاتصالات","__assetName":"مرافق الاتصالات","__geometryKind":"point","__featureIndex":1171,"__typeValue":"جوينت"},"geometry":{"type":"Point","coordinates":[31.558520715154728,30.272342024999997]}},{"type":"Feature","properties":{"Description":null,"Telecom_Feature_Type":"جوينت","Easting":"031° 33' 35.38\" E","Northing":"30° 16' 17.71\" N","ID":"93","GlobalID":"{D1D2BCD6-A35D-444A-88CC-F5C84F4F62F3}","sectors":"القطاع الاول","Distance":"0","I_D":"0","__networkId":"telecom","__networkName":"شبكة الاتصالات","__layerId":"telecom_assets","__layerName":"مرافق الاتصالات","__assetName":"مرافق الاتصالات","__geometryKind":"point","__featureIndex":1172,"__typeValue":"جوينت"},"geometry":{"type":"Point","coordinates":[31.56150502632642,30.27175268467253]}},{"type":"Feature","properties":{"Description":null,"Telecom_Feature_Type":"جوينت","Easting":"031° 33' 32.54\" E","Northing":"30° 16' 20.43\" N","ID":"94","GlobalID":"{7656983D-C773-4AB8-9885-94A6FDCD4211}","sectors":"القطاع الاول","Distance":"0","I_D":"0","__networkId":"telecom","__networkName":"شبكة الاتصالات","__layerId":"telecom_assets","__layerName":"مرافق الاتصالات","__assetName":"مرافق الاتصالات","__geometryKind":"point","__featureIndex":1173,"__typeValue":"جوينت"},"geometry":{"type":"Point","coordinates":[31.56071549073498,30.27250737617681]}},{"type":"Feature","properties":{"Description":null,"Telecom_Feature_Type":"جوينت","Easting":"031° 33' 34.31\" E","Northing":"30° 16' 22.37\" N","ID":"95","GlobalID":"{D3D880FA-C292-4CC1-93BB-BF4DFEA526C5}","sectors":"القطاع الاول","Distance":"0","I_D":"0","__networkId":"telecom","__networkName":"شبكة الاتصالات","__layerId":"telecom_assets","__layerName":"مرافق الاتصالات","__assetName":"مرافق الاتصالات","__geometryKind":"point","__featureIndex":1174,"__typeValue":"جوينت"},"geometry":{"type":"Point","coordinates":[31.56120880596317,30.273046319728213]}},{"type":"Feature","properties":{"Description":null,"Telecom_Feature_Type":"جوينت","Easting":"031° 33' 35.18\" E","Northing":"30° 16' 21.52\" N","ID":"96","GlobalID":"{0C96FD00-0370-4B23-8493-E7042B8D5D79}","sectors":"القطاع الاول","Distance":"0","I_D":"0","__networkId":"telecom","__networkName":"شبكة الاتصالات","__layerId":"telecom_assets","__layerName":"مرافق الاتصالات","__assetName":"مرافق الاتصالات","__geometryKind":"point","__featureIndex":1175,"__typeValue":"جوينت"},"geometry":{"type":"Point","coordinates":[31.561449431390113,30.27281038182869]}},{"type":"Feature","properties":{"Description":null,"Telecom_Feature_Type":"جوينت","Easting":"031° 33' 38.11\" E","Northing":"30° 16' 18.74\" N","ID":"97","GlobalID":"{AB3AC7FD-367F-479C-B2D5-1EE04EA71905}","sectors":"القطاع الاول","Distance":"0","I_D":"0","__networkId":"telecom","__networkName":"شبكة الاتصالات","__layerId":"telecom_assets","__layerName":"مرافق الاتصالات","__assetName":"مرافق الاتصالات","__geometryKind":"point","__featureIndex":1176,"__typeValue":"جوينت"},"geometry":{"type":"Point","coordinates":[31.56226448901705,30.272039151343822]}},{"type":"Feature","properties":{"Description":null,"Telecom_Feature_Type":"جوينت","Easting":"031° 33' 27.2\" E","Northing":"30° 16' 21.42\" N","ID":"98","GlobalID":"{CB0FF464-C468-4ECB-A8C5-42EB2E2F4241}","sectors":"القطاع الثالث","Distance":"0","I_D":"0","__networkId":"telecom","__networkName":"شبكة الاتصالات","__layerId":"telecom_assets","__layerName":"مرافق الاتصالات","__assetName":"مرافق الاتصالات","__geometryKind":"point","__featureIndex":1177,"__typeValue":"جوينت"},"geometry":{"type":"Point","coordinates":[31.559232524914496,30.272783089379455]}},{"type":"Feature","properties":{"Description":null,"Telecom_Feature_Type":"جوينت","Easting":"031° 33' 30.11\" E","Northing":"30° 16' 23.77\" N","ID":"99","GlobalID":"{4ACAF5B8-2C85-497F-A4B0-A40047B9E4ED}","sectors":"القطاع الثالث","Distance":"0","I_D":"0","__networkId":"telecom","__networkName":"شبكة الاتصالات","__layerId":"telecom_assets","__layerName":"مرافق الاتصالات","__assetName":"مرافق الاتصالات","__geometryKind":"point","__featureIndex":1178,"__typeValue":"جوينت"},"geometry":{"type":"Point","coordinates":[31.56004043913831,30.27343637290419]}},{"type":"Feature","properties":{"Description":null,"Telecom_Feature_Type":"جوينت","Easting":"031° 33' 33.21\" E","Northing":"30° 16' 26.15\" N","ID":"100","GlobalID":"{82D67ADE-43F6-446C-9028-2F2067820E35}","sectors":"القطاع الثالث","Distance":"0","I_D":"0","__networkId":"telecom","__networkName":"شبكة الاتصالات","__layerId":"telecom_assets","__layerName":"مرافق الاتصالات","__assetName":"مرافق الاتصالات","__geometryKind":"point","__featureIndex":1179,"__typeValue":"جوينت"},"geometry":{"type":"Point","coordinates":[31.56090238702647,30.274095756124712]}},{"type":"Feature","properties":{"Description":null,"Telecom_Feature_Type":"جوينت","Easting":"031° 33' 25.0\" E","Northing":"30° 16' 23.17\" N","ID":"101","GlobalID":"{A28B4C90-6295-4572-862B-184606ACBE18}","sectors":"القطاع الثالث","Distance":"0","I_D":"0","__networkId":"telecom","__networkName":"شبكة الاتصالات","__layerId":"telecom_assets","__layerName":"مرافق الاتصالات","__assetName":"مرافق الاتصالات","__geometryKind":"point","__featureIndex":1180,"__typeValue":"جوينت"},"geometry":{"type":"Point","coordinates":[31.558620476660288,30.273269304867082]}},{"type":"Feature","properties":{"Description":null,"Telecom_Feature_Type":"جوينت","Easting":"031° 33' 28.0\" E","Northing":"30° 16' 25.53\" N","ID":"102","GlobalID":"{3E074939-3141-409E-9A9D-BE6A9BD4749A}","sectors":"القطاع الثالث","Distance":"0","I_D":"0","__networkId":"telecom","__networkName":"شبكة الاتصالات","__layerId":"telecom_assets","__layerName":"مرافق الاتصالات","__assetName":"مرافق الاتصالات","__geometryKind":"point","__featureIndex":1181,"__typeValue":"جوينت"},"geometry":{"type":"Point","coordinates":[31.55945592873916,30.273925959143035]}},{"type":"Feature","properties":{"Description":null,"Telecom_Feature_Type":"جوينت","Easting":"031° 33' 32.06\" E","Northing":"30° 16' 28.74\" N","ID":"103","GlobalID":"{8DFE4FE1-A8ED-49BC-B5B7-B13451EFC1F0}","sectors":"القطاع الثالث","Distance":"0","I_D":"0","__networkId":"telecom","__networkName":"شبكة الاتصالات","__layerId":"telecom_assets","__layerName":"مرافق الاتصالات","__assetName":"مرافق الاتصالات","__geometryKind":"point","__featureIndex":1182,"__typeValue":"جوينت"},"geometry":{"type":"Point","coordinates":[31.560583188656565,30.27481771876531]}},{"type":"Feature","properties":{"Description":null,"Telecom_Feature_Type":"جوينت","Easting":"031° 33' 23.73\" E","Northing":"30° 16' 31.43\" N","ID":"104","GlobalID":"{7E920A7C-454A-4694-B7D2-D817786C265E}","sectors":"القطاع الثالث","Distance":"0","I_D":"0","__networkId":"telecom","__networkName":"شبكة الاتصالات","__layerId":"telecom_assets","__layerName":"مرافق الاتصالات","__assetName":"مرافق الاتصالات","__geometryKind":"point","__featureIndex":1183,"__typeValue":"جوينت"},"geometry":{"type":"Point","coordinates":[31.558268903007555,30.275562708665483]}},{"type":"Feature","properties":{"Description":null,"Telecom_Feature_Type":"جوينت","Easting":"031° 33' 26.61\" E","Northing":"30° 16' 33.82\" N","ID":"105","GlobalID":"{D04650BC-6855-46D1-861B-DE3BA9BF8260}","sectors":"القطاع الثالث","Distance":"0","I_D":"0","__networkId":"telecom","__networkName":"شبكة الاتصالات","__layerId":"telecom_assets","__layerName":"مرافق الاتصالات","__assetName":"مرافق الاتصالات","__geometryKind":"point","__featureIndex":1184,"__typeValue":"جوينت"},"geometry":{"type":"Point","coordinates":[31.559069322586954,30.27622719160493]}},{"type":"Feature","properties":{"Description":null,"Telecom_Feature_Type":"جوينت","Easting":"031° 33' 29.5\" E","Northing":"30° 16' 36.05\" N","ID":"106","GlobalID":"{0E54601E-4FDC-4E10-8163-AE0061E7F76D}","sectors":"القطاع الثالث","Distance":"0","I_D":"0","__networkId":"telecom","__networkName":"شبكة الاتصالات","__layerId":"telecom_assets","__layerName":"مرافق الاتصالات","__assetName":"مرافق الاتصالات","__geometryKind":"point","__featureIndex":1185,"__typeValue":"جوينت"},"geometry":{"type":"Point","coordinates":[31.55987070965192,30.27684717803873]}},{"type":"Feature","properties":{"Description":null,"Telecom_Feature_Type":"جوينت","Easting":"031° 33' 21.94\" E","Northing":"30° 16' 32.69\" N","ID":"107","GlobalID":"{F4773B3E-A5AA-409D-BDA4-D71C6AB204FA}","sectors":"القطاع الثالث","Distance":"0","I_D":"0","__networkId":"telecom","__networkName":"شبكة الاتصالات","__layerId":"telecom_assets","__layerName":"مرافق الاتصالات","__assetName":"مرافق الاتصالات","__geometryKind":"point","__featureIndex":1186,"__typeValue":"جوينت"},"geometry":{"type":"Point","coordinates":[31.557771927144604,30.275913025874395]}},{"type":"Feature","properties":{"Description":null,"Telecom_Feature_Type":"جوينت","Easting":"031° 33' 24.93\" E","Northing":"30° 16' 35.05\" N","ID":"108","GlobalID":"{5267E48E-C840-4C19-81D8-475487D925F8}","sectors":"القطاع الثالث","Distance":"0","I_D":"0","__networkId":"telecom","__networkName":"شبكة الاتصالات","__layerId":"telecom_assets","__layerName":"مرافق الاتصالات","__assetName":"مرافق الاتصالات","__geometryKind":"point","__featureIndex":1187,"__typeValue":"جوينت"},"geometry":{"type":"Point","coordinates":[31.558601637192158,30.276570275334524]}},{"type":"Feature","properties":{"Description":null,"Telecom_Feature_Type":"جوينت","Easting":"031° 33' 28.77\" E","Northing":"30° 16' 38.15\" N","ID":"109","GlobalID":"{93EA0433-4AF5-4E0F-B185-BE8E5F3D6AD4}","sectors":"القطاع الثالث","Distance":"0","I_D":"0","__networkId":"telecom","__networkName":"شبكة الاتصالات","__layerId":"telecom_assets","__layerName":"مرافق الاتصالات","__assetName":"مرافق الاتصالات","__geometryKind":"point","__featureIndex":1188,"__typeValue":"جوينت"},"geometry":{"type":"Point","coordinates":[31.559668320116696,30.277431407970695]}},{"type":"Feature","properties":{"Description":null,"Telecom_Feature_Type":"جوينت","Easting":"031° 33' 44.06\" E","Northing":"30° 16' 21.2\" N","ID":"110","GlobalID":"{FB2093EA-E1DA-4A6B-B852-6B9B6415BE82}","sectors":"القطاع الاول","Distance":"0","I_D":"0","__networkId":"telecom","__networkName":"شبكة الاتصالات","__layerId":"telecom_assets","__layerName":"مرافق الاتصالات","__assetName":"مرافق الاتصالات","__geometryKind":"point","__featureIndex":1189,"__typeValue":"جوينت"},"geometry":{"type":"Point","coordinates":[31.56391622761818,30.272720701289895]}},{"type":"Feature","properties":{"Description":null,"Telecom_Feature_Type":"جوينت","Easting":"031° 33' 31.82\" E","Northing":"30° 16' 40.4\" N","ID":"111","GlobalID":"{C02DB821-9B96-4F30-9F95-E70C2C7FD43D}","sectors":"القطاع الثالث","Distance":"0","I_D":"0","__networkId":"telecom","__networkName":"شبكة الاتصالات","__layerId":"telecom_assets","__layerName":"مرافق الاتصالات","__assetName":"مرافق الاتصالات","__geometryKind":"point","__featureIndex":1190,"__typeValue":"جوينت"},"geometry":{"type":"Point","coordinates":[31.560516878615555,30.278055382038087]}},{"type":"Feature","properties":{"Description":null,"Telecom_Feature_Type":"جوينت","Easting":"031° 33' 55.64\" E","Northing":"30° 16' 13.77\" N","ID":"112","GlobalID":"{7B7680E3-B2C0-4950-A93B-6B761BFCE3AB}","sectors":"القطاع الثاني","Distance":"0","I_D":"0","__networkId":"telecom","__networkName":"شبكة الاتصالات","__layerId":"telecom_assets","__layerName":"مرافق الاتصالات","__assetName":"مرافق الاتصالات","__geometryKind":"point","__featureIndex":1191,"__typeValue":"جوينت"},"geometry":{"type":"Point","coordinates":[31.56713238677818,30.270659075210663]}},{"type":"Feature","properties":{"Description":null,"Telecom_Feature_Type":"جوينت","Easting":"031° 33' 34.91\" E","Northing":"30° 15' 54.19\" N","ID":"113","GlobalID":"{6717F1DC-83E4-42BF-ADFB-F2A10669CB1B}","sectors":"القطاع الثاني","Distance":"0","I_D":"0","__networkId":"telecom","__networkName":"شبكة الاتصالات","__layerId":"telecom_assets","__layerName":"مرافق الاتصالات","__assetName":"مرافق الاتصالات","__geometryKind":"point","__featureIndex":1192,"__typeValue":"جوينت"},"geometry":{"type":"Point","coordinates":[31.561375020341842,30.265218093162005]}},{"type":"Feature","properties":{"Description":null,"Telecom_Feature_Type":"جوينت","Easting":"031° 33' 30.87\" E","Northing":"30° 15' 53.06\" N","ID":"114","GlobalID":"{B4F39C52-7EC0-4E32-9DC6-B1833B437E08}","sectors":"القطاع الثاني","Distance":"0","I_D":"0","__networkId":"telecom","__networkName":"شبكة الاتصالات","__layerId":"telecom_assets","__layerName":"مرافق الاتصالات","__assetName":"مرافق الاتصالات","__geometryKind":"point","__featureIndex":1193,"__typeValue":"جوينت"},"geometry":{"type":"Point","coordinates":[31.56025111203874,30.264906063881273]}},{"type":"Feature","properties":{"Description":null,"Telecom_Feature_Type":"جوينت","Easting":"031° 33' 29.49\" E","Northing":"30° 15' 52.84\" N","ID":"115","GlobalID":"{4C806A57-7D29-49E9-AE67-8A2BEC948225}","sectors":"القطاع الثاني","Distance":"0","I_D":"0","__networkId":"telecom","__networkName":"شبكة الاتصالات","__layerId":"telecom_assets","__layerName":"مرافق الاتصالات","__assetName":"مرافق الاتصالات","__geometryKind":"point","__featureIndex":1194,"__typeValue":"جوينت"},"geometry":{"type":"Point","coordinates":[31.559868351574274,30.26484474305105]}},{"type":"Feature","properties":{"Description":null,"Telecom_Feature_Type":"جوينت","Easting":"031° 33' 26.03\" E","Northing":"30° 15' 52.96\" N","ID":"116","GlobalID":"{4DAF1581-BCEC-4913-A450-47768F65027F}","sectors":"القطاع الثاني","Distance":"0","I_D":"0","__networkId":"telecom","__networkName":"شبكة الاتصالات","__layerId":"telecom_assets","__layerName":"مرافق الاتصالات","__assetName":"مرافق الاتصالات","__geometryKind":"point","__featureIndex":1195,"__typeValue":"جوينت"},"geometry":{"type":"Point","coordinates":[31.558907298849032,30.264878345604526]}},{"type":"Feature","properties":{"Description":null,"Telecom_Feature_Type":"جوينت","Easting":"031° 33' 24.29\" E","Northing":"30° 16' 2.31\" N","ID":"117","GlobalID":"{0DCF0BEF-F52A-4612-87D6-1E6AC99A94D8}","sectors":"القطاع الثاني","Distance":"0","I_D":"0","__networkId":"telecom","__networkName":"شبكة الاتصالات","__layerId":"telecom_assets","__layerName":"مرافق الاتصالات","__assetName":"مرافق الاتصالات","__geometryKind":"point","__featureIndex":1196,"__typeValue":"جوينت"},"geometry":{"type":"Point","coordinates":[31.558422867959045,30.2674736625673]}},{"type":"Feature","properties":{"Description":null,"Telecom_Feature_Type":"جوينت","Easting":"031° 33' 29.07\" E","Northing":"30° 16' 10.39\" N","ID":"118","GlobalID":"{7CD26988-9580-432E-9661-CE641D144A8A}","sectors":"القطاع الاول","Distance":"0","I_D":"0","__networkId":"telecom","__networkName":"شبكة الاتصالات","__layerId":"telecom_assets","__layerName":"مرافق الاتصالات","__assetName":"مرافق الاتصالات","__geometryKind":"point","__featureIndex":1197,"__typeValue":"جوينت"},"geometry":{"type":"Point","coordinates":[31.559752644972434,30.269718470447106]}},{"type":"Feature","properties":{"Description":null,"Telecom_Feature_Type":"جوينت","Easting":"031° 33' 30.15\" E","Northing":"30° 16' 18.31\" N","ID":"119","GlobalID":"{9A5BA2DD-B171-4652-9138-34A56CF9C3B0}","sectors":"القطاع الاول","Distance":"0","I_D":"0","__networkId":"telecom","__networkName":"شبكة الاتصالات","__layerId":"telecom_assets","__layerName":"مرافق الاتصالات","__assetName":"مرافق الاتصالات","__geometryKind":"point","__featureIndex":1198,"__typeValue":"جوينت"},"geometry":{"type":"Point","coordinates":[31.56005138870333,30.27191803529043]}},{"type":"Feature","properties":{"Description":null,"Telecom_Feature_Type":"جوينت","Easting":"031° 33' 40.11\" E","Northing":"30° 16' 4.5\" N","ID":"120","GlobalID":"{F8FC8F35-F7D6-4D3E-BE5F-7E7A23E7739D}","sectors":"القطاع الثاني","Distance":"0","I_D":"0","__networkId":"telecom","__networkName":"شبكة الاتصالات","__layerId":"telecom_assets","__layerName":"مرافق الاتصالات","__assetName":"مرافق الاتصالات","__geometryKind":"point","__featureIndex":1199,"__typeValue":"جوينت"},"geometry":{"type":"Point","coordinates":[31.562819655049154,30.268083141818984]}},{"type":"Feature","properties":{"Description":null,"Telecom_Feature_Type":"جوينت","Easting":"031° 33' 36.49\" E","Northing":"30° 16' 2.98\" N","ID":"121","GlobalID":"{6CD21357-B82C-421F-8706-27F4B9F9DEED}","sectors":"القطاع الثاني","Distance":"0","I_D":"0","__networkId":"telecom","__networkName":"شبكة الاتصالات","__layerId":"telecom_assets","__layerName":"مرافق الاتصالات","__assetName":"مرافق الاتصالات","__geometryKind":"point","__featureIndex":1200,"__typeValue":"جوينت"},"geometry":{"type":"Point","coordinates":[31.56181296880579,30.267660128363527]}},{"type":"Feature","properties":{"Description":null,"Telecom_Feature_Type":"جوينت","Easting":"031° 33' 28.19\" E","Northing":"30° 16' 1.33\" N","ID":"122","GlobalID":"{EF556459-76F3-4140-A18D-22289088F73B}","sectors":"القطاع الثاني","Distance":"0","I_D":"0","__networkId":"telecom","__networkName":"شبكة الاتصالات","__layerId":"telecom_assets","__layerName":"مرافق الاتصالات","__assetName":"مرافق الاتصالات","__geometryKind":"point","__featureIndex":1201,"__typeValue":"جوينت"},"geometry":{"type":"Point","coordinates":[31.559508856577374,30.26720267185792]}},{"type":"Feature","properties":{"Description":null,"Telecom_Feature_Type":"جوينت","Easting":"031° 33' 39.04\" E","Northing":"30° 16' 6.24\" N","ID":"123","GlobalID":"{93056572-0CA4-4503-84F5-2366C4E72A01}","sectors":"القطاع الثاني","Distance":"0","I_D":"0","__networkId":"telecom","__networkName":"شبكة الاتصالات","__layerId":"telecom_assets","__layerName":"مرافق الاتصالات","__assetName":"مرافق الاتصالات","__geometryKind":"point","__featureIndex":1202,"__typeValue":"جوينت"},"geometry":{"type":"Point","coordinates":[31.562522830119722,30.268565904778352]}},{"type":"Feature","properties":{"Description":null,"Telecom_Feature_Type":"جوينت","Easting":"031° 33' 33.88\" E","Northing":"30° 16' 7.26\" N","ID":"124","GlobalID":"{8D62933F-ECE8-4931-8159-4D05D76BBEA3}","sectors":"القطاع الاول","Distance":"0","I_D":"0","__networkId":"telecom","__networkName":"شبكة الاتصالات","__layerId":"telecom_assets","__layerName":"مرافق الاتصالات","__assetName":"مرافق الاتصالات","__geometryKind":"point","__featureIndex":1203,"__typeValue":"جوينت"},"geometry":{"type":"Point","coordinates":[31.561087627722905,30.268848383581968]}},{"type":"Feature","properties":{"Description":null,"Telecom_Feature_Type":"جوينت","Easting":"031° 33' 9.42\" E","Northing":"30° 16' 33.16\" N","ID":"125","GlobalID":"{4D898805-3392-4F96-9F58-B31563248020}","sectors":"القطاع الخامس","Distance":"0","I_D":"0","__networkId":"telecom","__networkName":"شبكة الاتصالات","__layerId":"telecom_assets","__layerName":"مرافق الاتصالات","__assetName":"مرافق الاتصالات","__geometryKind":"point","__featureIndex":1204,"__typeValue":"جوينت"},"geometry":{"type":"Point","coordinates":[31.55429497268459,30.27604431304725]}},{"type":"Feature","properties":{"Description":null,"Telecom_Feature_Type":"جوينت","Easting":"031° 33' 11.37\" E","Northing":"30° 16' 19.81\" N","ID":"126","GlobalID":"{F05A043E-1A6E-4C9D-A1FC-773C3C559C05}","sectors":"القطاع الثالث","Distance":"0","I_D":"0","__networkId":"telecom","__networkName":"شبكة الاتصالات","__layerId":"telecom_assets","__layerName":"مرافق الاتصالات","__assetName":"مرافق الاتصالات","__geometryKind":"point","__featureIndex":1205,"__typeValue":"جوينت"},"geometry":{"type":"Point","coordinates":[31.554834911374293,30.2723361939359]}},{"type":"Feature","properties":{"Description":null,"Telecom_Feature_Type":"جوينت","Easting":"031° 33' 59.4\" E","Northing":"30° 16' 26.91\" N","ID":"127","GlobalID":"{38CF36C2-AFCA-4CBC-B59E-2D37F9B7C8B7}","sectors":"القطاع الاول","Distance":"0","I_D":"0","__networkId":"telecom","__networkName":"شبكة الاتصالات","__layerId":"telecom_assets","__layerName":"مرافق الاتصالات","__assetName":"مرافق الاتصالات","__geometryKind":"point","__featureIndex":1206,"__typeValue":"جوينت"},"geometry":{"type":"Point","coordinates":[31.5681772981335,30.274306781404206]}},{"type":"Feature","properties":{"Description":null,"Telecom_Feature_Type":"جوينت","Easting":"031° 33' 59.63\" E","Northing":"30° 16' 24.98\" N","ID":"128","GlobalID":"{A785441E-CEFE-4BCA-9ECA-DBC2A24CE80F}","sectors":"القطاع الاول","Distance":"0","I_D":"0","__networkId":"telecom","__networkName":"شبكة الاتصالات","__layerId":"telecom_assets","__layerName":"مرافق الاتصالات","__assetName":"مرافق الاتصالات","__geometryKind":"point","__featureIndex":1207,"__typeValue":"جوينت"},"geometry":{"type":"Point","coordinates":[31.568240566478973,30.273772285503355]}},{"type":"Feature","properties":{"Description":null,"Telecom_Feature_Type":"جوينت","Easting":"031° 33' 45.52\" E","Northing":"30° 16' 22.09\" N","ID":"129","GlobalID":"{6520034A-EDC9-4AB8-980E-2123D363E7C7}","sectors":"القطاع الاول","Distance":"0","I_D":"0","__networkId":"telecom","__networkName":"شبكة الاتصالات","__layerId":"telecom_assets","__layerName":"مرافق الاتصالات","__assetName":"مرافق الاتصالات","__geometryKind":"point","__featureIndex":1208,"__typeValue":"جوينت"},"geometry":{"type":"Point","coordinates":[31.56432213766751,30.272967878639886]}},{"type":"Feature","properties":{"Description":null,"Telecom_Feature_Type":"جوينت","Easting":"031° 33' 53.01\" E","Northing":"30° 16' 20.62\" N","ID":"130","GlobalID":"{B5DDE9CD-DA82-4CB3-9247-1B2169EAA67B}","sectors":"القطاع الاول","Distance":"0","I_D":"0","__networkId":"telecom","__networkName":"شبكة الاتصالات","__layerId":"telecom_assets","__layerName":"مرافق الاتصالات","__assetName":"مرافق الاتصالات","__geometryKind":"point","__featureIndex":1209,"__typeValue":"جوينت"},"geometry":{"type":"Point","coordinates":[31.566402563101985,30.2725616252917]}},{"type":"Feature","properties":{"Description":null,"Telecom_Feature_Type":"جوينت","Easting":"031° 33' 56.49\" E","Northing":"30° 16' 32.59\" N","ID":"131","GlobalID":"{BA2F222C-7224-418C-BAC4-A2A529590C21}","sectors":"القطاع الاول","Distance":"0","I_D":"0","__networkId":"telecom","__networkName":"شبكة الاتصالات","__layerId":"telecom_assets","__layerName":"مرافق الاتصالات","__assetName":"مرافق الاتصالات","__geometryKind":"point","__featureIndex":1210,"__typeValue":"جوينت"},"geometry":{"type":"Point","coordinates":[31.567370163647333,30.275884745928717]}},{"type":"Feature","properties":{"Description":null,"Telecom_Feature_Type":"جوينت","Easting":"031° 33' 53.65\" E","Northing":"30° 16' 35.02\" N","ID":"132","GlobalID":"{F31FE392-6611-484A-8A38-CFEFFA15FD98}","sectors":"القطاع الاول","Distance":"0","I_D":"0","__networkId":"telecom","__networkName":"شبكة الاتصالات","__layerId":"telecom_assets","__layerName":"مرافق الاتصالات","__assetName":"مرافق الاتصالات","__geometryKind":"point","__featureIndex":1211,"__typeValue":"جوينت"},"geometry":{"type":"Point","coordinates":[31.566579750401903,30.2765619270936]}},{"type":"Feature","properties":{"Description":null,"Telecom_Feature_Type":"جوينت","Easting":"031° 33' 52.41\" E","Northing":"30° 16' 36.39\" N","ID":"133","GlobalID":"{F1F0741E-4CCC-43F4-A2E9-777E05034DE9}","sectors":"القطاع الاول","Distance":"0","I_D":"0","__networkId":"telecom","__networkName":"شبكة الاتصالات","__layerId":"telecom_assets","__layerName":"مرافق الاتصالات","__assetName":"مرافق الاتصالات","__geometryKind":"point","__featureIndex":1212,"__typeValue":"جوينت"},"geometry":{"type":"Point","coordinates":[31.56623552945975,30.276941942397084]}},{"type":"Feature","properties":{"Description":null,"Telecom_Feature_Type":"جوينت","Easting":"031° 33' 48.52\" E","Northing":"30° 16' 29.72\" N","ID":"134","GlobalID":"{2DD58816-765A-4EB6-A296-289504A6F708}","sectors":"القطاع الاول","Distance":"0","I_D":"0","__networkId":"telecom","__networkName":"شبكة الاتصالات","__layerId":"telecom_assets","__layerName":"مرافق الاتصالات","__assetName":"مرافق الاتصالات","__geometryKind":"point","__featureIndex":1213,"__typeValue":"جوينت"},"geometry":{"type":"Point","coordinates":[31.565155944032767,30.27508996696903]}},{"type":"Feature","properties":{"Description":null,"Telecom_Feature_Type":"جوينت","Easting":"031° 33' 45.43\" E","Northing":"30° 16' 22.39\" N","ID":"135","GlobalID":"{DEE6F4F1-5A42-4698-A421-8F9DEFE15D69}","sectors":"القطاع الاول","Distance":"0","I_D":"0","__networkId":"telecom","__networkName":"شبكة الاتصالات","__layerId":"telecom_assets","__layerName":"مرافق الاتصالات","__assetName":"مرافق الاتصالات","__geometryKind":"point","__featureIndex":1214,"__typeValue":"جوينت"},"geometry":{"type":"Point","coordinates":[31.564297101620536,30.27305287458506]}},{"type":"Feature","properties":{"Description":null,"Telecom_Feature_Type":"جوينت","Easting":"031° 33' 46.45\" E","Northing":"30° 16' 29.39\" N","ID":"136","GlobalID":"{39BBA64F-15CC-43ED-9276-3E33DF057CFF}","sectors":"القطاع الاول","Distance":"0","I_D":"0","__networkId":"telecom","__networkName":"شبكة الاتصالات","__layerId":"telecom_assets","__layerName":"مرافق الاتصالات","__assetName":"مرافق الاتصالات","__geometryKind":"point","__featureIndex":1215,"__typeValue":"جوينت"},"geometry":{"type":"Point","coordinates":[31.56457926424791,30.274996057304698]}},{"type":"Feature","properties":{"Description":null,"Telecom_Feature_Type":"جوينت","Easting":"031° 33' 42.26\" E","Northing":"30° 16' 25.46\" N","ID":"137","GlobalID":"{B95896D8-C22D-4275-8179-1370B1FDB6B2}","sectors":"القطاع الاول","Distance":"0","I_D":"0","__networkId":"telecom","__networkName":"شبكة الاتصالات","__layerId":"telecom_assets","__layerName":"مرافق الاتصالات","__assetName":"مرافق الاتصالات","__geometryKind":"point","__featureIndex":1216,"__typeValue":"جوينت"},"geometry":{"type":"Point","coordinates":[31.563417364394823,30.273906113207023]}},{"type":"Feature","properties":{"Description":null,"Telecom_Feature_Type":"جوينت","Easting":"031° 33' 50.96\" E","Northing":"30° 16' 31.61\" N","ID":"138","GlobalID":"{65605F5E-8D50-4092-9D8A-E53A30848F01}","sectors":"القطاع الاول","Distance":"0","I_D":"0","__networkId":"telecom","__networkName":"شبكة الاتصالات","__layerId":"telecom_assets","__layerName":"مرافق الاتصالات","__assetName":"مرافق الاتصالات","__geometryKind":"point","__featureIndex":1217,"__typeValue":"جوينت"},"geometry":{"type":"Point","coordinates":[31.565832731174563,30.275613572077216]}},{"type":"Feature","properties":{"Description":null,"Telecom_Feature_Type":"جوينت","Easting":"031° 33' 43.44\" E","Northing":"30° 16' 14.29\" N","ID":"139","GlobalID":"{41630A3D-6A41-48A1-A838-2F4219FCD743}","sectors":"القطاع الاول","Distance":"0","I_D":"0","__networkId":"telecom","__networkName":"شبكة الاتصالات","__layerId":"telecom_assets","__layerName":"مرافق الاتصالات","__assetName":"مرافق الاتصالات","__geometryKind":"point","__featureIndex":1218,"__typeValue":"جوينت"},"geometry":{"type":"Point","coordinates":[31.56374400800181,30.270801884314643]}},{"type":"Feature","properties":{"Description":null,"Telecom_Feature_Type":"جوينت","Easting":"031° 33' 44.4\" E","Northing":"30° 16' 13.52\" N","ID":"140","GlobalID":"{F4CDDF4F-5565-4B9B-816C-DED392706966}","sectors":"القطاع الاول","Distance":"0","I_D":"0","__networkId":"telecom","__networkName":"شبكة الاتصالات","__layerId":"telecom_assets","__layerName":"مرافق الاتصالات","__assetName":"مرافق الاتصالات","__geometryKind":"point","__featureIndex":1219,"__typeValue":"جوينت"},"geometry":{"type":"Point","coordinates":[31.564010106955248,30.270587255509586]}},{"type":"Feature","properties":{"Description":null,"Telecom_Feature_Type":"كونيكتور","Easting":"031° 33' 37.95\" E","Northing":"30° 16' 43.78\" N","ID":"1","GlobalID":"{963B48B4-9E59-42B0-90A4-06C9AD003E76}","sectors":"القطاع الثالث","Distance":"0","I_D":"0","__networkId":"telecom","__networkName":"شبكة الاتصالات","__layerId":"telecom_assets","__layerName":"مرافق الاتصالات","__assetName":"مرافق الاتصالات","__geometryKind":"point","__featureIndex":1220,"__typeValue":"كونيكتور"},"geometry":{"type":"Point","coordinates":[31.562218401849726,30.278994900740113]}},{"type":"Feature","properties":{"Description":null,"Telecom_Feature_Type":"كونيكتور","Easting":"031° 33' 38.41\" E","Northing":"30° 16' 44.63\" N","ID":"2","GlobalID":"{1189622D-F9E5-49C8-832D-00DC40B91682}","sectors":"القطاع الثالث","Distance":"0","I_D":"0","__networkId":"telecom","__networkName":"شبكة الاتصالات","__layerId":"telecom_assets","__layerName":"مرافق الاتصالات","__assetName":"مرافق الاتصالات","__geometryKind":"point","__featureIndex":1221,"__typeValue":"كونيكتور"},"geometry":{"type":"Point","coordinates":[31.562347139413095,30.279231652290296]}},{"type":"Feature","properties":{"Description":null,"Telecom_Feature_Type":"كونيكتور","Easting":"031° 33' 33.8\" E","Northing":"30° 16' 41.9\" N","ID":"3","GlobalID":"{3EC469C0-84B4-45B0-9962-E1741832AF9C}","sectors":"القطاع الثالث","Distance":"0","I_D":"0","__networkId":"telecom","__networkName":"شبكة الاتصالات","__layerId":"telecom_assets","__layerName":"مرافق الاتصالات","__assetName":"مرافق الاتصالات","__geometryKind":"point","__featureIndex":1222,"__typeValue":"كونيكتور"},"geometry":{"type":"Point","coordinates":[31.561065398012865,30.27847132298127]}},{"type":"Feature","properties":{"Description":null,"Telecom_Feature_Type":"كونيكتور","Easting":"031° 33' 33.4\" E","Northing":"30° 16' 43.07\" N","ID":"4","GlobalID":"{27F96EA5-C3DB-4170-A080-0AB7F3362F91}","sectors":"القطاع الثالث","Distance":"0","I_D":"0","__networkId":"telecom","__networkName":"شبكة الاتصالات","__layerId":"telecom_assets","__layerName":"مرافق الاتصالات","__assetName":"مرافق الاتصالات","__geometryKind":"point","__featureIndex":1223,"__typeValue":"كونيكتور"},"geometry":{"type":"Point","coordinates":[31.56095608561923,30.278798279161336]}},{"type":"Feature","properties":{"Description":null,"Telecom_Feature_Type":"كونيكتور","Easting":"031° 33' 36.93\" E","Northing":"30° 16' 39.83\" N","ID":"5","GlobalID":"{10356446-3F09-47AE-B2DB-F5E96064A0D4}","sectors":"القطاع الثالث","Distance":"0","I_D":"0","__networkId":"telecom","__networkName":"شبكة الاتصالات","__layerId":"telecom_assets","__layerName":"مرافق الاتصالات","__assetName":"مرافق الاتصالات","__geometryKind":"point","__featureIndex":1224,"__typeValue":"كونيكتور"},"geometry":{"type":"Point","coordinates":[31.56193543882344,30.277897957780027]}},{"type":"Feature","properties":{"Description":null,"Telecom_Feature_Type":"كونيكتور","Easting":"031° 33' 27.03\" E","Northing":"30° 16' 39.85\" N","ID":"6","GlobalID":"{44980DD6-D77F-4F55-B29A-FCEA4194FC75}","sectors":"القطاع الثالث","Distance":"0","I_D":"0","__networkId":"telecom","__networkName":"شبكة الاتصالات","__layerId":"telecom_assets","__layerName":"مرافق الاتصالات","__assetName":"مرافق الاتصالات","__geometryKind":"point","__featureIndex":1225,"__typeValue":"كونيكتور"},"geometry":{"type":"Point","coordinates":[31.559185283412038,30.27790343165671]}},{"type":"Feature","properties":{"Description":null,"Telecom_Feature_Type":"كونيكتور","Easting":"031° 33' 31.93\" E","Northing":"30° 16' 40.71\" N","ID":"7","GlobalID":"{49D48248-626E-4699-9925-77E4E0C3215C}","sectors":"القطاع الثالث","Distance":"0","I_D":"0","__networkId":"telecom","__networkName":"شبكة الاتصالات","__layerId":"telecom_assets","__layerName":"مرافق الاتصالات","__assetName":"مرافق الاتصالات","__geometryKind":"point","__featureIndex":1226,"__typeValue":"كونيكتور"},"geometry":{"type":"Point","coordinates":[31.56054643678168,30.2781426853848]}},{"type":"Feature","properties":{"Description":null,"Telecom_Feature_Type":"كونيكتور","Easting":"031° 33' 31.08\" E","Northing":"30° 16' 41.7\" N","ID":"8","GlobalID":"{A2F6B6B1-5D29-417D-8D9D-B6703DEA39B3}","sectors":"القطاع الثالث","Distance":"0","I_D":"0","__networkId":"telecom","__networkName":"شبكة الاتصالات","__layerId":"telecom_assets","__layerName":"مرافق الاتصالات","__assetName":"مرافق الاتصالات","__geometryKind":"point","__featureIndex":1227,"__typeValue":"كونيكتور"},"geometry":{"type":"Point","coordinates":[31.560310686511748,30.278415219934413]}},{"type":"Feature","properties":{"Description":null,"Telecom_Feature_Type":"كونيكتور","Easting":"031° 33' 28.85\" E","Northing":"30° 16' 42.24\" N","ID":"9","GlobalID":"{12BA52CA-3709-403F-87BD-7646B09FAECB}","sectors":"القطاع الثالث","Distance":"0","I_D":"0","__networkId":"telecom","__networkName":"شبكة الاتصالات","__layerId":"telecom_assets","__layerName":"مرافق الاتصالات","__assetName":"مرافق الاتصالات","__geometryKind":"point","__featureIndex":1228,"__typeValue":"كونيكتور"},"geometry":{"type":"Point","coordinates":[31.559691935028894,30.27856585769469]}},{"type":"Feature","properties":{"Description":null,"Telecom_Feature_Type":"كونيكتور","Easting":"031° 33' 26.68\" E","Northing":"30° 16' 46.1\" N","ID":"10","GlobalID":"{4FECE9E3-8354-4CE2-B29C-57F451E98C06}","sectors":"القطاع الخامس","Distance":"0","I_D":"0","__networkId":"telecom","__networkName":"شبكة الاتصالات","__layerId":"telecom_assets","__layerName":"مرافق الاتصالات","__assetName":"مرافق الاتصالات","__geometryKind":"point","__featureIndex":1229,"__typeValue":"كونيكتور"},"geometry":{"type":"Point","coordinates":[31.559086849616452,30.279638617331457]}},{"type":"Feature","properties":{"Description":null,"Telecom_Feature_Type":"كونيكتور","Easting":"031° 33' 28.05\" E","Northing":"30° 16' 44.32\" N","ID":"11","GlobalID":"{5DE53D9C-DB5E-4093-816C-02C3493F5D94}","sectors":"القطاع الخامس","Distance":"0","I_D":"0","__networkId":"telecom","__networkName":"شبكة الاتصالات","__layerId":"telecom_assets","__layerName":"مرافق الاتصالات","__assetName":"مرافق الاتصالات","__geometryKind":"point","__featureIndex":1230,"__typeValue":"كونيكتور"},"geometry":{"type":"Point","coordinates":[31.55946800658813,30.279144160625357]}},{"type":"Feature","properties":{"Description":null,"Telecom_Feature_Type":"كونيكتور","Easting":"031° 33' 27.59\" E","Northing":"30° 16' 43.4\" N","ID":"12","GlobalID":"{A68098BD-8BB9-44B3-8367-E1E12C5CA697}","sectors":"القطاع الخامس","Distance":"0","I_D":"0","__networkId":"telecom","__networkName":"شبكة الاتصالات","__layerId":"telecom_assets","__layerName":"مرافق الاتصالات","__assetName":"مرافق الاتصالات","__geometryKind":"point","__featureIndex":1231,"__typeValue":"كونيكتور"},"geometry":{"type":"Point","coordinates":[31.559341171656545,30.27888739249055]}},{"type":"Feature","properties":{"Description":null,"Telecom_Feature_Type":"كونيكتور","Easting":"031° 33' 24.5\" E","Northing":"30° 16' 42.74\" N","ID":"13","GlobalID":"{5FF985A5-6A1C-4187-9D44-9FF087FBAE0B}","sectors":"القطاع الخامس","Distance":"0","I_D":"0","__networkId":"telecom","__networkName":"شبكة الاتصالات","__layerId":"telecom_assets","__layerName":"مرافق الاتصالات","__assetName":"مرافق الاتصالات","__geometryKind":"point","__featureIndex":1232,"__typeValue":"كونيكتور"},"geometry":{"type":"Point","coordinates":[31.55848389500786,30.27870451113238]}},{"type":"Feature","properties":{"Description":null,"Telecom_Feature_Type":"كونيكتور","Easting":"031° 33' 22.39\" E","Northing":"30° 16' 39.23\" N","ID":"14","GlobalID":"{9B6A0E9D-71CB-48A5-A935-CEE007FA36D3}","sectors":"القطاع الخامس","Distance":"0","I_D":"0","__networkId":"telecom","__networkName":"شبكة الاتصالات","__layerId":"telecom_assets","__layerName":"مرافق الاتصالات","__assetName":"مرافق الاتصالات","__geometryKind":"point","__featureIndex":1233,"__typeValue":"كونيكتور"},"geometry":{"type":"Point","coordinates":[31.557896370760915,30.277730791831694]}},{"type":"Feature","properties":{"Description":null,"Telecom_Feature_Type":"كونيكتور","Easting":"031° 33' 19.12\" E","Northing":"30° 16' 40.57\" N","ID":"15","GlobalID":"{55EA4D29-A022-4183-92A6-66C3D007B6F7}","sectors":"القطاع الخامس","Distance":"0","I_D":"0","__networkId":"telecom","__networkName":"شبكة الاتصالات","__layerId":"telecom_assets","__layerName":"مرافق الاتصالات","__assetName":"مرافق الاتصالات","__geometryKind":"point","__featureIndex":1234,"__typeValue":"كونيكتور"},"geometry":{"type":"Point","coordinates":[31.55698687594308,30.27810296263157]}},{"type":"Feature","properties":{"Description":null,"Telecom_Feature_Type":"كونيكتور","Easting":"031° 33' 20.07\" E","Northing":"30° 16' 39.66\" N","ID":"16","GlobalID":"{64A9C138-FD0F-4985-8369-1DB0D4F11678}","sectors":"القطاع الخامس","Distance":"0","I_D":"0","__networkId":"telecom","__networkName":"شبكة الاتصالات","__layerId":"telecom_assets","__layerName":"مرافق الاتصالات","__assetName":"مرافق الاتصالات","__geometryKind":"point","__featureIndex":1235,"__typeValue":"كونيكتور"},"geometry":{"type":"Point","coordinates":[31.557251174672704,30.27784912886266]}},{"type":"Feature","properties":{"Description":null,"Telecom_Feature_Type":"كونيكتور","Easting":"031° 33' 21.01\" E","Northing":"30° 16' 39.2\" N","ID":"17","GlobalID":"{E8C30344-1C79-42FF-9DE7-02C60F9BB987}","sectors":"القطاع الخامس","Distance":"0","I_D":"0","__networkId":"telecom","__networkName":"شبكة الاتصالات","__layerId":"telecom_assets","__layerName":"مرافق الاتصالات","__assetName":"مرافق الاتصالات","__geometryKind":"point","__featureIndex":1236,"__typeValue":"كونيكتور"},"geometry":{"type":"Point","coordinates":[31.55751287816948,30.277720800592544]}},{"type":"Feature","properties":{"Description":null,"Telecom_Feature_Type":"كونيكتور","Easting":"031° 33' 24.61\" E","Northing":"30° 16' 47.78\" N","ID":"18","GlobalID":"{F7E8907B-F0D1-4110-AA19-F90E0832131A}","sectors":"القطاع الخامس","Distance":"0","I_D":"0","__networkId":"telecom","__networkName":"شبكة الاتصالات","__layerId":"telecom_assets","__layerName":"مرافق الاتصالات","__assetName":"مرافق الاتصالات","__geometryKind":"point","__featureIndex":1237,"__typeValue":"كونيكتور"},"geometry":{"type":"Point","coordinates":[31.558513555581925,30.280104070585125]}},{"type":"Feature","properties":{"Description":null,"Telecom_Feature_Type":"كونيكتور","Easting":"031° 33' 22.68\" E","Northing":"30° 16' 49.18\" N","ID":"19","GlobalID":"{C88C3280-5911-40C6-A570-71ADF796098E}","sectors":"القطاع الخامس","Distance":"0","I_D":"0","__networkId":"telecom","__networkName":"شبكة الاتصالات","__layerId":"telecom_assets","__layerName":"مرافق الاتصالات","__assetName":"مرافق الاتصالات","__geometryKind":"point","__featureIndex":1238,"__typeValue":"كونيكتور"},"geometry":{"type":"Point","coordinates":[31.55797690652276,30.280495126691154]}},{"type":"Feature","properties":{"Description":null,"Telecom_Feature_Type":"كونيكتور","Easting":"031° 33' 19.74\" E","Northing":"30° 16' 46.89\" N","ID":"20","GlobalID":"{E2F3590C-B446-4A37-AFD5-AF941BA0E827}","sectors":"القطاع الخامس","Distance":"0","I_D":"0","__networkId":"telecom","__networkName":"شبكة الاتصالات","__layerId":"telecom_assets","__layerName":"مرافق الاتصالات","__assetName":"مرافق الاتصالات","__geometryKind":"point","__featureIndex":1239,"__typeValue":"كونيكتور"},"geometry":{"type":"Point","coordinates":[31.557161399738142,30.27985834558891]}},{"type":"Feature","properties":{"Description":null,"Telecom_Feature_Type":"كونيكتور","Easting":"031° 33' 18.74\" E","Northing":"30° 16' 43.19\" N","ID":"21","GlobalID":"{D621B68A-E03A-4355-97DC-CBD9F2814B22}","sectors":"القطاع الخامس","Distance":"0","I_D":"0","__networkId":"telecom","__networkName":"شبكة الاتصالات","__layerId":"telecom_assets","__layerName":"مرافق الاتصالات","__assetName":"مرافق الاتصالات","__geometryKind":"point","__featureIndex":1240,"__typeValue":"كونيكتور"},"geometry":{"type":"Point","coordinates":[31.556882970509108,30.27882998871725]}},{"type":"Feature","properties":{"Description":null,"Telecom_Feature_Type":"كونيكتور","Easting":"031° 33' 17.81\" E","Northing":"30° 16' 44.1\" N","ID":"22","GlobalID":"{BB988475-0DE4-448D-B6FF-E159E377AA70}","sectors":"القطاع الخامس","Distance":"0","I_D":"0","__networkId":"telecom","__networkName":"شبكة الاتصالات","__layerId":"telecom_assets","__layerName":"مرافق الاتصالات","__assetName":"مرافق الاتصالات","__geometryKind":"point","__featureIndex":1241,"__typeValue":"كونيكتور"},"geometry":{"type":"Point","coordinates":[31.556623596343872,30.279083248984755]}},{"type":"Feature","properties":{"Description":null,"Telecom_Feature_Type":"كونيكتور","Easting":"031° 33' 16.81\" E","Northing":"30° 16' 44.6\" N","ID":"23","GlobalID":"{7070F90B-7F0B-422A-9E30-F7154683C132}","sectors":"القطاع الخامس","Distance":"0","I_D":"0","__networkId":"telecom","__networkName":"شبكة الاتصالات","__layerId":"telecom_assets","__layerName":"مرافق الاتصالات","__assetName":"مرافق الاتصالات","__geometryKind":"point","__featureIndex":1242,"__typeValue":"كونيكتور"},"geometry":{"type":"Point","coordinates":[31.556346322348276,30.27922103671255]}},{"type":"Feature","properties":{"Description":null,"Telecom_Feature_Type":"كونيكتور","Easting":"031° 33' 18.46\" E","Northing":"30° 16' 46.91\" N","ID":"24","GlobalID":"{E7236197-CC9E-4D61-B5F3-A562E54C025E}","sectors":"القطاع الخامس","Distance":"0","I_D":"0","__networkId":"telecom","__networkName":"شبكة الاتصالات","__layerId":"telecom_assets","__layerName":"مرافق الاتصالات","__assetName":"مرافق الاتصالات","__geometryKind":"point","__featureIndex":1243,"__typeValue":"كونيكتور"},"geometry":{"type":"Point","coordinates":[31.55680348757276,30.279863180129453]}},{"type":"Feature","properties":{"Description":null,"Telecom_Feature_Type":"كونيكتور","Easting":"031° 33' 14.88\" E","Northing":"30° 16' 41.81\" N","ID":"25","GlobalID":"{2415DB4D-FDEF-46A2-94B7-C41A2EED1D18}","sectors":"القطاع الخامس","Distance":"0","I_D":"0","__networkId":"telecom","__networkName":"شبكة الاتصالات","__layerId":"telecom_assets","__layerName":"مرافق الاتصالات","__assetName":"مرافق الاتصالات","__geometryKind":"point","__featureIndex":1244,"__typeValue":"كونيكتور"},"geometry":{"type":"Point","coordinates":[31.55581070545337,30.27844774882917]}},{"type":"Feature","properties":{"Description":null,"Telecom_Feature_Type":"كونيكتور","Easting":"031° 33' 13.88\" E","Northing":"30° 16' 42.31\" N","ID":"26","GlobalID":"{BF07BA20-76EC-4EB6-9E12-E80AF930A002}","sectors":"القطاع الخامس","Distance":"0","I_D":"0","__networkId":"telecom","__networkName":"شبكة الاتصالات","__layerId":"telecom_assets","__layerName":"مرافق الاتصالات","__assetName":"مرافق الاتصالات","__geometryKind":"point","__featureIndex":1245,"__typeValue":"كونيكتور"},"geometry":{"type":"Point","coordinates":[31.555533431457775,30.278585536673535]}},{"type":"Feature","properties":{"Description":null,"Telecom_Feature_Type":"كونيكتور","Easting":"031° 33' 9.87\" E","Northing":"30° 16' 39.21\" N","ID":"27","GlobalID":"{4EA4EE1C-A0E0-43C8-B341-356D12FE826E}","sectors":"القطاع الخامس","Distance":"0","I_D":"0","__networkId":"telecom","__networkName":"شبكة الاتصالات","__layerId":"telecom_assets","__layerName":"مرافق الاتصالات","__assetName":"مرافق الاتصالات","__geometryKind":"point","__featureIndex":1246,"__typeValue":"كونيكتور"},"geometry":{"type":"Point","coordinates":[31.55441828352533,30.277725795048557]}},{"type":"Feature","properties":{"Description":null,"Telecom_Feature_Type":"كونيكتور","Easting":"031° 33' 44.17\" E","Northing":"30° 15' 53.67\" N","ID":"28","GlobalID":"{7F3070B0-ADF8-4919-BE20-D13FDFDC2B29}","sectors":"القطاع الثاني","Distance":"0","I_D":"0","__networkId":"telecom","__networkName":"شبكة الاتصالات","__layerId":"telecom_assets","__layerName":"مرافق الاتصالات","__assetName":"مرافق الاتصالات","__geometryKind":"point","__featureIndex":1247,"__typeValue":"كونيكتور"},"geometry":{"type":"Point","coordinates":[31.56394583698824,30.265075144036327]}},{"type":"Feature","properties":{"Description":null,"Telecom_Feature_Type":"كونيكتور","Easting":"031° 33' 43.32\" E","Northing":"30° 15' 55.29\" N","ID":"29","GlobalID":"{4B7D2FEA-A9DF-43AD-93E2-ED7B67F3D077}","sectors":"القطاع الثاني","Distance":"0","I_D":"0","__networkId":"telecom","__networkName":"شبكة الاتصالات","__layerId":"telecom_assets","__layerName":"مرافق الاتصالات","__assetName":"مرافق الاتصالات","__geometryKind":"point","__featureIndex":1248,"__typeValue":"كونيكتور"},"geometry":{"type":"Point","coordinates":[31.56370943813471,30.265523246431847]}},{"type":"Feature","properties":{"Description":null,"Telecom_Feature_Type":"كونيكتور","Easting":"031° 33' 42.8\" E","Northing":"30° 15' 56.42\" N","ID":"30","GlobalID":"{73F89488-A885-48BC-BD66-BC66D0679EBB}","sectors":"القطاع الثاني","Distance":"0","I_D":"0","__networkId":"telecom","__networkName":"شبكة الاتصالات","__layerId":"telecom_assets","__layerName":"مرافق الاتصالات","__assetName":"مرافق الاتصالات","__geometryKind":"point","__featureIndex":1249,"__typeValue":"كونيكتور"},"geometry":{"type":"Point","coordinates":[31.563565587315,30.265839484405888]}},{"type":"Feature","properties":{"Description":null,"Telecom_Feature_Type":"كونيكتور","Easting":"031° 33' 47.96\" E","Northing":"30° 15' 55.37\" N","ID":"31","GlobalID":"{01674C17-BA1E-4BAE-9C73-4D2151F5BC7F}","sectors":"القطاع الثاني","Distance":"0","I_D":"0","__networkId":"telecom","__networkName":"شبكة الاتصالات","__layerId":"telecom_assets","__layerName":"مرافق الاتصالات","__assetName":"مرافق الاتصالات","__geometryKind":"point","__featureIndex":1250,"__typeValue":"كونيكتور"},"geometry":{"type":"Point","coordinates":[31.56499930210173,30.26554563039416]}},{"type":"Feature","properties":{"Description":null,"Telecom_Feature_Type":"كونيكتور","Easting":"031° 33' 47.11\" E","Northing":"30° 15' 56.0\" N","ID":"32","GlobalID":"{178C6A2F-F1E8-4B7E-BADC-C90F521AD242}","sectors":"القطاع الثاني","Distance":"0","I_D":"0","__networkId":"telecom","__networkName":"شبكة الاتصالات","__layerId":"telecom_assets","__layerName":"مرافق الاتصالات","__assetName":"مرافق الاتصالات","__geometryKind":"point","__featureIndex":1251,"__typeValue":"كونيكتور"},"geometry":{"type":"Point","coordinates":[31.564763078419656,30.265720827978072]}},{"type":"Feature","properties":{"Description":null,"Telecom_Feature_Type":"كونيكتور","Easting":"031° 33' 46.96\" E","Northing":"30° 15' 56.93\" N","ID":"33","GlobalID":"{3CDA28AD-64D1-467F-A80C-E53AB56AF21A}","sectors":"القطاع الثاني","Distance":"0","I_D":"0","__networkId":"telecom","__networkName":"شبكة الاتصالات","__layerId":"telecom_assets","__layerName":"مرافق الاتصالات","__assetName":"مرافق الاتصالات","__geometryKind":"point","__featureIndex":1252,"__typeValue":"كونيكتور"},"geometry":{"type":"Point","coordinates":[31.564722110751124,30.265979889115673]}},{"type":"Feature","properties":{"Description":null,"Telecom_Feature_Type":"كونيكتور","Easting":"031° 33' 46.34\" E","Northing":"30° 15' 58.02\" N","ID":"34","GlobalID":"{68A10193-6908-4105-A035-07A38E270881}","sectors":"القطاع الثاني","Distance":"0","I_D":"0","__networkId":"telecom","__networkName":"شبكة الاتصالات","__layerId":"telecom_assets","__layerName":"مرافق الاتصالات","__assetName":"مرافق الاتصالات","__geometryKind":"point","__featureIndex":1253,"__typeValue":"كونيكتور"},"geometry":{"type":"Point","coordinates":[31.56454810797891,30.26628309026166]}},{"type":"Feature","properties":{"Description":null,"Telecom_Feature_Type":"كونيكتور","Easting":"031° 33' 46.24\" E","Northing":"30° 15' 55.57\" N","ID":"35","GlobalID":"{B3CD061A-05E2-4287-9F2C-275B5B7C5ED0}","sectors":"القطاع الثاني","Distance":"0","I_D":"0","__networkId":"telecom","__networkName":"شبكة الاتصالات","__layerId":"telecom_assets","__layerName":"مرافق الاتصالات","__assetName":"مرافق الاتصالات","__geometryKind":"point","__featureIndex":1254,"__typeValue":"كونيكتور"},"geometry":{"type":"Point","coordinates":[31.564520756075154,30.265601926230833]}},{"type":"Feature","properties":{"Description":null,"Telecom_Feature_Type":"كونيكتور","Easting":"031° 33' 45.44\" E","Northing":"30° 15' 56.19\" N","ID":"36","GlobalID":"{0EE10B74-9DF7-4482-8E02-9AEC9130647F}","sectors":"القطاع الثاني","Distance":"0","I_D":"0","__networkId":"telecom","__networkName":"شبكة الاتصالات","__layerId":"telecom_assets","__layerName":"مرافق الاتصالات","__assetName":"مرافق الاتصالات","__geometryKind":"point","__featureIndex":1255,"__typeValue":"كونيكتور"},"geometry":{"type":"Point","coordinates":[31.564297965799845,30.265773360735004]}},{"type":"Feature","properties":{"Description":null,"Telecom_Feature_Type":"كونيكتور","Easting":"031° 33' 43.63\" E","Northing":"30° 16' 2.03\" N","ID":"37","GlobalID":"{34D0FB82-22F9-4237-BC92-B264883E0599}","sectors":"القطاع الثاني","Distance":"0","I_D":"0","__networkId":"telecom","__networkName":"شبكة الاتصالات","__layerId":"telecom_assets","__layerName":"مرافق الاتصالات","__assetName":"مرافق الاتصالات","__geometryKind":"point","__featureIndex":1256,"__typeValue":"كونيكتور"},"geometry":{"type":"Point","coordinates":[31.56379732750549,30.267395867971878]}},{"type":"Feature","properties":{"Description":null,"Telecom_Feature_Type":"كونيكتور","Easting":"031° 33' 44.46\" E","Northing":"30° 16' 1.4\" N","ID":"38","GlobalID":"{1692ECAD-DE75-4E39-9C50-8A2D134A2EE3}","sectors":"القطاع الثاني","Distance":"0","I_D":"0","__networkId":"telecom","__networkName":"شبكة الاتصالات","__layerId":"telecom_assets","__layerName":"مرافق الاتصالات","__assetName":"مرافق الاتصالات","__geometryKind":"point","__featureIndex":1257,"__typeValue":"كونيكتور"},"geometry":{"type":"Point","coordinates":[31.5640259667116,30.26722178130585]}},{"type":"Feature","properties":{"Description":null,"Telecom_Feature_Type":"كونيكتور","Easting":"031° 33' 49.34\" E","Northing":"30° 15' 59.46\" N","ID":"39","GlobalID":"{07048939-7B22-410F-B086-157F43D4E736}","sectors":"القطاع الثاني","Distance":"0","I_D":"0","__networkId":"telecom","__networkName":"شبكة الاتصالات","__layerId":"telecom_assets","__layerName":"مرافق الاتصالات","__assetName":"مرافق الاتصالات","__geometryKind":"point","__featureIndex":1258,"__typeValue":"كونيكتور"},"geometry":{"type":"Point","coordinates":[31.565383891536115,30.266683441985897]}},{"type":"Feature","properties":{"Description":null,"Telecom_Feature_Type":"كونيكتور","Easting":"031° 33' 51.32\" E","Northing":"30° 15' 57.28\" N","ID":"40","GlobalID":"{2315EF44-6537-45AA-861D-4744434F09AE}","sectors":"القطاع الثاني","Distance":"0","I_D":"0","__networkId":"telecom","__networkName":"شبكة الاتصالات","__layerId":"telecom_assets","__layerName":"مرافق الاتصالات","__assetName":"مرافق الاتصالات","__geometryKind":"point","__featureIndex":1259,"__typeValue":"كونيكتور"},"geometry":{"type":"Point","coordinates":[31.565932882548967,30.266077988567115]}},{"type":"Feature","properties":{"Description":null,"Telecom_Feature_Type":"كونيكتور","Easting":"031° 33' 52.4\" E","Northing":"30° 15' 57.57\" N","ID":"41","GlobalID":"{BA37FCF1-BB02-4CCB-948A-1AADB955DF2B}","sectors":"القطاع الثاني","Distance":"0","I_D":"0","__networkId":"telecom","__networkName":"شبكة الاتصالات","__layerId":"telecom_assets","__layerName":"مرافق الاتصالات","__assetName":"مرافق الاتصالات","__geometryKind":"point","__featureIndex":1260,"__typeValue":"كونيكتور"},"geometry":{"type":"Point","coordinates":[31.566231679280456,30.26615706439062]}},{"type":"Feature","properties":{"Description":null,"Telecom_Feature_Type":"كونيكتور","Easting":"031° 33' 51.84\" E","Northing":"30° 15' 58.31\" N","ID":"42","GlobalID":"{61C55422-C054-47DE-996F-A8794D9C22F4}","sectors":"القطاع الثاني","Distance":"0","I_D":"0","__networkId":"telecom","__networkName":"شبكة الاتصالات","__layerId":"telecom_assets","__layerName":"مرافق الاتصالات","__assetName":"مرافق الاتصالات","__geometryKind":"point","__featureIndex":1261,"__typeValue":"كونيكتور"},"geometry":{"type":"Point","coordinates":[31.566077522987783,30.26636463162644]}},{"type":"Feature","properties":{"Description":null,"Telecom_Feature_Type":"كونيكتور","Easting":"031° 33' 51.39\" E","Northing":"30° 15' 59.48\" N","ID":"43","GlobalID":"{3FE331A9-9BAE-4CC9-8051-A126A3C64633}","sectors":"القطاع الثاني","Distance":"0","I_D":"0","__networkId":"telecom","__networkName":"شبكة الاتصالات","__layerId":"telecom_assets","__layerName":"مرافق الاتصالات","__assetName":"مرافق الاتصالات","__geometryKind":"point","__featureIndex":1262,"__typeValue":"كونيكتور"},"geometry":{"type":"Point","coordinates":[31.565953121592305,30.26668790243272]}},{"type":"Feature","properties":{"Description":null,"Telecom_Feature_Type":"كونيكتور","Easting":"031° 33' 50.64\" E","Northing":"30° 16' 0.53\" N","ID":"44","GlobalID":"{A9FCAA45-BFF3-4EA5-9955-26160DB23958}","sectors":"القطاع الثاني","Distance":"0","I_D":"0","__networkId":"telecom","__networkName":"شبكة الاتصالات","__layerId":"telecom_assets","__layerName":"مرافق الاتصالات","__assetName":"مرافق الاتصالات","__geometryKind":"point","__featureIndex":1263,"__typeValue":"كونيكتور"},"geometry":{"type":"Point","coordinates":[31.56574436390006,30.2669789521622]}},{"type":"Feature","properties":{"Description":null,"Telecom_Feature_Type":"كونيكتور","Easting":"031° 33' 50.1\" E","Northing":"30° 15' 58.42\" N","ID":"45","GlobalID":"{E452A05C-EF11-4799-B9B3-D3E27D798D36}","sectors":"القطاع الثاني","Distance":"0","I_D":"0","__networkId":"telecom","__networkName":"شبكة الاتصالات","__layerId":"telecom_assets","__layerName":"مرافق الاتصالات","__assetName":"مرافق الاتصالات","__geometryKind":"point","__featureIndex":1264,"__typeValue":"كونيكتور"},"geometry":{"type":"Point","coordinates":[31.565593456813787,30.266392694744496]}},{"type":"Feature","properties":{"Description":null,"Telecom_Feature_Type":"كونيكتور","Easting":"031° 33' 50.77\" E","Northing":"30° 15' 58.06\" N","ID":"46","GlobalID":"{28E4F9CA-7294-489C-A0BF-4D0989DDC760}","sectors":"القطاع الثاني","Distance":"0","I_D":"0","__networkId":"telecom","__networkName":"شبكة الاتصالات","__layerId":"telecom_assets","__layerName":"مرافق الاتصالات","__assetName":"مرافق الاتصالات","__geometryKind":"point","__featureIndex":1265,"__typeValue":"كونيكتور"},"geometry":{"type":"Point","coordinates":[31.56578063248133,30.266294099052004]}},{"type":"Feature","properties":{"Description":null,"Telecom_Feature_Type":"كونيكتور","Easting":"031° 33' 52.61\" E","Northing":"30° 16' 1.33\" N","ID":"47","GlobalID":"{5BAEB510-4EC6-462B-97A2-17DA3FC3A6EB}","sectors":"القطاع الثاني","Distance":"0","I_D":"0","__networkId":"telecom","__networkName":"شبكة الاتصالات","__layerId":"telecom_assets","__layerName":"مرافق الاتصالات","__assetName":"مرافق الاتصالات","__geometryKind":"point","__featureIndex":1266,"__typeValue":"كونيكتور"},"geometry":{"type":"Point","coordinates":[31.56629112529438,30.267203225822502]}},{"type":"Feature","properties":{"Description":null,"Telecom_Feature_Type":"كونيكتور","Easting":"031° 33' 55.7\" E","Northing":"30° 15' 59.54\" N","ID":"48","GlobalID":"{41AA358E-A767-40E5-8861-CE8081153B7B}","sectors":"القطاع الثاني","Distance":"0","I_D":"0","__networkId":"telecom","__networkName":"شبكة الاتصالات","__layerId":"telecom_assets","__layerName":"مرافق الاتصالات","__assetName":"مرافق الاتصالات","__geometryKind":"point","__featureIndex":1267,"__typeValue":"كونيكتور"},"geometry":{"type":"Point","coordinates":[31.567148392959893,30.266705564993217]}},{"type":"Feature","properties":{"Description":null,"Telecom_Feature_Type":"كونيكتور","Easting":"031° 33' 55.09\" E","Northing":"30° 16' 0.3\" N","ID":"49","GlobalID":"{514A3600-89A8-4A71-9022-EBC046283F80}","sectors":"القطاع الثاني","Distance":"0","I_D":"0","__networkId":"telecom","__networkName":"شبكة الاتصالات","__layerId":"telecom_assets","__layerName":"مرافق الاتصالات","__assetName":"مرافق الاتصالات","__geometryKind":"point","__featureIndex":1268,"__typeValue":"كونيكتور"},"geometry":{"type":"Point","coordinates":[31.56697931834533,30.266915188658135]}},{"type":"Feature","properties":{"Description":null,"Telecom_Feature_Type":"كونيكتور","Easting":"031° 33' 53.86\" E","Northing":"30° 16' 2.46\" N","ID":"50","GlobalID":"{35D69F89-D5B5-40C2-8E7E-AEAEC40CBB6B}","sectors":"القطاع الثاني","Distance":"0","I_D":"0","__networkId":"telecom","__networkName":"شبكة الاتصالات","__layerId":"telecom_assets","__layerName":"مرافق الاتصالات","__assetName":"مرافق الاتصالات","__geometryKind":"point","__featureIndex":1269,"__typeValue":"كونيكتور"},"geometry":{"type":"Point","coordinates":[31.566637710602333,30.267515897196215]}},{"type":"Feature","properties":{"Description":null,"Telecom_Feature_Type":"كونيكتور","Easting":"031° 33' 54.14\" E","Northing":"30° 16' 0.0\" N","ID":"51","GlobalID":"{7F6169C2-2364-429B-AA21-A24CD23810B0}","sectors":"القطاع الثاني","Distance":"0","I_D":"0","__networkId":"telecom","__networkName":"شبكة الاتصالات","__layerId":"telecom_assets","__layerName":"مرافق الاتصالات","__assetName":"مرافق الاتصالات","__geometryKind":"point","__featureIndex":1270,"__typeValue":"كونيكتور"},"geometry":{"type":"Point","coordinates":[31.56671703633352,30.266834122579137]}},{"type":"Feature","properties":{"Description":null,"Telecom_Feature_Type":"كونيكتور","Easting":"031° 33' 54.72\" E","Northing":"30° 15' 59.28\" N","ID":"52","GlobalID":"{1F5BE996-5AED-441B-9890-5E3FCD720798}","sectors":"القطاع الثاني","Distance":"0","I_D":"0","__networkId":"telecom","__networkName":"شبكة الاتصالات","__layerId":"telecom_assets","__layerName":"مرافق الاتصالات","__assetName":"مرافق الاتصالات","__geometryKind":"point","__featureIndex":1271,"__typeValue":"كونيكتور"},"geometry":{"type":"Point","coordinates":[31.566876970590055,30.26663295412079]}},{"type":"Feature","properties":{"Description":null,"Telecom_Feature_Type":"كونيكتور","Easting":"031° 33' 56.54\" E","Northing":"30° 16' 2.32\" N","ID":"53","GlobalID":"{E954865E-D307-4696-93F4-082125034BF3}","sectors":"القطاع الثاني","Distance":"0","I_D":"0","__networkId":"telecom","__networkName":"شبكة الاتصالات","__layerId":"telecom_assets","__layerName":"مرافق الاتصالات","__assetName":"مرافق الاتصالات","__geometryKind":"point","__featureIndex":1272,"__typeValue":"كونيكتور"},"geometry":{"type":"Point","coordinates":[31.567383569206317,30.26747871495826]}},{"type":"Feature","properties":{"Description":null,"Telecom_Feature_Type":"كونيكتور","Easting":"031° 33' 57.47\" E","Northing":"30° 16' 1.83\" N","ID":"54","GlobalID":"{90F3F265-DFDA-4CEA-A5AD-9822AF229EB3}","sectors":"القطاع الثاني","Distance":"0","I_D":"0","__networkId":"telecom","__networkName":"شبكة الاتصالات","__layerId":"telecom_assets","__layerName":"مرافق الاتصالات","__assetName":"مرافق الاتصالات","__geometryKind":"point","__featureIndex":1273,"__typeValue":"كونيكتور"},"geometry":{"type":"Point","coordinates":[31.567639884608035,30.26734233910341]}},{"type":"Feature","properties":{"Description":null,"Telecom_Feature_Type":"كونيكتور","Easting":"031° 33' 57.83\" E","Northing":"30° 16' 0.95\" N","ID":"55","GlobalID":"{9C37D608-BD3C-422F-BEF0-BEE8A791BDC1}","sectors":"القطاع الثاني","Distance":"0","I_D":"0","__networkId":"telecom","__networkName":"شبكة الاتصالات","__layerId":"telecom_assets","__layerName":"مرافق الاتصالات","__assetName":"مرافق الاتصالات","__geometryKind":"point","__featureIndex":1274,"__typeValue":"كونيكتور"},"geometry":{"type":"Point","coordinates":[31.567741971851884,30.26709686069075]}},{"type":"Feature","properties":{"Description":null,"Telecom_Feature_Type":"كونيكتور","Easting":"031° 33' 58.96\" E","Northing":"30° 16' 2.12\" N","ID":"56","GlobalID":"{FC9A224B-F375-4F6D-A6A8-E1EA6C5759D7}","sectors":"القطاع الثاني","Distance":"0","I_D":"0","__networkId":"telecom","__networkName":"شبكة الاتصالات","__layerId":"telecom_assets","__layerName":"مرافق الاتصالات","__assetName":"مرافق الاتصالات","__geometryKind":"point","__featureIndex":1275,"__typeValue":"كونيكتور"},"geometry":{"type":"Point","coordinates":[31.5680535426267,30.267421773907138]}},{"type":"Feature","properties":{"Description":null,"Telecom_Feature_Type":"كونيكتور","Easting":"031° 33' 58.06\" E","Northing":"30° 16' 2.64\" N","ID":"57","GlobalID":"{4A45D978-6F2C-4380-B8CC-6F0D1F9E0318}","sectors":"القطاع الثاني","Distance":"0","I_D":"0","__networkId":"telecom","__networkName":"شبكة الاتصالات","__layerId":"telecom_assets","__layerName":"مرافق الاتصالات","__assetName":"مرافق الاتصالات","__geometryKind":"point","__featureIndex":1276,"__typeValue":"كونيكتور"},"geometry":{"type":"Point","coordinates":[31.56780516833212,30.267566131677615]}},{"type":"Feature","properties":{"Description":null,"Telecom_Feature_Type":"كونيكتور","Easting":"031° 33' 57.66\" E","Northing":"30° 16' 3.51\" N","ID":"58","GlobalID":"{CF2219AD-8EF1-4ACF-9496-DB4D3A4F4D98}","sectors":"القطاع الثاني","Distance":"0","I_D":"0","__networkId":"telecom","__networkName":"شبكة الاتصالات","__layerId":"telecom_assets","__layerName":"مرافق الاتصالات","__assetName":"مرافق الاتصالات","__geometryKind":"point","__featureIndex":1277,"__typeValue":"كونيكتور"},"geometry":{"type":"Point","coordinates":[31.567695141777797,30.26780706240121]}},{"type":"Feature","properties":{"Description":null,"Telecom_Feature_Type":"كونيكتور","Easting":"031° 33' 56.78\" E","Northing":"30° 16' 4.46\" N","ID":"59","GlobalID":"{861B9DA0-AD56-4370-948C-CF1994C337E7}","sectors":"القطاع الثاني","Distance":"0","I_D":"0","__networkId":"telecom","__networkName":"شبكة الاتصالات","__layerId":"telecom_assets","__layerName":"مرافق الاتصالات","__assetName":"مرافق الاتصالات","__geometryKind":"point","__featureIndex":1278,"__typeValue":"كونيكتور"},"geometry":{"type":"Point","coordinates":[31.567450387693786,30.268072646844452]}},{"type":"Feature","properties":{"Description":null,"Telecom_Feature_Type":"كونيكتور","Easting":"031° 33' 58.54\" E","Northing":"30° 16' 5.39\" N","ID":"60","GlobalID":"{11760F72-727B-4CCA-A4F9-6F5A1B87E76D}","sectors":"القطاع الثاني","Distance":"0","I_D":"0","__networkId":"telecom","__networkName":"شبكة الاتصالات","__layerId":"telecom_assets","__layerName":"مرافق الاتصالات","__assetName":"مرافق الاتصالات","__geometryKind":"point","__featureIndex":1279,"__typeValue":"كونيكتور"},"geometry":{"type":"Point","coordinates":[31.567938147740254,30.26833097402757]}},{"type":"Feature","properties":{"Description":null,"Telecom_Feature_Type":"كونيكتور","Easting":"031° 33' 59.51\" E","Northing":"30° 16' 4.49\" N","ID":"61","GlobalID":"{F2FFC61E-C39F-4C4C-975F-FEAE56F3586C}","sectors":"القطاع الثاني","Distance":"0","I_D":"0","__networkId":"telecom","__networkName":"شبكة الاتصالات","__layerId":"telecom_assets","__layerName":"مرافق الاتصالات","__assetName":"مرافق الاتصالات","__geometryKind":"point","__featureIndex":1280,"__typeValue":"كونيكتور"},"geometry":{"type":"Point","coordinates":[31.568208042974092,30.26807953720232]}},{"type":"Feature","properties":{"Description":null,"Telecom_Feature_Type":"كونيكتور","Easting":"031° 34' 0.46\" E","Northing":"30° 16' 4.03\" N","ID":"62","GlobalID":"{3D7EBCF2-3F9D-4EE0-ABF8-AF2C97FA9783}","sectors":"القطاع الثاني","Distance":"0","I_D":"0","__networkId":"telecom","__networkName":"شبكة الاتصالات","__layerId":"telecom_assets","__layerName":"مرافق الاتصالات","__assetName":"مرافق الاتصالات","__geometryKind":"point","__featureIndex":1281,"__typeValue":"كونيكتور"},"geometry":{"type":"Point","coordinates":[31.568470342053914,30.267953259156887]}},{"type":"Feature","properties":{"Description":null,"Telecom_Feature_Type":"كونيكتور","Easting":"031° 34' 0.75\" E","Northing":"30° 16' 3.46\" N","ID":"63","GlobalID":"{D76CE095-A095-4639-9F95-24597F6F7088}","sectors":"القطاع الثاني","Distance":"0","I_D":"0","__networkId":"telecom","__networkName":"شبكة الاتصالات","__layerId":"telecom_assets","__layerName":"مرافق الاتصالات","__assetName":"مرافق الاتصالات","__geometryKind":"point","__featureIndex":1282,"__typeValue":"كونيكتور"},"geometry":{"type":"Point","coordinates":[31.568551769842845,30.267794116467947]}},{"type":"Feature","properties":{"Description":null,"Telecom_Feature_Type":"كونيكتور","Easting":"031° 33' 59.84\" E","Northing":"30° 16' 6.42\" N","ID":"64","GlobalID":"{C1CEABD8-EF88-46E7-8FFA-08D29CCD701A}","sectors":"القطاع الثاني","Distance":"0","I_D":"0","__networkId":"telecom","__networkName":"شبكة الاتصالات","__layerId":"telecom_assets","__layerName":"مرافق الاتصالات","__assetName":"مرافق الاتصالات","__geometryKind":"point","__featureIndex":1283,"__typeValue":"كونيكتور"},"geometry":{"type":"Point","coordinates":[31.56830053082079,30.268614974948147]}},{"type":"Feature","properties":{"Description":null,"Telecom_Feature_Type":"كونيكتور","Easting":"031° 34' 0.56\" E","Northing":"30° 16' 5.72\" N","ID":"65","GlobalID":"{CAD9C9D6-94A8-4CF5-B780-139109CB8EDD}","sectors":"القطاع الثاني","Distance":"0","I_D":"0","__networkId":"telecom","__networkName":"شبكة الاتصالات","__layerId":"telecom_assets","__layerName":"مرافق الاتصالات","__assetName":"مرافق الاتصالات","__geometryKind":"point","__featureIndex":1284,"__typeValue":"كونيكتور"},"geometry":{"type":"Point","coordinates":[31.56849987237223,30.268422415103586]}},{"type":"Feature","properties":{"Description":null,"Telecom_Feature_Type":"كونيكتور","Easting":"031° 34' 1.01\" E","Northing":"30° 16' 4.87\" N","ID":"66","GlobalID":"{45BC7DFB-D6F0-4974-9D65-AF229BEBA63E}","sectors":"القطاع الثاني","Distance":"0","I_D":"0","__networkId":"telecom","__networkName":"شبكة الاتصالات","__layerId":"telecom_assets","__layerName":"مرافق الاتصالات","__assetName":"مرافق الاتصالات","__geometryKind":"point","__featureIndex":1285,"__typeValue":"كونيكتور"},"geometry":{"type":"Point","coordinates":[31.568624392345363,30.268185746098837]}},{"type":"Feature","properties":{"Description":null,"Telecom_Feature_Type":"كونيكتور","Easting":"031° 34' 2.5\" E","Northing":"30° 16' 8.74\" N","ID":"67","GlobalID":"{CE486DEA-4ACE-4F56-BAF2-AA6C4201A688}","sectors":"القطاع الثاني","Distance":"0","I_D":"0","__networkId":"telecom","__networkName":"شبكة الاتصالات","__layerId":"telecom_assets","__layerName":"مرافق الاتصالات","__assetName":"مرافق الاتصالات","__geometryKind":"point","__featureIndex":1286,"__typeValue":"كونيكتور"},"geometry":{"type":"Point","coordinates":[31.569038212060768,30.269260745780297]}},{"type":"Feature","properties":{"Description":null,"Telecom_Feature_Type":"كونيكتور","Easting":"031° 34' 3.74\" E","Northing":"30° 16' 7.22\" N","ID":"68","GlobalID":"{B9126C03-6F10-45FE-95B2-53E4874ACA54}","sectors":"القطاع الثاني","Distance":"0","I_D":"0","__networkId":"telecom","__networkName":"شبكة الاتصالات","__layerId":"telecom_assets","__layerName":"مرافق الاتصالات","__assetName":"مرافق الاتصالات","__geometryKind":"point","__featureIndex":1287,"__typeValue":"كونيكتور"},"geometry":{"type":"Point","coordinates":[31.56938375352639,30.268838206010994]}},{"type":"Feature","properties":{"Description":null,"Telecom_Feature_Type":"كونيكتور","Easting":"031° 33' 44.74\" E","Northing":"30° 15' 57.28\" N","ID":"69","GlobalID":"{E3C758B4-0DA1-4907-9449-52BAA2BC8031}","sectors":"القطاع الثاني","Distance":"0","I_D":"0","__networkId":"telecom","__networkName":"شبكة الاتصالات","__layerId":"telecom_assets","__layerName":"مرافق الاتصالات","__assetName":"مرافق الاتصالات","__geometryKind":"point","__featureIndex":1288,"__typeValue":"كونيكتور"},"geometry":{"type":"Point","coordinates":[31.564105517021567,30.266077135886423]}},{"type":"Feature","properties":{"Description":null,"Telecom_Feature_Type":"كونيكتور","Easting":"031° 34' 1.88\" E","Northing":"30° 16' 4.36\" N","ID":"70","GlobalID":"{7808A546-F78E-4E46-B4D0-C87DEF4BA9B5}","sectors":"القطاع الثاني","Distance":"0","I_D":"0","__networkId":"telecom","__networkName":"شبكة الاتصالات","__layerId":"telecom_assets","__layerName":"مرافق الاتصالات","__assetName":"مرافق الاتصالات","__geometryKind":"point","__featureIndex":1289,"__typeValue":"كونيكتور"},"geometry":{"type":"Point","coordinates":[31.56886512916338,30.268044903082647]}},{"type":"Feature","properties":{"Description":null,"Telecom_Feature_Type":"كونيكتور","Easting":"031° 34' 3.87\" E","Northing":"30° 16' 5.6\" N","ID":"71","GlobalID":"{FF163889-5C8A-4481-BD0D-8DDD09988838}","sectors":"القطاع الثاني","Distance":"0","I_D":"0","__networkId":"telecom","__networkName":"شبكة الاتصالات","__layerId":"telecom_assets","__layerName":"مرافق الاتصالات","__assetName":"مرافق الاتصالات","__geometryKind":"point","__featureIndex":1290,"__typeValue":"كونيكتور"},"geometry":{"type":"Point","coordinates":[31.56941862882067,30.268389125655318]}},{"type":"Feature","properties":{"Description":null,"Telecom_Feature_Type":"كونيكتور","Easting":"031° 34' 3.33\" E","Northing":"30° 16' 6.41\" N","ID":"72","GlobalID":"{A0EA172F-158D-4AFD-A2FE-1778DC65E87B}","sectors":"القطاع الثاني","Distance":"0","I_D":"0","__networkId":"telecom","__networkName":"شبكة الاتصالات","__layerId":"telecom_assets","__layerName":"مرافق الاتصالات","__assetName":"مرافق الاتصالات","__geometryKind":"point","__featureIndex":1291,"__typeValue":"كونيكتور"},"geometry":{"type":"Point","coordinates":[31.569269437516585,30.26861230680149]}},{"type":"Feature","properties":{"Description":null,"Telecom_Feature_Type":"كونيكتور","Easting":"031° 34' 2.07\" E","Northing":"30° 16' 6.98\" N","ID":"73","GlobalID":"{59023397-77B1-4449-BC5C-FB1301DF3C3B}","sectors":"القطاع الثاني","Distance":"0","I_D":"0","__networkId":"telecom","__networkName":"شبكة الاتصالات","__layerId":"telecom_assets","__layerName":"مرافق الاتصالات","__assetName":"مرافق الاتصالات","__geometryKind":"point","__featureIndex":1292,"__typeValue":"كونيكتور"},"geometry":{"type":"Point","coordinates":[31.56891953293363,30.26877146678447]}},{"type":"Feature","properties":{"Description":null,"Telecom_Feature_Type":"كونيكتور","Easting":"031° 34' 1.05\" E","Northing":"30° 16' 7.83\" N","ID":"74","GlobalID":"{810F6D1F-81AF-422A-8B0F-DFEB4E20F899}","sectors":"القطاع الثاني","Distance":"0","I_D":"0","__networkId":"telecom","__networkName":"شبكة الاتصالات","__layerId":"telecom_assets","__layerName":"مرافق الاتصالات","__assetName":"مرافق الاتصالات","__geometryKind":"point","__featureIndex":1293,"__typeValue":"كونيكتور"},"geometry":{"type":"Point","coordinates":[31.568636329158856,30.269009055306945]}},{"type":"Feature","properties":{"Description":null,"Telecom_Feature_Type":"كونيكتور","Easting":"031° 34' 7.32\" E","Northing":"30° 16' 9.31\" N","ID":"75","GlobalID":"{CBC57E86-D1F5-449B-98FF-83CF865AA8B4}","sectors":"القطاع الثاني","Distance":"0","I_D":"0","__networkId":"telecom","__networkName":"شبكة الاتصالات","__layerId":"telecom_assets","__layerName":"مرافق الاتصالات","__assetName":"مرافق الاتصالات","__geometryKind":"point","__featureIndex":1294,"__typeValue":"كونيكتور"},"geometry":{"type":"Point","coordinates":[31.57037813015539,30.26942026470328]}},{"type":"Feature","properties":{"Description":null,"Telecom_Feature_Type":"كونيكتور","Easting":"031° 34' 6.4\" E","Northing":"30° 16' 9.74\" N","ID":"76","GlobalID":"{261C9FDD-E531-4B54-B1B1-207CE90BBDA8}","sectors":"القطاع الثاني","Distance":"0","I_D":"0","__networkId":"telecom","__networkName":"شبكة الاتصالات","__layerId":"telecom_assets","__layerName":"مرافق الاتصالات","__assetName":"مرافق الاتصالات","__geometryKind":"point","__featureIndex":1295,"__typeValue":"كونيكتور"},"geometry":{"type":"Point","coordinates":[31.57012023012552,30.26953815400715]}},{"type":"Feature","properties":{"Description":null,"Telecom_Feature_Type":"كونيكتور","Easting":"031° 34' 5.86\" E","Northing":"30° 16' 10.55\" N","ID":"77","GlobalID":"{227CD920-C3C0-4AED-B0DB-85CA57B6EC5C}","sectors":"القطاع الثاني","Distance":"0","I_D":"0","__networkId":"telecom","__networkName":"شبكة الاتصالات","__layerId":"telecom_assets","__layerName":"مرافق الاتصالات","__assetName":"مرافق الاتصالات","__geometryKind":"point","__featureIndex":1296,"__typeValue":"كونيكتور"},"geometry":{"type":"Point","coordinates":[31.569970950786562,30.269763840833473]}},{"type":"Feature","properties":{"Description":null,"Telecom_Feature_Type":"كونيكتور","Easting":"031° 34' 5.04\" E","Northing":"30° 16' 11.17\" N","ID":"78","GlobalID":"{87A98AAB-47D7-4AAE-928D-F8856776197C}","sectors":"القطاع الثاني","Distance":"0","I_D":"0","__networkId":"telecom","__networkName":"شبكة الاتصالات","__layerId":"telecom_assets","__layerName":"مرافق الاتصالات","__assetName":"مرافق الاتصالات","__geometryKind":"point","__featureIndex":1297,"__typeValue":"كونيكتور"},"geometry":{"type":"Point","coordinates":[31.569742429259772,30.269935418583195]}},{"type":"Feature","properties":{"Description":null,"Telecom_Feature_Type":"كونيكتور","Easting":"031° 34' 3.65\" E","Northing":"30° 16' 10.21\" N","ID":"79","GlobalID":"{2AC7465C-5982-4513-B9BB-508D3CE70BEE}","sectors":"القطاع الثاني","Distance":"0","I_D":"0","__networkId":"telecom","__networkName":"شبكة الاتصالات","__layerId":"telecom_assets","__layerName":"مرافق الاتصالات","__assetName":"مرافق الاتصالات","__geometryKind":"point","__featureIndex":1298,"__typeValue":"كونيكتور"},"geometry":{"type":"Point","coordinates":[31.569357699688204,30.269669076527233]}},{"type":"Feature","properties":{"Description":null,"Telecom_Feature_Type":"كونيكتور","Easting":"031° 34' 4.73\" E","Northing":"30° 16' 9.42\" N","ID":"80","GlobalID":"{A3F53FFB-D3CD-4872-997F-8D4131B61C94}","sectors":"القطاع الثاني","Distance":"0","I_D":"0","__networkId":"telecom","__networkName":"شبكة الاتصالات","__layerId":"telecom_assets","__layerName":"مرافق الاتصالات","__assetName":"مرافق الاتصالات","__geometryKind":"point","__featureIndex":1299,"__typeValue":"كونيكتور"},"geometry":{"type":"Point","coordinates":[31.569656409283112,30.269448536425525]}},{"type":"Feature","properties":{"Description":null,"Telecom_Feature_Type":"كونيكتور","Easting":"031° 34' 5.72\" E","Northing":"30° 16' 9.06\" N","ID":"81","GlobalID":"{2B1D2636-966F-4913-B22D-6CE4740D0E7E}","sectors":"القطاع الثاني","Distance":"0","I_D":"0","__networkId":"telecom","__networkName":"شبكة الاتصالات","__layerId":"telecom_assets","__layerName":"مرافق الاتصالات","__assetName":"مرافق الاتصالات","__geometryKind":"point","__featureIndex":1300,"__typeValue":"كونيكتور"},"geometry":{"type":"Point","coordinates":[31.569933966247994,30.26934923080148]}},{"type":"Feature","properties":{"Description":null,"Telecom_Feature_Type":"كونيكتور","Easting":"031° 34' 9.32\" E","Northing":"30° 16' 11.97\" N","ID":"82","GlobalID":"{03CB345C-49B2-476C-8D88-7BF10513B065}","sectors":"القطاع الثاني","Distance":"0","I_D":"0","__networkId":"telecom","__networkName":"شبكة الاتصالات","__layerId":"telecom_assets","__layerName":"مرافق الاتصالات","__assetName":"مرافق الاتصالات","__geometryKind":"point","__featureIndex":1301,"__typeValue":"كونيكتور"},"geometry":{"type":"Point","coordinates":[31.570932124784377,30.27015818346853]}},{"type":"Feature","properties":{"Description":null,"Telecom_Feature_Type":"كونيكتور","Easting":"031° 34' 8.36\" E","Northing":"30° 16' 12.31\" N","ID":"83","GlobalID":"{9A9A5AE8-8B20-4146-AF00-381D75477F5E}","sectors":"القطاع الثاني","Distance":"0","I_D":"0","__networkId":"telecom","__networkName":"شبكة الاتصالات","__layerId":"telecom_assets","__layerName":"مرافق الاتصالات","__assetName":"مرافق الاتصالات","__geometryKind":"point","__featureIndex":1302,"__typeValue":"كونيكتور"},"geometry":{"type":"Point","coordinates":[31.57066587042237,30.27025134287249]}},{"type":"Feature","properties":{"Description":null,"Telecom_Feature_Type":"كونيكتور","Easting":"031° 34' 7.28\" E","Northing":"30° 16' 12.36\" N","ID":"84","GlobalID":"{FB54B0F4-FFC3-48C3-93A4-F3C2C0E579EB}","sectors":"القطاع الثاني","Distance":"0","I_D":"0","__networkId":"telecom","__networkName":"شبكة الاتصالات","__layerId":"telecom_assets","__layerName":"مرافق الاتصالات","__assetName":"مرافق الاتصالات","__geometryKind":"point","__featureIndex":1303,"__typeValue":"كونيكتور"},"geometry":{"type":"Point","coordinates":[31.570365222263096,30.270267039598014]}},{"type":"Feature","properties":{"Description":null,"Telecom_Feature_Type":"كونيكتور","Easting":"031° 34' 5.96\" E","Northing":"30° 16' 12.83\" N","ID":"85","GlobalID":"{09985CCD-B411-4CC4-8A54-28D295F0B244}","sectors":"القطاع الثاني","Distance":"0","I_D":"0","__networkId":"telecom","__networkName":"شبكة الاتصالات","__layerId":"telecom_assets","__layerName":"مرافق الاتصالات","__assetName":"مرافق الاتصالات","__geometryKind":"point","__featureIndex":1304,"__typeValue":"كونيكتور"},"geometry":{"type":"Point","coordinates":[31.570000480206577,30.270396002937282]}},{"type":"Feature","properties":{"Description":null,"Telecom_Feature_Type":"كونيكتور","Easting":"031° 33' 47.06\" E","Northing":"30° 16' 2.71\" N","ID":"86","GlobalID":"{F7F97D05-FD27-45CC-9056-1D884FBF86A4}","sectors":"القطاع الثاني","Distance":"0","I_D":"0","__networkId":"telecom","__networkName":"شبكة الاتصالات","__layerId":"telecom_assets","__layerName":"مرافق الاتصالات","__assetName":"مرافق الاتصالات","__geometryKind":"point","__featureIndex":1305,"__typeValue":"كونيكتور"},"geometry":{"type":"Point","coordinates":[31.56474862003517,30.267584450455757]}},{"type":"Feature","properties":{"Description":null,"Telecom_Feature_Type":"كونيكتور","Easting":"031° 33' 47.8\" E","Northing":"30° 16' 1.65\" N","ID":"87","GlobalID":"{9E8730E2-A8D7-4C46-9648-4113B5641C1C}","sectors":"القطاع الثاني","Distance":"0","I_D":"0","__networkId":"telecom","__networkName":"شبكة الاتصالات","__layerId":"telecom_assets","__layerName":"مرافق الاتصالات","__assetName":"مرافق الاتصالات","__geometryKind":"point","__featureIndex":1306,"__typeValue":"كونيكتور"},"geometry":{"type":"Point","coordinates":[31.56495614344221,30.267291216147704]}},{"type":"Feature","properties":{"Description":null,"Telecom_Feature_Type":"كونيكتور","Easting":"031° 33' 46.88\" E","Northing":"30° 16' 3.65\" N","ID":"88","GlobalID":"{6DD8E031-C851-497F-AAA8-D35567273552}","sectors":"القطاع الثاني","Distance":"0","I_D":"0","__networkId":"telecom","__networkName":"شبكة الاتصالات","__layerId":"telecom_assets","__layerName":"مرافق الاتصالات","__assetName":"مرافق الاتصالات","__geometryKind":"point","__featureIndex":1307,"__typeValue":"كونيكتور"},"geometry":{"type":"Point","coordinates":[31.56470064101583,30.26784686380343]}},{"type":"Feature","properties":{"Description":null,"Telecom_Feature_Type":"كونيكتور","Easting":"031° 33' 47.16\" E","Northing":"30° 16' 4.67\" N","ID":"89","GlobalID":"{9F6422C0-2A1E-47F1-AD46-AF3B10568BB4}","sectors":"القطاع الثاني","Distance":"0","I_D":"0","__networkId":"telecom","__networkName":"شبكة الاتصالات","__layerId":"telecom_assets","__layerName":"مرافق الاتصالات","__assetName":"مرافق الاتصالات","__geometryKind":"point","__featureIndex":1308,"__typeValue":"كونيكتور"},"geometry":{"type":"Point","coordinates":[31.56477788445218,30.26813144879037]}},{"type":"Feature","properties":{"Description":null,"Telecom_Feature_Type":"كونيكتور","Easting":"031° 33' 50.17\" E","Northing":"30° 16' 4.41\" N","ID":"90","GlobalID":"{EBC676F3-A8B0-4D82-B86C-72CEEFD828D1}","sectors":"القطاع الثاني","Distance":"0","I_D":"0","__networkId":"telecom","__networkName":"شبكة الاتصالات","__layerId":"telecom_assets","__layerName":"مرافق الاتصالات","__assetName":"مرافق الاتصالات","__geometryKind":"point","__featureIndex":1309,"__typeValue":"كونيكتور"},"geometry":{"type":"Point","coordinates":[31.565613138901657,30.268058217513463]}},{"type":"Feature","properties":{"Description":null,"Telecom_Feature_Type":"كونيكتور","Easting":"031° 33' 49.92\" E","Northing":"30° 16' 5.34\" N","ID":"91","GlobalID":"{3453020E-84F7-41BB-8F46-75F53D470EB0}","sectors":"القطاع الثاني","Distance":"0","I_D":"0","__networkId":"telecom","__networkName":"شبكة الاتصالات","__layerId":"telecom_assets","__layerName":"مرافق الاتصالات","__assetName":"مرافق الاتصالات","__geometryKind":"point","__featureIndex":1310,"__typeValue":"كونيكتور"},"geometry":{"type":"Point","coordinates":[31.56554278284862,30.26831724920806]}},{"type":"Feature","properties":{"Description":null,"Telecom_Feature_Type":"كونيكتور","Easting":"031° 33' 49.42\" E","Northing":"30° 16' 5.99\" N","ID":"92","GlobalID":"{FB28596E-BF87-4F94-A464-0B111B4E576F}","sectors":"القطاع الثاني","Distance":"0","I_D":"0","__networkId":"telecom","__networkName":"شبكة الاتصالات","__layerId":"telecom_assets","__layerName":"مرافق الاتصالات","__assetName":"مرافق الاتصالات","__geometryKind":"point","__featureIndex":1311,"__typeValue":"كونيكتور"},"geometry":{"type":"Point","coordinates":[31.565403513436845,30.268497846420864]}},{"type":"Feature","properties":{"Description":null,"Telecom_Feature_Type":"كونيكتور","Easting":"031° 33' 52.33\" E","Northing":"30° 16' 7.79\" N","ID":"93","GlobalID":"{91F3E20E-C6EC-4C37-85EB-7DE956932D29}","sectors":"القطاع الثاني","Distance":"0","I_D":"0","__networkId":"telecom","__networkName":"شبكة الاتصالات","__layerId":"telecom_assets","__layerName":"مرافق الاتصالات","__assetName":"مرافق الاتصالات","__geometryKind":"point","__featureIndex":1312,"__typeValue":"كونيكتور"},"geometry":{"type":"Point","coordinates":[31.566214192675126,30.268997108822575]}},{"type":"Feature","properties":{"Description":null,"Telecom_Feature_Type":"كونيكتور","Easting":"031° 33' 52.86\" E","Northing":"30° 16' 7.14\" N","ID":"94","GlobalID":"{73F6BB80-0E5D-456C-A224-661DAD1D63CF}","sectors":"القطاع الثاني","Distance":"0","I_D":"0","__networkId":"telecom","__networkName":"شبكة الاتصالات","__layerId":"telecom_assets","__layerName":"مرافق الاتصالات","__assetName":"مرافق الاتصالات","__geometryKind":"point","__featureIndex":1313,"__typeValue":"كونيكتور"},"geometry":{"type":"Point","coordinates":[31.566359548172933,30.268816745282603]}},{"type":"Feature","properties":{"Description":null,"Telecom_Feature_Type":"كونيكتور","Easting":"031° 33' 53.16\" E","Northing":"30° 16' 6.23\" N","ID":"95","GlobalID":"{CF562FCB-B884-4D7A-9465-ED84DECB4824}","sectors":"القطاع الثاني","Distance":"0","I_D":"0","__networkId":"telecom","__networkName":"شبكة الاتصالات","__layerId":"telecom_assets","__layerName":"مرافق الاتصالات","__assetName":"مرافق الاتصالات","__geometryKind":"point","__featureIndex":1314,"__typeValue":"كونيكتور"},"geometry":{"type":"Point","coordinates":[31.56644508395766,30.268563108615076]}},{"type":"Feature","properties":{"Description":null,"Telecom_Feature_Type":"كونيكتور","Easting":"031° 33' 55.17\" E","Northing":"30° 16' 6.38\" N","ID":"96","GlobalID":"{30580872-5A30-4E8B-909E-D5B7EC21E4E0}","sectors":"القطاع الثاني","Distance":"0","I_D":"0","__networkId":"telecom","__networkName":"شبكة الاتصالات","__layerId":"telecom_assets","__layerName":"مرافق الاتصالات","__assetName":"مرافق الاتصالات","__geometryKind":"point","__featureIndex":1315,"__typeValue":"كونيكتور"},"geometry":{"type":"Point","coordinates":[31.56700199361973,30.268604779508486]}},{"type":"Feature","properties":{"Description":null,"Telecom_Feature_Type":"كونيكتور","Easting":"031° 33' 54.31\" E","Northing":"30° 16' 7.36\" N","ID":"97","GlobalID":"{80F43A99-8BB8-46AC-A7FD-CFC06E9A208C}","sectors":"القطاع الثاني","Distance":"0","I_D":"0","__networkId":"telecom","__networkName":"شبكة الاتصالات","__layerId":"telecom_assets","__layerName":"مرافق الاتصالات","__assetName":"مرافق الاتصالات","__geometryKind":"point","__featureIndex":1316,"__typeValue":"كونيكتور"},"geometry":{"type":"Point","coordinates":[31.566764344311327,30.268877249768032]}},{"type":"Feature","properties":{"Description":null,"Telecom_Feature_Type":"كونيكتور","Easting":"031° 33' 53.37\" E","Northing":"30° 16' 7.85\" N","ID":"98","GlobalID":"{C7D2D142-43E8-4DD2-82EB-9E448EFCCF80}","sectors":"القطاع الثاني","Distance":"0","I_D":"0","__networkId":"telecom","__networkName":"شبكة الاتصالات","__layerId":"telecom_assets","__layerName":"مرافق الاتصالات","__assetName":"مرافق الاتصالات","__geometryKind":"point","__featureIndex":1317,"__typeValue":"كونيكتور"},"geometry":{"type":"Point","coordinates":[31.566501905992624,30.269013010572102]}},{"type":"Feature","properties":{"Description":null,"Telecom_Feature_Type":"كونيكتور","Easting":"031° 33' 53.03\" E","Northing":"30° 16' 8.24\" N","ID":"99","GlobalID":"{0EC9D2D8-E272-4DBB-86BA-25961D5BCB9D}","sectors":"القطاع الثاني","Distance":"0","I_D":"0","__networkId":"telecom","__networkName":"شبكة الاتصالات","__layerId":"telecom_assets","__layerName":"مرافق الاتصالات","__assetName":"مرافق الاتصالات","__geometryKind":"point","__featureIndex":1318,"__typeValue":"كونيكتور"},"geometry":{"type":"Point","coordinates":[31.5664085413902,30.269121826851595]}},{"type":"Feature","properties":{"Description":null,"Telecom_Feature_Type":"كونيكتور","Easting":"031° 33' 50.14\" E","Northing":"30° 16' 6.43\" N","ID":"100","GlobalID":"{561119EB-8C08-45D1-AEFE-867F05025486}","sectors":"القطاع الثاني","Distance":"0","I_D":"0","__networkId":"telecom","__networkName":"شبكة الاتصالات","__layerId":"telecom_assets","__layerName":"مرافق الاتصالات","__assetName":"مرافق الاتصالات","__geometryKind":"point","__featureIndex":1319,"__typeValue":"كونيكتور"},"geometry":{"type":"Point","coordinates":[31.56560354579275,30.26861849265003]}},{"type":"Feature","properties":{"Description":null,"Telecom_Feature_Type":"كونيكتور","Easting":"031° 33' 58.31\" E","Northing":"30° 16' 8.2\" N","ID":"101","GlobalID":"{B68804FA-14C5-43C8-8950-7E96FCB53130}","sectors":"القطاع الثاني","Distance":"0","I_D":"0","__networkId":"telecom","__networkName":"شبكة الاتصالات","__layerId":"telecom_assets","__layerName":"مرافق الاتصالات","__assetName":"مرافق الاتصالات","__geometryKind":"point","__featureIndex":1320,"__typeValue":"كونيكتور"},"geometry":{"type":"Point","coordinates":[31.56787513541465,30.26911039321488]}},{"type":"Feature","properties":{"Description":null,"Telecom_Feature_Type":"كونيكتور","Easting":"031° 33' 57.4\" E","Northing":"30° 16' 9.14\" N","ID":"102","GlobalID":"{12B178F5-4E11-4CBC-AA67-270B1E65B6CB}","sectors":"القطاع الثاني","Distance":"0","I_D":"0","__networkId":"telecom","__networkName":"شبكة الاتصالات","__layerId":"telecom_assets","__layerName":"مرافق الاتصالات","__assetName":"مرافق الاتصالات","__geometryKind":"point","__featureIndex":1321,"__typeValue":"كونيكتور"},"geometry":{"type":"Point","coordinates":[31.567620407336037,30.26937171087198]}},{"type":"Feature","properties":{"Description":null,"Telecom_Feature_Type":"كونيكتور","Easting":"031° 33' 58.78\" E","Northing":"30° 16' 10.33\" N","ID":"103","GlobalID":"{7CA2D125-B54B-48E9-A199-FDCA0124F2C0}","sectors":"القطاع الثاني","Distance":"0","I_D":"0","__networkId":"telecom","__networkName":"شبكة الاتصالات","__layerId":"telecom_assets","__layerName":"مرافق الاتصالات","__assetName":"مرافق الاتصالات","__geometryKind":"point","__featureIndex":1322,"__typeValue":"كونيكتور"},"geometry":{"type":"Point","coordinates":[31.568004442509913,30.26970104661187]}},{"type":"Feature","properties":{"Description":null,"Telecom_Feature_Type":"كونيكتور","Easting":"031° 33' 58.87\" E","Northing":"30° 16' 12.48\" N","ID":"104","GlobalID":"{02FE9334-C797-4274-BC12-564F9F8F3062}","sectors":"القطاع الثاني","Distance":"0","I_D":"0","__networkId":"telecom","__networkName":"شبكة الاتصالات","__layerId":"telecom_assets","__layerName":"مرافق الاتصالات","__assetName":"مرافق الاتصالات","__geometryKind":"point","__featureIndex":1323,"__typeValue":"كونيكتور"},"geometry":{"type":"Point","coordinates":[31.56802994029093,30.270300767532845]}},{"type":"Feature","properties":{"Description":null,"Telecom_Feature_Type":"كونيكتور","Easting":"031° 33' 55.2\" E","Northing":"30° 16' 10.6\" N","ID":"105","GlobalID":"{3DBA5872-2343-4300-8737-7CD36BBB9995}","sectors":"القطاع الثاني","Distance":"0","I_D":"0","__networkId":"telecom","__networkName":"شبكة الاتصالات","__layerId":"telecom_assets","__layerName":"مرافق الاتصالات","__assetName":"مرافق الاتصالات","__geometryKind":"point","__featureIndex":1324,"__typeValue":"كونيكتور"},"geometry":{"type":"Point","coordinates":[31.567009776623344,30.269777841649915]}},{"type":"Feature","properties":{"Description":null,"Telecom_Feature_Type":"كونيكتور","Easting":"031° 33' 51.89\" E","Northing":"30° 16' 8.34\" N","ID":"106","GlobalID":"{4AE657F9-8AA6-4091-9EE2-C27CC79768A2}","sectors":"القطاع الثاني","Distance":"0","I_D":"0","__networkId":"telecom","__networkName":"شبكة الاتصالات","__layerId":"telecom_assets","__layerName":"مرافق الاتصالات","__assetName":"مرافق الاتصالات","__geometryKind":"point","__featureIndex":1325,"__typeValue":"كونيكتور"},"geometry":{"type":"Point","coordinates":[31.566090468609357,30.26914874403384]}},{"type":"Feature","properties":{"Description":null,"Telecom_Feature_Type":"كونيكتور","Easting":"031° 33' 46.52\" E","Northing":"30° 16' 6.0\" N","ID":"107","GlobalID":"{3456CC60-1D00-42B1-9377-F520476CC3E2}","sectors":"القطاع الثاني","Distance":"0","I_D":"0","__networkId":"telecom","__networkName":"شبكة الاتصالات","__layerId":"telecom_assets","__layerName":"مرافق الاتصالات","__assetName":"مرافق الاتصالات","__geometryKind":"point","__featureIndex":1326,"__typeValue":"كونيكتور"},"geometry":{"type":"Point","coordinates":[31.564599165524704,30.268499082350694]}},{"type":"Feature","properties":{"Description":null,"Telecom_Feature_Type":"كونيكتور","Easting":"031° 33' 45.78\" E","Northing":"30° 16' 7.05\" N","ID":"108","GlobalID":"{0B6C1C3B-2E48-435B-A99B-725DC545CC53}","sectors":"القطاع الثاني","Distance":"0","I_D":"0","__networkId":"telecom","__networkName":"شبكة الاتصالات","__layerId":"telecom_assets","__layerName":"مرافق الاتصالات","__assetName":"مرافق الاتصالات","__geometryKind":"point","__featureIndex":1327,"__typeValue":"كونيكتور"},"geometry":{"type":"Point","coordinates":[31.564392995878798,30.268790748165298]}},{"type":"Feature","properties":{"Description":null,"Telecom_Feature_Type":"كونيكتور","Easting":"031° 33' 44.84\" E","Northing":"30° 16' 4.35\" N","ID":"109","GlobalID":"{A1B46F3E-F922-4F9F-A9B3-969DBFA780B4}","sectors":"القطاع الثاني","Distance":"0","I_D":"0","__networkId":"telecom","__networkName":"شبكة الاتصالات","__layerId":"telecom_assets","__layerName":"مرافق الاتصالات","__assetName":"مرافق الاتصالات","__geometryKind":"point","__featureIndex":1328,"__typeValue":"كونيكتور"},"geometry":{"type":"Point","coordinates":[31.56413296594341,30.26804026037173]}},{"type":"Feature","properties":{"Description":null,"Telecom_Feature_Type":"كونيكتور","Easting":"031° 33' 42.98\" E","Northing":"30° 16' 4.18\" N","ID":"110","GlobalID":"{2C2C8442-89F6-4461-877D-AFE10FD3CC5A}","sectors":"القطاع الثاني","Distance":"0","I_D":"0","__networkId":"telecom","__networkName":"شبكة الاتصالات","__layerId":"telecom_assets","__layerName":"مرافق الاتصالات","__assetName":"مرافق الاتصالات","__geometryKind":"point","__featureIndex":1329,"__typeValue":"كونيكتور"},"geometry":{"type":"Point","coordinates":[31.56361698891555,30.267994363159524]}},{"type":"Feature","properties":{"Description":null,"Telecom_Feature_Type":"كونيكتور","Easting":"031° 33' 43.93\" E","Northing":"30° 16' 9.67\" N","ID":"111","GlobalID":"{BB7EAF6C-7559-4F7C-831E-62E436069705}","sectors":"القطاع الثاني","Distance":"0","I_D":"0","__networkId":"telecom","__networkName":"شبكة الاتصالات","__layerId":"telecom_assets","__layerName":"مرافق الاتصالات","__assetName":"مرافق الاتصالات","__geometryKind":"point","__featureIndex":1330,"__typeValue":"كونيكتور"},"geometry":{"type":"Point","coordinates":[31.56387892687264,30.26951935224376]}},{"type":"Feature","properties":{"Description":null,"Telecom_Feature_Type":"كونيكتور","Easting":"031° 33' 44.87\" E","Northing":"30° 16' 10.75\" N","ID":"112","GlobalID":"{C199DB38-1308-4E08-A6C4-A87DF5F386C7}","sectors":"القطاع الثاني","Distance":"0","I_D":"0","__networkId":"telecom","__networkName":"شبكة الاتصالات","__layerId":"telecom_assets","__layerName":"مرافق الاتصالات","__assetName":"مرافق الاتصالات","__geometryKind":"point","__featureIndex":1331,"__typeValue":"كونيكتور"},"geometry":{"type":"Point","coordinates":[31.564142050605888,30.26981788043608]}},{"type":"Feature","properties":{"Description":null,"Telecom_Feature_Type":"كونيكتور","Easting":"031° 33' 43.88\" E","Northing":"30° 16' 42.79\" N","ID":"113","GlobalID":"{B2436161-9571-40DE-A620-C0024DF7B579}","sectors":"القطاع الثالث","Distance":"0","I_D":"0","__networkId":"telecom","__networkName":"شبكة الاتصالات","__layerId":"telecom_assets","__layerName":"مرافق الاتصالات","__assetName":"مرافق الاتصالات","__geometryKind":"point","__featureIndex":1332,"__typeValue":"كونيكتور"},"geometry":{"type":"Point","coordinates":[31.563865223072984,30.27871846645466]}},{"type":"Feature","properties":{"Description":null,"Telecom_Feature_Type":"كونيكتور","Easting":"031° 33' 46.63\" E","Northing":"30° 16' 40.45\" N","ID":"114","GlobalID":"{CE8D1BCB-325E-4206-B6D7-4CE62C58548C}","sectors":"القطاع الثالث","Distance":"0","I_D":"0","__networkId":"telecom","__networkName":"شبكة الاتصالات","__layerId":"telecom_assets","__layerName":"مرافق الاتصالات","__assetName":"مرافق الاتصالات","__geometryKind":"point","__featureIndex":1333,"__typeValue":"كونيكتور"},"geometry":{"type":"Point","coordinates":[31.56462853773957,30.278070228817974]}},{"type":"Feature","properties":{"Description":null,"Telecom_Feature_Type":"كونيكتور","Easting":"031° 33' 49.16\" E","Northing":"30° 16' 40.14\" N","ID":"115","GlobalID":"{223C42AB-DC34-4DF2-9CBC-2A6C1F680B33}","sectors":"القطاع الثالث","Distance":"0","I_D":"0","__networkId":"telecom","__networkName":"شبكة الاتصالات","__layerId":"telecom_assets","__layerName":"مرافق الاتصالات","__assetName":"مرافق الاتصالات","__geometryKind":"point","__featureIndex":1334,"__typeValue":"كونيكتور"},"geometry":{"type":"Point","coordinates":[31.565333498743602,30.27798352663279]}},{"type":"Feature","properties":{"Description":null,"Telecom_Feature_Type":"كونيكتور","Easting":"031° 33' 58.03\" E","Northing":"30° 16' 13.3\" N","ID":"116","GlobalID":"{F8AB8EAA-F5B1-47C6-BB1F-8CF29211E921}","sectors":"القطاع الثاني","Distance":"0","I_D":"0","__networkId":"telecom","__networkName":"شبكة الاتصالات","__layerId":"telecom_assets","__layerName":"مرافق الاتصالات","__assetName":"مرافق الاتصالات","__geometryKind":"point","__featureIndex":1335,"__typeValue":"كونيكتور"},"geometry":{"type":"Point","coordinates":[31.56779534974605,30.270526404504192]}},{"type":"Feature","properties":{"Description":null,"Telecom_Feature_Type":"كونيكتور","Easting":"031° 33' 57.07\" E","Northing":"30° 16' 14.21\" N","ID":"117","GlobalID":"{936E413B-9FD0-42DF-A4F0-6BEB8B9EE40E}","sectors":"القطاع الثاني","Distance":"0","I_D":"0","__networkId":"telecom","__networkName":"شبكة الاتصالات","__layerId":"telecom_assets","__layerName":"مرافق الاتصالات","__assetName":"مرافق الاتصالات","__geometryKind":"point","__featureIndex":1336,"__typeValue":"كونيكتور"},"geometry":{"type":"Point","coordinates":[31.567530777928575,30.270780117561664]}},{"type":"Feature","properties":{"Description":null,"Telecom_Feature_Type":"كونيكتور","Easting":"031° 33' 49.71\" E","Northing":"30° 16' 14.02\" N","ID":"118","GlobalID":"{B67711D6-CFCC-418B-98BA-5D1D2BBEDB6F}","sectors":"القطاع الثاني","Distance":"0","I_D":"0","__networkId":"telecom","__networkName":"شبكة الاتصالات","__layerId":"telecom_assets","__layerName":"مرافق الاتصالات","__assetName":"مرافق الاتصالات","__geometryKind":"point","__featureIndex":1337,"__typeValue":"كونيكتور"},"geometry":{"type":"Point","coordinates":[31.565485778455635,30.270728462623183]}},{"type":"Feature","properties":{"Description":null,"Telecom_Feature_Type":"كونيكتور","Easting":"031° 33' 51.17\" E","Northing":"30° 16' 14.59\" N","ID":"119","GlobalID":"{4E20BF0B-6409-453B-B440-768E932FCC38}","sectors":"القطاع الثاني","Distance":"0","I_D":"0","__networkId":"telecom","__networkName":"شبكة الاتصالات","__layerId":"telecom_assets","__layerName":"مرافق الاتصالات","__assetName":"مرافق الاتصالات","__geometryKind":"point","__featureIndex":1338,"__typeValue":"كونيكتور"},"geometry":{"type":"Point","coordinates":[31.565889607108463,30.270887098592326]}},{"type":"Feature","properties":{"Description":null,"Telecom_Feature_Type":"كونيكتور","Easting":"031° 33' 52.3\" E","Northing":"30° 16' 16.15\" N","ID":"120","GlobalID":"{F63C4EC7-9EE9-4930-8350-4181D0C7DF21}","sectors":"القطاع الثاني","Distance":"0","I_D":"0","__networkId":"telecom","__networkName":"شبكة الاتصالات","__layerId":"telecom_assets","__layerName":"مرافق الاتصالات","__assetName":"مرافق الاتصالات","__geometryKind":"point","__featureIndex":1339,"__typeValue":"كونيكتور"},"geometry":{"type":"Point","coordinates":[31.56620503075753,30.271318067450675]}},{"type":"Feature","properties":{"Description":null,"Telecom_Feature_Type":"كونيكتور","Easting":"031° 33' 53.52\" E","Northing":"30° 16' 17.25\" N","ID":"121","GlobalID":"{E9B7205E-0DC8-4DFC-9C3A-66159B96A041}","sectors":"القطاع الثاني","Distance":"0","I_D":"0","__networkId":"telecom","__networkName":"شبكة الاتصالات","__layerId":"telecom_assets","__layerName":"مرافق الاتصالات","__assetName":"مرافق الاتصالات","__geometryKind":"point","__featureIndex":1340,"__typeValue":"كونيكتور"},"geometry":{"type":"Point","coordinates":[31.566544951464408,30.27162403189428]}},{"type":"Feature","properties":{"Description":null,"Telecom_Feature_Type":"كونيكتور","Easting":"031° 33' 54.94\" E","Northing":"30° 16' 18.53\" N","ID":"122","GlobalID":"{745E7D4C-787C-445D-B90A-DF693CEA9FD7}","sectors":"القطاع الثاني","Distance":"0","I_D":"0","__networkId":"telecom","__networkName":"شبكة الاتصالات","__layerId":"telecom_assets","__layerName":"مرافق الاتصالات","__assetName":"مرافق الاتصالات","__geometryKind":"point","__featureIndex":1341,"__typeValue":"كونيكتور"},"geometry":{"type":"Point","coordinates":[31.566938326422274,30.271981065495677]}},{"type":"Feature","properties":{"Description":null,"Telecom_Feature_Type":"كونيكتور","Easting":"031° 34' 3.42\" E","Northing":"30° 16' 20.48\" N","ID":"123","GlobalID":"{9D4E8424-EC2E-4687-97E9-8D79DC8B7AD5}","sectors":"القطاع الثاني","Distance":"0","I_D":"0","__networkId":"telecom","__networkName":"شبكة الاتصالات","__layerId":"telecom_assets","__layerName":"مرافق الاتصالات","__assetName":"مرافق الاتصالات","__geometryKind":"point","__featureIndex":1342,"__typeValue":"كونيكتور"},"geometry":{"type":"Point","coordinates":[31.56929399386318,30.27252181493948]}},{"type":"Feature","properties":{"Description":null,"Telecom_Feature_Type":"كونيكتور","Easting":"031° 34' 4.77\" E","Northing":"30° 16' 20.88\" N","ID":"124","GlobalID":"{015A2720-D393-4274-AD17-0BF318320EFA}","sectors":"القطاع الثاني","Distance":"0","I_D":"0","__networkId":"telecom","__networkName":"شبكة الاتصالات","__layerId":"telecom_assets","__layerName":"مرافق الاتصالات","__assetName":"مرافق الاتصالات","__geometryKind":"point","__featureIndex":1343,"__typeValue":"كونيكتور"},"geometry":{"type":"Point","coordinates":[31.569668787169384,30.272632804274355]}},{"type":"Feature","properties":{"Description":null,"Telecom_Feature_Type":"كونيكتور","Easting":"031° 34' 3.2\" E","Northing":"30° 16' 17.28\" N","ID":"125","GlobalID":"{F67DC91B-3326-47D0-A155-E0E7822EF448}","sectors":"القطاع الثاني","Distance":"0","I_D":"0","__networkId":"telecom","__networkName":"شبكة الاتصالات","__layerId":"telecom_assets","__layerName":"مرافق الاتصالات","__assetName":"مرافق الاتصالات","__geometryKind":"point","__featureIndex":1344,"__typeValue":"كونيكتور"},"geometry":{"type":"Point","coordinates":[31.569233802247563,30.271631715672523]}},{"type":"Feature","properties":{"Description":null,"Telecom_Feature_Type":"كونيكتور","Easting":"031° 34' 3.22\" E","Northing":"30° 16' 18.83\" N","ID":"126","GlobalID":"{8D2ED089-131E-409F-9A4A-41E45247E91D}","sectors":"القطاع الثاني","Distance":"0","I_D":"0","__networkId":"telecom","__networkName":"شبكة الاتصالات","__layerId":"telecom_assets","__layerName":"مرافق الاتصالات","__assetName":"مرافق الاتصالات","__geometryKind":"point","__featureIndex":1345,"__typeValue":"كونيكتور"},"geometry":{"type":"Point","coordinates":[31.569236905926864,30.27206261764433]}},{"type":"Feature","properties":{"Description":null,"Telecom_Feature_Type":"كونيكتور","Easting":"031° 34' 6.95\" E","Northing":"30° 16' 14.11\" N","ID":"127","GlobalID":"{BE597D12-6E95-401B-B957-33D7AD051BB7}","sectors":"القطاع الثاني","Distance":"0","I_D":"0","__networkId":"telecom","__networkName":"شبكة الاتصالات","__layerId":"telecom_assets","__layerName":"مرافق الاتصالات","__assetName":"مرافق الاتصالات","__geometryKind":"point","__featureIndex":1346,"__typeValue":"كونيكتور"},"geometry":{"type":"Point","coordinates":[31.570273294965123,30.27075180665545]}},{"type":"Feature","properties":{"Description":null,"Telecom_Feature_Type":"كونيكتور","Easting":"031° 34' 8.27\" E","Northing":"30° 16' 13.64\" N","ID":"128","GlobalID":"{C4BDDC81-031B-4329-ADBD-F3AD20896F32}","sectors":"القطاع الثاني","Distance":"0","I_D":"0","__networkId":"telecom","__networkName":"شبكة الاتصالات","__layerId":"telecom_assets","__layerName":"مرافق الاتصالات","__assetName":"مرافق الاتصالات","__geometryKind":"point","__featureIndex":1347,"__typeValue":"كونيكتور"},"geometry":{"type":"Point","coordinates":[31.570639751905496,30.27062123625619]}},{"type":"Feature","properties":{"Description":null,"Telecom_Feature_Type":"كونيكتور","Easting":"031° 34' 9.07\" E","Northing":"30° 16' 13.01\" N","ID":"129","GlobalID":"{2E24304B-668A-4735-98D5-469A4FE88C5E}","sectors":"القطاع الثاني","Distance":"0","I_D":"0","__networkId":"telecom","__networkName":"شبكة الاتصالات","__layerId":"telecom_assets","__layerName":"مرافق الاتصالات","__assetName":"مرافق الاتصالات","__geometryKind":"point","__featureIndex":1348,"__typeValue":"كونيكتور"},"geometry":{"type":"Point","coordinates":[31.57086431635347,30.27044809872503]}},{"type":"Feature","properties":{"Description":null,"Telecom_Feature_Type":"كونيكتور","Easting":"031° 34' 10.04\" E","Northing":"30° 16' 12.66\" N","ID":"130","GlobalID":"{1A820425-8D54-49A6-8D3C-470299D0832A}","sectors":"القطاع الثاني","Distance":"0","I_D":"0","__networkId":"telecom","__networkName":"شبكة الاتصالات","__layerId":"telecom_assets","__layerName":"مرافق الاتصالات","__assetName":"مرافق الاتصالات","__geometryKind":"point","__featureIndex":1349,"__typeValue":"كونيكتور"},"geometry":{"type":"Point","coordinates":[31.571133510901415,30.27034831697303]}},{"type":"Feature","properties":{"Description":null,"Telecom_Feature_Type":"كونيكتور","Easting":"031° 34' 8.4\" E","Northing":"30° 16' 17.17\" N","ID":"131","GlobalID":"{EC9008AE-0CDE-426F-BC7B-8DB47D7ECD7E}","sectors":"القطاع الثاني","Distance":"0","I_D":"0","__networkId":"telecom","__networkName":"شبكة الاتصالات","__layerId":"telecom_assets","__layerName":"مرافق الاتصالات","__assetName":"مرافق الاتصالات","__geometryKind":"point","__featureIndex":1350,"__typeValue":"كونيكتور"},"geometry":{"type":"Point","coordinates":[31.5706775907419,30.27160374327204]}},{"type":"Feature","properties":{"Description":null,"Telecom_Feature_Type":"كونيكتور","Easting":"031° 34' 9.82\" E","Northing":"30° 16' 17.11\" N","ID":"132","GlobalID":"{DB0B0E95-F2A6-46FC-807B-D6E20914A8B8}","sectors":"القطاع الثاني","Distance":"0","I_D":"0","__networkId":"telecom","__networkName":"شبكة الاتصالات","__layerId":"telecom_assets","__layerName":"مرافق الاتصالات","__assetName":"مرافق الاتصالات","__geometryKind":"point","__featureIndex":1351,"__typeValue":"كونيكتور"},"geometry":{"type":"Point","coordinates":[31.57107280365283,30.271586058318]}},{"type":"Feature","properties":{"Description":null,"Telecom_Feature_Type":"كونيكتور","Easting":"031° 34' 10.83\" E","Northing":"30° 16' 16.76\" N","ID":"133","GlobalID":"{6DBCFD98-197B-4578-BD10-C77E77913103}","sectors":"القطاع الثاني","Distance":"0","I_D":"0","__networkId":"telecom","__networkName":"شبكة الاتصالات","__layerId":"telecom_assets","__layerName":"مرافق الاتصالات","__assetName":"مرافق الاتصالات","__geometryKind":"point","__featureIndex":1352,"__typeValue":"كونيكتور"},"geometry":{"type":"Point","coordinates":[31.57135287859548,30.271487439911375]}},{"type":"Feature","properties":{"Description":null,"Telecom_Feature_Type":"كونيكتور","Easting":"031° 34' 11.01\" E","Northing":"30° 16' 19.92\" N","ID":"134","GlobalID":"{9744CB64-FFB2-45A4-A9DA-034D38D18AAD}","sectors":"القطاع الثاني","Distance":"0","I_D":"0","__networkId":"telecom","__networkName":"شبكة الاتصالات","__layerId":"telecom_assets","__layerName":"مرافق الاتصالات","__assetName":"مرافق الاتصالات","__geometryKind":"point","__featureIndex":1353,"__typeValue":"كونيكتور"},"geometry":{"type":"Point","coordinates":[31.57140169214969,30.27236694433878]}},{"type":"Feature","properties":{"Description":null,"Telecom_Feature_Type":"كونيكتور","Easting":"031° 34' 7.81\" E","Northing":"30° 16' 20.55\" N","ID":"135","GlobalID":"{E6C6B2CD-3B46-4AA4-A706-A67FEC0924BD}","sectors":"القطاع الثاني","Distance":"0","I_D":"0","__networkId":"telecom","__networkName":"شبكة الاتصالات","__layerId":"telecom_assets","__layerName":"مرافق الاتصالات","__assetName":"مرافق الاتصالات","__geometryKind":"point","__featureIndex":1354,"__typeValue":"كونيكتور"},"geometry":{"type":"Point","coordinates":[31.570514043461273,30.272541797699446]}},{"type":"Feature","properties":{"Description":null,"Telecom_Feature_Type":"كونيكتور","Easting":"031° 34' 9.19\" E","Northing":"30° 16' 20.84\" N","ID":"136","GlobalID":"{3F12C81F-D464-4350-A01B-E55F8E3656F2}","sectors":"القطاع الثاني","Distance":"0","I_D":"0","__networkId":"telecom","__networkName":"شبكة الاتصالات","__layerId":"telecom_assets","__layerName":"مرافق الاتصالات","__assetName":"مرافق الاتصالات","__geometryKind":"point","__featureIndex":1355,"__typeValue":"كونيكتور"},"geometry":{"type":"Point","coordinates":[31.570895390875766,30.27262308560413]}},{"type":"Feature","properties":{"Description":null,"Telecom_Feature_Type":"كونيكتور","Easting":"031° 34' 10.28\" E","Northing":"30° 16' 20.74\" N","ID":"137","GlobalID":"{966C17D8-099F-4667-96F2-37E05884836F}","sectors":"القطاع الثاني","Distance":"0","I_D":"0","__networkId":"telecom","__networkName":"شبكة الاتصالات","__layerId":"telecom_assets","__layerName":"مرافق الاتصالات","__assetName":"مرافق الاتصالات","__geometryKind":"point","__featureIndex":1356,"__typeValue":"كونيكتور"},"geometry":{"type":"Point","coordinates":[31.571200043724605,30.272592794565785]}},{"type":"Feature","properties":{"Description":null,"Telecom_Feature_Type":"كونيكتور","Easting":"031° 34' 2.67\" E","Northing":"30° 16' 26.22\" N","ID":"138","GlobalID":"{26DBC5CC-9ED7-45E6-AF4B-809FFCF293C3}","sectors":"القطاع الثاني","Distance":"0","I_D":"0","__networkId":"telecom","__networkName":"شبكة الاتصالات","__layerId":"telecom_assets","__layerName":"مرافق الاتصالات","__assetName":"مرافق الاتصالات","__geometryKind":"point","__featureIndex":1357,"__typeValue":"كونيكتور"},"geometry":{"type":"Point","coordinates":[31.56908477264026,30.274115644691683]}},{"type":"Feature","properties":{"Description":null,"Telecom_Feature_Type":"كونيكتور","Easting":"031° 34' 1.29\" E","Northing":"30° 16' 24.86\" N","ID":"139","GlobalID":"{39D58C53-17D8-4AAB-8B2E-044F8F4FEFC1}","sectors":"القطاع الثاني","Distance":"0","I_D":"0","__networkId":"telecom","__networkName":"شبكة الاتصالات","__layerId":"telecom_assets","__layerName":"مرافق الاتصالات","__assetName":"مرافق الاتصالات","__geometryKind":"point","__featureIndex":1358,"__typeValue":"كونيكتور"},"geometry":{"type":"Point","coordinates":[31.56870224394115,30.273739335346225]}},{"type":"Feature","properties":{"Description":null,"Telecom_Feature_Type":"كونيكتور","Easting":"031° 34' 0.53\" E","Northing":"30° 16' 23.44\" N","ID":"140","GlobalID":"{919F6EEA-0F9C-4562-B94B-8E7B32BD3E29}","sectors":"القطاع الثاني","Distance":"0","I_D":"0","__networkId":"telecom","__networkName":"شبكة الاتصالات","__layerId":"telecom_assets","__layerName":"مرافق الاتصالات","__assetName":"مرافق الاتصالات","__geometryKind":"point","__featureIndex":1359,"__typeValue":"كونيكتور"},"geometry":{"type":"Point","coordinates":[31.568490970067764,30.27334390078931]}},{"type":"Feature","properties":{"Description":null,"Telecom_Feature_Type":"كونيكتور","Easting":"031° 34' 1.6\" E","Northing":"30° 16' 22.64\" N","ID":"141","GlobalID":"{6F14E736-7C08-4979-996B-D25CF25FB58E}","sectors":"القطاع الثاني","Distance":"0","I_D":"0","__networkId":"telecom","__networkName":"شبكة الاتصالات","__layerId":"telecom_assets","__layerName":"مرافق الاتصالات","__assetName":"مرافق الاتصالات","__geometryKind":"point","__featureIndex":1360,"__typeValue":"كونيكتور"},"geometry":{"type":"Point","coordinates":[31.568788364529116,30.273120674541797]}},{"type":"Feature","properties":{"Description":null,"Telecom_Feature_Type":"كونيكتور","Easting":"031° 34' 7.93\" E","Northing":"30° 16' 22.94\" N","ID":"142","GlobalID":"{D990BBF2-C67F-45FB-B7F0-86A26F323C85}","sectors":"القطاع الثاني","Distance":"0","I_D":"0","__networkId":"telecom","__networkName":"شبكة الاتصالات","__layerId":"telecom_assets","__layerName":"مرافق الاتصالات","__assetName":"مرافق الاتصالات","__geometryKind":"point","__featureIndex":1361,"__typeValue":"كونيكتور"},"geometry":{"type":"Point","coordinates":[31.570547650334355,30.2732064003949]}},{"type":"Feature","properties":{"Description":null,"Telecom_Feature_Type":"كونيكتور","Easting":"031° 34' 6.79\" E","Northing":"30° 16' 22.2\" N","ID":"143","GlobalID":"{CAEFCF3C-F311-4A9D-A581-830CBDA161C1}","sectors":"القطاع الثاني","Distance":"0","I_D":"0","__networkId":"telecom","__networkName":"شبكة الاتصالات","__layerId":"telecom_assets","__layerName":"مرافق الاتصالات","__assetName":"مرافق الاتصالات","__geometryKind":"point","__featureIndex":1362,"__typeValue":"كونيكتور"},"geometry":{"type":"Point","coordinates":[31.570230925924754,30.273000115306335]}},{"type":"Feature","properties":{"Description":null,"Telecom_Feature_Type":"كونيكتور","Easting":"031° 34' 8.54\" E","Northing":"30° 16' 23.75\" N","ID":"144","GlobalID":"{9419BBF7-20E1-4618-8149-ABD3A7A4A2F5}","sectors":"القطاع الثاني","Distance":"0","I_D":"0","__networkId":"telecom","__networkName":"شبكة الاتصالات","__layerId":"telecom_assets","__layerName":"مرافق الاتصالات","__assetName":"مرافق الاتصالات","__geometryKind":"point","__featureIndex":1363,"__typeValue":"كونيكتور"},"geometry":{"type":"Point","coordinates":[31.570715228355656,30.273430253303193]}},{"type":"Feature","properties":{"Description":null,"Telecom_Feature_Type":"كونيكتور","Easting":"031° 33' 44.1\" E","Northing":"30° 16' 14.94\" N","ID":"145","GlobalID":"{9EF3776A-C83F-4A42-B6AB-9847C0A08D94}","sectors":"القطاع الاول","Distance":"0","I_D":"0","__networkId":"telecom","__networkName":"شبكة الاتصالات","__layerId":"telecom_assets","__layerName":"مرافق الاتصالات","__assetName":"مرافق الاتصالات","__geometryKind":"point","__featureIndex":1364,"__typeValue":"كونيكتور"},"geometry":{"type":"Point","coordinates":[31.56392666244853,30.270982636001953]}},{"type":"Feature","properties":{"Description":null,"Telecom_Feature_Type":"كونيكتور","Easting":"031° 33' 45.75\" E","Northing":"30° 16' 14.6\" N","ID":"146","GlobalID":"{0244E14C-D77F-4DF7-A6BF-91D308D27206}","sectors":"القطاع الاول","Distance":"0","I_D":"0","__networkId":"telecom","__networkName":"شبكة الاتصالات","__layerId":"telecom_assets","__layerName":"مرافق الاتصالات","__assetName":"مرافق الاتصالات","__geometryKind":"point","__featureIndex":1365,"__typeValue":"كونيكتور"},"geometry":{"type":"Point","coordinates":[31.56438491373621,30.270887822443214]}},{"type":"Feature","properties":{"Description":null,"Telecom_Feature_Type":"كونيكتور","Easting":"031° 33' 43.46\" E","Northing":"30° 16' 18.06\" N","ID":"147","GlobalID":"{6756BF51-6D77-45A3-BE3A-0C6AC811A214}","sectors":"القطاع الاول","Distance":"0","I_D":"0","__networkId":"telecom","__networkName":"شبكة الاتصالات","__layerId":"telecom_assets","__layerName":"مرافق الاتصالات","__assetName":"مرافق الاتصالات","__geometryKind":"point","__featureIndex":1366,"__typeValue":"كونيكتور"},"geometry":{"type":"Point","coordinates":[31.563748765479534,30.2718507480985]}},{"type":"Feature","properties":{"Description":null,"Telecom_Feature_Type":"كونيكتور","Easting":"031° 33' 51.53\" E","Northing":"30° 16' 27.59\" N","ID":"148","GlobalID":"{68C032E3-1E6C-42A5-9BB4-6C06943FA17C}","sectors":"القطاع الاول","Distance":"0","I_D":"0","__networkId":"telecom","__networkName":"شبكة الاتصالات","__layerId":"telecom_assets","__layerName":"مرافق الاتصالات","__assetName":"مرافق الاتصالات","__geometryKind":"point","__featureIndex":1367,"__typeValue":"كونيكتور"},"geometry":{"type":"Point","coordinates":[31.565990937970813,30.2744957687699]}},{"type":"Feature","properties":{"Description":null,"Telecom_Feature_Type":"كونيكتور","Easting":"031° 33' 52.62\" E","Northing":"30° 16' 25.75\" N","ID":"149","GlobalID":"{D8D4B150-B7FF-41EF-AF75-831BA8A73F26}","sectors":"القطاع الاول","Distance":"0","I_D":"0","__networkId":"telecom","__networkName":"شبكة الاتصالات","__layerId":"telecom_assets","__layerName":"مرافق الاتصالات","__assetName":"مرافق الاتصالات","__geometryKind":"point","__featureIndex":1368,"__typeValue":"كونيكتور"},"geometry":{"type":"Point","coordinates":[31.566292714414114,30.27398445734546]}},{"type":"Feature","properties":{"Description":null,"Telecom_Feature_Type":"كونيكتور","Easting":"031° 33' 51.7\" E","Northing":"30° 16' 24.85\" N","ID":"150","GlobalID":"{9CB9D8CF-8906-4DCC-AC28-BCED88258151}","sectors":"القطاع الاول","Distance":"0","I_D":"0","__networkId":"telecom","__networkName":"شبكة الاتصالات","__layerId":"telecom_assets","__layerName":"مرافق الاتصالات","__assetName":"مرافق الاتصالات","__geometryKind":"point","__featureIndex":1369,"__typeValue":"كونيكتور"},"geometry":{"type":"Point","coordinates":[31.566039348181498,30.27373513201261]}},{"type":"Feature","properties":{"Description":null,"Telecom_Feature_Type":"كونيكتور","Easting":"031° 33' 50.53\" E","Northing":"30° 16' 23.69\" N","ID":"151","GlobalID":"{2A58C9D2-426D-4CEB-A0D3-70538CFE98A8}","sectors":"القطاع الاول","Distance":"0","I_D":"0","__networkId":"telecom","__networkName":"شبكة الاتصالات","__layerId":"telecom_assets","__layerName":"مرافق الاتصالات","__assetName":"مرافق الاتصالات","__geometryKind":"point","__featureIndex":1370,"__typeValue":"كونيكتور"},"geometry":{"type":"Point","coordinates":[31.56571397479231,30.27341494654093]}},{"type":"Feature","properties":{"Description":null,"Telecom_Feature_Type":"كونيكتور","Easting":"031° 33' 49.75\" E","Northing":"30° 16' 38.66\" N","ID":"152","GlobalID":"{7E8B7C2B-20B2-486D-AC6B-9D45C0494BD3}","sectors":"القطاع الثالث","Distance":"0","I_D":"0","__networkId":"telecom","__networkName":"شبكة الاتصالات","__layerId":"telecom_assets","__layerName":"مرافق الاتصالات","__assetName":"مرافق الاتصالات","__geometryKind":"point","__featureIndex":1371,"__typeValue":"كونيكتور"},"geometry":{"type":"Point","coordinates":[31.565495268258307,30.27757178601586]}},{"type":"Feature","properties":{"Description":null,"Telecom_Feature_Type":"كونيكتور","Easting":"031° 33' 46.91\" E","Northing":"30° 16' 36.91\" N","ID":"153","GlobalID":"{6DD1A998-FFA5-4292-A6E9-C6C8CD5930D7}","sectors":"القطاع الثالث","Distance":"0","I_D":"0","__networkId":"telecom","__networkName":"شبكة الاتصالات","__layerId":"telecom_assets","__layerName":"مرافق الاتصالات","__assetName":"مرافق الاتصالات","__geometryKind":"point","__featureIndex":1372,"__typeValue":"كونيكتور"},"geometry":{"type":"Point","coordinates":[31.564708221000206,30.277084692709913]}},{"type":"Feature","properties":{"Description":null,"Telecom_Feature_Type":"كونيكتور","Easting":"031° 33' 47.02\" E","Northing":"30° 16' 36.59\" N","ID":"154","GlobalID":"{981055D5-4FA6-4438-BF39-1EFCD6ED538B}","sectors":"القطاع الثالث","Distance":"0","I_D":"0","__networkId":"telecom","__networkName":"شبكة الاتصالات","__layerId":"telecom_assets","__layerName":"مرافق الاتصالات","__assetName":"مرافق الاتصالات","__geometryKind":"point","__featureIndex":1373,"__typeValue":"كونيكتور"},"geometry":{"type":"Point","coordinates":[31.564737723470778,30.276996619620686]}},{"type":"Feature","properties":{"Description":null,"Telecom_Feature_Type":"كونيكتور","Easting":"031° 33' 44.95\" E","Northing":"30° 16' 35.36\" N","ID":"155","GlobalID":"{EC33D0C5-7F96-445B-B89C-FACB25495284}","sectors":"القطاع الثالث","Distance":"0","I_D":"0","__networkId":"telecom","__networkName":"شبكة الاتصالات","__layerId":"telecom_assets","__layerName":"مرافق الاتصالات","__assetName":"مرافق الاتصالات","__geometryKind":"point","__featureIndex":1374,"__typeValue":"كونيكتور"},"geometry":{"type":"Point","coordinates":[31.564162854689542,30.276655026890683]}},{"type":"Feature","properties":{"Description":null,"Telecom_Feature_Type":"كونيكتور","Easting":"031° 33' 43.18\" E","Northing":"30° 16' 38.79\" N","ID":"156","GlobalID":"{7B68B59C-C546-4BF3-AEEC-93C3CB2B3B8B}","sectors":"القطاع الثالث","Distance":"0","I_D":"0","__networkId":"telecom","__networkName":"شبكة الاتصالات","__layerId":"telecom_assets","__layerName":"مرافق الاتصالات","__assetName":"مرافق الاتصالات","__geometryKind":"point","__featureIndex":1375,"__typeValue":"كونيكتور"},"geometry":{"type":"Point","coordinates":[31.56367098844394,30.2776071615215]}},{"type":"Feature","properties":{"Description":null,"Telecom_Feature_Type":"كونيكتور","Easting":"031° 33' 43.23\" E","Northing":"30° 16' 32.45\" N","ID":"157","GlobalID":"{7C0B8AC5-848A-4FAB-847F-A641697F9CCE}","sectors":"القطاع الثالث","Distance":"0","I_D":"0","__networkId":"telecom","__networkName":"شبكة الاتصالات","__layerId":"telecom_assets","__layerName":"مرافق الاتصالات","__assetName":"مرافق الاتصالات","__geometryKind":"point","__featureIndex":1376,"__typeValue":"كونيكتور"},"geometry":{"type":"Point","coordinates":[31.563685349810374,30.275846705731055]}},{"type":"Feature","properties":{"Description":null,"Telecom_Feature_Type":"كونيكتور","Easting":"031° 33' 8.65\" E","Northing":"30° 16' 39.19\" N","ID":"158","GlobalID":"{ED02B44D-BD11-4B6E-8F3E-6BB947C000A0}","sectors":"القطاع الخامس","Distance":"0","I_D":"0","__networkId":"telecom","__networkName":"شبكة الاتصالات","__layerId":"telecom_assets","__layerName":"مرافق الاتصالات","__assetName":"مرافق الاتصالات","__geometryKind":"point","__featureIndex":1377,"__typeValue":"كونيكتور"},"geometry":{"type":"Point","coordinates":[31.55408098500074,30.277719600464636]}},{"type":"Feature","properties":{"Description":null,"Telecom_Feature_Type":"كونيكتور","Easting":"031° 33' 17.61\" E","Northing":"30° 15' 50.87\" N","ID":"159","GlobalID":"{00719D49-0900-4CED-BF33-CC35A3C2FAFF}","sectors":"القطاع الثاني","Distance":"0","I_D":"0","__networkId":"telecom","__networkName":"شبكة الاتصالات","__layerId":"telecom_assets","__layerName":"مرافق الاتصالات","__assetName":"مرافق الاتصالات","__geometryKind":"point","__featureIndex":1378,"__typeValue":"كونيكتور"},"geometry":{"type":"Point","coordinates":[31.556567203703583,30.264296741032794]}},{"type":"Feature","properties":{"Description":null,"Telecom_Feature_Type":"كونيكتور","Easting":"031° 33' 18.67\" E","Northing":"30° 15' 51.69\" N","ID":"160","GlobalID":"{B0F9E6CD-5D31-4ED5-B502-91B59BC10B6E}","sectors":"القطاع الثاني","Distance":"0","I_D":"0","__networkId":"telecom","__networkName":"شبكة الاتصالات","__layerId":"telecom_assets","__layerName":"مرافق الاتصالات","__assetName":"مرافق الاتصالات","__geometryKind":"point","__featureIndex":1379,"__typeValue":"كونيكتور"},"geometry":{"type":"Point","coordinates":[31.556862398190784,30.264523540884376]}},{"type":"Feature","properties":{"Description":null,"Telecom_Feature_Type":"كونيكتور","Easting":"031° 33' 19.24\" E","Northing":"30° 15' 52.79\" N","ID":"161","GlobalID":"{A4D0815F-1E44-4B2D-BB43-F073A5C47A23}","sectors":"القطاع الثاني","Distance":"0","I_D":"0","__networkId":"telecom","__networkName":"شبكة الاتصالات","__layerId":"telecom_assets","__layerName":"مرافق الاتصالات","__assetName":"مرافق الاتصالات","__geometryKind":"point","__featureIndex":1380,"__typeValue":"كونيكتور"},"geometry":{"type":"Point","coordinates":[31.557020436103777,30.264828902696717]}},{"type":"Feature","properties":{"Description":null,"Telecom_Feature_Type":"كونيكتور","Easting":"031° 33' 20.18\" E","Northing":"30° 15' 53.26\" N","ID":"162","GlobalID":"{465371CE-AED5-440B-8798-E2B0AB022732}","sectors":"القطاع الثاني","Distance":"0","I_D":"0","__networkId":"telecom","__networkName":"شبكة الاتصالات","__layerId":"telecom_assets","__layerName":"مرافق الاتصالات","__assetName":"مرافق الاتصالات","__geometryKind":"point","__featureIndex":1381,"__typeValue":"كونيكتور"},"geometry":{"type":"Point","coordinates":[31.557282048870718,30.264960587202403]}},{"type":"Feature","properties":{"Description":null,"Telecom_Feature_Type":"كونيكتور","Easting":"031° 33' 17.9\" E","Northing":"30° 15' 53.22\" N","ID":"163","GlobalID":"{CD7E227D-13B5-4D8F-B34A-22DBDBF2DA30}","sectors":"القطاع الثاني","Distance":"0","I_D":"0","__networkId":"telecom","__networkName":"شبكة الاتصالات","__layerId":"telecom_assets","__layerName":"مرافق الاتصالات","__assetName":"مرافق الاتصالات","__geometryKind":"point","__featureIndex":1382,"__typeValue":"كونيكتور"},"geometry":{"type":"Point","coordinates":[31.55664882193537,30.264950582249362]}},{"type":"Feature","properties":{"Description":null,"Telecom_Feature_Type":"كونيكتور","Easting":"031° 33' 18.86\" E","Northing":"30° 15' 53.7\" N","ID":"164","GlobalID":"{C42B6AED-745E-461D-AC42-34A63E5B67D3}","sectors":"القطاع الثاني","Distance":"0","I_D":"0","__networkId":"telecom","__networkName":"شبكة الاتصالات","__layerId":"telecom_assets","__layerName":"مرافق الاتصالات","__assetName":"مرافق الاتصالات","__geometryKind":"point","__featureIndex":1383,"__typeValue":"كونيكتور"},"geometry":{"type":"Point","coordinates":[31.556916714824446,30.26508180261713]}},{"type":"Feature","properties":{"Description":null,"Telecom_Feature_Type":"كونيكتور","Easting":"031° 33' 19.23\" E","Northing":"30° 15' 54.56\" N","ID":"165","GlobalID":"{C2A143E7-9839-4FDF-A938-EDF4A293C77D}","sectors":"القطاع الثاني","Distance":"0","I_D":"0","__networkId":"telecom","__networkName":"شبكة الاتصالات","__layerId":"telecom_assets","__layerName":"مرافق الاتصالات","__assetName":"مرافق الاتصالات","__geometryKind":"point","__featureIndex":1384,"__typeValue":"كونيكتور"},"geometry":{"type":"Point","coordinates":[31.557017681869112,30.26532257883084]}},{"type":"Feature","properties":{"Description":null,"Telecom_Feature_Type":"كونيكتور","Easting":"031° 33' 15.05\" E","Northing":"30° 15' 55.66\" N","ID":"166","GlobalID":"{48B37A37-A44E-42F9-8ECB-6552C03CFA8B}","sectors":"القطاع الثاني","Distance":"0","I_D":"0","__networkId":"telecom","__networkName":"شبكة الاتصالات","__layerId":"telecom_assets","__layerName":"مرافق الاتصالات","__assetName":"مرافق الاتصالات","__geometryKind":"point","__featureIndex":1385,"__typeValue":"كونيكتور"},"geometry":{"type":"Point","coordinates":[31.55585720045584,30.26562788462296]}},{"type":"Feature","properties":{"Description":null,"Telecom_Feature_Type":"كونيكتور","Easting":"031° 33' 15.84\" E","Northing":"30° 15' 56.28\" N","ID":"167","GlobalID":"{30B3050B-8895-4555-8A08-82D3430E9AF6}","sectors":"القطاع الثاني","Distance":"0","I_D":"0","__networkId":"telecom","__networkName":"شبكة الاتصالات","__layerId":"telecom_assets","__layerName":"مرافق الاتصالات","__assetName":"مرافق الاتصالات","__geometryKind":"point","__featureIndex":1386,"__typeValue":"كونيكتور"},"geometry":{"type":"Point","coordinates":[31.556076139653527,30.26579950684285]}},{"type":"Feature","properties":{"Description":null,"Telecom_Feature_Type":"كونيكتور","Easting":"031° 33' 18.21\" E","Northing":"30° 15' 56.92\" N","ID":"168","GlobalID":"{55FFD4ED-9E7D-4FC9-86C3-921196CBE11C}","sectors":"القطاع الثاني","Distance":"0","I_D":"0","__networkId":"telecom","__networkName":"شبكة الاتصالات","__layerId":"telecom_assets","__layerName":"مرافق الاتصالات","__assetName":"مرافق الاتصالات","__geometryKind":"point","__featureIndex":1387,"__typeValue":"كونيكتور"},"geometry":{"type":"Point","coordinates":[31.556734709859654,30.26597606717804]}},{"type":"Feature","properties":{"Description":null,"Telecom_Feature_Type":"كونيكتور","Easting":"031° 33' 14.65\" E","Northing":"30° 15' 57.04\" N","ID":"169","GlobalID":"{48D8612E-45AC-4507-B394-BBAD6420DC16}","sectors":"القطاع الثاني","Distance":"0","I_D":"0","__networkId":"telecom","__networkName":"شبكة الاتصالات","__layerId":"telecom_assets","__layerName":"مرافق الاتصالات","__assetName":"مرافق الاتصالات","__geometryKind":"point","__featureIndex":1388,"__typeValue":"كونيكتور"},"geometry":{"type":"Point","coordinates":[31.555747123595875,30.2660112366021]}},{"type":"Feature","properties":{"Description":null,"Telecom_Feature_Type":"كونيكتور","Easting":"031° 33' 15.71\" E","Northing":"30° 15' 57.19\" N","ID":"170","GlobalID":"{BD0C37E6-9764-4A97-9409-9462673BD619}","sectors":"القطاع الثاني","Distance":"0","I_D":"0","__networkId":"telecom","__networkName":"شبكة الاتصالات","__layerId":"telecom_assets","__layerName":"مرافق الاتصالات","__assetName":"مرافق الاتصالات","__geometryKind":"point","__featureIndex":1389,"__typeValue":"كونيكتور"},"geometry":{"type":"Point","coordinates":[31.556040790947073,30.266052865129875]}},{"type":"Feature","properties":{"Description":null,"Telecom_Feature_Type":"كونيكتور","Easting":"031° 33' 16.47\" E","Northing":"30° 15' 57.86\" N","ID":"171","GlobalID":"{ED208B66-1951-4D04-B66F-4FEBE6511F34}","sectors":"القطاع الثاني","Distance":"0","I_D":"0","__networkId":"telecom","__networkName":"شبكة الاتصالات","__layerId":"telecom_assets","__layerName":"مرافق الاتصالات","__assetName":"مرافق الاتصالات","__geometryKind":"point","__featureIndex":1390,"__typeValue":"كونيكتور"},"geometry":{"type":"Point","coordinates":[31.55625122848893,30.26623978905932]}},{"type":"Feature","properties":{"Description":null,"Telecom_Feature_Type":"كونيكتور","Easting":"031° 33' 17.74\" E","Northing":"30° 15' 58.42\" N","ID":"172","GlobalID":"{F70BEB9B-0557-4248-8867-32039F12729C}","sectors":"القطاع الثاني","Distance":"0","I_D":"0","__networkId":"telecom","__networkName":"شبكة الاتصالات","__layerId":"telecom_assets","__layerName":"مرافق الاتصالات","__assetName":"مرافق الاتصالات","__geometryKind":"point","__featureIndex":1391,"__typeValue":"كونيكتور"},"geometry":{"type":"Point","coordinates":[31.55660522399967,30.266393582336477]}},{"type":"Feature","properties":{"Description":null,"Telecom_Feature_Type":"كونيكتور","Easting":"031° 33' 23.33\" E","Northing":"30° 15' 56.38\" N","ID":"173","GlobalID":"{AF76B5F3-499A-43CF-B963-420F38C206DE}","sectors":"القطاع الثاني","Distance":"0","I_D":"0","__networkId":"telecom","__networkName":"شبكة الاتصالات","__layerId":"telecom_assets","__layerName":"مرافق الاتصالات","__assetName":"مرافق الاتصالات","__geometryKind":"point","__featureIndex":1392,"__typeValue":"كونيكتور"},"geometry":{"type":"Point","coordinates":[31.558157138213147,30.265828023231407]}},{"type":"Feature","properties":{"Description":null,"Telecom_Feature_Type":"كونيكتور","Easting":"031° 33' 24.06\" E","Northing":"30° 15' 57.45\" N","ID":"174","GlobalID":"{AAE971A0-5B63-4813-A04A-249DB822A837}","sectors":"القطاع الثاني","Distance":"0","I_D":"0","__networkId":"telecom","__networkName":"شبكة الاتصالات","__layerId":"telecom_assets","__layerName":"مرافق الاتصالات","__assetName":"مرافق الاتصالات","__geometryKind":"point","__featureIndex":1393,"__typeValue":"كونيكتور"},"geometry":{"type":"Point","coordinates":[31.55835972986928,30.266124165212297]}},{"type":"Feature","properties":{"Description":null,"Telecom_Feature_Type":"كونيكتور","Easting":"031° 33' 24.89\" E","Northing":"30° 15' 58.06\" N","ID":"175","GlobalID":"{6C109B62-2B02-4C72-89E0-29FA2FF3D3E0}","sectors":"القطاع الثاني","Distance":"0","I_D":"0","__networkId":"telecom","__networkName":"شبكة الاتصالات","__layerId":"telecom_assets","__layerName":"مرافق الاتصالات","__assetName":"مرافق الاتصالات","__geometryKind":"point","__featureIndex":1394,"__typeValue":"كونيكتور"},"geometry":{"type":"Point","coordinates":[31.558589855787194,30.26629345973683]}},{"type":"Feature","properties":{"Description":null,"Telecom_Feature_Type":"كونيكتور","Easting":"031° 33' 25.95\" E","Northing":"30° 15' 57.89\" N","ID":"176","GlobalID":"{C5B03A0B-3243-4CE7-8C48-BD86763CFF40}","sectors":"القطاع الثاني","Distance":"0","I_D":"0","__networkId":"telecom","__networkName":"شبكة الاتصالات","__layerId":"telecom_assets","__layerName":"مرافق الاتصالات","__assetName":"مرافق الاتصالات","__geometryKind":"point","__featureIndex":1395,"__typeValue":"كونيكتور"},"geometry":{"type":"Point","coordinates":[31.558885253293663,30.26624703877279]}},{"type":"Feature","properties":{"Description":null,"Telecom_Feature_Type":"كونيكتور","Easting":"031° 33' 28.12\" E","Northing":"30° 15' 57.09\" N","ID":"177","GlobalID":"{2CA5ED59-0519-41AE-BF2D-FEE2A19390D7}","sectors":"القطاع الثاني","Distance":"0","I_D":"0","__networkId":"telecom","__networkName":"شبكة الاتصالات","__layerId":"telecom_assets","__layerName":"مرافق الاتصالات","__assetName":"مرافق الاتصالات","__geometryKind":"point","__featureIndex":1396,"__typeValue":"كونيكتور"},"geometry":{"type":"Point","coordinates":[31.55948787732223,30.26602457613652]}},{"type":"Feature","properties":{"Description":null,"Telecom_Feature_Type":"كونيكتور","Easting":"031° 33' 27.75\" E","Northing":"30° 15' 56.23\" N","ID":"178","GlobalID":"{C4C55A76-1C0A-45C1-BDBD-FC948AB9BC03}","sectors":"القطاع الثاني","Distance":"0","I_D":"0","__networkId":"telecom","__networkName":"شبكة الاتصالات","__layerId":"telecom_assets","__layerName":"مرافق الاتصالات","__assetName":"مرافق الاتصالات","__geometryKind":"point","__featureIndex":1397,"__typeValue":"كونيكتور"},"geometry":{"type":"Point","coordinates":[31.559385208868395,30.265786340297204]}},{"type":"Feature","properties":{"Description":null,"Telecom_Feature_Type":"كونيكتور","Easting":"031° 33' 27.71\" E","Northing":"30° 15' 55.01\" N","ID":"179","GlobalID":"{EBBC1B39-EE54-42F8-B1D1-FE20774A1224}","sectors":"القطاع الثاني","Distance":"0","I_D":"0","__networkId":"telecom","__networkName":"شبكة الاتصالات","__layerId":"telecom_assets","__layerName":"مرافق الاتصالات","__assetName":"مرافق الاتصالات","__geometryKind":"point","__featureIndex":1398,"__typeValue":"كونيكتور"},"geometry":{"type":"Point","coordinates":[31.55937518277152,30.265445617104028]}},{"type":"Feature","properties":{"Description":null,"Telecom_Feature_Type":"كونيكتور","Easting":"031° 33' 31.54\" E","Northing":"30° 15' 57.96\" N","ID":"180","GlobalID":"{28CECA25-0BA5-4CC8-91F0-8BEC23DAE765}","sectors":"القطاع الثاني","Distance":"0","I_D":"0","__networkId":"telecom","__networkName":"شبكة الاتصالات","__layerId":"telecom_assets","__layerName":"مرافق الاتصالات","__assetName":"مرافق الاتصالات","__geometryKind":"point","__featureIndex":1399,"__typeValue":"كونيكتور"},"geometry":{"type":"Point","coordinates":[31.56043784753181,30.266266073147445]}},{"type":"Feature","properties":{"Description":null,"Telecom_Feature_Type":"كونيكتور","Easting":"031° 33' 33.9\" E","Northing":"30° 15' 56.09\" N","ID":"181","GlobalID":"{FB39F86F-7FAC-4B57-B3C1-69A8B26E0DA4}","sectors":"القطاع الثاني","Distance":"0","I_D":"0","__networkId":"telecom","__networkName":"شبكة الاتصالات","__layerId":"telecom_assets","__layerName":"مرافق الاتصالات","__assetName":"مرافق الاتصالات","__geometryKind":"point","__featureIndex":1400,"__typeValue":"كونيكتور"},"geometry":{"type":"Point","coordinates":[31.56109318290462,30.265746776252435]}},{"type":"Feature","properties":{"Description":null,"Telecom_Feature_Type":"كونيكتور","Easting":"031° 33' 33.49\" E","Northing":"30° 15' 56.95\" N","ID":"182","GlobalID":"{E0B93746-DD4E-48FA-AD61-4DF2109FA689}","sectors":"القطاع الثاني","Distance":"0","I_D":"0","__networkId":"telecom","__networkName":"شبكة الاتصالات","__layerId":"telecom_assets","__layerName":"مرافق الاتصالات","__assetName":"مرافق الاتصالات","__geometryKind":"point","__featureIndex":1401,"__typeValue":"كونيكتور"},"geometry":{"type":"Point","coordinates":[31.560979493020568,30.26598675634426]}},{"type":"Feature","properties":{"Description":null,"Telecom_Feature_Type":"كونيكتور","Easting":"031° 33' 33.2\" E","Northing":"30° 15' 53.47\" N","ID":"183","GlobalID":"{D01891F4-EEFE-4BCC-93BC-05AB29EB2412}","sectors":"القطاع الثاني","Distance":"0","I_D":"0","__networkId":"telecom","__networkName":"شبكة الاتصالات","__layerId":"telecom_assets","__layerName":"مرافق الاتصالات","__assetName":"مرافق الاتصالات","__geometryKind":"point","__featureIndex":1402,"__typeValue":"كونيكتور"},"geometry":{"type":"Point","coordinates":[31.560898646441622,30.265018059605588]}},{"type":"Feature","properties":{"Description":null,"Telecom_Feature_Type":"كونيكتور","Easting":"031° 33' 35.16\" E","Northing":"30° 15' 53.65\" N","ID":"184","GlobalID":"{564EB921-E8A2-48D9-A290-F5ACA2090590}","sectors":"القطاع الثاني","Distance":"0","I_D":"0","__networkId":"telecom","__networkName":"شبكة الاتصالات","__layerId":"telecom_assets","__layerName":"مرافق الاتصالات","__assetName":"مرافق الاتصالات","__geometryKind":"point","__featureIndex":1403,"__typeValue":"كونيكتور"},"geometry":{"type":"Point","coordinates":[31.56144418612716,30.265069191503645]}},{"type":"Feature","properties":{"Description":null,"Telecom_Feature_Type":"كونيكتور","Easting":"031° 33' 37.12\" E","Northing":"30° 15' 54.68\" N","ID":"185","GlobalID":"{C3646FBB-2882-4EDC-B1EA-0E36DA764DEF}","sectors":"القطاع الثاني","Distance":"0","I_D":"0","__networkId":"telecom","__networkName":"شبكة الاتصالات","__layerId":"telecom_assets","__layerName":"مرافق الاتصالات","__assetName":"مرافق الاتصالات","__geometryKind":"point","__featureIndex":1404,"__typeValue":"كونيكتور"},"geometry":{"type":"Point","coordinates":[31.561988416069,30.26535595544112]}},{"type":"Feature","properties":{"Description":null,"Telecom_Feature_Type":"كونيكتور","Easting":"031° 33' 38.42\" E","Northing":"30° 15' 52.87\" N","ID":"186","GlobalID":"{1E6704DC-8468-463E-8454-E859504BD97D}","sectors":"القطاع الثاني","Distance":"0","I_D":"0","__networkId":"telecom","__networkName":"شبكة الاتصالات","__layerId":"telecom_assets","__layerName":"مرافق الاتصالات","__assetName":"مرافق الاتصالات","__geometryKind":"point","__featureIndex":1405,"__typeValue":"كونيكتور"},"geometry":{"type":"Point","coordinates":[31.56235060241851,30.26485312332367]}},{"type":"Feature","properties":{"Description":null,"Telecom_Feature_Type":"كونيكتور","Easting":"031° 33' 38.51\" E","Northing":"30° 15' 51.95\" N","ID":"187","GlobalID":"{A46DAB97-2DF6-4EAB-A45C-069910EF4B23}","sectors":"القطاع الثاني","Distance":"0","I_D":"0","__networkId":"telecom","__networkName":"شبكة الاتصالات","__layerId":"telecom_assets","__layerName":"مرافق الاتصالات","__assetName":"مرافق الاتصالات","__geometryKind":"point","__featureIndex":1406,"__typeValue":"كونيكتور"},"geometry":{"type":"Point","coordinates":[31.562375521684494,30.26459787654919]}},{"type":"Feature","properties":{"Description":null,"Telecom_Feature_Type":"كونيكتور","Easting":"031° 33' 39.52\" E","Northing":"30° 15' 52.74\" N","ID":"188","GlobalID":"{7973E8E8-1386-4E2C-8EA8-B5C95874A23E}","sectors":"القطاع الثاني","Distance":"0","I_D":"0","__networkId":"telecom","__networkName":"شبكة الاتصالات","__layerId":"telecom_assets","__layerName":"مرافق الاتصالات","__assetName":"مرافق الاتصالات","__geometryKind":"point","__featureIndex":1407,"__typeValue":"كونيكتور"},"geometry":{"type":"Point","coordinates":[31.562655463676467,30.26481752519929]}},{"type":"Feature","properties":{"Description":null,"Telecom_Feature_Type":"كونيكتور","Easting":"031° 33' 39.44\" E","Northing":"30° 15' 53.74\" N","ID":"189","GlobalID":"{3B1277B3-3734-4889-8153-040E8A5F47DD}","sectors":"القطاع الثاني","Distance":"0","I_D":"0","__networkId":"telecom","__networkName":"شبكة الاتصالات","__layerId":"telecom_assets","__layerName":"مرافق الاتصالات","__assetName":"مرافق الاتصالات","__geometryKind":"point","__featureIndex":1408,"__typeValue":"كونيكتور"},"geometry":{"type":"Point","coordinates":[31.562631191197497,30.265094405970213]}},{"type":"Feature","properties":{"Description":null,"Telecom_Feature_Type":"كونيكتور","Easting":"031° 33' 38.98\" E","Northing":"30° 15' 54.87\" N","ID":"190","GlobalID":"{9648EB32-F578-4F85-B6F7-967FEAEA28F5}","sectors":"القطاع الثاني","Distance":"0","I_D":"0","__networkId":"telecom","__networkName":"شبكة الاتصالات","__layerId":"telecom_assets","__layerName":"مرافق الاتصالات","__assetName":"مرافق الاتصالات","__geometryKind":"point","__featureIndex":1409,"__typeValue":"كونيكتور"},"geometry":{"type":"Point","coordinates":[31.56250515846145,30.26540692733294]}},{"type":"Feature","properties":{"Description":null,"Telecom_Feature_Type":"كونيكتور","Easting":"031° 33' 42.33\" E","Northing":"30° 15' 54.32\" N","ID":"191","GlobalID":"{B144ED5C-F743-4972-8CBF-01E583428E3F}","sectors":"القطاع الثاني","Distance":"0","I_D":"0","__networkId":"telecom","__networkName":"شبكة الاتصالات","__layerId":"telecom_assets","__layerName":"مرافق الاتصالات","__assetName":"مرافق الاتصالات","__geometryKind":"point","__featureIndex":1410,"__typeValue":"كونيكتور"},"geometry":{"type":"Point","coordinates":[31.563435286683053,30.265255779023764]}},{"type":"Feature","properties":{"Description":null,"Telecom_Feature_Type":"كونيكتور","Easting":"031° 33' 41.59\" E","Northing":"30° 15' 54.99\" N","ID":"192","GlobalID":"{15BC945F-FE7E-4992-AA6C-75A5AA5F1EB5}","sectors":"القطاع الثاني","Distance":"0","I_D":"0","__networkId":"telecom","__networkName":"شبكة الاتصالات","__layerId":"telecom_assets","__layerName":"مرافق الاتصالات","__assetName":"مرافق الاتصالات","__geometryKind":"point","__featureIndex":1411,"__typeValue":"كونيكتور"},"geometry":{"type":"Point","coordinates":[31.563230949600317,30.265441610487436]}},{"type":"Feature","properties":{"Description":null,"Telecom_Feature_Type":"كونيكتور","Easting":"031° 33' 36.23\" E","Northing":"30° 15' 56.62\" N","ID":"193","GlobalID":"{DD5BEFFE-25F1-4BC9-9971-CA47EE44D366}","sectors":"القطاع الثاني","Distance":"0","I_D":"0","__networkId":"telecom","__networkName":"شبكة الاتصالات","__layerId":"telecom_assets","__layerName":"مرافق الاتصالات","__assetName":"مرافق الاتصالات","__geometryKind":"point","__featureIndex":1412,"__typeValue":"كونيكتور"},"geometry":{"type":"Point","coordinates":[31.56174107843024,30.265893544789567]}},{"type":"Feature","properties":{"Description":null,"Telecom_Feature_Type":"كونيكتور","Easting":"031° 33' 35.72\" E","Northing":"30° 15' 57.77\" N","ID":"194","GlobalID":"{437A57EE-21A9-4743-97F8-003D949A8CCA}","sectors":"القطاع الثاني","Distance":"0","I_D":"0","__networkId":"telecom","__networkName":"شبكة الاتصالات","__layerId":"telecom_assets","__layerName":"مرافق الاتصالات","__assetName":"مرافق الاتصالات","__geometryKind":"point","__featureIndex":1413,"__typeValue":"كونيكتور"},"geometry":{"type":"Point","coordinates":[31.561599559637,30.266213619016796]}},{"type":"Feature","properties":{"Description":null,"Telecom_Feature_Type":"كونيكتور","Easting":"031° 33' 35.55\" E","Northing":"30° 15' 59.0\" N","ID":"195","GlobalID":"{82FF8B8A-A3A6-474A-BD37-17822A0DED1B}","sectors":"القطاع الثاني","Distance":"0","I_D":"0","__networkId":"telecom","__networkName":"شبكة الاتصالات","__layerId":"telecom_assets","__layerName":"مرافق الاتصالات","__assetName":"مرافق الاتصالات","__geometryKind":"point","__featureIndex":1414,"__typeValue":"كونيكتور"},"geometry":{"type":"Point","coordinates":[31.561552628053306,30.266555368343013]}},{"type":"Feature","properties":{"Description":null,"Telecom_Feature_Type":"كونيكتور","Easting":"031° 33' 36.2\" E","Northing":"30° 15' 59.62\" N","ID":"196","GlobalID":"{2CAE6B7B-D00B-4CC7-89A7-1E4216826EB0}","sectors":"القطاع الثاني","Distance":"0","I_D":"0","__networkId":"telecom","__networkName":"شبكة الاتصالات","__layerId":"telecom_assets","__layerName":"مرافق الاتصالات","__assetName":"مرافق الاتصالات","__geometryKind":"point","__featureIndex":1415,"__typeValue":"كونيكتور"},"geometry":{"type":"Point","coordinates":[31.561731405371262,30.266727517305373]}},{"type":"Feature","properties":{"Description":null,"Telecom_Feature_Type":"كونيكتور","Easting":"031° 33' 39.78\" E","Northing":"30° 15' 58.31\" N","ID":"197","GlobalID":"{2D3AC73F-3196-4D23-8C20-929BC88818B0}","sectors":"القطاع الثاني","Distance":"0","I_D":"0","__networkId":"telecom","__networkName":"شبكة الاتصالات","__layerId":"telecom_assets","__layerName":"مرافق الاتصالات","__assetName":"مرافق الاتصالات","__geometryKind":"point","__featureIndex":1416,"__typeValue":"كونيكتور"},"geometry":{"type":"Point","coordinates":[31.56272587362843,30.266362701268438]}},{"type":"Feature","properties":{"Description":null,"Telecom_Feature_Type":"كونيكتور","Easting":"031° 33' 41.58\" E","Northing":"30° 15' 58.71\" N","ID":"198","GlobalID":"{5D3C632D-F522-4E9F-ACD0-4EB02F02D9C8}","sectors":"القطاع الثاني","Distance":"0","I_D":"0","__networkId":"telecom","__networkName":"شبكة الاتصالات","__layerId":"telecom_assets","__layerName":"مرافق الاتصالات","__assetName":"مرافق الاتصالات","__geometryKind":"point","__featureIndex":1417,"__typeValue":"كونيكتور"},"geometry":{"type":"Point","coordinates":[31.56322607803652,30.266474811711156]}},{"type":"Feature","properties":{"Description":null,"Telecom_Feature_Type":"كونيكتور","Easting":"031° 33' 40.12\" E","Northing":"30° 16' 0.46\" N","ID":"199","GlobalID":"{DA6A4786-D2B0-4B4A-8484-EA031A60DE3D}","sectors":"القطاع الثاني","Distance":"0","I_D":"0","__networkId":"telecom","__networkName":"شبكة الاتصالات","__layerId":"telecom_assets","__layerName":"مرافق الاتصالات","__assetName":"مرافق الاتصالات","__geometryKind":"point","__featureIndex":1418,"__typeValue":"كونيكتور"},"geometry":{"type":"Point","coordinates":[31.562820770756744,30.266961939823737]}},{"type":"Feature","properties":{"Description":null,"Telecom_Feature_Type":"كونيكتور","Easting":"031° 33' 42.37\" E","Northing":"30° 16' 2.25\" N","ID":"200","GlobalID":"{3F1E7349-2897-4A35-BF3E-33E60F011DA5}","sectors":"القطاع الثاني","Distance":"0","I_D":"0","__networkId":"telecom","__networkName":"شبكة الاتصالات","__layerId":"telecom_assets","__layerName":"مرافق الاتصالات","__assetName":"مرافق الاتصالات","__geometryKind":"point","__featureIndex":1419,"__typeValue":"كونيكتور"},"geometry":{"type":"Point","coordinates":[31.56344592992253,30.267456808589756]}},{"type":"Feature","properties":{"Description":null,"Telecom_Feature_Type":"كونيكتور","Easting":"031° 33' 16.66\" E","Northing":"30° 16' 0.29\" N","ID":"201","GlobalID":"{DD266551-CA3F-481E-8895-68722AD2A68D}","sectors":"القطاع الثاني","Distance":"0","I_D":"0","__networkId":"telecom","__networkName":"شبكة الاتصالات","__layerId":"telecom_assets","__layerName":"مرافق الاتصالات","__assetName":"مرافق الاتصالات","__geometryKind":"point","__featureIndex":1420,"__typeValue":"كونيكتور"},"geometry":{"type":"Point","coordinates":[31.556304400668893,30.266913594259666]}},{"type":"Feature","properties":{"Description":null,"Telecom_Feature_Type":"كونيكتور","Easting":"031° 33' 15.33\" E","Northing":"30° 15' 59.85\" N","ID":"202","GlobalID":"{93D6A1BC-86D6-435F-A40E-CCF31C45085C}","sectors":"القطاع الثاني","Distance":"0","I_D":"0","__networkId":"telecom","__networkName":"شبكة الاتصالات","__layerId":"telecom_assets","__layerName":"مرافق الاتصالات","__assetName":"مرافق الاتصالات","__geometryKind":"point","__featureIndex":1421,"__typeValue":"كونيكتور"},"geometry":{"type":"Point","coordinates":[31.555934715183387,30.26679205757113]}},{"type":"Feature","properties":{"Description":null,"Telecom_Feature_Type":"كونيكتور","Easting":"031° 33' 14.23\" E","Northing":"30° 15' 59.85\" N","ID":"203","GlobalID":"{583E0CA3-CFD6-4B57-A9C7-7DF004DB0128}","sectors":"القطاع الثاني","Distance":"0","I_D":"0","__networkId":"telecom","__networkName":"شبكة الاتصالات","__layerId":"telecom_assets","__layerName":"مرافق الاتصالات","__assetName":"مرافق الاتصالات","__geometryKind":"point","__featureIndex":1422,"__typeValue":"كونيكتور"},"geometry":{"type":"Point","coordinates":[31.555628825354415,30.266792369468472]}},{"type":"Feature","properties":{"Description":null,"Telecom_Feature_Type":"كونيكتور","Easting":"031° 33' 13.42\" E","Northing":"30° 15' 59.21\" N","ID":"204","GlobalID":"{881A8A35-2B01-4932-A706-6242C0FDF130}","sectors":"القطاع الثاني","Distance":"0","I_D":"0","__networkId":"telecom","__networkName":"شبكة الاتصالات","__layerId":"telecom_assets","__layerName":"مرافق الاتصالات","__assetName":"مرافق الاتصالات","__geometryKind":"point","__featureIndex":1423,"__typeValue":"كونيكتور"},"geometry":{"type":"Point","coordinates":[31.555404161193422,30.266614375250203]}},{"type":"Feature","properties":{"Description":null,"Telecom_Feature_Type":"كونيكتور","Easting":"031° 33' 16.34\" E","Northing":"30° 16' 1.82\" N","ID":"205","GlobalID":"{2AAC30A3-D785-4B2F-BC29-4CF342A03382}","sectors":"القطاع الثاني","Distance":"0","I_D":"0","__networkId":"telecom","__networkName":"شبكة الاتصالات","__layerId":"telecom_assets","__layerName":"مرافق الاتصالات","__assetName":"مرافق الاتصالات","__geometryKind":"point","__featureIndex":1424,"__typeValue":"كونيكتور"},"geometry":{"type":"Point","coordinates":[31.55621481617718,30.26733920152705]}},{"type":"Feature","properties":{"Description":null,"Telecom_Feature_Type":"كونيكتور","Easting":"031° 33' 15.02\" E","Northing":"30° 16' 1.36\" N","ID":"206","GlobalID":"{DD9E4263-EDBB-4910-96B1-33ACFF9F0566}","sectors":"القطاع الثاني","Distance":"0","I_D":"0","__networkId":"telecom","__networkName":"شبكة الاتصالات","__layerId":"telecom_assets","__layerName":"مرافق الاتصالات","__assetName":"مرافق الاتصالات","__geometryKind":"point","__featureIndex":1425,"__typeValue":"كونيكتور"},"geometry":{"type":"Point","coordinates":[31.555848037639947,30.267210297016916]}},{"type":"Feature","properties":{"Description":null,"Telecom_Feature_Type":"كونيكتور","Easting":"031° 33' 14.2\" E","Northing":"30° 16' 0.72\" N","ID":"207","GlobalID":"{C2BC0DAD-83AA-4DD7-A103-184252BE9721}","sectors":"القطاع الثاني","Distance":"0","I_D":"0","__networkId":"telecom","__networkName":"شبكة الاتصالات","__layerId":"telecom_assets","__layerName":"مرافق الاتصالات","__assetName":"مرافق الاتصالات","__geometryKind":"point","__featureIndex":1426,"__typeValue":"كونيكتور"},"geometry":{"type":"Point","coordinates":[31.55562202241276,30.267034370452883]}},{"type":"Feature","properties":{"Description":null,"Telecom_Feature_Type":"كونيكتور","Easting":"031° 33' 13.13\" E","Northing":"30° 16' 0.66\" N","ID":"208","GlobalID":"{A0BAF963-B4C0-4E40-B6CF-DF3241FA7823}","sectors":"القطاع الثاني","Distance":"0","I_D":"0","__networkId":"telecom","__networkName":"شبكة الاتصالات","__layerId":"telecom_assets","__layerName":"مرافق الاتصالات","__assetName":"مرافق الاتصالات","__geometryKind":"point","__featureIndex":1427,"__typeValue":"كونيكتور"},"geometry":{"type":"Point","coordinates":[31.555324439305245,30.267016835192948]}},{"type":"Feature","properties":{"Description":null,"Telecom_Feature_Type":"كونيكتور","Easting":"031° 33' 12.95\" E","Northing":"30° 16' 3.14\" N","ID":"209","GlobalID":"{92A33B5C-07CA-4E08-95A8-2450CD735D7C}","sectors":"القطاع الثاني","Distance":"0","I_D":"0","__networkId":"telecom","__networkName":"شبكة الاتصالات","__layerId":"telecom_assets","__layerName":"مرافق الاتصالات","__assetName":"مرافق الاتصالات","__geometryKind":"point","__featureIndex":1428,"__typeValue":"كونيكتور"},"geometry":{"type":"Point","coordinates":[31.555274701384587,30.267705993921904]}},{"type":"Feature","properties":{"Description":null,"Telecom_Feature_Type":"كونيكتور","Easting":"031° 33' 14.04\" E","Northing":"30° 16' 3.17\" N","ID":"210","GlobalID":"{B616724F-9C2D-4FD3-94E1-30C3748885B2}","sectors":"القطاع الثاني","Distance":"0","I_D":"0","__networkId":"telecom","__networkName":"شبكة الاتصالات","__layerId":"telecom_assets","__layerName":"مرافق الاتصالات","__assetName":"مرافق الاتصالات","__geometryKind":"point","__featureIndex":1429,"__typeValue":"كونيكتور"},"geometry":{"type":"Point","coordinates":[31.555577230616084,30.267713098441934]}},{"type":"Feature","properties":{"Description":null,"Telecom_Feature_Type":"كونيكتور","Easting":"031° 33' 13.73\" E","Northing":"30° 16' 4.67\" N","ID":"211","GlobalID":"{0A711E52-0A61-461D-8225-2B2EDEC0CC35}","sectors":"القطاع الثاني","Distance":"0","I_D":"0","__networkId":"telecom","__networkName":"شبكة الاتصالات","__layerId":"telecom_assets","__layerName":"مرافق الاتصالات","__assetName":"مرافق الاتصالات","__geometryKind":"point","__featureIndex":1430,"__typeValue":"كونيكتور"},"geometry":{"type":"Point","coordinates":[31.55549113068935,30.268129180970885]}},{"type":"Feature","properties":{"Description":null,"Telecom_Feature_Type":"كونيكتور","Easting":"031° 33' 12.94\" E","Northing":"30° 16' 3.99\" N","ID":"212","GlobalID":"{C2FA5851-666C-4BB2-B9DF-11106F7FC559}","sectors":"القطاع الثاني","Distance":"0","I_D":"0","__networkId":"telecom","__networkName":"شبكة الاتصالات","__layerId":"telecom_assets","__layerName":"مرافق الاتصالات","__assetName":"مرافق الاتصالات","__geometryKind":"point","__featureIndex":1431,"__typeValue":"كونيكتور"},"geometry":{"type":"Point","coordinates":[31.555270792814788,30.267942316500207]}},{"type":"Feature","properties":{"Description":null,"Telecom_Feature_Type":"كونيكتور","Easting":"031° 33' 10.51\" E","Northing":"30° 16' 7.14\" N","ID":"213","GlobalID":"{473D2E48-BA1C-494B-9E96-F63ED5050836}","sectors":"القطاع الثالث","Distance":"0","I_D":"0","__networkId":"telecom","__networkName":"شبكة الاتصالات","__layerId":"telecom_assets","__layerName":"مرافق الاتصالات","__assetName":"مرافق الاتصالات","__geometryKind":"point","__featureIndex":1432,"__typeValue":"كونيكتور"},"geometry":{"type":"Point","coordinates":[31.554596492209686,30.2688177275061]}},{"type":"Feature","properties":{"Description":null,"Telecom_Feature_Type":"كونيكتور","Easting":"031° 33' 11.13\" E","Northing":"30° 16' 7.37\" N","ID":"214","GlobalID":"{493018CB-DFA1-45BF-B89B-0E42EFF45112}","sectors":"القطاع الثالث","Distance":"0","I_D":"0","__networkId":"telecom","__networkName":"شبكة الاتصالات","__layerId":"telecom_assets","__layerName":"مرافق الاتصالات","__assetName":"مرافق الاتصالات","__geometryKind":"point","__featureIndex":1433,"__typeValue":"كونيكتور"},"geometry":{"type":"Point","coordinates":[31.554769800584204,30.268880171609684]}},{"type":"Feature","properties":{"Description":null,"Telecom_Feature_Type":"كونيكتور","Easting":"031° 33' 12.21\" E","Northing":"30° 16' 7.43\" N","ID":"215","GlobalID":"{BC985FE1-28F4-4FCE-9546-45E5BC7BCAF4}","sectors":"القطاع الثالث","Distance":"0","I_D":"0","__networkId":"telecom","__networkName":"شبكة الاتصالات","__layerId":"telecom_assets","__layerName":"مرافق الاتصالات","__assetName":"مرافق الاتصالات","__geometryKind":"point","__featureIndex":1434,"__typeValue":"كونيكتور"},"geometry":{"type":"Point","coordinates":[31.55506995197512,30.268896917500065]}},{"type":"Feature","properties":{"Description":null,"Telecom_Feature_Type":"كونيكتور","Easting":"031° 33' 13.53\" E","Northing":"30° 16' 7.89\" N","ID":"216","GlobalID":"{FA91525F-E02D-4DC0-A890-6245A02D6E83}","sectors":"القطاع الثالث","Distance":"0","I_D":"0","__networkId":"telecom","__networkName":"شبكة الاتصالات","__layerId":"telecom_assets","__layerName":"مرافق الاتصالات","__assetName":"مرافق الاتصالات","__geometryKind":"point","__featureIndex":1435,"__typeValue":"كونيكتور"},"geometry":{"type":"Point","coordinates":[31.55543661013815,30.269023565962097]}},{"type":"Feature","properties":{"Description":null,"Telecom_Feature_Type":"كونيكتور","Easting":"031° 33' 13.19\" E","Northing":"30° 16' 9.4\" N","ID":"217","GlobalID":"{C0655182-5878-416A-9B79-E212080C352D}","sectors":"القطاع الثالث","Distance":"0","I_D":"0","__networkId":"telecom","__networkName":"شبكة الاتصالات","__layerId":"telecom_assets","__layerName":"مرافق الاتصالات","__assetName":"مرافق الاتصالات","__geometryKind":"point","__featureIndex":1436,"__typeValue":"كونيكتور"},"geometry":{"type":"Point","coordinates":[31.55534000351586,30.269444459370586]}},{"type":"Feature","properties":{"Description":null,"Telecom_Feature_Type":"كونيكتور","Easting":"031° 33' 11.88\" E","Northing":"30° 16' 8.93\" N","ID":"218","GlobalID":"{C0AE7F05-CF03-432F-8471-7E73369851AB}","sectors":"القطاع الثالث","Distance":"0","I_D":"0","__networkId":"telecom","__networkName":"شبكة الاتصالات","__layerId":"telecom_assets","__layerName":"مرافق الاتصالات","__assetName":"مرافق الاتصالات","__geometryKind":"point","__featureIndex":1437,"__typeValue":"كونيكتور"},"geometry":{"type":"Point","coordinates":[31.554975963043574,30.26931325336782]}},{"type":"Feature","properties":{"Description":null,"Telecom_Feature_Type":"كونيكتور","Easting":"031° 33' 11.07\" E","Northing":"30° 16' 8.3\" N","ID":"219","GlobalID":"{7709DFC6-17A0-464B-B734-AFF57DA1A333}","sectors":"القطاع الثالث","Distance":"0","I_D":"0","__networkId":"telecom","__networkName":"شبكة الاتصالات","__layerId":"telecom_assets","__layerName":"مرافق الاتصالات","__assetName":"مرافق الاتصالات","__geometryKind":"point","__featureIndex":1438,"__typeValue":"كونيكتور"},"geometry":{"type":"Point","coordinates":[31.55475220797769,30.26913762151428]}},{"type":"Feature","properties":{"Description":null,"Telecom_Feature_Type":"كونيكتور","Easting":"031° 33' 10.0\" E","Northing":"30° 16' 8.22\" N","ID":"220","GlobalID":"{3C095BC6-456A-4D74-869F-AF5AD2CB22CE}","sectors":"القطاع الثالث","Distance":"0","I_D":"0","__networkId":"telecom","__networkName":"شبكة الاتصالات","__layerId":"telecom_assets","__layerName":"مرافق الاتصالات","__assetName":"مرافق الاتصالات","__geometryKind":"point","__featureIndex":1439,"__typeValue":"كونيكتور"},"geometry":{"type":"Point","coordinates":[31.554454935687236,30.269115946717914]}},{"type":"Feature","properties":{"Description":null,"Telecom_Feature_Type":"كونيكتور","Easting":"031° 33' 11.09\" E","Northing":"30° 16' 10.78\" N","ID":"221","GlobalID":"{77E78F2E-C6F1-4168-B463-A966E7ECC0C5}","sectors":"القطاع الثالث","Distance":"0","I_D":"0","__networkId":"telecom","__networkName":"شبكة الاتصالات","__layerId":"telecom_assets","__layerName":"مرافق الاتصالات","__assetName":"مرافق الاتصالات","__geometryKind":"point","__featureIndex":1440,"__typeValue":"كونيكتور"},"geometry":{"type":"Point","coordinates":[31.554758081163012,30.26982698259122]}},{"type":"Feature","properties":{"Description":null,"Telecom_Feature_Type":"كونيكتور","Easting":"031° 33' 9.78\" E","Northing":"30° 16' 10.3\" N","ID":"222","GlobalID":"{7ED6F8B5-D744-4AE5-9C8F-542D0761A6DD}","sectors":"القطاع الثالث","Distance":"0","I_D":"0","__networkId":"telecom","__networkName":"شبكة الاتصالات","__layerId":"telecom_assets","__layerName":"مرافق الاتصالات","__assetName":"مرافق الاتصالات","__geometryKind":"point","__featureIndex":1441,"__typeValue":"كونيكتور"},"geometry":{"type":"Point","coordinates":[31.55439471532551,30.269693864651607]}},{"type":"Feature","properties":{"Description":null,"Telecom_Feature_Type":"كونيكتور","Easting":"031° 33' 8.69\" E","Northing":"30° 16' 10.26\" N","ID":"223","GlobalID":"{5CA929A2-94C6-48FD-B73F-D532ECB417D2}","sectors":"القطاع الثالث","Distance":"0","I_D":"0","__networkId":"telecom","__networkName":"شبكة الاتصالات","__layerId":"telecom_assets","__layerName":"مرافق الاتصالات","__assetName":"مرافق الاتصالات","__geometryKind":"point","__featureIndex":1442,"__typeValue":"كونيكتور"},"geometry":{"type":"Point","coordinates":[31.55409145576371,30.269684038624366]}},{"type":"Feature","properties":{"Description":null,"Telecom_Feature_Type":"كونيكتور","Easting":"031° 33' 7.89\" E","Northing":"30° 16' 10.88\" N","ID":"224","GlobalID":"{B8DB2B72-EB18-4158-B7D9-9D172DFA0FA8}","sectors":"القطاع الثالث","Distance":"0","I_D":"0","__networkId":"telecom","__networkName":"شبكة الاتصالات","__layerId":"telecom_assets","__layerName":"مرافق الاتصالات","__assetName":"مرافق الاتصالات","__geometryKind":"point","__featureIndex":1443,"__typeValue":"كونيكتور"},"geometry":{"type":"Point","coordinates":[31.55386837443424,30.26985465369636]}},{"type":"Feature","properties":{"Description":null,"Telecom_Feature_Type":"كونيكتور","Easting":"031° 33' 20.45\" E","Northing":"30° 15' 59.45\" N","ID":"225","GlobalID":"{444FE330-8A64-455B-B257-017AD4E502FB}","sectors":"القطاع الثاني","Distance":"0","I_D":"0","__networkId":"telecom","__networkName":"شبكة الاتصالات","__layerId":"telecom_assets","__layerName":"مرافق الاتصالات","__assetName":"مرافق الاتصالات","__geometryKind":"point","__featureIndex":1444,"__typeValue":"كونيكتور"},"geometry":{"type":"Point","coordinates":[31.5573582610411,30.266680656631134]}},{"type":"Feature","properties":{"Description":null,"Telecom_Feature_Type":"كونيكتور","Easting":"031° 33' 22.42\" E","Northing":"30° 16' 2.63\" N","ID":"226","GlobalID":"{304B66EB-3682-460D-95FA-99671A552F61}","sectors":"القطاع الثاني","Distance":"0","I_D":"0","__networkId":"telecom","__networkName":"شبكة الاتصالات","__layerId":"telecom_assets","__layerName":"مرافق الاتصالات","__assetName":"مرافق الاتصالات","__geometryKind":"point","__featureIndex":1445,"__typeValue":"كونيكتور"},"geometry":{"type":"Point","coordinates":[31.55790462627837,30.267562664368775]}},{"type":"Feature","properties":{"Description":null,"Telecom_Feature_Type":"كونيكتور","Easting":"031° 33' 20.49\" E","Northing":"30° 16' 3.18\" N","ID":"227","GlobalID":"{5EAF8546-E8CF-4352-91F6-F2459DFFDF3E}","sectors":"القطاع الثاني","Distance":"0","I_D":"0","__networkId":"telecom","__networkName":"شبكة الاتصالات","__layerId":"telecom_assets","__layerName":"مرافق الاتصالات","__assetName":"مرافق الاتصالات","__geometryKind":"point","__featureIndex":1446,"__typeValue":"كونيكتور"},"geometry":{"type":"Point","coordinates":[31.557368877331125,30.26771705298342]}},{"type":"Feature","properties":{"Description":null,"Telecom_Feature_Type":"كونيكتور","Easting":"031° 33' 20.99\" E","Northing":"30° 16' 5.91\" N","ID":"228","GlobalID":"{98D7F0BB-F2D6-41AE-AE28-0084B29B89ED}","sectors":"القطاع الثاني","Distance":"0","I_D":"0","__networkId":"telecom","__networkName":"شبكة الاتصالات","__layerId":"telecom_assets","__layerName":"مرافق الاتصالات","__assetName":"مرافق الاتصالات","__geometryKind":"point","__featureIndex":1447,"__typeValue":"كونيكتور"},"geometry":{"type":"Point","coordinates":[31.557507134341538,30.268475612870795]}},{"type":"Feature","properties":{"Description":null,"Telecom_Feature_Type":"كونيكتور","Easting":"031° 33' 20.17\" E","Northing":"30° 16' 6.52\" N","ID":"229","GlobalID":"{F289F195-A80D-4C83-9B6A-771F6432B611}","sectors":"القطاع الثاني","Distance":"0","I_D":"0","__networkId":"telecom","__networkName":"شبكة الاتصالات","__layerId":"telecom_assets","__layerName":"مرافق الاتصالات","__assetName":"مرافق الاتصالات","__geometryKind":"point","__featureIndex":1448,"__typeValue":"كونيكتور"},"geometry":{"type":"Point","coordinates":[31.55727918414327,30.26864427102343]}},{"type":"Feature","properties":{"Description":null,"Telecom_Feature_Type":"كونيكتور","Easting":"031° 33' 19.08\" E","Northing":"30° 16' 6.49\" N","ID":"230","GlobalID":"{27C0AD34-BFCC-4A2A-A7EF-17E297194161}","sectors":"القطاع الثاني","Distance":"0","I_D":"0","__networkId":"telecom","__networkName":"شبكة الاتصالات","__layerId":"telecom_assets","__layerName":"مرافق الاتصالات","__assetName":"مرافق الاتصالات","__geometryKind":"point","__featureIndex":1449,"__typeValue":"كونيكتور"},"geometry":{"type":"Point","coordinates":[31.55697762149902,30.26863652649506]}},{"type":"Feature","properties":{"Description":null,"Telecom_Feature_Type":"كونيكتور","Easting":"031° 33' 23.86\" E","Northing":"30° 16' 3.25\" N","ID":"231","GlobalID":"{17AA53A2-E5B5-4936-BBDF-D2D742967C53}","sectors":"القطاع الثاني","Distance":"0","I_D":"0","__networkId":"telecom","__networkName":"شبكة الاتصالات","__layerId":"telecom_assets","__layerName":"مرافق الاتصالات","__assetName":"مرافق الاتصالات","__geometryKind":"point","__featureIndex":1450,"__typeValue":"كونيكتور"},"geometry":{"type":"Point","coordinates":[31.558305460846334,30.26773642224311]}},{"type":"Feature","properties":{"Description":null,"Telecom_Feature_Type":"كونيكتور","Easting":"031° 33' 23.41\" E","Northing":"30° 16' 4.26\" N","ID":"232","GlobalID":"{C3EAE447-6134-489D-A495-E6B1BE2364C0}","sectors":"القطاع الثاني","Distance":"0","I_D":"0","__networkId":"telecom","__networkName":"شبكة الاتصالات","__layerId":"telecom_assets","__layerName":"مرافق الاتصالات","__assetName":"مرافق الاتصالات","__geometryKind":"point","__featureIndex":1451,"__typeValue":"كونيكتور"},"geometry":{"type":"Point","coordinates":[31.55818089505915,30.26801519872911]}},{"type":"Feature","properties":{"Description":null,"Telecom_Feature_Type":"كونيكتور","Easting":"031° 33' 24.08\" E","Northing":"30° 16' 6.59\" N","ID":"233","GlobalID":"{75A2F078-41FC-4583-BC97-D9378672C9D0}","sectors":"القطاع الثاني","Distance":"0","I_D":"0","__networkId":"telecom","__networkName":"شبكة الاتصالات","__layerId":"telecom_assets","__layerName":"مرافق الاتصالات","__assetName":"مرافق الاتصالات","__geometryKind":"point","__featureIndex":1452,"__typeValue":"كونيكتور"},"geometry":{"type":"Point","coordinates":[31.558366946934267,30.26866258029017]}},{"type":"Feature","properties":{"Description":null,"Telecom_Feature_Type":"كونيكتور","Easting":"031° 33' 16.01\" E","Northing":"30° 16' 8.76\" N","ID":"234","GlobalID":"{31DBA173-49B5-44A8-866C-F8031A8A2181}","sectors":"القطاع الثالث","Distance":"0","I_D":"0","__networkId":"telecom","__networkName":"شبكة الاتصالات","__layerId":"telecom_assets","__layerName":"مرافق الاتصالات","__assetName":"مرافق الاتصالات","__geometryKind":"point","__featureIndex":1453,"__typeValue":"كونيكتور"},"geometry":{"type":"Point","coordinates":[31.556124743900284,30.269266662369976]}},{"type":"Feature","properties":{"Description":null,"Telecom_Feature_Type":"كونيكتور","Easting":"031° 33' 17.33\" E","Northing":"30° 16' 9.23\" N","ID":"235","GlobalID":"{57C2B1B6-202E-4EB5-95F9-791CB03BC0E9}","sectors":"القطاع الثالث","Distance":"0","I_D":"0","__networkId":"telecom","__networkName":"شبكة الاتصالات","__layerId":"telecom_assets","__layerName":"مرافق الاتصالات","__assetName":"مرافق الاتصالات","__geometryKind":"point","__featureIndex":1454,"__typeValue":"كونيكتور"},"geometry":{"type":"Point","coordinates":[31.556490215388777,30.26939662165469]}},{"type":"Feature","properties":{"Description":null,"Telecom_Feature_Type":"كونيكتور","Easting":"031° 33' 19.29\" E","Northing":"30° 16' 11.52\" N","ID":"236","GlobalID":"{BD926693-5ACA-4EE1-B38B-3C2F46A97C94}","sectors":"القطاع الثالث","Distance":"0","I_D":"0","__networkId":"telecom","__networkName":"شبكة الاتصالات","__layerId":"telecom_assets","__layerName":"مرافق الاتصالات","__assetName":"مرافق الاتصالات","__geometryKind":"point","__featureIndex":1455,"__typeValue":"كونيكتور"},"geometry":{"type":"Point","coordinates":[31.557035994924508,30.27003174672243]}},{"type":"Feature","properties":{"Description":null,"Telecom_Feature_Type":"كونيكتور","Easting":"031° 33' 21.62\" E","Northing":"30° 16' 10.78\" N","ID":"237","GlobalID":"{D1901414-AC2B-4038-B339-D2BD190F9EDD}","sectors":"القطاع الثالث","Distance":"0","I_D":"0","__networkId":"telecom","__networkName":"شبكة الاتصالات","__layerId":"telecom_assets","__layerName":"مرافق الاتصالات","__assetName":"مرافق الاتصالات","__geometryKind":"point","__featureIndex":1456,"__typeValue":"كونيكتور"},"geometry":{"type":"Point","coordinates":[31.557683094542764,30.269828756161438]}},{"type":"Feature","properties":{"Description":null,"Telecom_Feature_Type":"كونيكتور","Easting":"031° 33' 20.33\" E","Northing":"30° 16' 10.27\" N","ID":"238","GlobalID":"{83E3606A-DBD5-470F-8C31-458D887FB080}","sectors":"القطاع الثالث","Distance":"0","I_D":"0","__networkId":"telecom","__networkName":"شبكة الاتصالات","__layerId":"telecom_assets","__layerName":"مرافق الاتصالات","__assetName":"مرافق الاتصالات","__geometryKind":"point","__featureIndex":1457,"__typeValue":"كونيكتور"},"geometry":{"type":"Point","coordinates":[31.55732288089362,30.269684435079178]}},{"type":"Feature","properties":{"Description":null,"Telecom_Feature_Type":"كونيكتور","Easting":"031° 33' 25.61\" E","Northing":"30° 16' 12.42\" N","ID":"239","GlobalID":"{5C36FFFA-72F3-48E1-8E6B-327F32B0E194}","sectors":"القطاع الثالث","Distance":"0","I_D":"0","__networkId":"telecom","__networkName":"شبكة الاتصالات","__layerId":"telecom_assets","__layerName":"مرافق الاتصالات","__assetName":"مرافق الاتصالات","__geometryKind":"point","__featureIndex":1458,"__typeValue":"كونيكتور"},"geometry":{"type":"Point","coordinates":[31.558791592247193,30.270282374005422]}},{"type":"Feature","properties":{"Description":null,"Telecom_Feature_Type":"كونيكتور","Easting":"031° 33' 27.76\" E","Northing":"30° 16' 8.06\" N","ID":"240","GlobalID":"{E6968E36-1887-478A-B6FC-21DCB75B8A83}","sectors":"القطاع الثاني","Distance":"0","I_D":"0","__networkId":"telecom","__networkName":"شبكة الاتصالات","__layerId":"telecom_assets","__layerName":"مرافق الاتصالات","__assetName":"مرافق الاتصالات","__geometryKind":"point","__featureIndex":1459,"__typeValue":"كونيكتور"},"geometry":{"type":"Point","coordinates":[31.55938830985277,30.269071575321743]}},{"type":"Feature","properties":{"Description":null,"Telecom_Feature_Type":"كونيكتور","Easting":"031° 33' 40.39\" E","Northing":"30° 16' 10.72\" N","ID":"241","GlobalID":"{967E15A2-8EFC-4629-8D0B-A59EC7463245}","sectors":"القطاع الاول","Distance":"0","I_D":"0","__networkId":"telecom","__networkName":"شبكة الاتصالات","__layerId":"telecom_assets","__layerName":"مرافق الاتصالات","__assetName":"مرافق الاتصالات","__geometryKind":"point","__featureIndex":1460,"__typeValue":"كونيكتور"},"geometry":{"type":"Point","coordinates":[31.56289651131162,30.26981148673791]}},{"type":"Feature","properties":{"Description":null,"Telecom_Feature_Type":"كونيكتور","Easting":"031° 33' 41.68\" E","Northing":"30° 16' 9.0\" N","ID":"242","GlobalID":"{BFDB6E5B-DC91-4DA2-9FF8-F67B4349D7A2}","sectors":"القطاع الثاني","Distance":"0","I_D":"0","__networkId":"telecom","__networkName":"شبكة الاتصالات","__layerId":"telecom_assets","__layerName":"مرافق الاتصالات","__assetName":"مرافق الاتصالات","__geometryKind":"point","__featureIndex":1461,"__typeValue":"كونيكتور"},"geometry":{"type":"Point","coordinates":[31.563255792509512,30.26933181000403]}},{"type":"Feature","properties":{"Description":null,"Telecom_Feature_Type":"كونيكتور","Easting":"031° 33' 42.25\" E","Northing":"30° 16' 5.24\" N","ID":"243","GlobalID":"{3B82B45D-73CA-4248-81E6-E9A4B8AE738F}","sectors":"القطاع الثاني","Distance":"0","I_D":"0","__networkId":"telecom","__networkName":"شبكة الاتصالات","__layerId":"telecom_assets","__layerName":"مرافق الاتصالات","__assetName":"مرافق الاتصالات","__geometryKind":"point","__featureIndex":1462,"__typeValue":"كونيكتور"},"geometry":{"type":"Point","coordinates":[31.563411903536203,30.268289626548277]}},{"type":"Feature","properties":{"Description":null,"Telecom_Feature_Type":"كونيكتور","Easting":"031° 33' 3.48\" E","Northing":"30° 16' 35.19\" N","ID":"244","GlobalID":"{AC812B47-638D-4662-8825-868EA25F8DFC}","sectors":"القطاع الخامس","Distance":"0","I_D":"0","__networkId":"telecom","__networkName":"شبكة الاتصالات","__layerId":"telecom_assets","__layerName":"مرافق الاتصالات","__assetName":"مرافق الاتصالات","__geometryKind":"point","__featureIndex":1463,"__typeValue":"كونيكتور"},"geometry":{"type":"Point","coordinates":[31.5526444171647,30.276608130614562]}},{"type":"Feature","properties":{"Description":null,"Telecom_Feature_Type":"كونيكتور","Easting":"031° 33' 4.42\" E","Northing":"30° 16' 32.52\" N","ID":"245","GlobalID":"{28706364-CDF3-484A-9E91-FE6690F303F6}","sectors":"القطاع الخامس","Distance":"0","I_D":"0","__networkId":"telecom","__networkName":"شبكة الاتصالات","__layerId":"telecom_assets","__layerName":"مرافق الاتصالات","__assetName":"مرافق الاتصالات","__geometryKind":"point","__featureIndex":1464,"__typeValue":"كونيكتور"},"geometry":{"type":"Point","coordinates":[31.552906116169893,30.275865340262982]}},{"type":"Feature","properties":{"Description":null,"Telecom_Feature_Type":"كونيكتور","Easting":"031° 33' 3.06\" E","Northing":"30° 16' 34.3\" N","ID":"246","GlobalID":"{70313F90-9595-4A81-B512-82A0C9544E83}","sectors":"القطاع الخامس","Distance":"0","I_D":"0","__networkId":"telecom","__networkName":"شبكة الاتصالات","__layerId":"telecom_assets","__layerName":"مرافق الاتصالات","__assetName":"مرافق الاتصالات","__geometryKind":"point","__featureIndex":1465,"__typeValue":"كونيكتور"},"geometry":{"type":"Point","coordinates":[31.552527044187983,30.27636192906421]}},{"type":"Feature","properties":{"Description":null,"Telecom_Feature_Type":"كونيكتور","Easting":"031° 33' 6.44\" E","Northing":"30° 16' 35.75\" N","ID":"247","GlobalID":"{19AC7E45-677C-4644-8E33-591CB5B002A5}","sectors":"القطاع الخامس","Distance":"0","I_D":"0","__networkId":"telecom","__networkName":"شبكة الاتصالات","__layerId":"telecom_assets","__layerName":"مرافق الاتصالات","__assetName":"مرافق الاتصالات","__geometryKind":"point","__featureIndex":1466,"__typeValue":"كونيكتور"},"geometry":{"type":"Point","coordinates":[31.553465799829564,30.276763864954205]}},{"type":"Feature","properties":{"Description":null,"Telecom_Feature_Type":"كونيكتور","Easting":"031° 33' 6.02\" E","Northing":"30° 16' 36.62\" N","ID":"248","GlobalID":"{BFABD35D-F3E8-4101-A0D7-AF6F489B351D}","sectors":"القطاع الخامس","Distance":"0","I_D":"0","__networkId":"telecom","__networkName":"شبكة الاتصالات","__layerId":"telecom_assets","__layerName":"مرافق الاتصالات","__assetName":"مرافق الاتصالات","__geometryKind":"point","__featureIndex":1467,"__typeValue":"كونيكتور"},"geometry":{"type":"Point","coordinates":[31.553349794987025,30.277004992649708]}},{"type":"Feature","properties":{"Description":null,"Telecom_Feature_Type":"كونيكتور","Easting":"031° 33' 11.85\" E","Northing":"30° 16' 37.91\" N","ID":"249","GlobalID":"{6884EA17-E148-438F-BEC8-D32CC1AFF047}","sectors":"القطاع الخامس","Distance":"0","I_D":"0","__networkId":"telecom","__networkName":"شبكة الاتصالات","__layerId":"telecom_assets","__layerName":"مرافق الاتصالات","__assetName":"مرافق الاتصالات","__geometryKind":"point","__featureIndex":1468,"__typeValue":"كونيكتور"},"geometry":{"type":"Point","coordinates":[31.554967802747544,30.277363783990754]}},{"type":"Feature","properties":{"Description":null,"Telecom_Feature_Type":"كونيكتور","Easting":"031° 33' 10.87\" E","Northing":"30° 16' 38.81\" N","ID":"250","GlobalID":"{6CE69CB2-4BB1-48D0-82E8-FBD4E29D5B19}","sectors":"القطاع الخامس","Distance":"0","I_D":"0","__networkId":"telecom","__networkName":"شبكة الاتصالات","__layerId":"telecom_assets","__layerName":"مرافق الاتصالات","__assetName":"مرافق الاتصالات","__geometryKind":"point","__featureIndex":1469,"__typeValue":"كونيكتور"},"geometry":{"type":"Point","coordinates":[31.55469622766413,30.277613664872433]}},{"type":"Feature","properties":{"Description":null,"Telecom_Feature_Type":"كونيكتور","Easting":"031° 33' 7.3\" E","Northing":"30° 16' 29.73\" N","ID":"251","GlobalID":"{B45CFBCB-2428-4F85-B382-464D94CE9506}","sectors":"القطاع الخامس","Distance":"0","I_D":"0","__networkId":"telecom","__networkName":"شبكة الاتصالات","__layerId":"telecom_assets","__layerName":"مرافق الاتصالات","__assetName":"مرافق الاتصالات","__geometryKind":"point","__featureIndex":1470,"__typeValue":"كونيكتور"},"geometry":{"type":"Point","coordinates":[31.553704596286593,30.275091116702278]}},{"type":"Feature","properties":{"Description":null,"Telecom_Feature_Type":"كونيكتور","Easting":"031° 33' 11.29\" E","Northing":"30° 16' 31.56\" N","ID":"252","GlobalID":"{56A347FC-64B6-41C3-8EFC-5B241C2EFC6A}","sectors":"القطاع الخامس","Distance":"0","I_D":"0","__networkId":"telecom","__networkName":"شبكة الاتصالات","__layerId":"telecom_assets","__layerName":"مرافق الاتصالات","__assetName":"مرافق الاتصالات","__geometryKind":"point","__featureIndex":1471,"__typeValue":"كونيكتور"},"geometry":{"type":"Point","coordinates":[31.554812675376077,30.27560055192141]}},{"type":"Feature","properties":{"Description":null,"Telecom_Feature_Type":"كونيكتور","Easting":"031° 33' 10.28\" E","Northing":"30° 16' 31.98\" N","ID":"253","GlobalID":"{00E262A3-1B9B-4402-B5C6-2960C3602BAC}","sectors":"القطاع الخامس","Distance":"0","I_D":"0","__networkId":"telecom","__networkName":"شبكة الاتصالات","__layerId":"telecom_assets","__layerName":"مرافق الاتصالات","__assetName":"مرافق الاتصالات","__geometryKind":"point","__featureIndex":1472,"__typeValue":"كونيكتور"},"geometry":{"type":"Point","coordinates":[31.554532462991205,30.275715441567584]}},{"type":"Feature","properties":{"Description":null,"Telecom_Feature_Type":"كونيكتور","Easting":"031° 33' 9.31\" E","Northing":"30° 16' 32.88\" N","ID":"254","GlobalID":"{679F2B45-E85D-42EE-8A4E-A3D4B9BF230C}","sectors":"القطاع الخامس","Distance":"0","I_D":"0","__networkId":"telecom","__networkName":"شبكة الاتصالات","__layerId":"telecom_assets","__layerName":"مرافق الاتصالات","__assetName":"مرافق الاتصالات","__geometryKind":"point","__featureIndex":1473,"__typeValue":"كونيكتور"},"geometry":{"type":"Point","coordinates":[31.55426250846852,30.275965220362746]}},{"type":"Feature","properties":{"Description":null,"Telecom_Feature_Type":"كونيكتور","Easting":"031° 33' 11.82\" E","Northing":"30° 16' 32.77\" N","ID":"255","GlobalID":"{4CFF770B-C10F-422A-B8E4-AAEA9467D6EC}","sectors":"القطاع الخامس","Distance":"0","I_D":"0","__networkId":"telecom","__networkName":"شبكة الاتصالات","__layerId":"telecom_assets","__layerName":"مرافق الاتصالات","__assetName":"مرافق الاتصالات","__geometryKind":"point","__featureIndex":1474,"__typeValue":"كونيكتور"},"geometry":{"type":"Point","coordinates":[31.554960533580264,30.27593508784149]}},{"type":"Feature","properties":{"Description":null,"Telecom_Feature_Type":"كونيكتور","Easting":"031° 33' 15.13\" E","Northing":"30° 16' 34.18\" N","ID":"256","GlobalID":"{6D1DCF78-C6DE-4AAB-B53A-54B01621AFF0}","sectors":"القطاع الخامس","Distance":"0","I_D":"0","__networkId":"telecom","__networkName":"شبكة الاتصالات","__layerId":"telecom_assets","__layerName":"مرافق الاتصالات","__assetName":"مرافق الاتصالات","__geometryKind":"point","__featureIndex":1475,"__typeValue":"كونيكتور"},"geometry":{"type":"Point","coordinates":[31.55588070307864,30.276327827730366]}},{"type":"Feature","properties":{"Description":null,"Telecom_Feature_Type":"كونيكتور","Easting":"031° 33' 14.74\" E","Northing":"30° 16' 35.07\" N","ID":"257","GlobalID":"{6100448A-A4AE-4DB6-8C0A-BB3510210D41}","sectors":"القطاع الخامس","Distance":"0","I_D":"0","__networkId":"telecom","__networkName":"شبكة الاتصالات","__layerId":"telecom_assets","__layerName":"مرافق الاتصالات","__assetName":"مرافق الاتصالات","__geometryKind":"point","__featureIndex":1476,"__typeValue":"كونيكتور"},"geometry":{"type":"Point","coordinates":[31.555770973866686,30.27657401928104]}},{"type":"Feature","properties":{"Description":null,"Telecom_Feature_Type":"كونيكتور","Easting":"031° 33' 13.79\" E","Northing":"30° 16' 35.99\" N","ID":"258","GlobalID":"{4EE5F184-1194-478A-A2DF-9D751ECEB462}","sectors":"القطاع الخامس","Distance":"0","I_D":"0","__networkId":"telecom","__networkName":"شبكة الاتصالات","__layerId":"telecom_assets","__layerName":"مرافق الاتصالات","__assetName":"مرافق الاتصالات","__geometryKind":"point","__featureIndex":1477,"__typeValue":"كونيكتور"},"geometry":{"type":"Point","coordinates":[31.555508162747152,30.276830850876717]}},{"type":"Feature","properties":{"Description":null,"Telecom_Feature_Type":"كونيكتور","Easting":"031° 33' 18.16\" E","Northing":"30° 16' 36.96\" N","ID":"259","GlobalID":"{896E9F11-C7EC-42BB-A36B-CACBC7A2A656}","sectors":"القطاع الخامس","Distance":"0","I_D":"0","__networkId":"telecom","__networkName":"شبكة الاتصالات","__layerId":"telecom_assets","__layerName":"مرافق الاتصالات","__assetName":"مرافق الاتصالات","__geometryKind":"point","__featureIndex":1478,"__typeValue":"كونيكتور"},"geometry":{"type":"Point","coordinates":[31.556720734768774,30.277098829795605]}},{"type":"Feature","properties":{"Description":null,"Telecom_Feature_Type":"كونيكتور","Easting":"031° 33' 16.22\" E","Northing":"30° 16' 38.3\" N","ID":"260","GlobalID":"{56F2EBAE-563C-4E30-9D6E-F2F905A7929D}","sectors":"القطاع الخامس","Distance":"0","I_D":"0","__networkId":"telecom","__networkName":"شبكة الاتصالات","__layerId":"telecom_assets","__layerName":"مرافق الاتصالات","__assetName":"مرافق الاتصالات","__geometryKind":"point","__featureIndex":1479,"__typeValue":"كونيكتور"},"geometry":{"type":"Point","coordinates":[31.55618257923491,30.277472245791003]}},{"type":"Feature","properties":{"Description":null,"Telecom_Feature_Type":"كونيكتور","Easting":"031° 33' 9.46\" E","Northing":"30° 16' 22.43\" N","ID":"261","GlobalID":"{EA5B44B7-599A-4464-B821-B65033F51D81}","sectors":"القطاع الثالث","Distance":"0","I_D":"0","__networkId":"telecom","__networkName":"شبكة الاتصالات","__layerId":"telecom_assets","__layerName":"مرافق الاتصالات","__assetName":"مرافق الاتصالات","__geometryKind":"point","__featureIndex":1480,"__typeValue":"كونيكتور"},"geometry":{"type":"Point","coordinates":[31.554304224433697,30.27306275613375]}},{"type":"Feature","properties":{"Description":null,"Telecom_Feature_Type":"كونيكتور","Easting":"031° 33' 8.2\" E","Northing":"30° 16' 23.01\" N","ID":"262","GlobalID":"{3FBCD291-75A8-4B66-9961-4E7C5868522A}","sectors":"القطاع الثالث","Distance":"0","I_D":"0","__networkId":"telecom","__networkName":"شبكة الاتصالات","__layerId":"telecom_assets","__layerName":"مرافق الاتصالات","__assetName":"مرافق الاتصالات","__geometryKind":"point","__featureIndex":1481,"__typeValue":"كونيكتور"},"geometry":{"type":"Point","coordinates":[31.5539556215096,30.273224414001792]}},{"type":"Feature","properties":{"Description":null,"Telecom_Feature_Type":"كونيكتور","Easting":"031° 33' 7.49\" E","Northing":"30° 16' 23.74\" N","ID":"263","GlobalID":"{B21EB4F8-20D3-4783-9E8E-397D239CAC30}","sectors":"القطاع الثالث","Distance":"0","I_D":"0","__networkId":"telecom","__networkName":"شبكة الاتصالات","__layerId":"telecom_assets","__layerName":"مرافق الاتصالات","__assetName":"مرافق الاتصالات","__geometryKind":"point","__featureIndex":1482,"__typeValue":"كونيكتور"},"geometry":{"type":"Point","coordinates":[31.553757455852864,30.273427924317]}},{"type":"Feature","properties":{"Description":null,"Telecom_Feature_Type":"كونيكتور","Easting":"031° 33' 7.55\" E","Northing":"30° 16' 24.64\" N","ID":"264","GlobalID":"{740CD277-4707-4607-A5B7-F14568BB0DEF}","sectors":"القطاع الثالث","Distance":"0","I_D":"0","__networkId":"telecom","__networkName":"شبكة الاتصالات","__layerId":"telecom_assets","__layerName":"مرافق الاتصالات","__assetName":"مرافق الاتصالات","__geometryKind":"point","__featureIndex":1483,"__typeValue":"كونيكتور"},"geometry":{"type":"Point","coordinates":[31.55377394622655,30.273677793496905]}},{"type":"Feature","properties":{"Description":null,"Telecom_Feature_Type":"كونيكتور","Easting":"031° 33' 10.49\" E","Northing":"30° 16' 27.24\" N","ID":"265","GlobalID":"{5D6BC0EC-9ACB-4B54-96A0-B12B5680579A}","sectors":"القطاع الثالث","Distance":"0","I_D":"0","__networkId":"telecom","__networkName":"شبكة الاتصالات","__layerId":"telecom_assets","__layerName":"مرافق الاتصالات","__assetName":"مرافق الاتصالات","__geometryKind":"point","__featureIndex":1484,"__typeValue":"كونيكتور"},"geometry":{"type":"Point","coordinates":[31.554589608419658,30.27439938682601]}},{"type":"Feature","properties":{"Description":null,"Telecom_Feature_Type":"كونيكتور","Easting":"031° 33' 10.9\" E","Northing":"30° 16' 26.36\" N","ID":"266","GlobalID":"{72913F16-AAB9-4760-8C65-EEF0D277EDAA}","sectors":"القطاع الثالث","Distance":"0","I_D":"0","__networkId":"telecom","__networkName":"شبكة الاتصالات","__layerId":"telecom_assets","__layerName":"مرافق الاتصالات","__assetName":"مرافق الاتصالات","__geometryKind":"point","__featureIndex":1485,"__typeValue":"كونيكتور"},"geometry":{"type":"Point","coordinates":[31.55470375015629,30.27415489116247]}},{"type":"Feature","properties":{"Description":null,"Telecom_Feature_Type":"كونيكتور","Easting":"031° 33' 13.09\" E","Northing":"30° 16' 29.82\" N","ID":"267","GlobalID":"{8C1BC414-88E0-4CE4-B381-D6D002B7EE2C}","sectors":"القطاع الثالث","Distance":"0","I_D":"0","__networkId":"telecom","__networkName":"شبكة الاتصالات","__layerId":"telecom_assets","__layerName":"مرافق الاتصالات","__assetName":"مرافق الاتصالات","__geometryKind":"point","__featureIndex":1486,"__typeValue":"كونيكتور"},"geometry":{"type":"Point","coordinates":[31.555312754020036,30.27511638445232]}},{"type":"Feature","properties":{"Description":null,"Telecom_Feature_Type":"كونيكتور","Easting":"031° 33' 14.05\" E","Northing":"30° 16' 30.05\" N","ID":"268","GlobalID":"{54144A4D-D90A-4E5F-B6AF-7BBCCD6328B1}","sectors":"القطاع الثالث","Distance":"0","I_D":"0","__networkId":"telecom","__networkName":"شبكة الاتصالات","__layerId":"telecom_assets","__layerName":"مرافق الاتصالات","__assetName":"مرافق الاتصالات","__geometryKind":"point","__featureIndex":1487,"__typeValue":"كونيكتور"},"geometry":{"type":"Point","coordinates":[31.555580885860977,30.27518111625546]}},{"type":"Feature","properties":{"Description":null,"Telecom_Feature_Type":"كونيكتور","Easting":"031° 33' 16.04\" E","Northing":"30° 16' 32.15\" N","ID":"269","GlobalID":"{C68259D7-71D9-44A0-986F-B59936728FB8}","sectors":"القطاع الثالث","Distance":"0","I_D":"0","__networkId":"telecom","__networkName":"شبكة الاتصالات","__layerId":"telecom_assets","__layerName":"مرافق الاتصالات","__assetName":"مرافق الاتصالات","__geometryKind":"point","__featureIndex":1488,"__typeValue":"كونيكتور"},"geometry":{"type":"Point","coordinates":[31.556133098232422,30.275763712975625]}},{"type":"Feature","properties":{"Description":null,"Telecom_Feature_Type":"كونيكتور","Easting":"031° 33' 17.25\" E","Northing":"30° 16' 32.15\" N","ID":"270","GlobalID":"{56C76FED-9D4A-4E39-9D06-2524442B490B}","sectors":"القطاع الثالث","Distance":"0","I_D":"0","__networkId":"telecom","__networkName":"شبكة الاتصالات","__layerId":"telecom_assets","__layerName":"مرافق الاتصالات","__assetName":"مرافق الاتصالات","__geometryKind":"point","__featureIndex":1489,"__typeValue":"كونيكتور"},"geometry":{"type":"Point","coordinates":[31.55646859563483,30.275764270770804]}},{"type":"Feature","properties":{"Description":null,"Telecom_Feature_Type":"كونيكتور","Easting":"031° 33' 18.25\" E","Northing":"30° 16' 31.74\" N","ID":"271","GlobalID":"{5C3555B7-23CD-4BBA-82FF-C24A2C997A9F}","sectors":"القطاع الثالث","Distance":"0","I_D":"0","__networkId":"telecom","__networkName":"شبكة الاتصالات","__layerId":"telecom_assets","__layerName":"مرافق الاتصالات","__assetName":"مرافق الاتصالات","__geometryKind":"point","__featureIndex":1490,"__typeValue":"كونيكتور"},"geometry":{"type":"Point","coordinates":[31.556747605175552,30.275650264035292]}},{"type":"Feature","properties":{"Description":null,"Telecom_Feature_Type":"كونيكتور","Easting":"031° 33' 19.2\" E","Northing":"30° 16' 30.82\" N","ID":"272","GlobalID":"{E9C2B035-CA61-4917-8690-98EB9CAD5336}","sectors":"القطاع الثالث","Distance":"0","I_D":"0","__networkId":"telecom","__networkName":"شبكة الاتصالات","__layerId":"telecom_assets","__layerName":"مرافق الاتصالات","__assetName":"مرافق الاتصالات","__geometryKind":"point","__featureIndex":1491,"__typeValue":"كونيكتور"},"geometry":{"type":"Point","coordinates":[31.557011235558637,30.275394863796908]}},{"type":"Feature","properties":{"Description":null,"Telecom_Feature_Type":"كونيكتور","Easting":"031° 33' 6.45\" E","Northing":"30° 16' 21.59\" N","ID":"273","GlobalID":"{ACD9E36F-6825-41E2-8361-D87B463F7557}","sectors":"القطاع الثالث","Distance":"0","I_D":"0","__networkId":"telecom","__networkName":"شبكة الاتصالات","__layerId":"telecom_assets","__layerName":"مرافق الاتصالات","__assetName":"مرافق الاتصالات","__geometryKind":"point","__featureIndex":1492,"__typeValue":"كونيكتور"},"geometry":{"type":"Point","coordinates":[31.55346957814366,30.272829217097662]}},{"type":"Feature","properties":{"Description":null,"Telecom_Feature_Type":"كونيكتور","Easting":"031° 33' 5.55\" E","Northing":"30° 16' 18.88\" N","ID":"274","GlobalID":"{075C136E-0F79-456E-B63F-F90A02EBE308}","sectors":"القطاع الثالث","Distance":"0","I_D":"0","__networkId":"telecom","__networkName":"شبكة الاتصالات","__layerId":"telecom_assets","__layerName":"مرافق الاتصالات","__assetName":"مرافق الاتصالات","__geometryKind":"point","__featureIndex":1493,"__typeValue":"كونيكتور"},"geometry":{"type":"Point","coordinates":[31.55321753063785,30.27207889206777]}},{"type":"Feature","properties":{"Description":null,"Telecom_Feature_Type":"كونيكتور","Easting":"031° 33' 6.27\" E","Northing":"30° 16' 14.3\" N","ID":"275","GlobalID":"{7A26333C-DDC3-458D-85FB-230A7E7C8BFD}","sectors":"القطاع الثالث","Distance":"0","I_D":"0","__networkId":"telecom","__networkName":"شبكة الاتصالات","__layerId":"telecom_assets","__layerName":"مرافق الاتصالات","__assetName":"مرافق الاتصالات","__geometryKind":"point","__featureIndex":1494,"__typeValue":"كونيكتور"},"geometry":{"type":"Point","coordinates":[31.553418837703138,30.270806318196012]}},{"type":"Feature","properties":{"Description":null,"Telecom_Feature_Type":"كونيكتور","Easting":"031° 33' 8.11\" E","Northing":"30° 16' 13.63\" N","ID":"276","GlobalID":"{CB80A5EF-9805-4F15-89A1-C1429FA6F735}","sectors":"القطاع الثالث","Distance":"0","I_D":"0","__networkId":"telecom","__networkName":"شبكة الاتصالات","__layerId":"telecom_assets","__layerName":"مرافق الاتصالات","__assetName":"مرافق الاتصالات","__geometryKind":"point","__featureIndex":1495,"__typeValue":"كونيكتور"},"geometry":{"type":"Point","coordinates":[31.553929646723162,30.270618870739195]}},{"type":"Feature","properties":{"Description":null,"Telecom_Feature_Type":"كونيكتور","Easting":"031° 33' 9.45\" E","Northing":"30° 16' 14.04\" N","ID":"277","GlobalID":"{E55EEA61-AF10-4E34-959F-1F1A35F49F3E}","sectors":"القطاع الثالث","Distance":"0","I_D":"0","__networkId":"telecom","__networkName":"شبكة الاتصالات","__layerId":"telecom_assets","__layerName":"مرافق الاتصالات","__assetName":"مرافق الاتصالات","__geometryKind":"point","__featureIndex":1496,"__typeValue":"كونيكتور"},"geometry":{"type":"Point","coordinates":[31.55430263890722,30.270732564451457]}},{"type":"Feature","properties":{"Description":null,"Telecom_Feature_Type":"كونيكتور","Easting":"031° 33' 17.12\" E","Northing":"30° 16' 13.51\" N","ID":"278","GlobalID":"{7A1847FB-C1EB-4EA5-94F8-21C309914AB1}","sectors":"القطاع الثالث","Distance":"0","I_D":"0","__networkId":"telecom","__networkName":"شبكة الاتصالات","__layerId":"telecom_assets","__layerName":"مرافق الاتصالات","__assetName":"مرافق الاتصالات","__geometryKind":"point","__featureIndex":1497,"__typeValue":"كونيكتور"},"geometry":{"type":"Point","coordinates":[31.556432240815294,30.27058494895516]}},{"type":"Feature","properties":{"Description":null,"Telecom_Feature_Type":"كونيكتور","Easting":"031° 33' 12.1\" E","Northing":"30° 16' 16.49\" N","ID":"279","GlobalID":"{1F7CAD6F-4738-4A66-89E6-0E1F484D56E8}","sectors":"القطاع الثالث","Distance":"0","I_D":"0","__networkId":"telecom","__networkName":"شبكة الاتصالات","__layerId":"telecom_assets","__layerName":"مرافق الاتصالات","__assetName":"مرافق الاتصالات","__geometryKind":"point","__featureIndex":1498,"__typeValue":"كونيكتور"},"geometry":{"type":"Point","coordinates":[31.55503912448953,30.271413493497562]}},{"type":"Feature","properties":{"Description":null,"Telecom_Feature_Type":"كونيكتور","Easting":"031° 33' 14.49\" E","Northing":"30° 16' 17.03\" N","ID":"280","GlobalID":"{5D5C5125-B13F-4BAC-9E1B-EEF4C9DDF7CE}","sectors":"القطاع الثالث","Distance":"0","I_D":"0","__networkId":"telecom","__networkName":"شبكة الاتصالات","__layerId":"telecom_assets","__layerName":"مرافق الاتصالات","__assetName":"مرافق الاتصالات","__geometryKind":"point","__featureIndex":1499,"__typeValue":"كونيكتور"},"geometry":{"type":"Point","coordinates":[31.55570312231662,30.271562278469776]}},{"type":"Feature","properties":{"Description":null,"Telecom_Feature_Type":"كونيكتور","Easting":"031° 33' 13.86\" E","Northing":"30° 16' 13.45\" N","ID":"281","GlobalID":"{2BBB255C-36FC-4725-9E27-411560894FC5}","sectors":"القطاع الثالث","Distance":"0","I_D":"0","__networkId":"telecom","__networkName":"شبكة الاتصالات","__layerId":"telecom_assets","__layerName":"مرافق الاتصالات","__assetName":"مرافق الاتصالات","__geometryKind":"point","__featureIndex":1500,"__typeValue":"كونيكتور"},"geometry":{"type":"Point","coordinates":[31.555526359919853,30.270569512184863]}},{"type":"Feature","properties":{"Description":null,"Telecom_Feature_Type":"كونيكتور","Easting":"031° 33' 19.95\" E","Northing":"30° 16' 13.63\" N","ID":"282","GlobalID":"{8E1FC656-1B06-463A-B211-968807E9EA83}","sectors":"القطاع الثالث","Distance":"0","I_D":"0","__networkId":"telecom","__networkName":"شبكة الاتصالات","__layerId":"telecom_assets","__layerName":"مرافق الاتصالات","__assetName":"مرافق الاتصالات","__geometryKind":"point","__featureIndex":1501,"__typeValue":"كونيكتور"},"geometry":{"type":"Point","coordinates":[31.55721948839769,30.27061994837222]}},{"type":"Feature","properties":{"Description":null,"Telecom_Feature_Type":"كونيكتور","Easting":"031° 33' 18.4\" E","Northing":"30° 16' 16.75\" N","ID":"283","GlobalID":"{143CC87A-1212-4126-8BAC-858751D408BF}","sectors":"القطاع الثالث","Distance":"0","I_D":"0","__networkId":"telecom","__networkName":"شبكة الاتصالات","__layerId":"telecom_assets","__layerName":"مرافق الاتصالات","__assetName":"مرافق الاتصالات","__geometryKind":"point","__featureIndex":1502,"__typeValue":"كونيكتور"},"geometry":{"type":"Point","coordinates":[31.556788315925946,30.271485769556165]}},{"type":"Feature","properties":{"Description":null,"Telecom_Feature_Type":"كونيكتور","Easting":"031° 33' 17.2\" E","Northing":"30° 16' 16.12\" N","ID":"284","GlobalID":"{E2D60210-60F8-46BC-8084-4A87EAB47DCC}","sectors":"القطاع الثالث","Distance":"0","I_D":"0","__networkId":"telecom","__networkName":"شبكة الاتصالات","__layerId":"telecom_assets","__layerName":"مرافق الاتصالات","__assetName":"مرافق الاتصالات","__geometryKind":"point","__featureIndex":1503,"__typeValue":"كونيكتور"},"geometry":{"type":"Point","coordinates":[31.556455373332184,30.271311214559926]}},{"type":"Feature","properties":{"Description":null,"Telecom_Feature_Type":"كونيكتور","Easting":"031° 33' 16.2\" E","Northing":"30° 16' 16.91\" N","ID":"285","GlobalID":"{4C9E588B-128F-44AE-A2A0-21C5DEA17B06}","sectors":"القطاع الثالث","Distance":"0","I_D":"0","__networkId":"telecom","__networkName":"شبكة الاتصالات","__layerId":"telecom_assets","__layerName":"مرافق الاتصالات","__assetName":"مرافق الاتصالات","__geometryKind":"point","__featureIndex":1504,"__typeValue":"كونيكتور"},"geometry":{"type":"Point","coordinates":[31.556178109218056,30.271529668158596]}},{"type":"Feature","properties":{"Description":null,"Telecom_Feature_Type":"كونيكتور","Easting":"031° 33' 19.49\" E","Northing":"30° 16' 20.64\" N","ID":"286","GlobalID":"{A61A5DD4-5647-4836-B5F8-1414E6BA7199}","sectors":"القطاع الثالث","Distance":"0","I_D":"0","__networkId":"telecom","__networkName":"شبكة الاتصالات","__layerId":"telecom_assets","__layerName":"مرافق الاتصالات","__assetName":"مرافق الاتصالات","__geometryKind":"point","__featureIndex":1505,"__typeValue":"كونيكتور"},"geometry":{"type":"Point","coordinates":[31.557091366180295,30.272567485047702]}},{"type":"Feature","properties":{"Description":null,"Telecom_Feature_Type":"كونيكتور","Easting":"031° 33' 20.37\" E","Northing":"30° 16' 19.78\" N","ID":"287","GlobalID":"{23D42FDB-F7A6-4BF3-AFE6-61CB5B3B48F6}","sectors":"القطاع الثالث","Distance":"0","I_D":"0","__networkId":"telecom","__networkName":"شبكة الاتصالات","__layerId":"telecom_assets","__layerName":"مرافق الاتصالات","__assetName":"مرافق الاتصالات","__geometryKind":"point","__featureIndex":1506,"__typeValue":"كونيكتور"},"geometry":{"type":"Point","coordinates":[31.557335851668004,30.272327076496985]}},{"type":"Feature","properties":{"Description":null,"Telecom_Feature_Type":"كونيكتور","Easting":"031° 33' 19.98\" E","Northing":"30° 16' 23.26\" N","ID":"288","GlobalID":"{F25A7BB8-9E49-4B00-AB7C-CE0F557419D9}","sectors":"القطاع الثالث","Distance":"0","I_D":"0","__networkId":"telecom","__networkName":"شبكة الاتصالات","__layerId":"telecom_assets","__layerName":"مرافق الاتصالات","__assetName":"مرافق الاتصالات","__geometryKind":"point","__featureIndex":1507,"__typeValue":"كونيكتور"},"geometry":{"type":"Point","coordinates":[31.557225670603476,30.273295107620964]}},{"type":"Feature","properties":{"Description":null,"Telecom_Feature_Type":"كونيكتور","Easting":"031° 33' 21.21\" E","Northing":"30° 16' 23.32\" N","ID":"289","GlobalID":"{FCDD12F8-364A-44CF-95E8-1EF34A7D6FD4}","sectors":"القطاع الثالث","Distance":"0","I_D":"0","__networkId":"telecom","__networkName":"شبكة الاتصالات","__layerId":"telecom_assets","__layerName":"مرافق الاتصالات","__assetName":"مرافق الاتصالات","__geometryKind":"point","__featureIndex":1508,"__typeValue":"كونيكتور"},"geometry":{"type":"Point","coordinates":[31.55756820361119,30.273310058304038]}},{"type":"Feature","properties":{"Description":null,"Telecom_Feature_Type":"كونيكتور","Easting":"031° 33' 22.18\" E","Northing":"30° 16' 22.89\" N","ID":"290","GlobalID":"{B288DBF0-1939-4078-B244-3B57C54966C9}","sectors":"القطاع الثالث","Distance":"0","I_D":"0","__networkId":"telecom","__networkName":"شبكة الاتصالات","__layerId":"telecom_assets","__layerName":"مرافق الاتصالات","__assetName":"مرافق الاتصالات","__geometryKind":"point","__featureIndex":1509,"__typeValue":"كونيكتور"},"geometry":{"type":"Point","coordinates":[31.55783837462784,30.273191048600538]}},{"type":"Feature","properties":{"Description":null,"Telecom_Feature_Type":"كونيكتور","Easting":"031° 33' 12.88\" E","Northing":"30° 16' 19.2\" N","ID":"291","GlobalID":"{AC13D22F-B6BA-4940-A7D8-4320CAFFC3DE}","sectors":"القطاع الثالث","Distance":"0","I_D":"0","__networkId":"telecom","__networkName":"شبكة الاتصالات","__layerId":"telecom_assets","__layerName":"مرافق الاتصالات","__assetName":"مرافق الاتصالات","__geometryKind":"point","__featureIndex":1510,"__typeValue":"كونيكتور"},"geometry":{"type":"Point","coordinates":[31.555256046969397,30.272165200696865]}},{"type":"Feature","properties":{"Description":null,"Telecom_Feature_Type":"كونيكتور","Easting":"031° 33' 11.51\" E","Northing":"30° 16' 19.5\" N","ID":"292","GlobalID":"{0B21AFA2-A5CA-4715-8CA3-F3C638EBB1F0}","sectors":"القطاع الثالث","Distance":"0","I_D":"0","__networkId":"telecom","__networkName":"شبكة الاتصالات","__layerId":"telecom_assets","__layerName":"مرافق الاتصالات","__assetName":"مرافق الاتصالات","__geometryKind":"point","__featureIndex":1511,"__typeValue":"كونيكتور"},"geometry":{"type":"Point","coordinates":[31.554873287403232,30.272250246989596]}},{"type":"Feature","properties":{"Description":null,"Telecom_Feature_Type":"كونيكتور","Easting":"031° 33' 14.95\" E","Northing":"30° 16' 19.94\" N","ID":"293","GlobalID":"{6EAF7ADD-4E12-483C-B9E5-6BFA6AC29C99}","sectors":"القطاع الثالث","Distance":"0","I_D":"0","__networkId":"telecom","__networkName":"شبكة الاتصالات","__layerId":"telecom_assets","__layerName":"مرافق الاتصالات","__assetName":"مرافق الاتصالات","__geometryKind":"point","__featureIndex":1512,"__typeValue":"كونيكتور"},"geometry":{"type":"Point","coordinates":[31.555830784596598,30.27237214698702]}},{"type":"Feature","properties":{"Description":null,"Telecom_Feature_Type":"كونيكتور","Easting":"031° 33' 18.28\" E","Northing":"30° 16' 26.62\" N","ID":"294","GlobalID":"{8ECB3799-B1E9-4FFC-895F-5BA654DCB110}","sectors":"القطاع الثالث","Distance":"0","I_D":"0","__networkId":"telecom","__networkName":"شبكة الاتصالات","__layerId":"telecom_assets","__layerName":"مرافق الاتصالات","__assetName":"مرافق الاتصالات","__geometryKind":"point","__featureIndex":1513,"__typeValue":"كونيكتور"},"geometry":{"type":"Point","coordinates":[31.556753683176787,30.274226266820076]}},{"type":"Feature","properties":{"Description":null,"Telecom_Feature_Type":"كونيكتور","Easting":"031° 33' 14.79\" E","Northing":"30° 16' 22.61\" N","ID":"295","GlobalID":"{4C147F75-0CF9-4D20-8AE0-A8117E954440}","sectors":"القطاع الثالث","Distance":"0","I_D":"0","__networkId":"telecom","__networkName":"شبكة الاتصالات","__layerId":"telecom_assets","__layerName":"مرافق الاتصالات","__assetName":"مرافق الاتصالات","__geometryKind":"point","__featureIndex":1514,"__typeValue":"كونيكتور"},"geometry":{"type":"Point","coordinates":[31.55578470102253,30.273114271749005]}},{"type":"Feature","properties":{"Description":null,"Telecom_Feature_Type":"كونيكتور","Easting":"031° 33' 15.76\" E","Northing":"30° 16' 22.17\" N","ID":"296","GlobalID":"{447EC21B-1442-496E-9233-5604074B415C}","sectors":"القطاع الثالث","Distance":"0","I_D":"0","__networkId":"telecom","__networkName":"شبكة الاتصالات","__layerId":"telecom_assets","__layerName":"مرافق الاتصالات","__assetName":"مرافق الاتصالات","__geometryKind":"point","__featureIndex":1515,"__typeValue":"كونيكتور"},"geometry":{"type":"Point","coordinates":[31.556053803043966,30.27299247042593]}},{"type":"Feature","properties":{"Description":null,"Telecom_Feature_Type":"كونيكتور","Easting":"031° 33' 21.19\" E","Northing":"30° 16' 28.91\" N","ID":"297","GlobalID":"{40D8E19C-26A8-434C-BEE5-20B11538E971}","sectors":"القطاع الثالث","Distance":"0","I_D":"0","__networkId":"telecom","__networkName":"شبكة الاتصالات","__layerId":"telecom_assets","__layerName":"مرافق الاتصالات","__assetName":"مرافق الاتصالات","__geometryKind":"point","__featureIndex":1516,"__typeValue":"كونيكتور"},"geometry":{"type":"Point","coordinates":[31.557562352883757,30.274864994487412]}},{"type":"Feature","properties":{"Description":null,"Telecom_Feature_Type":"كونيكتور","Easting":"031° 33' 22.12\" E","Northing":"30° 16' 27.98\" N","ID":"298","GlobalID":"{C4B2FEBA-5E34-4942-A347-CAF4252A1ACC}","sectors":"القطاع الثالث","Distance":"0","I_D":"0","__networkId":"telecom","__networkName":"شبكة الاتصالات","__layerId":"telecom_assets","__layerName":"مرافق الاتصالات","__assetName":"مرافق الاتصالات","__geometryKind":"point","__featureIndex":1517,"__typeValue":"كونيكتور"},"geometry":{"type":"Point","coordinates":[31.557822822095318,30.274605153065302]}},{"type":"Feature","properties":{"Description":null,"Telecom_Feature_Type":"كونيكتور","Easting":"031° 33' 22.55\" E","Northing":"30° 16' 27.11\" N","ID":"299","GlobalID":"{888D7320-5E45-4692-954C-0319B39A1AC8}","sectors":"القطاع الثالث","Distance":"0","I_D":"0","__networkId":"telecom","__networkName":"شبكة الاتصالات","__layerId":"telecom_assets","__layerName":"مرافق الاتصالات","__assetName":"مرافق الاتصالات","__geometryKind":"point","__featureIndex":1518,"__typeValue":"كونيكتور"},"geometry":{"type":"Point","coordinates":[31.557940060324746,30.27436411567344]}},{"type":"Feature","properties":{"Description":null,"Telecom_Feature_Type":"كونيكتور","Easting":"031° 33' 17.03\" E","Northing":"30° 16' 22.22\" N","ID":"300","GlobalID":"{219BDFDB-7A6D-4D5F-A0B3-9A2204EE3C2E}","sectors":"القطاع الثالث","Distance":"0","I_D":"0","__networkId":"telecom","__networkName":"شبكة الاتصالات","__layerId":"telecom_assets","__layerName":"مرافق الاتصالات","__assetName":"مرافق الاتصالات","__geometryKind":"point","__featureIndex":1519,"__typeValue":"كونيكتور"},"geometry":{"type":"Point","coordinates":[31.55640658043921,30.273004122390233]}},{"type":"Feature","properties":{"Description":null,"Telecom_Feature_Type":"كونيكتور","Easting":"031° 33' 22.17\" E","Northing":"30° 16' 26.27\" N","ID":"301","GlobalID":"{D4143A81-0C56-4EB4-984B-6997991E36FC}","sectors":"القطاع الثالث","Distance":"0","I_D":"0","__networkId":"telecom","__networkName":"شبكة الاتصالات","__layerId":"telecom_assets","__layerName":"مرافق الاتصالات","__assetName":"مرافق الاتصالات","__geometryKind":"point","__featureIndex":1520,"__typeValue":"كونيكتور"},"geometry":{"type":"Point","coordinates":[31.55783506613266,30.274129115012]}},{"type":"Feature","properties":{"Description":null,"Telecom_Feature_Type":"كونيكتور","Easting":"031° 33' 24.05\" E","Northing":"30° 16' 16.31\" N","ID":"302","GlobalID":"{49F62679-9166-4BBE-A3B1-96DEAE128F20}","sectors":"القطاع الثالث","Distance":"0","I_D":"0","__networkId":"telecom","__networkName":"شبكة الاتصالات","__layerId":"telecom_assets","__layerName":"مرافق الاتصالات","__assetName":"مرافق الاتصالات","__geometryKind":"point","__featureIndex":1521,"__typeValue":"كونيكتور"},"geometry":{"type":"Point","coordinates":[31.558356842683978,30.27136256351555]}},{"type":"Feature","properties":{"Description":null,"Telecom_Feature_Type":"كونيكتور","Easting":"031° 33' 25.35\" E","Northing":"30° 16' 19.95\" N","ID":"303","GlobalID":"{B8847C07-C3B1-4ADD-97C7-17C06BD83D6E}","sectors":"القطاع الثالث","Distance":"0","I_D":"0","__networkId":"telecom","__networkName":"شبكة الاتصالات","__layerId":"telecom_assets","__layerName":"مرافق الاتصالات","__assetName":"مرافق الاتصالات","__geometryKind":"point","__featureIndex":1522,"__typeValue":"كونيكتور"},"geometry":{"type":"Point","coordinates":[31.558718474772945,30.272373605528383]}},{"type":"Feature","properties":{"Description":null,"Telecom_Feature_Type":"كونيكتور","Easting":"031° 33' 26.04\" E","Northing":"30° 16' 19.32\" N","ID":"304","GlobalID":"{B59AA27E-A551-478C-8BC9-C04458B85FA1}","sectors":"القطاع الثالث","Distance":"0","I_D":"0","__networkId":"telecom","__networkName":"شبكة الاتصالات","__layerId":"telecom_assets","__layerName":"مرافق الاتصالات","__assetName":"مرافق الاتصالات","__geometryKind":"point","__featureIndex":1523,"__typeValue":"كونيكتور"},"geometry":{"type":"Point","coordinates":[31.558909460195615,30.272199253048626]}},{"type":"Feature","properties":{"Description":null,"Telecom_Feature_Type":"كونيكتور","Easting":"031° 33' 37.44\" E","Northing":"30° 16' 13.2\" N","ID":"305","GlobalID":"{6AAF3FDE-545D-44DD-910E-BB00B4F31FBA}","sectors":"القطاع الاول","Distance":"0","I_D":"0","__networkId":"telecom","__networkName":"شبكة الاتصالات","__layerId":"telecom_assets","__layerName":"مرافق الاتصالات","__assetName":"مرافق الاتصالات","__geometryKind":"point","__featureIndex":1524,"__typeValue":"كونيكتور"},"geometry":{"type":"Point","coordinates":[31.562075848197303,30.27049894539132]}},{"type":"Feature","properties":{"Description":null,"Telecom_Feature_Type":"كونيكتور","Easting":"031° 33' 36.22\" E","Northing":"30° 16' 13.44\" N","ID":"306","GlobalID":"{2321F745-5DEB-48A8-A381-F66A642EA9CC}","sectors":"القطاع الاول","Distance":"0","I_D":"0","__networkId":"telecom","__networkName":"شبكة الاتصالات","__layerId":"telecom_assets","__layerName":"مرافق الاتصالات","__assetName":"مرافق الاتصالات","__geometryKind":"point","__featureIndex":1525,"__typeValue":"كونيكتور"},"geometry":{"type":"Point","coordinates":[31.561737711544552,30.27056697210393]}},{"type":"Feature","properties":{"Description":null,"Telecom_Feature_Type":"كونيكتور","Easting":"031° 33' 34.02\" E","Northing":"30° 16' 15.55\" N","ID":"307","GlobalID":"{614794B2-364C-42C4-895B-E0303CFF5150}","sectors":"القطاع الاول","Distance":"0","I_D":"0","__networkId":"telecom","__networkName":"شبكة الاتصالات","__layerId":"telecom_assets","__layerName":"مرافق الاتصالات","__assetName":"مرافق الاتصالات","__geometryKind":"point","__featureIndex":1526,"__typeValue":"كونيكتور"},"geometry":{"type":"Point","coordinates":[31.561128114792755,30.271153493203293]}},{"type":"Feature","properties":{"Description":null,"Telecom_Feature_Type":"كونيكتور","Easting":"031° 33' 31.2\" E","Northing":"30° 16' 18.29\" N","ID":"308","GlobalID":"{22052658-095F-4D35-9FBE-23E97435894F}","sectors":"القطاع الاول","Distance":"0","I_D":"0","__networkId":"telecom","__networkName":"شبكة الاتصالات","__layerId":"telecom_assets","__layerName":"مرافق الاتصالات","__assetName":"مرافق الاتصالات","__geometryKind":"point","__featureIndex":1527,"__typeValue":"كونيكتور"},"geometry":{"type":"Point","coordinates":[31.560344667084017,30.271912883822473]}},{"type":"Feature","properties":{"Description":null,"Telecom_Feature_Type":"كونيكتور","Easting":"031° 33' 34.74\" E","Northing":"30° 16' 17.69\" N","ID":"309","GlobalID":"{1217098D-91C7-476D-B21B-55473AC7DDD6}","sectors":"القطاع الاول","Distance":"0","I_D":"0","__networkId":"telecom","__networkName":"شبكة الاتصالات","__layerId":"telecom_assets","__layerName":"مرافق الاتصالات","__assetName":"مرافق الاتصالات","__geometryKind":"point","__featureIndex":1528,"__typeValue":"كونيكتور"},"geometry":{"type":"Point","coordinates":[31.561325958852603,30.27174673409634]}},{"type":"Feature","properties":{"Description":null,"Telecom_Feature_Type":"كونيكتور","Easting":"031° 33' 34.01\" E","Northing":"30° 16' 16.71\" N","ID":"310","GlobalID":"{3EBB7003-6283-401C-8960-53FEC7B1735B}","sectors":"القطاع الاول","Distance":"0","I_D":"0","__networkId":"telecom","__networkName":"شبكة الاتصالات","__layerId":"telecom_assets","__layerName":"مرافق الاتصالات","__assetName":"مرافق الاتصالات","__geometryKind":"point","__featureIndex":1529,"__typeValue":"كونيكتور"},"geometry":{"type":"Point","coordinates":[31.561123645674233,30.2714759025894]}},{"type":"Feature","properties":{"Description":null,"Telecom_Feature_Type":"كونيكتور","Easting":"031° 33' 35.02\" E","Northing":"30° 16' 22.91\" N","ID":"311","GlobalID":"{885353A8-B558-485C-8F56-EF1B1FF5F92B}","sectors":"القطاع الاول","Distance":"0","I_D":"0","__networkId":"telecom","__networkName":"شبكة الاتصالات","__layerId":"telecom_assets","__layerName":"مرافق الاتصالات","__assetName":"مرافق الاتصالات","__geometryKind":"point","__featureIndex":1530,"__typeValue":"كونيكتور"},"geometry":{"type":"Point","coordinates":[31.56140350232625,30.27319634973339]}},{"type":"Feature","properties":{"Description":null,"Telecom_Feature_Type":"كونيكتور","Easting":"031° 33' 36.24\" E","Northing":"30° 16' 23.47\" N","ID":"312","GlobalID":"{36B44F69-888C-45C9-ACD7-BFA8F991D5B2}","sectors":"القطاع الاول","Distance":"0","I_D":"0","__networkId":"telecom","__networkName":"شبكة الاتصالات","__layerId":"telecom_assets","__layerName":"مرافق الاتصالات","__assetName":"مرافق الاتصالات","__geometryKind":"point","__featureIndex":1531,"__typeValue":"كونيكتور"},"geometry":{"type":"Point","coordinates":[31.561744955559014,30.27335290564103]}},{"type":"Feature","properties":{"Description":null,"Telecom_Feature_Type":"كونيكتور","Easting":"031° 33' 37.19\" E","Northing":"30° 16' 24.22\" N","ID":"313","GlobalID":"{3D39EF60-5881-4F5C-BA82-428004B49311}","sectors":"القطاع الاول","Distance":"0","I_D":"0","__networkId":"telecom","__networkName":"شبكة الاتصالات","__layerId":"telecom_assets","__layerName":"مرافق الاتصالات","__assetName":"مرافق الاتصالات","__geometryKind":"point","__featureIndex":1532,"__typeValue":"كونيكتور"},"geometry":{"type":"Point","coordinates":[31.562008773689954,30.27356025595177]}},{"type":"Feature","properties":{"Description":null,"Telecom_Feature_Type":"كونيكتور","Easting":"031° 33' 35.82\" E","Northing":"30° 16' 21.52\" N","ID":"314","GlobalID":"{9FD4917C-6648-4A4B-BFF6-2EA866CBF378}","sectors":"القطاع الاول","Distance":"0","I_D":"0","__networkId":"telecom","__networkName":"شبكة الاتصالات","__layerId":"telecom_assets","__layerName":"مرافق الاتصالات","__assetName":"مرافق الاتصالات","__geometryKind":"point","__featureIndex":1533,"__typeValue":"كونيكتور"},"geometry":{"type":"Point","coordinates":[31.561628435083502,30.272811543225853]}},{"type":"Feature","properties":{"Description":null,"Telecom_Feature_Type":"كونيكتور","Easting":"031° 33' 36.58\" E","Northing":"30° 16' 22.51\" N","ID":"315","GlobalID":"{1DC24478-4CC8-4D78-AF9E-91DD967E8A32}","sectors":"القطاع الاول","Distance":"0","I_D":"0","__networkId":"telecom","__networkName":"شبكة الاتصالات","__layerId":"telecom_assets","__layerName":"مرافق الاتصالات","__assetName":"مرافق الاتصالات","__geometryKind":"point","__featureIndex":1534,"__typeValue":"كونيكتور"},"geometry":{"type":"Point","coordinates":[31.56183700862111,30.2730856736889]}},{"type":"Feature","properties":{"Description":null,"Telecom_Feature_Type":"كونيكتور","Easting":"031° 33' 37.54\" E","Northing":"30° 16' 23.27\" N","ID":"316","GlobalID":"{58357C5B-120E-4CBC-B5EA-F5DBA56E8216}","sectors":"القطاع الاول","Distance":"0","I_D":"0","__networkId":"telecom","__networkName":"شبكة الاتصالات","__layerId":"telecom_assets","__layerName":"مرافق الاتصالات","__assetName":"مرافق الاتصالات","__geometryKind":"point","__featureIndex":1535,"__typeValue":"كونيكتور"},"geometry":{"type":"Point","coordinates":[31.562105602196127,30.273295972652004]}},{"type":"Feature","properties":{"Description":null,"Telecom_Feature_Type":"كونيكتور","Easting":"031° 33' 39.16\" E","Northing":"30° 16' 20.69\" N","ID":"317","GlobalID":"{46365658-6226-4C0F-9DF7-471B668B3EF3}","sectors":"القطاع الاول","Distance":"0","I_D":"0","__networkId":"telecom","__networkName":"شبكة الاتصالات","__layerId":"telecom_assets","__layerName":"مرافق الاتصالات","__assetName":"مرافق الاتصالات","__geometryKind":"point","__featureIndex":1536,"__typeValue":"كونيكتور"},"geometry":{"type":"Point","coordinates":[31.562554717617356,30.272580974975863]}},{"type":"Feature","properties":{"Description":null,"Telecom_Feature_Type":"كونيكتور","Easting":"031° 33' 40.14\" E","Northing":"30° 16' 21.46\" N","ID":"318","GlobalID":"{0A77ACC0-D473-4C95-BFB0-D4B63F7C33D6}","sectors":"القطاع الاول","Distance":"0","I_D":"0","__networkId":"telecom","__networkName":"شبكة الاتصالات","__layerId":"telecom_assets","__layerName":"مرافق الاتصالات","__assetName":"مرافق الاتصالات","__geometryKind":"point","__featureIndex":1537,"__typeValue":"كونيكتور"},"geometry":{"type":"Point","coordinates":[31.56282722605039,30.272795153327227]}},{"type":"Feature","properties":{"Description":null,"Telecom_Feature_Type":"كونيكتور","Easting":"031° 33' 39.88\" E","Northing":"30° 16' 20.04\" N","ID":"319","GlobalID":"{4B9A64CA-D5EC-451A-BB5F-2C0E93690BB7}","sectors":"القطاع الاول","Distance":"0","I_D":"0","__networkId":"telecom","__networkName":"شبكة الاتصالات","__layerId":"telecom_assets","__layerName":"مرافق الاتصالات","__assetName":"مرافق الاتصالات","__geometryKind":"point","__featureIndex":1538,"__typeValue":"كونيكتور"},"geometry":{"type":"Point","coordinates":[31.562756068700104,30.272399117585344]}},{"type":"Feature","properties":{"Description":null,"Telecom_Feature_Type":"كونيكتور","Easting":"031° 33' 27.67\" E","Northing":"30° 16' 21.02\" N","ID":"320","GlobalID":"{82A2068E-315A-4FD9-9D77-1F0EB1610648}","sectors":"القطاع الثالث","Distance":"0","I_D":"0","__networkId":"telecom","__networkName":"شبكة الاتصالات","__layerId":"telecom_assets","__layerName":"مرافق الاتصالات","__assetName":"مرافق الاتصالات","__geometryKind":"point","__featureIndex":1539,"__typeValue":"كونيكتور"},"geometry":{"type":"Point","coordinates":[31.55936227937078,30.272670637798498]}},{"type":"Feature","properties":{"Description":null,"Telecom_Feature_Type":"كونيكتور","Easting":"031° 33' 29.33\" E","Northing":"30° 16' 21.42\" N","ID":"321","GlobalID":"{8675D9DD-7181-4C03-A46D-FB4042E3C9D6}","sectors":"القطاع الثالث","Distance":"0","I_D":"0","__networkId":"telecom","__networkName":"شبكة الاتصالات","__layerId":"telecom_assets","__layerName":"مرافق الاتصالات","__assetName":"مرافق الاتصالات","__geometryKind":"point","__featureIndex":1540,"__typeValue":"كونيكتور"},"geometry":{"type":"Point","coordinates":[31.559823805915975,30.272783004039628]}},{"type":"Feature","properties":{"Description":null,"Telecom_Feature_Type":"كونيكتور","Easting":"031° 33' 31.38\" E","Northing":"30° 16' 24.67\" N","ID":"322","GlobalID":"{D271F59D-4577-4F45-A308-0231C63D8263}","sectors":"القطاع الثالث","Distance":"0","I_D":"0","__networkId":"telecom","__networkName":"شبكة الاتصالات","__layerId":"telecom_assets","__layerName":"مرافق الاتصالات","__assetName":"مرافق الاتصالات","__geometryKind":"point","__featureIndex":1541,"__typeValue":"كونيكتور"},"geometry":{"type":"Point","coordinates":[31.560393838167712,30.273685236613463]}},{"type":"Feature","properties":{"Description":null,"Telecom_Feature_Type":"كونيكتور","Easting":"031° 33' 30.69\" E","Northing":"30° 16' 23.37\" N","ID":"323","GlobalID":"{5AF6A99C-4644-4264-8CD3-F74497D87B5A}","sectors":"القطاع الثالث","Distance":"0","I_D":"0","__networkId":"telecom","__networkName":"شبكة الاتصالات","__layerId":"telecom_assets","__layerName":"مرافق الاتصالات","__assetName":"مرافق الاتصالات","__geometryKind":"point","__featureIndex":1542,"__typeValue":"كونيكتور"},"geometry":{"type":"Point","coordinates":[31.56020198766743,30.273324259550083]}},{"type":"Feature","properties":{"Description":null,"Telecom_Feature_Type":"كونيكتور","Easting":"031° 33' 34.21\" E","Northing":"30° 16' 25.23\" N","ID":"324","GlobalID":"{28484613-D619-4F2B-BCE4-8C0A5C2584DB}","sectors":"القطاع الثالث","Distance":"0","I_D":"0","__networkId":"telecom","__networkName":"شبكة الاتصالات","__layerId":"telecom_assets","__layerName":"مرافق الاتصالات","__assetName":"مرافق الاتصالات","__geometryKind":"point","__featureIndex":1543,"__typeValue":"كونيكتور"},"geometry":{"type":"Point","coordinates":[31.561179234322317,30.27384210284045]}},{"type":"Feature","properties":{"Description":null,"Telecom_Feature_Type":"كونيكتور","Easting":"031° 33' 35.09\" E","Northing":"30° 16' 26.41\" N","ID":"325","GlobalID":"{75E8DEDD-E053-4077-A5E4-A6359A72E7D3}","sectors":"القطاع الثالث","Distance":"0","I_D":"0","__networkId":"telecom","__networkName":"شبكة الاتصالات","__layerId":"telecom_assets","__layerName":"مرافق الاتصالات","__assetName":"مرافق الاتصالات","__geometryKind":"point","__featureIndex":1544,"__typeValue":"كونيكتور"},"geometry":{"type":"Point","coordinates":[31.561423139498366,30.274168558531958]}},{"type":"Feature","properties":{"Description":null,"Telecom_Feature_Type":"كونيكتور","Easting":"031° 33' 34.73\" E","Northing":"30° 16' 27.34\" N","ID":"326","GlobalID":"{6E7B90CF-0095-42E6-B4A1-EE6E30438D5D}","sectors":"القطاع الثالث","Distance":"0","I_D":"0","__networkId":"telecom","__networkName":"شبكة الاتصالات","__layerId":"telecom_assets","__layerName":"مرافق الاتصالات","__assetName":"مرافق الاتصالات","__geometryKind":"point","__featureIndex":1545,"__typeValue":"كونيكتور"},"geometry":{"type":"Point","coordinates":[31.561323237855625,30.274428047343413]}},{"type":"Feature","properties":{"Description":null,"Telecom_Feature_Type":"كونيكتور","Easting":"031° 33' 33.76\" E","Northing":"30° 16' 26.94\" N","ID":"327","GlobalID":"{6F0542C2-6A32-4D5A-B12F-D0D8672E721B}","sectors":"القطاع الثالث","Distance":"0","I_D":"0","__networkId":"telecom","__networkName":"شبكة الاتصالات","__layerId":"telecom_assets","__layerName":"مرافق الاتصالات","__assetName":"مرافق الاتصالات","__geometryKind":"point","__featureIndex":1546,"__typeValue":"كونيكتور"},"geometry":{"type":"Point","coordinates":[31.561054074748718,30.274315473518325]}},{"type":"Feature","properties":{"Description":null,"Telecom_Feature_Type":"كونيكتور","Easting":"031° 33' 38.02\" E","Northing":"30° 16' 28.24\" N","ID":"328","GlobalID":"{E410776A-202B-4040-8819-75DE28FE29B8}","sectors":"القطاع الثالث","Distance":"0","I_D":"0","__networkId":"telecom","__networkName":"شبكة الاتصالات","__layerId":"telecom_assets","__layerName":"مرافق الاتصالات","__assetName":"مرافق الاتصالات","__geometryKind":"point","__featureIndex":1547,"__typeValue":"كونيكتور"},"geometry":{"type":"Point","coordinates":[31.56223768778055,30.27467738798376]}},{"type":"Feature","properties":{"Description":null,"Telecom_Feature_Type":"كونيكتور","Easting":"031° 33' 41.52\" E","Northing":"30° 16' 31.05\" N","ID":"329","GlobalID":"{A6348455-8296-4EF6-A487-0D5E0ED95EC6}","sectors":"القطاع الثالث","Distance":"0","I_D":"0","__networkId":"telecom","__networkName":"شبكة الاتصالات","__layerId":"telecom_assets","__layerName":"مرافق الاتصالات","__assetName":"مرافق الاتصالات","__geometryKind":"point","__featureIndex":1548,"__typeValue":"كونيكتور"},"geometry":{"type":"Point","coordinates":[31.563209831106285,30.27545691737043]}},{"type":"Feature","properties":{"Description":null,"Telecom_Feature_Type":"كونيكتور","Easting":"031° 33' 39.61\" E","Northing":"30° 16' 29.52\" N","ID":"330","GlobalID":"{74071396-971E-48C9-AFCF-F267A24AB8E9}","sectors":"القطاع الثالث","Distance":"0","I_D":"0","__networkId":"telecom","__networkName":"شبكة الاتصالات","__layerId":"telecom_assets","__layerName":"مرافق الاتصالات","__assetName":"مرافق الاتصالات","__geometryKind":"point","__featureIndex":1549,"__typeValue":"كونيكتور"},"geometry":{"type":"Point","coordinates":[31.56267892857002,30.275032170747664]}},{"type":"Feature","properties":{"Description":null,"Telecom_Feature_Type":"كونيكتور","Easting":"031° 33' 23.26\" E","Northing":"30° 16' 25.35\" N","ID":"331","GlobalID":"{84F5C46D-7717-4715-916F-7F6AF717AD8B}","sectors":"القطاع الثالث","Distance":"0","I_D":"0","__networkId":"telecom","__networkName":"شبكة الاتصالات","__layerId":"telecom_assets","__layerName":"مرافق الاتصالات","__assetName":"مرافق الاتصالات","__geometryKind":"point","__featureIndex":1550,"__typeValue":"كونيكتور"},"geometry":{"type":"Point","coordinates":[31.558138668850923,30.273875028137265]}},{"type":"Feature","properties":{"Description":null,"Telecom_Feature_Type":"كونيكتور","Easting":"031° 33' 23.71\" E","Northing":"30° 16' 24.51\" N","ID":"332","GlobalID":"{E5BCCA0D-5F0F-4D9A-B1A5-2C3EC3BFD0A5}","sectors":"القطاع الثالث","Distance":"0","I_D":"0","__networkId":"telecom","__networkName":"شبكة الاتصالات","__layerId":"telecom_assets","__layerName":"مرافق الاتصالات","__assetName":"مرافق الاتصالات","__geometryKind":"point","__featureIndex":1551,"__typeValue":"كونيكتور"},"geometry":{"type":"Point","coordinates":[31.558262969635095,30.273640020874126]}},{"type":"Feature","properties":{"Description":null,"Telecom_Feature_Type":"كونيكتور","Easting":"031° 33' 23.61\" E","Northing":"30° 16' 26.18\" N","ID":"333","GlobalID":"{6B2C0E95-5095-4487-A557-0407B8970B63}","sectors":"القطاع الثالث","Distance":"0","I_D":"0","__networkId":"telecom","__networkName":"شبكة الاتصالات","__layerId":"telecom_assets","__layerName":"مرافق الاتصالات","__assetName":"مرافق الاتصالات","__geometryKind":"point","__featureIndex":1552,"__typeValue":"كونيكتور"},"geometry":{"type":"Point","coordinates":[31.5582362276874,30.274106667063226]}},{"type":"Feature","properties":{"Description":null,"Telecom_Feature_Type":"كونيكتور","Easting":"031° 33' 26.26\" E","Northing":"30° 16' 27.72\" N","ID":"334","GlobalID":"{D8F96C02-FBA2-4C1B-AD40-A9249D07216A}","sectors":"القطاع الثالث","Distance":"0","I_D":"0","__networkId":"telecom","__networkName":"شبكة الاتصالات","__layerId":"telecom_assets","__layerName":"مرافق الاتصالات","__assetName":"مرافق الاتصالات","__geometryKind":"point","__featureIndex":1553,"__typeValue":"كونيكتور"},"geometry":{"type":"Point","coordinates":[31.558972341367173,30.2745341547234]}},{"type":"Feature","properties":{"Description":null,"Telecom_Feature_Type":"كونيكتور","Easting":"031° 33' 26.67\" E","Northing":"30° 16' 26.85\" N","ID":"335","GlobalID":"{DE42BEE0-E3B0-44AA-8A8B-12DDBC22FD72}","sectors":"القطاع الثالث","Distance":"0","I_D":"0","__networkId":"telecom","__networkName":"شبكة الاتصالات","__layerId":"telecom_assets","__layerName":"مرافق الاتصالات","__assetName":"مرافق الاتصالات","__geometryKind":"point","__featureIndex":1554,"__typeValue":"كونيكتور"},"geometry":{"type":"Point","coordinates":[31.5590857824179,30.27429024202489]}},{"type":"Feature","properties":{"Description":null,"Telecom_Feature_Type":"كونيكتور","Easting":"031° 33' 27.61\" E","Northing":"30° 16' 25.92\" N","ID":"336","GlobalID":"{AA09AEF8-B64C-4F33-B728-530DD6086DD9}","sectors":"القطاع الثالث","Distance":"0","I_D":"0","__networkId":"telecom","__networkName":"شبكة الاتصالات","__layerId":"telecom_assets","__layerName":"مرافق الاتصالات","__assetName":"مرافق الاتصالات","__geometryKind":"point","__featureIndex":1555,"__typeValue":"كونيكتور"},"geometry":{"type":"Point","coordinates":[31.55934696309517,30.274033200519476]}},{"type":"Feature","properties":{"Description":null,"Telecom_Feature_Type":"كونيكتور","Easting":"031° 33' 26.62\" E","Northing":"30° 16' 28.55\" N","ID":"337","GlobalID":"{F086EB8C-C13B-471C-B8F2-475F4A6013E4}","sectors":"القطاع الثالث","Distance":"0","I_D":"0","__networkId":"telecom","__networkName":"شبكة الاتصالات","__layerId":"telecom_assets","__layerName":"مرافق الاتصالات","__assetName":"مرافق الاتصالات","__geometryKind":"point","__featureIndex":1556,"__typeValue":"كونيكتور"},"geometry":{"type":"Point","coordinates":[31.559072154076702,30.274763642349313]}},{"type":"Feature","properties":{"Description":null,"Telecom_Feature_Type":"كونيكتور","Easting":"031° 33' 29.04\" E","Northing":"30° 16' 30.42\" N","ID":"338","GlobalID":"{D9DA9EAF-0D2C-432C-AB97-E2DE831ACC82}","sectors":"القطاع الثالث","Distance":"0","I_D":"0","__networkId":"telecom","__networkName":"شبكة الاتصالات","__layerId":"telecom_assets","__layerName":"مرافق الاتصالات","__assetName":"مرافق الاتصالات","__geometryKind":"point","__featureIndex":1557,"__typeValue":"كونيكتور"},"geometry":{"type":"Point","coordinates":[31.55974287040382,30.275283907065614]}},{"type":"Feature","properties":{"Description":null,"Telecom_Feature_Type":"كونيكتور","Easting":"031° 33' 30.23\" E","Northing":"30° 16' 30.44\" N","ID":"339","GlobalID":"{39EC7971-60A6-45EB-91BC-E9E52579D935}","sectors":"القطاع الثالث","Distance":"0","I_D":"0","__networkId":"telecom","__networkName":"شبكة الاتصالات","__layerId":"telecom_assets","__layerName":"مرافق الاتصالات","__assetName":"مرافق الاتصالات","__geometryKind":"point","__featureIndex":1558,"__typeValue":"كونيكتور"},"geometry":{"type":"Point","coordinates":[31.560075079972318,30.27528766114656]}},{"type":"Feature","properties":{"Description":null,"Telecom_Feature_Type":"كونيكتور","Easting":"031° 33' 32.17\" E","Northing":"30° 16' 29.1\" N","ID":"340","GlobalID":"{49EB6445-85DF-4994-BB3C-388FE75A5437}","sectors":"القطاع الثالث","Distance":"0","I_D":"0","__networkId":"telecom","__networkName":"شبكة الاتصالات","__layerId":"telecom_assets","__layerName":"مرافق الاتصالات","__assetName":"مرافق الاتصالات","__geometryKind":"point","__featureIndex":1559,"__typeValue":"كونيكتور"},"geometry":{"type":"Point","coordinates":[31.560614230839533,30.274916667419877]}},{"type":"Feature","properties":{"Description":null,"Telecom_Feature_Type":"كونيكتور","Easting":"031° 33' 31.99\" E","Northing":"30° 16' 32.75\" N","ID":"341","GlobalID":"{1F673416-AFCF-49A3-B87F-D78FCD375C29}","sectors":"القطاع الثالث","Distance":"0","I_D":"0","__networkId":"telecom","__networkName":"شبكة الاتصالات","__layerId":"telecom_assets","__layerName":"مرافق الاتصالات","__assetName":"مرافق الاتصالات","__geometryKind":"point","__featureIndex":1560,"__typeValue":"كونيكتور"},"geometry":{"type":"Point","coordinates":[31.56056387487797,30.27593060376534]}},{"type":"Feature","properties":{"Description":null,"Telecom_Feature_Type":"كونيكتور","Easting":"031° 33' 33.18\" E","Northing":"30° 16' 32.77\" N","ID":"342","GlobalID":"{5CFCF719-7B0C-4A05-AFFA-C986F71EB355}","sectors":"القطاع الثالث","Distance":"0","I_D":"0","__networkId":"telecom","__networkName":"شبكة الاتصالات","__layerId":"telecom_assets","__layerName":"مرافق الاتصالات","__assetName":"مرافق الاتصالات","__geometryKind":"point","__featureIndex":1561,"__typeValue":"كونيكتور"},"geometry":{"type":"Point","coordinates":[31.56089452497111,30.27593585122056]}},{"type":"Feature","properties":{"Description":null,"Telecom_Feature_Type":"كونيكتور","Easting":"031° 33' 34.19\" E","Northing":"30° 16' 32.36\" N","ID":"343","GlobalID":"{8B09E11C-8928-4538-B811-51D9AF53AE6E}","sectors":"القطاع الثالث","Distance":"0","I_D":"0","__networkId":"telecom","__networkName":"شبكة الاتصالات","__layerId":"telecom_assets","__layerName":"مرافق الاتصالات","__assetName":"مرافق الاتصالات","__geometryKind":"point","__featureIndex":1562,"__typeValue":"كونيكتور"},"geometry":{"type":"Point","coordinates":[31.56117363691977,30.275821527385197]}},{"type":"Feature","properties":{"Description":null,"Telecom_Feature_Type":"كونيكتور","Easting":"031° 33' 35.12\" E","Northing":"30° 16' 31.44\" N","ID":"344","GlobalID":"{74667A0D-46DB-4CE3-A16F-9EEC6D331664}","sectors":"القطاع الثالث","Distance":"0","I_D":"0","__networkId":"telecom","__networkName":"شبكة الاتصالات","__layerId":"telecom_assets","__layerName":"مرافق الاتصالات","__assetName":"مرافق الاتصالات","__geometryKind":"point","__featureIndex":1563,"__typeValue":"كونيكتور"},"geometry":{"type":"Point","coordinates":[31.561433867179506,30.27556507251178]}},{"type":"Feature","properties":{"Description":null,"Telecom_Feature_Type":"كونيكتور","Easting":"031° 33' 23.64\" E","Northing":"30° 16' 31.25\" N","ID":"345","GlobalID":"{F294CCFA-0654-4A9C-A22C-FB5D2918B330}","sectors":"القطاع الثالث","Distance":"0","I_D":"0","__networkId":"telecom","__networkName":"شبكة الاتصالات","__layerId":"telecom_assets","__layerName":"مرافق الاتصالات","__assetName":"مرافق الاتصالات","__geometryKind":"point","__featureIndex":1564,"__typeValue":"كونيكتور"},"geometry":{"type":"Point","coordinates":[31.55824250691124,30.275513330874915]}},{"type":"Feature","properties":{"Description":null,"Telecom_Feature_Type":"كونيكتور","Easting":"031° 33' 24.56\" E","Northing":"30° 16' 30.31\" N","ID":"346","GlobalID":"{5799E5DE-F960-4270-A08C-092CD8027074}","sectors":"القطاع الثالث","Distance":"0","I_D":"0","__networkId":"telecom","__networkName":"شبكة الاتصالات","__layerId":"telecom_assets","__layerName":"مرافق الاتصالات","__assetName":"مرافق الاتصالات","__geometryKind":"point","__featureIndex":1565,"__typeValue":"كونيكتور"},"geometry":{"type":"Point","coordinates":[31.558498810634834,30.27525288759911]}},{"type":"Feature","properties":{"Description":null,"Telecom_Feature_Type":"كونيكتور","Easting":"031° 33' 25.53\" E","Northing":"30° 16' 29.87\" N","ID":"347","GlobalID":"{6346C46D-C348-42C1-ABB9-5E1A44FD3093}","sectors":"القطاع الثالث","Distance":"0","I_D":"0","__networkId":"telecom","__networkName":"شبكة الاتصالات","__layerId":"telecom_assets","__layerName":"مرافق الاتصالات","__assetName":"مرافق الاتصالات","__geometryKind":"point","__featureIndex":1566,"__typeValue":"كونيكتور"},"geometry":{"type":"Point","coordinates":[31.55876765304318,30.275131334082108]}},{"type":"Feature","properties":{"Description":null,"Telecom_Feature_Type":"كونيكتور","Easting":"031° 33' 26.79\" E","Northing":"30° 16' 29.92\" N","ID":"348","GlobalID":"{FC454418-2266-4405-9BA1-116AAB5A8357}","sectors":"القطاع الثالث","Distance":"0","I_D":"0","__networkId":"telecom","__networkName":"شبكة الاتصالات","__layerId":"telecom_assets","__layerName":"مرافق الاتصالات","__assetName":"مرافق الاتصالات","__geometryKind":"point","__featureIndex":1567,"__typeValue":"كونيكتور"},"geometry":{"type":"Point","coordinates":[31.559119144050907,30.27514421077753]}},{"type":"Feature","properties":{"Description":null,"Telecom_Feature_Type":"كونيكتور","Easting":"031° 33' 26.55\" E","Northing":"30° 16' 33.55\" N","ID":"349","GlobalID":"{5B1A3E49-9E08-4814-A1B3-761A890B8231}","sectors":"القطاع الثالث","Distance":"0","I_D":"0","__networkId":"telecom","__networkName":"شبكة الاتصالات","__layerId":"telecom_assets","__layerName":"مرافق الاتصالات","__assetName":"مرافق الاتصالات","__geometryKind":"point","__featureIndex":1568,"__typeValue":"كونيكتور"},"geometry":{"type":"Point","coordinates":[31.55905202193288,30.276153559077805]}},{"type":"Feature","properties":{"Description":null,"Telecom_Feature_Type":"كونيكتور","Easting":"031° 33' 27.47\" E","Northing":"30° 16' 32.61\" N","ID":"350","GlobalID":"{558E3F22-FA8D-4CE2-8963-E2B86FA6AD68}","sectors":"القطاع الثالث","Distance":"0","I_D":"0","__networkId":"telecom","__networkName":"شبكة الاتصالات","__layerId":"telecom_assets","__layerName":"مرافق الاتصالات","__assetName":"مرافق الاتصالات","__geometryKind":"point","__featureIndex":1569,"__typeValue":"كونيكتور"},"geometry":{"type":"Point","coordinates":[31.559307898956725,30.27589200656676]}},{"type":"Feature","properties":{"Description":null,"Telecom_Feature_Type":"كونيكتور","Easting":"031° 33' 28.44\" E","Northing":"30° 16' 32.17\" N","ID":"351","GlobalID":"{7591797A-226A-469E-A024-F2589B295B5A}","sectors":"القطاع الثالث","Distance":"0","I_D":"0","__networkId":"telecom","__networkName":"شبكة الاتصالات","__layerId":"telecom_assets","__layerName":"مرافق الاتصالات","__assetName":"مرافق الاتصالات","__geometryKind":"point","__featureIndex":1570,"__typeValue":"كونيكتور"},"geometry":{"type":"Point","coordinates":[31.559577362100924,30.275769849498534]}},{"type":"Feature","properties":{"Description":null,"Telecom_Feature_Type":"كونيكتور","Easting":"031° 33' 29.71\" E","Northing":"30° 16' 32.22\" N","ID":"352","GlobalID":"{F798E95E-A127-470D-8DCE-76368DFD7065}","sectors":"القطاع الثالث","Distance":"0","I_D":"0","__networkId":"telecom","__networkName":"شبكة الاتصالات","__layerId":"telecom_assets","__layerName":"مرافق الاتصالات","__assetName":"مرافق الاتصالات","__geometryKind":"point","__featureIndex":1571,"__typeValue":"كونيكتور"},"geometry":{"type":"Point","coordinates":[31.55992868871699,30.27578289290571]}},{"type":"Feature","properties":{"Description":null,"Telecom_Feature_Type":"كونيكتور","Easting":"031° 33' 30.39\" E","Northing":"30° 16' 34.92\" N","ID":"353","GlobalID":"{C76D80CB-7CC2-407F-B55C-D623472F0426}","sectors":"القطاع الثالث","Distance":"0","I_D":"0","__networkId":"telecom","__networkName":"شبكة الاتصالات","__layerId":"telecom_assets","__layerName":"مرافق الاتصالات","__assetName":"مرافق الاتصالات","__geometryKind":"point","__featureIndex":1572,"__typeValue":"كونيكتور"},"geometry":{"type":"Point","coordinates":[31.560118228750362,30.276533834299613]}},{"type":"Feature","properties":{"Description":null,"Telecom_Feature_Type":"كونيكتور","Easting":"031° 33' 31.36\" E","Northing":"30° 16' 34.48\" N","ID":"354","GlobalID":"{92CF698B-1483-480D-9C49-36149357D9F5}","sectors":"القطاع الثالث","Distance":"0","I_D":"0","__networkId":"telecom","__networkName":"شبكة الاتصالات","__layerId":"telecom_assets","__layerName":"مرافق الاتصالات","__assetName":"مرافق الاتصالات","__geometryKind":"point","__featureIndex":1573,"__typeValue":"كونيكتور"},"geometry":{"type":"Point","coordinates":[31.560387911981792,30.27641147399804]}},{"type":"Feature","properties":{"Description":null,"Telecom_Feature_Type":"كونيكتور","Easting":"031° 33' 32.63\" E","Northing":"30° 16' 34.53\" N","ID":"355","GlobalID":"{EC659E1D-A62D-4531-9715-215BFEA782D1}","sectors":"القطاع الثالث","Distance":"0","I_D":"0","__networkId":"telecom","__networkName":"شبكة الاتصالات","__layerId":"telecom_assets","__layerName":"مرافق الاتصالات","__assetName":"مرافق الاتصالات","__geometryKind":"point","__featureIndex":1574,"__typeValue":"كونيكتور"},"geometry":{"type":"Point","coordinates":[31.56074044323863,30.276423359844422]}},{"type":"Feature","properties":{"Description":null,"Telecom_Feature_Type":"كونيكتور","Easting":"031° 33' 32.68\" E","Northing":"30° 16' 38.32\" N","ID":"356","GlobalID":"{68D52DCE-468D-4C88-A814-E996AD78C092}","sectors":"القطاع الثالث","Distance":"0","I_D":"0","__networkId":"telecom","__networkName":"شبكة الاتصالات","__layerId":"telecom_assets","__layerName":"مرافق الاتصالات","__assetName":"مرافق الاتصالات","__geometryKind":"point","__featureIndex":1575,"__typeValue":"كونيكتور"},"geometry":{"type":"Point","coordinates":[31.560755150456476,30.27747851719275]}},{"type":"Feature","properties":{"Description":null,"Telecom_Feature_Type":"كونيكتور","Easting":"031° 33' 33.33\" E","Northing":"30° 16' 37.22\" N","ID":"357","GlobalID":"{FBE58B45-9504-4AAF-86DC-147A709DA202}","sectors":"القطاع الثالث","Distance":"0","I_D":"0","__networkId":"telecom","__networkName":"شبكة الاتصالات","__layerId":"telecom_assets","__layerName":"مرافق الاتصالات","__assetName":"مرافق الاتصالات","__geometryKind":"point","__featureIndex":1576,"__typeValue":"كونيكتور"},"geometry":{"type":"Point","coordinates":[31.560936712551797,30.277171533778347]}},{"type":"Feature","properties":{"Description":null,"Telecom_Feature_Type":"كونيكتور","Easting":"031° 33' 20.63\" E","Northing":"30° 16' 34.1\" N","ID":"358","GlobalID":"{AF8B303F-D5FB-4AF8-B0D4-1A793A475030}","sectors":"القطاع الثالث","Distance":"0","I_D":"0","__networkId":"telecom","__networkName":"شبكة الاتصالات","__layerId":"telecom_assets","__layerName":"مرافق الاتصالات","__assetName":"مرافق الاتصالات","__geometryKind":"point","__featureIndex":1577,"__typeValue":"كونيكتور"},"geometry":{"type":"Point","coordinates":[31.557407209342607,30.276305307360307]}},{"type":"Feature","properties":{"Description":null,"Telecom_Feature_Type":"كونيكتور","Easting":"031° 33' 21.52\" E","Northing":"30° 16' 33.14\" N","ID":"359","GlobalID":"{075948B7-47C6-496C-B759-92530B2347A1}","sectors":"القطاع الثالث","Distance":"0","I_D":"0","__networkId":"telecom","__networkName":"شبكة الاتصالات","__layerId":"telecom_assets","__layerName":"مرافق الاتصالات","__assetName":"مرافق الاتصالات","__geometryKind":"point","__featureIndex":1578,"__typeValue":"كونيكتور"},"geometry":{"type":"Point","coordinates":[31.5576556608923,30.276037585388835]}},{"type":"Feature","properties":{"Description":null,"Telecom_Feature_Type":"كونيكتور","Easting":"031° 33' 20.62\" E","Northing":"30° 16' 35.76\" N","ID":"360","GlobalID":"{A66DE897-7223-44D4-90C4-EAEE0371CEA2}","sectors":"القطاع الثالث","Distance":"0","I_D":"0","__networkId":"telecom","__networkName":"شبكة الاتصالات","__layerId":"telecom_assets","__layerName":"مرافق الاتصالات","__assetName":"مرافق الاتصالات","__geometryKind":"point","__featureIndex":1579,"__typeValue":"كونيكتور"},"geometry":{"type":"Point","coordinates":[31.557404835993644,30.27676565779369]}},{"type":"Feature","properties":{"Description":null,"Telecom_Feature_Type":"كونيكتور","Easting":"031° 33' 28.94\" E","Northing":"30° 16' 38.5\" N","ID":"361","GlobalID":"{DB7288D1-4911-4006-BE16-AF0E52DA3DC1}","sectors":"القطاع الثالث","Distance":"0","I_D":"0","__networkId":"telecom","__networkName":"شبكة الاتصالات","__layerId":"telecom_assets","__layerName":"مرافق الاتصالات","__assetName":"مرافق الاتصالات","__geometryKind":"point","__featureIndex":1580,"__typeValue":"كونيكتور"},"geometry":{"type":"Point","coordinates":[31.559715412498836,30.277527209757388]}},{"type":"Feature","properties":{"Description":null,"Telecom_Feature_Type":"كونيكتور","Easting":"031° 33' 35.23\" E","Northing":"30° 16' 36.8\" N","ID":"362","GlobalID":"{EBB692AC-8493-48A0-954B-5320717F7D11}","sectors":"القطاع الثالث","Distance":"0","I_D":"0","__networkId":"telecom","__networkName":"شبكة الاتصالات","__layerId":"telecom_assets","__layerName":"مرافق الاتصالات","__assetName":"مرافق الاتصالات","__geometryKind":"point","__featureIndex":1581,"__typeValue":"كونيكتور"},"geometry":{"type":"Point","coordinates":[31.561463673280635,30.277056233120263]}},{"type":"Feature","properties":{"Description":null,"Telecom_Feature_Type":"كونيكتور","Easting":"031° 33' 37.07\" E","Northing":"30° 16' 38.61\" N","ID":"363","GlobalID":"{EB95C17E-E00C-422A-85CE-ACD5652EDE5A}","sectors":"القطاع الثالث","Distance":"0","I_D":"0","__networkId":"telecom","__networkName":"شبكة الاتصالات","__layerId":"telecom_assets","__layerName":"مرافق الاتصالات","__assetName":"مرافق الاتصالات","__geometryKind":"point","__featureIndex":1582,"__typeValue":"كونيكتور"},"geometry":{"type":"Point","coordinates":[31.561974361028046,30.27755803145724]}},{"type":"Feature","properties":{"Description":null,"Telecom_Feature_Type":"كونيكتور","Easting":"031° 33' 41.96\" E","Northing":"30° 16' 36.92\" N","ID":"364","GlobalID":"{E7267410-9850-4C40-AF49-0F577472EF3F}","sectors":"القطاع الثالث","Distance":"0","I_D":"0","__networkId":"telecom","__networkName":"شبكة الاتصالات","__layerId":"telecom_assets","__layerName":"مرافق الاتصالات","__assetName":"مرافق الاتصالات","__geometryKind":"point","__featureIndex":1583,"__typeValue":"كونيكتور"},"geometry":{"type":"Point","coordinates":[31.563332411616717,30.277088732209958]}},{"type":"Feature","properties":{"Description":null,"Telecom_Feature_Type":"كونيكتور","Easting":"031° 33' 42.63\" E","Northing":"30° 16' 37.65\" N","ID":"365","GlobalID":"{0C631828-868C-4FDC-8A3D-84E8F497BC55}","sectors":"القطاع الثالث","Distance":"0","I_D":"0","__networkId":"telecom","__networkName":"شبكة الاتصالات","__layerId":"telecom_assets","__layerName":"مرافق الاتصالات","__assetName":"مرافق الاتصالات","__geometryKind":"point","__featureIndex":1584,"__typeValue":"كونيكتور"},"geometry":{"type":"Point","coordinates":[31.56351983252434,30.27729151226046]}},{"type":"Feature","properties":{"Description":null,"Telecom_Feature_Type":"كونيكتور","Easting":"031° 33' 38.57\" E","Northing":"30° 16' 37.14\" N","ID":"366","GlobalID":"{0B0E7582-7913-4423-82B8-155E999C0CBD}","sectors":"القطاع الثالث","Distance":"0","I_D":"0","__networkId":"telecom","__networkName":"شبكة الاتصالات","__layerId":"telecom_assets","__layerName":"مرافق الاتصالات","__assetName":"مرافق الاتصالات","__geometryKind":"point","__featureIndex":1585,"__typeValue":"كونيكتور"},"geometry":{"type":"Point","coordinates":[31.562389634217592,30.277149382098397]}},{"type":"Feature","properties":{"Description":null,"Telecom_Feature_Type":"كونيكتور","Easting":"031° 33' 40.89\" E","Northing":"30° 16' 36.84\" N","ID":"367","GlobalID":"{6EB37879-D7AF-434D-944B-D25E0A5AB961}","sectors":"القطاع الثالث","Distance":"0","I_D":"0","__networkId":"telecom","__networkName":"شبكة الاتصالات","__layerId":"telecom_assets","__layerName":"مرافق الاتصالات","__assetName":"مرافق الاتصالات","__geometryKind":"point","__featureIndex":1586,"__typeValue":"كونيكتور"},"geometry":{"type":"Point","coordinates":[31.563034359588585,30.27706745326695]}},{"type":"Feature","properties":{"Description":null,"Telecom_Feature_Type":"كونيكتور","Easting":"031° 33' 40.71\" E","Northing":"30° 16' 45.95\" N","ID":"368","GlobalID":"{D1A01C17-789F-433F-8024-891D14F5B9A3}","sectors":"القطاع الثالث","Distance":"0","I_D":"0","__networkId":"telecom","__networkName":"شبكة الاتصالات","__layerId":"telecom_assets","__layerName":"مرافق الاتصالات","__assetName":"مرافق الاتصالات","__geometryKind":"point","__featureIndex":1587,"__typeValue":"كونيكتور"},"geometry":{"type":"Point","coordinates":[31.562984442903208,30.2795976066418]}},{"type":"Feature","properties":{"Description":null,"Telecom_Feature_Type":"كونيكتور","Easting":"031° 33' 49.21\" E","Northing":"30° 16' 38.27\" N","ID":"369","GlobalID":"{FC7090B1-A688-408A-A144-ACC6ED3388DC}","sectors":"القطاع الثالث","Distance":"0","I_D":"0","__networkId":"telecom","__networkName":"شبكة الاتصالات","__layerId":"telecom_assets","__layerName":"مرافق الاتصالات","__assetName":"مرافق الاتصالات","__geometryKind":"point","__featureIndex":1588,"__typeValue":"كونيكتور"},"geometry":{"type":"Point","coordinates":[31.565347509767097,30.27746338173336]}},{"type":"Feature","properties":{"Description":null,"Telecom_Feature_Type":"كونيكتور","Easting":"031° 34' 11.39\" E","Northing":"30° 16' 15.85\" N","ID":"370","GlobalID":"{8E1E7502-9254-4BF0-AEE6-0BEAF9DC8408}","sectors":"القطاع الثاني","Distance":"0","I_D":"0","__networkId":"telecom","__networkName":"شبكة الاتصالات","__layerId":"telecom_assets","__layerName":"مرافق الاتصالات","__assetName":"مرافق الاتصالات","__geometryKind":"point","__featureIndex":1589,"__typeValue":"كونيكتور"},"geometry":{"type":"Point","coordinates":[31.571507330433864,30.271235873848855]}},{"type":"Feature","properties":{"Description":null,"Telecom_Feature_Type":"كونيكتور","Easting":"031° 33' 22.26\" E","Northing":"30° 16' 5.89\" N","ID":"371","GlobalID":"{797682EC-A605-4F41-868B-F7AAA58D747E}","sectors":"القطاع الثاني","Distance":"0","I_D":"0","__networkId":"telecom","__networkName":"شبكة الاتصالات","__layerId":"telecom_assets","__layerName":"مرافق الاتصالات","__assetName":"مرافق الاتصالات","__geometryKind":"point","__featureIndex":1590,"__typeValue":"كونيكتور"},"geometry":{"type":"Point","coordinates":[31.557860180333044,30.268468912624193]}},{"type":"Feature","properties":{"Description":null,"Telecom_Feature_Type":"كونيكتور","Easting":"031° 33' 56.53\" E","Northing":"30° 16' 12.52\" N","ID":"372","GlobalID":"{94A07261-270D-4421-A492-AC62E279EF45}","sectors":"القطاع الثاني","Distance":"0","I_D":"0","__networkId":"telecom","__networkName":"شبكة الاتصالات","__layerId":"telecom_assets","__layerName":"مرافق الاتصالات","__assetName":"مرافق الاتصالات","__geometryKind":"point","__featureIndex":1591,"__typeValue":"كونيكتور"},"geometry":{"type":"Point","coordinates":[31.56737900935795,30.270310462382078]}},{"type":"Feature","properties":{"Description":null,"Telecom_Feature_Type":"كونيكتور","Easting":"031° 33' 36.35\" E","Northing":"30° 15' 50.88\" N","ID":"373","GlobalID":"{3B41968A-0CCB-480C-939C-CE8917510183}","sectors":"القطاع الثاني","Distance":"0","I_D":"0","__networkId":"telecom","__networkName":"شبكة الاتصالات","__layerId":"telecom_assets","__layerName":"مرافق الاتصالات","__assetName":"مرافق الاتصالات","__geometryKind":"point","__featureIndex":1592,"__typeValue":"كونيكتور"},"geometry":{"type":"Point","coordinates":[31.56177520183462,30.264298195038812]}},{"type":"Feature","properties":{"Description":null,"Telecom_Feature_Type":"كونيكتور","Easting":"031° 33' 35.61\" E","Northing":"30° 15' 51.56\" N","ID":"374","GlobalID":"{0A18BC26-6431-4FE1-AC9E-4C1911DE2F66}","sectors":"القطاع الثاني","Distance":"0","I_D":"0","__networkId":"telecom","__networkName":"شبكة الاتصالات","__layerId":"telecom_assets","__layerName":"مرافق الاتصالات","__assetName":"مرافق الاتصالات","__geometryKind":"point","__featureIndex":1593,"__typeValue":"كونيكتور"},"geometry":{"type":"Point","coordinates":[31.56156943463397,30.264488427566867]}},{"type":"Feature","properties":{"Description":null,"Telecom_Feature_Type":"كونيكتور","Easting":"031° 33' 35.59\" E","Northing":"30° 15' 52.54\" N","ID":"375","GlobalID":"{CDA5B7DB-0F14-472E-ACC6-8EA82584B0EC}","sectors":"القطاع الثاني","Distance":"0","I_D":"0","__networkId":"telecom","__networkName":"شبكة الاتصالات","__layerId":"telecom_assets","__layerName":"مرافق الاتصالات","__assetName":"مرافق الاتصالات","__geometryKind":"point","__featureIndex":1594,"__typeValue":"كونيكتور"},"geometry":{"type":"Point","coordinates":[31.561564037555744,30.264760641571705]}},{"type":"Feature","properties":{"Description":null,"Telecom_Feature_Type":"كونيكتور","Easting":"031° 33' 31.45\" E","Northing":"30° 15' 49.53\" N","ID":"376","GlobalID":"{4DD09C0A-D51D-4E83-AD2D-3CBBDA94C423}","sectors":"القطاع الثاني","Distance":"0","I_D":"0","__networkId":"telecom","__networkName":"شبكة الاتصالات","__layerId":"telecom_assets","__layerName":"مرافق الاتصالات","__assetName":"مرافق الاتصالات","__geometryKind":"point","__featureIndex":1595,"__typeValue":"كونيكتور"},"geometry":{"type":"Point","coordinates":[31.560413203150304,30.263925893532335]}},{"type":"Feature","properties":{"Description":null,"Telecom_Feature_Type":"كونيكتور","Easting":"031° 33' 30.97\" E","Northing":"30° 15' 50.35\" N","ID":"377","GlobalID":"{B7263F99-49E3-4780-BF9E-3BDF35508F9E}","sectors":"القطاع الثاني","Distance":"0","I_D":"0","__networkId":"telecom","__networkName":"شبكة الاتصالات","__layerId":"telecom_assets","__layerName":"مرافق الاتصالات","__assetName":"مرافق الاتصالات","__geometryKind":"point","__featureIndex":1596,"__typeValue":"كونيكتور"},"geometry":{"type":"Point","coordinates":[31.560278669656732,30.264152712085856]}},{"type":"Feature","properties":{"Description":null,"Telecom_Feature_Type":"كونيكتور","Easting":"031° 33' 31.14\" E","Northing":"30° 15' 51.28\" N","ID":"378","GlobalID":"{EF27550C-EFE8-46A9-805F-0E391528E3D3}","sectors":"القطاع الثاني","Distance":"0","I_D":"0","__networkId":"telecom","__networkName":"شبكة الاتصالات","__layerId":"telecom_assets","__layerName":"مرافق الاتصالات","__assetName":"مرافق الاتصالات","__geometryKind":"point","__featureIndex":1597,"__typeValue":"كونيكتور"},"geometry":{"type":"Point","coordinates":[31.560327272106857,30.26441007352225]}},{"type":"Feature","properties":{"Description":null,"Telecom_Feature_Type":"كونيكتور","Easting":"031° 33' 30.96\" E","Northing":"30° 15' 52.49\" N","ID":"379","GlobalID":"{73504373-9953-4D11-945A-7ED92B6A8D47}","sectors":"القطاع الثاني","Distance":"0","I_D":"0","__networkId":"telecom","__networkName":"شبكة الاتصالات","__layerId":"telecom_assets","__layerName":"مرافق الاتصالات","__assetName":"مرافق الاتصالات","__geometryKind":"point","__featureIndex":1598,"__typeValue":"كونيكتور"},"geometry":{"type":"Point","coordinates":[31.560277060774062,30.2647479365355]}},{"type":"Feature","properties":{"Description":null,"Telecom_Feature_Type":"كونيكتور","Easting":"031° 33' 24.88\" E","Northing":"30° 15' 49.55\" N","ID":"380","GlobalID":"{EA4DF6BD-C499-497E-BCC5-16CE9AB0D001}","sectors":"القطاع الثاني","Distance":"0","I_D":"0","__networkId":"telecom","__networkName":"شبكة الاتصالات","__layerId":"telecom_assets","__layerName":"مرافق الاتصالات","__assetName":"مرافق الاتصالات","__geometryKind":"point","__featureIndex":1599,"__typeValue":"كونيكتور"},"geometry":{"type":"Point","coordinates":[31.55858709256939,30.263928884575204]}},{"type":"Feature","properties":{"Description":null,"Telecom_Feature_Type":"كونيكتور","Easting":"031° 33' 25.47\" E","Northing":"30° 15' 51.22\" N","ID":"381","GlobalID":"{5015B411-2DE1-4E06-A675-49C67D4BC408}","sectors":"القطاع الثاني","Distance":"0","I_D":"0","__networkId":"telecom","__networkName":"شبكة الاتصالات","__layerId":"telecom_assets","__layerName":"مرافق الاتصالات","__assetName":"مرافق الاتصالات","__geometryKind":"point","__featureIndex":1600,"__typeValue":"كونيكتور"},"geometry":{"type":"Point","coordinates":[31.558753186573853,30.264393579804413]}},{"type":"Feature","properties":{"Description":null,"Telecom_Feature_Type":"كونيكتور","Easting":"031° 33' 25.85\" E","Northing":"30° 15' 52.41\" N","ID":"382","GlobalID":"{6973569B-8EC2-468C-BEBC-38936639AB6D}","sectors":"القطاع الثاني","Distance":"0","I_D":"0","__networkId":"telecom","__networkName":"شبكة الاتصالات","__layerId":"telecom_assets","__layerName":"مرافق الاتصالات","__assetName":"مرافق الاتصالات","__geometryKind":"point","__featureIndex":1601,"__typeValue":"كونيكتور"},"geometry":{"type":"Point","coordinates":[31.558858793416963,30.26472565713516]}},{"type":"Feature","properties":{"Description":null,"Telecom_Feature_Type":"كونيكتور","Easting":"031° 33' 34.54\" E","Northing":"30° 15' 50.69\" N","ID":"383","GlobalID":"{2FC70A4E-1FEF-4657-82E9-2BE9CF4DD9C2}","sectors":"القطاع الثاني","Distance":"0","I_D":"0","__networkId":"telecom","__networkName":"شبكة الاتصالات","__layerId":"telecom_assets","__layerName":"مرافق الاتصالات","__assetName":"مرافق الاتصالات","__geometryKind":"point","__featureIndex":1602,"__typeValue":"كونيكتور"},"geometry":{"type":"Point","coordinates":[31.561272520771297,30.2642467066085]}},{"type":"Feature","properties":{"Description":null,"Telecom_Feature_Type":"كونيكتور","Easting":"031° 33' 33.78\" E","Northing":"30° 15' 52.31\" N","ID":"384","GlobalID":"{4D99B389-7A95-4D96-A036-A948B9AAA04B}","sectors":"القطاع الثاني","Distance":"0","I_D":"0","__networkId":"telecom","__networkName":"شبكة الاتصالات","__layerId":"telecom_assets","__layerName":"مرافق الاتصالات","__assetName":"مرافق الاتصالات","__geometryKind":"point","__featureIndex":1603,"__typeValue":"كونيكتور"},"geometry":{"type":"Point","coordinates":[31.56105929575715,30.264695867206434]}},{"type":"Feature","properties":{"Description":null,"Telecom_Feature_Type":"كونيكتور","Easting":"031° 33' 29.63\" E","Northing":"30° 15' 49.7\" N","ID":"385","GlobalID":"{756D6077-0E70-4FFB-BCB0-D1E8E583C2BB}","sectors":"القطاع الثاني","Distance":"0","I_D":"0","__networkId":"telecom","__networkName":"شبكة الاتصالات","__layerId":"telecom_assets","__layerName":"مرافق الاتصالات","__assetName":"مرافق الاتصالات","__geometryKind":"point","__featureIndex":1604,"__typeValue":"كونيكتور"},"geometry":{"type":"Point","coordinates":[31.559907662749428,30.263971693333044]}},{"type":"Feature","properties":{"Description":null,"Telecom_Feature_Type":"كونيكتور","Easting":"031° 33' 29.85\" E","Northing":"30° 15' 50.62\" N","ID":"386","GlobalID":"{BF966B69-F45A-4188-A72D-2C8E58F3097D}","sectors":"القطاع الثاني","Distance":"0","I_D":"0","__networkId":"telecom","__networkName":"شبكة الاتصالات","__layerId":"telecom_assets","__layerName":"مرافق الاتصالات","__assetName":"مرافق الاتصالات","__geometryKind":"point","__featureIndex":1605,"__typeValue":"كونيكتور"},"geometry":{"type":"Point","coordinates":[31.559968215487807,30.264227014668393]}},{"type":"Feature","properties":{"Description":null,"Telecom_Feature_Type":"كونيكتور","Easting":"031° 33' 29.31\" E","Northing":"30° 15' 51.42\" N","ID":"387","GlobalID":"{46F82746-B271-4E5A-B4D5-8A3B1458FF4C}","sectors":"القطاع الثاني","Distance":"0","I_D":"0","__networkId":"telecom","__networkName":"شبكة الاتصالات","__layerId":"telecom_assets","__layerName":"مرافق الاتصالات","__assetName":"مرافق الاتصالات","__geometryKind":"point","__featureIndex":1606,"__typeValue":"كونيكتور"},"geometry":{"type":"Point","coordinates":[31.55981934488229,30.264450002770463]}},{"type":"Feature","properties":{"Description":null,"Telecom_Feature_Type":"كونيكتور","Easting":"031° 33' 29.11\" E","Northing":"30° 15' 52.64\" N","ID":"388","GlobalID":"{7B7DDC4F-C481-4C25-9852-F12C14FC2DBB}","sectors":"القطاع الثاني","Distance":"0","I_D":"0","__networkId":"telecom","__networkName":"شبكة الاتصالات","__layerId":"telecom_assets","__layerName":"مرافق الاتصالات","__assetName":"مرافق الاتصالات","__geometryKind":"point","__featureIndex":1607,"__typeValue":"كونيكتور"},"geometry":{"type":"Point","coordinates":[31.559763087887593,30.26478827143139]}},{"type":"Feature","properties":{"Description":null,"Telecom_Feature_Type":"كونيكتور","Easting":"031° 33' 24.16\" E","Northing":"30° 15' 53.24\" N","ID":"389","GlobalID":"{9B5B7FAD-5F4E-445B-8709-F84D4E8A2C20}","sectors":"القطاع الثاني","Distance":"0","I_D":"0","__networkId":"telecom","__networkName":"شبكة الاتصالات","__layerId":"telecom_assets","__layerName":"مرافق الاتصالات","__assetName":"مرافق الاتصالات","__geometryKind":"point","__featureIndex":1608,"__typeValue":"كونيكتور"},"geometry":{"type":"Point","coordinates":[31.558387527337434,30.26495614297061]}},{"type":"Feature","properties":{"Description":null,"Telecom_Feature_Type":"كونيكتور","Easting":"031° 33' 22.88\" E","Northing":"30° 15' 59.27\" N","ID":"390","GlobalID":"{63070CF5-10BF-46A5-96CC-E8B35E088753}","sectors":"القطاع الثاني","Distance":"0","I_D":"0","__networkId":"telecom","__networkName":"شبكة الاتصالات","__layerId":"telecom_assets","__layerName":"مرافق الاتصالات","__assetName":"مرافق الاتصالات","__geometryKind":"point","__featureIndex":1609,"__typeValue":"كونيكتور"},"geometry":{"type":"Point","coordinates":[31.558031684890462,30.266629205139935]}},{"type":"Feature","properties":{"Description":null,"Telecom_Feature_Type":"كونيكتور","Easting":"031° 33' 22.21\" E","Northing":"30° 15' 58.58\" N","ID":"391","GlobalID":"{504047B9-7EF9-4EA3-88CC-61E87DD38850}","sectors":"القطاع الثاني","Distance":"0","I_D":"0","__networkId":"telecom","__networkName":"شبكة الاتصالات","__layerId":"telecom_assets","__layerName":"مرافق الاتصالات","__assetName":"مرافق الاتصالات","__geometryKind":"point","__featureIndex":1610,"__typeValue":"كونيكتور"},"geometry":{"type":"Point","coordinates":[31.557847171829412,30.266438357617847]}},{"type":"Feature","properties":{"Description":null,"Telecom_Feature_Type":"كونيكتور","Easting":"031° 33' 20.98\" E","Northing":"30° 15' 57.91\" N","ID":"392","GlobalID":"{A7076F59-2D75-4778-ADF4-34A8C0C486B7}","sectors":"القطاع الثاني","Distance":"0","I_D":"0","__networkId":"telecom","__networkName":"شبكة الاتصالات","__layerId":"telecom_assets","__layerName":"مرافق الاتصالات","__assetName":"مرافق الاتصالات","__geometryKind":"point","__featureIndex":1611,"__typeValue":"كونيكتور"},"geometry":{"type":"Point","coordinates":[31.557504622652026,30.266252494678362]}},{"type":"Feature","properties":{"Description":null,"Telecom_Feature_Type":"كونيكتور","Easting":"031° 33' 5.52\" E","Northing":"30° 16' 18.0\" N","ID":"393","GlobalID":"{CB177067-9552-4BFF-8754-0F0F435B0435}","sectors":"القطاع الثالث","Distance":"0","I_D":"0","__networkId":"telecom","__networkName":"شبكة الاتصالات","__layerId":"telecom_assets","__layerName":"مرافق الاتصالات","__assetName":"مرافق الاتصالات","__geometryKind":"point","__featureIndex":1612,"__typeValue":"كونيكتور"},"geometry":{"type":"Point","coordinates":[31.553211405924273,30.271833188096632]}},{"type":"Feature","properties":{"Description":null,"Telecom_Feature_Type":"كونيكتور","Easting":"031° 34' 4.71\" E","Northing":"30° 16' 6.81\" N","ID":"394","GlobalID":"{47506D28-9E3C-413C-BD14-25FA87FE5255}","sectors":"القطاع الثاني","Distance":"0","I_D":"0","__networkId":"telecom","__networkName":"شبكة الاتصالات","__layerId":"telecom_assets","__layerName":"مرافق الاتصالات","__assetName":"مرافق الاتصالات","__geometryKind":"point","__featureIndex":1613,"__typeValue":"كونيكتور"},"geometry":{"type":"Point","coordinates":[31.569653500538205,30.26872479328954]}},{"type":"Feature","properties":{"Description":null,"Telecom_Feature_Type":"كونيكتور","Easting":"031° 34' 0.49\" E","Northing":"30° 16' 13.39\" N","ID":"395","GlobalID":"{169A9376-C5D7-4DBF-AAE9-C57CF6EE9464}","sectors":"القطاع الثاني","Distance":"0","I_D":"0","__networkId":"telecom","__networkName":"شبكة الاتصالات","__layerId":"telecom_assets","__layerName":"مرافق الاتصالات","__assetName":"مرافق الاتصالات","__geometryKind":"point","__featureIndex":1614,"__typeValue":"كونيكتور"},"geometry":{"type":"Point","coordinates":[31.568479977383646,30.270552177721623]}},{"type":"Feature","properties":{"Description":null,"Telecom_Feature_Type":"كونيكتور","Easting":"031° 34' 1.43\" E","Northing":"30° 16' 12.59\" N","ID":"396","GlobalID":"{32F84A05-A7D8-4294-969C-9BE9570B1381}","sectors":"القطاع الثاني","Distance":"0","I_D":"0","__networkId":"telecom","__networkName":"شبكة الاتصالات","__layerId":"telecom_assets","__layerName":"مرافق الاتصالات","__assetName":"مرافق الاتصالات","__geometryKind":"point","__featureIndex":1615,"__typeValue":"كونيكتور"},"geometry":{"type":"Point","coordinates":[31.568741160755867,30.270329364852607]}},{"type":"Feature","properties":{"Description":null,"Telecom_Feature_Type":"كونيكتور","Easting":"031° 34' 1.48\" E","Northing":"30° 16' 14.72\" N","ID":"397","GlobalID":"{E7529440-1FEC-4899-9419-C327A531702E}","sectors":"القطاع الثاني","Distance":"0","I_D":"0","__networkId":"telecom","__networkName":"شبكة الاتصالات","__layerId":"telecom_assets","__layerName":"مرافق الاتصالات","__assetName":"مرافق الاتصالات","__geometryKind":"point","__featureIndex":1616,"__typeValue":"كونيكتور"},"geometry":{"type":"Point","coordinates":[31.568753613202336,30.27092168903855]}},{"type":"Feature","properties":{"Description":null,"Telecom_Feature_Type":"كونيكتور","Easting":"031° 34' 8.57\" E","Northing":"30° 16' 24.8\" N","ID":"398","GlobalID":"{5B2F152B-64AE-473B-818D-1ADCE62FA2EB}","sectors":"القطاع الثاني","Distance":"0","I_D":"0","__networkId":"telecom","__networkName":"شبكة الاتصالات","__layerId":"telecom_assets","__layerName":"مرافق الاتصالات","__assetName":"مرافق الاتصالات","__geometryKind":"point","__featureIndex":1617,"__typeValue":"كونيكتور"},"geometry":{"type":"Point","coordinates":[31.57072347039839,30.27372295336057]}},{"type":"Feature","properties":{"Description":null,"Telecom_Feature_Type":"كونيكتور","Easting":"031° 33' 22.77\" E","Northing":"30° 16' 0.22\" N","ID":"399","GlobalID":"{C01BDA76-3CD5-4299-A9C7-66DC5FE4F006}","sectors":"القطاع الثاني","Distance":"0","I_D":"0","__networkId":"telecom","__networkName":"شبكة الاتصالات","__layerId":"telecom_assets","__layerName":"مرافق الاتصالات","__assetName":"مرافق الاتصالات","__geometryKind":"point","__featureIndex":1618,"__typeValue":"كونيكتور"},"geometry":{"type":"Point","coordinates":[31.558000986762252,30.266893742250733]}},{"type":"Feature","properties":{"Description":null,"Telecom_Feature_Type":"كونيكتور","Easting":"031° 33' 26.28\" E","Northing":"30° 16' 15.03\" N","ID":"400","GlobalID":"{6E248F19-867D-4A4A-AF3C-DFBC2A9DD2D8}","sectors":"القطاع الاول","Distance":"0","I_D":"0","__networkId":"telecom","__networkName":"شبكة الاتصالات","__layerId":"telecom_assets","__layerName":"مرافق الاتصالات","__assetName":"مرافق الاتصالات","__geometryKind":"point","__featureIndex":1619,"__typeValue":"كونيكتور"},"geometry":{"type":"Point","coordinates":[31.558975723524245,30.271008687622782]}},{"type":"Feature","properties":{"Description":null,"Telecom_Feature_Type":"كونيكتور","Easting":"031° 33' 27.09\" E","Northing":"30° 16' 13.44\" N","ID":"401","GlobalID":"{5E322D98-4107-43FA-8B18-CFF93FC0307F}","sectors":"القطاع الاول","Distance":"0","I_D":"0","__networkId":"telecom","__networkName":"شبكة الاتصالات","__layerId":"telecom_assets","__layerName":"مرافق الاتصالات","__assetName":"مرافق الاتصالات","__geometryKind":"point","__featureIndex":1620,"__typeValue":"كونيكتور"},"geometry":{"type":"Point","coordinates":[31.55920258676103,30.270567540790385]}},{"type":"Feature","properties":{"Description":null,"Telecom_Feature_Type":"كونيكتور","Easting":"031° 33' 28.3\" E","Northing":"30° 16' 12.21\" N","ID":"402","GlobalID":"{131F87FA-AB2E-4581-8516-F0E645386286}","sectors":"القطاع الاول","Distance":"0","I_D":"0","__networkId":"telecom","__networkName":"شبكة الاتصالات","__layerId":"telecom_assets","__layerName":"مرافق الاتصالات","__assetName":"مرافق الاتصالات","__geometryKind":"point","__featureIndex":1621,"__typeValue":"كونيكتور"},"geometry":{"type":"Point","coordinates":[31.559538541405928,30.270224986922628]}},{"type":"Feature","properties":{"Description":null,"Telecom_Feature_Type":"كونيكتور","Easting":"031° 33' 34.14\" E","Northing":"30° 16' 13.81\" N","ID":"403","GlobalID":"{1F783703-8323-463F-9C3D-CCA004114026}","sectors":"القطاع الاول","Distance":"0","I_D":"0","__networkId":"telecom","__networkName":"شبكة الاتصالات","__layerId":"telecom_assets","__layerName":"مرافق الاتصالات","__assetName":"مرافق الاتصالات","__geometryKind":"point","__featureIndex":1622,"__typeValue":"كونيكتور"},"geometry":{"type":"Point","coordinates":[31.56115995917126,30.270669382932866]}},{"type":"Feature","properties":{"Description":null,"Telecom_Feature_Type":"كونيكتور","Easting":"031° 33' 32.91\" E","Northing":"30° 16' 14.97\" N","ID":"404","GlobalID":"{B8A04762-7851-4AF7-A829-CF7253406380}","sectors":"القطاع الاول","Distance":"0","I_D":"0","__networkId":"telecom","__networkName":"شبكة الاتصالات","__layerId":"telecom_assets","__layerName":"مرافق الاتصالات","__assetName":"مرافق الاتصالات","__geometryKind":"point","__featureIndex":1623,"__typeValue":"كونيكتور"},"geometry":{"type":"Point","coordinates":[31.5608178654397,30.270991758220745]}},{"type":"Feature","properties":{"Description":null,"Telecom_Feature_Type":"كونيكتور","Easting":"031° 33' 31.85\" E","Northing":"30° 16' 16.7\" N","ID":"405","GlobalID":"{F4AF3632-D132-4AF5-924E-7D4A1F02A390}","sectors":"القطاع الاول","Distance":"0","I_D":"0","__networkId":"telecom","__networkName":"شبكة الاتصالات","__layerId":"telecom_assets","__layerName":"مرافق الاتصالات","__assetName":"مرافق الاتصالات","__geometryKind":"point","__featureIndex":1624,"__typeValue":"كونيكتور"},"geometry":{"type":"Point","coordinates":[31.56052330785805,30.271470743340007]}},{"type":"Feature","properties":{"Description":null,"Telecom_Feature_Type":"كونيكتور","Easting":"031° 33' 40.88\" E","Northing":"30° 16' 3.21\" N","ID":"406","GlobalID":"{6999C5EE-5AF1-4A73-8294-7A12FB0D34B2}","sectors":"القطاع الثاني","Distance":"0","I_D":"0","__networkId":"telecom","__networkName":"شبكة الاتصالات","__layerId":"telecom_assets","__layerName":"مرافق الاتصالات","__assetName":"مرافق الاتصالات","__geometryKind":"point","__featureIndex":1625,"__typeValue":"كونيكتور"},"geometry":{"type":"Point","coordinates":[31.563033291491735,30.26772473086062]}},{"type":"Feature","properties":{"Description":null,"Telecom_Feature_Type":"كونيكتور","Easting":"031° 33' 40.27\" E","Northing":"30° 16' 2.24\" N","ID":"407","GlobalID":"{BAFD7476-871E-4CF5-9D18-A521D6E37CCF}","sectors":"القطاع الثاني","Distance":"0","I_D":"0","__networkId":"telecom","__networkName":"شبكة الاتصالات","__layerId":"telecom_assets","__layerName":"مرافق الاتصالات","__assetName":"مرافق الاتصالات","__geometryKind":"point","__featureIndex":1626,"__typeValue":"كونيكتور"},"geometry":{"type":"Point","coordinates":[31.562864498049823,30.26745584186978]}},{"type":"Feature","properties":{"Description":null,"Telecom_Feature_Type":"كونيكتور","Easting":"031° 33' 37.33\" E","Northing":"30° 16' 1.4\" N","ID":"408","GlobalID":"{68685A8F-AF09-45AD-8366-3E4D2B92D0A9}","sectors":"القطاع الثاني","Distance":"0","I_D":"0","__networkId":"telecom","__networkName":"شبكة الاتصالات","__layerId":"telecom_assets","__layerName":"مرافق الاتصالات","__assetName":"مرافق الاتصالات","__geometryKind":"point","__featureIndex":1627,"__typeValue":"كونيكتور"},"geometry":{"type":"Point","coordinates":[31.56204630170927,30.26722169363357]}},{"type":"Feature","properties":{"Description":null,"Telecom_Feature_Type":"كونيكتور","Easting":"031° 33' 35.88\" E","Northing":"30° 16' 0.48\" N","ID":"409","GlobalID":"{7FEB8224-EB13-494B-9BEA-09523BF375EC}","sectors":"القطاع الثاني","Distance":"0","I_D":"0","__networkId":"telecom","__networkName":"شبكة الاتصالات","__layerId":"telecom_assets","__layerName":"مرافق الاتصالات","__assetName":"مرافق الاتصالات","__geometryKind":"point","__featureIndex":1628,"__typeValue":"كونيكتور"},"geometry":{"type":"Point","coordinates":[31.56164493983021,30.26696509836045]}},{"type":"Feature","properties":{"Description":null,"Telecom_Feature_Type":"كونيكتور","Easting":"031° 33' 29.34\" E","Northing":"30° 16' 0.95\" N","ID":"410","GlobalID":"{B69824FB-6CB1-42EC-B3D5-5208EFB75113}","sectors":"القطاع الثاني","Distance":"0","I_D":"0","__networkId":"telecom","__networkName":"شبكة الاتصالات","__layerId":"telecom_assets","__layerName":"مرافق الاتصالات","__assetName":"مرافق الاتصالات","__geometryKind":"point","__featureIndex":1629,"__typeValue":"كونيكتور"},"geometry":{"type":"Point","coordinates":[31.559826757780005,30.26709596301892]}},{"type":"Feature","properties":{"Description":null,"Telecom_Feature_Type":"كونيكتور","Easting":"031° 33' 32.69\" E","Northing":"30° 16' 2.45\" N","ID":"411","GlobalID":"{060A3F3C-FAD2-49F7-9413-7B6018762998}","sectors":"القطاع الثاني","Distance":"0","I_D":"0","__networkId":"telecom","__networkName":"شبكة الاتصالات","__layerId":"telecom_assets","__layerName":"مرافق الاتصالات","__assetName":"مرافق الاتصالات","__geometryKind":"point","__featureIndex":1630,"__typeValue":"كونيكتور"},"geometry":{"type":"Point","coordinates":[31.560756630880057,30.267513622379777]}},{"type":"Feature","properties":{"Description":null,"Telecom_Feature_Type":"كونيكتور","Easting":"031° 33' 34.84\" E","Northing":"30° 16' 5.91\" N","ID":"412","GlobalID":"{724B7420-E32F-4845-821C-0C07AC3687EB}","sectors":"القطاع الثاني","Distance":"0","I_D":"0","__networkId":"telecom","__networkName":"شبكة الاتصالات","__layerId":"telecom_assets","__layerName":"مرافق الاتصالات","__assetName":"مرافق الاتصالات","__geometryKind":"point","__featureIndex":1631,"__typeValue":"كونيكتور"},"geometry":{"type":"Point","coordinates":[31.56135558169742,30.268475703645297]}},{"type":"Feature","properties":{"Description":null,"Telecom_Feature_Type":"كونيكتور","Easting":"031° 33' 37.05\" E","Northing":"30° 16' 6.76\" N","ID":"413","GlobalID":"{F3A9CBFB-986E-49F4-80EE-3F1D3CF0B54A}","sectors":"القطاع الثاني","Distance":"0","I_D":"0","__networkId":"telecom","__networkName":"شبكة الاتصالات","__layerId":"telecom_assets","__layerName":"مرافق الاتصالات","__assetName":"مرافق الاتصالات","__geometryKind":"point","__featureIndex":1632,"__typeValue":"كونيكتور"},"geometry":{"type":"Point","coordinates":[31.561968851660414,30.268709821736035]}},{"type":"Feature","properties":{"Description":null,"Telecom_Feature_Type":"كونيكتور","Easting":"031° 33' 38.75\" E","Northing":"30° 16' 6.73\" N","ID":"414","GlobalID":"{999B6238-8A47-4D7C-8527-22F5940D287C}","sectors":"القطاع الثاني","Distance":"0","I_D":"0","__networkId":"telecom","__networkName":"شبكة الاتصالات","__layerId":"telecom_assets","__layerName":"مرافق الاتصالات","__assetName":"مرافق الاتصالات","__geometryKind":"point","__featureIndex":1633,"__typeValue":"كونيكتور"},"geometry":{"type":"Point","coordinates":[31.562442277289893,30.26870145498203]}},{"type":"Feature","properties":{"Description":null,"Telecom_Feature_Type":"كونيكتور","Easting":"031° 33' 32.41\" E","Northing":"30° 16' 6.75\" N","ID":"415","GlobalID":"{DAF83AEF-196A-4C4C-A124-054DC00DF632}","sectors":"القطاع الاول","Distance":"0","I_D":"0","__networkId":"telecom","__networkName":"شبكة الاتصالات","__layerId":"telecom_assets","__layerName":"مرافق الاتصالات","__assetName":"مرافق الاتصالات","__geometryKind":"point","__featureIndex":1634,"__typeValue":"كونيكتور"},"geometry":{"type":"Point","coordinates":[31.560679008354665,30.268708686669243]}},{"type":"Feature","properties":{"Description":null,"Telecom_Feature_Type":"كونيكتور","Easting":"031° 33' 25.74\" E","Northing":"30° 16' 39.79\" N","ID":"416","GlobalID":"{706BAB21-AC02-4B8C-8178-05D20007B448}","sectors":"القطاع الثالث","Distance":"0","I_D":"0","__networkId":"telecom","__networkName":"شبكة الاتصالات","__layerId":"telecom_assets","__layerName":"مرافق الاتصالات","__assetName":"مرافق الاتصالات","__geometryKind":"point","__featureIndex":1635,"__typeValue":"كونيكتور"},"geometry":{"type":"Point","coordinates":[31.558826074079377,30.277886681096636]}},{"type":"Feature","properties":{"Description":null,"Telecom_Feature_Type":"كونيكتور","Easting":"031° 33' 19.64\" E","Northing":"30° 16' 24.82\" N","ID":"417","GlobalID":"{CA0DD2E7-7DD4-496D-B16E-50B3552D74F1}","sectors":"القطاع الثالث","Distance":"0","I_D":"0","__networkId":"telecom","__networkName":"شبكة الاتصالات","__layerId":"telecom_assets","__layerName":"مرافق الاتصالات","__assetName":"مرافق الاتصالات","__geometryKind":"point","__featureIndex":1636,"__typeValue":"كونيكتور"},"geometry":{"type":"Point","coordinates":[31.557133090230284,30.273728519015638]}},{"type":"Feature","properties":{"Description":null,"Telecom_Feature_Type":"كونيكتور","Easting":"031° 33' 34.34\" E","Northing":"30° 16' 38.81\" N","ID":"418","GlobalID":"{1C77C28B-0647-4C86-94EB-BC698E53D203}","sectors":"القطاع الثالث","Distance":"0","I_D":"0","__networkId":"telecom","__networkName":"شبكة الاتصالات","__layerId":"telecom_assets","__layerName":"مرافق الاتصالات","__assetName":"مرافق الاتصالات","__geometryKind":"point","__featureIndex":1637,"__typeValue":"كونيكتور"},"geometry":{"type":"Point","coordinates":[31.561215998773623,30.277613899933286]}},{"type":"Feature","properties":{"Description":null,"Telecom_Feature_Type":"كونيكتور","Easting":"031° 34' 1.55\" E","Northing":"30° 16' 29.06\" N","ID":"419","GlobalID":"{B3D88822-46FA-4F8E-94BC-7A0DAB802417}","sectors":"القطاع الاول","Distance":"0","I_D":"0","__networkId":"telecom","__networkName":"شبكة الاتصالات","__layerId":"telecom_assets","__layerName":"مرافق الاتصالات","__assetName":"مرافق الاتصالات","__geometryKind":"point","__featureIndex":1638,"__typeValue":"كونيكتور"},"geometry":{"type":"Point","coordinates":[31.56877577194547,30.274906502115087]}},{"type":"Feature","properties":{"Description":null,"Telecom_Feature_Type":"كونيكتور","Easting":"031° 34' 0.81\" E","Northing":"30° 16' 29.65\" N","ID":"420","GlobalID":"{93A6C850-3E4D-4347-BD6E-01C747324249}","sectors":"القطاع الاول","Distance":"0","I_D":"0","__networkId":"telecom","__networkName":"شبكة الاتصالات","__layerId":"telecom_assets","__layerName":"مرافق الاتصالات","__assetName":"مرافق الاتصالات","__geometryKind":"point","__featureIndex":1639,"__typeValue":"كونيكتور"},"geometry":{"type":"Point","coordinates":[31.5685693938904,30.275069546401692]}},{"type":"Feature","properties":{"Description":null,"Telecom_Feature_Type":"كونيكتور","Easting":"031° 33' 59.46\" E","Northing":"30° 16' 26.86\" N","ID":"421","GlobalID":"{52119D74-5A58-46BD-BDF2-B7F80638A8BC}","sectors":"القطاع الاول","Distance":"0","I_D":"0","__networkId":"telecom","__networkName":"شبكة الاتصالات","__layerId":"telecom_assets","__layerName":"مرافق الاتصالات","__assetName":"مرافق الاتصالات","__geometryKind":"point","__featureIndex":1640,"__typeValue":"كونيكتور"},"geometry":{"type":"Point","coordinates":[31.568192522780944,30.274294657905237]}},{"type":"Feature","properties":{"Description":null,"Telecom_Feature_Type":"كونيكتور","Easting":"031° 34' 1.98\" E","Northing":"30° 16' 27.29\" N","ID":"422","GlobalID":"{063A52FA-55A5-4521-B44E-DF0C1BD048F4}","sectors":"القطاع الاول","Distance":"0","I_D":"0","__networkId":"telecom","__networkName":"شبكة الاتصالات","__layerId":"telecom_assets","__layerName":"مرافق الاتصالات","__assetName":"مرافق الاتصالات","__geometryKind":"point","__featureIndex":1641,"__typeValue":"كونيكتور"},"geometry":{"type":"Point","coordinates":[31.568892835901693,30.274414421127656]}},{"type":"Feature","properties":{"Description":null,"Telecom_Feature_Type":"كونيكتور","Easting":"031° 33' 46.68\" E","Northing":"30° 16' 19.41\" N","ID":"423","GlobalID":"{3F99D8DD-696B-41F7-9ECB-42E1CB20574A}","sectors":"القطاع الاول","Distance":"0","I_D":"0","__networkId":"telecom","__networkName":"شبكة الاتصالات","__layerId":"telecom_assets","__layerName":"مرافق الاتصالات","__assetName":"مرافق الاتصالات","__geometryKind":"point","__featureIndex":1642,"__typeValue":"كونيكتور"},"geometry":{"type":"Point","coordinates":[31.564643473129475,30.27222579388966]}},{"type":"Feature","properties":{"Description":null,"Telecom_Feature_Type":"كونيكتور","Easting":"031° 33' 47.56\" E","Northing":"30° 16' 22.02\" N","ID":"424","GlobalID":"{BDEA8D9E-E83C-4408-8CC1-2BA8502D9DF4}","sectors":"القطاع الاول","Distance":"0","I_D":"0","__networkId":"telecom","__networkName":"شبكة الاتصالات","__layerId":"telecom_assets","__layerName":"مرافق الاتصالات","__assetName":"مرافق الاتصالات","__geometryKind":"point","__featureIndex":1643,"__typeValue":"كونيكتور"},"geometry":{"type":"Point","coordinates":[31.56488857126824,30.2729489130606]}},{"type":"Feature","properties":{"Description":null,"Telecom_Feature_Type":"كونيكتور","Easting":"031° 33' 47.45\" E","Northing":"30° 16' 20.13\" N","ID":"425","GlobalID":"{50765AFC-4970-42F5-8E83-5D833D8F1548}","sectors":"القطاع الاول","Distance":"0","I_D":"0","__networkId":"telecom","__networkName":"شبكة الاتصالات","__layerId":"telecom_assets","__layerName":"مرافق الاتصالات","__assetName":"مرافق الاتصالات","__geometryKind":"point","__featureIndex":1644,"__typeValue":"كونيكتور"},"geometry":{"type":"Point","coordinates":[31.564856672092475,30.27242421069324]}},{"type":"Feature","properties":{"Description":null,"Telecom_Feature_Type":"كونيكتور","Easting":"031° 33' 53.43\" E","Northing":"30° 16' 18.85\" N","ID":"426","GlobalID":"{74FE8E4A-4C13-4B74-83CF-D41EEEF2D33B}","sectors":"القطاع الاول","Distance":"0","I_D":"0","__networkId":"telecom","__networkName":"شبكة الاتصالات","__layerId":"telecom_assets","__layerName":"مرافق الاتصالات","__assetName":"مرافق الاتصالات","__geometryKind":"point","__featureIndex":1645,"__typeValue":"كونيكتور"},"geometry":{"type":"Point","coordinates":[31.566518983864515,30.27207010200194]}},{"type":"Feature","properties":{"Description":null,"Telecom_Feature_Type":"كونيكتور","Easting":"031° 33' 51.6\" E","Northing":"30° 16' 17.88\" N","ID":"427","GlobalID":"{9ED6F388-C27A-4E4E-81F0-C0DBDAEEA516}","sectors":"القطاع الاول","Distance":"0","I_D":"0","__networkId":"telecom","__networkName":"شبكة الاتصالات","__layerId":"telecom_assets","__layerName":"مرافق الاتصالات","__assetName":"مرافق الاتصالات","__geometryKind":"point","__featureIndex":1646,"__typeValue":"كونيكتور"},"geometry":{"type":"Point","coordinates":[31.56601035864893,30.271799458360864]}},{"type":"Feature","properties":{"Description":null,"Telecom_Feature_Type":"كونيكتور","Easting":"031° 33' 51.31\" E","Northing":"30° 16' 16.77\" N","ID":"428","GlobalID":"{63671B84-9620-4484-BCDD-53667B579EFE}","sectors":"القطاع الاول","Distance":"0","I_D":"0","__networkId":"telecom","__networkName":"شبكة الاتصالات","__layerId":"telecom_assets","__layerName":"مرافق الاتصالات","__assetName":"مرافق الاتصالات","__geometryKind":"point","__featureIndex":1647,"__typeValue":"كونيكتور"},"geometry":{"type":"Point","coordinates":[31.56593002141478,30.271491007939115]}},{"type":"Feature","properties":{"Description":null,"Telecom_Feature_Type":"كونيكتور","Easting":"031° 33' 48.88\" E","Northing":"30° 16' 16.52\" N","ID":"429","GlobalID":"{AA693CCC-A1B5-4A81-BB21-74F2E436FAFD}","sectors":"القطاع الاول","Distance":"0","I_D":"0","__networkId":"telecom","__networkName":"شبكة الاتصالات","__layerId":"telecom_assets","__layerName":"مرافق الاتصالات","__assetName":"مرافق الاتصالات","__geometryKind":"point","__featureIndex":1648,"__typeValue":"كونيكتور"},"geometry":{"type":"Point","coordinates":[31.5652544344222,30.27142142322956]}},{"type":"Feature","properties":{"Description":null,"Telecom_Feature_Type":"كونيكتور","Easting":"031° 33' 48.08\" E","Northing":"30° 16' 19.25\" N","ID":"430","GlobalID":"{AF650FB9-7D37-488D-B56C-3CC37B495DAE}","sectors":"القطاع الاول","Distance":"0","I_D":"0","__networkId":"telecom","__networkName":"شبكة الاتصالات","__layerId":"telecom_assets","__layerName":"مرافق الاتصالات","__assetName":"مرافق الاتصالات","__geometryKind":"point","__featureIndex":1649,"__typeValue":"كونيكتور"},"geometry":{"type":"Point","coordinates":[31.565032944009126,30.27217920660159]}},{"type":"Feature","properties":{"Description":null,"Telecom_Feature_Type":"كونيكتور","Easting":"031° 33' 49.32\" E","Northing":"30° 16' 19.67\" N","ID":"431","GlobalID":"{4B7B72EA-E845-4E35-8A4C-80A7218E45D5}","sectors":"القطاع الاول","Distance":"0","I_D":"0","__networkId":"telecom","__networkName":"شبكة الاتصالات","__layerId":"telecom_assets","__layerName":"مرافق الاتصالات","__assetName":"مرافق الاتصالات","__geometryKind":"point","__featureIndex":1650,"__typeValue":"كونيكتور"},"geometry":{"type":"Point","coordinates":[31.565377777602297,30.27229728111653]}},{"type":"Feature","properties":{"Description":null,"Telecom_Feature_Type":"كونيكتور","Easting":"031° 33' 49.5\" E","Northing":"30° 16' 19.85\" N","ID":"432","GlobalID":"{C2624595-7467-491A-8ADB-7BDF11032778}","sectors":"القطاع الاول","Distance":"0","I_D":"0","__networkId":"telecom","__networkName":"شبكة الاتصالات","__layerId":"telecom_assets","__layerName":"مرافق الاتصالات","__assetName":"مرافق الاتصالات","__geometryKind":"point","__featureIndex":1651,"__typeValue":"كونيكتور"},"geometry":{"type":"Point","coordinates":[31.5654282656162,30.27234808337907]}},{"type":"Feature","properties":{"Description":null,"Telecom_Feature_Type":"كونيكتور","Easting":"031° 33' 50.24\" E","Northing":"30° 16' 21.36\" N","ID":"433","GlobalID":"{AFE9E785-B0C7-4773-837E-7B0411934508}","sectors":"القطاع الاول","Distance":"0","I_D":"0","__networkId":"telecom","__networkName":"شبكة الاتصالات","__layerId":"telecom_assets","__layerName":"مرافق الاتصالات","__assetName":"مرافق الاتصالات","__geometryKind":"point","__featureIndex":1652,"__typeValue":"كونيكتور"},"geometry":{"type":"Point","coordinates":[31.56563185080903,30.27276662810089]}},{"type":"Feature","properties":{"Description":null,"Telecom_Feature_Type":"كونيكتور","Easting":"031° 33' 53.09\" E","Northing":"30° 16' 20.56\" N","ID":"434","GlobalID":"{435E60BB-1E36-47FB-8027-19F8B2FBA7BE}","sectors":"القطاع الاول","Distance":"0","I_D":"0","__networkId":"telecom","__networkName":"شبكة الاتصالات","__layerId":"telecom_assets","__layerName":"مرافق الاتصالات","__assetName":"مرافق الاتصالات","__geometryKind":"point","__featureIndex":1653,"__typeValue":"كونيكتور"},"geometry":{"type":"Point","coordinates":[31.566425332699513,30.27254408869154]}},{"type":"Feature","properties":{"Description":null,"Telecom_Feature_Type":"كونيكتور","Easting":"031° 33' 52.32\" E","Northing":"30° 16' 23.46\" N","ID":"435","GlobalID":"{2B96C662-B942-4E9C-B049-CF3B78638E37}","sectors":"القطاع الاول","Distance":"0","I_D":"0","__networkId":"telecom","__networkName":"شبكة الاتصالات","__layerId":"telecom_assets","__layerName":"مرافق الاتصالات","__assetName":"مرافق الاتصالات","__geometryKind":"point","__featureIndex":1654,"__typeValue":"كونيكتور"},"geometry":{"type":"Point","coordinates":[31.56620977835382,30.273350880771368]}},{"type":"Feature","properties":{"Description":null,"Telecom_Feature_Type":"كونيكتور","Easting":"031° 33' 53.64\" E","Northing":"30° 16' 23.91\" N","ID":"436","GlobalID":"{AB8BEB19-CC84-4F35-BD73-E3CD158B2B90}","sectors":"القطاع الاول","Distance":"0","I_D":"0","__networkId":"telecom","__networkName":"شبكة الاتصالات","__layerId":"telecom_assets","__layerName":"مرافق الاتصالات","__assetName":"مرافق الاتصالات","__geometryKind":"point","__featureIndex":1655,"__typeValue":"كونيكتور"},"geometry":{"type":"Point","coordinates":[31.566577115643184,30.273474739876693]}},{"type":"Feature","properties":{"Description":null,"Telecom_Feature_Type":"كونيكتور","Easting":"031° 33' 54.42\" E","Northing":"30° 16' 23.4\" N","ID":"437","GlobalID":"{F2AE14AA-3D20-4BE6-9B0A-4BA2E9E29AF2}","sectors":"القطاع الاول","Distance":"0","I_D":"0","__networkId":"telecom","__networkName":"شبكة الاتصالات","__layerId":"telecom_assets","__layerName":"مرافق الاتصالات","__assetName":"مرافق الاتصالات","__geometryKind":"point","__featureIndex":1656,"__typeValue":"كونيكتور"},"geometry":{"type":"Point","coordinates":[31.56679437499126,30.273332791933885]}},{"type":"Feature","properties":{"Description":null,"Telecom_Feature_Type":"كونيكتور","Easting":"031° 33' 55.26\" E","Northing":"30° 16' 22.81\" N","ID":"438","GlobalID":"{A254B8CE-E395-4370-A6A7-4E3BA9AC3EB9}","sectors":"القطاع الاول","Distance":"0","I_D":"0","__networkId":"telecom","__networkName":"شبكة الاتصالات","__layerId":"telecom_assets","__layerName":"مرافق الاتصالات","__assetName":"مرافق الاتصالات","__geometryKind":"point","__featureIndex":1657,"__typeValue":"كونيكتور"},"geometry":{"type":"Point","coordinates":[31.567028162442277,30.273169252896455]}},{"type":"Feature","properties":{"Description":null,"Telecom_Feature_Type":"كونيكتور","Easting":"031° 33' 56.52\" E","Northing":"30° 16' 25.43\" N","ID":"439","GlobalID":"{213C0F47-8DFC-4FBB-874D-2CB20960A1A9}","sectors":"القطاع الاول","Distance":"0","I_D":"0","__networkId":"telecom","__networkName":"شبكة الاتصالات","__layerId":"telecom_assets","__layerName":"مرافق الاتصالات","__assetName":"مرافق الاتصالات","__geometryKind":"point","__featureIndex":1658,"__typeValue":"كونيكتور"},"geometry":{"type":"Point","coordinates":[31.56737736903425,30.2738975444101]}},{"type":"Feature","properties":{"Description":null,"Telecom_Feature_Type":"كونيكتور","Easting":"031° 33' 57.33\" E","Northing":"30° 16' 24.87\" N","ID":"440","GlobalID":"{5F9B5C2B-8EDC-4762-9853-A080E6A6FC25}","sectors":"القطاع الاول","Distance":"0","I_D":"0","__networkId":"telecom","__networkName":"شبكة الاتصالات","__layerId":"telecom_assets","__layerName":"مرافق الاتصالات","__assetName":"مرافق الاتصالات","__geometryKind":"point","__featureIndex":1659,"__typeValue":"كونيكتور"},"geometry":{"type":"Point","coordinates":[31.567602911747567,30.27374214222338]}},{"type":"Feature","properties":{"Description":null,"Telecom_Feature_Type":"كونيكتور","Easting":"031° 33' 54.44\" E","Northing":"30° 16' 25.65\" N","ID":"441","GlobalID":"{63C0CF89-2C96-4366-B228-95BB71197D55}","sectors":"القطاع الاول","Distance":"0","I_D":"0","__networkId":"telecom","__networkName":"شبكة الاتصالات","__layerId":"telecom_assets","__layerName":"مرافق الاتصالات","__assetName":"مرافق الاتصالات","__geometryKind":"point","__featureIndex":1660,"__typeValue":"كونيكتور"},"geometry":{"type":"Point","coordinates":[31.56679842908813,30.27395751899082]}},{"type":"Feature","properties":{"Description":null,"Telecom_Feature_Type":"كونيكتور","Easting":"031° 33' 56.64\" E","Northing":"30° 16' 27.66\" N","ID":"442","GlobalID":"{1753729A-F320-4EA6-9514-F173C75EC1B8}","sectors":"القطاع الاول","Distance":"0","I_D":"0","__networkId":"telecom","__networkName":"شبكة الاتصالات","__layerId":"telecom_assets","__layerName":"مرافق الاتصالات","__assetName":"مرافق الاتصالات","__geometryKind":"point","__featureIndex":1661,"__typeValue":"كونيكتور"},"geometry":{"type":"Point","coordinates":[31.567410902245467,30.274517616934048]}},{"type":"Feature","properties":{"Description":null,"Telecom_Feature_Type":"كونيكتور","Easting":"031° 33' 58.63\" E","Northing":"30° 16' 27.56\" N","ID":"443","GlobalID":"{56F5EF60-DCDD-4D79-97AC-7EE688DFAA68}","sectors":"القطاع الاول","Distance":"0","I_D":"0","__networkId":"telecom","__networkName":"شبكة الاتصالات","__layerId":"telecom_assets","__layerName":"مرافق الاتصالات","__assetName":"مرافق الاتصالات","__geometryKind":"point","__featureIndex":1662,"__typeValue":"كونيكتور"},"geometry":{"type":"Point","coordinates":[31.567964135103086,30.27448829623431]}},{"type":"Feature","properties":{"Description":null,"Telecom_Feature_Type":"كونيكتور","Easting":"031° 33' 52.91\" E","Northing":"30° 16' 28.17\" N","ID":"444","GlobalID":"{12E7B194-B8BF-435B-80DE-7BE705999285}","sectors":"القطاع الاول","Distance":"0","I_D":"0","__networkId":"telecom","__networkName":"شبكة الاتصالات","__layerId":"telecom_assets","__layerName":"مرافق الاتصالات","__assetName":"مرافق الاتصالات","__geometryKind":"point","__featureIndex":1663,"__typeValue":"كونيكتور"},"geometry":{"type":"Point","coordinates":[31.566375019857073,30.27465842816532]}},{"type":"Feature","properties":{"Description":null,"Telecom_Feature_Type":"كونيكتور","Easting":"031° 33' 55.35\" E","Northing":"30° 16' 28.28\" N","ID":"445","GlobalID":"{C0200000-31D6-439A-AF32-BF27B6DE984C}","sectors":"القطاع الاول","Distance":"0","I_D":"0","__networkId":"telecom","__networkName":"شبكة الاتصالات","__layerId":"telecom_assets","__layerName":"مرافق الاتصالات","__assetName":"مرافق الاتصالات","__geometryKind":"point","__featureIndex":1664,"__typeValue":"كونيكتور"},"geometry":{"type":"Point","coordinates":[31.567053239811745,30.274687520728584]}},{"type":"Feature","properties":{"Description":null,"Telecom_Feature_Type":"كونيكتور","Easting":"031° 33' 55.8\" E","Northing":"30° 16' 29.44\" N","ID":"446","GlobalID":"{AC555705-7FB0-4D22-99CE-976901534722}","sectors":"القطاع الاول","Distance":"0","I_D":"0","__networkId":"telecom","__networkName":"شبكة الاتصالات","__layerId":"telecom_assets","__layerName":"مرافق الاتصالات","__assetName":"مرافق الاتصالات","__geometryKind":"point","__featureIndex":1665,"__typeValue":"كونيكتور"},"geometry":{"type":"Point","coordinates":[31.567176439261374,30.275010328128687]}},{"type":"Feature","properties":{"Description":null,"Telecom_Feature_Type":"كونيكتور","Easting":"031° 33' 54.55\" E","Northing":"30° 16' 32.86\" N","ID":"447","GlobalID":"{7502966A-B938-4FA7-B304-7F582DA4B4FA}","sectors":"القطاع الاول","Distance":"0","I_D":"0","__networkId":"telecom","__networkName":"شبكة الاتصالات","__layerId":"telecom_assets","__layerName":"مرافق الاتصالات","__assetName":"مرافق الاتصالات","__geometryKind":"point","__featureIndex":1666,"__typeValue":"كونيكتور"},"geometry":{"type":"Point","coordinates":[31.5668311933415,30.27596106599928]}},{"type":"Feature","properties":{"Description":null,"Telecom_Feature_Type":"كونيكتور","Easting":"031° 33' 52.27\" E","Northing":"30° 16' 30.87\" N","ID":"448","GlobalID":"{FBCEE90E-0E46-4C4E-A832-C09A9ABE4423}","sectors":"القطاع الاول","Distance":"0","I_D":"0","__networkId":"telecom","__networkName":"شبكة الاتصالات","__layerId":"telecom_assets","__layerName":"مرافق الاتصالات","__assetName":"مرافق الاتصالات","__geometryKind":"point","__featureIndex":1667,"__typeValue":"كونيكتور"},"geometry":{"type":"Point","coordinates":[31.566197212719622,30.27540876140514]}},{"type":"Feature","properties":{"Description":null,"Telecom_Feature_Type":"كونيكتور","Easting":"031° 33' 47.77\" E","Northing":"30° 16' 32.79\" N","ID":"449","GlobalID":"{EE1A509F-55A1-4F92-85A8-D50025ED680C}","sectors":"القطاع الاول","Distance":"0","I_D":"0","__networkId":"telecom","__networkName":"شبكة الاتصالات","__layerId":"telecom_assets","__layerName":"مرافق الاتصالات","__assetName":"مرافق الاتصالات","__geometryKind":"point","__featureIndex":1668,"__typeValue":"كونيكتور"},"geometry":{"type":"Point","coordinates":[31.56494754117507,30.27594239657495]}},{"type":"Feature","properties":{"Description":null,"Telecom_Feature_Type":"كونيكتور","Easting":"031° 33' 45.36\" E","Northing":"30° 16' 30.93\" N","ID":"450","GlobalID":"{545D3917-C2C7-49A9-9B7A-461127C41E65}","sectors":"القطاع الاول","Distance":"0","I_D":"0","__networkId":"telecom","__networkName":"شبكة الاتصالات","__layerId":"telecom_assets","__layerName":"مرافق الاتصالات","__assetName":"مرافق الاتصالات","__geometryKind":"point","__featureIndex":1669,"__typeValue":"كونيكتور"},"geometry":{"type":"Point","coordinates":[31.564277164411127,30.275425639618657]}},{"type":"Feature","properties":{"Description":null,"Telecom_Feature_Type":"كونيكتور","Easting":"031° 33' 48.76\" E","Northing":"30° 16' 31.83\" N","ID":"451","GlobalID":"{DFE2F9A0-39AD-4104-90CA-163ACEFA29D1}","sectors":"القطاع الاول","Distance":"0","I_D":"0","__networkId":"telecom","__networkName":"شبكة الاتصالات","__layerId":"telecom_assets","__layerName":"مرافق الاتصالات","__assetName":"مرافق الاتصالات","__geometryKind":"point","__featureIndex":1670,"__typeValue":"كونيكتور"},"geometry":{"type":"Point","coordinates":[31.56522199895224,30.275674988585806]}},{"type":"Feature","properties":{"Description":null,"Telecom_Feature_Type":"كونيكتور","Easting":"031° 33' 42.05\" E","Northing":"30° 16' 25.3\" N","ID":"452","GlobalID":"{AD71A81C-9B91-497F-8D65-49041D2B40C4}","sectors":"القطاع الاول","Distance":"0","I_D":"0","__networkId":"telecom","__networkName":"شبكة الاتصالات","__layerId":"telecom_assets","__layerName":"مرافق الاتصالات","__assetName":"مرافق الاتصالات","__geometryKind":"point","__featureIndex":1671,"__typeValue":"كونيكتور"},"geometry":{"type":"Point","coordinates":[31.563356839504216,30.273860823867626]}},{"type":"Feature","properties":{"Description":null,"Telecom_Feature_Type":"كونيكتور","Easting":"031° 33' 43.79\" E","Northing":"30° 16' 25.98\" N","ID":"453","GlobalID":"{BAE95BDD-6E5D-492E-90F6-4F6649045F3B}","sectors":"القطاع الاول","Distance":"0","I_D":"0","__networkId":"telecom","__networkName":"شبكة الاتصالات","__layerId":"telecom_assets","__layerName":"مرافق الاتصالات","__assetName":"مرافق الاتصالات","__geometryKind":"point","__featureIndex":1672,"__typeValue":"كونيكتور"},"geometry":{"type":"Point","coordinates":[31.563841637805186,30.274049861743652]}},{"type":"Feature","properties":{"Description":null,"Telecom_Feature_Type":"كونيكتور","Easting":"031° 33' 44.67\" E","Northing":"30° 16' 27.31\" N","ID":"454","GlobalID":"{EF5254CC-2A13-4C95-8025-854FB3DA054D}","sectors":"القطاع الاول","Distance":"0","I_D":"0","__networkId":"telecom","__networkName":"شبكة الاتصالات","__layerId":"telecom_assets","__layerName":"مرافق الاتصالات","__assetName":"مرافق الاتصالات","__geometryKind":"point","__featureIndex":1673,"__typeValue":"كونيكتور"},"geometry":{"type":"Point","coordinates":[31.564084470392803,30.274419131031955]}},{"type":"Feature","properties":{"Description":null,"Telecom_Feature_Type":"كونيكتور","Easting":"031° 33' 46.15\" E","Northing":"30° 16' 27.81\" N","ID":"455","GlobalID":"{676AC7E8-AE3D-4DD5-BE04-2CA20D237343}","sectors":"القطاع الاول","Distance":"0","I_D":"0","__networkId":"telecom","__networkName":"شبكة الاتصالات","__layerId":"telecom_assets","__layerName":"مرافق الاتصالات","__assetName":"مرافق الاتصالات","__geometryKind":"point","__featureIndex":1674,"__typeValue":"كونيكتور"},"geometry":{"type":"Point","coordinates":[31.564497787051636,30.274558045567222]}},{"type":"Feature","properties":{"Description":null,"Telecom_Feature_Type":"كونيكتور","Easting":"031° 33' 41.25\" E","Northing":"30° 16' 23.96\" N","ID":"456","GlobalID":"{52602E55-98D4-4BD5-A055-DDF4F892F52B}","sectors":"القطاع الاول","Distance":"0","I_D":"0","__networkId":"telecom","__networkName":"شبكة الاتصالات","__layerId":"telecom_assets","__layerName":"مرافق الاتصالات","__assetName":"مرافق الاتصالات","__geometryKind":"point","__featureIndex":1675,"__typeValue":"كونيكتور"},"geometry":{"type":"Point","coordinates":[31.563135649128444,30.273489425204996]}},{"type":"Feature","properties":{"Description":null,"Telecom_Feature_Type":"كونيكتور","Easting":"031° 33' 39.26\" E","Northing":"30° 16' 24.16\" N","ID":"457","GlobalID":"{2D50605F-4961-492D-9392-34762D8C229A}","sectors":"القطاع الاول","Distance":"0","I_D":"0","__networkId":"telecom","__networkName":"شبكة الاتصالات","__layerId":"telecom_assets","__layerName":"مرافق الاتصالات","__assetName":"مرافق الاتصالات","__geometryKind":"point","__featureIndex":1676,"__typeValue":"كونيكتور"},"geometry":{"type":"Point","coordinates":[31.562583194211882,30.27354398177394]}},{"type":"Feature","properties":{"Description":null,"Telecom_Feature_Type":"كونيكتور","Easting":"031° 33' 38.5\" E","Northing":"30° 16' 26.82\" N","ID":"458","GlobalID":"{78691038-D440-4EF6-9133-9A62CC719CC5}","sectors":"القطاع الاول","Distance":"0","I_D":"0","__networkId":"telecom","__networkName":"شبكة الاتصالات","__layerId":"telecom_assets","__layerName":"مرافق الاتصالات","__assetName":"مرافق الاتصالات","__geometryKind":"point","__featureIndex":1677,"__typeValue":"كونيكتور"},"geometry":{"type":"Point","coordinates":[31.562371874524437,30.274281791959623]}},{"type":"Feature","properties":{"Description":null,"Telecom_Feature_Type":"كونيكتور","Easting":"031° 33' 40.25\" E","Northing":"30° 16' 27.51\" N","ID":"459","GlobalID":"{F1577153-AB8B-4E8D-8A3A-544517A6D275}","sectors":"القطاع الاول","Distance":"0","I_D":"0","__networkId":"telecom","__networkName":"شبكة الاتصالات","__layerId":"telecom_assets","__layerName":"مرافق الاتصالات","__assetName":"مرافق الاتصالات","__geometryKind":"point","__featureIndex":1678,"__typeValue":"كونيكتور"},"geometry":{"type":"Point","coordinates":[31.562857190255006,30.274473562179836]}},{"type":"Feature","properties":{"Description":null,"Telecom_Feature_Type":"كونيكتور","Easting":"031° 33' 42.69\" E","Northing":"30° 16' 29.36\" N","ID":"460","GlobalID":"{1AB3073C-A065-4D4D-9C2F-578F81DBE4F9}","sectors":"القطاع الاول","Distance":"0","I_D":"0","__networkId":"telecom","__networkName":"شبكة الاتصالات","__layerId":"telecom_assets","__layerName":"مرافق الاتصالات","__assetName":"مرافق الاتصالات","__geometryKind":"point","__featureIndex":1679,"__typeValue":"كونيكتور"},"geometry":{"type":"Point","coordinates":[31.563534308875134,30.274988521967384]}},{"type":"Feature","properties":{"Description":null,"Telecom_Feature_Type":"كونيكتور","Easting":"031° 33' 42.46\" E","Northing":"30° 16' 29.19\" N","ID":"461","GlobalID":"{9AD6BBFB-2A0F-4C3B-9814-282D8EC85EC1}","sectors":"القطاع الاول","Distance":"0","I_D":"0","__networkId":"telecom","__networkName":"شبكة الاتصالات","__layerId":"telecom_assets","__layerName":"مرافق الاتصالات","__assetName":"مرافق الاتصالات","__geometryKind":"point","__featureIndex":1680,"__typeValue":"كونيكتور"},"geometry":{"type":"Point","coordinates":[31.563472036761308,30.27494276454455]}},{"type":"Feature","properties":{"Description":null,"Telecom_Feature_Type":"كونيكتور","Easting":"031° 33' 43.31\" E","Northing":"30° 16' 30.59\" N","ID":"462","GlobalID":"{E8C1324A-AB37-4FA5-9FCC-3533947B90EF}","sectors":"القطاع الاول","Distance":"0","I_D":"0","__networkId":"telecom","__networkName":"شبكة الاتصالات","__layerId":"telecom_assets","__layerName":"مرافق الاتصالات","__assetName":"مرافق الاتصالات","__geometryKind":"point","__featureIndex":1681,"__typeValue":"كونيكتور"},"geometry":{"type":"Point","coordinates":[31.563706629102814,30.275330091793275]}},{"type":"Feature","properties":{"Description":null,"Telecom_Feature_Type":"كونيكتور","Easting":"031° 33' 50.52\" E","Northing":"30° 16' 36.22\" N","ID":"463","GlobalID":"{6B6900AF-3C93-406A-A0AB-DC4F31BEE67E}","sectors":"القطاع الاول","Distance":"0","I_D":"0","__networkId":"telecom","__networkName":"شبكة الاتصالات","__layerId":"telecom_assets","__layerName":"مرافق الاتصالات","__assetName":"مرافق الاتصالات","__geometryKind":"point","__featureIndex":1682,"__typeValue":"كونيكتور"},"geometry":{"type":"Point","coordinates":[31.565710742653923,30.27689500669309]}},{"type":"Feature","properties":{"Description":null,"Telecom_Feature_Type":"شمبر","Easting":"031° 33' 50.62\" E","Northing":"30° 15' 55.34\" N","ID":"18","GlobalID":"{D3C19D20-B17D-4A46-96DE-ED1C78DE1680}","sectors":"القطاع الثاني","Distance":"0","I_D":"0","__networkId":"telecom","__networkName":"شبكة الاتصالات","__layerId":"telecom_assets","__layerName":"مرافق الاتصالات","__assetName":"مرافق الاتصالات","__geometryKind":"point","__featureIndex":1683,"__typeValue":"شمبر"},"geometry":{"type":"Point","coordinates":[31.565737824164785,30.265539062622025]}},{"type":"Feature","properties":{"Description":null,"Telecom_Feature_Type":"شمبر","Easting":"031° 33' 16.75\" E","Northing":"30° 16' 33.27\" N","ID":"04","GlobalID":"{4ADBA746-5EB9-4A34-A444-2F41EE2053EF}","sectors":"القطاع الثالث","Distance":"0","I_D":"0","__networkId":"telecom","__networkName":"شبكة الاتصالات","__layerId":"telecom_assets","__layerName":"مرافق الاتصالات","__assetName":"مرافق الاتصالات","__geometryKind":"point","__featureIndex":1684,"__typeValue":"شمبر"},"geometry":{"type":"Point","coordinates":[31.55633008080792,30.276074994794712]}},{"type":"Feature","properties":{"Description":null,"Telecom_Feature_Type":"شمبر","Easting":"031° 33' 5.68\" E","Northing":"30° 16' 14.99\" N","ID":"07","GlobalID":"{5E48C02C-1F75-435A-8F49-3D015968D775}","sectors":"القطاع الثالث","Distance":"0","I_D":"0","__networkId":"telecom","__networkName":"شبكة الاتصالات","__layerId":"telecom_assets","__layerName":"مرافق الاتصالات","__assetName":"مرافق الاتصالات","__geometryKind":"point","__featureIndex":1685,"__typeValue":"شمبر"},"geometry":{"type":"Point","coordinates":[31.553254969723948,30.270995632719583]}},{"type":"Feature","properties":{"Description":null,"Telecom_Feature_Type":"شمبر","Easting":"031° 33' 28.83\" E","Northing":"30° 15' 57.75\" N","ID":"26","GlobalID":"{1463D3ED-1F7F-4E83-A9C3-B9E32ED23E9A}","sectors":"القطاع الثاني","Distance":"0","I_D":"0","__networkId":"telecom","__networkName":"شبكة الاتصالات","__layerId":"telecom_assets","__layerName":"مرافق الاتصالات","__assetName":"مرافق الاتصالات","__geometryKind":"point","__featureIndex":1686,"__typeValue":"شمبر"},"geometry":{"type":"Point","coordinates":[31.559684088244882,30.266209029754258]}},{"type":"Feature","properties":{"Description":null,"Telecom_Feature_Type":"شمبر","Easting":"031° 33' 24.35\" E","Northing":"30° 16' 28.23\" N","ID":"11","GlobalID":"{BD4A06C1-AA0E-4681-B969-4D92A6A6F5B0}","sectors":"القطاع الثالث","Distance":"0","I_D":"0","__networkId":"telecom","__networkName":"شبكة الاتصالات","__layerId":"telecom_assets","__layerName":"مرافق الاتصالات","__assetName":"مرافق الاتصالات","__geometryKind":"point","__featureIndex":1687,"__typeValue":"شمبر"},"geometry":{"type":"Point","coordinates":[31.558441417271347,30.27467493024405]}},{"type":"Feature","properties":{"Description":null,"Telecom_Feature_Type":"شمبر","Easting":"031° 33' 37.48\" E","Northing":"30° 16' 49.6\" N","ID":"01","GlobalID":"{A341564A-9016-4A39-B003-EB50F22B1B88}","sectors":"القطاع الثالث","Distance":"0","I_D":"0","__networkId":"telecom","__networkName":"شبكة الاتصالات","__layerId":"telecom_assets","__layerName":"مرافق الاتصالات","__assetName":"مرافق الاتصالات","__geometryKind":"point","__featureIndex":1688,"__typeValue":"شمبر"},"geometry":{"type":"Point","coordinates":[31.562086902865182,30.280609946219663]}},{"type":"Feature","properties":{"Description":null,"Telecom_Feature_Type":"شمبر","Easting":"031° 33' 2.04\" E","Northing":"30° 16' 21.53\" N","ID":"06","GlobalID":"{6A6E1EC9-3C8D-43F7-B1D4-ED72136D7513}","sectors":"القطاع الثالث","Distance":"0","I_D":"0","__networkId":"telecom","__networkName":"شبكة الاتصالات","__layerId":"telecom_assets","__layerName":"مرافق الاتصالات","__assetName":"مرافق الاتصالات","__geometryKind":"point","__featureIndex":1689,"__typeValue":"شمبر"},"geometry":{"type":"Point","coordinates":[31.55224457343847,30.2728125913538]}},{"type":"Feature","properties":{"Description":null,"Telecom_Feature_Type":"شمبر","Easting":"031° 33' 28.65\" E","Northing":"30° 16' 42.72\" N","ID":"02","GlobalID":"{27C736A3-D2B3-4321-9721-2BC0C686C25A}","sectors":"القطاع الثالث","Distance":"0","I_D":"0","__networkId":"telecom","__networkName":"شبكة الاتصالات","__layerId":"telecom_assets","__layerName":"مرافق الاتصالات","__assetName":"مرافق الاتصالات","__geometryKind":"point","__featureIndex":1690,"__typeValue":"شمبر"},"geometry":{"type":"Point","coordinates":[31.559634232644942,30.278698681221993]}},{"type":"Feature","properties":{"Description":null,"Telecom_Feature_Type":"شمبر","Easting":"031° 33' 38.21\" E","Northing":"30° 16' 27.43\" N","ID":"13","GlobalID":"{47DD14B5-23BB-4543-A5C1-0FB9AA4D488E}","sectors":"القطاع الاول","Distance":"0","I_D":"0","__networkId":"telecom","__networkName":"شبكة الاتصالات","__layerId":"telecom_assets","__layerName":"مرافق الاتصالات","__assetName":"مرافق الاتصالات","__geometryKind":"point","__featureIndex":1691,"__typeValue":"شمبر"},"geometry":{"type":"Point","coordinates":[31.562291058488235,30.274453098039224]}},{"type":"Feature","properties":{"Description":null,"Telecom_Feature_Type":"شمبر","Easting":"031° 32' 54.87\" E","Northing":"30° 16' 15.79\" N","ID":"17","GlobalID":"{4E8745EE-8B59-40A0-AA80-B8DB2326C686}","sectors":"القطاع الثالث","Distance":"0","I_D":"0","__networkId":"telecom","__networkName":"شبكة الاتصالات","__layerId":"telecom_assets","__layerName":"مرافق الاتصالات","__assetName":"مرافق الاتصالات","__geometryKind":"point","__featureIndex":1692,"__typeValue":"شمبر"},"geometry":{"type":"Point","coordinates":[31.55025117589041,30.27122003918066]}},{"type":"Feature","properties":{"Description":null,"Telecom_Feature_Type":"شمبر","Easting":"031° 32' 49.82\" E","Northing":"30° 16' 12.13\" N","ID":"18","GlobalID":"{4068EEC1-62FF-43F2-9DD5-6D025F97DC57}","sectors":"القطاع الثالث","Distance":"0","I_D":"0","__networkId":"telecom","__networkName":"شبكة الاتصالات","__layerId":"telecom_assets","__layerName":"مرافق الاتصالات","__assetName":"مرافق الاتصالات","__geometryKind":"point","__featureIndex":1693,"__typeValue":"شمبر"},"geometry":{"type":"Point","coordinates":[31.548849313567032,30.270202530322624]}},{"type":"Feature","properties":{"Description":null,"Telecom_Feature_Type":"شمبر","Easting":"031° 33' 44.64\" E","Northing":"30° 16' 55.18\" N","ID":"15","GlobalID":"{AD92B8BB-D1B4-4305-9C84-B6B8B1E0750F}","sectors":"القطاع الثالث","Distance":"0","I_D":"0","__networkId":"telecom","__networkName":"شبكة الاتصالات","__layerId":"telecom_assets","__layerName":"مرافق الاتصالات","__assetName":"مرافق الاتصالات","__geometryKind":"point","__featureIndex":1694,"__typeValue":"شمبر"},"geometry":{"type":"Point","coordinates":[31.56407828998364,30.282161841420514]}},{"type":"Feature","properties":{"Description":null,"Telecom_Feature_Type":"شمبر","Easting":"031° 33' 53.91\" E","Northing":"30° 17' 2.24\" N","ID":"16","GlobalID":"{13C937A2-642E-470F-ACAB-BE7A7F76AE1E}","sectors":"القطاع الثالث","Distance":"0","I_D":"0","__networkId":"telecom","__networkName":"شبكة الاتصالات","__layerId":"telecom_assets","__layerName":"مرافق الاتصالات","__assetName":"مرافق الاتصالات","__geometryKind":"point","__featureIndex":1695,"__typeValue":"شمبر"},"geometry":{"type":"Point","coordinates":[31.566653121201032,30.284123252559723]}},{"type":"Feature","properties":{"Description":null,"Telecom_Feature_Type":"شمبر","Easting":"031° 33' 45.29\" E","Northing":"30° 16' 18.5\" N","ID":"14","GlobalID":"{98287BE7-090B-4921-9805-64FDFFE1077C}","sectors":"القطاع الاول","Distance":"0","I_D":"0","__networkId":"telecom","__networkName":"شبكة الاتصالات","__layerId":"telecom_assets","__layerName":"مرافق الاتصالات","__assetName":"مرافق الاتصالات","__geometryKind":"point","__featureIndex":1696,"__typeValue":"شمبر"},"geometry":{"type":"Point","coordinates":[31.564258731879818,30.271971863459086]}},{"type":"Feature","properties":{"Description":null,"Telecom_Feature_Type":"شمبر","Easting":"031° 33' 29.69\" E","Northing":"30° 16' 6.42\" N","ID":"15","GlobalID":"{B5B04907-5DC6-465F-9E08-E28CEEBF4ECE}","sectors":"القطاع الثاني","Distance":"0","I_D":"0","__networkId":"telecom","__networkName":"شبكة الاتصالات","__layerId":"telecom_assets","__layerName":"مرافق الاتصالات","__assetName":"مرافق الاتصالات","__geometryKind":"point","__featureIndex":1697,"__typeValue":"شمبر"},"geometry":{"type":"Point","coordinates":[31.559924959810235,30.268616912244518]}},{"type":"Feature","properties":{"Description":null,"Telecom_Feature_Type":"شمبر","Easting":"031° 32' 38.5\" E","Northing":"30° 16' 28.11\" N","ID":"20","GlobalID":"{ED90B295-C040-45DA-BC55-7E96EC5243FF}","sectors":"القطاع الثالث","Distance":"0","I_D":"0","__networkId":"telecom","__networkName":"شبكة الاتصالات","__layerId":"telecom_assets","__layerName":"مرافق الاتصالات","__assetName":"مرافق الاتصالات","__geometryKind":"point","__featureIndex":1698,"__typeValue":"شمبر"},"geometry":{"type":"Point","coordinates":[31.545703293067806,30.274641559129478]}},{"type":"Feature","properties":{"Description":null,"Telecom_Feature_Type":"شمبر","Easting":"031° 32' 24.22\" E","Northing":"30° 16' 42.66\" N","ID":"21","GlobalID":"{958C7343-CDB7-499C-BF16-B6CF972F3D26}","sectors":"القطاع الثالث","Distance":"0","I_D":"0","__networkId":"telecom","__networkName":"شبكة الاتصالات","__layerId":"telecom_assets","__layerName":"مرافق الاتصالات","__assetName":"مرافق الاتصالات","__geometryKind":"point","__featureIndex":1699,"__typeValue":"شمبر"},"geometry":{"type":"Point","coordinates":[31.54173826864257,30.27868317125389]}},{"type":"Feature","properties":{"Description":null,"Telecom_Feature_Type":"شمبر","Easting":"031° 33' 43.17\" E","Northing":"30° 16' 2.54\" N","ID":"27","GlobalID":"{82304CC3-22C2-48FE-B7D2-DCC3CD2411B8}","sectors":"القطاع الثاني","Distance":"0","I_D":"0","__networkId":"telecom","__networkName":"شبكة الاتصالات","__layerId":"telecom_assets","__layerName":"مرافق الاتصالات","__assetName":"مرافق الاتصالات","__geometryKind":"point","__featureIndex":1700,"__typeValue":"شمبر"},"geometry":{"type":"Point","coordinates":[31.56366902203176,30.267538675615974]}},{"type":"Feature","properties":{"Description":null,"Telecom_Feature_Type":"شمبر","Easting":"031° 33' 47.71\" E","Northing":"30° 16' 12.91\" N","ID":"16","GlobalID":"{E3755BD4-48F1-446A-876F-B6B586D2CDF9}","sectors":"القطاع الثاني","Distance":"0","I_D":"0","__networkId":"telecom","__networkName":"شبكة الاتصالات","__layerId":"telecom_assets","__layerName":"مرافق الاتصالات","__assetName":"مرافق الاتصالات","__geometryKind":"point","__featureIndex":1701,"__typeValue":"شمبر"},"geometry":{"type":"Point","coordinates":[31.56492971051498,30.270419451786363]}},{"type":"Feature","properties":{"Description":null,"Telecom_Feature_Type":"شمبر","Easting":"031° 32' 5.28\" E","Northing":"30° 16' 44.41\" N","ID":"23","GlobalID":"{8AADA8A0-4A31-4C68-8AAD-BCAF0523ECF0}","sectors":"القطاع الثالث","Distance":"0","I_D":"0","__networkId":"telecom","__networkName":"شبكة الاتصالات","__layerId":"telecom_assets","__layerName":"مرافق الاتصالات","__assetName":"مرافق الاتصالات","__geometryKind":"point","__featureIndex":1702,"__typeValue":"شمبر"},"geometry":{"type":"Point","coordinates":[31.53647751245487,30.279170210079943]}},{"type":"Feature","properties":{"Description":null,"Telecom_Feature_Type":"شمبر","Easting":"031° 32' 20.0\" E","Northing":"30° 16' 39.6\" N","ID":"22","GlobalID":"{F652ADF1-3408-43CC-BAB6-1AE514F39004}","sectors":"القطاع الثالث","Distance":"0","I_D":"0","__networkId":"telecom","__networkName":"شبكة الاتصالات","__layerId":"telecom_assets","__layerName":"مرافق الاتصالات","__assetName":"مرافق الاتصالات","__geometryKind":"point","__featureIndex":1703,"__typeValue":"شمبر"},"geometry":{"type":"Point","coordinates":[31.540564826336375,30.277832425615692]}},{"type":"Feature","properties":{"Description":null,"Telecom_Feature_Type":"شمبر","Easting":"031° 32' 54.8\" E","Northing":"30° 16' 31.73\" N","ID":"00","GlobalID":"{F89AB383-A465-46DF-B478-B8BF033D9BB4}","sectors":"القطاع الثالث","Distance":"0","I_D":"0","__networkId":"telecom","__networkName":"شبكة الاتصالات","__layerId":"telecom_assets","__layerName":"مرافق الاتصالات","__assetName":"مرافق الاتصالات","__geometryKind":"point","__featureIndex":1704,"__typeValue":"شمبر"},"geometry":{"type":"Point","coordinates":[31.55023354735127,30.275646693055627]}},{"type":"Feature","properties":{"Description":null,"Telecom_Feature_Type":"شمبر","Easting":"031° 32' 9.4\" E","Northing":"30° 16' 39.57\" N","ID":"old","GlobalID":"{27CB796D-0961-4BE4-A586-507C727B42CD}","sectors":"القطاع الثالث","Distance":"0","I_D":"0","__networkId":"telecom","__networkName":"شبكة الاتصالات","__layerId":"telecom_assets","__layerName":"مرافق الاتصالات","__assetName":"مرافق الاتصالات","__geometryKind":"point","__featureIndex":1705,"__typeValue":"شمبر"},"geometry":{"type":"Point","coordinates":[31.53762240809796,30.2778245049351]}},{"type":"Feature","properties":{"Description":null,"Telecom_Feature_Type":"بوكس","Easting":"031° 33' 38.73\" E","Northing":"30° 16' 14.92\" N","ID":"21A","GlobalID":"{552ABF0F-D14F-4EB2-8666-82CCDABEB578}","sectors":"القطاع الاول","Distance":"5m","I_D":"10-1","__networkId":"telecom","__networkName":"شبكة الاتصالات","__layerId":"telecom_assets","__layerName":"مرافق الاتصالات","__assetName":"مرافق الاتصالات","__geometryKind":"point","__featureIndex":1706,"__typeValue":"بوكس"},"geometry":{"type":"Point","coordinates":[31.562436211865098,30.270978071013108]}},{"type":"Feature","properties":{"Description":null,"Telecom_Feature_Type":"ايندكاب","Easting":"031° 33' 51.16\" E","Northing":"30° 16' 16.99\" N","ID":"5A","GlobalID":"{332D38BC-C7AE-47D0-9241-5EC16BC66F31}","sectors":"القطاع الاول","Distance":"5m","I_D":"7-2","__networkId":"telecom","__networkName":"شبكة الاتصالات","__layerId":"telecom_assets","__layerName":"مرافق الاتصالات","__assetName":"مرافق الاتصالات","__geometryKind":"point","__featureIndex":1707,"__typeValue":"ايندكاب"},"geometry":{"type":"Point","coordinates":[31.565888915405694,30.271553403792634]}},{"type":"Feature","properties":{"Description":null,"Telecom_Feature_Type":"ايندكاب","Easting":"031° 33' 59.7\" E","Northing":"30° 16' 25.42\" N","ID":"4A","GlobalID":"{E93EA74D-AAE9-430F-BC2D-34C8B46979BD}","sectors":"القطاع الاول","Distance":"5m","I_D":"7-3","__networkId":"telecom","__networkName":"شبكة الاتصالات","__layerId":"telecom_assets","__layerName":"مرافق الاتصالات","__assetName":"مرافق الاتصالات","__geometryKind":"point","__featureIndex":1708,"__typeValue":"ايندكاب"},"geometry":{"type":"Point","coordinates":[31.568261466682376,30.2738938841487]}},{"type":"Feature","properties":{"Description":null,"Telecom_Feature_Type":"ايندكاب","Easting":"031° 34' 1.28\" E","Northing":"30° 16' 28.84\" N","ID":"11A","GlobalID":"{663AFC7E-EAD0-46AB-8988-272937AAADBF}","sectors":"القطاع الاول","Distance":"5m","I_D":"10-3","__networkId":"telecom","__networkName":"شبكة الاتصالات","__layerId":"telecom_assets","__layerName":"مرافق الاتصالات","__assetName":"مرافق الاتصالات","__geometryKind":"point","__featureIndex":1709,"__typeValue":"ايندكاب"},"geometry":{"type":"Point","coordinates":[31.568699719675166,30.274844428022757]}},{"type":"Feature","properties":{"Description":null,"Telecom_Feature_Type":"ايندكاب","Easting":"031° 34' 0.6\" E","Northing":"30° 16' 29.34\" N","ID":"10A","GlobalID":"{68C189F9-869D-4A18-B930-B07B2E7616BF}","sectors":"القطاع الاول","Distance":"5m","I_D":"10-3","__networkId":"telecom","__networkName":"شبكة الاتصالات","__layerId":"telecom_assets","__layerName":"مرافق الاتصالات","__assetName":"مرافق الاتصالات","__geometryKind":"point","__featureIndex":1710,"__typeValue":"ايندكاب"},"geometry":{"type":"Point","coordinates":[31.56851013562437,30.274982941643675]}},{"type":"Feature","properties":{"Description":null,"Telecom_Feature_Type":"ايندكاب","Easting":"031° 33' 50.9\" E","Northing":"30° 16' 36.19\" N","ID":"8A","GlobalID":"{AD77E38B-05A6-4582-A325-7D9E55B517BD}","sectors":"القطاع الاول","Distance":"5m","I_D":"6-2","__networkId":"telecom","__networkName":"شبكة الاتصالات","__layerId":"telecom_assets","__layerName":"مرافق الاتصالات","__assetName":"مرافق الاتصالات","__geometryKind":"point","__featureIndex":1711,"__typeValue":"ايندكاب"},"geometry":{"type":"Point","coordinates":[31.56581668995853,30.276885708144135]}},{"type":"Feature","properties":{"Description":null,"Telecom_Feature_Type":"ايندكاب","Easting":"031° 33' 50.0\" E","Northing":"30° 16' 34.01\" N","ID":"5A","GlobalID":"{B3A24B3C-A372-4AE9-8A1E-39ACA96F30F9}","sectors":"القطاع الاول","Distance":"5m","I_D":"6-2","__networkId":"telecom","__networkName":"شبكة الاتصالات","__layerId":"telecom_assets","__layerName":"مرافق الاتصالات","__assetName":"مرافق الاتصالات","__geometryKind":"point","__featureIndex":1712,"__typeValue":"ايندكاب"},"geometry":{"type":"Point","coordinates":[31.565566802901007,30.27628125169873]}},{"type":"Feature","properties":{"Description":null,"Telecom_Feature_Type":"ايندكاب","Easting":"031° 33' 50.94\" E","Northing":"30° 16' 32.99\" N","ID":"4A","GlobalID":"{3A009882-55CA-4643-A681-215A2C1BA9CB}","sectors":"القطاع الاول","Distance":"5m","I_D":"6-2","__networkId":"telecom","__networkName":"شبكة الاتصالات","__layerId":"telecom_assets","__layerName":"مرافق الاتصالات","__assetName":"مرافق الاتصالات","__geometryKind":"point","__featureIndex":1713,"__typeValue":"ايندكاب"},"geometry":{"type":"Point","coordinates":[31.565828431837623,30.275996684908236]}},{"type":"Feature","properties":{"Description":null,"Telecom_Feature_Type":"ايندكاب","Easting":"031° 33' 48.56\" E","Northing":"30° 16' 31.09\" N","ID":"16A","GlobalID":"{32AD9DD6-ECFD-45C4-A576-51293B5CAE32}","sectors":"القطاع الاول","Distance":"5m","I_D":"6-2","__networkId":"telecom","__networkName":"شبكة الاتصالات","__layerId":"telecom_assets","__layerName":"مرافق الاتصالات","__assetName":"مرافق الاتصالات","__geometryKind":"point","__featureIndex":1714,"__typeValue":"ايندكاب"},"geometry":{"type":"Point","coordinates":[31.565164882269855,30.275468318460288]}},{"type":"Feature","properties":{"Description":null,"Telecom_Feature_Type":"ايندكاب","Easting":"031° 33' 45.92\" E","Northing":"30° 16' 29.46\" N","ID":"1A","GlobalID":"{333860BE-B2A4-48C6-BBF4-B39E29DED58E}","sectors":"القطاع الاول","Distance":"5m","I_D":"6-4","__networkId":"telecom","__networkName":"شبكة الاتصالات","__layerId":"telecom_assets","__layerName":"مرافق الاتصالات","__assetName":"مرافق الاتصالات","__geometryKind":"point","__featureIndex":1715,"__typeValue":"ايندكاب"},"geometry":{"type":"Point","coordinates":[31.564433648238676,30.27501699146627]}},{"type":"Feature","properties":{"Description":null,"Telecom_Feature_Type":"ايندكاب","Easting":"031° 33' 43.8\" E","Northing":"30° 16' 27.35\" N","ID":"4A","GlobalID":"{1A7D20D1-5985-4DDF-A146-3BF70FA99913}","sectors":"القطاع الاول","Distance":"5m","I_D":"6-4","__networkId":"telecom","__networkName":"شبكة الاتصالات","__layerId":"telecom_assets","__layerName":"مرافق الاتصالات","__assetName":"مرافق الاتصالات","__geometryKind":"point","__featureIndex":1716,"__typeValue":"ايندكاب"},"geometry":{"type":"Point","coordinates":[31.563844778315406,30.274428938741774]}},{"type":"Feature","properties":{"Description":null,"Telecom_Feature_Type":"ايندكاب","Easting":"031° 33' 39.62\" E","Northing":"30° 16' 24.24\" N","ID":"9A","GlobalID":"{B799698B-0D8F-4BEF-BF6E-ED5191A6FADB}","sectors":"القطاع الاول","Distance":"5m","I_D":"6-4","__networkId":"telecom","__networkName":"شبكة الاتصالات","__layerId":"telecom_assets","__layerName":"مرافق الاتصالات","__assetName":"مرافق الاتصالات","__geometryKind":"point","__featureIndex":1717,"__typeValue":"ايندكاب"},"geometry":{"type":"Point","coordinates":[31.562683620470757,30.273566315807305]}},{"type":"Feature","properties":{"Description":null,"Telecom_Feature_Type":"ايندكاب","Easting":"031° 33' 38.31\" E","Northing":"30° 16' 25.47\" N","ID":"24A","GlobalID":"{CB4093C6-63E5-4340-9510-CCD3BE3B2E37}","sectors":"القطاع الاول","Distance":"5m","I_D":"6-4","__networkId":"telecom","__networkName":"شبكة الاتصالات","__layerId":"telecom_assets","__layerName":"مرافق الاتصالات","__assetName":"مرافق الاتصالات","__geometryKind":"point","__featureIndex":1718,"__typeValue":"ايندكاب"},"geometry":{"type":"Point","coordinates":[31.56231901405987,30.273908492609348]}},{"type":"Feature","properties":{"Description":null,"Telecom_Feature_Type":"ايندكاب","Easting":"031° 33' 57.03\" E","Northing":"30° 16' 31.8\" N","ID":"9A","GlobalID":"{0A593B53-90B1-493A-9B29-55ED97236D7C}","sectors":"القطاع الاول","Distance":"5m","I_D":"7-4","__networkId":"telecom","__networkName":"شبكة الاتصالات","__layerId":"telecom_assets","__layerName":"مرافق الاتصالات","__assetName":"مرافق الاتصالات","__geometryKind":"point","__featureIndex":1719,"__typeValue":"ايندكاب"},"geometry":{"type":"Point","coordinates":[31.56751804610604,30.27566673181239]}},{"type":"Feature","properties":{"Description":null,"Telecom_Feature_Type":"ايندكاب","Easting":"031° 33' 42.61\" E","Northing":"30° 16' 21.56\" N","ID":"15A","GlobalID":"{D3F4DD49-A48C-4A6F-A350-068B166552E0}","sectors":"القطاع الاول","Distance":"5m","I_D":"6-4","__networkId":"telecom","__networkName":"شبكة الاتصالات","__layerId":"telecom_assets","__layerName":"مرافق الاتصالات","__assetName":"مرافق الاتصالات","__geometryKind":"point","__featureIndex":1720,"__typeValue":"ايندكاب"},"geometry":{"type":"Point","coordinates":[31.563513841659695,30.272821068699127]}},{"type":"Feature","properties":{"Description":null,"Telecom_Feature_Type":"بوكس","Easting":"031° 33' 59.76\" E","Northing":"30° 16' 25.36\" N","ID":"15","GlobalID":"{CE3A4466-8133-4A67-AAEF-E00D82E116AE}","sectors":"القطاع الاول","Distance":"200m","I_D":"7-3","__networkId":"telecom","__networkName":"شبكة الاتصالات","__layerId":"telecom_assets","__layerName":"مرافق الاتصالات","__assetName":"مرافق الاتصالات","__geometryKind":"point","__featureIndex":1721,"__typeValue":"بوكس"},"geometry":{"type":"Point","coordinates":[31.568278190618006,30.27387613521522]}},{"type":"Feature","properties":{"Description":null,"Telecom_Feature_Type":"ايندكاب","Easting":"031° 33' 36.84\" E","Northing":"30° 16' 32.17\" N","ID":"20","GlobalID":"{737C61F9-8D08-48E9-AB06-A66A957AB1FA}","sectors":"القطاع الثالث","Distance":"240m","I_D":"6-3","__networkId":"telecom","__networkName":"شبكة الاتصالات","__layerId":"telecom_assets","__layerName":"مرافق الاتصالات","__assetName":"مرافق الاتصالات","__geometryKind":"point","__featureIndex":1722,"__typeValue":"ايندكاب"},"geometry":{"type":"Point","coordinates":[31.56191034797925,30.275770153609397]}}]}