{"type":"FeatureCollection","features":[{"type":"Feature","properties":{"GlobalID":"{837B22F9-358F-48C5-AD51-1A0110C72175}","Easting":"031° 33' 37.46\" E","Northing":"30° 16' 45.49\" N","sectors":"القطاع الثالث","Implementing":"التوحيد","Start":"15/09/2021","End_":"15/03/2023","Meter_Id":"1","Description":null,"__networkId":"water","__networkName":"شبكة المياه","__layerId":"water_fire_hydrants","__layerName":"صنابير إطفاء الحريق","__assetName":"صنابير الحريق","__geometryKind":"point","__featureIndex":1,"__typeValue":"صنابير الحريق"},"geometry":{"type":"Point","coordinates":[31.562082562205706,30.279468274492526]}},{"type":"Feature","properties":{"GlobalID":"{C401FC19-F937-4B42-A40E-EBAA1E34ADCA}","Easting":"031° 33' 42.06\" E","Northing":"30° 16' 44.71\" N","sectors":"القطاع الثالث","Implementing":"التوحيد","Start":"15/09/2021","End_":"15/03/2023","Meter_Id":"2","Description":null,"__networkId":"water","__networkName":"شبكة المياه","__layerId":"water_fire_hydrants","__layerName":"صنابير إطفاء الحريق","__assetName":"صنابير الحريق","__geometryKind":"point","__featureIndex":2,"__typeValue":"صنابير الحريق"},"geometry":{"type":"Point","coordinates":[31.563359954861657,30.279251900547482]}},{"type":"Feature","properties":{"GlobalID":"{54680E28-A447-4EBF-B923-271F46036DF1}","Easting":"031° 33' 48.97\" E","Northing":"30° 16' 38.53\" N","sectors":"القطاع الثالث","Implementing":"التوحيد","Start":"15/09/2021","End_":"15/03/2023","Meter_Id":"3","Description":null,"__networkId":"water","__networkName":"شبكة المياه","__layerId":"water_fire_hydrants","__layerName":"صنابير إطفاء الحريق","__assetName":"صنابير الحريق","__geometryKind":"point","__featureIndex":3,"__typeValue":"صنابير الحريق"},"geometry":{"type":"Point","coordinates":[31.56527881649565,30.277535503611666]}},{"type":"Feature","properties":{"GlobalID":"{701527EB-2427-4736-ADFA-882D6E036BE3}","Easting":"031° 33' 46.46\" E","Northing":"30° 16' 40.76\" N","sectors":"القطاع الثالث","Implementing":"التوحيد","Start":"15/09/2021","End_":"15/03/2023","Meter_Id":"4","Description":null,"__networkId":"water","__networkName":"شبكة المياه","__layerId":"water_fire_hydrants","__layerName":"صنابير إطفاء الحريق","__assetName":"صنابير الحريق","__geometryKind":"point","__featureIndex":4,"__typeValue":"صنابير الحريق"},"geometry":{"type":"Point","coordinates":[31.564583633653456,30.27815654536676]}},{"type":"Feature","properties":{"GlobalID":"{CBBA4848-9ECC-4E21-9003-C7626EFDA499}","Easting":"031° 33' 40.1\" E","Northing":"30° 16' 43.42\" N","sectors":"القطاع الثالث","Implementing":"التوحيد","Start":"15/09/2021","End_":"15/03/2023","Meter_Id":"5","Description":null,"__networkId":"water","__networkName":"شبكة المياه","__layerId":"water_fire_hydrants","__layerName":"صنابير إطفاء الحريق","__assetName":"صنابير الحريق","__geometryKind":"point","__featureIndex":5,"__typeValue":"صنابير الحريق"},"geometry":{"type":"Point","coordinates":[31.562816470521476,30.27889361570428]}},{"type":"Feature","properties":{"GlobalID":"{F81BD711-BE16-4C2B-98F2-85104D1D9472}","Easting":"031° 33' 44.35\" E","Northing":"30° 16' 43.41\" N","sectors":"القطاع الثالث","Implementing":"التوحيد","Start":"15/09/2021","End_":"15/03/2023","Meter_Id":"6","Description":null,"__networkId":"water","__networkName":"شبكة المياه","__layerId":"water_fire_hydrants","__layerName":"صنابير إطفاء الحريق","__assetName":"صنابير الحريق","__geometryKind":"point","__featureIndex":6,"__typeValue":"صنابير الحريق"},"geometry":{"type":"Point","coordinates":[31.56399791681687,30.278892625048115]}},{"type":"Feature","properties":{"GlobalID":"{52B981AE-D221-40EC-A6B3-2C948A493972}","Easting":"031° 33' 35.05\" E","Northing":"30° 16' 43.3\" N","sectors":"القطاع الثالث","Implementing":"التوحيد","Start":"15/09/2021","End_":"15/03/2023","Meter_Id":"7","Description":null,"__networkId":"water","__networkName":"شبكة المياه","__layerId":"water_fire_hydrants","__layerName":"صنابير إطفاء الحريق","__assetName":"صنابير الحريق","__geometryKind":"point","__featureIndex":7,"__typeValue":"صنابير الحريق"},"geometry":{"type":"Point","coordinates":[31.561414308160803,30.27886226612552]}},{"type":"Feature","properties":{"GlobalID":"{BCE8CCFA-496E-4543-9ECF-1E28DB38B4AF}","Easting":"031° 33' 31.17\" E","Northing":"30° 16' 41.87\" N","sectors":"القطاع الثالث","Implementing":"التوحيد","Start":"15/09/2021","End_":"15/03/2023","Meter_Id":"8","Description":null,"__networkId":"water","__networkName":"شبكة المياه","__layerId":"water_fire_hydrants","__layerName":"صنابير إطفاء الحريق","__assetName":"صنابير الحريق","__geometryKind":"point","__featureIndex":8,"__typeValue":"صنابير الحريق"},"geometry":{"type":"Point","coordinates":[31.560335435996144,30.278463129280603]}},{"type":"Feature","properties":{"GlobalID":"{33F763E6-66FB-4EC4-980C-1A7BB87B9314}","Easting":"031° 33' 28.24\" E","Northing":"30° 16' 39.44\" N","sectors":"القطاع الثالث","Implementing":"التوحيد","Start":"15/09/2021","End_":"15/03/2023","Meter_Id":"9","Description":null,"__networkId":"water","__networkName":"شبكة المياه","__layerId":"water_fire_hydrants","__layerName":"صنابير إطفاء الحريق","__assetName":"صنابير الحريق","__geometryKind":"point","__featureIndex":9,"__typeValue":"صنابير الحريق"},"geometry":{"type":"Point","coordinates":[31.559521436584593,30.27778828235925]}},{"type":"Feature","properties":{"GlobalID":"{52062AD7-CC12-4783-9AF7-DF0FE4F153BE}","Easting":"031° 33' 25.19\" E","Northing":"30° 16' 37.23\" N","sectors":"القطاع الثالث","Implementing":"التوحيد","Start":"15/09/2021","End_":"15/03/2023","Meter_Id":"10","Description":null,"__networkId":"water","__networkName":"شبكة المياه","__layerId":"water_fire_hydrants","__layerName":"صنابير إطفاء الحريق","__assetName":"صنابير الحريق","__geometryKind":"point","__featureIndex":10,"__typeValue":"صنابير الحريق"},"geometry":{"type":"Point","coordinates":[31.558675034042437,30.277175496472385]}},{"type":"Feature","properties":{"GlobalID":"{994923AC-1365-44BD-B787-E4516851E826}","Easting":"031° 33' 22.4\" E","Northing":"30° 16' 34.87\" N","sectors":"القطاع الثالث","Implementing":"التوحيد","Start":"15/09/2021","End_":"15/03/2023","Meter_Id":"11","Description":null,"__networkId":"water","__networkName":"شبكة المياه","__layerId":"water_fire_hydrants","__layerName":"صنابير إطفاء الحريق","__assetName":"صنابير الحريق","__geometryKind":"point","__featureIndex":11,"__typeValue":"صنابير الحريق"},"geometry":{"type":"Point","coordinates":[31.55789985442759,30.276518822044626]}},{"type":"Feature","properties":{"GlobalID":"{E658B15D-AA5C-4308-9378-DD1199E6A708}","Easting":"031° 33' 25.28\" E","Northing":"30° 16' 30.12\" N","sectors":"القطاع الثالث","Implementing":"التوحيد","Start":"15/09/2021","End_":"15/03/2023","Meter_Id":"12","Description":null,"__networkId":"water","__networkName":"شبكة المياه","__layerId":"water_fire_hydrants","__layerName":"صنابير إطفاء الحريق","__assetName":"صنابير الحريق","__geometryKind":"point","__featureIndex":12,"__typeValue":"صنابير الحريق"},"geometry":{"type":"Point","coordinates":[31.558699408929346,30.275198621352573]}},{"type":"Feature","properties":{"GlobalID":"{60724835-E3AB-4075-BBEC-4A4E1BB337EA}","Easting":"031° 33' 29.3\" E","Northing":"30° 16' 33.32\" N","sectors":"القطاع الثالث","Implementing":"التوحيد","Start":"15/09/2021","End_":"15/03/2023","Meter_Id":"13","Description":null,"__networkId":"water","__networkName":"شبكة المياه","__layerId":"water_fire_hydrants","__layerName":"صنابير إطفاء الحريق","__assetName":"صنابير الحريق","__geometryKind":"point","__featureIndex":13,"__typeValue":"صنابير الحريق"},"geometry":{"type":"Point","coordinates":[31.55981469340575,30.27608801954228]}},{"type":"Feature","properties":{"GlobalID":"{1BCE5851-7CB4-4CB9-B68A-17856198E34F}","Easting":"031° 33' 32.25\" E","Northing":"30° 16' 35.56\" N","sectors":"القطاع الثالث","Implementing":"التوحيد","Start":"15/09/2021","End_":"15/03/2023","Meter_Id":"14","Description":null,"__networkId":"water","__networkName":"شبكة المياه","__layerId":"water_fire_hydrants","__layerName":"صنابير إطفاء الحريق","__assetName":"صنابير الحريق","__geometryKind":"point","__featureIndex":14,"__typeValue":"صنابير الحريق"},"geometry":{"type":"Point","coordinates":[31.560635039414763,30.276711983532145]}},{"type":"Feature","properties":{"GlobalID":"{53B5D8F4-AEA5-451E-9090-89AABD0D8CA4}","Easting":"031° 33' 35.4\" E","Northing":"30° 16' 37.68\" N","sectors":"القطاع الثالث","Implementing":"التوحيد","Start":"15/09/2021","End_":"15/03/2023","Meter_Id":"15","Description":null,"__networkId":"water","__networkName":"شبكة المياه","__layerId":"water_fire_hydrants","__layerName":"صنابير إطفاء الحريق","__assetName":"صنابير الحريق","__geometryKind":"point","__featureIndex":15,"__typeValue":"صنابير الحريق"},"geometry":{"type":"Point","coordinates":[31.56150926547622,30.277298601346896]}},{"type":"Feature","properties":{"GlobalID":"{C72C2EDC-421B-478C-9D76-3BBDB7DD4671}","Easting":"031° 33' 39.21\" E","Northing":"30° 16' 38.59\" N","sectors":"القطاع الثالث","Implementing":"التوحيد","Start":"15/09/2021","End_":"15/03/2023","Meter_Id":"16","Description":null,"__networkId":"water","__networkName":"شبكة المياه","__layerId":"water_fire_hydrants","__layerName":"صنابير إطفاء الحريق","__assetName":"صنابير الحريق","__geometryKind":"point","__featureIndex":16,"__typeValue":"صنابير الحريق"},"geometry":{"type":"Point","coordinates":[31.562567963276226,30.277552129331305]}},{"type":"Feature","properties":{"GlobalID":"{F53032AC-6B00-43DB-89F8-256E39052762}","Easting":"031° 33' 43.14\" E","Northing":"30° 16' 37.77\" N","sectors":"القطاع الثالث","Implementing":"التوحيد","Start":"15/09/2021","End_":"15/03/2023","Meter_Id":"17","Description":null,"__networkId":"water","__networkName":"شبكة المياه","__layerId":"water_fire_hydrants","__layerName":"صنابير إطفاء الحريق","__assetName":"صنابير الحريق","__geometryKind":"point","__featureIndex":17,"__typeValue":"صنابير الحريق"},"geometry":{"type":"Point","coordinates":[31.563660391018516,30.277323601660026]}},{"type":"Feature","properties":{"GlobalID":"{C4B49003-93C2-404C-B790-706D5D7F07DA}","Easting":"031° 33' 46.27\" E","Northing":"30° 16' 35.62\" N","sectors":"القطاع الثالث","Implementing":"التوحيد","Start":"15/09/2021","End_":"15/03/2023","Meter_Id":"18","Description":null,"__networkId":"water","__networkName":"شبكة المياه","__layerId":"water_fire_hydrants","__layerName":"صنابير إطفاء الحريق","__assetName":"صنابير الحريق","__geometryKind":"point","__featureIndex":18,"__typeValue":"صنابير الحريق"},"geometry":{"type":"Point","coordinates":[31.564530760612467,30.27672816409043]}},{"type":"Feature","properties":{"GlobalID":"{3ACC4AD4-2972-4AEF-9203-D7B11C8E496E}","Easting":"031° 33' 40.62\" E","Northing":"30° 16' 36.24\" N","sectors":"القطاع الثالث","Implementing":"التوحيد","Start":"15/09/2021","End_":"15/03/2023","Meter_Id":"19","Description":null,"__networkId":"water","__networkName":"شبكة المياه","__layerId":"water_fire_hydrants","__layerName":"صنابير إطفاء الحريق","__assetName":"صنابير الحريق","__geometryKind":"point","__featureIndex":19,"__typeValue":"صنابير الحريق"},"geometry":{"type":"Point","coordinates":[31.562960583649268,30.276898783985928]}},{"type":"Feature","properties":{"GlobalID":"{A3750FFE-DD35-4078-ABCD-964A95E0B608}","Easting":"031° 33' 44.18\" E","Northing":"30° 16' 34.31\" N","sectors":"القطاع الثالث","Implementing":"التوحيد","Start":"15/09/2021","End_":"15/03/2023","Meter_Id":"20","Description":null,"__networkId":"water","__networkName":"شبكة المياه","__layerId":"water_fire_hydrants","__layerName":"صنابير إطفاء الحريق","__assetName":"صنابير الحريق","__geometryKind":"point","__featureIndex":20,"__typeValue":"صنابير الحريق"},"geometry":{"type":"Point","coordinates":[31.56394848612002,30.276363103607746]}},{"type":"Feature","properties":{"GlobalID":"{3D399BEB-DE38-433A-B1AE-05C94C5D6361}","Easting":"031° 33' 35.85\" E","Northing":"30° 16' 35.16\" N","sectors":"القطاع الثالث","Implementing":"التوحيد","Start":"15/09/2021","End_":"15/03/2023","Meter_Id":"21","Description":null,"__networkId":"water","__networkName":"شبكة المياه","__layerId":"water_fire_hydrants","__layerName":"صنابير إطفاء الحريق","__assetName":"صنابير الحريق","__geometryKind":"point","__featureIndex":21,"__typeValue":"صنابير الحريق"},"geometry":{"type":"Point","coordinates":[31.5616359872201,30.276599607049107]}},{"type":"Feature","properties":{"GlobalID":"{12834DF1-6E96-4148-A6FE-4511684BF48D}","Easting":"031° 33' 27.78\" E","Northing":"30° 16' 27.64\" N","sectors":"القطاع الثالث","Implementing":"التوحيد","Start":"15/09/2021","End_":"15/03/2023","Meter_Id":"22","Description":null,"__networkId":"water","__networkName":"شبكة المياه","__layerId":"water_fire_hydrants","__layerName":"صنابير إطفاء الحريق","__assetName":"صنابير الحريق","__geometryKind":"point","__featureIndex":22,"__typeValue":"صنابير الحريق"},"geometry":{"type":"Point","coordinates":[31.559393551522437,30.27451042834396]}},{"type":"Feature","properties":{"GlobalID":"{7AF58BF7-5F80-4FAD-B2D2-F524AC6223E5}","Easting":"031° 33' 31.16\" E","Northing":"30° 16' 29.78\" N","sectors":"القطاع الثالث","Implementing":"التوحيد","Start":"15/09/2021","End_":"15/03/2023","Meter_Id":"23","Description":null,"__networkId":"water","__networkName":"شبكة المياه","__layerId":"water_fire_hydrants","__layerName":"صنابير إطفاء الحريق","__assetName":"صنابير الحريق","__geometryKind":"point","__featureIndex":23,"__typeValue":"صنابير الحريق"},"geometry":{"type":"Point","coordinates":[31.56033294047631,30.275105206751448]}},{"type":"Feature","properties":{"GlobalID":"{DD8AD566-AB42-415F-98B7-0E5A099FE13C}","Easting":"031° 33' 34.32\" E","Northing":"30° 16' 32.36\" N","sectors":"القطاع الثالث","Implementing":"التوحيد","Start":"15/09/2021","End_":"15/03/2023","Meter_Id":"24","Description":null,"__networkId":"water","__networkName":"شبكة المياه","__layerId":"water_fire_hydrants","__layerName":"صنابير إطفاء الحريق","__assetName":"صنابير الحريق","__geometryKind":"point","__featureIndex":24,"__typeValue":"صنابير الحريق"},"geometry":{"type":"Point","coordinates":[31.56120908354257,30.275821802015795]}},{"type":"Feature","properties":{"GlobalID":"{02E194F7-15BA-49FD-9546-18101E6C54AF}","Easting":"031° 33' 36.99\" E","Northing":"30° 16' 28.62\" N","sectors":"القطاع الثالث","Implementing":"التوحيد","Start":"15/09/2021","End_":"15/03/2023","Meter_Id":"25","Description":null,"__networkId":"water","__networkName":"شبكة المياه","__layerId":"water_fire_hydrants","__layerName":"صنابير إطفاء الحريق","__assetName":"صنابير الحريق","__geometryKind":"point","__featureIndex":25,"__typeValue":"صنابير الحريق"},"geometry":{"type":"Point","coordinates":[31.561952846376997,30.274781677392863]}},{"type":"Feature","properties":{"GlobalID":"{99A4E577-4EC2-430D-A9C4-4A84C92696E9}","Easting":"031° 33' 34.2\" E","Northing":"30° 16' 26.49\" N","sectors":"القطاع الثالث","Implementing":"التوحيد","Start":"15/09/2021","End_":"15/03/2023","Meter_Id":"26","Description":null,"__networkId":"water","__networkName":"شبكة المياه","__layerId":"water_fire_hydrants","__layerName":"صنابير إطفاء الحريق","__assetName":"صنابير الحريق","__geometryKind":"point","__featureIndex":26,"__typeValue":"صنابير الحريق"},"geometry":{"type":"Point","coordinates":[31.56117795601968,30.274190214369167]}},{"type":"Feature","properties":{"GlobalID":"{8420988B-2294-4C6B-A352-50993DD96041}","Easting":"031° 33' 31.27\" E","Northing":"30° 16' 24.2\" N","sectors":"القطاع الثالث","Implementing":"التوحيد","Start":"15/09/2021","End_":"15/03/2023","Meter_Id":"27","Description":null,"__networkId":"water","__networkName":"شبكة المياه","__layerId":"water_fire_hydrants","__layerName":"صنابير إطفاء الحريق","__assetName":"صنابير الحريق","__geometryKind":"point","__featureIndex":27,"__typeValue":"صنابير الحريق"},"geometry":{"type":"Point","coordinates":[31.560362224656256,30.273555649964845]}},{"type":"Feature","properties":{"GlobalID":"{1241C29D-E8D1-44B8-A9BC-3265BFB49691}","Easting":"031° 33' 28.17\" E","Northing":"30° 16' 21.77\" N","sectors":"القطاع الثالث","Implementing":"التوحيد","Start":"15/09/2021","End_":"15/03/2023","Meter_Id":"28","Description":null,"__networkId":"water","__networkName":"شبكة المياه","__layerId":"water_fire_hydrants","__layerName":"صنابير إطفاء الحريق","__assetName":"صنابير الحريق","__geometryKind":"point","__featureIndex":28,"__typeValue":"صنابير الحريق"},"geometry":{"type":"Point","coordinates":[31.559501701496124,30.27288033949684]}},{"type":"Feature","properties":{"GlobalID":"{352C25DC-169B-44A2-A1E3-EABB79F5D500}","Easting":"031° 33' 25.2\" E","Northing":"30° 16' 19.44\" N","sectors":"القطاع الثالث","Implementing":"التوحيد","Start":"15/09/2021","End_":"15/03/2023","Meter_Id":"29","Description":null,"__networkId":"water","__networkName":"شبكة المياه","__layerId":"water_fire_hydrants","__layerName":"صنابير إطفاء الحريق","__assetName":"صنابير الحريق","__geometryKind":"point","__featureIndex":29,"__typeValue":"صنابير الحريق"},"geometry":{"type":"Point","coordinates":[31.558676968115257,30.272233162637516]}},{"type":"Feature","properties":{"GlobalID":"{E1521F46-00C3-4E2D-81EC-490AE94BEF98}","Easting":"031° 33' 18.08\" E","Northing":"30° 16' 31.58\" N","sectors":"القطاع الثالث","Implementing":"التوحيد","Start":"15/09/2021","End_":"15/03/2023","Meter_Id":"30","Description":null,"__networkId":"water","__networkName":"شبكة المياه","__layerId":"water_fire_hydrants","__layerName":"صنابير إطفاء الحريق","__assetName":"صنابير الحريق","__geometryKind":"point","__featureIndex":30,"__typeValue":"صنابير الحريق"},"geometry":{"type":"Point","coordinates":[31.556700137297632,30.275604423135153]}},{"type":"Feature","properties":{"GlobalID":"{AFF002E3-A695-4230-B97E-90941C4F41EC}","Easting":"031° 33' 15.47\" E","Northing":"30° 16' 29.55\" N","sectors":"القطاع الثالث","Implementing":"التوحيد","Start":"15/09/2021","End_":"15/03/2023","Meter_Id":"31","Description":null,"__networkId":"water","__networkName":"شبكة المياه","__layerId":"water_fire_hydrants","__layerName":"صنابير إطفاء الحريق","__assetName":"صنابير الحريق","__geometryKind":"point","__featureIndex":31,"__typeValue":"صنابير الحريق"},"geometry":{"type":"Point","coordinates":[31.555973250214144,30.275041238284214]}},{"type":"Feature","properties":{"GlobalID":"{456E83B3-CD1D-4C4E-BF0B-983E54B7730C}","Easting":"031° 33' 12.31\" E","Northing":"30° 16' 26.99\" N","sectors":"القطاع الثالث","Implementing":"التوحيد","Start":"15/09/2021","End_":"15/03/2023","Meter_Id":"32","Description":null,"__networkId":"water","__networkName":"شبكة المياه","__layerId":"water_fire_hydrants","__layerName":"صنابير إطفاء الحريق","__assetName":"صنابير الحريق","__geometryKind":"point","__featureIndex":32,"__typeValue":"صنابير الحريق"},"geometry":{"type":"Point","coordinates":[31.55509739550708,30.274331371303102]}},{"type":"Feature","properties":{"GlobalID":"{D10A9617-44C9-404C-AE22-ECD0833B031C}","Easting":"031° 33' 9.74\" E","Northing":"30° 16' 24.04\" N","sectors":"القطاع الثالث","Implementing":"التوحيد","Start":"15/09/2021","End_":"15/03/2023","Meter_Id":"33","Description":null,"__networkId":"water","__networkName":"شبكة المياه","__layerId":"water_fire_hydrants","__layerName":"صنابير إطفاء الحريق","__assetName":"صنابير الحريق","__geometryKind":"point","__featureIndex":33,"__typeValue":"صنابير الحريق"},"geometry":{"type":"Point","coordinates":[31.554382919547525,30.273511925274267]}},{"type":"Feature","properties":{"GlobalID":"{5229E3EA-ED6B-4502-AC79-79BFBA9E2463}","Easting":"031° 33' 7.56\" E","Northing":"30° 16' 19.02\" N","sectors":"القطاع الثالث","Implementing":"التوحيد","Start":"15/09/2021","End_":"15/03/2023","Meter_Id":"34","Description":null,"__networkId":"water","__networkName":"شبكة المياه","__layerId":"water_fire_hydrants","__layerName":"صنابير إطفاء الحريق","__assetName":"صنابير الحريق","__geometryKind":"point","__featureIndex":34,"__typeValue":"صنابير الحريق"},"geometry":{"type":"Point","coordinates":[31.5537782635298,30.272115406908167]}},{"type":"Feature","properties":{"GlobalID":"{9169D872-3781-43C5-8632-E33FE6AEC134}","Easting":"031° 33' 5.39\" E","Northing":"30° 16' 18.67\" N","sectors":"القطاع الثالث","Implementing":"التوحيد","Start":"15/09/2021","End_":"15/03/2023","Meter_Id":"35","Description":null,"__networkId":"water","__networkName":"شبكة المياه","__layerId":"water_fire_hydrants","__layerName":"صنابير إطفاء الحريق","__assetName":"صنابير الحريق","__geometryKind":"point","__featureIndex":35,"__typeValue":"صنابير الحريق"},"geometry":{"type":"Point","coordinates":[31.55317446540313,30.272018627733114]}},{"type":"Feature","properties":{"GlobalID":"{55A9C710-3A63-42DC-840D-FF0F393208C0}","Easting":"031° 33' 24.63\" E","Northing":"30° 16' 15.96\" N","sectors":"القطاع الاول","Implementing":"اولاد حجازي","Start":"21/09/2021","End_":"20/09/2022","Meter_Id":"36","Description":null,"__networkId":"water","__networkName":"شبكة المياه","__layerId":"water_fire_hydrants","__layerName":"صنابير إطفاء الحريق","__assetName":"صنابير الحريق","__geometryKind":"point","__featureIndex":36,"__typeValue":"صنابير الحريق"},"geometry":{"type":"Point","coordinates":[31.558519707244983,30.271266017122688]}},{"type":"Feature","properties":{"GlobalID":"{F45F0DFE-6391-4DC0-8648-19975FBE112F}","Easting":"031° 33' 26.4\" E","Northing":"30° 16' 17.31\" N","sectors":"القطاع الاول","Implementing":"اولاد حجازي","Start":"21/09/2021","End_":"20/09/2022","Meter_Id":"37","Description":null,"__networkId":"water","__networkName":"شبكة المياه","__layerId":"water_fire_hydrants","__layerName":"صنابير إطفاء الحريق","__assetName":"صنابير الحريق","__geometryKind":"point","__featureIndex":37,"__typeValue":"صنابير الحريق"},"geometry":{"type":"Point","coordinates":[31.559011418980344,30.271641290137367]}},{"type":"Feature","properties":{"GlobalID":"{8802E3B6-4CF4-4339-BCD7-C9C56C80FACD}","Easting":"031° 33' 26.97\" E","Northing":"30° 16' 13.08\" N","sectors":"القطاع الاول","Implementing":"اولاد حجازي","Start":"21/09/2021","End_":"20/09/2022","Meter_Id":"38","Description":null,"__networkId":"water","__networkName":"شبكة المياه","__layerId":"water_fire_hydrants","__layerName":"صنابير إطفاء الحريق","__assetName":"صنابير الحريق","__geometryKind":"point","__featureIndex":38,"__typeValue":"صنابير الحريق"},"geometry":{"type":"Point","coordinates":[31.55916878136026,30.270467350294794]}},{"type":"Feature","properties":{"GlobalID":"{6ADEA2FD-F0A0-4D0B-92D6-5D34CA2DE63D}","Easting":"031° 33' 2.28\" E","Northing":"30° 16' 19.39\" N","sectors":"القطاع الثاني","Implementing":"عوض خليفة","Start":"18/09/2021","End_":"28/10/2023","Meter_Id":"39","Description":null,"__networkId":"water","__networkName":"شبكة المياه","__layerId":"water_fire_hydrants","__layerName":"صنابير إطفاء الحريق","__assetName":"صنابير الحريق","__geometryKind":"point","__featureIndex":39,"__typeValue":"صنابير الحريق"},"geometry":{"type":"Point","coordinates":[31.552310798139526,30.27221802404172]}},{"type":"Feature","properties":{"GlobalID":"{D0132F95-1693-4531-B141-E1D5B5041EE5}","Easting":"031° 33' 4.6\" E","Northing":"30° 16' 15.19\" N","sectors":"القطاع الثاني","Implementing":"عوض خليفة","Start":"18/09/2021","End_":"28/10/2023","Meter_Id":"40","Description":null,"__networkId":"water","__networkName":"شبكة المياه","__layerId":"water_fire_hydrants","__layerName":"صنابير إطفاء الحريق","__assetName":"صنابير الحريق","__geometryKind":"point","__featureIndex":40,"__typeValue":"صنابير الحريق"},"geometry":{"type":"Point","coordinates":[31.552955182150725,30.2710512380455]}},{"type":"Feature","properties":{"GlobalID":"{ADA48C3A-3223-41B7-8890-084C61CB7520}","Easting":"031° 33' 6.88\" E","Northing":"30° 16' 10.92\" N","sectors":"القطاع الثاني","Implementing":"عوض خليفة","Start":"18/09/2021","End_":"28/10/2023","Meter_Id":"41","Description":null,"__networkId":"water","__networkName":"شبكة المياه","__layerId":"water_fire_hydrants","__layerName":"صنابير إطفاء الحريق","__assetName":"صنابير الحريق","__geometryKind":"point","__featureIndex":41,"__typeValue":"صنابير الحريق"},"geometry":{"type":"Point","coordinates":[31.55358669510051,30.26986749617122]}},{"type":"Feature","properties":{"GlobalID":"{64035D68-EB2F-4255-971A-C416481A407A}","Easting":"031° 33' 8.96\" E","Northing":"30° 16' 6.5\" N","sectors":"القطاع الثاني","Implementing":"عوض خليفة","Start":"18/09/2021","End_":"28/10/2023","Meter_Id":"42","Description":null,"__networkId":"water","__networkName":"شبكة المياه","__layerId":"water_fire_hydrants","__layerName":"صنابير إطفاء الحريق","__assetName":"صنابير الحريق","__geometryKind":"point","__featureIndex":42,"__typeValue":"صنابير الحريق"},"geometry":{"type":"Point","coordinates":[31.554164576831216,30.268637300016945]}},{"type":"Feature","properties":{"GlobalID":"{33E6B1C0-52C6-48D3-ABAB-EFD9FB021F23}","Easting":"031° 33' 11.69\" E","Northing":"30° 16' 8.12\" N","sectors":"القطاع الثالث","Implementing":"التوحيد","Start":"15/09/2021","End_":"15/03/2023","Meter_Id":"43","Description":null,"__networkId":"water","__networkName":"شبكة المياه","__layerId":"water_fire_hydrants","__layerName":"صنابير إطفاء الحريق","__assetName":"صنابير الحريق","__geometryKind":"point","__featureIndex":43,"__typeValue":"صنابير الحريق"},"geometry":{"type":"Point","coordinates":[31.554925248654236,30.26908780213862]}},{"type":"Feature","properties":{"GlobalID":"{71E4066E-79E0-4798-A76B-939449DCF217}","Easting":"031° 33' 9.43\" E","Northing":"30° 16' 11.06\" N","sectors":"القطاع الثالث","Implementing":"التوحيد","Start":"15/09/2021","End_":"15/03/2023","Meter_Id":"44","Description":null,"__networkId":"water","__networkName":"شبكة المياه","__layerId":"water_fire_hydrants","__layerName":"صنابير إطفاء الحريق","__assetName":"صنابير الحريق","__geometryKind":"point","__featureIndex":44,"__typeValue":"صنابير الحريق"},"geometry":{"type":"Point","coordinates":[31.554296828603963,30.26990522369537]}},{"type":"Feature","properties":{"GlobalID":"{E9268AA5-5E6C-4539-8FAD-F70490C78C05}","Easting":"031° 33' 8.26\" E","Northing":"30° 16' 14.91\" N","sectors":"القطاع الثالث","Implementing":"التوحيد","Start":"15/09/2021","End_":"15/03/2023","Meter_Id":"45","Description":null,"__networkId":"water","__networkName":"شبكة المياه","__layerId":"water_fire_hydrants","__layerName":"صنابير إطفاء الحريق","__assetName":"صنابير الحريق","__geometryKind":"point","__featureIndex":45,"__typeValue":"صنابير الحريق"},"geometry":{"type":"Point","coordinates":[31.553971029413347,30.27097451150095]}},{"type":"Feature","properties":{"GlobalID":"{321B67B9-31D0-463B-B7DE-88A851C4BAA6}","Easting":"031° 33' 3.99\" E","Northing":"30° 16' 22.45\" N","sectors":"القطاع الثالث","Implementing":"التوحيد","Start":"15/09/2021","End_":"15/03/2023","Meter_Id":"46","Description":null,"__networkId":"water","__networkName":"شبكة المياه","__layerId":"water_fire_hydrants","__layerName":"صنابير إطفاء الحريق","__assetName":"صنابير الحريق","__geometryKind":"point","__featureIndex":46,"__typeValue":"صنابير الحريق"},"geometry":{"type":"Point","coordinates":[31.552785658378507,30.27306958097295]}},{"type":"Feature","properties":{"GlobalID":"{9FD9FB9F-A7DC-47BE-8373-19DFE96DB739}","Easting":"031° 32' 58.77\" E","Northing":"30° 16' 18.35\" N","sectors":"القطاع الثاني","Implementing":"عوض خليفة","Start":"18/09/2021","End_":"28/10/2023","Meter_Id":"47","Description":null,"__networkId":"water","__networkName":"شبكة المياه","__layerId":"water_fire_hydrants","__layerName":"صنابير إطفاء الحريق","__assetName":"صنابير الحريق","__geometryKind":"point","__featureIndex":47,"__typeValue":"صنابير الحريق"},"geometry":{"type":"Point","coordinates":[31.55133394584507,30.271929322745304]}},{"type":"Feature","properties":{"GlobalID":"{8B2BBCC3-A967-42C5-9994-E38E0877C5BD}","Easting":"031° 32' 55.99\" E","Northing":"30° 16' 16.16\" N","sectors":"القطاع الثاني","Implementing":"عوض خليفة","Start":"18/09/2021","End_":"28/10/2023","Meter_Id":"48","Description":null,"__networkId":"water","__networkName":"شبكة المياه","__layerId":"water_fire_hydrants","__layerName":"صنابير إطفاء الحريق","__assetName":"صنابير الحريق","__geometryKind":"point","__featureIndex":48,"__typeValue":"صنابير الحريق"},"geometry":{"type":"Point","coordinates":[31.550562211269316,30.271323128953767]}},{"type":"Feature","properties":{"GlobalID":"{C0A63D18-3F0A-48D7-868E-C7F0310D100D}","Easting":"031° 32' 52.28\" E","Northing":"30° 16' 13.25\" N","sectors":"القطاع الثاني","Implementing":"عوض خليفة","Start":"18/09/2021","End_":"28/10/2023","Meter_Id":"49","Description":null,"__networkId":"water","__networkName":"شبكة المياه","__layerId":"water_fire_hydrants","__layerName":"صنابير إطفاء الحريق","__assetName":"صنابير الحريق","__geometryKind":"point","__featureIndex":49,"__typeValue":"صنابير الحريق"},"geometry":{"type":"Point","coordinates":[31.54953245179788,30.270514241746604]}},{"type":"Feature","properties":{"GlobalID":"{A19AF47B-64BF-42F4-B798-493BC75AD636}","Easting":"031° 33' 0.86\" E","Northing":"30° 15' 46.43\" N","sectors":"القطاع الثاني","Implementing":"عوض خليفة","Start":"18/09/2021","End_":"28/10/2023","Meter_Id":"50","Description":null,"__networkId":"water","__networkName":"شبكة المياه","__layerId":"water_fire_hydrants","__layerName":"صنابير إطفاء الحريق","__assetName":"صنابير الحريق","__geometryKind":"point","__featureIndex":50,"__typeValue":"صنابير الحريق"},"geometry":{"type":"Point","coordinates":[31.551916840175043,30.263063522025394]}},{"type":"Feature","properties":{"GlobalID":"{4C429374-8F01-4E24-8649-26184249BE2C}","Easting":"031° 32' 59.31\" E","Northing":"30° 15' 50.97\" N","sectors":"القطاع الثاني","Implementing":"عوض خليفة","Start":"18/09/2021","End_":"28/10/2023","Meter_Id":"51","Description":null,"__networkId":"water","__networkName":"شبكة المياه","__layerId":"water_fire_hydrants","__layerName":"صنابير إطفاء الحريق","__assetName":"صنابير الحريق","__geometryKind":"point","__featureIndex":51,"__typeValue":"صنابير الحريق"},"geometry":{"type":"Point","coordinates":[31.551485015526417,30.264325173286533]}},{"type":"Feature","properties":{"GlobalID":"{BC649F23-E200-453A-AE42-DCA93738E817}","Easting":"031° 32' 58.01\" E","Northing":"30° 15' 55.55\" N","sectors":"القطاع الثاني","Implementing":"عوض خليفة","Start":"18/09/2021","End_":"28/10/2023","Meter_Id":"52","Description":null,"__networkId":"water","__networkName":"شبكة المياه","__layerId":"water_fire_hydrants","__layerName":"صنابير إطفاء الحريق","__assetName":"صنابير الحريق","__geometryKind":"point","__featureIndex":52,"__typeValue":"صنابير الحريق"},"geometry":{"type":"Point","coordinates":[31.55112284804151,30.265596622360277]}},{"type":"Feature","properties":{"GlobalID":"{057D3C92-F1FA-4B43-8335-26D754F3D88E}","Easting":"031° 32' 56.3\" E","Northing":"30° 16' 0.09\" N","sectors":"القطاع الثاني","Implementing":"عوض خليفة","Start":"18/09/2021","End_":"28/10/2023","Meter_Id":"53","Description":null,"__networkId":"water","__networkName":"شبكة المياه","__layerId":"water_fire_hydrants","__layerName":"صنابير إطفاء الحريق","__assetName":"صنابير الحريق","__geometryKind":"point","__featureIndex":53,"__typeValue":"صنابير الحريق"},"geometry":{"type":"Point","coordinates":[31.550650098843445,30.266857127709226]}},{"type":"Feature","properties":{"GlobalID":"{DCFFBC9E-6948-45C6-A525-D67FA524AB88}","Easting":"031° 32' 54.38\" E","Northing":"30° 16' 4.55\" N","sectors":"القطاع الثاني","Implementing":"عوض خليفة","Start":"18/09/2021","End_":"28/10/2023","Meter_Id":"54","Description":null,"__networkId":"water","__networkName":"شبكة المياه","__layerId":"water_fire_hydrants","__layerName":"صنابير إطفاء الحريق","__assetName":"صنابير الحريق","__geometryKind":"point","__featureIndex":54,"__typeValue":"صنابير الحريق"},"geometry":{"type":"Point","coordinates":[31.55011511975242,30.268096643225338]}},{"type":"Feature","properties":{"GlobalID":"{D19C0E69-1493-4B6D-B2ED-AD32166D92EA}","Easting":"031° 32' 52.02\" E","Northing":"30° 16' 8.85\" N","sectors":"القطاع الثاني","Implementing":"عوض خليفة","Start":"18/09/2021","End_":"28/10/2023","Meter_Id":"55","Description":null,"__networkId":"water","__networkName":"شبكة المياه","__layerId":"water_fire_hydrants","__layerName":"صنابير إطفاء الحريق","__assetName":"صنابير الحريق","__geometryKind":"point","__featureIndex":55,"__typeValue":"صنابير الحريق"},"geometry":{"type":"Point","coordinates":[31.54946083361185,30.269291340426072]}},{"type":"Feature","properties":{"GlobalID":"{F6243C02-28D2-4179-9414-16BCF45AF9EC}","Easting":"031° 33' 24.67\" E","Northing":"30° 16' 25.45\" N","sectors":"القطاع الثالث","Implementing":"التوحيد","Start":"15/09/2021","End_":"15/03/2023","Meter_Id":"56","Description":null,"__networkId":"water","__networkName":"شبكة المياه","__layerId":"water_fire_hydrants","__layerName":"صنابير إطفاء الحريق","__assetName":"صنابير الحريق","__geometryKind":"point","__featureIndex":56,"__typeValue":"صنابير الحريق"},"geometry":{"type":"Point","coordinates":[31.55853040618001,30.27390181523202]}},{"type":"Feature","properties":{"GlobalID":"{595B0AF2-43FF-4F43-946B-B829093F4198}","Easting":"031° 33' 22.49\" E","Northing":"30° 16' 27.39\" N","sectors":"القطاع الثالث","Implementing":"التوحيد","Start":"15/09/2021","End_":"15/03/2023","Meter_Id":"57","Description":null,"__networkId":"water","__networkName":"شبكة المياه","__layerId":"water_fire_hydrants","__layerName":"صنابير إطفاء الحريق","__assetName":"صنابير الحريق","__geometryKind":"point","__featureIndex":57,"__typeValue":"صنابير الحريق"},"geometry":{"type":"Point","coordinates":[31.557925507617135,30.274441415990545]}},{"type":"Feature","properties":{"GlobalID":"{8F6CE8FB-21C2-49BA-9712-BD1A40B85A25}","Easting":"031° 33' 19.59\" E","Northing":"30° 16' 25.06\" N","sectors":"القطاع الثالث","Implementing":"التوحيد","Start":"15/09/2021","End_":"15/03/2023","Meter_Id":"58","Description":null,"__networkId":"water","__networkName":"شبكة المياه","__layerId":"water_fire_hydrants","__layerName":"صنابير إطفاء الحريق","__assetName":"صنابير الحريق","__geometryKind":"point","__featureIndex":58,"__typeValue":"صنابير الحريق"},"geometry":{"type":"Point","coordinates":[31.557118194366247,30.27379535029649]}},{"type":"Feature","properties":{"GlobalID":"{B42E34AD-68CA-49F0-9913-040870BD96F3}","Easting":"031° 33' 22.02\" E","Northing":"30° 16' 22.76\" N","sectors":"القطاع الثالث","Implementing":"التوحيد","Start":"15/09/2021","End_":"15/03/2023","Meter_Id":"59","Description":null,"__networkId":"water","__networkName":"شبكة المياه","__layerId":"water_fire_hydrants","__layerName":"صنابير إطفاء الحريق","__assetName":"صنابير الحريق","__geometryKind":"point","__featureIndex":59,"__typeValue":"صنابير الحريق"},"geometry":{"type":"Point","coordinates":[31.55779369062898,30.273154864656902]}},{"type":"Feature","properties":{"GlobalID":"{FE18CA7C-A0EC-45FA-915E-910482632455}","Easting":"031° 33' 16.76\" E","Northing":"30° 16' 22.87\" N","sectors":"القطاع الثالث","Implementing":"التوحيد","Start":"15/09/2021","End_":"15/03/2023","Meter_Id":"60","Description":null,"__networkId":"water","__networkName":"شبكة المياه","__layerId":"water_fire_hydrants","__layerName":"صنابير إطفاء الحريق","__assetName":"صنابير الحريق","__geometryKind":"point","__featureIndex":60,"__typeValue":"صنابير الحريق"},"geometry":{"type":"Point","coordinates":[31.55633348632118,30.27318512448924]}},{"type":"Feature","properties":{"GlobalID":"{F8E5FE4A-9729-4526-9EAA-7E6EA46130D1}","Easting":"031° 33' 22.01\" E","Northing":"30° 16' 11.5\" N","sectors":"القطاع الثالث","Implementing":"التوحيد","Start":"15/09/2021","End_":"15/03/2023","Meter_Id":"61","Description":null,"__networkId":"water","__networkName":"شبكة المياه","__layerId":"water_fire_hydrants","__layerName":"صنابير إطفاء الحريق","__assetName":"صنابير الحريق","__geometryKind":"point","__featureIndex":61,"__typeValue":"صنابير الحريق"},"geometry":{"type":"Point","coordinates":[31.55778952424271,30.27002702341838]}},{"type":"Feature","properties":{"GlobalID":"{E23FE283-2F6F-4B40-848A-5837CA65A614}","Easting":"031° 33' 13.38\" E","Northing":"30° 16' 19.2\" N","sectors":"القطاع الثالث","Implementing":"التوحيد","Start":"15/09/2021","End_":"15/03/2023","Meter_Id":"62","Description":null,"__networkId":"water","__networkName":"شبكة المياه","__layerId":"water_fire_hydrants","__layerName":"صنابير إطفاء الحريق","__assetName":"صنابير الحريق","__geometryKind":"point","__featureIndex":62,"__typeValue":"صنابير الحريق"},"geometry":{"type":"Point","coordinates":[31.555393563768035,30.27216737377291]}},{"type":"Feature","properties":{"GlobalID":"{E7702827-1ECE-4DA2-9041-9A04D623E52F}","Easting":"031° 33' 14.33\" E","Northing":"30° 16' 16.55\" N","sectors":"القطاع الثالث","Implementing":"التوحيد","Start":"15/09/2021","End_":"15/03/2023","Meter_Id":"63","Description":null,"__networkId":"water","__networkName":"شبكة المياه","__layerId":"water_fire_hydrants","__layerName":"صنابير إطفاء الحريق","__assetName":"صنابير الحريق","__geometryKind":"point","__featureIndex":63,"__typeValue":"صنابير الحريق"},"geometry":{"type":"Point","coordinates":[31.555658267637845,30.2714296803601]}},{"type":"Feature","properties":{"GlobalID":"{341621DA-D3AF-4959-9504-3B7781C51F8A}","Easting":"031° 33' 16.04\" E","Northing":"30° 16' 13.65\" N","sectors":"القطاع الثالث","Implementing":"التوحيد","Start":"15/09/2021","End_":"15/03/2023","Meter_Id":"64","Description":null,"__networkId":"water","__networkName":"شبكة المياه","__layerId":"water_fire_hydrants","__layerName":"صنابير إطفاء الحريق","__assetName":"صنابير الحريق","__geometryKind":"point","__featureIndex":64,"__typeValue":"صنابير الحريق"},"geometry":{"type":"Point","coordinates":[31.556131854065747,30.27062544360232]}},{"type":"Feature","properties":{"GlobalID":"{F3108D58-2E91-45EC-B15B-44A700C90412}","Easting":"031° 33' 17.91\" E","Northing":"30° 16' 10.34\" N","sectors":"القطاع الثالث","Implementing":"التوحيد","Start":"15/09/2021","End_":"15/03/2023","Meter_Id":"65","Description":null,"__networkId":"water","__networkName":"شبكة المياه","__layerId":"water_fire_hydrants","__layerName":"صنابير إطفاء الحريق","__assetName":"صنابير الحريق","__geometryKind":"point","__featureIndex":65,"__typeValue":"صنابير الحريق"},"geometry":{"type":"Point","coordinates":[31.556651289607426,30.269705094174213]}},{"type":"Feature","properties":{"GlobalID":"{70C69EB0-ACF2-47C0-AF3E-C516033E09A3}","Easting":"031° 33' 20.41\" E","Northing":"30° 16' 14.45\" N","sectors":"القطاع الثالث","Implementing":"التوحيد","Start":"15/09/2021","End_":"15/03/2023","Meter_Id":"66","Description":null,"__networkId":"water","__networkName":"شبكة المياه","__layerId":"water_fire_hydrants","__layerName":"صنابير إطفاء الحريق","__assetName":"صنابير الحريق","__geometryKind":"point","__featureIndex":66,"__typeValue":"صنابير الحريق"},"geometry":{"type":"Point","coordinates":[31.557347497427376,30.27084762039291]}},{"type":"Feature","properties":{"GlobalID":"{3ADAF923-3F5B-4B56-B222-B330C64DE6B3}","Easting":"031° 33' 19.21\" E","Northing":"30° 16' 20.55\" N","sectors":"القطاع الثالث","Implementing":"التوحيد","Start":"15/09/2021","End_":"15/03/2023","Meter_Id":"67","Description":null,"__networkId":"water","__networkName":"شبكة المياه","__layerId":"water_fire_hydrants","__layerName":"صنابير إطفاء الحريق","__assetName":"صنابير الحريق","__geometryKind":"point","__featureIndex":67,"__typeValue":"صنابير الحريق"},"geometry":{"type":"Point","coordinates":[31.557013041172336,30.272540932661816]}},{"type":"Feature","properties":{"GlobalID":"{5C46A74C-6480-4995-9976-DD189EA7640C}","Easting":"031° 33' 18.83\" E","Northing":"30° 16' 17.31\" N","sectors":"القطاع الثالث","Implementing":"التوحيد","Start":"15/09/2021","End_":"15/03/2023","Meter_Id":"68","Description":null,"__networkId":"water","__networkName":"شبكة المياه","__layerId":"water_fire_hydrants","__layerName":"صنابير إطفاء الحريق","__assetName":"صنابير الحريق","__geometryKind":"point","__featureIndex":68,"__typeValue":"صنابير الحريق"},"geometry":{"type":"Point","coordinates":[31.55690828593211,30.271642318882137]}},{"type":"Feature","properties":{"GlobalID":"{1EF9C9B6-8C92-4757-ADE4-094C33654FBB}","Easting":"031° 33' 51.25\" E","Northing":"30° 16' 33.87\" N","sectors":"القطاع الاول","Implementing":"اولاد حجازي","Start":"21/09/2021","End_":"20/09/2022","Meter_Id":"69","Description":null,"__networkId":"water","__networkName":"شبكة المياه","__layerId":"water_fire_hydrants","__layerName":"صنابير إطفاء الحريق","__assetName":"صنابير الحريق","__geometryKind":"point","__featureIndex":69,"__typeValue":"صنابير الحريق"},"geometry":{"type":"Point","coordinates":[31.565913534634383,30.276241061942667]}},{"type":"Feature","properties":{"GlobalID":"{D02FFEDC-9599-443D-B9AF-9F098ADD6AB0}","Easting":"031° 33' 46.36\" E","Northing":"30° 16' 30.0\" N","sectors":"القطاع الاول","Implementing":"اولاد حجازي","Start":"21/09/2021","End_":"20/09/2022","Meter_Id":"70","Description":null,"__networkId":"water","__networkName":"شبكة المياه","__layerId":"water_fire_hydrants","__layerName":"صنابير إطفاء الحريق","__assetName":"صنابير الحريق","__geometryKind":"point","__featureIndex":70,"__typeValue":"صنابير الحريق"},"geometry":{"type":"Point","coordinates":[31.564556275461488,30.275166791150472]}},{"type":"Feature","properties":{"GlobalID":"{3D94D80C-0C16-42C6-98F3-4F122F1B99F3}","Easting":"031° 33' 57.51\" E","Northing":"30° 16' 32.4\" N","sectors":"القطاع الاول","Implementing":"اولاد حجازي","Start":"21/09/2021","End_":"20/09/2022","Meter_Id":"71","Description":null,"__networkId":"water","__networkName":"شبكة المياه","__layerId":"water_fire_hydrants","__layerName":"صنابير إطفاء الحريق","__assetName":"صنابير الحريق","__geometryKind":"point","__featureIndex":71,"__typeValue":"صنابير الحريق"},"geometry":{"type":"Point","coordinates":[31.56765217715439,30.27583342028516]}},{"type":"Feature","properties":{"GlobalID":"{FBE16765-8257-40A7-A1A7-E6A04A5872BD}","Easting":"031° 34' 1.49\" E","Northing":"30° 16' 28.95\" N","sectors":"القطاع الاول","Implementing":"اولاد حجازي","Start":"21/09/2021","End_":"20/09/2022","Meter_Id":"72","Description":null,"__networkId":"water","__networkName":"شبكة المياه","__layerId":"water_fire_hydrants","__layerName":"صنابير إطفاء الحريق","__assetName":"صنابير الحريق","__geometryKind":"point","__featureIndex":72,"__typeValue":"صنابير الحريق"},"geometry":{"type":"Point","coordinates":[31.568759067772742,30.274874357619154]}},{"type":"Feature","properties":{"GlobalID":"{543EAEB3-8E90-46B0-84F8-540F645AA0CC}","Easting":"031° 33' 53.12\" E","Northing":"30° 16' 20.97\" N","sectors":"القطاع الاول","Implementing":"اولاد حجازي","Start":"21/09/2021","End_":"20/09/2022","Meter_Id":"73","Description":null,"__networkId":"water","__networkName":"شبكة المياه","__layerId":"water_fire_hydrants","__layerName":"صنابير إطفاء الحريق","__assetName":"صنابير الحريق","__geometryKind":"point","__featureIndex":73,"__typeValue":"صنابير الحريق"},"geometry":{"type":"Point","coordinates":[31.566432572222386,30.272657211499695]}},{"type":"Feature","properties":{"GlobalID":"{39E34E87-A2D9-447C-84D3-E009F861AD68}","Easting":"031° 33' 59.61\" E","Northing":"30° 16' 27.24\" N","sectors":"القطاع الاول","Implementing":"اولاد حجازي","Start":"21/09/2021","End_":"20/09/2022","Meter_Id":"74","Description":null,"__networkId":"water","__networkName":"شبكة المياه","__layerId":"water_fire_hydrants","__layerName":"صنابير إطفاء الحريق","__assetName":"صنابير الحريق","__geometryKind":"point","__featureIndex":74,"__typeValue":"صنابير الحريق"},"geometry":{"type":"Point","coordinates":[31.568234474104692,30.27439882591981]}},{"type":"Feature","properties":{"GlobalID":"{F0ECE08E-13EA-4C55-9215-E176C322CE10}","Easting":"031° 33' 35.83\" E","Northing":"30° 16' 17.52\" N","sectors":"القطاع الاول","Implementing":"اولاد حجازي","Start":"21/09/2021","End_":"20/09/2022","Meter_Id":"75","Description":null,"__networkId":"water","__networkName":"شبكة المياه","__layerId":"water_fire_hydrants","__layerName":"صنابير إطفاء الحريق","__assetName":"صنابير الحريق","__geometryKind":"point","__featureIndex":75,"__typeValue":"صنابير الحريق"},"geometry":{"type":"Point","coordinates":[31.561630009830214,30.27169983625084]}},{"type":"Feature","properties":{"GlobalID":"{1AF0BE98-E861-4EF6-AAA0-0C9DF20FAA95}","Easting":"031° 33' 33.21\" E","Northing":"30° 16' 20.05\" N","sectors":"القطاع الاول","Implementing":"اولاد حجازي","Start":"21/09/2021","End_":"20/09/2022","Meter_Id":"76","Description":null,"__networkId":"water","__networkName":"شبكة المياه","__layerId":"water_fire_hydrants","__layerName":"صنابير إطفاء الحريق","__assetName":"صنابير الحريق","__geometryKind":"point","__featureIndex":76,"__typeValue":"صنابير الحريق"},"geometry":{"type":"Point","coordinates":[31.56090175012093,30.272401254968532]}},{"type":"Feature","properties":{"GlobalID":"{1274D1FE-88FC-4FE4-B4F0-141CDB326C3C}","Easting":"031° 33' 38.07\" E","Northing":"30° 16' 11.44\" N","sectors":"القطاع الاول","Implementing":"اولاد حجازي","Start":"21/09/2021","End_":"20/09/2022","Meter_Id":"77","Description":null,"__networkId":"water","__networkName":"شبكة المياه","__layerId":"water_fire_hydrants","__layerName":"صنابير إطفاء الحريق","__assetName":"صنابير الحريق","__geometryKind":"point","__featureIndex":77,"__typeValue":"صنابير الحريق"},"geometry":{"type":"Point","coordinates":[31.562251025067585,30.2700099650578]}},{"type":"Feature","properties":{"GlobalID":"{2F496EFE-BE98-4AE2-8E09-66CE3A7A44C6}","Easting":"031° 33' 48.84\" E","Northing":"30° 16' 31.99\" N","sectors":"القطاع الاول","Implementing":"اولاد حجازي","Start":"21/09/2021","End_":"20/09/2022","Meter_Id":"78","Description":null,"__networkId":"water","__networkName":"شبكة المياه","__layerId":"water_fire_hydrants","__layerName":"صنابير إطفاء الحريق","__assetName":"صنابير الحريق","__geometryKind":"point","__featureIndex":78,"__typeValue":"صنابير الحريق"},"geometry":{"type":"Point","coordinates":[31.565245077570204,30.275719923326264]}},{"type":"Feature","properties":{"GlobalID":"{29B010C2-8EEA-47B1-A6C3-A1673DC71571}","Easting":"031° 33' 44.02\" E","Northing":"30° 16' 28.21\" N","sectors":"القطاع الاول","Implementing":"اولاد حجازي","Start":"21/09/2021","End_":"20/09/2022","Meter_Id":"79","Description":null,"__networkId":"water","__networkName":"شبكة المياه","__layerId":"water_fire_hydrants","__layerName":"صنابير إطفاء الحريق","__assetName":"صنابير الحريق","__geometryKind":"point","__featureIndex":79,"__typeValue":"صنابير الحريق"},"geometry":{"type":"Point","coordinates":[31.56390564726077,30.274670415854068]}},{"type":"Feature","properties":{"GlobalID":"{817A753A-3492-4CD5-AE19-0F3CBC1F4EA5}","Easting":"031° 33' 41.53\" E","Northing":"30° 16' 26.26\" N","sectors":"القطاع الاول","Implementing":"اولاد حجازي","Start":"21/09/2021","End_":"20/09/2022","Meter_Id":"80","Description":null,"__networkId":"water","__networkName":"شبكة المياه","__layerId":"water_fire_hydrants","__layerName":"صنابير إطفاء الحريق","__assetName":"صنابير الحريق","__geometryKind":"point","__featureIndex":80,"__typeValue":"صنابير الحريق"},"geometry":{"type":"Point","coordinates":[31.563213111753722,30.27412737177589]}},{"type":"Feature","properties":{"GlobalID":"{C5E018D3-7868-4561-ADAF-A4893D5B2B5F}","Easting":"031° 33' 39.23\" E","Northing":"30° 16' 24.51\" N","sectors":"القطاع الاول","Implementing":"اولاد حجازي","Start":"21/09/2021","End_":"20/09/2022","Meter_Id":"81","Description":null,"__networkId":"water","__networkName":"شبكة المياه","__layerId":"water_fire_hydrants","__layerName":"صنابير إطفاء الحريق","__assetName":"صنابير الحريق","__geometryKind":"point","__featureIndex":81,"__typeValue":"صنابير الحريق"},"geometry":{"type":"Point","coordinates":[31.56257449402836,30.273640998394484]}},{"type":"Feature","properties":{"GlobalID":"{9118DED6-1B37-4448-897D-41DDAD893251}","Easting":"031° 33' 53.68\" E","Northing":"30° 16' 35.57\" N","sectors":"القطاع الاول","Implementing":"اولاد حجازي","Start":"21/09/2021","End_":"20/09/2022","Meter_Id":"82","Description":null,"__networkId":"water","__networkName":"شبكة المياه","__layerId":"water_fire_hydrants","__layerName":"صنابير إطفاء الحريق","__assetName":"صنابير الحريق","__geometryKind":"point","__featureIndex":82,"__typeValue":"صنابير الحريق"},"geometry":{"type":"Point","coordinates":[31.566589490834534,30.276712218595165]}},{"type":"Feature","properties":{"GlobalID":"{13D81736-C399-49D0-A77F-6A3634437410}","Easting":"031° 33' 48.96\" E","Northing":"30° 16' 16.86\" N","sectors":"القطاع الاول","Implementing":"اولاد حجازي","Start":"21/09/2021","End_":"20/09/2022","Meter_Id":"83","Description":null,"__networkId":"water","__networkName":"شبكة المياه","__layerId":"water_fire_hydrants","__layerName":"صنابير إطفاء الحريق","__assetName":"صنابير الحريق","__geometryKind":"point","__featureIndex":83,"__typeValue":"صنابير الحريق"},"geometry":{"type":"Point","coordinates":[31.5652774097339,30.27151631463145]}},{"type":"Feature","properties":{"GlobalID":"{DCC1CD23-F0AF-489F-9BAD-F525965FD1B8}","Easting":"031° 33' 50.95\" E","Northing":"30° 16' 18.73\" N","sectors":"القطاع الاول","Implementing":"اولاد حجازي","Start":"21/09/2021","End_":"20/09/2022","Meter_Id":"84","Description":null,"__networkId":"water","__networkName":"شبكة المياه","__layerId":"water_fire_hydrants","__layerName":"صنابير إطفاء الحريق","__assetName":"صنابير الحريق","__geometryKind":"point","__featureIndex":84,"__typeValue":"صنابير الحريق"},"geometry":{"type":"Point","coordinates":[31.5658303066216,30.272035933232]}},{"type":"Feature","properties":{"GlobalID":"{546B7FE6-BA74-4F14-BC45-E9B8C56381FB}","Easting":"031° 33' 55.28\" E","Northing":"30° 16' 23.05\" N","sectors":"القطاع الاول","Implementing":"اولاد حجازي","Start":"21/09/2021","End_":"20/09/2022","Meter_Id":"85","Description":null,"__networkId":"water","__networkName":"شبكة المياه","__layerId":"water_fire_hydrants","__layerName":"صنابير إطفاء الحريق","__assetName":"صنابير الحريق","__geometryKind":"point","__featureIndex":85,"__typeValue":"صنابير الحريق"},"geometry":{"type":"Point","coordinates":[31.567033290924236,30.273235557005254]}},{"type":"Feature","properties":{"GlobalID":"{61F4D6CD-E6C4-46BD-B578-4F10725D2C3E}","Easting":"031° 33' 57.47\" E","Northing":"30° 16' 25.12\" N","sectors":"القطاع الاول","Implementing":"اولاد حجازي","Start":"21/09/2021","End_":"20/09/2022","Meter_Id":"86","Description":null,"__networkId":"water","__networkName":"شبكة المياه","__layerId":"water_fire_hydrants","__layerName":"صنابير إطفاء الحريق","__assetName":"صنابير الحريق","__geometryKind":"point","__featureIndex":86,"__typeValue":"صنابير الحريق"},"geometry":{"type":"Point","coordinates":[31.567642381924532,30.273810734580263]}},{"type":"Feature","properties":{"GlobalID":"{ACD3BC3B-5F6F-48C3-9954-F8A2E2C9A3EB}","Easting":"031° 33' 55.15\" E","Northing":"30° 16' 30.25\" N","sectors":"القطاع الاول","Implementing":"اولاد حجازي","Start":"21/09/2021","End_":"20/09/2022","Meter_Id":"87","Description":null,"__networkId":"water","__networkName":"شبكة المياه","__layerId":"water_fire_hydrants","__layerName":"صنابير إطفاء الحريق","__assetName":"صنابير الحريق","__geometryKind":"point","__featureIndex":87,"__typeValue":"صنابير الحريق"},"geometry":{"type":"Point","coordinates":[31.566995565275565,30.275235559393497]}},{"type":"Feature","properties":{"GlobalID":"{88C2A229-DCE0-4E51-8597-21106B0E6241}","Easting":"031° 33' 53.0\" E","Northing":"30° 16' 28.45\" N","sectors":"القطاع الاول","Implementing":"اولاد حجازي","Start":"21/09/2021","End_":"20/09/2022","Meter_Id":"88","Description":null,"__networkId":"water","__networkName":"شبكة المياه","__layerId":"water_fire_hydrants","__layerName":"صنابير إطفاء الحريق","__assetName":"صنابير الحريق","__geometryKind":"point","__featureIndex":88,"__typeValue":"صنابير الحريق"},"geometry":{"type":"Point","coordinates":[31.566398562005705,30.274736613439803]}},{"type":"Feature","properties":{"GlobalID":"{1CF15A53-59CA-4AB2-91C2-A2D0F1E9385F}","Easting":"031° 33' 43.22\" E","Northing":"30° 16' 23.38\" N","sectors":"القطاع الاول","Implementing":"اولاد حجازي","Start":"21/09/2021","End_":"20/09/2022","Meter_Id":"89","Description":null,"__networkId":"water","__networkName":"شبكة المياه","__layerId":"water_fire_hydrants","__layerName":"صنابير إطفاء الحريق","__assetName":"صنابير الحريق","__geometryKind":"point","__featureIndex":89,"__typeValue":"صنابير الحريق"},"geometry":{"type":"Point","coordinates":[31.563683731944533,30.27332846522871]}},{"type":"Feature","properties":{"GlobalID":"{2D83E7B9-DE7B-441C-9222-409ED17459E9}","Easting":"031° 33' 45.39\" E","Northing":"30° 16' 21.58\" N","sectors":"القطاع الاول","Implementing":"اولاد حجازي","Start":"21/09/2021","End_":"20/09/2022","Meter_Id":"90","Description":null,"__networkId":"water","__networkName":"شبكة المياه","__layerId":"water_fire_hydrants","__layerName":"صنابير إطفاء الحريق","__assetName":"صنابير الحريق","__geometryKind":"point","__featureIndex":90,"__typeValue":"صنابير الحريق"},"geometry":{"type":"Point","coordinates":[31.564285033653036,30.272828189916936]}},{"type":"Feature","properties":{"GlobalID":"{ADCF3DB2-64A2-4CAE-87CA-BB09EA52F629}","Easting":"031° 33' 47.34\" E","Northing":"30° 16' 19.74\" N","sectors":"القطاع الاول","Implementing":"اولاد حجازي","Start":"21/09/2021","End_":"20/09/2022","Meter_Id":"91","Description":null,"__networkId":"water","__networkName":"شبكة المياه","__layerId":"water_fire_hydrants","__layerName":"صنابير إطفاء الحريق","__assetName":"صنابير الحريق","__geometryKind":"point","__featureIndex":91,"__typeValue":"صنابير الحريق"},"geometry":{"type":"Point","coordinates":[31.564826236272353,30.272315133519623]}},{"type":"Feature","properties":{"GlobalID":"{0BD9AC77-D1C2-409D-829F-39173AA14978}","Easting":"031° 33' 47.34\" E","Northing":"30° 16' 27.75\" N","sectors":"القطاع الاول","Implementing":"اولاد حجازي","Start":"21/09/2021","End_":"20/09/2022","Meter_Id":"92","Description":null,"__networkId":"water","__networkName":"شبكة المياه","__layerId":"water_fire_hydrants","__layerName":"صنابير إطفاء الحريق","__assetName":"صنابير الحريق","__geometryKind":"point","__featureIndex":92,"__typeValue":"صنابير الحريق"},"geometry":{"type":"Point","coordinates":[31.564827397793994,30.274540911965417]}},{"type":"Feature","properties":{"GlobalID":"{785A5A30-4272-40E8-B7DC-B5DDA8AF60D1}","Easting":"031° 33' 51.26\" E","Northing":"30° 16' 30.85\" N","sectors":"القطاع الاول","Implementing":"اولاد حجازي","Start":"21/09/2021","End_":"20/09/2022","Meter_Id":"93","Description":null,"__networkId":"water","__networkName":"شبكة المياه","__layerId":"water_fire_hydrants","__layerName":"صنابير إطفاء الحريق","__assetName":"صنابير الحريق","__geometryKind":"point","__featureIndex":93,"__typeValue":"صنابير الحريق"},"geometry":{"type":"Point","coordinates":[31.565917241981538,30.2754015177988]}},{"type":"Feature","properties":{"GlobalID":"{62D7C70A-58A1-43C2-814F-FA42A294D15C}","Easting":"031° 33' 49.32\" E","Northing":"30° 16' 22.02\" N","sectors":"القطاع الاول","Implementing":"اولاد حجازي","Start":"21/09/2021","End_":"20/09/2022","Meter_Id":"94","Description":null,"__networkId":"water","__networkName":"شبكة المياه","__layerId":"water_fire_hydrants","__layerName":"صنابير إطفاء الحريق","__assetName":"صنابير الحريق","__geometryKind":"point","__featureIndex":94,"__typeValue":"صنابير الحريق"},"geometry":{"type":"Point","coordinates":[31.565376436417566,30.272948898320085]}},{"type":"Feature","properties":{"GlobalID":"{67EEEFC9-9E1A-4EF3-BC0D-2A1C1372B6A9}","Easting":"031° 33' 52.17\" E","Northing":"30° 16' 23.93\" N","sectors":"القطاع الاول","Implementing":"اولاد حجازي","Start":"21/09/2021","End_":"20/09/2022","Meter_Id":"95","Description":null,"__networkId":"water","__networkName":"شبكة المياه","__layerId":"water_fire_hydrants","__layerName":"صنابير إطفاء الحريق","__assetName":"صنابير الحريق","__geometryKind":"point","__featureIndex":95,"__typeValue":"صنابير الحريق"},"geometry":{"type":"Point","coordinates":[31.56617012671717,30.27347911389991]}},{"type":"Feature","properties":{"GlobalID":"{F0A84E69-16C3-4A6D-9456-2CB2EFB0BDEE}","Easting":"031° 33' 36.2\" E","Northing":"30° 16' 21.88\" N","sectors":"القطاع الاول","Implementing":"اولاد حجازي","Start":"21/09/2021","End_":"20/09/2022","Meter_Id":"96","Description":null,"__networkId":"water","__networkName":"شبكة المياه","__layerId":"water_fire_hydrants","__layerName":"صنابير إطفاء الحريق","__assetName":"صنابير الحريق","__geometryKind":"point","__featureIndex":96,"__typeValue":"صنابير الحريق"},"geometry":{"type":"Point","coordinates":[31.561731752120977,30.27291091594656]}},{"type":"Feature","properties":{"GlobalID":"{C04F5779-06D1-4D49-A625-693E1878C49A}","Easting":"031° 33' 38.71\" E","Northing":"30° 16' 18.65\" N","sectors":"القطاع الاول","Implementing":"اولاد حجازي","Start":"21/09/2021","End_":"20/09/2022","Meter_Id":"97","Description":null,"__networkId":"water","__networkName":"شبكة المياه","__layerId":"water_fire_hydrants","__layerName":"صنابير إطفاء الحريق","__assetName":"صنابير الحريق","__geometryKind":"point","__featureIndex":97,"__typeValue":"صنابير الحريق"},"geometry":{"type":"Point","coordinates":[31.562428984020315,30.2720148463734]}},{"type":"Feature","properties":{"GlobalID":"{EB599E77-0446-44F3-B30C-20931B015A29}","Easting":"031° 33' 42.06\" E","Northing":"30° 16' 16.31\" N","sectors":"القطاع الاول","Implementing":"اولاد حجازي","Start":"21/09/2021","End_":"20/09/2022","Meter_Id":"98","Description":null,"__networkId":"water","__networkName":"شبكة المياه","__layerId":"water_fire_hydrants","__layerName":"صنابير إطفاء الحريق","__assetName":"صنابير الحريق","__geometryKind":"point","__featureIndex":98,"__typeValue":"صنابير الحريق"},"geometry":{"type":"Point","coordinates":[31.56336168681349,30.271363045304643]}},{"type":"Feature","properties":{"GlobalID":"{D4E192C4-008E-4ED4-8E86-1E5087710CFC}","Easting":"031° 33' 45.08\" E","Northing":"30° 16' 14.67\" N","sectors":"القطاع الاول","Implementing":"اولاد حجازي","Start":"21/09/2021","End_":"20/09/2022","Meter_Id":"99","Description":null,"__networkId":"water","__networkName":"شبكة المياه","__layerId":"water_fire_hydrants","__layerName":"صنابير إطفاء الحريق","__assetName":"صنابير الحريق","__geometryKind":"point","__featureIndex":99,"__typeValue":"صنابير الحريق"},"geometry":{"type":"Point","coordinates":[31.564199625429058,30.27090681014409]}},{"type":"Feature","properties":{"GlobalID":"{6B3487B3-9618-48FB-91D3-F231EB6C1B0B}","Easting":"031° 33' 41.87\" E","Northing":"30° 16' 11.87\" N","sectors":"القطاع الاول","Implementing":"اولاد حجازي","Start":"21/09/2021","End_":"20/09/2022","Meter_Id":"100","Description":null,"__networkId":"water","__networkName":"شبكة المياه","__layerId":"water_fire_hydrants","__layerName":"صنابير إطفاء الحريق","__assetName":"صنابير الحريق","__geometryKind":"point","__featureIndex":100,"__typeValue":"صنابير الحريق"},"geometry":{"type":"Point","coordinates":[31.563307820235803,30.27013114398074]}},{"type":"Feature","properties":{"GlobalID":"{7F37CEE1-5AC5-40FC-8001-644F1DDB3E9F}","Easting":"031° 33' 38.94\" E","Northing":"30° 16' 14.53\" N","sectors":"القطاع الاول","Implementing":"اولاد حجازي","Start":"21/09/2021","End_":"20/09/2022","Meter_Id":"101","Description":null,"__networkId":"water","__networkName":"شبكة المياه","__layerId":"water_fire_hydrants","__layerName":"صنابير إطفاء الحريق","__assetName":"صنابير الحريق","__geometryKind":"point","__featureIndex":101,"__typeValue":"صنابير الحريق"},"geometry":{"type":"Point","coordinates":[31.56249402474183,30.270870440710404]}},{"type":"Feature","properties":{"GlobalID":"{D7EAC1B6-C170-4D5A-99A5-9F77AADF0AC7}","Easting":"031° 33' 34.29\" E","Northing":"30° 16' 14.66\" N","sectors":"القطاع الاول","Implementing":"اولاد حجازي","Start":"21/09/2021","End_":"20/09/2022","Meter_Id":"102","Description":null,"__networkId":"water","__networkName":"شبكة المياه","__layerId":"water_fire_hydrants","__layerName":"صنابير إطفاء الحريق","__assetName":"صنابير الحريق","__geometryKind":"point","__featureIndex":102,"__typeValue":"صنابير الحريق"},"geometry":{"type":"Point","coordinates":[31.561203168136416,30.270905335288493]}},{"type":"Feature","properties":{"GlobalID":"{33ED8A61-495E-49E1-9947-79B02EBEFBEE}","Easting":"031° 33' 30.55\" E","Northing":"30° 16' 18.09\" N","sectors":"القطاع الاول","Implementing":"اولاد حجازي","Start":"21/09/2021","End_":"20/09/2022","Meter_Id":"103","Description":null,"__networkId":"water","__networkName":"شبكة المياه","__layerId":"water_fire_hydrants","__layerName":"صنابير إطفاء الحريق","__assetName":"صنابير الحريق","__geometryKind":"point","__featureIndex":103,"__typeValue":"صنابير الحريق"},"geometry":{"type":"Point","coordinates":[31.56016394581178,30.271857299156054]}},{"type":"Feature","properties":{"GlobalID":"{CFEC700D-7B34-46FC-B8CC-EAA65B499A75}","Easting":"031° 33' 18.11\" E","Northing":"30° 16' 5.37\" N","sectors":"القطاع الثاني","Implementing":"عوض خليفة","Start":"18/09/2021","End_":"28/10/2023","Meter_Id":"104","Description":null,"__networkId":"water","__networkName":"شبكة المياه","__layerId":"water_fire_hydrants","__layerName":"صنابير إطفاء الحريق","__assetName":"صنابير الحريق","__geometryKind":"point","__featureIndex":104,"__typeValue":"صنابير الحريق"},"geometry":{"type":"Point","coordinates":[31.55670680728864,30.26832536151543]}},{"type":"Feature","properties":{"GlobalID":"{579FDCE1-1529-4008-931A-E3830FF04B8A}","Easting":"031° 33' 21.44\" E","Northing":"30° 16' 2.83\" N","sectors":"القطاع الثاني","Implementing":"عوض خليفة","Start":"18/09/2021","End_":"28/10/2023","Meter_Id":"105","Description":null,"__networkId":"water","__networkName":"شبكة المياه","__layerId":"water_fire_hydrants","__layerName":"صنابير إطفاء الحريق","__assetName":"صنابير الحريق","__geometryKind":"point","__featureIndex":105,"__typeValue":"صنابير الحريق"},"geometry":{"type":"Point","coordinates":[31.55763386596689,30.267618716981406]}},{"type":"Feature","properties":{"GlobalID":"{72793E09-369F-4FA1-B2BF-AF5AE9E57751}","Easting":"031° 33' 23.83\" E","Northing":"30° 16' 1.73\" N","sectors":"القطاع الثاني","Implementing":"عوض خليفة","Start":"18/09/2021","End_":"28/10/2023","Meter_Id":"106","Description":null,"__networkId":"water","__networkName":"شبكة المياه","__layerId":"water_fire_hydrants","__layerName":"صنابير إطفاء الحريق","__assetName":"صنابير الحريق","__geometryKind":"point","__featureIndex":106,"__typeValue":"صنابير الحريق"},"geometry":{"type":"Point","coordinates":[31.55829539612189,30.267313521345166]}},{"type":"Feature","properties":{"GlobalID":"{4C32EECB-4A7F-4DBF-B611-B5B2D502F0FF}","Easting":"031° 33' 32.51\" E","Northing":"30° 15' 57.02\" N","sectors":"القطاع الثاني","Implementing":"عوض خليفة","Start":"18/09/2021","End_":"28/10/2023","Meter_Id":"107","Description":null,"__networkId":"water","__networkName":"شبكة المياه","__layerId":"water_fire_hydrants","__layerName":"صنابير إطفاء الحريق","__assetName":"صنابير الحريق","__geometryKind":"point","__featureIndex":107,"__typeValue":"صنابير الحريق"},"geometry":{"type":"Point","coordinates":[31.56070889081261,30.266005158435156]}},{"type":"Feature","properties":{"GlobalID":"{2BE32DEF-4969-45F3-8028-705D53D017CB}","Easting":"031° 33' 36.26\" E","Northing":"30° 15' 58.38\" N","sectors":"القطاع الثاني","Implementing":"عوض خليفة","Start":"18/09/2021","End_":"28/10/2023","Meter_Id":"108","Description":null,"__networkId":"water","__networkName":"شبكة المياه","__layerId":"water_fire_hydrants","__layerName":"صنابير إطفاء الحريق","__assetName":"صنابير الحريق","__geometryKind":"point","__featureIndex":108,"__typeValue":"صنابير الحريق"},"geometry":{"type":"Point","coordinates":[31.56174985766551,30.266383334683006]}},{"type":"Feature","properties":{"GlobalID":"{244C0309-A295-49DB-89DE-2898C5F6AD23}","Easting":"031° 33' 39.91\" E","Northing":"30° 15' 59.9\" N","sectors":"القطاع الثاني","Implementing":"عوض خليفة","Start":"18/09/2021","End_":"28/10/2023","Meter_Id":"109","Description":null,"__networkId":"water","__networkName":"شبكة المياه","__layerId":"water_fire_hydrants","__layerName":"صنابير إطفاء الحريق","__assetName":"صنابير الحريق","__geometryKind":"point","__featureIndex":109,"__typeValue":"صنابير الحريق"},"geometry":{"type":"Point","coordinates":[31.56276339805449,30.266804430273144]}},{"type":"Feature","properties":{"GlobalID":"{F102C383-FFCD-45A6-96B9-6466A544F158}","Easting":"031° 33' 43.45\" E","Northing":"30° 16' 1.23\" N","sectors":"القطاع الثاني","Implementing":"عوض خليفة","Start":"18/09/2021","End_":"28/10/2023","Meter_Id":"110","Description":null,"__networkId":"water","__networkName":"شبكة المياه","__layerId":"water_fire_hydrants","__layerName":"صنابير إطفاء الحريق","__assetName":"صنابير الحريق","__geometryKind":"point","__featureIndex":110,"__typeValue":"صنابير الحريق"},"geometry":{"type":"Point","coordinates":[31.563746190009624,30.267173741558853]}},{"type":"Feature","properties":{"GlobalID":"{591D71A5-F03F-4F7F-AC09-0052870E9E74}","Easting":"031° 33' 47.55\" E","Northing":"30° 16' 3.26\" N","sectors":"القطاع الثاني","Implementing":"عوض خليفة","Start":"18/09/2021","End_":"28/10/2023","Meter_Id":"111","Description":null,"__networkId":"water","__networkName":"شبكة المياه","__layerId":"water_fire_hydrants","__layerName":"صنابير إطفاء الحريق","__assetName":"صنابير الحريق","__geometryKind":"point","__featureIndex":111,"__typeValue":"صنابير الحريق"},"geometry":{"type":"Point","coordinates":[31.564886006578096,30.26773983756341]}},{"type":"Feature","properties":{"GlobalID":"{26049912-8A2F-4B4D-B58A-322EF46B2364}","Easting":"031° 33' 51.27\" E","Northing":"30° 16' 5.47\" N","sectors":"القطاع الثاني","Implementing":"عوض خليفة","Start":"18/09/2021","End_":"28/10/2023","Meter_Id":"112","Description":null,"__networkId":"water","__networkName":"شبكة المياه","__layerId":"water_fire_hydrants","__layerName":"صنابير إطفاء الحريق","__assetName":"صنابير الحريق","__geometryKind":"point","__featureIndex":112,"__typeValue":"صنابير الحريق"},"geometry":{"type":"Point","coordinates":[31.56591901615424,30.26835247365476]}},{"type":"Feature","properties":{"GlobalID":"{1FFD8ED3-2B92-4795-B977-5228929155D4}","Easting":"031° 33' 54.23\" E","Northing":"30° 16' 7.34\" N","sectors":"القطاع الثاني","Implementing":"عوض خليفة","Start":"18/09/2021","End_":"28/10/2023","Meter_Id":"113","Description":null,"__networkId":"water","__networkName":"شبكة المياه","__layerId":"water_fire_hydrants","__layerName":"صنابير إطفاء الحريق","__assetName":"صنابير الحريق","__geometryKind":"point","__featureIndex":113,"__typeValue":"صنابير الحريق"},"geometry":{"type":"Point","coordinates":[31.566740041289624,30.26887157056426]}},{"type":"Feature","properties":{"GlobalID":"{DA3C28DD-A50C-4F8A-9DFF-D14D3403AB00}","Easting":"031° 33' 57.01\" E","Northing":"30° 16' 9.29\" N","sectors":"القطاع الثاني","Implementing":"عوض خليفة","Start":"18/09/2021","End_":"28/10/2023","Meter_Id":"114","Description":null,"__networkId":"water","__networkName":"شبكة المياه","__layerId":"water_fire_hydrants","__layerName":"صنابير إطفاء الحريق","__assetName":"صنابير الحريق","__geometryKind":"point","__featureIndex":114,"__typeValue":"صنابير الحريق"},"geometry":{"type":"Point","coordinates":[31.567513500630696,30.269412916692044]}},{"type":"Feature","properties":{"GlobalID":"{69E568FF-D116-43DE-864E-BE8BB692FF86}","Easting":"031° 33' 59.93\" E","Northing":"30° 16' 11.7\" N","sectors":"القطاع الثاني","Implementing":"عوض خليفة","Start":"18/09/2021","End_":"28/10/2023","Meter_Id":"115","Description":null,"__networkId":"water","__networkName":"شبكة المياه","__layerId":"water_fire_hydrants","__layerName":"صنابير إطفاء الحريق","__assetName":"صنابير الحريق","__geometryKind":"point","__featureIndex":115,"__typeValue":"صنابير الحريق"},"geometry":{"type":"Point","coordinates":[31.568323093805784,30.270083312806214]}},{"type":"Feature","properties":{"GlobalID":"{B0AABDA0-577B-4562-9C80-581149F01AF9}","Easting":"031° 34' 2.53\" E","Northing":"30° 16' 13.93\" N","sectors":"القطاع الثاني","Implementing":"عوض خليفة","Start":"18/09/2021","End_":"28/10/2023","Meter_Id":"116","Description":null,"__networkId":"water","__networkName":"شبكة المياه","__layerId":"water_fire_hydrants","__layerName":"صنابير إطفاء الحريق","__assetName":"صنابير الحريق","__geometryKind":"point","__featureIndex":116,"__typeValue":"صنابير الحريق"},"geometry":{"type":"Point","coordinates":[31.569046647241276,30.270703774842534]}},{"type":"Feature","properties":{"GlobalID":"{15ABEF0C-4D9F-461E-8192-6F126A0BDE3E}","Easting":"031° 34' 4.68\" E","Northing":"30° 16' 16.76\" N","sectors":"القطاع الثاني","Implementing":"عوض خليفة","Start":"18/09/2021","End_":"28/10/2023","Meter_Id":"117","Description":null,"__networkId":"water","__networkName":"شبكة المياه","__layerId":"water_fire_hydrants","__layerName":"صنابير إطفاء الحريق","__assetName":"صنابير الحريق","__geometryKind":"point","__featureIndex":117,"__typeValue":"صنابير الحريق"},"geometry":{"type":"Point","coordinates":[31.569642776450358,30.271489314309115]}},{"type":"Feature","properties":{"GlobalID":"{F1B12886-1DD0-461E-86F3-A8BB9D3A03D1}","Easting":"031° 34' 10.13\" E","Northing":"30° 16' 19.69\" N","sectors":"القطاع الثاني","Implementing":"عوض خليفة","Start":"18/09/2021","End_":"28/10/2023","Meter_Id":"118","Description":null,"__networkId":"water","__networkName":"شبكة المياه","__layerId":"water_fire_hydrants","__layerName":"صنابير إطفاء الحريق","__assetName":"صنابير الحريق","__geometryKind":"point","__featureIndex":118,"__typeValue":"صنابير الحريق"},"geometry":{"type":"Point","coordinates":[31.571157095270873,30.272302752978142]}},{"type":"Feature","properties":{"GlobalID":"{01BA75F4-FCC4-4451-896A-DDEE12908C0F}","Easting":"031° 34' 8.61\" E","Northing":"30° 16' 23.48\" N","sectors":"القطاع الثاني","Implementing":"عوض خليفة","Start":"18/09/2021","End_":"28/10/2023","Meter_Id":"119","Description":null,"__networkId":"water","__networkName":"شبكة المياه","__layerId":"water_fire_hydrants","__layerName":"صنابير إطفاء الحريق","__assetName":"صنابير الحريق","__geometryKind":"point","__featureIndex":119,"__typeValue":"صنابير الحريق"},"geometry":{"type":"Point","coordinates":[31.57073434091164,30.27335415314687]}},{"type":"Feature","properties":{"GlobalID":"{EDCB5C6D-BD27-43F5-A851-2566DA3316BB}","Easting":"031° 34' 5.1\" E","Northing":"30° 16' 26.55\" N","sectors":"القطاع الثاني","Implementing":"عوض خليفة","Start":"18/09/2021","End_":"28/10/2023","Meter_Id":"120","Description":null,"__networkId":"water","__networkName":"شبكة المياه","__layerId":"water_fire_hydrants","__layerName":"صنابير إطفاء الحريق","__assetName":"صنابير الحريق","__geometryKind":"point","__featureIndex":120,"__typeValue":"صنابير الحريق"},"geometry":{"type":"Point","coordinates":[31.569759220569047,30.27420867155616]}},{"type":"Feature","properties":{"GlobalID":"{6AAF86FF-C3D1-4A35-A72D-2C426C159112}","Easting":"031° 34' 2.73\" E","Northing":"30° 16' 23.96\" N","sectors":"القطاع الثاني","Implementing":"عوض خليفة","Start":"18/09/2021","End_":"28/10/2023","Meter_Id":"121","Description":null,"__networkId":"water","__networkName":"شبكة المياه","__layerId":"water_fire_hydrants","__layerName":"صنابير إطفاء الحريق","__assetName":"صنابير الحريق","__geometryKind":"point","__featureIndex":121,"__typeValue":"صنابير الحريق"},"geometry":{"type":"Point","coordinates":[31.56910088841645,30.27348754231161]}},{"type":"Feature","properties":{"GlobalID":"{7D59F25B-071A-44A5-A45D-054CEB4784A3}","Easting":"031° 34' 4.19\" E","Northing":"30° 16' 20.33\" N","sectors":"القطاع الثاني","Implementing":"عوض خليفة","Start":"18/09/2021","End_":"28/10/2023","Meter_Id":"122","Description":null,"__networkId":"water","__networkName":"شبكة المياه","__layerId":"water_fire_hydrants","__layerName":"صنابير إطفاء الحريق","__assetName":"صنابير الحريق","__geometryKind":"point","__featureIndex":122,"__typeValue":"صنابير الحريق"},"geometry":{"type":"Point","coordinates":[31.569507302420657,30.272479035511775]}},{"type":"Feature","properties":{"GlobalID":"{2CF50873-C47A-49F5-AB1F-BF19374282FE}","Easting":"031° 34' 2.94\" E","Northing":"30° 16' 17.15\" N","sectors":"القطاع الثاني","Implementing":"عوض خليفة","Start":"18/09/2021","End_":"28/10/2023","Meter_Id":"123","Description":null,"__networkId":"water","__networkName":"شبكة المياه","__layerId":"water_fire_hydrants","__layerName":"صنابير إطفاء الحريق","__assetName":"صنابير الحريق","__geometryKind":"point","__featureIndex":123,"__typeValue":"صنابير الحريق"},"geometry":{"type":"Point","coordinates":[31.569160832097033,30.27159587717248]}},{"type":"Feature","properties":{"GlobalID":"{D4A03DE0-2F69-412F-BC96-A8458C354EFE}","Easting":"031° 34' 0.74\" E","Northing":"30° 16' 14.37\" N","sectors":"القطاع الثاني","Implementing":"عوض خليفة","Start":"18/09/2021","End_":"28/10/2023","Meter_Id":"124","Description":null,"__networkId":"water","__networkName":"شبكة المياه","__layerId":"water_fire_hydrants","__layerName":"صنابير إطفاء الحريق","__assetName":"صنابير الحريق","__geometryKind":"point","__featureIndex":124,"__typeValue":"صنابير الحريق"},"geometry":{"type":"Point","coordinates":[31.568549108134643,30.270825695380363]}},{"type":"Feature","properties":{"GlobalID":"{F3FB2F39-B182-4628-8709-79641629B5B8}","Easting":"031° 33' 56.66\" E","Northing":"30° 16' 13.82\" N","sectors":"القطاع الثاني","Implementing":"عوض خليفة","Start":"18/09/2021","End_":"28/10/2023","Meter_Id":"125","Description":null,"__networkId":"water","__networkName":"شبكة المياه","__layerId":"water_fire_hydrants","__layerName":"صنابير إطفاء الحريق","__assetName":"صنابير الحريق","__geometryKind":"point","__featureIndex":125,"__typeValue":"صنابير الحريق"},"geometry":{"type":"Point","coordinates":[31.567416268781,30.270672475404453]}},{"type":"Feature","properties":{"GlobalID":"{045817C5-0DED-4A90-AD7C-94ADE00B95D9}","Easting":"031° 33' 53.59\" E","Northing":"30° 16' 15.45\" N","sectors":"القطاع الثاني","Implementing":"عوض خليفة","Start":"18/09/2021","End_":"28/10/2023","Meter_Id":"126","Description":null,"__networkId":"water","__networkName":"شبكة المياه","__layerId":"water_fire_hydrants","__layerName":"صنابير إطفاء الحريق","__assetName":"صنابير الحريق","__geometryKind":"point","__featureIndex":126,"__typeValue":"صنابير الحريق"},"geometry":{"type":"Point","coordinates":[31.566562072455422,30.271123962800427]}},{"type":"Feature","properties":{"GlobalID":"{725C91D5-F5F9-4D00-8639-0F59B52461A7}","Easting":"031° 33' 50.84\" E","Northing":"30° 16' 13.56\" N","sectors":"القطاع الثاني","Implementing":"عوض خليفة","Start":"18/09/2021","End_":"28/10/2023","Meter_Id":"127","Description":null,"__networkId":"water","__networkName":"شبكة المياه","__layerId":"water_fire_hydrants","__layerName":"صنابير إطفاء الحريق","__assetName":"صنابير الحريق","__geometryKind":"point","__featureIndex":127,"__typeValue":"صنابير الحريق"},"geometry":{"type":"Point","coordinates":[31.565799353371844,30.27060030348459]}},{"type":"Feature","properties":{"GlobalID":"{5D4FE656-1FE4-4AE4-90E4-147FF37CF756}","Easting":"031° 33' 48.72\" E","Northing":"30° 16' 11.2\" N","sectors":"القطاع الثاني","Implementing":"عوض خليفة","Start":"18/09/2021","End_":"28/10/2023","Meter_Id":"128","Description":null,"__networkId":"water","__networkName":"شبكة المياه","__layerId":"water_fire_hydrants","__layerName":"صنابير إطفاء الحريق","__assetName":"صنابير الحريق","__geometryKind":"point","__featureIndex":128,"__typeValue":"صنابير الحريق"},"geometry":{"type":"Point","coordinates":[31.56521160993597,30.269943927210566]}},{"type":"Feature","properties":{"GlobalID":"{0DF936B7-B613-4166-9A01-AE3206EE4B6F}","Easting":"031° 33' 45.48\" E","Northing":"30° 16' 9.11\" N","sectors":"القطاع الثاني","Implementing":"عوض خليفة","Start":"18/09/2021","End_":"28/10/2023","Meter_Id":"129","Description":null,"__networkId":"water","__networkName":"شبكة المياه","__layerId":"water_fire_hydrants","__layerName":"صنابير إطفاء الحريق","__assetName":"صنابير الحريق","__geometryKind":"point","__featureIndex":129,"__typeValue":"صنابير الحريق"},"geometry":{"type":"Point","coordinates":[31.564309263012845,30.26936302995771]}},{"type":"Feature","properties":{"GlobalID":"{C2400990-2E1D-4E7B-A963-FAEA7BD3D998}","Easting":"031° 33' 42.17\" E","Northing":"30° 16' 7.35\" N","sectors":"القطاع الثاني","Implementing":"عوض خليفة","Start":"18/09/2021","End_":"28/10/2023","Meter_Id":"130","Description":null,"__networkId":"water","__networkName":"شبكة المياه","__layerId":"water_fire_hydrants","__layerName":"صنابير إطفاء الحريق","__assetName":"صنابير الحريق","__geometryKind":"point","__featureIndex":130,"__typeValue":"صنابير الحريق"},"geometry":{"type":"Point","coordinates":[31.563392277143883,30.268873589319483]}},{"type":"Feature","properties":{"GlobalID":"{B680D8A8-CD57-4B2C-9229-28B89EA643A0}","Easting":"031° 33' 38.02\" E","Northing":"30° 16' 8.01\" N","sectors":"القطاع الاول","Implementing":"اولاد حجازي","Start":"21/09/2021","End_":"20/09/2022","Meter_Id":"131","Description":null,"__networkId":"water","__networkName":"شبكة المياه","__layerId":"water_fire_hydrants","__layerName":"صنابير إطفاء الحريق","__assetName":"صنابير الحريق","__geometryKind":"point","__featureIndex":131,"__typeValue":"صنابير الحريق"},"geometry":{"type":"Point","coordinates":[31.562238400144576,30.26905769466073]}},{"type":"Feature","properties":{"GlobalID":"{0C560B32-51D1-42FA-AFC0-56AF5052BD16}","Easting":"031° 33' 33.11\" E","Northing":"30° 16' 6.1\" N","sectors":"القطاع الاول","Implementing":"اولاد حجازي","Start":"21/09/2021","End_":"20/09/2022","Meter_Id":"132","Description":null,"__networkId":"water","__networkName":"شبكة المياه","__layerId":"water_fire_hydrants","__layerName":"صنابير إطفاء الحريق","__assetName":"صنابير الحريق","__geometryKind":"point","__featureIndex":132,"__typeValue":"صنابير الحريق"},"geometry":{"type":"Point","coordinates":[31.56087518603966,30.268526484610092]}},{"type":"Feature","properties":{"GlobalID":"{FDAA2BEE-45F2-4C1D-A01B-5336D6EAA3FB}","Easting":"031° 33' 28.97\" E","Northing":"30° 16' 8.94\" N","sectors":"القطاع الاول","Implementing":"اولاد حجازي","Start":"21/09/2021","End_":"20/09/2022","Meter_Id":"133","Description":null,"__networkId":"water","__networkName":"شبكة المياه","__layerId":"water_fire_hydrants","__layerName":"صنابير إطفاء الحريق","__assetName":"صنابير الحريق","__geometryKind":"point","__featureIndex":133,"__typeValue":"صنابير الحريق"},"geometry":{"type":"Point","coordinates":[31.559724849300913,30.26931545831662]}},{"type":"Feature","properties":{"GlobalID":"{183D3632-22E5-421F-BEDF-317AF2E925D8}","Easting":"031° 33' 26.55\" E","Northing":"30° 16' 8.03\" N","sectors":"القطاع الثاني","Implementing":"عوض خليفة","Start":"18/09/2021","End_":"28/10/2023","Meter_Id":"134","Description":null,"__networkId":"water","__networkName":"شبكة المياه","__layerId":"water_fire_hydrants","__layerName":"صنابير إطفاء الحريق","__assetName":"صنابير الحريق","__geometryKind":"point","__featureIndex":134,"__typeValue":"صنابير الحريق"},"geometry":{"type":"Point","coordinates":[31.55905126195814,30.26906445150389]}},{"type":"Feature","properties":{"GlobalID":"{AC5D3931-7673-4994-B5B8-210BC45731B2}","Easting":"031° 33' 23.2\" E","Northing":"30° 16' 7.56\" N","sectors":"القطاع الثاني","Implementing":"عوض خليفة","Start":"18/09/2021","End_":"28/10/2023","Meter_Id":"135","Description":null,"__networkId":"water","__networkName":"شبكة المياه","__layerId":"water_fire_hydrants","__layerName":"صنابير إطفاء الحريق","__assetName":"صنابير الحريق","__geometryKind":"point","__featureIndex":135,"__typeValue":"صنابير الحريق"},"geometry":{"type":"Point","coordinates":[31.558120736681193,30.268933300078444]}},{"type":"Feature","properties":{"GlobalID":"{893FA741-6841-4CD3-838E-53E116237873}","Easting":"031° 33' 13.95\" E","Northing":"30° 16' 3.27\" N","sectors":"القطاع الثاني","Implementing":"عوض خليفة","Start":"18/09/2021","End_":"28/10/2023","Meter_Id":"136","Description":null,"__networkId":"water","__networkName":"شبكة المياه","__layerId":"water_fire_hydrants","__layerName":"صنابير إطفاء الحريق","__assetName":"صنابير الحريق","__geometryKind":"point","__featureIndex":136,"__typeValue":"صنابير الحريق"},"geometry":{"type":"Point","coordinates":[31.555552932984263,30.2677418447041]}},{"type":"Feature","properties":{"GlobalID":"{7E199D51-B7AD-459F-9172-A7DA41652788}","Easting":"031° 33' 10.85\" E","Northing":"30° 16' 1.98\" N","sectors":"القطاع الثاني","Implementing":"عوض خليفة","Start":"18/09/2021","End_":"28/10/2023","Meter_Id":"137","Description":null,"__networkId":"water","__networkName":"شبكة المياه","__layerId":"water_fire_hydrants","__layerName":"صنابير إطفاء الحريق","__assetName":"صنابير الحريق","__geometryKind":"point","__featureIndex":137,"__typeValue":"صنابير الحريق"},"geometry":{"type":"Point","coordinates":[31.554691861851836,30.267382747416036]}},{"type":"Feature","properties":{"GlobalID":"{48F23460-F923-4FDF-ABD5-176C64B61851}","Easting":"031° 33' 12.54\" E","Northing":"30° 15' 57.44\" N","sectors":"القطاع الثاني","Implementing":"عوض خليفة","Start":"18/09/2021","End_":"28/10/2023","Meter_Id":"138","Description":null,"__networkId":"water","__networkName":"شبكة المياه","__layerId":"water_fire_hydrants","__layerName":"صنابير إطفاء الحريق","__assetName":"صنابير الحريق","__geometryKind":"point","__featureIndex":138,"__typeValue":"صنابير الحريق"},"geometry":{"type":"Point","coordinates":[31.55516138160644,30.266121374410602]}},{"type":"Feature","properties":{"GlobalID":"{C0ABD5A2-7735-41B8-8ECB-54863C104B67}","Easting":"031° 33' 15.24\" E","Northing":"30° 15' 59.97\" N","sectors":"القطاع الثاني","Implementing":"عوض خليفة","Start":"18/09/2021","End_":"28/10/2023","Meter_Id":"139","Description":null,"__networkId":"water","__networkName":"شبكة المياه","__layerId":"water_fire_hydrants","__layerName":"صنابير إطفاء الحريق","__assetName":"صنابير الحريق","__geometryKind":"point","__featureIndex":139,"__typeValue":"صنابير الحريق"},"geometry":{"type":"Point","coordinates":[31.555908982942096,30.26682467100783]}},{"type":"Feature","properties":{"GlobalID":"{6DA9B2D2-7C33-47BA-B72F-A9CFEFA81DCC}","Easting":"031° 33' 21.53\" E","Northing":"30° 15' 59.23\" N","sectors":"القطاع الثاني","Implementing":"عوض خليفة","Start":"18/09/2021","End_":"28/10/2023","Meter_Id":"140","Description":null,"__networkId":"water","__networkName":"شبكة المياه","__layerId":"water_fire_hydrants","__layerName":"صنابير إطفاء الحريق","__assetName":"صنابير الحريق","__geometryKind":"point","__featureIndex":140,"__typeValue":"صنابير الحريق"},"geometry":{"type":"Point","coordinates":[31.557657546456113,30.266617859661565]}},{"type":"Feature","properties":{"GlobalID":"{8DBB0591-5A71-4961-9BAC-82EB38004D24}","Easting":"031° 33' 16.81\" E","Northing":"30° 15' 56.49\" N","sectors":"القطاع الثاني","Implementing":"عوض خليفة","Start":"18/09/2021","End_":"28/10/2023","Meter_Id":"141","Description":null,"__networkId":"water","__networkName":"شبكة المياه","__layerId":"water_fire_hydrants","__layerName":"صنابير إطفاء الحريق","__assetName":"صنابير الحريق","__geometryKind":"point","__featureIndex":141,"__typeValue":"صنابير الحريق"},"geometry":{"type":"Point","coordinates":[31.556345491406624,30.26585663659563]}},{"type":"Feature","properties":{"GlobalID":"{04523E27-609D-4DA7-8E0A-D149A1FFB4B2}","Easting":"031° 33' 20.16\" E","Northing":"30° 15' 53.22\" N","sectors":"القطاع الثاني","Implementing":"عوض خليفة","Start":"18/09/2021","End_":"28/10/2023","Meter_Id":"142","Description":null,"__networkId":"water","__networkName":"شبكة المياه","__layerId":"water_fire_hydrants","__layerName":"صنابير إطفاء الحريق","__assetName":"صنابير الحريق","__geometryKind":"point","__featureIndex":142,"__typeValue":"صنابير الحريق"},"geometry":{"type":"Point","coordinates":[31.557277292291282,30.26495002051328]}},{"type":"Feature","properties":{"GlobalID":"{6928ED78-0872-4F35-B5D0-8F4DA25ACAE2}","Easting":"031° 33' 25.02\" E","Northing":"30° 15' 57.44\" N","sectors":"القطاع الثاني","Implementing":"عوض خليفة","Start":"18/09/2021","End_":"28/10/2023","Meter_Id":"143","Description":null,"__networkId":"water","__networkName":"شبكة المياه","__layerId":"water_fire_hydrants","__layerName":"صنابير إطفاء الحريق","__assetName":"صنابير الحريق","__geometryKind":"point","__featureIndex":143,"__typeValue":"صنابير الحريق"},"geometry":{"type":"Point","coordinates":[31.558628236307715,30.26612085690577]}},{"type":"Feature","properties":{"GlobalID":"{F67D4795-EC86-41F8-8921-0F8DC1A5F5C4}","Easting":"031° 33' 28.7\" E","Northing":"30° 15' 56.36\" N","sectors":"القطاع الثاني","Implementing":"عوض خليفة","Start":"18/09/2021","End_":"28/10/2023","Meter_Id":"144","Description":null,"__networkId":"water","__networkName":"شبكة المياه","__layerId":"water_fire_hydrants","__layerName":"صنابير إطفاء الحريق","__assetName":"صنابير الحريق","__geometryKind":"point","__featureIndex":144,"__typeValue":"صنابير الحريق"},"geometry":{"type":"Point","coordinates":[31.559648769182868,30.265823191103014]}},{"type":"Feature","properties":{"GlobalID":"{D4ADB006-7914-4CFA-9B2C-3C18E41B817D}","Easting":"031° 33' 38.92\" E","Northing":"30° 15' 52.84\" N","sectors":"القطاع الثاني","Implementing":"عوض خليفة","Start":"18/09/2021","End_":"28/10/2023","Meter_Id":"145","Description":null,"__networkId":"water","__networkName":"شبكة المياه","__layerId":"water_fire_hydrants","__layerName":"صنابير إطفاء الحريق","__assetName":"صنابير الحريق","__geometryKind":"point","__featureIndex":145,"__typeValue":"صنابير الحريق"},"geometry":{"type":"Point","coordinates":[31.562489194500532,30.264842829732512]}},{"type":"Feature","properties":{"GlobalID":"{48FB4426-F05F-4F7F-8622-C838B88BE870}","Easting":"031° 33' 43.63\" E","Northing":"30° 15' 54.55\" N","sectors":"القطاع الثاني","Implementing":"عوض خليفة","Start":"18/09/2021","End_":"28/10/2023","Meter_Id":"146","Description":null,"__networkId":"water","__networkName":"شبكة المياه","__layerId":"water_fire_hydrants","__layerName":"صنابير إطفاء الحريق","__assetName":"صنابير الحريق","__geometryKind":"point","__featureIndex":146,"__typeValue":"صنابير الحريق"},"geometry":{"type":"Point","coordinates":[31.563796828940504,30.26532002620017]}},{"type":"Feature","properties":{"GlobalID":"{C0399C7A-F6E9-42AD-8E64-C38790061A6A}","Easting":"031° 33' 45.63\" E","Northing":"30° 15' 57.68\" N","sectors":"القطاع الثاني","Implementing":"عوض خليفة","Start":"18/09/2021","End_":"28/10/2023","Meter_Id":"147","Description":null,"__networkId":"water","__networkName":"شبكة المياه","__layerId":"water_fire_hydrants","__layerName":"صنابير إطفاء الحريق","__assetName":"صنابير الحريق","__geometryKind":"point","__featureIndex":147,"__typeValue":"صنابير الحريق"},"geometry":{"type":"Point","coordinates":[31.564352080312567,30.266189505795356]}},{"type":"Feature","properties":{"GlobalID":"{C56773D0-E7DA-4206-BB33-785D99E899CC}","Easting":"031° 33' 50.21\" E","Northing":"30° 15' 59.5\" N","sectors":"القطاع الثاني","Implementing":"عوض خليفة","Start":"18/09/2021","End_":"28/10/2023","Meter_Id":"148","Description":null,"__networkId":"water","__networkName":"شبكة المياه","__layerId":"water_fire_hydrants","__layerName":"صنابير إطفاء الحريق","__assetName":"صنابير الحريق","__geometryKind":"point","__featureIndex":148,"__typeValue":"صنابير الحريق"},"geometry":{"type":"Point","coordinates":[31.5656251844113,30.266694204006406]}},{"type":"Feature","properties":{"GlobalID":"{8BC6F34E-7FA6-451C-9D79-0DFB042F9BD4}","Easting":"031° 33' 54.81\" E","Northing":"30° 16' 1.64\" N","sectors":"القطاع الثاني","Implementing":"عوض خليفة","Start":"18/09/2021","End_":"28/10/2023","Meter_Id":"149","Description":null,"__networkId":"water","__networkName":"شبكة المياه","__layerId":"water_fire_hydrants","__layerName":"صنابير إطفاء الحريق","__assetName":"صنابير الحريق","__geometryKind":"point","__featureIndex":149,"__typeValue":"صنابير الحريق"},"geometry":{"type":"Point","coordinates":[31.566901360748346,30.267289096498104]}},{"type":"Feature","properties":{"GlobalID":"{BA6C4402-D39C-493E-8908-0E0DD1192C9E}","Easting":"031° 33' 56.91\" E","Northing":"30° 16' 2.64\" N","sectors":"القطاع الثاني","Implementing":"عوض خليفة","Start":"18/09/2021","End_":"28/10/2023","Meter_Id":"150","Description":null,"__networkId":"water","__networkName":"شبكة المياه","__layerId":"water_fire_hydrants","__layerName":"صنابير إطفاء الحريق","__assetName":"صنابير الحريق","__geometryKind":"point","__featureIndex":150,"__typeValue":"صنابير الحريق"},"geometry":{"type":"Point","coordinates":[31.56748467279494,30.267567352877908]}},{"type":"Feature","properties":{"GlobalID":"{3A350C78-C3F4-4A66-AA89-31F5FB5FE52F}","Easting":"031° 33' 59.39\" E","Northing":"30° 16' 4.97\" N","sectors":"القطاع الثاني","Implementing":"عوض خليفة","Start":"18/09/2021","End_":"28/10/2023","Meter_Id":"151","Description":null,"__networkId":"water","__networkName":"شبكة المياه","__layerId":"water_fire_hydrants","__layerName":"صنابير إطفاء الحريق","__assetName":"صنابير الحريق","__geometryKind":"point","__featureIndex":151,"__typeValue":"صنابير الحريق"},"geometry":{"type":"Point","coordinates":[31.568173735415076,30.268212326041795]}},{"type":"Feature","properties":{"GlobalID":"{2E9ED2BB-54DE-42EF-ADDF-F15A4334B4FD}","Easting":"031° 34' 3.44\" E","Northing":"30° 16' 6.69\" N","sectors":"القطاع الثاني","Implementing":"عوض خليفة","Start":"18/09/2021","End_":"28/10/2023","Meter_Id":"152","Description":null,"__networkId":"water","__networkName":"شبكة المياه","__layerId":"water_fire_hydrants","__layerName":"صنابير إطفاء الحريق","__assetName":"صنابير الحريق","__geometryKind":"point","__featureIndex":152,"__typeValue":"صنابير الحريق"},"geometry":{"type":"Point","coordinates":[31.569298603118916,30.268690600855575]}},{"type":"Feature","properties":{"GlobalID":"{6B595830-1463-45C5-81DC-EAF8F1ECDE0E}","Easting":"031° 34' 6.08\" E","Northing":"30° 16' 9.11\" N","sectors":"القطاع الثاني","Implementing":"عوض خليفة","Start":"18/09/2021","End_":"28/10/2023","Meter_Id":"153","Description":null,"__networkId":"water","__networkName":"شبكة المياه","__layerId":"water_fire_hydrants","__layerName":"صنابير إطفاء الحريق","__assetName":"صنابير الحريق","__geometryKind":"point","__featureIndex":153,"__typeValue":"صنابير الحريق"},"geometry":{"type":"Point","coordinates":[31.570032916574878,30.269364850862758]}},{"type":"Feature","properties":{"GlobalID":"{1CD86D03-C0ED-49AA-84DC-D65FD2E6CFD4}","Easting":"031° 34' 8.71\" E","Northing":"30° 16' 12.33\" N","sectors":"القطاع الثاني","Implementing":"عوض خليفة","Start":"18/09/2021","End_":"28/10/2023","Meter_Id":"154","Description":null,"__networkId":"water","__networkName":"شبكة المياه","__layerId":"water_fire_hydrants","__layerName":"صنابير إطفاء الحريق","__assetName":"صنابير الحريق","__geometryKind":"point","__featureIndex":154,"__typeValue":"صنابير الحريق"},"geometry":{"type":"Point","coordinates":[31.570764482982682,30.270259168736295]}},{"type":"Feature","properties":{"GlobalID":"{D58288B9-877C-4438-99F8-11A51C80A446}","Easting":"031° 34' 10.75\" E","Northing":"30° 16' 15.9\" N","sectors":"القطاع الثاني","Implementing":"عوض خليفة","Start":"18/09/2021","End_":"28/10/2023","Meter_Id":"155","Description":null,"__networkId":"water","__networkName":"شبكة المياه","__layerId":"water_fire_hydrants","__layerName":"صنابير إطفاء الحريق","__assetName":"صنابير الحريق","__geometryKind":"point","__featureIndex":155,"__typeValue":"صنابير الحريق"},"geometry":{"type":"Point","coordinates":[31.57132979997752,30.27125027555883]}},{"type":"Feature","properties":{"GlobalID":"{DED8DD2E-4D6B-488C-BF7A-C7AFCF042E2E}","Easting":"031° 33' 43.55\" E","Northing":"30° 16' 5.55\" N","sectors":"القطاع الثاني","Implementing":"عوض خليفة","Start":"18/09/2021","End_":"28/10/2023","Meter_Id":"156","Description":null,"__networkId":"water","__networkName":"شبكة المياه","__layerId":"water_fire_hydrants","__layerName":"صنابير إطفاء الحريق","__assetName":"صنابير الحريق","__geometryKind":"point","__featureIndex":156,"__typeValue":"صنابير الحريق"},"geometry":{"type":"Point","coordinates":[31.563773861713646,30.268373569058596]}},{"type":"Feature","properties":{"GlobalID":"{3ED72250-1427-4F82-895A-3AE94E246AEF}","Easting":"031° 33' 46.94\" E","Northing":"30° 16' 7.34\" N","sectors":"القطاع الثاني","Implementing":"عوض خليفة","Start":"18/09/2021","End_":"28/10/2023","Meter_Id":"157","Description":null,"__networkId":"water","__networkName":"شبكة المياه","__layerId":"water_fire_hydrants","__layerName":"صنابير إطفاء الحريق","__assetName":"صنابير الحريق","__geometryKind":"point","__featureIndex":157,"__typeValue":"صنابير الحريق"},"geometry":{"type":"Point","coordinates":[31.56471577493343,30.268871134537903]}},{"type":"Feature","properties":{"GlobalID":"{B1167410-408E-4D2F-B76F-3F9B7C4BE231}","Easting":"031° 33' 50.35\" E","Northing":"30° 16' 9.37\" N","sectors":"القطاع الثاني","Implementing":"عوض خليفة","Start":"18/09/2021","End_":"28/10/2023","Meter_Id":"158","Description":null,"__networkId":"water","__networkName":"شبكة المياه","__layerId":"water_fire_hydrants","__layerName":"صنابير إطفاء الحريق","__assetName":"صنابير الحريق","__geometryKind":"point","__featureIndex":158,"__typeValue":"صنابير الحريق"},"geometry":{"type":"Point","coordinates":[31.565664461450496,30.269434464184567]}},{"type":"Feature","properties":{"GlobalID":"{EB2CC828-2D1A-48D3-A03A-449D67B27F84}","Easting":"031° 33' 53.62\" E","Northing":"30° 16' 11.55\" N","sectors":"القطاع الثاني","Implementing":"عوض خليفة","Start":"18/09/2021","End_":"28/10/2023","Meter_Id":"159","Description":null,"__networkId":"water","__networkName":"شبكة المياه","__layerId":"water_fire_hydrants","__layerName":"صنابير إطفاء الحريق","__assetName":"صنابير الحريق","__geometryKind":"point","__featureIndex":159,"__typeValue":"صنابير الحريق"},"geometry":{"type":"Point","coordinates":[31.566570237243038,30.27003996517799]}},{"type":"Feature","properties":{"GlobalID":"{5175EF03-F54C-423C-909A-0F1CAFBBC390}","Easting":"031° 33' 8.4\" E","Northing":"30° 16' 30.6\" N","sectors":"القطاع الخامس","Implementing":"السلام","Start":"1/3/2022","End_":"3/2/2025","Meter_Id":"160","Description":null,"__networkId":"water","__networkName":"شبكة المياه","__layerId":"water_fire_hydrants","__layerName":"صنابير إطفاء الحريق","__assetName":"صنابير الحريق","__geometryKind":"point","__featureIndex":160,"__typeValue":"صنابير الحريق"},"geometry":{"type":"Point","coordinates":[31.55401071428766,30.275334312126105]}},{"type":"Feature","properties":{"GlobalID":"{3FA1D627-240B-4013-803F-DD263DD126FC}","Easting":"031° 33' 30.3\" E","Northing":"30° 16' 51.23\" N","sectors":"القطاع الخامس","Implementing":"السلام","Start":"1/3/2022","End_":"3/2/2025","Meter_Id":"161","Description":null,"__networkId":"water","__networkName":"شبكة المياه","__layerId":"water_fire_hydrants","__layerName":"صنابير إطفاء الحريق","__assetName":"صنابير الحريق","__geometryKind":"point","__featureIndex":161,"__typeValue":"صنابير الحريق"},"geometry":{"type":"Point","coordinates":[31.560095045927802,30.28106249645198]}},{"type":"Feature","properties":{"GlobalID":"{A176BA31-141C-4DD1-9064-1FC79ACC8047}","Easting":"031° 33' 4.88\" E","Northing":"30° 16' 33.1\" N","sectors":"القطاع الخامس","Implementing":"السلام","Start":"1/3/2022","End_":"3/2/2025","Meter_Id":"162","Description":null,"__networkId":"water","__networkName":"شبكة المياه","__layerId":"water_fire_hydrants","__layerName":"صنابير إطفاء الحريق","__assetName":"صنابير الحريق","__geometryKind":"point","__featureIndex":162,"__typeValue":"صنابير الحريق"},"geometry":{"type":"Point","coordinates":[31.553032784014853,30.276027486142333]}},{"type":"Feature","properties":{"GlobalID":"{24234AB2-D984-4F77-BCAC-D0B9CDCA210A}","Easting":"031° 33' 26.14\" E","Northing":"30° 16' 52.78\" N","sectors":"القطاع الخامس","Implementing":"السلام","Start":"1/3/2022","End_":"3/2/2025","Meter_Id":"163","Description":null,"__networkId":"water","__networkName":"شبكة المياه","__layerId":"water_fire_hydrants","__layerName":"صنابير إطفاء الحريق","__assetName":"صنابير الحريق","__geometryKind":"point","__featureIndex":163,"__typeValue":"صنابير الحريق"},"geometry":{"type":"Point","coordinates":[31.558939463926105,30.281495449986622]}},{"type":"Feature","properties":{"GlobalID":"{6133EA83-37B6-4127-A1C7-6F5FE3A4F1B5}","Easting":"031° 33' 1.17\" E","Northing":"30° 16' 29.23\" N","sectors":"القطاع الخامس","Implementing":"السلام","Start":"1/3/2022","End_":"3/2/2025","Meter_Id":"164","Description":null,"__networkId":"water","__networkName":"شبكة المياه","__layerId":"water_fire_hydrants","__layerName":"صنابير إطفاء الحريق","__assetName":"صنابير الحريق","__geometryKind":"point","__featureIndex":164,"__typeValue":"صنابير الحريق"},"geometry":{"type":"Point","coordinates":[31.552001069809354,30.27495347678423]}},{"type":"Feature","properties":{"GlobalID":"{92D8E890-983A-437E-AF29-0B3588A6F8A2}","Easting":"031° 33' 26.81\" E","Northing":"30° 16' 48.95\" N","sectors":"القطاع الخامس","Implementing":"السلام","Start":"1/3/2022","End_":"3/2/2025","Meter_Id":"165","Description":null,"__networkId":"water","__networkName":"شبكة المياه","__layerId":"water_fire_hydrants","__layerName":"صنابير إطفاء الحريق","__assetName":"صنابير الحريق","__geometryKind":"point","__featureIndex":165,"__typeValue":"صنابير الحريق"},"geometry":{"type":"Point","coordinates":[31.559125434952847,30.280430707919695]}},{"type":"Feature","properties":{"GlobalID":"{39918A96-6F5A-4035-BFDB-5D4ED619BEA0}","Easting":"031° 33' 12.54\" E","Northing":"30° 16' 51.15\" N","sectors":"القطاع الخامس","Implementing":"السلام","Start":"1/3/2022","End_":"3/2/2025","Meter_Id":"166","Description":null,"__networkId":"water","__networkName":"شبكة المياه","__layerId":"water_fire_hydrants","__layerName":"صنابير إطفاء الحريق","__assetName":"صنابير الحريق","__geometryKind":"point","__featureIndex":166,"__typeValue":"صنابير الحريق"},"geometry":{"type":"Point","coordinates":[31.555160020658803,30.281040170330563]}},{"type":"Feature","properties":{"GlobalID":"{76585AA3-A3CD-44E1-9B96-FD0C29814A5E}","Easting":"031° 33' 8.05\" E","Northing":"30° 16' 27.33\" N","sectors":"القطاع الخامس","Implementing":"السلام","Start":"1/3/2022","End_":"3/2/2025","Meter_Id":"167","Description":null,"__networkId":"water","__networkName":"شبكة المياه","__layerId":"water_fire_hydrants","__layerName":"صنابير إطفاء الحريق","__assetName":"صنابير الحريق","__geometryKind":"point","__featureIndex":167,"__typeValue":"صنابير الحريق"},"geometry":{"type":"Point","coordinates":[31.553911854690615,30.274425311859794]}},{"type":"Feature","properties":{"GlobalID":"{421A3D78-D5FB-4780-A823-09A92BD301B6}","Easting":"031° 33' 30.18\" E","Northing":"30° 16' 44.92\" N","sectors":"القطاع الخامس","Implementing":"السلام","Start":"1/3/2022","End_":"3/2/2025","Meter_Id":"168","Description":null,"__networkId":"water","__networkName":"شبكة المياه","__layerId":"water_fire_hydrants","__layerName":"صنابير إطفاء الحريق","__assetName":"صنابير الحريق","__geometryKind":"point","__featureIndex":168,"__typeValue":"صنابير الحريق"},"geometry":{"type":"Point","coordinates":[31.560059770883246,30.279310881204303]}},{"type":"Feature","properties":{"GlobalID":"{A566F663-A269-4900-A630-351068656BB6}","Easting":"031° 33' 15.19\" E","Northing":"30° 16' 41.17\" N","sectors":"القطاع الخامس","Implementing":"السلام","Start":"1/3/2022","End_":"3/2/2025","Meter_Id":"169","Description":null,"__networkId":"water","__networkName":"شبكة المياه","__layerId":"water_fire_hydrants","__layerName":"صنابير إطفاء الحريق","__assetName":"صنابير الحريق","__geometryKind":"point","__featureIndex":169,"__typeValue":"صنابير الحريق"},"geometry":{"type":"Point","coordinates":[31.55589663380186,30.278268354528308]}},{"type":"Feature","properties":{"GlobalID":"{95CC09CE-ADC1-43B3-AA73-AAD789263322}","Easting":"031° 33' 18.11\" E","Northing":"30° 16' 43.45\" N","sectors":"القطاع الخامس","Implementing":"السلام","Start":"1/3/2022","End_":"3/2/2025","Meter_Id":"170","Description":null,"__networkId":"water","__networkName":"شبكة المياه","__layerId":"water_fire_hydrants","__layerName":"صنابير إطفاء الحريق","__assetName":"صنابير الحريق","__geometryKind":"point","__featureIndex":170,"__typeValue":"صنابير الحريق"},"geometry":{"type":"Point","coordinates":[31.55670696090055,30.278902708484384]}},{"type":"Feature","properties":{"GlobalID":"{6A577A84-4923-471A-9073-A52288211ADA}","Easting":"031° 33' 21.02\" E","Northing":"30° 16' 45.73\" N","sectors":"القطاع الخامس","Implementing":"السلام","Start":"1/3/2022","End_":"3/2/2025","Meter_Id":"171","Description":null,"__networkId":"water","__networkName":"شبكة المياه","__layerId":"water_fire_hydrants","__layerName":"صنابير إطفاء الحريق","__assetName":"صنابير الحريق","__geometryKind":"point","__featureIndex":171,"__typeValue":"صنابير الحريق"},"geometry":{"type":"Point","coordinates":[31.55751730955876,30.279537056788328]}},{"type":"Feature","properties":{"GlobalID":"{5F1BCF97-9EBB-4E99-8ACB-E6EBE2246ED2}","Easting":"031° 33' 23.96\" E","Northing":"30° 16' 48.03\" N","sectors":"القطاع الخامس","Implementing":"السلام","Start":"1/3/2022","End_":"3/2/2025","Meter_Id":"172","Description":null,"__networkId":"water","__networkName":"شبكة المياه","__layerId":"water_fire_hydrants","__layerName":"صنابير إطفاء الحريق","__assetName":"صنابير الحريق","__geometryKind":"point","__featureIndex":172,"__typeValue":"صنابير الحريق"},"geometry":{"type":"Point","coordinates":[31.55833246061053,30.28017429689706]}},{"type":"Feature","properties":{"GlobalID":"{AFB1EEFC-ED84-4BD0-BF90-749DA85C534F}","Easting":"031° 33' 27.65\" E","Northing":"30° 16' 44.81\" N","sectors":"القطاع الخامس","Implementing":"السلام","Start":"1/3/2022","End_":"3/2/2025","Meter_Id":"173","Description":null,"__networkId":"water","__networkName":"شبكة المياه","__layerId":"water_fire_hydrants","__layerName":"صنابير إطفاء الحريق","__assetName":"صنابير الحريق","__geometryKind":"point","__featureIndex":173,"__typeValue":"صنابير الحريق"},"geometry":{"type":"Point","coordinates":[31.559357573995317,30.27928125318203]}},{"type":"Feature","properties":{"GlobalID":"{30BFA3E2-727F-4DD2-9B85-A2EDA5DBEFCE}","Easting":"031° 33' 24.53\" E","Northing":"30° 16' 42.37\" N","sectors":"القطاع الخامس","Implementing":"السلام","Start":"1/3/2022","End_":"3/2/2025","Meter_Id":"174","Description":null,"__networkId":"water","__networkName":"شبكة المياه","__layerId":"water_fire_hydrants","__layerName":"صنابير إطفاء الحريق","__assetName":"صنابير الحريق","__geometryKind":"point","__featureIndex":174,"__typeValue":"صنابير الحريق"},"geometry":{"type":"Point","coordinates":[31.558491620519302,30.278601224308545]}},{"type":"Feature","properties":{"GlobalID":"{F9E75C02-8854-40C4-ABD1-D316768863C5}","Easting":"031° 33' 21.56\" E","Northing":"30° 16' 40.14\" N","sectors":"القطاع الخامس","Implementing":"السلام","Start":"1/3/2022","End_":"3/2/2025","Meter_Id":"175","Description":null,"__networkId":"water","__networkName":"شبكة المياه","__layerId":"water_fire_hydrants","__layerName":"صنابير إطفاء الحريق","__assetName":"صنابير الحريق","__geometryKind":"point","__featureIndex":175,"__typeValue":"صنابير الحريق"},"geometry":{"type":"Point","coordinates":[31.55766479406382,30.277982687243682]}},{"type":"Feature","properties":{"GlobalID":"{C74BD874-C962-42CF-A9BB-DB5BAE724001}","Easting":"031° 33' 18.71\" E","Northing":"30° 16' 37.79\" N","sectors":"القطاع الخامس","Implementing":"السلام","Start":"1/3/2022","End_":"3/2/2025","Meter_Id":"176","Description":null,"__networkId":"water","__networkName":"شبكة المياه","__layerId":"water_fire_hydrants","__layerName":"صنابير إطفاء الحريق","__assetName":"صنابير الحريق","__geometryKind":"point","__featureIndex":176,"__typeValue":"صنابير الحريق"},"geometry":{"type":"Point","coordinates":[31.556873300145057,30.277330275701498]}},{"type":"Feature","properties":{"GlobalID":"{A685EA78-D1E0-46F3-828A-E8A2EE5ABBD2}","Easting":"031° 33' 14.72\" E","Northing":"30° 16' 34.76\" N","sectors":"القطاع الخامس","Implementing":"السلام","Start":"1/3/2022","End_":"3/2/2025","Meter_Id":"177","Description":null,"__networkId":"water","__networkName":"شبكة المياه","__layerId":"water_fire_hydrants","__layerName":"صنابير إطفاء الحريق","__assetName":"صنابير الحريق","__geometryKind":"point","__featureIndex":177,"__typeValue":"صنابير الحريق"},"geometry":{"type":"Point","coordinates":[31.55576641491661,30.27648984949544]}},{"type":"Feature","properties":{"GlobalID":"{F67DDAAA-17AD-4B77-9A90-4843748D1CF8}","Easting":"031° 33' 11.85\" E","Northing":"30° 16' 32.4\" N","sectors":"القطاع الخامس","Implementing":"السلام","Start":"1/3/2022","End_":"3/2/2025","Meter_Id":"178","Description":null,"__networkId":"water","__networkName":"شبكة المياه","__layerId":"water_fire_hydrants","__layerName":"صنابير إطفاء الحريق","__assetName":"صنابير الحريق","__geometryKind":"point","__featureIndex":178,"__typeValue":"صنابير الحريق"},"geometry":{"type":"Point","coordinates":[31.554968198904596,30.275833966443084]}},{"type":"Feature","properties":{"GlobalID":"{8D57EEF4-2EB6-476B-AF76-167C40F7BFB2}","Easting":"031° 33' 10.75\" E","Northing":"30° 16' 37.69\" N","sectors":"القطاع الخامس","Implementing":"السلام","Start":"1/3/2022","End_":"3/2/2025","Meter_Id":"179","Description":null,"__networkId":"water","__networkName":"شبكة المياه","__layerId":"water_fire_hydrants","__layerName":"صنابير إطفاء الحريق","__assetName":"صنابير الحريق","__geometryKind":"point","__featureIndex":179,"__typeValue":"صنابير الحريق"},"geometry":{"type":"Point","coordinates":[31.554663260391514,30.27730313811372]}},{"type":"Feature","properties":{"GlobalID":"{5809A032-6779-45B5-B28F-60FCC68D0528}","Easting":"031° 33' 7.81\" E","Northing":"30° 16' 35.39\" N","sectors":"القطاع الخامس","Implementing":"السلام","Start":"1/3/2022","End_":"3/2/2025","Meter_Id":"180","Description":null,"__networkId":"water","__networkName":"شبكة المياه","__layerId":"water_fire_hydrants","__layerName":"صنابير إطفاء الحريق","__assetName":"صنابير الحريق","__geometryKind":"point","__featureIndex":180,"__typeValue":"صنابير الحريق"},"geometry":{"type":"Point","coordinates":[31.5538467843247,30.276664769211052]}},{"type":"Feature","properties":{"GlobalID":"{BCDB6D0E-BD69-438D-91D9-4C9A47394FDD}","Easting":"031° 33' 4.72\" E","Northing":"30° 16' 28.9\" N","sectors":"القطاع الخامس","Implementing":"السلام","Start":"1/3/2022","End_":"3/2/2025","Meter_Id":"181","Description":null,"__networkId":"water","__networkName":"شبكة المياه","__layerId":"water_fire_hydrants","__layerName":"صنابير إطفاء الحريق","__assetName":"صنابير الحريق","__geometryKind":"point","__featureIndex":181,"__typeValue":"صنابير الحريق"},"geometry":{"type":"Point","coordinates":[31.55298671661043,30.27486186956427]}},{"type":"Feature","properties":{"GlobalID":"{8D857D98-B89D-4F8E-88CD-B9812FC48061}","Easting":"031° 33' 18.35\" E","Northing":"30° 16' 35.28\" N","sectors":"القطاع الخامس","Implementing":"السلام","Start":"1/3/2022","End_":"3/2/2025","Meter_Id":"182","Description":null,"__networkId":"water","__networkName":"شبكة المياه","__layerId":"water_fire_hydrants","__layerName":"صنابير إطفاء الحريق","__assetName":"صنابير الحريق","__geometryKind":"point","__featureIndex":182,"__typeValue":"صنابير الحريق"},"geometry":{"type":"Point","coordinates":[31.55677552211965,30.276631931738173]}},{"type":"Feature","properties":{"GlobalID":"{64065163-6E5F-44C6-8FE4-A2547F608362}","Easting":"031° 33' 27.15\" E","Northing":"30° 16' 42.19\" N","sectors":"القطاع الخامس","Implementing":"السلام","Start":"1/3/2022","End_":"3/2/2025","Meter_Id":"183","Description":null,"__networkId":"water","__networkName":"شبكة المياه","__layerId":"water_fire_hydrants","__layerName":"صنابير إطفاء الحريق","__assetName":"صنابير الحريق","__geometryKind":"point","__featureIndex":183,"__typeValue":"صنابير الحريق"},"geometry":{"type":"Point","coordinates":[31.55921835129596,30.278551180883685]}},{"type":"Feature","properties":{"GlobalID":"{AC683B9E-09ED-4308-8CA2-9AA7A91F82CD}","Easting":"031° 33' 15.42\" E","Northing":"30° 16' 53.4\" N","sectors":"القطاع الخامس","Implementing":"السلام","Start":"1/3/2022","End_":"3/2/2025","Meter_Id":"184","Description":null,"__networkId":"water","__networkName":"شبكة المياه","__layerId":"water_fire_hydrants","__layerName":"صنابير إطفاء الحريق","__assetName":"صنابير الحريق","__geometryKind":"point","__featureIndex":184,"__typeValue":"صنابير الحريق"},"geometry":{"type":"Point","coordinates":[31.555959529346474,30.281665272659385]}},{"type":"Feature","properties":{"GlobalID":"{65FE958D-1E9D-4B6D-9B40-5CC076A7AD1E}","Easting":"031° 33' 21.15\" E","Northing":"30° 16' 57.88\" N","sectors":"القطاع الخامس","Implementing":"السلام","Start":"1/3/2022","End_":"3/2/2025","Meter_Id":"185","Description":null,"__networkId":"water","__networkName":"شبكة المياه","__layerId":"water_fire_hydrants","__layerName":"صنابير إطفاء الحريق","__assetName":"صنابير الحريق","__geometryKind":"point","__featureIndex":185,"__typeValue":"صنابير الحريق"},"geometry":{"type":"Point","coordinates":[31.557552578315143,30.282910938171693]}},{"type":"Feature","properties":{"GlobalID":"{555CF81B-D1C3-4ABB-B479-944602BBF53D}","Easting":"031° 33' 17.65\" E","Northing":"30° 16' 58.66\" N","sectors":"القطاع الخامس","Implementing":"السلام","Start":"1/3/2022","End_":"3/2/2025","Meter_Id":"186","Description":null,"__networkId":"water","__networkName":"شبكة المياه","__layerId":"water_fire_hydrants","__layerName":"صنابير إطفاء الحريق","__assetName":"صنابير الحريق","__geometryKind":"point","__featureIndex":186,"__typeValue":"صنابير الحريق"},"geometry":{"type":"Point","coordinates":[31.55657886024272,30.283127252074063]}},{"type":"Feature","properties":{"GlobalID":"{94377872-EC67-4A36-8416-FF377102E47F}","Easting":"031° 33' 14.86\" E","Northing":"30° 16' 56.48\" N","sectors":"القطاع الخامس","Implementing":"السلام","Start":"1/3/2022","End_":"3/2/2025","Meter_Id":"187","Description":null,"__networkId":"water","__networkName":"شبكة المياه","__layerId":"water_fire_hydrants","__layerName":"صنابير إطفاء الحريق","__assetName":"صنابير الحريق","__geometryKind":"point","__featureIndex":187,"__typeValue":"صنابير الحريق"},"geometry":{"type":"Point","coordinates":[31.555803503659742,30.282521150718935]}},{"type":"Feature","properties":{"GlobalID":"{3BE2528F-20FD-4C70-BC98-AC0402050FE2}","Easting":"031° 33' 12.2\" E","Northing":"30° 16' 54.4\" N","sectors":"القطاع الخامس","Implementing":"السلام","Start":"1/3/2022","End_":"3/2/2025","Meter_Id":"188","Description":null,"__networkId":"water","__networkName":"شبكة المياه","__layerId":"water_fire_hydrants","__layerName":"صنابير إطفاء الحريق","__assetName":"صنابير الحريق","__geometryKind":"point","__featureIndex":188,"__typeValue":"صنابير الحريق"},"geometry":{"type":"Point","coordinates":[31.555064804628557,30.281943691530465]}},{"type":"Feature","properties":{"GlobalID":"{107242C3-5961-4ADF-A2D3-DD748DEC4165}","Easting":"031° 33' 21.17\" E","Northing":"30° 17' 1.87\" N","sectors":"القطاع الخامس","Implementing":"السلام","Start":"1/3/2022","End_":"3/2/2025","Meter_Id":"189","Description":null,"__networkId":"water","__networkName":"شبكة المياه","__layerId":"water_fire_hydrants","__layerName":"صنابير إطفاء الحريق","__assetName":"صنابير الحريق","__geometryKind":"point","__featureIndex":189,"__typeValue":"صنابير الحريق"},"geometry":{"type":"Point","coordinates":[31.557556417714665,30.284018768285854]}},{"type":"Feature","properties":{"GlobalID":"{569ACE41-4FF1-45CB-9B30-BB4D2A9E2CA2}","Easting":"031° 33' 2.66\" E","Northing":"30° 16' 46.94\" N","sectors":"القطاع الخامس","Implementing":"السلام","Start":"1/3/2022","End_":"3/2/2025","Meter_Id":"190","Description":null,"__networkId":"water","__networkName":"شبكة المياه","__layerId":"water_fire_hydrants","__layerName":"صنابير إطفاء الحريق","__assetName":"صنابير الحريق","__geometryKind":"point","__featureIndex":190,"__typeValue":"صنابير الحريق"},"geometry":{"type":"Point","coordinates":[31.55241642654223,30.27987300436196]}},{"type":"Feature","properties":{"GlobalID":"{5E75D2B3-7933-46C4-9716-AAAD4FF76596}","Easting":"031° 32' 59.7\" E","Northing":"30° 16' 44.63\" N","sectors":"القطاع الخامس","Implementing":"السلام","Start":"1/3/2022","End_":"3/2/2025","Meter_Id":"191","Description":null,"__networkId":"water","__networkName":"شبكة المياه","__layerId":"water_fire_hydrants","__layerName":"صنابير إطفاء الحريق","__assetName":"صنابير الحريق","__geometryKind":"point","__featureIndex":191,"__typeValue":"صنابير الحريق"},"geometry":{"type":"Point","coordinates":[31.551593314620423,30.279229458425036]}},{"type":"Feature","properties":{"GlobalID":"{8F9E23D0-E657-42EA-8DA7-1ABB6BCBABB6}","Easting":"031° 32' 56.4\" E","Northing":"30° 16' 42.05\" N","sectors":"القطاع الخامس","Implementing":"السلام","Start":"1/3/2022","End_":"3/2/2025","Meter_Id":"192","Description":null,"__networkId":"water","__networkName":"شبكة المياه","__layerId":"water_fire_hydrants","__layerName":"صنابير إطفاء الحريق","__assetName":"صنابير الحريق","__geometryKind":"point","__featureIndex":192,"__typeValue":"صنابير الحريق"},"geometry":{"type":"Point","coordinates":[31.550677342051088,30.27851329532228]}},{"type":"Feature","properties":{"GlobalID":"{616E7153-E7C7-4E72-8C62-CD1D9BF40CFE}","Easting":"031° 33' 0.34\" E","Northing":"30° 16' 37.59\" N","sectors":"القطاع الخامس","Implementing":"السلام","Start":"1/3/2022","End_":"3/2/2025","Meter_Id":"193","Description":null,"__networkId":"water","__networkName":"شبكة المياه","__layerId":"water_fire_hydrants","__layerName":"صنابير إطفاء الحريق","__assetName":"صنابير الحريق","__geometryKind":"point","__featureIndex":193,"__typeValue":"صنابير الحريق"},"geometry":{"type":"Point","coordinates":[31.55177261745281,30.277274901236538]}},{"type":"Feature","properties":{"GlobalID":"{FCAAC01D-4E22-40EA-9062-EBF48491B220}","Easting":"031° 33' 9.31\" E","Northing":"30° 16' 52.14\" N","sectors":"القطاع الخامس","Implementing":"السلام","Start":"1/3/2022","End_":"3/2/2025","Meter_Id":"194","Description":null,"__networkId":"water","__networkName":"شبكة المياه","__layerId":"water_fire_hydrants","__layerName":"صنابير إطفاء الحريق","__assetName":"صنابير الحريق","__geometryKind":"point","__featureIndex":194,"__typeValue":"صنابير الحريق"},"geometry":{"type":"Point","coordinates":[31.554264077825316,30.281317732221055]}},{"type":"Feature","properties":{"GlobalID":"{63440A0A-F7A2-4937-A389-DC9F5E18FCD4}","Easting":"031° 33' 13.56\" E","Northing":"30° 16' 47.93\" N","sectors":"القطاع الخامس","Implementing":"السلام","Start":"1/3/2022","End_":"3/2/2025","Meter_Id":"195","Description":null,"__networkId":"water","__networkName":"شبكة المياه","__layerId":"water_fire_hydrants","__layerName":"صنابير إطفاء الحريق","__assetName":"صنابير الحريق","__geometryKind":"point","__featureIndex":195,"__typeValue":"صنابير الحريق"},"geometry":{"type":"Point","coordinates":[31.555442895650174,30.280145921209495]}},{"type":"Feature","properties":{"GlobalID":"{72B4D37B-4780-4284-AC76-F99E8EC6DAB7}","Easting":"031° 33' 16.88\" E","Northing":"30° 16' 50.52\" N","sectors":"القطاع الخامس","Implementing":"السلام","Start":"1/3/2022","End_":"3/2/2025","Meter_Id":"196","Description":null,"__networkId":"water","__networkName":"شبكة المياه","__layerId":"water_fire_hydrants","__layerName":"صنابير إطفاء الحريق","__assetName":"صنابير الحريق","__geometryKind":"point","__featureIndex":196,"__typeValue":"صنابير الحريق"},"geometry":{"type":"Point","coordinates":[31.55636650928932,30.280867848652175]}},{"type":"Feature","properties":{"GlobalID":"{17B3BCD9-9F79-4E55-AB47-12A669885B73}","Easting":"031° 33' 22.04\" E","Northing":"30° 16' 54.55\" N","sectors":"القطاع الخامس","Implementing":"السلام","Start":"1/3/2022","End_":"3/2/2025","Meter_Id":"197","Description":null,"__networkId":"water","__networkName":"شبكة المياه","__layerId":"water_fire_hydrants","__layerName":"صنابير إطفاء الحريق","__assetName":"صنابير الحريق","__geometryKind":"point","__featureIndex":197,"__typeValue":"صنابير الحريق"},"geometry":{"type":"Point","coordinates":[31.55779832234258,30.281986965636]}},{"type":"Feature","properties":{"GlobalID":"{31E76B32-60AA-4E9A-9896-08440DD3A07B}","Easting":"031° 33' 19.33\" E","Northing":"30° 16' 52.44\" N","sectors":"القطاع الخامس","Implementing":"السلام","Start":"1/3/2022","End_":"3/2/2025","Meter_Id":"198","Description":null,"__networkId":"water","__networkName":"شبكة المياه","__layerId":"water_fire_hydrants","__layerName":"صنابير إطفاء الحريق","__assetName":"صنابير الحريق","__geometryKind":"point","__featureIndex":198,"__typeValue":"صنابير الحريق"},"geometry":{"type":"Point","coordinates":[31.557045505388412,30.281398562922945]}},{"type":"Feature","properties":{"GlobalID":"{9736CE01-01D8-4770-8E0D-7371AB5E4712}","Easting":"031° 33' 29.86\" E","Northing":"30° 16' 55.69\" N","sectors":"القطاع الخامس","Implementing":"السلام","Start":"1/3/2022","End_":"3/2/2025","Meter_Id":"199","Description":null,"__networkId":"water","__networkName":"شبكة المياه","__layerId":"water_fire_hydrants","__layerName":"صنابير إطفاء الحريق","__assetName":"صنابير الحريق","__geometryKind":"point","__featureIndex":199,"__typeValue":"صنابير الحريق"},"geometry":{"type":"Point","coordinates":[31.559970570870462,30.2823014749687]}},{"type":"Feature","properties":{"GlobalID":"{2A507A5C-6B26-43DE-A8A0-ECDE3DA5654E}","Easting":"031° 33' 24.35\" E","Northing":"30° 16' 56.19\" N","sectors":"القطاع الخامس","Implementing":"السلام","Start":"1/3/2022","End_":"3/2/2025","Meter_Id":"200","Description":null,"__networkId":"water","__networkName":"شبكة المياه","__layerId":"water_fire_hydrants","__layerName":"صنابير إطفاء الحريق","__assetName":"صنابير الحريق","__geometryKind":"point","__featureIndex":200,"__typeValue":"صنابير الحريق"},"geometry":{"type":"Point","coordinates":[31.558440033865814,30.282442635750787]}},{"type":"Feature","properties":{"GlobalID":"{FFE58EF1-1974-4A9F-B948-8D74BA6A8A39}","Easting":"031° 33' 22.26\" E","Northing":"30° 16' 51.17\" N","sectors":"القطاع الخامس","Implementing":"السلام","Start":"1/3/2022","End_":"3/2/2025","Meter_Id":"201","Description":null,"__networkId":"water","__networkName":"شبكة المياه","__layerId":"water_fire_hydrants","__layerName":"صنابير إطفاء الحريق","__assetName":"صنابير الحريق","__geometryKind":"point","__featureIndex":201,"__typeValue":"صنابير الحريق"},"geometry":{"type":"Point","coordinates":[31.55785954073258,30.28104579220049]}},{"type":"Feature","properties":{"GlobalID":"{4B865E6D-5CE7-4BE3-9D0A-B8A87F558C90}","Easting":"031° 33' 20.54\" E","Northing":"30° 16' 48.4\" N","sectors":"القطاع الخامس","Implementing":"السلام","Start":"1/3/2022","End_":"3/2/2025","Meter_Id":"202","Description":null,"__networkId":"water","__networkName":"شبكة المياه","__layerId":"water_fire_hydrants","__layerName":"صنابير إطفاء الحريق","__assetName":"صنابير الحريق","__geometryKind":"point","__featureIndex":202,"__typeValue":"صنابير الحريق"},"geometry":{"type":"Point","coordinates":[31.55738145105017,30.28027750138637]}},{"type":"Feature","properties":{"GlobalID":"{AA9BAFF2-0E64-400B-94BD-7D61DB7CD84A}","Easting":"031° 33' 14.66\" E","Northing":"30° 16' 43.81\" N","sectors":"القطاع الخامس","Implementing":"السلام","Start":"1/3/2022","End_":"3/2/2025","Meter_Id":"203","Description":null,"__networkId":"water","__networkName":"شبكة المياه","__layerId":"water_fire_hydrants","__layerName":"صنابير إطفاء الحريق","__assetName":"صنابير الحريق","__geometryKind":"point","__featureIndex":203,"__typeValue":"صنابير الحريق"},"geometry":{"type":"Point","coordinates":[31.55575040514161,30.279002405514834]}},{"type":"Feature","properties":{"GlobalID":"{2FC52594-F8A5-46F7-AC66-A2318F07A9F3}","Easting":"031° 33' 10.28\" E","Northing":"30° 16' 40.38\" N","sectors":"القطاع الخامس","Implementing":"السلام","Start":"1/3/2022","End_":"3/2/2025","Meter_Id":"204","Description":null,"__networkId":"water","__networkName":"شبكة المياه","__layerId":"water_fire_hydrants","__layerName":"صنابير إطفاء الحريق","__assetName":"صنابير الحريق","__geometryKind":"point","__featureIndex":204,"__typeValue":"صنابير الحريق"},"geometry":{"type":"Point","coordinates":[31.55453358858023,30.278051105190666]}},{"type":"Feature","properties":{"GlobalID":"{59D1084B-1B9E-484D-82B1-99CA91300B1C}","Easting":"031° 33' 4.88\" E","Northing":"30° 16' 36.16\" N","sectors":"القطاع الخامس","Implementing":"السلام","Start":"1/3/2022","End_":"3/2/2025","Meter_Id":"205","Description":null,"__networkId":"water","__networkName":"شبكة المياه","__layerId":"water_fire_hydrants","__layerName":"صنابير إطفاء الحريق","__assetName":"صنابير الحريق","__geometryKind":"point","__featureIndex":205,"__typeValue":"صنابير الحريق"},"geometry":{"type":"Point","coordinates":[31.55303229083974,30.276877356826922]}},{"type":"Feature","properties":{"GlobalID":"{756FF16F-F0FE-449D-8DA4-5DDCEEFB6F98}","Easting":"031° 32' 58.58\" E","Northing":"30° 16' 31.24\" N","sectors":"القطاع الخامس","Implementing":"السلام","Start":"1/3/2022","End_":"3/2/2025","Meter_Id":"206","Description":null,"__networkId":"water","__networkName":"شبكة المياه","__layerId":"water_fire_hydrants","__layerName":"صنابير إطفاء الحريق","__assetName":"صنابير الحريق","__geometryKind":"point","__featureIndex":206,"__typeValue":"صنابير الحريق"},"geometry":{"type":"Point","coordinates":[31.551283587188546,30.275510124513946]}},{"type":"Feature","properties":{"GlobalID":"{9B3AEF16-2347-469C-8E01-9DFBD2874754}","Easting":"031° 33' 16.74\" E","Northing":"30° 16' 46.85\" N","sectors":"القطاع الخامس","Implementing":"السلام","Start":"1/3/2022","End_":"3/2/2025","Meter_Id":"207","Description":null,"__networkId":"water","__networkName":"شبكة المياه","__layerId":"water_fire_hydrants","__layerName":"صنابير إطفاء الحريق","__assetName":"صنابير الحريق","__geometryKind":"point","__featureIndex":207,"__typeValue":"صنابير الحريق"},"geometry":{"type":"Point","coordinates":[31.55632777034102,30.27984832741475]}},{"type":"Feature","properties":{"GlobalID":"{59965886-C27C-4AF3-8FF8-5729A94EE20C}","Easting":"031° 33' 6.95\" E","Northing":"30° 16' 39.2\" N","sectors":"القطاع الخامس","Implementing":"السلام","Start":"1/3/2022","End_":"3/2/2025","Meter_Id":"208","Description":null,"__networkId":"water","__networkName":"شبكة المياه","__layerId":"water_fire_hydrants","__layerName":"صنابير إطفاء الحريق","__assetName":"صنابير الحريق","__geometryKind":"point","__featureIndex":208,"__typeValue":"صنابير الحريق"},"geometry":{"type":"Point","coordinates":[31.553606265797274,30.2777206702619]}},{"type":"Feature","properties":{"GlobalID":"{7098C93D-861E-4856-95AE-E48173E710F9}","Easting":"031° 33' 0.41\" E","Northing":"30° 16' 34.09\" N","sectors":"القطاع الخامس","Implementing":"السلام","Start":"1/3/2022","End_":"3/2/2025","Meter_Id":"209","Description":null,"__networkId":"water","__networkName":"شبكة المياه","__layerId":"water_fire_hydrants","__layerName":"صنابير إطفاء الحريق","__assetName":"صنابير الحريق","__geometryKind":"point","__featureIndex":209,"__typeValue":"صنابير الحريق"},"geometry":{"type":"Point","coordinates":[31.551791241325297,30.276301610726705]}},{"type":"Feature","properties":{"GlobalID":"{CB5EB3C8-BD62-49F3-AD63-3F5CAC97140E}","Easting":"031° 33' 3.05\" E","Northing":"30° 16' 39.7\" N","sectors":"القطاع الخامس","Implementing":"السلام","Start":"1/3/2022","End_":"3/2/2025","Meter_Id":"210","Description":null,"__networkId":"water","__networkName":"شبكة المياه","__layerId":"water_fire_hydrants","__layerName":"صنابير إطفاء الحريق","__assetName":"صنابير الحريق","__geometryKind":"point","__featureIndex":210,"__typeValue":"صنابير الحريق"},"geometry":{"type":"Point","coordinates":[31.552522927209047,30.277861935381598]}},{"type":"Feature","properties":{"GlobalID":"{57EEC335-E256-43B5-BA5F-9E834DDD3FC1}","Easting":"031° 33' 5.76\" E","Northing":"30° 16' 41.82\" N","sectors":"القطاع الخامس","Implementing":"السلام","Start":"1/3/2022","End_":"3/2/2025","Meter_Id":"211","Description":null,"__networkId":"water","__networkName":"شبكة المياه","__layerId":"water_fire_hydrants","__layerName":"صنابير إطفاء الحريق","__assetName":"صنابير الحريق","__geometryKind":"point","__featureIndex":211,"__typeValue":"صنابير الحريق"},"geometry":{"type":"Point","coordinates":[31.553275923826273,30.278451059823347]}},{"type":"Feature","properties":{"GlobalID":"{2E8CA3EA-CC0F-408D-B8CA-C05B3F64B96D}","Easting":"031° 33' 9.49\" E","Northing":"30° 16' 44.38\" N","sectors":"القطاع الخامس","Implementing":"السلام","Start":"1/3/2022","End_":"3/2/2025","Meter_Id":"212","Description":null,"__networkId":"water","__networkName":"شبكة المياه","__layerId":"water_fire_hydrants","__layerName":"صنابير إطفاء الحريق","__assetName":"صنابير الحريق","__geometryKind":"point","__featureIndex":212,"__typeValue":"صنابير الحريق"},"geometry":{"type":"Point","coordinates":[31.554312959651504,30.27916119490123]}},{"type":"Feature","properties":{"GlobalID":"{435BE4D5-2458-4015-B7C0-302E07F01675}","Easting":"031° 33' 6.39\" E","Northing":"30° 16' 46.34\" N","sectors":"القطاع الخامس","Implementing":"السلام","Start":"1/3/2022","End_":"3/2/2025","Meter_Id":"213","Description":null,"__networkId":"water","__networkName":"شبكة المياه","__layerId":"water_fire_hydrants","__layerName":"صنابير إطفاء الحريق","__assetName":"صنابير الحريق","__geometryKind":"point","__featureIndex":213,"__typeValue":"صنابير الحريق"},"geometry":{"type":"Point","coordinates":[31.553451239037116,30.27970446247328]}},{"type":"Feature","properties":{"GlobalID":"{AFB9923F-2997-4F28-8CBE-DCE3D2F1893F}","Easting":"031° 33' 3.99\" E","Northing":"30° 16' 44.46\" N","sectors":"القطاع الخامس","Implementing":"السلام","Start":"1/3/2022","End_":"3/2/2025","Meter_Id":"214","Description":null,"__networkId":"water","__networkName":"شبكة المياه","__layerId":"water_fire_hydrants","__layerName":"صنابير إطفاء الحريق","__assetName":"صنابير الحريق","__geometryKind":"point","__featureIndex":214,"__typeValue":"صنابير الحريق"},"geometry":{"type":"Point","coordinates":[31.55278491457344,30.279183837186967]}},{"type":"Feature","properties":{"GlobalID":"{7390233F-C56B-44C4-BB49-2B84BC7B3F35}","Easting":"031° 33' 1.12\" E","Northing":"30° 16' 42.22\" N","sectors":"القطاع الخامس","Implementing":"السلام","Start":"1/3/2022","End_":"3/2/2025","Meter_Id":"215","Description":null,"__networkId":"water","__networkName":"شبكة المياه","__layerId":"water_fire_hydrants","__layerName":"صنابير إطفاء الحريق","__assetName":"صنابير الحريق","__geometryKind":"point","__featureIndex":215,"__typeValue":"صنابير الحريق"},"geometry":{"type":"Point","coordinates":[31.55198704890439,30.27856042186774]}},{"type":"Feature","properties":{"GlobalID":"{02EC76E2-263A-4065-AB41-E91A42BD221A}","Easting":"031° 32' 57.86\" E","Northing":"30° 16' 39.67\" N","sectors":"القطاع الخامس","Implementing":"السلام","Start":"1/3/2022","End_":"3/2/2025","Meter_Id":"216","Description":null,"__networkId":"water","__networkName":"شبكة المياه","__layerId":"water_fire_hydrants","__layerName":"صنابير إطفاء الحريق","__assetName":"صنابير الحريق","__geometryKind":"point","__featureIndex":216,"__typeValue":"صنابير الحريق"},"geometry":{"type":"Point","coordinates":[31.55108120214494,30.277852619081443]}},{"type":"Feature","properties":{"GlobalID":"{4200E051-6185-459B-B346-3419452BD7E0}","Easting":"031° 32' 58.38\" E","Northing":"30° 16' 34.81\" N","sectors":"القطاع الخامس","Implementing":"السلام","Start":"1/3/2022","End_":"3/2/2025","Meter_Id":"217","Description":null,"__networkId":"water","__networkName":"شبكة المياه","__layerId":"water_fire_hydrants","__layerName":"صنابير إطفاء الحريق","__assetName":"صنابير الحريق","__geometryKind":"point","__featureIndex":217,"__typeValue":"صنابير الحريق"},"geometry":{"type":"Point","coordinates":[31.55122694571493,30.27650197039591]}},{"type":"Feature","properties":{"GlobalID":"{342EA872-8BF9-4F5F-96C6-09AC89633600}","Easting":"031° 32' 54.59\" E","Northing":"30° 16' 38.45\" N","sectors":"القطاع الخامس","Implementing":"السلام","Start":"1/3/2022","End_":"3/2/2025","Meter_Id":"218","Description":null,"__networkId":"water","__networkName":"شبكة المياه","__layerId":"water_fire_hydrants","__layerName":"صنابير إطفاء الحريق","__assetName":"صنابير الحريق","__geometryKind":"point","__featureIndex":218,"__typeValue":"صنابير الحريق"},"geometry":{"type":"Point","coordinates":[31.55017279967848,30.27751297265787]}},{"type":"Feature","properties":{"GlobalID":"{3CFC786D-DA37-48D7-A438-8F69B2742AE9}","Easting":"031° 33' 11.87\" E","Northing":"30° 16' 46.5\" N","sectors":"القطاع الخامس","Implementing":"السلام","Start":"1/3/2022","End_":"3/2/2025","Meter_Id":"219","Description":null,"__networkId":"water","__networkName":"شبكة المياه","__layerId":"water_fire_hydrants","__layerName":"صنابير إطفاء الحريق","__assetName":"صنابير الحريق","__geometryKind":"point","__featureIndex":219,"__typeValue":"صنابير الحريق"},"geometry":{"type":"Point","coordinates":[31.55497355915188,30.27975092904938]}},{"type":"Feature","properties":{"GlobalID":"{307198CC-62D4-4F8C-B481-73A30A073941}","Easting":"031° 33' 9.02\" E","Northing":"30° 16' 49.24\" N","sectors":"القطاع الخامس","Implementing":"السلام","Start":"1/3/2022","End_":"3/2/2025","Meter_Id":"220","Description":null,"__networkId":"water","__networkName":"شبكة المياه","__layerId":"water_fire_hydrants","__layerName":"صنابير إطفاء الحريق","__assetName":"صنابير الحريق","__geometryKind":"point","__featureIndex":220,"__typeValue":"صنابير الحريق"},"geometry":{"type":"Point","coordinates":[31.55418334084085,30.28051231821089]}},{"type":"Feature","properties":{"GlobalID":"{131978CE-E49A-4432-8757-4ED2A996F687}","Easting":"031° 30' 54.46\" E","Northing":"30° 16' 39.39\" N","sectors":"القطاع الثالث عشر","Implementing":null,"Start":null,"End_":null,"Meter_Id":"221","Description":null,"__networkId":"water","__networkName":"شبكة المياه","__layerId":"water_fire_hydrants","__layerName":"صنابير إطفاء الحريق","__assetName":"صنابير الحريق","__geometryKind":"point","__featureIndex":221,"__typeValue":"صنابير الحريق"},"geometry":{"type":"Point","coordinates":[31.51680426669717,30.27777528731684]}},{"type":"Feature","properties":{"GlobalID":"{A8186336-4758-4E7B-A3F7-9F5601501FBE}","Easting":"031° 30' 58.15\" E","Northing":"30° 16' 39.83\" N","sectors":"القطاع الثالث عشر","Implementing":null,"Start":null,"End_":null,"Meter_Id":"222","Description":null,"__networkId":"water","__networkName":"شبكة المياه","__layerId":"water_fire_hydrants","__layerName":"صنابير إطفاء الحريق","__assetName":"صنابير الحريق","__geometryKind":"point","__featureIndex":222,"__typeValue":"صنابير الحريق"},"geometry":{"type":"Point","coordinates":[31.517830617960428,30.277898382129614]}},{"type":"Feature","properties":{"GlobalID":"{6EFA9E19-16FA-488D-B328-7AB5B0476654}","Easting":"031° 31' 1.73\" E","Northing":"30° 16' 40.26\" N","sectors":"القطاع الثالث عشر","Implementing":null,"Start":null,"End_":null,"Meter_Id":"223","Description":null,"__networkId":"water","__networkName":"شبكة المياه","__layerId":"water_fire_hydrants","__layerName":"صنابير إطفاء الحريق","__assetName":"صنابير الحريق","__geometryKind":"point","__featureIndex":223,"__typeValue":"صنابير الحريق"},"geometry":{"type":"Point","coordinates":[31.518824923622525,30.278017737551423]}},{"type":"Feature","properties":{"GlobalID":"{0A9FFE86-DC27-4228-80D0-4F1A8A45C0D1}","Easting":"031° 31' 5.76\" E","Northing":"30° 16' 40.74\" N","sectors":"القطاع الثالث عشر","Implementing":null,"Start":null,"End_":null,"Meter_Id":"224","Description":null,"__networkId":"water","__networkName":"شبكة المياه","__layerId":"water_fire_hydrants","__layerName":"صنابير إطفاء الحريق","__assetName":"صنابير الحريق","__geometryKind":"point","__featureIndex":224,"__typeValue":"صنابير الحريق"},"geometry":{"type":"Point","coordinates":[31.51994339621986,30.278151315097315]}},{"type":"Feature","properties":{"GlobalID":"{FD2B07A1-1E99-4502-A541-54088F96C023}","Easting":"031° 31' 8.7\" E","Northing":"30° 16' 41.1\" N","sectors":"القطاع الثالث عشر","Implementing":null,"Start":null,"End_":null,"Meter_Id":"225","Description":null,"__networkId":"water","__networkName":"شبكة المياه","__layerId":"water_fire_hydrants","__layerName":"صنابير إطفاء الحريق","__assetName":"صنابير الحريق","__geometryKind":"point","__featureIndex":225,"__typeValue":"صنابير الحريق"},"geometry":{"type":"Point","coordinates":[31.52075926233055,30.278250237893552]}},{"type":"Feature","properties":{"GlobalID":"{3E4BB0C4-4049-4215-95D7-AF83196F1104}","Easting":"031° 31' 12.2\" E","Northing":"30° 16' 41.48\" N","sectors":"القطاع الثالث عشر","Implementing":null,"Start":null,"End_":null,"Meter_Id":"226","Description":null,"__networkId":"water","__networkName":"شبكة المياه","__layerId":"water_fire_hydrants","__layerName":"صنابير إطفاء الحريق","__assetName":"صنابير الحريق","__geometryKind":"point","__featureIndex":226,"__typeValue":"صنابير الحريق"},"geometry":{"type":"Point","coordinates":[31.521733052268235,30.278355461415117]}},{"type":"Feature","properties":{"GlobalID":"{EA740FE4-478D-409A-B6C5-EF0912858035}","Easting":"031° 31' 16.61\" E","Northing":"30° 16' 41.91\" N","sectors":"القطاع الثالث عشر","Implementing":null,"Start":null,"End_":null,"Meter_Id":"227","Description":null,"__networkId":"water","__networkName":"شبكة المياه","__layerId":"water_fire_hydrants","__layerName":"صنابير إطفاء الحريق","__assetName":"صنابير الحريق","__geometryKind":"point","__featureIndex":227,"__typeValue":"صنابير الحريق"},"geometry":{"type":"Point","coordinates":[31.522956222613583,30.27847454398513]}},{"type":"Feature","properties":{"GlobalID":"{1919A75E-9DCE-4036-9F89-3641CBBC90F0}","Easting":"031° 31' 19.97\" E","Northing":"30° 16' 42.22\" N","sectors":"القطاع الثالث عشر","Implementing":null,"Start":null,"End_":null,"Meter_Id":"228","Description":null,"__networkId":"water","__networkName":"شبكة المياه","__layerId":"water_fire_hydrants","__layerName":"صنابير إطفاء الحريق","__assetName":"صنابير الحريق","__geometryKind":"point","__featureIndex":228,"__typeValue":"صنابير الحريق"},"geometry":{"type":"Point","coordinates":[31.523891759591503,30.278561294610096]}},{"type":"Feature","properties":{"GlobalID":"{867364C8-6AD3-4793-BBBD-F147E6EF56FE}","Easting":"031° 31' 24.31\" E","Northing":"30° 16' 42.66\" N","sectors":"القطاع الثاني عشر","Implementing":null,"Start":null,"End_":null,"Meter_Id":"229","Description":null,"__networkId":"water","__networkName":"شبكة المياه","__layerId":"water_fire_hydrants","__layerName":"صنابير إطفاء الحريق","__assetName":"صنابير الحريق","__geometryKind":"point","__featureIndex":229,"__typeValue":"صنابير الحريق"},"geometry":{"type":"Point","coordinates":[31.525097280736507,30.27868356767236]}},{"type":"Feature","properties":{"GlobalID":"{C905F077-60C8-4877-A07A-23FE1CA5A349}","Easting":"031° 31' 27.56\" E","Northing":"30° 16' 43.09\" N","sectors":"القطاع الثاني عشر","Implementing":null,"Start":null,"End_":null,"Meter_Id":"230","Description":null,"__networkId":"water","__networkName":"شبكة المياه","__layerId":"water_fire_hydrants","__layerName":"صنابير إطفاء الحريق","__assetName":"صنابير الحريق","__geometryKind":"point","__featureIndex":230,"__typeValue":"صنابير الحريق"},"geometry":{"type":"Point","coordinates":[31.525997813961062,30.278803824358548]}},{"type":"Feature","properties":{"GlobalID":"{473E5C42-2E5A-4E31-8797-B5AAD6BDB41D}","Easting":"031° 31' 31.76\" E","Northing":"30° 16' 43.66\" N","sectors":"القطاع الثاني عشر","Implementing":null,"Start":null,"End_":null,"Meter_Id":"231","Description":null,"__networkId":"water","__networkName":"شبكة المياه","__layerId":"water_fire_hydrants","__layerName":"صنابير إطفاء الحريق","__assetName":"صنابير الحريق","__geometryKind":"point","__featureIndex":231,"__typeValue":"صنابير الحريق"},"geometry":{"type":"Point","coordinates":[31.52716654011199,30.278961240957276]}},{"type":"Feature","properties":{"GlobalID":"{565DC4B9-F24C-4E71-9E66-E781E042046A}","Easting":"031° 31' 35.41\" E","Northing":"30° 16' 44.19\" N","sectors":"القطاع الثاني عشر","Implementing":null,"Start":null,"End_":null,"Meter_Id":"232","Description":null,"__networkId":"water","__networkName":"شبكة المياه","__layerId":"water_fire_hydrants","__layerName":"صنابير إطفاء الحريق","__assetName":"صنابير الحريق","__geometryKind":"point","__featureIndex":232,"__typeValue":"صنابير الحريق"},"geometry":{"type":"Point","coordinates":[31.52817883992758,30.27910705726571]}},{"type":"Feature","properties":{"GlobalID":"{01BF550D-4A6B-4128-AD51-93B421C71F12}","Easting":"031° 31' 38.4\" E","Northing":"30° 16' 44.54\" N","sectors":"القطاع الثاني عشر","Implementing":null,"Start":null,"End_":null,"Meter_Id":"233","Description":null,"__networkId":"water","__networkName":"شبكة المياه","__layerId":"water_fire_hydrants","__layerName":"صنابير إطفاء الحريق","__assetName":"صنابير الحريق","__geometryKind":"point","__featureIndex":233,"__typeValue":"صنابير الحريق"},"geometry":{"type":"Point","coordinates":[31.529009342289214,30.279206461624845]}},{"type":"Feature","properties":{"GlobalID":"{4E199F7F-B300-4038-AA90-447C02F3D132}","Easting":"031° 31' 42.66\" E","Northing":"30° 16' 45.03\" N","sectors":"القطاع الثاني عشر","Implementing":null,"Start":null,"End_":null,"Meter_Id":"234","Description":null,"__networkId":"water","__networkName":"شبكة المياه","__layerId":"water_fire_hydrants","__layerName":"صنابير إطفاء الحريق","__assetName":"صنابير الحريق","__geometryKind":"point","__featureIndex":234,"__typeValue":"صنابير الحريق"},"geometry":{"type":"Point","coordinates":[31.53019326973139,30.279341083283633]}},{"type":"Feature","properties":{"GlobalID":"{5CA01BFB-3309-429E-9266-D0F11A6AFE42}","Easting":"031° 31' 46.36\" E","Northing":"30° 16' 45.5\" N","sectors":"القطاع الثاني عشر","Implementing":null,"Start":null,"End_":null,"Meter_Id":"235","Description":null,"__networkId":"water","__networkName":"شبكة المياه","__layerId":"water_fire_hydrants","__layerName":"صنابير إطفاء الحريق","__assetName":"صنابير الحريق","__geometryKind":"point","__featureIndex":235,"__typeValue":"صنابير الحريق"},"geometry":{"type":"Point","coordinates":[31.53122116430029,30.279471116115232]}},{"type":"Feature","properties":{"GlobalID":"{60499D04-7492-4678-AD92-4EB4FF7EF234}","Easting":"031° 31' 50.08\" E","Northing":"30° 16' 45.93\" N","sectors":"القطاع الثاني عشر","Implementing":null,"Start":null,"End_":null,"Meter_Id":"236","Description":null,"__networkId":"water","__networkName":"شبكة المياه","__layerId":"water_fire_hydrants","__layerName":"صنابير إطفاء الحريق","__assetName":"صنابير الحريق","__geometryKind":"point","__featureIndex":236,"__typeValue":"صنابير الحريق"},"geometry":{"type":"Point","coordinates":[31.53225419902925,30.27959043316331]}},{"type":"Feature","properties":{"GlobalID":"{7E0B155B-8372-4EF8-BEB1-A3CDA5B49C67}","Easting":"031° 31' 53.86\" E","Northing":"30° 16' 46.74\" N","sectors":"القطاع الثاني عشر","Implementing":null,"Start":null,"End_":null,"Meter_Id":"237","Description":null,"__networkId":"water","__networkName":"شبكة المياه","__layerId":"water_fire_hydrants","__layerName":"صنابير إطفاء الحريق","__assetName":"صنابير الحريق","__geometryKind":"point","__featureIndex":237,"__typeValue":"صنابير الحريق"},"geometry":{"type":"Point","coordinates":[31.533303701674004,30.279815774159882]}},{"type":"Feature","properties":{"GlobalID":"{9BDF418C-C1BD-4DE4-B0CC-0CC6199C8330}","Easting":"031° 31' 58.86\" E","Northing":"30° 16' 47.33\" N","sectors":"القطاع الثاني عشر","Implementing":null,"Start":null,"End_":null,"Meter_Id":"238","Description":null,"__networkId":"water","__networkName":"شبكة المياه","__layerId":"water_fire_hydrants","__layerName":"صنابير إطفاء الحريق","__assetName":"صنابير الحريق","__geometryKind":"point","__featureIndex":238,"__typeValue":"صنابير الحريق"},"geometry":{"type":"Point","coordinates":[31.534693334333095,30.279980927338926]}},{"type":"Feature","properties":{"GlobalID":"{13CC583C-2C9A-4696-B3D3-FCF0FFC5718A}","Easting":"031° 32' 4.41\" E","Northing":"30° 16' 45.75\" N","sectors":"القطاع الثاني عشر","Implementing":null,"Start":null,"End_":null,"Meter_Id":"239","Description":null,"__networkId":"water","__networkName":"شبكة المياه","__layerId":"water_fire_hydrants","__layerName":"صنابير إطفاء الحريق","__assetName":"صنابير الحريق","__geometryKind":"point","__featureIndex":239,"__typeValue":"صنابير الحريق"},"geometry":{"type":"Point","coordinates":[31.536235535961755,30.27954261978636]}},{"type":"Feature","properties":{"GlobalID":"{898BFD37-D04D-4ADD-8DC0-6AA889550447}","Easting":"031° 32' 4.71\" E","Northing":"30° 16' 42.49\" N","sectors":"القطاع الثاني عشر","Implementing":null,"Start":null,"End_":null,"Meter_Id":"240","Description":null,"__networkId":"water","__networkName":"شبكة المياه","__layerId":"water_fire_hydrants","__layerName":"صنابير إطفاء الحريق","__assetName":"صنابير الحريق","__geometryKind":"point","__featureIndex":240,"__typeValue":"صنابير الحريق"},"geometry":{"type":"Point","coordinates":[31.53631826540951,30.278634757764348]}},{"type":"Feature","properties":{"GlobalID":"{C6473EB7-9E56-4BEA-9D5A-DD985F896B61}","Easting":"031° 32' 1.34\" E","Northing":"30° 16' 41.22\" N","sectors":"القطاع الثاني عشر","Implementing":null,"Start":null,"End_":null,"Meter_Id":"241","Description":null,"__networkId":"water","__networkName":"شبكة المياه","__layerId":"water_fire_hydrants","__layerName":"صنابير إطفاء الحريق","__assetName":"صنابير الحريق","__geometryKind":"point","__featureIndex":241,"__typeValue":"صنابير الحريق"},"geometry":{"type":"Point","coordinates":[31.535383236878047,30.278282373525997]}},{"type":"Feature","properties":{"GlobalID":"{AA25839D-844C-459B-897F-6A0F0004F5FE}","Easting":"031° 31' 57.85\" E","Northing":"30° 16' 40.0\" N","sectors":"القطاع الثاني عشر","Implementing":null,"Start":null,"End_":null,"Meter_Id":"242","Description":null,"__networkId":"water","__networkName":"شبكة المياه","__layerId":"water_fire_hydrants","__layerName":"صنابير إطفاء الحريق","__assetName":"صنابير الحريق","__geometryKind":"point","__featureIndex":242,"__typeValue":"صنابير الحريق"},"geometry":{"type":"Point","coordinates":[31.534412644942797,30.27794457183321]}},{"type":"Feature","properties":{"GlobalID":"{4529D6D5-DDEE-48B3-BCCC-8C19F4444C4F}","Easting":"031° 31' 54.37\" E","Northing":"30° 16' 38.79\" N","sectors":"القطاع الثاني عشر","Implementing":null,"Start":null,"End_":null,"Meter_Id":"243","Description":null,"__networkId":"water","__networkName":"شبكة المياه","__layerId":"water_fire_hydrants","__layerName":"صنابير إطفاء الحريق","__assetName":"صنابير الحريق","__geometryKind":"point","__featureIndex":243,"__typeValue":"صنابير الحريق"},"geometry":{"type":"Point","coordinates":[31.533445003973277,30.27760734227789]}},{"type":"Feature","properties":{"GlobalID":"{91CCA25D-72A7-4E15-AA56-8DB52178EC05}","Easting":"031° 31' 47.46\" E","Northing":"30° 16' 36.35\" N","sectors":"القطاع الثاني عشر","Implementing":null,"Start":null,"End_":null,"Meter_Id":"244","Description":null,"__networkId":"water","__networkName":"شبكة المياه","__layerId":"water_fire_hydrants","__layerName":"صنابير إطفاء الحريق","__assetName":"صنابير الحريق","__geometryKind":"point","__featureIndex":244,"__typeValue":"صنابير الحريق"},"geometry":{"type":"Point","coordinates":[31.531525438060083,30.276931673347047]}},{"type":"Feature","properties":{"GlobalID":"{D9CD38E7-6E12-4226-B15C-4F6FC97EBD01}","Easting":"031° 31' 44.07\" E","Northing":"30° 16' 34.91\" N","sectors":"القطاع الثاني عشر","Implementing":null,"Start":null,"End_":null,"Meter_Id":"245","Description":null,"__networkId":"water","__networkName":"شبكة المياه","__layerId":"water_fire_hydrants","__layerName":"صنابير إطفاء الحريق","__assetName":"صنابير الحريق","__geometryKind":"point","__featureIndex":245,"__typeValue":"صنابير الحريق"},"geometry":{"type":"Point","coordinates":[31.53058555054122,30.27652942007163]}},{"type":"Feature","properties":{"GlobalID":"{C2D2A2E4-5C57-48DE-9802-2748FEC03F6E}","Easting":"031° 31' 40.64\" E","Northing":"30° 16' 33.69\" N","sectors":"القطاع الثاني عشر","Implementing":null,"Start":null,"End_":null,"Meter_Id":"246","Description":null,"__networkId":"water","__networkName":"شبكة المياه","__layerId":"water_fire_hydrants","__layerName":"صنابير إطفاء الحريق","__assetName":"صنابير الحريق","__geometryKind":"point","__featureIndex":246,"__typeValue":"صنابير الحريق"},"geometry":{"type":"Point","coordinates":[31.529633249203474,30.276190539427798]}},{"type":"Feature","properties":{"GlobalID":"{1CDE1C99-1FC3-4E44-9B18-53354B4FEB6D}","Easting":"031° 31' 37.19\" E","Northing":"30° 16' 32.43\" N","sectors":"القطاع الثاني عشر","Implementing":null,"Start":null,"End_":null,"Meter_Id":"247","Description":null,"__networkId":"water","__networkName":"شبكة المياه","__layerId":"water_fire_hydrants","__layerName":"صنابير إطفاء الحريق","__assetName":"صنابير الحريق","__geometryKind":"point","__featureIndex":247,"__typeValue":"صنابير الحريق"},"geometry":{"type":"Point","coordinates":[31.528673455017962,30.27584280659833]}},{"type":"Feature","properties":{"GlobalID":"{9003F84F-3ABC-4734-B0AE-4FD3148F492E}","Easting":"031° 31' 33.75\" E","Northing":"30° 16' 31.14\" N","sectors":"القطاع الثاني عشر","Implementing":null,"Start":null,"End_":null,"Meter_Id":"248","Description":null,"__networkId":"water","__networkName":"شبكة المياه","__layerId":"water_fire_hydrants","__layerName":"صنابير إطفاء الحريق","__assetName":"صنابير الحريق","__geometryKind":"point","__featureIndex":248,"__typeValue":"صنابير الحريق"},"geometry":{"type":"Point","coordinates":[31.527717360094766,30.275483313032662]}},{"type":"Feature","properties":{"GlobalID":"{04839808-5563-4C73-A75D-73AEEC606EB4}","Easting":"031° 31' 30.24\" E","Northing":"30° 16' 29.89\" N","sectors":"القطاع الثاني عشر","Implementing":null,"Start":null,"End_":null,"Meter_Id":"249","Description":null,"__networkId":"water","__networkName":"شبكة المياه","__layerId":"water_fire_hydrants","__layerName":"صنابير إطفاء الحريق","__assetName":"صنابير الحريق","__geometryKind":"point","__featureIndex":249,"__typeValue":"صنابير الحريق"},"geometry":{"type":"Point","coordinates":[31.52674273113063,30.27513578405971]}},{"type":"Feature","properties":{"GlobalID":"{2F14E33D-A411-4E7B-811B-40892E93DD30}","Easting":"031° 31' 26.89\" E","Northing":"30° 16' 28.66\" N","sectors":"القطاع الثالث عشر","Implementing":null,"Start":null,"End_":null,"Meter_Id":"250","Description":null,"__networkId":"water","__networkName":"شبكة المياه","__layerId":"water_fire_hydrants","__layerName":"صنابير إطفاء الحريق","__assetName":"صنابير الحريق","__geometryKind":"point","__featureIndex":250,"__typeValue":"صنابير الحريق"},"geometry":{"type":"Point","coordinates":[31.525813980924678,30.27479364256831]}},{"type":"Feature","properties":{"GlobalID":"{0BBEA4EB-BE59-4D36-8E76-CA018116CF3B}","Easting":"031° 31' 23.35\" E","Northing":"30° 16' 27.41\" N","sectors":"القطاع الثالث عشر","Implementing":null,"Start":null,"End_":null,"Meter_Id":"251","Description":null,"__networkId":"water","__networkName":"شبكة المياه","__layerId":"water_fire_hydrants","__layerName":"صنابير إطفاء الحريق","__assetName":"صنابير الحريق","__geometryKind":"point","__featureIndex":251,"__typeValue":"صنابير الحريق"},"geometry":{"type":"Point","coordinates":[31.524830472113962,30.274448025060455]}},{"type":"Feature","properties":{"GlobalID":"{B9ADD307-9316-4054-8A2D-92FA3740EE16}","Easting":"031° 31' 19.91\" E","Northing":"30° 16' 26.2\" N","sectors":"القطاع الثالث عشر","Implementing":null,"Start":null,"End_":null,"Meter_Id":"252","Description":null,"__networkId":"water","__networkName":"شبكة المياه","__layerId":"water_fire_hydrants","__layerName":"صنابير إطفاء الحريق","__assetName":"صنابير الحريق","__geometryKind":"point","__featureIndex":252,"__typeValue":"صنابير الحريق"},"geometry":{"type":"Point","coordinates":[31.52387247366068,30.274111864964336]}},{"type":"Feature","properties":{"GlobalID":"{55CC3143-33EA-4DEA-A9D3-69F8A8E8A547}","Easting":"031° 31' 16.42\" E","Northing":"30° 16' 24.98\" N","sectors":"القطاع الثالث عشر","Implementing":null,"Start":null,"End_":null,"Meter_Id":"253","Description":null,"__networkId":"water","__networkName":"شبكة المياه","__layerId":"water_fire_hydrants","__layerName":"صنابير إطفاء الحريق","__assetName":"صنابير الحريق","__geometryKind":"point","__featureIndex":253,"__typeValue":"صنابير الحريق"},"geometry":{"type":"Point","coordinates":[31.522905094100885,30.27377105507061]}},{"type":"Feature","properties":{"GlobalID":"{EDD79B2E-FE8F-431C-97EE-79BDBEBF8531}","Easting":"031° 31' 12.03\" E","Northing":"30° 16' 23.98\" N","sectors":"القطاع الثالث عشر","Implementing":null,"Start":null,"End_":null,"Meter_Id":"254","Description":null,"__networkId":"water","__networkName":"شبكة المياه","__layerId":"water_fire_hydrants","__layerName":"صنابير إطفاء الحريق","__assetName":"صنابير الحريق","__geometryKind":"point","__featureIndex":254,"__typeValue":"صنابير الحريق"},"geometry":{"type":"Point","coordinates":[31.521685737103887,30.273494730200788]}},{"type":"Feature","properties":{"GlobalID":"{31D97358-0B12-436E-A6A1-E379627B32CE}","Easting":"031° 31' 10.05\" E","Northing":"30° 16' 23.27\" N","sectors":"القطاع الثالث عشر","Implementing":null,"Start":null,"End_":null,"Meter_Id":"255","Description":null,"__networkId":"water","__networkName":"شبكة المياه","__layerId":"water_fire_hydrants","__layerName":"صنابير إطفاء الحريق","__assetName":"صنابير الحريق","__geometryKind":"point","__featureIndex":255,"__typeValue":"صنابير الحريق"},"geometry":{"type":"Point","coordinates":[31.521135772317276,30.27329733032397]}},{"type":"Feature","properties":{"GlobalID":"{9539FD1D-3FC7-4DC3-8B3A-0E3862A58E14}","Easting":"031° 31' 4.33\" E","Northing":"30° 16' 21.36\" N","sectors":"القطاع الثالث عشر","Implementing":null,"Start":null,"End_":null,"Meter_Id":"256","Description":null,"__networkId":"water","__networkName":"شبكة المياه","__layerId":"water_fire_hydrants","__layerName":"صنابير إطفاء الحريق","__assetName":"صنابير الحريق","__geometryKind":"point","__featureIndex":256,"__typeValue":"صنابير الحريق"},"geometry":{"type":"Point","coordinates":[31.51954504100205,30.272766442680723]}},{"type":"Feature","properties":{"GlobalID":"{AE780313-82FF-4CFC-88B5-E59FF7C2815E}","Easting":"031° 31' 2.37\" E","Northing":"30° 16' 20.02\" N","sectors":"القطاع الثالث عشر","Implementing":null,"Start":null,"End_":null,"Meter_Id":"257","Description":null,"__networkId":"water","__networkName":"شبكة المياه","__layerId":"water_fire_hydrants","__layerName":"صنابير إطفاء الحريق","__assetName":"صنابير الحريق","__geometryKind":"point","__featureIndex":257,"__typeValue":"صنابير الحريق"},"geometry":{"type":"Point","coordinates":[31.519001516237704,30.272395380462008]}},{"type":"Feature","properties":{"GlobalID":"{BD16DB3F-3B23-4F91-BFC8-B9317212ACB7}","Easting":"031° 30' 58.9\" E","Northing":"30° 16' 21.63\" N","sectors":"القطاع الثالث عشر","Implementing":null,"Start":null,"End_":null,"Meter_Id":"258","Description":null,"__networkId":"water","__networkName":"شبكة المياه","__layerId":"water_fire_hydrants","__layerName":"صنابير إطفاء الحريق","__assetName":"صنابير الحريق","__geometryKind":"point","__featureIndex":258,"__typeValue":"صنابير الحريق"},"geometry":{"type":"Point","coordinates":[31.51803862016952,30.27284032368259]}},{"type":"Feature","properties":{"GlobalID":"{F61A36EC-36D9-45C1-8B4E-566747E42F84}","Easting":"031° 30' 56.51\" E","Northing":"30° 16' 25.97\" N","sectors":"القطاع الثالث عشر","Implementing":null,"Start":null,"End_":null,"Meter_Id":"259","Description":null,"__networkId":"water","__networkName":"شبكة المياه","__layerId":"water_fire_hydrants","__layerName":"صنابير إطفاء الحريق","__assetName":"صنابير الحريق","__geometryKind":"point","__featureIndex":259,"__typeValue":"صنابير الحريق"},"geometry":{"type":"Point","coordinates":[31.517373179648057,30.27404614252673]}},{"type":"Feature","properties":{"GlobalID":"{736F1B29-41C8-42C6-84AA-67732C7F94D6}","Easting":"031° 30' 55.32\" E","Northing":"30° 16' 30.17\" N","sectors":"القطاع الثالث عشر","Implementing":null,"Start":null,"End_":null,"Meter_Id":"260","Description":null,"__networkId":"water","__networkName":"شبكة المياه","__layerId":"water_fire_hydrants","__layerName":"صنابير إطفاء الحريق","__assetName":"صنابير الحريق","__geometryKind":"point","__featureIndex":260,"__typeValue":"صنابير الحريق"},"geometry":{"type":"Point","coordinates":[31.51704176149533,30.27521385646331]}},{"type":"Feature","properties":{"GlobalID":"{A4AD0400-8F90-48A0-AFB2-7E6F089C257B}","Easting":"031° 31' 0.31\" E","Northing":"30° 16' 31.34\" N","sectors":"القطاع الثالث عشر","Implementing":null,"Start":null,"End_":null,"Meter_Id":"261","Description":null,"__networkId":"water","__networkName":"شبكة المياه","__layerId":"water_fire_hydrants","__layerName":"صنابير إطفاء الحريق","__assetName":"صنابير الحريق","__geometryKind":"point","__featureIndex":261,"__typeValue":"صنابير الحريق"},"geometry":{"type":"Point","coordinates":[31.518430004460683,30.27553781573924]}},{"type":"Feature","properties":{"GlobalID":"{06E1B447-9CDA-4BA8-B18B-3DB48D7C26DE}","Easting":"031° 30' 59.98\" E","Northing":"30° 16' 33.67\" N","sectors":"القطاع الثالث عشر","Implementing":null,"Start":null,"End_":null,"Meter_Id":"262","Description":null,"__networkId":"water","__networkName":"شبكة المياه","__layerId":"water_fire_hydrants","__layerName":"صنابير إطفاء الحريق","__assetName":"صنابير الحريق","__geometryKind":"point","__featureIndex":262,"__typeValue":"صنابير الحريق"},"geometry":{"type":"Point","coordinates":[31.518336475466587,30.276186845893022]}},{"type":"Feature","properties":{"GlobalID":"{B9242C8F-D201-4C9E-BF60-B6BB14899C68}","Easting":"031° 30' 54.88\" E","Northing":"30° 16' 32.94\" N","sectors":"القطاع الثالث عشر","Implementing":null,"Start":null,"End_":null,"Meter_Id":"263","Description":null,"__networkId":"water","__networkName":"شبكة المياه","__layerId":"water_fire_hydrants","__layerName":"صنابير إطفاء الحريق","__assetName":"صنابير الحريق","__geometryKind":"point","__featureIndex":263,"__typeValue":"صنابير الحريق"},"geometry":{"type":"Point","coordinates":[31.516920750341736,30.27598469350256]}},{"type":"Feature","properties":{"GlobalID":"{14A99DF9-3E9F-4712-AE56-FEAEE871E6EA}","Easting":"031° 30' 57.11\" E","Northing":"30° 16' 37.6\" N","sectors":"القطاع الثالث عشر","Implementing":null,"Start":null,"End_":null,"Meter_Id":"264","Description":null,"__networkId":"water","__networkName":"شبكة المياه","__layerId":"water_fire_hydrants","__layerName":"صنابير إطفاء الحريق","__assetName":"صنابير الحريق","__geometryKind":"point","__featureIndex":264,"__typeValue":"صنابير الحريق"},"geometry":{"type":"Point","coordinates":[31.51754082324638,30.277278709546007]}},{"type":"Feature","properties":{"GlobalID":"{02B025DE-BC7A-4ACB-9106-697845BAAF11}","Easting":"031° 30' 59.13\" E","Northing":"30° 16' 38.22\" N","sectors":"القطاع الثالث عشر","Implementing":null,"Start":null,"End_":null,"Meter_Id":"265","Description":null,"__networkId":"water","__networkName":"شبكة المياه","__layerId":"water_fire_hydrants","__layerName":"صنابير إطفاء الحريق","__assetName":"صنابير الحريق","__geometryKind":"point","__featureIndex":265,"__typeValue":"صنابير الحريق"},"geometry":{"type":"Point","coordinates":[31.518101759157574,30.277450257092656]}},{"type":"Feature","properties":{"GlobalID":"{FCAF516F-EA1E-4A40-BEB0-00B2CC61395D}","Easting":"031° 31' 1.49\" E","Northing":"30° 16' 38.2\" N","sectors":"القطاع الثالث عشر","Implementing":null,"Start":null,"End_":null,"Meter_Id":"266","Description":null,"__networkId":"water","__networkName":"شبكة المياه","__layerId":"water_fire_hydrants","__layerName":"صنابير إطفاء الحريق","__assetName":"صنابير الحريق","__geometryKind":"point","__featureIndex":266,"__typeValue":"صنابير الحريق"},"geometry":{"type":"Point","coordinates":[31.518757372109793,30.27744458226374]}},{"type":"Feature","properties":{"GlobalID":"{F40D7E19-6E23-4E69-8480-40088B6EEA3D}","Easting":"031° 31' 3.53\" E","Northing":"30° 16' 38.47\" N","sectors":"القطاع الثالث عشر","Implementing":null,"Start":null,"End_":null,"Meter_Id":"267","Description":null,"__networkId":"water","__networkName":"شبكة المياه","__layerId":"water_fire_hydrants","__layerName":"صنابير إطفاء الحريق","__assetName":"صنابير الحريق","__geometryKind":"point","__featureIndex":267,"__typeValue":"صنابير الحريق"},"geometry":{"type":"Point","coordinates":[31.519323454469223,30.277519365078593]}},{"type":"Feature","properties":{"GlobalID":"{248FFC5B-FEF2-4807-A383-F5AB12520E07}","Easting":"031° 31' 5.63\" E","Northing":"30° 16' 38.61\" N","sectors":"القطاع الثالث عشر","Implementing":null,"Start":null,"End_":null,"Meter_Id":"268","Description":null,"__networkId":"water","__networkName":"شبكة المياه","__layerId":"water_fire_hydrants","__layerName":"صنابير إطفاء الحريق","__assetName":"صنابير الحريق","__geometryKind":"point","__featureIndex":268,"__typeValue":"صنابير الحريق"},"geometry":{"type":"Point","coordinates":[31.519907573202943,30.277558062488396]}},{"type":"Feature","properties":{"GlobalID":"{710DE3D2-0A84-4A33-ABF2-7065B774B29E}","Easting":"031° 31' 8.07\" E","Northing":"30° 16' 39.58\" N","sectors":"القطاع الثالث عشر","Implementing":null,"Start":null,"End_":null,"Meter_Id":"269","Description":null,"__networkId":"water","__networkName":"شبكة المياه","__layerId":"water_fire_hydrants","__layerName":"صنابير إطفاء الحريق","__assetName":"صنابير الحريق","__geometryKind":"point","__featureIndex":269,"__typeValue":"صنابير الحريق"},"geometry":{"type":"Point","coordinates":[31.520585066420562,30.277828569229552]}},{"type":"Feature","properties":{"GlobalID":"{6113FDD7-E5B0-447C-A291-B358F0770EAB}","Easting":"031° 31' 9.69\" E","Northing":"30° 16' 38.99\" N","sectors":"القطاع الثالث عشر","Implementing":null,"Start":null,"End_":null,"Meter_Id":"270","Description":null,"__networkId":"water","__networkName":"شبكة المياه","__layerId":"water_fire_hydrants","__layerName":"صنابير إطفاء الحريق","__assetName":"صنابير الحريق","__geometryKind":"point","__featureIndex":270,"__typeValue":"صنابير الحريق"},"geometry":{"type":"Point","coordinates":[31.52103369136164,30.277664885630692]}},{"type":"Feature","properties":{"GlobalID":"{46FCFE24-2C2E-41A9-8663-7CD8439A9F4C}","Easting":"031° 31' 12.88\" E","Northing":"30° 16' 39.4\" N","sectors":"القطاع الثالث عشر","Implementing":null,"Start":null,"End_":null,"Meter_Id":"271","Description":null,"__networkId":"water","__networkName":"شبكة المياه","__layerId":"water_fire_hydrants","__layerName":"صنابير إطفاء الحريق","__assetName":"صنابير الحريق","__geometryKind":"point","__featureIndex":271,"__typeValue":"صنابير الحريق"},"geometry":{"type":"Point","coordinates":[31.52192151073001,30.277777760494363]}},{"type":"Feature","properties":{"GlobalID":"{F18AC69C-838C-4A86-B8B4-4329A018407C}","Easting":"031° 31' 14.95\" E","Northing":"30° 16' 39.73\" N","sectors":"القطاع الثالث عشر","Implementing":null,"Start":null,"End_":null,"Meter_Id":"272","Description":null,"__networkId":"water","__networkName":"شبكة المياه","__layerId":"water_fire_hydrants","__layerName":"صنابير إطفاء الحريق","__assetName":"صنابير الحريق","__geometryKind":"point","__featureIndex":272,"__typeValue":"صنابير الحريق"},"geometry":{"type":"Point","coordinates":[31.522494607135172,30.277868524051048]}},{"type":"Feature","properties":{"GlobalID":"{6D120DC8-CD72-4C95-8A85-69DD6DFB7FE1}","Easting":"031° 31' 17.0\" E","Northing":"30° 16' 39.86\" N","sectors":"القطاع الثالث عشر","Implementing":null,"Start":null,"End_":null,"Meter_Id":"273","Description":null,"__networkId":"water","__networkName":"شبكة المياه","__layerId":"water_fire_hydrants","__layerName":"صنابير إطفاء الحريق","__assetName":"صنابير الحريق","__geometryKind":"point","__featureIndex":273,"__typeValue":"صنابير الحريق"},"geometry":{"type":"Point","coordinates":[31.523065749704624,30.27790593275902]}},{"type":"Feature","properties":{"GlobalID":"{43B5087A-9CF8-4A81-9F8C-44721AAB2BBA}","Easting":"031° 31' 19.33\" E","Northing":"30° 16' 40.0\" N","sectors":"القطاع الثالث عشر","Implementing":null,"Start":null,"End_":null,"Meter_Id":"274","Description":null,"__networkId":"water","__networkName":"شبكة المياه","__layerId":"water_fire_hydrants","__layerName":"صنابير إطفاء الحريق","__assetName":"صنابير الحريق","__geometryKind":"point","__featureIndex":274,"__typeValue":"صنابير الحريق"},"geometry":{"type":"Point","coordinates":[31.52371200580484,30.277945360797222]}},{"type":"Feature","properties":{"GlobalID":"{49D373FF-16F8-449F-A069-80DCD080552D}","Easting":"031° 31' 21.38\" E","Northing":"30° 16' 40.3\" N","sectors":"القطاع الثالث عشر","Implementing":null,"Start":null,"End_":null,"Meter_Id":"275","Description":null,"__networkId":"water","__networkName":"شبكة المياه","__layerId":"water_fire_hydrants","__layerName":"صنابير إطفاء الحريق","__assetName":"صنابير الحريق","__geometryKind":"point","__featureIndex":275,"__typeValue":"صنابير الحريق"},"geometry":{"type":"Point","coordinates":[31.524282348873665,30.278026948330474]}},{"type":"Feature","properties":{"GlobalID":"{3080F7A9-F18E-49C7-9A52-30C9FEA3639B}","Easting":"031° 31' 23.52\" E","Northing":"30° 16' 40.44\" N","sectors":"القطاع الثالث عشر","Implementing":null,"Start":null,"End_":null,"Meter_Id":"276","Description":null,"__networkId":"water","__networkName":"شبكة المياه","__layerId":"water_fire_hydrants","__layerName":"صنابير إطفاء الحريق","__assetName":"صنابير الحريق","__geometryKind":"point","__featureIndex":276,"__typeValue":"صنابير الحريق"},"geometry":{"type":"Point","coordinates":[31.52487766061582,30.278065385655555]}},{"type":"Feature","properties":{"GlobalID":"{8C762CDD-3843-452E-8517-75D5901E1521}","Easting":"031° 31' 26.75\" E","Northing":"30° 16' 40.81\" N","sectors":"القطاع الثاني عشر","Implementing":null,"Start":null,"End_":null,"Meter_Id":"277","Description":null,"__networkId":"water","__networkName":"شبكة المياه","__layerId":"water_fire_hydrants","__layerName":"صنابير إطفاء الحريق","__assetName":"صنابير الحريق","__geometryKind":"point","__featureIndex":277,"__typeValue":"صنابير الحريق"},"geometry":{"type":"Point","coordinates":[31.52577284437286,30.278169169538714]}},{"type":"Feature","properties":{"GlobalID":"{D2F47726-1FED-4358-A502-AFE8764227BB}","Easting":"031° 31' 28.83\" E","Northing":"30° 16' 40.95\" N","sectors":"القطاع الثاني عشر","Implementing":null,"Start":null,"End_":null,"Meter_Id":"278","Description":null,"__networkId":"water","__networkName":"شبكة المياه","__layerId":"water_fire_hydrants","__layerName":"صنابير إطفاء الحريق","__assetName":"صنابير الحريق","__geometryKind":"point","__featureIndex":278,"__typeValue":"صنابير الحريق"},"geometry":{"type":"Point","coordinates":[31.526351045903798,30.27820951676305]}},{"type":"Feature","properties":{"GlobalID":"{46375ADE-26CF-45FC-A5C2-E9CEEA29A58C}","Easting":"031° 31' 30.9\" E","Northing":"30° 16' 41.33\" N","sectors":"القطاع الثاني عشر","Implementing":null,"Start":null,"End_":null,"Meter_Id":"279","Description":null,"__networkId":"water","__networkName":"شبكة المياه","__layerId":"water_fire_hydrants","__layerName":"صنابير إطفاء الحريق","__assetName":"صنابير الحريق","__geometryKind":"point","__featureIndex":279,"__typeValue":"صنابير الحريق"},"geometry":{"type":"Point","coordinates":[31.52692537659418,30.27831435166606]}},{"type":"Feature","properties":{"GlobalID":"{EBC12EA1-41E5-423E-8C2A-EBFC444CECC1}","Easting":"031° 31' 33.17\" E","Northing":"30° 16' 41.68\" N","sectors":"القطاع الثاني عشر","Implementing":null,"Start":null,"End_":null,"Meter_Id":"280","Description":null,"__networkId":"water","__networkName":"شبكة المياه","__layerId":"water_fire_hydrants","__layerName":"صنابير إطفاء الحريق","__assetName":"صنابير الحريق","__geometryKind":"point","__featureIndex":280,"__typeValue":"صنابير الحريق"},"geometry":{"type":"Point","coordinates":[31.527556321808728,30.27841019060367]}},{"type":"Feature","properties":{"GlobalID":"{9205D4EC-B43B-4420-948E-09D8E5FE1857}","Easting":"031° 31' 35.48\" E","Northing":"30° 16' 42.08\" N","sectors":"القطاع الثاني عشر","Implementing":null,"Start":null,"End_":null,"Meter_Id":"281","Description":null,"__networkId":"water","__networkName":"شبكة المياه","__layerId":"water_fire_hydrants","__layerName":"صنابير إطفاء الحريق","__assetName":"صنابير الحريق","__geometryKind":"point","__featureIndex":281,"__typeValue":"صنابير الحريق"},"geometry":{"type":"Point","coordinates":[31.528200131796446,30.27852326553491]}},{"type":"Feature","properties":{"GlobalID":"{859617E0-0BDA-4B92-AC56-B257C6602147}","Easting":"031° 31' 48.76\" E","Northing":"30° 16' 39.02\" N","sectors":"القطاع الثاني عشر","Implementing":null,"Start":null,"End_":null,"Meter_Id":"282","Description":null,"__networkId":"water","__networkName":"شبكة المياه","__layerId":"water_fire_hydrants","__layerName":"صنابير إطفاء الحريق","__assetName":"صنابير الحريق","__geometryKind":"point","__featureIndex":282,"__typeValue":"صنابير الحريق"},"geometry":{"type":"Point","coordinates":[31.531887115963137,30.27767165817269]}},{"type":"Feature","properties":{"GlobalID":"{A37DC92C-BC83-41E7-839C-DA823F64D2C0}","Easting":"031° 31' 48.83\" E","Northing":"30° 16' 41.57\" N","sectors":"القطاع الثاني عشر","Implementing":null,"Start":null,"End_":null,"Meter_Id":"283","Description":null,"__networkId":"water","__networkName":"شبكة المياه","__layerId":"water_fire_hydrants","__layerName":"صنابير إطفاء الحريق","__assetName":"صنابير الحريق","__geometryKind":"point","__featureIndex":283,"__typeValue":"صنابير الحريق"},"geometry":{"type":"Point","coordinates":[31.531906639049218,30.27838013873774]}},{"type":"Feature","properties":{"GlobalID":"{CFA69A3D-5E85-42C2-A5D6-8459D0D8BA5D}","Easting":"031° 31' 53.01\" E","Northing":"30° 16' 42.16\" N","sectors":"القطاع الثاني عشر","Implementing":null,"Start":null,"End_":null,"Meter_Id":"284","Description":null,"__networkId":"water","__networkName":"شبكة المياه","__layerId":"water_fire_hydrants","__layerName":"صنابير إطفاء الحريق","__assetName":"صنابير الحريق","__geometryKind":"point","__featureIndex":284,"__typeValue":"صنابير الحريق"},"geometry":{"type":"Point","coordinates":[31.533069015009396,30.278545237701614]}},{"type":"Feature","properties":{"GlobalID":"{4A75C7B1-4A75-48D2-AD99-1871A9C10DA1}","Easting":"031° 31' 55.13\" E","Northing":"30° 16' 42.24\" N","sectors":"القطاع الثاني عشر","Implementing":null,"Start":null,"End_":null,"Meter_Id":"285","Description":null,"__networkId":"water","__networkName":"شبكة المياه","__layerId":"water_fire_hydrants","__layerName":"صنابير إطفاء الحريق","__assetName":"صنابير الحريق","__geometryKind":"point","__featureIndex":285,"__typeValue":"صنابير الحريق"},"geometry":{"type":"Point","coordinates":[31.533656750360468,30.278566831287193]}},{"type":"Feature","properties":{"GlobalID":"{BF5FBE91-A1B1-4CEF-AC4D-317C7F8160A2}","Easting":"031° 31' 58.76\" E","Northing":"30° 16' 42.66\" N","sectors":"القطاع الثاني عشر","Implementing":null,"Start":null,"End_":null,"Meter_Id":"286","Description":null,"__networkId":"water","__networkName":"شبكة المياه","__layerId":"water_fire_hydrants","__layerName":"صنابير إطفاء الحريق","__assetName":"صنابير الحريق","__geometryKind":"point","__featureIndex":286,"__typeValue":"صنابير الحريق"},"geometry":{"type":"Point","coordinates":[31.53466441307254,30.278683790318293]}},{"type":"Feature","properties":{"GlobalID":"{97E51C9B-7977-40F2-AA94-787CFF19B584}","Easting":"031° 32' 2.44\" E","Northing":"30° 16' 43.1\" N","sectors":"القطاع الثاني عشر","Implementing":null,"Start":null,"End_":null,"Meter_Id":"287","Description":null,"__networkId":"water","__networkName":"شبكة المياه","__layerId":"water_fire_hydrants","__layerName":"صنابير إطفاء الحريق","__assetName":"صنابير الحريق","__geometryKind":"point","__featureIndex":287,"__typeValue":"صنابير الحريق"},"geometry":{"type":"Point","coordinates":[31.535688668566234,30.278806069434076]}},{"type":"Feature","properties":{"GlobalID":"{1DEBFB2D-90C2-413E-A258-19FDD8FB2F4B}","Easting":"031° 31' 13.52\" E","Northing":"30° 16' 29.26\" N","sectors":"القطاع الثالث عشر","Implementing":null,"Start":null,"End_":null,"Meter_Id":"288","Description":null,"__networkId":"water","__networkName":"شبكة المياه","__layerId":"water_fire_hydrants","__layerName":"صنابير إطفاء الحريق","__assetName":"صنابير الحريق","__geometryKind":"point","__featureIndex":288,"__typeValue":"صنابير الحريق"},"geometry":{"type":"Point","coordinates":[31.522098444704984,30.274962270470784]}},{"type":"Feature","properties":{"GlobalID":"{A5FB282F-7737-4323-AB32-3757143A49BB}","Easting":"031° 31' 16.71\" E","Northing":"30° 16' 30.39\" N","sectors":"القطاع الثالث عشر","Implementing":null,"Start":null,"End_":null,"Meter_Id":"289","Description":null,"__networkId":"water","__networkName":"شبكة المياه","__layerId":"water_fire_hydrants","__layerName":"صنابير إطفاء الحريق","__assetName":"صنابير الحريق","__geometryKind":"point","__featureIndex":289,"__typeValue":"صنابير الحريق"},"geometry":{"type":"Point","coordinates":[31.522984800717744,30.275273975313752]}},{"type":"Feature","properties":{"GlobalID":"{C76C4A8C-876E-48CD-8A26-7A6442074B41}","Easting":"031° 31' 25.0\" E","Northing":"30° 16' 33.29\" N","sectors":"القطاع الثالث عشر","Implementing":null,"Start":null,"End_":null,"Meter_Id":"290","Description":null,"__networkId":"water","__networkName":"شبكة المياه","__layerId":"water_fire_hydrants","__layerName":"صنابير إطفاء الحريق","__assetName":"صنابير الحريق","__geometryKind":"point","__featureIndex":290,"__typeValue":"صنابير الحريق"},"geometry":{"type":"Point","coordinates":[31.525288435940734,30.276081346968002]}},{"type":"Feature","properties":{"GlobalID":"{08ED3777-56AA-49D5-A4C5-6675875C6F86}","Easting":"031° 31' 28.96\" E","Northing":"30° 16' 34.01\" N","sectors":"القطاع الثاني عشر","Implementing":null,"Start":null,"End_":null,"Meter_Id":"291","Description":null,"__networkId":"water","__networkName":"شبكة المياه","__layerId":"water_fire_hydrants","__layerName":"صنابير إطفاء الحريق","__assetName":"صنابير الحريق","__geometryKind":"point","__featureIndex":291,"__typeValue":"صنابير الحريق"},"geometry":{"type":"Point","coordinates":[31.52638802145923,30.276279392132565]}},{"type":"Feature","properties":{"GlobalID":"{7183F154-1718-47C0-8E95-3FA3E7908D8A}","Easting":"031° 30' 52.26\" E","Northing":"30° 16' 25.99\" N","sectors":"القطاع الثالث عشر","Implementing":null,"Start":null,"End_":null,"Meter_Id":"292","Description":null,"__networkId":"water","__networkName":"شبكة المياه","__layerId":"water_fire_hydrants","__layerName":"صنابير إطفاء الحريق","__assetName":"صنابير الحريق","__geometryKind":"point","__featureIndex":292,"__typeValue":"صنابير الحريق"},"geometry":{"type":"Point","coordinates":[31.516194083345468,30.274054069718648]}},{"type":"Feature","properties":{"GlobalID":"{5F954EC0-B2C4-43F0-BD76-590AA61E19AA}","Easting":"031° 30' 51.21\" E","Northing":"30° 16' 30.97\" N","sectors":"القطاع الثالث عشر","Implementing":null,"Start":null,"End_":null,"Meter_Id":"293","Description":null,"__networkId":"water","__networkName":"شبكة المياه","__layerId":"water_fire_hydrants","__layerName":"صنابير إطفاء الحريق","__assetName":"صنابير الحريق","__geometryKind":"point","__featureIndex":293,"__typeValue":"صنابير الحريق"},"geometry":{"type":"Point","coordinates":[31.51590172753457,30.275435778492643]}},{"type":"Feature","properties":{"GlobalID":"{D134BC97-95B5-4F07-BDBC-F79F9E83DB54}","Easting":"031° 30' 50.66\" E","Northing":"30° 16' 35.97\" N","sectors":"القطاع الثالث عشر","Implementing":null,"Start":null,"End_":null,"Meter_Id":"294","Description":null,"__networkId":"water","__networkName":"شبكة المياه","__layerId":"water_fire_hydrants","__layerName":"صنابير إطفاء الحريق","__assetName":"صنابير الحريق","__geometryKind":"point","__featureIndex":294,"__typeValue":"صنابير الحريق"},"geometry":{"type":"Point","coordinates":[31.51574914868356,30.27682450961294]}},{"type":"Feature","properties":{"GlobalID":"{C11BA633-4CFE-4579-A9B5-5E7457427F55}","Easting":"031° 31' 21.05\" E","Northing":"30° 16' 31.91\" N","sectors":"القطاع الثالث عشر","Implementing":null,"Start":null,"End_":null,"Meter_Id":"295","Description":null,"__networkId":"water","__networkName":"شبكة المياه","__layerId":"water_fire_hydrants","__layerName":"صنابير إطفاء الحريق","__assetName":"صنابير الحريق","__geometryKind":"point","__featureIndex":295,"__typeValue":"صنابير الحريق"},"geometry":{"type":"Point","coordinates":[31.524189643634674,30.27569667046759]}},{"type":"Feature","properties":{"GlobalID":"{3AA8F567-B125-405F-A4A0-69523F017AE6}","Easting":"031° 31' 29.75\" E","Northing":"30° 16' 32.15\" N","sectors":"القطاع الثاني عشر","Implementing":null,"Start":null,"End_":null,"Meter_Id":"296","Description":null,"__networkId":"water","__networkName":"شبكة المياه","__layerId":"water_fire_hydrants","__layerName":"صنابير إطفاء الحريق","__assetName":"صنابير الحريق","__geometryKind":"point","__featureIndex":296,"__typeValue":"صنابير الحريق"},"geometry":{"type":"Point","coordinates":[31.526607213981794,30.275764555486877]}},{"type":"Feature","properties":{"GlobalID":"{15E7948A-BA65-4D9E-A297-4DAFA22206DF}","Easting":"031° 29' 49.25\" E","Northing":"30° 16' 33.96\" N","sectors":"القطاع الرابع عشر","Implementing":null,"Start":null,"End_":null,"Meter_Id":"297","Description":null,"__networkId":"water","__networkName":"شبكة المياه","__layerId":"water_fire_hydrants","__layerName":"صنابير إطفاء الحريق","__assetName":"صنابير الحريق","__geometryKind":"point","__featureIndex":297,"__typeValue":"صنابير الحريق"},"geometry":{"type":"Point","coordinates":[31.49868982882441,30.276267475237173]}},{"type":"Feature","properties":{"GlobalID":"{F0F4F59C-9CA6-4E55-A578-5A3D564B1C84}","Easting":"031° 29' 52.62\" E","Northing":"30° 16' 33.51\" N","sectors":"القطاع الرابع عشر","Implementing":null,"Start":null,"End_":null,"Meter_Id":"298","Description":null,"__networkId":"water","__networkName":"شبكة المياه","__layerId":"water_fire_hydrants","__layerName":"صنابير إطفاء الحريق","__assetName":"صنابير الحريق","__geometryKind":"point","__featureIndex":298,"__typeValue":"صنابير الحريق"},"geometry":{"type":"Point","coordinates":[31.499626175184414,30.27614131090477]}},{"type":"Feature","properties":{"GlobalID":"{8A2887E4-9EDC-48B6-9F5B-40E81FE1B956}","Easting":"031° 29' 56.3\" E","Northing":"30° 16' 33.01\" N","sectors":"القطاع الرابع عشر","Implementing":null,"Start":null,"End_":null,"Meter_Id":"299","Description":null,"__networkId":"water","__networkName":"شبكة المياه","__layerId":"water_fire_hydrants","__layerName":"صنابير إطفاء الحريق","__assetName":"صنابير الحريق","__geometryKind":"point","__featureIndex":299,"__typeValue":"صنابير الحريق"},"geometry":{"type":"Point","coordinates":[31.500647415033686,30.276003701163802]}},{"type":"Feature","properties":{"GlobalID":"{78E1F636-54AE-49A5-B6BB-0F71FC7BBF40}","Easting":"031° 29' 59.97\" E","Northing":"30° 16' 33.07\" N","sectors":"القطاع الرابع عشر","Implementing":null,"Start":null,"End_":null,"Meter_Id":"300","Description":null,"__networkId":"water","__networkName":"شبكة المياه","__layerId":"water_fire_hydrants","__layerName":"صنابير إطفاء الحريق","__assetName":"صنابير الحريق","__geometryKind":"point","__featureIndex":300,"__typeValue":"صنابير الحريق"},"geometry":{"type":"Point","coordinates":[31.501667721533405,30.276020047082362]}},{"type":"Feature","properties":{"GlobalID":"{C5278455-4F04-45BC-BC4E-8C3B5CFA45AD}","Easting":"031° 30' 3.54\" E","Northing":"30° 16' 33.5\" N","sectors":"القطاع الرابع عشر","Implementing":null,"Start":null,"End_":null,"Meter_Id":"301","Description":null,"__networkId":"water","__networkName":"شبكة المياه","__layerId":"water_fire_hydrants","__layerName":"صنابير إطفاء الحريق","__assetName":"صنابير الحريق","__geometryKind":"point","__featureIndex":301,"__typeValue":"صنابير الحريق"},"geometry":{"type":"Point","coordinates":[31.50266018295423,30.27614018445757]}},{"type":"Feature","properties":{"GlobalID":"{39BC7B44-84B5-402E-845B-39286E43B60F}","Easting":"031° 30' 7.69\" E","Northing":"30° 16' 34.0\" N","sectors":"القطاع الرابع عشر","Implementing":null,"Start":null,"End_":null,"Meter_Id":"302","Description":null,"__networkId":"water","__networkName":"شبكة المياه","__layerId":"water_fire_hydrants","__layerName":"صنابير إطفاء الحريق","__assetName":"صنابير الحريق","__geometryKind":"point","__featureIndex":302,"__typeValue":"صنابير الحريق"},"geometry":{"type":"Point","coordinates":[31.503812669361462,30.276277465072674]}},{"type":"Feature","properties":{"GlobalID":"{3FA00260-7DDD-4ABA-A084-3BB24A951A6F}","Easting":"031° 30' 10.56\" E","Northing":"30° 16' 34.31\" N","sectors":"القطاع الرابع عشر","Implementing":null,"Start":null,"End_":null,"Meter_Id":"303","Description":null,"__networkId":"water","__networkName":"شبكة المياه","__layerId":"water_fire_hydrants","__layerName":"صنابير إطفاء الحريق","__assetName":"صنابير الحريق","__geometryKind":"point","__featureIndex":303,"__typeValue":"صنابير الحريق"},"geometry":{"type":"Point","coordinates":[31.504610774880703,30.276364624152812]}},{"type":"Feature","properties":{"GlobalID":"{01C9F604-6DEA-4AAF-90CC-4EA8D637D9BD}","Easting":"031° 30' 16.11\" E","Northing":"30° 16' 34.94\" N","sectors":"القطاع الرابع عشر","Implementing":null,"Start":null,"End_":null,"Meter_Id":"304","Description":null,"__networkId":"water","__networkName":"شبكة المياه","__layerId":"water_fire_hydrants","__layerName":"صنابير إطفاء الحريق","__assetName":"صنابير الحريق","__geometryKind":"point","__featureIndex":304,"__typeValue":"صنابير الحريق"},"geometry":{"type":"Point","coordinates":[31.506150661550844,30.2765383904964]}},{"type":"Feature","properties":{"GlobalID":"{8636D4CE-B50D-4492-BA42-B73BE24066F7}","Easting":"031° 30' 19.0\" E","Northing":"30° 16' 35.27\" N","sectors":"القطاع الرابع عشر","Implementing":null,"Start":null,"End_":null,"Meter_Id":"305","Description":null,"__networkId":"water","__networkName":"شبكة المياه","__layerId":"water_fire_hydrants","__layerName":"صنابير إطفاء الحريق","__assetName":"صنابير الحريق","__geometryKind":"point","__featureIndex":305,"__typeValue":"صنابير الحريق"},"geometry":{"type":"Point","coordinates":[31.506952806793898,30.276629295616615]}},{"type":"Feature","properties":{"GlobalID":"{D3CA250C-6E01-4C1F-968F-74C1746E9D36}","Easting":"031° 30' 22.78\" E","Northing":"30° 16' 35.72\" N","sectors":"القطاع الرابع عشر","Implementing":null,"Start":null,"End_":null,"Meter_Id":"306","Description":null,"__networkId":"water","__networkName":"شبكة المياه","__layerId":"water_fire_hydrants","__layerName":"صنابير إطفاء الحريق","__assetName":"صنابير الحريق","__geometryKind":"point","__featureIndex":306,"__typeValue":"صنابير الحريق"},"geometry":{"type":"Point","coordinates":[31.50800425518956,30.276756452326733]}},{"type":"Feature","properties":{"GlobalID":"{B8F5B2DB-E3A7-40E9-B0BB-16D1223321A4}","Easting":"031° 30' 26.36\" E","Northing":"30° 16' 36.16\" N","sectors":"القطاع الرابع عشر","Implementing":null,"Start":null,"End_":null,"Meter_Id":"307","Description":null,"__networkId":"water","__networkName":"شبكة المياه","__layerId":"water_fire_hydrants","__layerName":"صنابير إطفاء الحريق","__assetName":"صنابير الحريق","__geometryKind":"point","__featureIndex":307,"__typeValue":"صنابير الحريق"},"geometry":{"type":"Point","coordinates":[31.508997556535203,30.27687882693812]}},{"type":"Feature","properties":{"GlobalID":"{F3FA2389-A058-4B1D-9B31-271EF65183BC}","Easting":"031° 30' 30.06\" E","Northing":"30° 16' 36.62\" N","sectors":"القطاع الرابع عشر","Implementing":null,"Start":null,"End_":null,"Meter_Id":"308","Description":null,"__networkId":"water","__networkName":"شبكة المياه","__layerId":"water_fire_hydrants","__layerName":"صنابير إطفاء الحريق","__assetName":"صنابير الحريق","__geometryKind":"point","__featureIndex":308,"__typeValue":"صنابير الحريق"},"geometry":{"type":"Point","coordinates":[31.51002646440377,30.277005580693423]}},{"type":"Feature","properties":{"GlobalID":"{6C13B30D-B1D6-47D1-996D-DB4606CF149B}","Easting":"031° 30' 34.1\" E","Northing":"30° 16' 37.13\" N","sectors":"القطاع الرابع عشر","Implementing":null,"Start":null,"End_":null,"Meter_Id":"309","Description":null,"__networkId":"water","__networkName":"شبكة المياه","__layerId":"water_fire_hydrants","__layerName":"صنابير إطفاء الحريق","__assetName":"صنابير الحريق","__geometryKind":"point","__featureIndex":309,"__typeValue":"صنابير الحريق"},"geometry":{"type":"Point","coordinates":[31.511147958035377,30.27714808343917]}},{"type":"Feature","properties":{"GlobalID":"{4B1B3105-835F-46C3-BEE4-321E8014204D}","Easting":"031° 30' 37.74\" E","Northing":"30° 16' 37.54\" N","sectors":"القطاع الرابع عشر","Implementing":null,"Start":null,"End_":null,"Meter_Id":"310","Description":null,"__networkId":"water","__networkName":"شبكة المياه","__layerId":"water_fire_hydrants","__layerName":"صنابير إطفاء الحريق","__assetName":"صنابير الحريق","__geometryKind":"point","__featureIndex":310,"__typeValue":"صنابير الحريق"},"geometry":{"type":"Point","coordinates":[31.51216015903625,30.27726202869958]}},{"type":"Feature","properties":{"GlobalID":"{FD951DFE-4D10-4127-AC44-6C083F6F8A15}","Easting":"031° 30' 40.8\" E","Northing":"30° 16' 37.88\" N","sectors":"القطاع الرابع عشر","Implementing":null,"Start":null,"End_":null,"Meter_Id":"311","Description":null,"__networkId":"water","__networkName":"شبكة المياه","__layerId":"water_fire_hydrants","__layerName":"صنابير إطفاء الحريق","__assetName":"صنابير الحريق","__geometryKind":"point","__featureIndex":311,"__typeValue":"صنابير الحريق"},"geometry":{"type":"Point","coordinates":[31.513009996736077,30.27735633960163]}},{"type":"Feature","properties":{"GlobalID":"{6B5E66C5-4A16-4D78-8279-BB0349D3FE8E}","Easting":"031° 30' 44.96\" E","Northing":"30° 16' 38.41\" N","sectors":"القطاع الرابع عشر","Implementing":null,"Start":null,"End_":null,"Meter_Id":"312","Description":null,"__networkId":"water","__networkName":"شبكة المياه","__layerId":"water_fire_hydrants","__layerName":"صنابير إطفاء الحريق","__assetName":"صنابير الحريق","__geometryKind":"point","__featureIndex":312,"__typeValue":"صنابير الحريق"},"geometry":{"type":"Point","coordinates":[31.514166690852107,30.277502355342612]}},{"type":"Feature","properties":{"GlobalID":"{C2EBD1C9-FC91-427B-95DF-40D0371437D5}","Easting":"031° 30' 45.57\" E","Northing":"30° 16' 34.0\" N","sectors":"القطاع الرابع عشر","Implementing":null,"Start":null,"End_":null,"Meter_Id":"313","Description":null,"__networkId":"water","__networkName":"شبكة المياه","__layerId":"water_fire_hydrants","__layerName":"صنابير إطفاء الحريق","__assetName":"صنابير الحريق","__geometryKind":"point","__featureIndex":313,"__typeValue":"صنابير الحريق"},"geometry":{"type":"Point","coordinates":[31.51433590919712,30.276277634194656]}},{"type":"Feature","properties":{"GlobalID":"{832C98C6-1E98-4B9D-8019-1AD9F4C213A8}","Easting":"031° 30' 45.09\" E","Northing":"30° 16' 31.9\" N","sectors":"القطاع الرابع عشر","Implementing":null,"Start":null,"End_":null,"Meter_Id":"314","Description":null,"__networkId":"water","__networkName":"شبكة المياه","__layerId":"water_fire_hydrants","__layerName":"صنابير إطفاء الحريق","__assetName":"صنابير الحريق","__geometryKind":"point","__featureIndex":314,"__typeValue":"صنابير الحريق"},"geometry":{"type":"Point","coordinates":[31.514201726046508,30.275695244558918]}},{"type":"Feature","properties":{"GlobalID":"{637908F2-02EE-49F0-95D0-9DAA61A249B4}","Easting":"031° 30' 41.32\" E","Northing":"30° 16' 31.36\" N","sectors":"القطاع الرابع عشر","Implementing":null,"Start":null,"End_":null,"Meter_Id":"315","Description":null,"__networkId":"water","__networkName":"شبكة المياه","__layerId":"water_fire_hydrants","__layerName":"صنابير إطفاء الحريق","__assetName":"صنابير الحريق","__geometryKind":"point","__featureIndex":315,"__typeValue":"صنابير الحريق"},"geometry":{"type":"Point","coordinates":[31.51315519053714,30.27554518889325]}},{"type":"Feature","properties":{"GlobalID":"{A1FE6A64-C9A2-49F2-AC01-A10F1616EE1A}","Easting":"031° 30' 46.45\" E","Northing":"30° 16' 30.6\" N","sectors":"القطاع الرابع عشر","Implementing":null,"Start":null,"End_":null,"Meter_Id":"316","Description":null,"__networkId":"water","__networkName":"شبكة المياه","__layerId":"water_fire_hydrants","__layerName":"صنابير إطفاء الحريق","__assetName":"صنابير الحريق","__geometryKind":"point","__featureIndex":316,"__typeValue":"صنابير الحريق"},"geometry":{"type":"Point","coordinates":[31.514577852452607,30.275333552621408]}},{"type":"Feature","properties":{"GlobalID":"{17C1C32D-CCB1-4F51-BFE4-D4CB4FFF4B0C}","Easting":"031° 30' 41.48\" E","Northing":"30° 16' 29.92\" N","sectors":"القطاع الرابع عشر","Implementing":null,"Start":null,"End_":null,"Meter_Id":"317","Description":null,"__networkId":"water","__networkName":"شبكة المياه","__layerId":"water_fire_hydrants","__layerName":"صنابير إطفاء الحريق","__assetName":"صنابير الحريق","__geometryKind":"point","__featureIndex":317,"__typeValue":"صنابير الحريق"},"geometry":{"type":"Point","coordinates":[31.513197447288103,30.27514386166849]}},{"type":"Feature","properties":{"GlobalID":"{45048869-864B-4FC8-9A9C-76D17787CA4E}","Easting":"031° 30' 38.01\" E","Northing":"30° 16' 29.51\" N","sectors":"القطاع الرابع عشر","Implementing":null,"Start":null,"End_":null,"Meter_Id":"318","Description":null,"__networkId":"water","__networkName":"شبكة المياه","__layerId":"water_fire_hydrants","__layerName":"صنابير إطفاء الحريق","__assetName":"صنابير الحريق","__geometryKind":"point","__featureIndex":318,"__typeValue":"صنابير الحريق"},"geometry":{"type":"Point","coordinates":[31.512233922399183,30.275030360808934]}},{"type":"Feature","properties":{"GlobalID":"{E998E180-430F-425B-9766-B6CC690EF648}","Easting":"031° 30' 35.44\" E","Northing":"30° 16' 28.51\" N","sectors":"القطاع الرابع عشر","Implementing":null,"Start":null,"End_":null,"Meter_Id":"319","Description":null,"__networkId":"water","__networkName":"شبكة المياه","__layerId":"water_fire_hydrants","__layerName":"صنابير إطفاء الحريق","__assetName":"صنابير الحريق","__geometryKind":"point","__featureIndex":319,"__typeValue":"صنابير الحريق"},"geometry":{"type":"Point","coordinates":[31.51151991715687,30.274752421163484]}},{"type":"Feature","properties":{"GlobalID":"{68769F10-3EC0-43CF-A4DA-062C4AAF0838}","Easting":"031° 30' 37.25\" E","Northing":"30° 16' 24.66\" N","sectors":"القطاع الرابع عشر","Implementing":null,"Start":null,"End_":null,"Meter_Id":"320","Description":null,"__networkId":"water","__networkName":"شبكة المياه","__layerId":"water_fire_hydrants","__layerName":"صنابير إطفاء الحريق","__assetName":"صنابير الحريق","__geometryKind":"point","__featureIndex":320,"__typeValue":"صنابير الحريق"},"geometry":{"type":"Point","coordinates":[31.512023963659416,30.273682746264935]}},{"type":"Feature","properties":{"GlobalID":"{7EA022A8-E9E5-4DC1-8E2B-939E91A82498}","Easting":"031° 30' 42.02\" E","Northing":"30° 16' 25.23\" N","sectors":"القطاع الرابع عشر","Implementing":null,"Start":null,"End_":null,"Meter_Id":"321","Description":null,"__networkId":"water","__networkName":"شبكة المياه","__layerId":"water_fire_hydrants","__layerName":"صنابير إطفاء الحريق","__assetName":"صنابير الحريق","__geometryKind":"point","__featureIndex":321,"__typeValue":"صنابير الحريق"},"geometry":{"type":"Point","coordinates":[31.5133478099953,30.273840292879775]}},{"type":"Feature","properties":{"GlobalID":"{7EB97456-5DCB-4199-BC97-CC4915FA566C}","Easting":"031° 30' 33.01\" E","Northing":"30° 16' 24.15\" N","sectors":"القطاع الرابع عشر","Implementing":null,"Start":null,"End_":null,"Meter_Id":"322","Description":null,"__networkId":"water","__networkName":"شبكة المياه","__layerId":"water_fire_hydrants","__layerName":"صنابير إطفاء الحريق","__assetName":"صنابير الحريق","__geometryKind":"point","__featureIndex":322,"__typeValue":"صنابير الحريق"},"geometry":{"type":"Point","coordinates":[31.510844578099295,30.273542125259155]}},{"type":"Feature","properties":{"GlobalID":"{08F90AB3-9162-4280-84CC-769C97CAE28F}","Easting":"031° 30' 34.16\" E","Northing":"30° 16' 30.76\" N","sectors":"القطاع الرابع عشر","Implementing":null,"Start":null,"End_":null,"Meter_Id":"323","Description":null,"__networkId":"water","__networkName":"شبكة المياه","__layerId":"water_fire_hydrants","__layerName":"صنابير إطفاء الحريق","__assetName":"صنابير الحريق","__geometryKind":"point","__featureIndex":323,"__typeValue":"صنابير الحريق"},"geometry":{"type":"Point","coordinates":[31.511164067523357,30.275377548029084]}},{"type":"Feature","properties":{"GlobalID":"{C39E6CEB-6E62-4A65-A72D-5521B8EBE4D9}","Easting":"031° 30' 37.82\" E","Northing":"30° 16' 31.2\" N","sectors":"القطاع الرابع عشر","Implementing":null,"Start":null,"End_":null,"Meter_Id":"324","Description":null,"__networkId":"water","__networkName":"شبكة المياه","__layerId":"water_fire_hydrants","__layerName":"صنابير إطفاء الحريق","__assetName":"صنابير الحريق","__geometryKind":"point","__featureIndex":324,"__typeValue":"صنابير الحريق"},"geometry":{"type":"Point","coordinates":[31.512182509120535,30.275500709464506]}},{"type":"Feature","properties":{"GlobalID":"{BCAE470B-000F-448E-854A-F9C047314EF1}","Easting":"031° 30' 40.67\" E","Northing":"30° 16' 33.45\" N","sectors":"القطاع الرابع عشر","Implementing":null,"Start":null,"End_":null,"Meter_Id":"325","Description":null,"__networkId":"water","__networkName":"شبكة المياه","__layerId":"water_fire_hydrants","__layerName":"صنابير إطفاء الحريق","__assetName":"صنابير الحريق","__geometryKind":"point","__featureIndex":325,"__typeValue":"صنابير الحريق"},"geometry":{"type":"Point","coordinates":[31.512973819782964,30.27612424429734]}},{"type":"Feature","properties":{"GlobalID":"{BB173032-732A-4404-B33A-15FE1C673AE8}","Easting":"031° 30' 36.33\" E","Northing":"30° 16' 32.98\" N","sectors":"القطاع الرابع عشر","Implementing":null,"Start":null,"End_":null,"Meter_Id":"326","Description":null,"__networkId":"water","__networkName":"شبكة المياه","__layerId":"water_fire_hydrants","__layerName":"صنابير إطفاء الحريق","__assetName":"صنابير الحريق","__geometryKind":"point","__featureIndex":326,"__typeValue":"صنابير الحريق"},"geometry":{"type":"Point","coordinates":[31.511766997877427,30.275993688026706]}},{"type":"Feature","properties":{"GlobalID":"{BDBBF3A0-2D7B-4715-8BFB-0D25A7C3C4EC}","Easting":"031° 29' 47.99\" E","Northing":"30° 16' 28.74\" N","sectors":"القطاع الرابع عشر","Implementing":null,"Start":null,"End_":null,"Meter_Id":"327","Description":null,"__networkId":"water","__networkName":"شبكة المياه","__layerId":"water_fire_hydrants","__layerName":"صنابير إطفاء الحريق","__assetName":"صنابير الحريق","__geometryKind":"point","__featureIndex":327,"__typeValue":"صنابير الحريق"},"geometry":{"type":"Point","coordinates":[31.49834111450921,30.274816333961294]}},{"type":"Feature","properties":{"GlobalID":"{0DFFC404-5091-457D-A940-7AA59FC052D9}","Easting":"031° 29' 50.68\" E","Northing":"30° 16' 28.37\" N","sectors":"القطاع الرابع عشر","Implementing":null,"Start":null,"End_":null,"Meter_Id":"328","Description":null,"__networkId":"water","__networkName":"شبكة المياه","__layerId":"water_fire_hydrants","__layerName":"صنابير إطفاء الحريق","__assetName":"صنابير الحريق","__geometryKind":"point","__featureIndex":328,"__typeValue":"صنابير الحريق"},"geometry":{"type":"Point","coordinates":[31.49908797922635,30.274714529480786]}},{"type":"Feature","properties":{"GlobalID":"{FFDDA38C-2BC2-448F-A379-807E3B9EFC11}","Easting":"031° 29' 53.91\" E","Northing":"30° 16' 27.93\" N","sectors":"القطاع الرابع عشر","Implementing":null,"Start":null,"End_":null,"Meter_Id":"329","Description":null,"__networkId":"water","__networkName":"شبكة المياه","__layerId":"water_fire_hydrants","__layerName":"صنابير إطفاء الحريق","__assetName":"صنابير الحريق","__geometryKind":"point","__featureIndex":329,"__typeValue":"صنابير الحريق"},"geometry":{"type":"Point","coordinates":[31.499984823070022,30.2745922755234]}},{"type":"Feature","properties":{"GlobalID":"{D22FC8AA-8074-44DC-9A35-92CA490BE092}","Easting":"031° 29' 58.34\" E","Northing":"30° 16' 27.24\" N","sectors":"القطاع الرابع عشر","Implementing":null,"Start":null,"End_":null,"Meter_Id":"330","Description":null,"__networkId":"water","__networkName":"شبكة المياه","__layerId":"water_fire_hydrants","__layerName":"صنابير إطفاء الحريق","__assetName":"صنابير الحريق","__geometryKind":"point","__featureIndex":330,"__typeValue":"صنابير الحريق"},"geometry":{"type":"Point","coordinates":[31.501214619388925,30.27439943337422]}},{"type":"Feature","properties":{"GlobalID":"{C60BA430-6EE7-47A4-859C-DE2ECE457F08}","Easting":"031° 30' 2.16\" E","Northing":"30° 16' 26.29\" N","sectors":"القطاع الرابع عشر","Implementing":null,"Start":null,"End_":null,"Meter_Id":"331","Description":null,"__networkId":"water","__networkName":"شبكة المياه","__layerId":"water_fire_hydrants","__layerName":"صنابير إطفاء الحريق","__assetName":"صنابير الحريق","__geometryKind":"point","__featureIndex":331,"__typeValue":"صنابير الحريق"},"geometry":{"type":"Point","coordinates":[31.50227695087426,30.27413680169735]}},{"type":"Feature","properties":{"GlobalID":"{A6E12943-3976-43BF-99A9-E56042AE9453}","Easting":"031° 30' 6.23\" E","Northing":"30° 16' 25.76\" N","sectors":"القطاع الرابع عشر","Implementing":null,"Start":null,"End_":null,"Meter_Id":"332","Description":null,"__networkId":"water","__networkName":"شبكة المياه","__layerId":"water_fire_hydrants","__layerName":"صنابير إطفاء الحريق","__assetName":"صنابير الحريق","__geometryKind":"point","__featureIndex":332,"__typeValue":"صنابير الحريق"},"geometry":{"type":"Point","coordinates":[31.503406799736336,30.27398828828099]}},{"type":"Feature","properties":{"GlobalID":"{D0119741-2AFD-438B-A2A4-DA3495CD3563}","Easting":"031° 30' 10.08\" E","Northing":"30° 16' 25.25\" N","sectors":"القطاع الرابع عشر","Implementing":null,"Start":null,"End_":null,"Meter_Id":"333","Description":null,"__networkId":"water","__networkName":"شبكة المياه","__layerId":"water_fire_hydrants","__layerName":"صنابير إطفاء الحريق","__assetName":"صنابير الحريق","__geometryKind":"point","__featureIndex":333,"__typeValue":"صنابير الحريق"},"geometry":{"type":"Point","coordinates":[31.504477593351627,30.273847906661807]}},{"type":"Feature","properties":{"GlobalID":"{AF2433B6-96C8-4DA4-9A19-5941BA7242D3}","Easting":"031° 30' 14.11\" E","Northing":"30° 16' 24.74\" N","sectors":"القطاع الرابع عشر","Implementing":null,"Start":null,"End_":null,"Meter_Id":"334","Description":null,"__networkId":"water","__networkName":"شبكة المياه","__layerId":"water_fire_hydrants","__layerName":"صنابير إطفاء الحريق","__assetName":"صنابير الحريق","__geometryKind":"point","__featureIndex":334,"__typeValue":"صنابير الحريق"},"geometry":{"type":"Point","coordinates":[31.505596736092166,30.273705891763274]}},{"type":"Feature","properties":{"GlobalID":"{60D995A7-E791-4C40-BEA2-47961FFA5083}","Easting":"031° 30' 17.9\" E","Northing":"30° 16' 24.22\" N","sectors":"القطاع الرابع عشر","Implementing":null,"Start":null,"End_":null,"Meter_Id":"335","Description":null,"__networkId":"water","__networkName":"شبكة المياه","__layerId":"water_fire_hydrants","__layerName":"صنابير إطفاء الحريق","__assetName":"صنابير الحريق","__geometryKind":"point","__featureIndex":335,"__typeValue":"صنابير الحريق"},"geometry":{"type":"Point","coordinates":[31.506649322653285,30.273562189271484]}},{"type":"Feature","properties":{"GlobalID":"{DC020F76-BF99-4A4B-8B74-EDF6D4CAD0B1}","Easting":"031° 30' 21.31\" E","Northing":"30° 16' 22.76\" N","sectors":"القطاع الرابع عشر","Implementing":null,"Start":null,"End_":null,"Meter_Id":"336","Description":null,"__networkId":"water","__networkName":"شبكة المياه","__layerId":"water_fire_hydrants","__layerName":"صنابير إطفاء الحريق","__assetName":"صنابير الحريق","__geometryKind":"point","__featureIndex":336,"__typeValue":"صنابير الحريق"},"geometry":{"type":"Point","coordinates":[31.50759477972688,30.27315454812493]}},{"type":"Feature","properties":{"GlobalID":"{CBC5835E-43F0-4A2C-8C0C-6249003D64D8}","Easting":"031° 30' 25.13\" E","Northing":"30° 16' 23.24\" N","sectors":"القطاع الرابع عشر","Implementing":null,"Start":null,"End_":null,"Meter_Id":"337","Description":null,"__networkId":"water","__networkName":"شبكة المياه","__layerId":"water_fire_hydrants","__layerName":"صنابير إطفاء الحريق","__assetName":"صنابير الحريق","__geometryKind":"point","__featureIndex":337,"__typeValue":"صنابير الحريق"},"geometry":{"type":"Point","coordinates":[31.508658040968513,30.273288074103895]}},{"type":"Feature","properties":{"GlobalID":"{5F0AD7CD-C2CC-4DFB-B377-91701379D396}","Easting":"031° 30' 28.74\" E","Northing":"30° 16' 23.67\" N","sectors":"القطاع الرابع عشر","Implementing":null,"Start":null,"End_":null,"Meter_Id":"338","Description":null,"__networkId":"water","__networkName":"شبكة المياه","__layerId":"water_fire_hydrants","__layerName":"صنابير إطفاء الحريق","__assetName":"صنابير الحريق","__geometryKind":"point","__featureIndex":338,"__typeValue":"صنابير الحريق"},"geometry":{"type":"Point","coordinates":[31.509659617594554,30.273408477823313]}},{"type":"Feature","properties":{"GlobalID":"{95B5F5B8-71CA-43BE-8F08-30348CF7C441}","Easting":"031° 30' 33.93\" E","Northing":"30° 16' 21.57\" N","sectors":"القطاع الرابع عشر","Implementing":null,"Start":null,"End_":null,"Meter_Id":"339","Description":null,"__networkId":"water","__networkName":"شبكة المياه","__layerId":"water_fire_hydrants","__layerName":"صنابير إطفاء الحريق","__assetName":"صنابير الحريق","__geometryKind":"point","__featureIndex":339,"__typeValue":"صنابير الحريق"},"geometry":{"type":"Point","coordinates":[31.511100100288605,30.272825601793834]}},{"type":"Feature","properties":{"GlobalID":"{EF8D43EA-345D-40CB-8093-AC1B24E67C11}","Easting":"031° 30' 37.61\" E","Northing":"30° 16' 20.4\" N","sectors":"القطاع الرابع عشر","Implementing":null,"Start":null,"End_":null,"Meter_Id":"340","Description":null,"__networkId":"water","__networkName":"شبكة المياه","__layerId":"water_fire_hydrants","__layerName":"صنابير إطفاء الحريق","__assetName":"صنابير الحريق","__geometryKind":"point","__featureIndex":340,"__typeValue":"صنابير الحريق"},"geometry":{"type":"Point","coordinates":[31.512124253374367,30.272500849988806]}},{"type":"Feature","properties":{"GlobalID":"{6235383A-A9FE-4E9E-A183-AC4A040A5933}","Easting":"031° 30' 42.46\" E","Northing":"30° 16' 21.0\" N","sectors":"القطاع الرابع عشر","Implementing":null,"Start":null,"End_":null,"Meter_Id":"341","Description":null,"__networkId":"water","__networkName":"شبكة المياه","__layerId":"water_fire_hydrants","__layerName":"صنابير إطفاء الحريق","__assetName":"صنابير الحريق","__geometryKind":"point","__featureIndex":341,"__typeValue":"صنابير الحريق"},"geometry":{"type":"Point","coordinates":[31.51347104268262,30.272667519787852]}},{"type":"Feature","properties":{"GlobalID":"{251E2D03-4DA3-49A8-A1CC-7793B7865B3C}","Easting":"031° 30' 38.84\" E","Northing":"30° 16' 19.62\" N","sectors":"القطاع الرابع عشر","Implementing":null,"Start":null,"End_":null,"Meter_Id":"342","Description":null,"__networkId":"water","__networkName":"شبكة المياه","__layerId":"water_fire_hydrants","__layerName":"صنابير إطفاء الحريق","__assetName":"صنابير الحريق","__geometryKind":"point","__featureIndex":342,"__typeValue":"صنابير الحريق"},"geometry":{"type":"Point","coordinates":[31.51246391716308,30.27228378106373]}},{"type":"Feature","properties":{"GlobalID":"{C744E607-9C4B-4DB8-AA85-1DEED1FB7CEE}","Easting":"031° 30' 33.72\" E","Northing":"30° 16' 18.37\" N","sectors":"القطاع الرابع عشر","Implementing":null,"Start":null,"End_":null,"Meter_Id":"343","Description":null,"__networkId":"water","__networkName":"شبكة المياه","__layerId":"water_fire_hydrants","__layerName":"صنابير إطفاء الحريق","__assetName":"صنابير الحريق","__geometryKind":"point","__featureIndex":343,"__typeValue":"صنابير الحريق"},"geometry":{"type":"Point","coordinates":[31.511043266575545,30.271936337740005]}},{"type":"Feature","properties":{"GlobalID":"{DB33043F-F1FF-4556-B758-EE19F1CBCB4A}","Easting":"031° 30' 35.73\" E","Northing":"30° 16' 17.83\" N","sectors":"القطاع الرابع عشر","Implementing":null,"Start":null,"End_":null,"Meter_Id":"344","Description":null,"__networkId":"water","__networkName":"شبكة المياه","__layerId":"water_fire_hydrants","__layerName":"صنابير إطفاء الحريق","__assetName":"صنابير الحريق","__geometryKind":"point","__featureIndex":344,"__typeValue":"صنابير الحريق"},"geometry":{"type":"Point","coordinates":[31.511600175339282,30.271787364033564]}},{"type":"Feature","properties":{"GlobalID":"{F0833424-D124-48C5-A83D-FB256C376113}","Easting":"031° 30' 37.89\" E","Northing":"30° 16' 17.19\" N","sectors":"القطاع الرابع عشر","Implementing":null,"Start":null,"End_":null,"Meter_Id":"345","Description":null,"__networkId":"water","__networkName":"شبكة المياه","__layerId":"water_fire_hydrants","__layerName":"صنابير إطفاء الحريق","__assetName":"صنابير الحريق","__geometryKind":"point","__featureIndex":345,"__typeValue":"صنابير الحريق"},"geometry":{"type":"Point","coordinates":[31.51220219031011,30.27160707001365]}},{"type":"Feature","properties":{"GlobalID":"{220958BD-A5BE-4AAA-9D3F-50D5AE4A6205}","Easting":"031° 30' 40.5\" E","Northing":"30° 16' 17.38\" N","sectors":"القطاع الرابع عشر","Implementing":null,"Start":null,"End_":null,"Meter_Id":"346","Description":null,"__networkId":"water","__networkName":"شبكة المياه","__layerId":"water_fire_hydrants","__layerName":"صنابير إطفاء الحريق","__assetName":"صنابير الحريق","__geometryKind":"point","__featureIndex":346,"__typeValue":"صنابير الحريق"},"geometry":{"type":"Point","coordinates":[31.51292661600972,30.27166185960064]}},{"type":"Feature","properties":{"GlobalID":"{9D93F861-8B02-44A7-AB92-B7FC387D07D0}","Easting":"031° 30' 39.48\" E","Northing":"30° 16' 14.58\" N","sectors":"القطاع الرابع عشر","Implementing":null,"Start":null,"End_":null,"Meter_Id":"347","Description":null,"__networkId":"water","__networkName":"شبكة المياه","__layerId":"water_fire_hydrants","__layerName":"صنابير إطفاء الحريق","__assetName":"صنابير الحريق","__geometryKind":"point","__featureIndex":347,"__typeValue":"صنابير الحريق"},"geometry":{"type":"Point","coordinates":[31.512643451760812,30.27088203784261]}},{"type":"Feature","properties":{"GlobalID":"{F71E5A66-2269-4A18-8A04-D6219685D09C}","Easting":"031° 30' 37.11\" E","Northing":"30° 16' 14.97\" N","sectors":"القطاع الرابع عشر","Implementing":null,"Start":null,"End_":null,"Meter_Id":"348","Description":null,"__networkId":"water","__networkName":"شبكة المياه","__layerId":"water_fire_hydrants","__layerName":"صنابير إطفاء الحريق","__assetName":"صنابير الحريق","__geometryKind":"point","__featureIndex":348,"__typeValue":"صنابير الحريق"},"geometry":{"type":"Point","coordinates":[31.511983967069714,30.27099090247941]}},{"type":"Feature","properties":{"GlobalID":"{9541846F-8654-4DD9-9568-4836FCD346AD}","Easting":"031° 30' 34.89\" E","Northing":"30° 16' 15.52\" N","sectors":"القطاع الرابع عشر","Implementing":null,"Start":null,"End_":null,"Meter_Id":"349","Description":null,"__networkId":"water","__networkName":"شبكة المياه","__layerId":"water_fire_hydrants","__layerName":"صنابير إطفاء الحريق","__assetName":"صنابير الحريق","__geometryKind":"point","__featureIndex":349,"__typeValue":"صنابير الحريق"},"geometry":{"type":"Point","coordinates":[31.511367712903322,30.271145757407037]}},{"type":"Feature","properties":{"GlobalID":"{412A34DE-6211-4F17-AA5E-87ED4DDA314F}","Easting":"031° 30' 32.78\" E","Northing":"30° 16' 15.85\" N","sectors":"القطاع الرابع عشر","Implementing":null,"Start":null,"End_":null,"Meter_Id":"350","Description":null,"__networkId":"water","__networkName":"شبكة المياه","__layerId":"water_fire_hydrants","__layerName":"صنابير إطفاء الحريق","__assetName":"صنابير الحريق","__geometryKind":"point","__featureIndex":350,"__typeValue":"صنابير الحريق"},"geometry":{"type":"Point","coordinates":[31.51078168345301,30.271235135259815]}},{"type":"Feature","properties":{"GlobalID":"{53E91B8B-E532-4666-9352-C6A918D38847}","Easting":"031° 30' 32.37\" E","Northing":"30° 16' 14.8\" N","sectors":"القطاع الرابع عشر","Implementing":null,"Start":null,"End_":null,"Meter_Id":"351","Description":null,"__networkId":"water","__networkName":"شبكة المياه","__layerId":"water_fire_hydrants","__layerName":"صنابير إطفاء الحريق","__assetName":"صنابير الحريق","__geometryKind":"point","__featureIndex":351,"__typeValue":"صنابير الحريق"},"geometry":{"type":"Point","coordinates":[31.510668254978707,30.270945247930104]}},{"type":"Feature","properties":{"GlobalID":"{E15C0A65-C3DE-4AD7-80D6-E9B4C054B75F}","Easting":"031° 30' 31.52\" E","Northing":"30° 16' 12.86\" N","sectors":"القطاع الرابع عشر","Implementing":null,"Start":null,"End_":null,"Meter_Id":"352","Description":null,"__networkId":"water","__networkName":"شبكة المياه","__layerId":"water_fire_hydrants","__layerName":"صنابير إطفاء الحريق","__assetName":"صنابير الحريق","__geometryKind":"point","__featureIndex":352,"__typeValue":"صنابير الحريق"},"geometry":{"type":"Point","coordinates":[31.510433093105306,30.270404669019328]}},{"type":"Feature","properties":{"GlobalID":"{CEA3EB32-4156-4D0C-8323-AC3E33F1D0B5}","Easting":"031° 30' 27.02\" E","Northing":"30° 16' 14.09\" N","sectors":"القطاع الرابع عشر","Implementing":null,"Start":null,"End_":null,"Meter_Id":"353","Description":null,"__networkId":"water","__networkName":"شبكة المياه","__layerId":"water_fire_hydrants","__layerName":"صنابير إطفاء الحريق","__assetName":"صنابير الحريق","__geometryKind":"point","__featureIndex":353,"__typeValue":"صنابير الحريق"},"geometry":{"type":"Point","coordinates":[31.509181557556545,30.270746750553773]}},{"type":"Feature","properties":{"GlobalID":"{6E195C3B-2649-4D2A-B33E-F01454CA7726}","Easting":"031° 30' 24.64\" E","Northing":"30° 16' 14.75\" N","sectors":"القطاع الرابع عشر","Implementing":null,"Start":null,"End_":null,"Meter_Id":"354","Description":null,"__networkId":"water","__networkName":"شبكة المياه","__layerId":"water_fire_hydrants","__layerName":"صنابير إطفاء الحريق","__assetName":"صنابير الحريق","__geometryKind":"point","__featureIndex":354,"__typeValue":"صنابير الحريق"},"geometry":{"type":"Point","coordinates":[31.508519921400325,30.2709294388175]}},{"type":"Feature","properties":{"GlobalID":"{48C50735-B684-4039-A0CB-17C497C1B8E2}","Easting":"031° 30' 21.28\" E","Northing":"30° 16' 15.67\" N","sectors":"القطاع الرابع عشر","Implementing":null,"Start":null,"End_":null,"Meter_Id":"355","Description":null,"__networkId":"water","__networkName":"شبكة المياه","__layerId":"water_fire_hydrants","__layerName":"صنابير إطفاء الحريق","__assetName":"صنابير الحريق","__geometryKind":"point","__featureIndex":355,"__typeValue":"صنابير الحريق"},"geometry":{"type":"Point","coordinates":[31.50758838372205,30.271186645944137]}},{"type":"Feature","properties":{"GlobalID":"{12D42FEC-5DD9-484F-A4D0-9DA78471626E}","Easting":"031° 30' 17.56\" E","Northing":"30° 16' 16.73\" N","sectors":"القطاع الرابع عشر","Implementing":null,"Start":null,"End_":null,"Meter_Id":"356","Description":null,"__networkId":"water","__networkName":"شبكة المياه","__layerId":"water_fire_hydrants","__layerName":"صنابير إطفاء الحريق","__assetName":"صنابير الحريق","__geometryKind":"point","__featureIndex":356,"__typeValue":"صنابير الحريق"},"geometry":{"type":"Point","coordinates":[31.50655273579393,30.2714798787025]}},{"type":"Feature","properties":{"GlobalID":"{8182B8CE-C6E3-4A4A-B64D-97C6B7152572}","Easting":"031° 30' 14.14\" E","Northing":"30° 16' 17.69\" N","sectors":"القطاع الرابع عشر","Implementing":null,"Start":null,"End_":null,"Meter_Id":"357","Description":null,"__networkId":"water","__networkName":"شبكة المياه","__layerId":"water_fire_hydrants","__layerName":"صنابير إطفاء الحريق","__assetName":"صنابير الحريق","__geometryKind":"point","__featureIndex":357,"__typeValue":"صنابير الحريق"},"geometry":{"type":"Point","coordinates":[31.505602891348477,30.2717474323387]}},{"type":"Feature","properties":{"GlobalID":"{0C84E330-B93D-4B29-ADAC-95DA36877737}","Easting":"031° 30' 11.04\" E","Northing":"30° 16' 18.46\" N","sectors":"القطاع الرابع عشر","Implementing":null,"Start":null,"End_":null,"Meter_Id":"358","Description":null,"__networkId":"water","__networkName":"شبكة المياه","__layerId":"water_fire_hydrants","__layerName":"صنابير إطفاء الحريق","__assetName":"صنابير الحريق","__geometryKind":"point","__featureIndex":358,"__typeValue":"صنابير الحريق"},"geometry":{"type":"Point","coordinates":[31.504741845368873,30.271961070984254]}},{"type":"Feature","properties":{"GlobalID":"{B031027A-3F5D-4D76-8DE6-1342A5ADF1FD}","Easting":"031° 30' 5.37\" E","Northing":"30° 16' 19.92\" N","sectors":"القطاع الرابع عشر","Implementing":null,"Start":null,"End_":null,"Meter_Id":"359","Description":null,"__networkId":"water","__networkName":"شبكة المياه","__layerId":"water_fire_hydrants","__layerName":"صنابير إطفاء الحريق","__assetName":"صنابير الحريق","__geometryKind":"point","__featureIndex":359,"__typeValue":"صنابير الحريق"},"geometry":{"type":"Point","coordinates":[31.503169101918896,30.27236619877588]}},{"type":"Feature","properties":{"GlobalID":"{87DC483B-C59D-4095-B05B-4AD70D0DC1FC}","Easting":"031° 30' 2.87\" E","Northing":"30° 16' 20.56\" N","sectors":"القطاع الرابع عشر","Implementing":null,"Start":null,"End_":null,"Meter_Id":"360","Description":null,"__networkId":"water","__networkName":"شبكة المياه","__layerId":"water_fire_hydrants","__layerName":"صنابير إطفاء الحريق","__assetName":"صنابير الحريق","__geometryKind":"point","__featureIndex":360,"__typeValue":"صنابير الحريق"},"geometry":{"type":"Point","coordinates":[31.50247268299486,30.27254347967404]}},{"type":"Feature","properties":{"GlobalID":"{21197737-2B50-4FDD-A7FF-3A406CFB10AA}","Easting":"031° 29' 59.67\" E","Northing":"30° 16' 21.41\" N","sectors":"القطاع الرابع عشر","Implementing":null,"Start":null,"End_":null,"Meter_Id":"361","Description":null,"__networkId":"water","__networkName":"شبكة المياه","__layerId":"water_fire_hydrants","__layerName":"صنابير إطفاء الحريق","__assetName":"صنابير الحريق","__geometryKind":"point","__featureIndex":361,"__typeValue":"صنابير الحريق"},"geometry":{"type":"Point","coordinates":[31.501583756902104,30.27278054392505]}},{"type":"Feature","properties":{"GlobalID":"{963AB52B-17BE-4CDE-A65E-E5C30E5B9F42}","Easting":"031° 29' 56.14\" E","Northing":"30° 16' 22.4\" N","sectors":"القطاع الرابع عشر","Implementing":null,"Start":null,"End_":null,"Meter_Id":"362","Description":null,"__networkId":"water","__networkName":"شبكة المياه","__layerId":"water_fire_hydrants","__layerName":"صنابير إطفاء الحريق","__assetName":"صنابير الحريق","__geometryKind":"point","__featureIndex":362,"__typeValue":"صنابير الحريق"},"geometry":{"type":"Point","coordinates":[31.500605175350696,30.273054946009715]}},{"type":"Feature","properties":{"GlobalID":"{A6BB1679-B127-40B4-9E4C-BF38B5666530}","Easting":"031° 29' 52.68\" E","Northing":"30° 16' 23.4\" N","sectors":"القطاع الرابع عشر","Implementing":null,"Start":null,"End_":null,"Meter_Id":"363","Description":null,"__networkId":"water","__networkName":"شبكة المياه","__layerId":"water_fire_hydrants","__layerName":"صنابير إطفاء الحريق","__assetName":"صنابير الحريق","__geometryKind":"point","__featureIndex":363,"__typeValue":"صنابير الحريق"},"geometry":{"type":"Point","coordinates":[31.499644219643514,30.273334120900323]}},{"type":"Feature","properties":{"GlobalID":"{0351F3C4-8D0B-48A0-938F-68C493CD9227}","Easting":"031° 29' 49.18\" E","Northing":"30° 16' 24.39\" N","sectors":"القطاع الرابع عشر","Implementing":null,"Start":null,"End_":null,"Meter_Id":"364","Description":null,"__networkId":"water","__networkName":"شبكة المياه","__layerId":"water_fire_hydrants","__layerName":"صنابير إطفاء الحريق","__assetName":"صنابير الحريق","__geometryKind":"point","__featureIndex":364,"__typeValue":"صنابير الحريق"},"geometry":{"type":"Point","coordinates":[31.49866923045497,30.273609276300654]}},{"type":"Feature","properties":{"GlobalID":"{26391E7B-D3DE-4904-B8AD-82A03589B9A9}","Easting":"031° 30' 33.75\" E","Northing":"30° 16' 13.32\" N","sectors":"القطاع الرابع عشر","Implementing":null,"Start":null,"End_":null,"Meter_Id":"365","Description":null,"__networkId":"water","__networkName":"شبكة المياه","__layerId":"water_fire_hydrants","__layerName":"صنابير إطفاء الحريق","__assetName":"صنابير الحريق","__geometryKind":"point","__featureIndex":365,"__typeValue":"صنابير الحريق"},"geometry":{"type":"Point","coordinates":[31.51105237010263,30.27053341339249]}},{"type":"Feature","properties":{"GlobalID":"{08350ECD-618A-40B5-ADEB-35A525C5F9F5}","Easting":"031° 30' 35.09\" E","Northing":"30° 16' 12.98\" N","sectors":"القطاع الرابع عشر","Implementing":null,"Start":null,"End_":null,"Meter_Id":"366","Description":null,"__networkId":"water","__networkName":"شبكة المياه","__layerId":"water_fire_hydrants","__layerName":"صنابير إطفاء الحريق","__assetName":"صنابير الحريق","__geometryKind":"point","__featureIndex":366,"__typeValue":"صنابير الحريق"},"geometry":{"type":"Point","coordinates":[31.511424047153103,30.270439983489737]}},{"type":"Feature","properties":{"GlobalID":"{9CA13423-E483-4A97-8ABA-F4EB1B1120BB}","Easting":"031° 30' 37.5\" E","Northing":"30° 16' 12.37\" N","sectors":"القطاع الرابع عشر","Implementing":null,"Start":null,"End_":null,"Meter_Id":"367","Description":null,"__networkId":"water","__networkName":"شبكة المياه","__layerId":"water_fire_hydrants","__layerName":"صنابير إطفاء الحريق","__assetName":"صنابير الحريق","__geometryKind":"point","__featureIndex":367,"__typeValue":"صنابير الحريق"},"geometry":{"type":"Point","coordinates":[31.51209244942003,30.270270565774865]}},{"type":"Feature","properties":{"GlobalID":"{48132636-7E70-4953-82D7-AC9E6F5C68C3}","Easting":"031° 30' 35.48\" E","Northing":"30° 16' 11.79\" N","sectors":"القطاع الرابع عشر","Implementing":null,"Start":null,"End_":null,"Meter_Id":"368","Description":null,"__networkId":"water","__networkName":"شبكة المياه","__layerId":"water_fire_hydrants","__layerName":"صنابير إطفاء الحريق","__assetName":"صنابير الحريق","__geometryKind":"point","__featureIndex":368,"__typeValue":"صنابير الحريق"},"geometry":{"type":"Point","coordinates":[31.511532284263378,30.270109362338157]}},{"type":"Feature","properties":{"GlobalID":"{30761725-BFCA-4B41-B185-0C6927521AEF}","Easting":"031° 30' 39.12\" E","Northing":"30° 16' 10.81\" N","sectors":"القطاع الرابع عشر","Implementing":null,"Start":null,"End_":null,"Meter_Id":"369","Description":null,"__networkId":"water","__networkName":"شبكة المياه","__layerId":"water_fire_hydrants","__layerName":"صنابير إطفاء الحريق","__assetName":"صنابير الحريق","__geometryKind":"point","__featureIndex":369,"__typeValue":"صنابير الحريق"},"geometry":{"type":"Point","coordinates":[31.512544233736,30.269835377179547]}},{"type":"Feature","properties":{"GlobalID":"{BEE40CFC-159A-43DD-B66C-EFB82E445991}","Easting":"031° 30' 41.39\" E","Northing":"30° 16' 10.75\" N","sectors":"القطاع الرابع عشر","Implementing":null,"Start":null,"End_":null,"Meter_Id":"370","Description":null,"__networkId":"water","__networkName":"شبكة المياه","__layerId":"water_fire_hydrants","__layerName":"صنابير إطفاء الحريق","__assetName":"صنابير الحريق","__geometryKind":"point","__featureIndex":370,"__typeValue":"صنابير الحريق"},"geometry":{"type":"Point","coordinates":[31.51317350538916,30.269819523665323]}},{"type":"Feature","properties":{"GlobalID":"{7B20E4DF-137F-4F87-AC29-3C557ED7DC58}","Easting":"031° 30' 44.98\" E","Northing":"30° 16' 14.06\" N","sectors":"القطاع الرابع عشر","Implementing":null,"Start":null,"End_":null,"Meter_Id":"371","Description":null,"__networkId":"water","__networkName":"شبكة المياه","__layerId":"water_fire_hydrants","__layerName":"صنابير إطفاء الحريق","__assetName":"صنابير الحريق","__geometryKind":"point","__featureIndex":371,"__typeValue":"صنابير الحريق"},"geometry":{"type":"Point","coordinates":[31.514171126732975,30.27073820398018]}},{"type":"Feature","properties":{"GlobalID":"{1EA69204-3B7C-4CAE-8A70-CDBC9F707CDB}","Easting":"031° 30' 44.9\" E","Northing":"30° 16' 16.73\" N","sectors":"القطاع الرابع عشر","Implementing":null,"Start":null,"End_":null,"Meter_Id":"372","Description":null,"__networkId":"water","__networkName":"شبكة المياه","__layerId":"water_fire_hydrants","__layerName":"صنابير إطفاء الحريق","__assetName":"صنابير الحريق","__geometryKind":"point","__featureIndex":372,"__typeValue":"صنابير الحريق"},"geometry":{"type":"Point","coordinates":[31.51414994715351,30.271479469841722]}},{"type":"Feature","properties":{"GlobalID":"{A6826168-DB22-4F11-8FD2-B5F6FC0A8786}","Easting":"031° 30' 46.95\" E","Northing":"30° 16' 17.36\" N","sectors":"القطاع الرابع عشر","Implementing":null,"Start":null,"End_":null,"Meter_Id":"373","Description":null,"__networkId":"water","__networkName":"شبكة المياه","__layerId":"water_fire_hydrants","__layerName":"صنابير إطفاء الحريق","__assetName":"صنابير الحريق","__geometryKind":"point","__featureIndex":373,"__typeValue":"صنابير الحريق"},"geometry":{"type":"Point","coordinates":[31.514718731645342,30.271654203754437]}},{"type":"Feature","properties":{"GlobalID":"{9738FDF9-2975-4968-BCB8-B140717F6041}","Easting":"031° 30' 48.36\" E","Northing":"30° 16' 15.6\" N","sectors":"القطاع الرابع عشر","Implementing":null,"Start":null,"End_":null,"Meter_Id":"374","Description":null,"__networkId":"water","__networkName":"شبكة المياه","__layerId":"water_fire_hydrants","__layerName":"صنابير إطفاء الحريق","__assetName":"صنابير الحريق","__geometryKind":"point","__featureIndex":374,"__typeValue":"صنابير الحريق"},"geometry":{"type":"Point","coordinates":[31.515109504183823,30.27116767846894]}},{"type":"Feature","properties":{"GlobalID":"{C131A7E6-2FBE-49E1-854E-9A7E562CE8BD}","Easting":"031° 30' 51.24\" E","Northing":"30° 16' 16.61\" N","sectors":"القطاع الرابع عشر","Implementing":null,"Start":null,"End_":null,"Meter_Id":"375","Description":null,"__networkId":"water","__networkName":"شبكة المياه","__layerId":"water_fire_hydrants","__layerName":"صنابير إطفاء الحريق","__assetName":"صنابير الحريق","__geometryKind":"point","__featureIndex":375,"__typeValue":"صنابير الحريق"},"geometry":{"type":"Point","coordinates":[31.515909661455165,30.271445954112693]}},{"type":"Feature","properties":{"GlobalID":"{36A266A9-FB07-4099-8789-3F4FA1742B2D}","Easting":"031° 30' 48.97\" E","Northing":"30° 16' 18.17\" N","sectors":"القطاع الرابع عشر","Implementing":null,"Start":null,"End_":null,"Meter_Id":"376","Description":null,"__networkId":"water","__networkName":"شبكة المياه","__layerId":"water_fire_hydrants","__layerName":"صنابير إطفاء الحريق","__assetName":"صنابير الحريق","__geometryKind":"point","__featureIndex":376,"__typeValue":"صنابير الحريق"},"geometry":{"type":"Point","coordinates":[31.515279521131145,30.271881272888802]}},{"type":"Feature","properties":{"GlobalID":"{675253FD-683B-45AB-961A-1FDBB0EDECC6}","Easting":"031° 30' 51.42\" E","Northing":"30° 16' 18.99\" N","sectors":"القطاع الرابع عشر","Implementing":null,"Start":null,"End_":null,"Meter_Id":"377","Description":null,"__networkId":"water","__networkName":"شبكة المياه","__layerId":"water_fire_hydrants","__layerName":"صنابير إطفاء الحريق","__assetName":"صنابير الحريق","__geometryKind":"point","__featureIndex":377,"__typeValue":"صنابير الحريق"},"geometry":{"type":"Point","coordinates":[31.5159590346598,30.272107112595858]}},{"type":"Feature","properties":{"GlobalID":"{AC8480DE-B8B0-4A95-B4DF-44B477CB7320}","Easting":"031° 30' 46.76\" E","Northing":"30° 16' 20.03\" N","sectors":"القطاع الرابع عشر","Implementing":null,"Start":null,"End_":null,"Meter_Id":"378","Description":null,"__networkId":"water","__networkName":"شبكة المياه","__layerId":"water_fire_hydrants","__layerName":"صنابير إطفاء الحريق","__assetName":"صنابير الحريق","__geometryKind":"point","__featureIndex":378,"__typeValue":"صنابير الحريق"},"geometry":{"type":"Point","coordinates":[31.51466585141784,30.272397841362007]}},{"type":"Feature","properties":{"GlobalID":"{8A551AE5-91E6-4A65-B2A8-B202D647091C}","Easting":"031° 30' 49.67\" E","Northing":"30° 16' 21.05\" N","sectors":"القطاع الرابع عشر","Implementing":null,"Start":null,"End_":null,"Meter_Id":"379","Description":null,"__networkId":"water","__networkName":"شبكة المياه","__layerId":"water_fire_hydrants","__layerName":"صنابير إطفاء الحريق","__assetName":"صنابير الحريق","__geometryKind":"point","__featureIndex":379,"__typeValue":"صنابير الحريق"},"geometry":{"type":"Point","coordinates":[31.515473674013485,30.272681638890266]}},{"type":"Feature","properties":{"GlobalID":"{A4728876-ED03-4FAF-B1FE-B25FE220A4FD}","Easting":"031° 30' 45.74\" E","Northing":"30° 16' 21.42\" N","sectors":"القطاع الرابع عشر","Implementing":null,"Start":null,"End_":null,"Meter_Id":"380","Description":null,"__networkId":"water","__networkName":"شبكة المياه","__layerId":"water_fire_hydrants","__layerName":"صنابير إطفاء الحريق","__assetName":"صنابير الحريق","__geometryKind":"point","__featureIndex":380,"__typeValue":"صنابير الحريق"},"geometry":{"type":"Point","coordinates":[31.51438291354437,30.272784631702876]}},{"type":"Feature","properties":{"GlobalID":"{FFB279DA-9557-45A5-BC78-47DD91F1E059}","Easting":"031° 30' 46.04\" E","Northing":"30° 16' 25.71\" N","sectors":"القطاع الرابع عشر","Implementing":null,"Start":null,"End_":null,"Meter_Id":"381","Description":null,"__networkId":"water","__networkName":"شبكة المياه","__layerId":"water_fire_hydrants","__layerName":"صنابير إطفاء الحريق","__assetName":"صنابير الحريق","__geometryKind":"point","__featureIndex":381,"__typeValue":"صنابير الحريق"},"geometry":{"type":"Point","coordinates":[31.514465069866986,30.273974511497524]}},{"type":"Feature","properties":{"GlobalID":"{D7B3EEFE-5AB0-4ABA-A7B8-4E8E8591D84F}","Easting":"031° 30' 55.44\" E","Northing":"30° 16' 17.72\" N","sectors":"القطاع الرابع عشر","Implementing":null,"Start":null,"End_":null,"Meter_Id":"382","Description":null,"__networkId":"water","__networkName":"شبكة المياه","__layerId":"water_fire_hydrants","__layerName":"صنابير إطفاء الحريق","__assetName":"صنابير الحريق","__geometryKind":"point","__featureIndex":382,"__typeValue":"صنابير الحريق"},"geometry":{"type":"Point","coordinates":[31.517083263661473,30.271739453755995]}},{"type":"Feature","properties":{"GlobalID":"{9F508045-FE66-40C5-B653-104F90F8F12E}","Easting":"031° 30' 43.16\" E","Northing":"30° 16' 18.71\" N","sectors":"القطاع الرابع عشر","Implementing":null,"Start":null,"End_":null,"Meter_Id":"383","Description":null,"__networkId":"water","__networkName":"شبكة المياه","__layerId":"water_fire_hydrants","__layerName":"صنابير إطفاء الحريق","__assetName":"صنابير الحريق","__geometryKind":"point","__featureIndex":383,"__typeValue":"صنابير الحريق"},"geometry":{"type":"Point","coordinates":[31.513664182265334,30.27203042877099]}}]}