{"type":"FeatureCollection","features":[{"type":"Feature","properties":{"GlobalID":"{2D3E15D1-5F0F-452B-9647-068AFA4B5141}","Room_Id":1,"Room_type":"تقاطع","Room_contents":"اتنين محبس","sectors":"القطاع الثالث","Implementing":"التوحيد","Start":"15/09/2021","End_":"15/03/2023","GL":172.4,"IL":170.8,"Depth":1.5999999999999943,"diameter":"200-200","dimention":null,"Fault_statement":null,"Manufacturing_material":"بولى إيثيلين عالى الكثافة (HDPE)","TYPE":null,"material":"مواسير بي في سي","diameter2":"225-250مم","SHAPE_Length":37.38419249701214,"SHAPE_Area":87.29981225677479,"__networkId":"water","__networkName":"شبكة المياه","__layerId":"water_rooms","__layerName":"غرف المياه","__assetName":"غرف المياه","__geometryKind":"polygon","__featureIndex":1,"__length_m":37.38,"__area_m2":87.3,"__typeValue":"تقاطع"},"geometry":{"type":"Polygon","coordinates":[[[31.559097642874576,30.269926012309085],[31.559174751563635,30.269951463710946],[31.55920332787114,30.269881991182654],[31.559126217385455,30.26985653898699],[31.559097642874576,30.269926012309085]]]}},{"type":"Feature","properties":{"GlobalID":"{79BA8ED6-7B28-43CF-A1DE-01C6F798A0E1}","Room_Id":2,"Room_type":"تقاطع","Room_contents":"اتنين محبس","sectors":"القطاع الثالث","Implementing":"التوحيد","Start":"15/09/2021","End_":"15/03/2023","GL":171.97,"IL":170.37,"Depth":1.5999999999999943,"diameter":"200-200","dimention":null,"Fault_statement":null,"Manufacturing_material":"بولى إيثيلين عالى الكثافة (HDPE)","TYPE":null,"material":"مواسير بي في سي","diameter2":"225-250-160مم","SHAPE_Length":45.706713257155286,"SHAPE_Area":128.54232937004483,"__networkId":"water","__networkName":"شبكة المياه","__layerId":"water_rooms","__layerName":"غرف المياه","__assetName":"غرف المياه","__geometryKind":"polygon","__featureIndex":2,"__length_m":45.71,"__area_m2":128.54,"__typeValue":"تقاطع"},"geometry":{"type":"Polygon","coordinates":[[[31.559622593173813,30.2724891312443],[31.559711684490416,30.272552510976993],[31.559769324890645,30.27249296301402],[31.559680232675706,30.272429582467044],[31.559622593173813,30.2724891312443]]]}},{"type":"Feature","properties":{"GlobalID":"{A32439AF-FC8C-41D5-9A2B-72BB32EB0484}","Room_Id":3,"Room_type":"تقاطع","Room_contents":"اتنين محبس","sectors":"القطاع الثالث","Implementing":"التوحيد","Start":"15/09/2021","End_":"15/03/2023","GL":168.99,"IL":167.388,"Depth":1.6020000000000039,"diameter":"200-200","dimention":null,"Fault_statement":null,"Manufacturing_material":"بولى إيثيلين عالى الكثافة (HDPE)","TYPE":null,"material":"مواسير بي في سي","diameter2":"225مم","SHAPE_Length":36.206208578795334,"SHAPE_Area":79.50124439365963,"__networkId":"water","__networkName":"شبكة المياه","__layerId":"water_rooms","__layerName":"غرف المياه","__assetName":"غرف المياه","__geometryKind":"polygon","__featureIndex":3,"__length_m":36.21,"__area_m2":79.5,"__typeValue":"تقاطع"},"geometry":{"type":"Polygon","coordinates":[[[31.561671077211724,30.274072158423202],[31.561741798879115,30.274127213511452],[31.561785436340646,30.274082841277217],[31.56171471557159,30.27402778538826],[31.561671077211724,30.274072158423202]]]}},{"type":"Feature","properties":{"GlobalID":"{C744937B-7FD2-475D-9B04-EFAB36AEBC59}","Room_Id":4,"Room_type":"تقاطع","Room_contents":"اتنين محبس","sectors":"القطاع الثالث","Implementing":"التوحيد","Start":"15/09/2021","End_":"15/03/2023","GL":168.9,"IL":167.305,"Depth":1.5949999999999989,"diameter":"200-200","dimention":null,"Fault_statement":null,"Manufacturing_material":"بولى إيثيلين عالى الكثافة (HDPE)","TYPE":null,"material":"مواسير بي في سي","diameter2":"225-315مم","SHAPE_Length":39.64094297756815,"SHAPE_Area":96.27211086038106,"__networkId":"water","__networkName":"شبكة المياه","__layerId":"water_rooms","__layerName":"غرف المياه","__assetName":"غرف المياه","__geometryKind":"polygon","__featureIndex":4,"__length_m":39.64,"__area_m2":96.27,"__typeValue":"تقاطع"},"geometry":{"type":"Polygon","coordinates":[[[31.564216794929084,30.276081478852372],[31.564294564778173,30.276137857863098],[31.56434357416515,30.276087118073715],[31.564265805214358,30.276030737482287],[31.564216794929084,30.276081478852372]]]}},{"type":"Feature","properties":{"GlobalID":"{0225347A-174C-4FD0-867C-2873B55C0D6C}","Room_Id":5,"Room_type":"تقاطع","Room_contents":"اتنين محبس","sectors":"القطاع الثاني","Implementing":"عوض خليفة","Start":"18/09/2021","End_":"28/10/2023","GL":162.18,"IL":160.57999999999998,"Depth":1.6000000000000227,"diameter":"200-200","dimention":null,"Fault_statement":null,"Manufacturing_material":"بولى إيثيلين عالى الكثافة (HDPE)","TYPE":null,"material":"مواسير بي في سي","diameter2":"225مم","SHAPE_Length":64.97705405189876,"SHAPE_Area":261.62966314420214,"__networkId":"water","__networkName":"شبكة المياه","__layerId":"water_rooms","__layerName":"غرف المياه","__assetName":"غرف المياه","__geometryKind":"polygon","__featureIndex":5,"__length_m":64.98,"__area_m2":261.63,"__typeValue":"تقاطع"},"geometry":{"type":"Polygon","coordinates":[[[31.56564996264181,30.270700292903733],[31.565546522535133,30.270805000832855],[31.56564627056597,30.27087992602886],[31.56575014186395,30.27077554247758],[31.56564996264181,30.270700292903733]]]}},{"type":"Feature","properties":{"GlobalID":"{2BF1C525-1F3C-499D-BF44-2309D5C60EC3}","Room_Id":6,"Room_type":"تقاطع","Room_contents":"اتنين محبس","sectors":"القطاع الثاني","Implementing":"عوض خليفة","Start":"18/09/2021","End_":"28/10/2023","GL":167.29,"IL":165.69,"Depth":1.5999999999999943,"diameter":"300-200","dimention":null,"Fault_statement":null,"Manufacturing_material":"بولى إيثيلين عالى الكثافة (HDPE)","TYPE":null,"material":"مواسير بي في سي","diameter2":"110-250-315مم","SHAPE_Length":68.30684378550363,"SHAPE_Area":273.56678903404816,"__networkId":"water","__networkName":"شبكة المياه","__layerId":"water_rooms","__layerName":"غرف المياه","__assetName":"غرف المياه","__geometryKind":"polygon","__featureIndex":6,"__length_m":68.31,"__area_m2":273.57,"__typeValue":"تقاطع"},"geometry":{"type":"Polygon","coordinates":[[[31.568277433338217,30.273128754643782],[31.568190376705704,30.27319399591561],[31.568314088195084,30.27332028661494],[31.568401144827565,30.273255046978708],[31.568277433338217,30.273128754643782]]]}},{"type":"Feature","properties":{"GlobalID":"{19D470D5-F90D-4643-9D92-99FCFE2EE2DA}","Room_Id":7,"Room_type":"تقاطع","Room_contents":"اتنين محبس","sectors":"القطاع الثاني","Implementing":"عوض خليفة","Start":"18/09/2021","End_":"28/10/2023","GL":170.7,"IL":169.1,"Depth":1.5999999999999943,"diameter":"200-150","dimention":null,"Fault_statement":null,"Manufacturing_material":"بولى إيثيلين عالى الكثافة (HDPE)","TYPE":null,"material":"مواسير بي في سي","diameter2":"225-160مم","SHAPE_Length":68.2840376788335,"SHAPE_Area":273.5733863415422,"__networkId":"water","__networkName":"شبكة المياه","__layerId":"water_rooms","__layerName":"غرف المياه","__assetName":"غرف المياه","__geometryKind":"polygon","__featureIndex":7,"__length_m":68.28,"__area_m2":273.57,"__typeValue":"تقاطع"},"geometry":{"type":"Polygon","coordinates":[[[31.56975496974112,30.274545238617158],[31.569598187672895,30.274639902016563],[31.56966458215557,30.274721419372455],[31.569821365122085,30.274626756827434],[31.56975496974112,30.274545238617158]]]}},{"type":"Feature","properties":{"GlobalID":"{A9F35013-5993-4503-B259-2B1290BF7F87}","Room_Id":8,"Room_type":"تقاطع","Room_contents":"اتنين محبس","sectors":"القطاع الثاني","Implementing":"عوض خليفة","Start":"18/09/2021","End_":"28/10/2023","GL":162.29,"IL":160.69,"Depth":1.5999999999999943,"diameter":"200-150","dimention":null,"Fault_statement":null,"Manufacturing_material":"بولى إيثيلين عالى الكثافة (HDPE)","TYPE":null,"material":"مواسير بي في سي","diameter2":"225-160مم","SHAPE_Length":64.85227411456799,"SHAPE_Area":260.86173208965573,"__networkId":"water","__networkName":"شبكة المياه","__layerId":"water_rooms","__layerName":"غرف المياه","__assetName":"غرف المياه","__geometryKind":"polygon","__featureIndex":8,"__length_m":64.85,"__area_m2":260.86,"__typeValue":"تقاطع"},"geometry":{"type":"Polygon","coordinates":[[[31.563092135634406,30.269135930171203],[31.563027317695074,30.269236231419743],[31.563163630751234,30.269304359867125],[31.563229844672517,30.26920475694864],[31.563092135634406,30.269135930171203]]]}},{"type":"Feature","properties":{"GlobalID":"{E6CB26C1-069A-40AF-8323-B9353DBE361D}","Room_Id":9,"Room_type":"تقاطع","Room_contents":"اتنين محبس","sectors":"القطاع الثالث","Implementing":"التوحيد","Start":"15/09/2021","End_":"15/03/2023","GL":171.23,"IL":169.63,"Depth":1.5999999999999943,"diameter":"450-200","dimention":null,"Fault_statement":null,"Manufacturing_material":"بولى إيثيلين عالى الكثافة (HDPE)","TYPE":null,"material":"مواسير بي في سي","diameter2":"225-450-560مم","SHAPE_Length":20.578081446331407,"SHAPE_Area":25.795607048446545,"__networkId":"water","__networkName":"شبكة المياه","__layerId":"water_rooms","__layerName":"غرف المياه","__assetName":"غرف المياه","__geometryKind":"polygon","__featureIndex":9,"__length_m":20.58,"__area_m2":25.8,"__typeValue":"تقاطع"},"geometry":{"type":"Polygon","coordinates":[[[31.554508450125326,30.26828935344832],[31.554544657621168,30.268301623549164],[31.55456306769462,30.268258209186754],[31.554526857503813,30.26824593908055],[31.554508450125326,30.26828935344832]]]}},{"type":"Feature","properties":{"GlobalID":"{D8520295-A076-4536-B2C5-9BD0DA46B02D}","Room_Id":10,"Room_type":"تقاطع و هواء","Room_contents":"اربع محابس","sectors":"القطاع الثالث","Implementing":"التوحيد","Start":"15/09/2021","End_":"15/03/2023","GL":172.8,"IL":171.2,"Depth":1.6000000000000227,"diameter":"400-300-200-100","dimention":null,"Fault_statement":null,"Manufacturing_material":"بولى إيثيلين عالى الكثافة (HDPE)","TYPE":null,"material":"مواسير بي في سي","diameter2":"400-315-450-250مم","SHAPE_Length":32.87683874649831,"SHAPE_Area":64.83613152971144,"__networkId":"water","__networkName":"شبكة المياه","__layerId":"water_rooms","__layerName":"غرف المياه","__assetName":"غرف المياه","__geometryKind":"polygon","__featureIndex":10,"__length_m":32.88,"__area_m2":64.84,"__typeValue":"تقاطع و هواء"},"geometry":{"type":"Polygon","coordinates":[[[31.557396369372068,30.26932154791619],[31.55748006001722,30.269346785341902],[31.557499808580413,30.269298746634778],[31.557416117036958,30.26927350997258],[31.557396369372068,30.26932154791619]]]}},{"type":"Feature","properties":{"GlobalID":"{899E53FD-9895-4F8E-AAE3-D25BED4F7EA7}","Room_Id":11,"Room_type":"هواء","Room_contents":"اتنين محبس","sectors":"القطاع الثالث","Implementing":"التوحيد","Start":"15/09/2021","End_":"15/03/2023","GL":178.575,"IL":176.9755,"Depth":1.5994999999999777,"diameter":"160-100","dimention":null,"Fault_statement":null,"Manufacturing_material":"بولى إيثيلين عالى الكثافة (HDPE)","TYPE":null,"material":"مواسير بي في سي","diameter2":"225-160مم","SHAPE_Length":37.35250611750058,"SHAPE_Area":84.386597914284,"__networkId":"water","__networkName":"شبكة المياه","__layerId":"water_rooms","__layerName":"غرف المياه","__assetName":"غرف المياه","__geometryKind":"polygon","__featureIndex":11,"__length_m":37.35,"__area_m2":84.39,"__typeValue":"هواء"},"geometry":{"type":"Polygon","coordinates":[[[31.55957691563823,30.27847942436439],[31.559652837652788,30.278534231060966],[31.559696901814114,30.278488582347688],[31.559620977104604,30.278433774849834],[31.55957691563823,30.27847942436439]]]}},{"type":"Feature","properties":{"GlobalID":"{A5EF641D-26F7-4599-964A-BD0422265F8E}","Room_Id":12,"Room_type":"تقاطع و هواء","Room_contents":"ثلاث محابس","sectors":"القطاع الثالث","Implementing":"التوحيد","Start":"15/09/2021","End_":"15/03/2023","GL":176.25,"IL":174.65,"Depth":1.5999999999999943,"diameter":"300-200-100","dimention":null,"Fault_statement":null,"Manufacturing_material":"بولى إيثيلين عالى الكثافة (HDPE)","TYPE":null,"material":"مواسير بي في سي","diameter2":"225-315مم","SHAPE_Length":40.888184705965216,"SHAPE_Area":103.32351609777103,"__networkId":"water","__networkName":"شبكة المياه","__layerId":"water_rooms","__layerName":"غرف المياه","__assetName":"غرف المياه","__geometryKind":"polygon","__featureIndex":12,"__length_m":40.89,"__area_m2":103.32,"__typeValue":"تقاطع و هواء"},"geometry":{"type":"Polygon","coordinates":[[[31.556668982825258,30.276217853427465],[31.556746748182793,30.276274237014558],[31.556799646376607,30.27621999770955],[31.556721878324147,30.276163614867052],[31.556668982825258,30.276217853427465]]]}},{"type":"Feature","properties":{"GlobalID":"{3A057810-9022-4BFA-B600-FCAC5FB30D76}","Room_Id":13,"Room_type":"تقاطع","Room_contents":"اتنين محبس","sectors":"القطاع الثالث","Implementing":"التوحيد","Start":"15/09/2021","End_":"15/03/2023","GL":169.53,"IL":168.81,"Depth":0.7199999999999989,"diameter":"300-200","dimention":null,"Fault_statement":null,"Manufacturing_material":"بولى إيثيلين عالى الكثافة (HDPE)","TYPE":null,"material":"مواسير بي في سي","diameter2":"225-315-450-560مم","SHAPE_Length":32.23126613588796,"SHAPE_Area":64.0654480938499,"__networkId":"water","__networkName":"شبكة المياه","__layerId":"water_rooms","__layerName":"غرف المياه","__assetName":"غرف المياه","__geometryKind":"polygon","__featureIndex":13,"__length_m":32.23,"__area_m2":64.07,"__typeValue":"تقاطع"},"geometry":{"type":"Polygon","coordinates":[[[31.553790342277104,30.27394189500547],[31.55385057162196,30.273988319313283],[31.55389301432419,30.27394690439415],[31.553832784081003,30.27390047929099],[31.553790342277104,30.27394189500547]]]}},{"type":"Feature","properties":{"GlobalID":"{4EB96C79-82DA-40CF-9CC2-ACDEF325DAAF}","Room_Id":14,"Room_type":"تقاطع و غسيل","Room_contents":"ثلاث محابس","sectors":"القطاع الثالث","Implementing":"التوحيد","Start":"15/09/2021","End_":"15/03/2023","GL":172.43,"IL":170.43,"Depth":2.0,"diameter":"300-300-100","dimention":null,"Fault_statement":null,"Manufacturing_material":"بولى إيثيلين عالى الكثافة (HDPE)","TYPE":null,"material":"مواسير بي في سي","diameter2":"315مم","SHAPE_Length":28.827368252814242,"SHAPE_Area":51.42211465031329,"__networkId":"water","__networkName":"شبكة المياه","__layerId":"water_rooms","__layerName":"غرف المياه","__assetName":"غرف المياه","__geometryKind":"polygon","__featureIndex":14,"__length_m":28.83,"__area_m2":51.42,"__typeValue":"تقاطع و غسيل"},"geometry":{"type":"Polygon","coordinates":[[[31.55860660038409,30.27440144037874],[31.55866101583243,30.27444109170467],[31.558698498037657,30.27440254434761],[31.55864408438594,30.274362895333503],[31.55860660038409,30.27440144037874]]]}},{"type":"Feature","properties":{"GlobalID":"{FEB229CE-10DE-40CD-8A27-0DDDC0832540}","Room_Id":15,"Room_type":"تقاطع","Room_contents":"ثلاث محابس","sectors":"القطاع الثالث","Implementing":"التوحيد","Start":"15/09/2021","End_":"15/03/2023","GL":167.35,"IL":165.75,"Depth":1.5999999999999943,"diameter":"500-300-150","dimention":null,"Fault_statement":null,"Manufacturing_material":"بولى إيثيلين عالى الكثافة (HDPE)","TYPE":null,"material":"مواسير بي في سي","diameter2":"315-160-560مم","SHAPE_Length":32.83769401158341,"SHAPE_Area":65.45511273738207,"__networkId":"water","__networkName":"شبكة المياه","__layerId":"water_rooms","__layerName":"غرف المياه","__assetName":"غرف المياه","__geometryKind":"polygon","__featureIndex":15,"__length_m":32.84,"__area_m2":65.46,"__typeValue":"تقاطع"},"geometry":{"type":"Polygon","coordinates":[[[31.552225636952294,30.27263537766198],[31.552183670357156,30.2726742469015],[31.552244655185177,30.272726532331163],[31.552286665797734,30.272688179030908],[31.552225636952294,30.27263537766198]]]}},{"type":"Feature","properties":{"GlobalID":"{02748B74-6790-468D-906D-1E4C36EE1D05}","Room_Id":16,"Room_type":"تقاطع","Room_contents":"اتنين محبس","sectors":"القطاع الثاني","Implementing":"عوض خليفة","Start":"18/09/2021","End_":"28/10/2023","GL":168.13,"IL":166.53,"Depth":1.5999999999999943,"diameter":"200-150","dimention":null,"Fault_statement":null,"Manufacturing_material":"بولى إيثيلين عالى الكثافة (HDPE)","TYPE":null,"material":"مواسير بي في سي","diameter2":"225-160مم","SHAPE_Length":55.243932300430124,"SHAPE_Area":189.748748988758,"__networkId":"water","__networkName":"شبكة المياه","__layerId":"water_rooms","__layerName":"غرف المياه","__assetName":"غرف المياه","__geometryKind":"polygon","__featureIndex":16,"__length_m":55.24,"__area_m2":189.75,"__typeValue":"تقاطع"},"geometry":{"type":"Polygon","coordinates":[[[31.555512611204442,30.265851422739935],[31.555454756106883,30.26595487039585],[31.555558215976458,30.265998468106318],[31.555616071972324,30.265895020496284],[31.555512611204442,30.265851422739935]]]}},{"type":"Feature","properties":{"GlobalID":"{B474FDB6-4825-4F61-80DB-CE16D53C0A84}","Room_Id":17,"Room_type":"تقاطع","Room_contents":"اتنين محبس","sectors":"القطاع الثاني","Implementing":"عوض خليفة","Start":"18/09/2021","End_":"28/10/2023","GL":163.61,"IL":162.01,"Depth":1.6000000000000227,"diameter":"150-150","dimention":null,"Fault_statement":null,"Manufacturing_material":"بولى إيثيلين عالى الكثافة (HDPE)","TYPE":null,"material":"مواسير بي في سي","diameter2":"160مم","SHAPE_Length":81.0932241939143,"SHAPE_Area":397.2837442794762,"__networkId":"water","__networkName":"شبكة المياه","__layerId":"water_rooms","__layerName":"غرف المياه","__assetName":"غرف المياه","__geometryKind":"polygon","__featureIndex":17,"__length_m":81.09,"__area_m2":397.28,"__typeValue":"تقاطع"},"geometry":{"type":"Polygon","coordinates":[[[31.556269532561156,30.263013147131176],[31.556249232432346,30.263140519332104],[31.556462859891763,30.263164170094385],[31.55648316091887,30.263036796372376],[31.556269532561156,30.263013147131176]]]}},{"type":"Feature","properties":{"GlobalID":"{252C26D0-AD7D-4167-819C-DAD8F3F421D4}","Room_Id":18,"Room_type":"تقاطع","Room_contents":"اتنين محبس","sectors":"القطاع الثاني","Implementing":"عوض خليفة","Start":"18/09/2021","End_":"28/10/2023","GL":165.555,"IL":163.955,"Depth":1.5999999999999943,"diameter":"200-150","dimention":null,"Fault_statement":null,"Manufacturing_material":"بولى إيثيلين عالى الكثافة (HDPE)","TYPE":null,"material":"مواسير بي في سي","diameter2":"225-160مم","SHAPE_Length":68.25452627952464,"SHAPE_Area":273.514960798343,"__networkId":"water","__networkName":"شبكة المياه","__layerId":"water_rooms","__layerName":"غرف المياه","__assetName":"غرف المياه","__geometryKind":"polygon","__featureIndex":18,"__length_m":68.25,"__area_m2":273.51,"__typeValue":"تقاطع"},"geometry":{"type":"Polygon","coordinates":[[[31.559584456096736,30.263566576677036],[31.559770482819037,30.263604031181803],[31.559795616782356,30.2635066128176],[31.559609590060063,30.263469158275683],[31.559584456096736,30.263566576677036]]]}},{"type":"Feature","properties":{"GlobalID":"{78675D4C-2C9F-4237-A335-335FC4F1EAD1}","Room_Id":19,"Room_type":"تقاطع","Room_contents":"اتنين محبس","sectors":"القطاع الثاني","Implementing":"عوض خليفة","Start":"18/09/2021","End_":"28/10/2023","GL":160.44,"IL":158.84,"Depth":1.5999999999999943,"diameter":"200-150","dimention":null,"Fault_statement":null,"Manufacturing_material":"بولى إيثيلين عالى الكثافة (HDPE)","TYPE":null,"material":"مواسير بي في سي","diameter2":"225-160مم","SHAPE_Length":68.27283405903607,"SHAPE_Area":273.52476852234463,"__networkId":"water","__networkName":"شبكة المياه","__layerId":"water_rooms","__layerName":"غرف المياه","__assetName":"غرف المياه","__geometryKind":"polygon","__featureIndex":19,"__length_m":68.27,"__area_m2":273.52,"__typeValue":"تقاطع"},"geometry":{"type":"Polygon","coordinates":[[[31.56555365246356,30.265535654208023],[31.56571967550109,30.265617572492097],[31.565775747442817,30.265530411627932],[31.565609726201917,30.265448492495302],[31.56555365246356,30.265535654208023]]]}},{"type":"Feature","properties":{"GlobalID":"{6A2B14CC-23CA-41F1-85C2-90F3175C3872}","Room_Id":20,"Room_type":"تقاطع","Room_contents":"اتنين محبس","sectors":"القطاع الثاني","Implementing":"عوض خليفة","Start":"18/09/2021","End_":"28/10/2023","GL":160.39,"IL":158.79000000000002,"Depth":1.599999999999966,"diameter":"300-200","dimention":null,"Fault_statement":null,"Manufacturing_material":"بولى إيثيلين عالى الكثافة (HDPE)","TYPE":null,"material":"مواسير بي في سي","diameter2":"225-315مم","SHAPE_Length":65.0285618201746,"SHAPE_Area":262.1794594673044,"__networkId":"water","__networkName":"شبكة المياه","__layerId":"water_rooms","__layerName":"غرف المياه","__assetName":"غرف المياه","__geometryKind":"polygon","__featureIndex":20,"__length_m":65.03,"__area_m2":262.18,"__typeValue":"تقاطع"},"geometry":{"type":"Polygon","coordinates":[[[31.564082309944517,30.267669335459463],[31.56401609781989,30.26776893915992],[31.564153805959673,30.26783776224051],[31.564220016287706,30.267738160937537],[31.564082309944517,30.267669335459463]]]}},{"type":"Feature","properties":{"GlobalID":"{90685585-0528-4457-9451-47122DD75A10}","Room_Id":21,"Room_type":"تقاطع","Room_contents":"محبس واحد","sectors":"القطاع الثاني","Implementing":"عوض خليفة","Start":"18/09/2021","End_":"28/10/2023","GL":166.93,"IL":164.93,"Depth":2.0,"diameter":"400","dimention":null,"Fault_statement":null,"Manufacturing_material":"بولى إيثيلين عالى الكثافة (HDPE)","TYPE":null,"material":"مواسير بي في سي","diameter2":"315-400مم","SHAPE_Length":55.229800154093645,"SHAPE_Area":189.75266435583387,"__networkId":"water","__networkName":"شبكة المياه","__layerId":"water_rooms","__layerName":"غرف المياه","__assetName":"غرف المياه","__geometryKind":"polygon","__featureIndex":21,"__length_m":55.23,"__area_m2":189.75,"__typeValue":"تقاطع"},"geometry":{"type":"Polygon","coordinates":[[[31.559270050238883,30.26627575753295],[31.559398097896082,30.26624626833561],[31.559368606205304,30.266149776652913],[31.5592405594464,30.26617926355171],[31.559270050238883,30.26627575753295]]]}},{"type":"Feature","properties":{"GlobalID":"{A12FBA41-089C-40B2-9B03-A5F58A196C05}","Room_Id":22,"Room_type":"تقاطع","Room_contents":"محبس واحد","sectors":"القطاع الثاني","Implementing":"عوض خليفة","Start":"18/09/2021","End_":"28/10/2023","GL":166.93,"IL":164.93,"Depth":2.0,"diameter":"315","dimention":null,"Fault_statement":null,"Manufacturing_material":"بولى إيثيلين عالى الكثافة (HDPE)","TYPE":null,"material":"مواسير بي في سي","diameter2":"315مم","SHAPE_Length":55.228544769120006,"SHAPE_Area":189.75332198633848,"__networkId":"water","__networkName":"شبكة المياه","__layerId":"water_rooms","__layerName":"غرف المياه","__assetName":"غرف المياه","__geometryKind":"polygon","__featureIndex":22,"__length_m":55.23,"__area_m2":189.75,"__typeValue":"تقاطع"},"geometry":{"type":"Polygon","coordinates":[[[31.559823847238473,30.26620794431412],[31.559956001094875,30.266215948174146],[31.559964007779,30.26611635841558],[31.559831852125974,30.26610835532332],[31.559823847238473,30.26620794431412]]]}},{"type":"Feature","properties":{"GlobalID":"{5321B4AD-209B-4F3C-9C1A-41D06973133B}","Room_Id":23,"Room_type":"غسيل","Room_contents":"اتنين محبس","sectors":"القطاع الثاني","Implementing":"عوض خليفة","Start":"18/09/2021","End_":"28/10/2023","GL":159.865,"IL":157.865,"Depth":2.0,"diameter":"300-100","dimention":null,"Fault_statement":null,"Manufacturing_material":"بولى إيثيلين عالى الكثافة (HDPE)","TYPE":null,"material":"مواسير بي في سي","diameter2":"110-315مم","SHAPE_Length":65.03140446750471,"SHAPE_Area":262.18313880116943,"__networkId":"water","__networkName":"شبكة المياه","__layerId":"water_rooms","__layerName":"غرف المياه","__assetName":"غرف المياه","__geometryKind":"polygon","__featureIndex":23,"__length_m":65.03,"__area_m2":262.18,"__typeValue":"غسيل"},"geometry":{"type":"Polygon","coordinates":[[[31.565465541208926,30.2684215554606],[31.56539016447174,30.268516123905094],[31.56552092683777,30.268594494845036],[31.565596301778292,30.268499928027754],[31.565465541208926,30.2684215554606]]]}},{"type":"Feature","properties":{"GlobalID":"{AB0299D7-B859-445E-AAA6-8A7BD23B8899}","Room_Id":24,"Room_type":"هواء","Room_contents":"اتنين محبس","sectors":"القطاع الثاني","Implementing":"عوض خليفة","Start":"18/09/2021","End_":"28/10/2023","GL":172.85500000000002,"IL":170.85500000000002,"Depth":2.0,"diameter":"300-100","dimention":null,"Fault_statement":null,"Manufacturing_material":"بولى إيثيلين عالى الكثافة (HDPE)","TYPE":null,"material":"مواسير بي في سي","diameter2":"315مم","SHAPE_Length":65.03946938364307,"SHAPE_Area":262.1974519056743,"__networkId":"water","__networkName":"شبكة المياه","__layerId":"water_rooms","__layerName":"غرف المياه","__assetName":"غرف المياه","__geometryKind":"polygon","__featureIndex":24,"__length_m":65.04,"__area_m2":262.2,"__typeValue":"هواء"},"geometry":{"type":"Polygon","coordinates":[[[31.56896297276584,30.27095816086295],[31.56886525402921,30.27103581065852],[31.56897266379113,30.271137461461116],[31.569070382527723,30.27105981174595],[31.56896297276584,30.27095816086295]]]}},{"type":"Feature","properties":{"GlobalID":"{EC8AF98B-0040-45AB-92DD-5D09F4205200}","Room_Id":25,"Room_type":"نموذج غرفة قفل و تقاطع و غسيل","Room_contents":"ثلاث محابس","sectors":"القطاع الخامس","Implementing":"السلام","Start":"1/3/2022","End_":"3/2/2025","GL":165.273,"IL":163.673,"Depth":1.5999999999999943,"diameter":"300-300-350","dimention":null,"Fault_statement":null,"Manufacturing_material":"بولى إيثيلين عالى الكثافة (HDPE)","TYPE":null,"material":"مواسير بي في سي","diameter2":"150مم","SHAPE_Length":21.878406610198383,"SHAPE_Area":24.689828461331835,"__networkId":"water","__networkName":"شبكة المياه","__layerId":"water_rooms","__layerName":"غرف المياه","__assetName":"غرف المياه","__geometryKind":"polygon","__featureIndex":25,"__length_m":21.88,"__area_m2":24.69,"__typeValue":"نموذج غرفة قفل و تقاطع و غسيل"},"geometry":{"type":"Polygon","coordinates":[[[31.551989485135454,30.272963314519192],[31.551936206055938,30.272923063666735],[31.551920078601647,30.272943752336975],[31.55197131221724,30.272982541545403],[31.551989485135454,30.272963314519192]]]}},{"type":"Feature","properties":{"GlobalID":"{C82A979E-94B9-4A62-B914-EBC5EE0EB943}","Room_Id":26,"Room_type":"نموذج غرفة قفل و تقاطع","Room_contents":"ثلاث محابس","sectors":"القطاع الخامس","Implementing":"السلام","Start":"1/3/2022","End_":"3/2/2025","GL":165.273,"IL":163.673,"Depth":1.5999999999999943,"diameter":"350-350-150","dimention":null,"Fault_statement":null,"Manufacturing_material":"بولى إيثيلين عالى الكثافة (HDPE)","TYPE":null,"material":"مواسير بي في سي","diameter2":"150مم","SHAPE_Length":186.16899484890172,"SHAPE_Area":2008.4137546125057,"__networkId":"water","__networkName":"شبكة المياه","__layerId":"water_rooms","__layerName":"غرف المياه","__assetName":"غرف المياه","__geometryKind":"polygon","__featureIndex":26,"__length_m":186.17,"__area_m2":2008.41,"__typeValue":"نموذج غرفة قفل و تقاطع"},"geometry":{"type":"Polygon","coordinates":[[[31.550813781769705,30.27482989650563],[31.550569020499186,30.274671950389806],[31.550263395673223,30.275046585089225],[31.55050815784204,30.275204532929543],[31.550813781769705,30.27482989650563]]]}},{"type":"Feature","properties":{"GlobalID":"{37D05106-D8ED-48A4-9DBE-F6D4A2D0CB8B}","Room_Id":27,"Room_type":"نموذج غرفة قفل و تقاطع","Room_contents":"ثلاث محابس ","sectors":"القطاع الخامس","Implementing":"السلام","Start":"1/3/2022","End_":"3/2/2025","GL":175.937,"IL":174.337,"Depth":1.6000000000000227,"diameter":"300-200-200","dimention":null,"Fault_statement":null,"Manufacturing_material":"بولى إيثيلين عالى الكثافة (HDPE)","TYPE":null,"material":"مواسير بي في سي","diameter2":"150-200-300مم","SHAPE_Length":136.15212298971758,"SHAPE_Area":1158.5729913905407,"__networkId":"water","__networkName":"شبكة المياه","__layerId":"water_rooms","__layerName":"غرف المياه","__assetName":"غرف المياه","__geometryKind":"polygon","__featureIndex":27,"__length_m":136.15,"__area_m2":1158.57,"__typeValue":"نموذج غرفة قفل و تقاطع"},"geometry":{"type":"Polygon","coordinates":[[[31.556758942812753,30.27653601736411],[31.556537515281747,30.2763539655966],[31.556327764052803,30.276546153796044],[31.556549191583816,30.27672820443132],[31.556758942812753,30.27653601736411]]]}},{"type":"Feature","properties":{"GlobalID":"{CBEA6ADA-3A89-4C50-AD58-CF6851E5A720}","Room_Id":28,"Room_type":"نموذج غرفة قفل و تقاطع","Room_contents":"ثلاث محابس","sectors":"القطاع الخامس","Implementing":"السلام","Start":"1/3/2022","End_":"3/2/2025","GL":169.81,"IL":168.21,"Depth":1.5999999999999943,"diameter":"350-300-200","dimention":null,"Fault_statement":null,"Manufacturing_material":"بولى إيثيلين عالى الكثافة (HDPE)","TYPE":null,"material":"مواسير بي في سي","diameter2":"150-300مم","SHAPE_Length":186.17346575803958,"SHAPE_Area":2008.5099014566204,"__networkId":"water","__networkName":"شبكة المياه","__layerId":"water_rooms","__layerName":"غرف المياه","__assetName":"غرف المياه","__geometryKind":"polygon","__featureIndex":28,"__length_m":186.17,"__area_m2":2008.51,"__typeValue":"نموذج غرفة قفل و تقاطع"},"geometry":{"type":"Polygon","coordinates":[[[31.549077752448824,30.277091282983083],[31.548832987585048,30.276933332748655],[31.54852734928436,30.277307965798105],[31.548772115046464,30.27746591465381],[31.549077752448824,30.277091282983083]]]}},{"type":"Feature","properties":{"GlobalID":"{F5D5703E-222C-4959-A48B-38C784A3EB10}","Room_Id":29,"Room_type":"تقاطع","Room_contents":"اتنين محبس","sectors":"القطاع الخامس","Implementing":"السلام","Start":"1/3/2022","End_":"3/2/2025","GL":171.639,"IL":170.039,"Depth":1.6000000000000227,"diameter":"150-150","dimention":null,"Fault_statement":null,"Manufacturing_material":"بولى إيثيلين عالى الكثافة (HDPE)","TYPE":null,"material":"مواسير بي في سي","diameter2":"150مم","SHAPE_Length":136.15504476940617,"SHAPE_Area":1158.6227538807168,"__networkId":"water","__networkName":"شبكة المياه","__layerId":"water_rooms","__layerName":"غرف المياه","__assetName":"غرف المياه","__geometryKind":"polygon","__featureIndex":29,"__length_m":136.16,"__area_m2":1158.62,"__typeValue":"تقاطع"},"geometry":{"type":"Polygon","coordinates":[[[31.55497945838835,30.278192950889345],[31.554758027264082,30.27801089598923],[31.554548268848603,30.278203081719695],[31.55476969907457,30.278385135487493],[31.55497945838835,30.278192950889345]]]}},{"type":"Feature","properties":{"GlobalID":"{58373F10-6047-4818-A39A-1606620288D6}","Room_Id":30,"Room_type":"نموذج غرفة قفل و تقاطع","Room_contents":"ثلاث محابس","sectors":"القطاع الخامس","Implementing":"السلام","Start":"1/3/2022","End_":"3/2/2025","GL":171.745,"IL":170.145,"Depth":1.5999999999999943,"diameter":"300-200-150","dimention":null,"Fault_statement":null,"Manufacturing_material":"بولى إيثيلين عالى الكثافة (HDPE)","TYPE":null,"material":"مواسير بي في سي","diameter2":"150-300مم","SHAPE_Length":206.45853760841345,"SHAPE_Area":2526.2167433121513,"__networkId":"water","__networkName":"شبكة المياه","__layerId":"water_rooms","__layerName":"غرف المياه","__assetName":"غرف المياه","__geometryKind":"polygon","__featureIndex":30,"__length_m":206.46,"__area_m2":2526.22,"__typeValue":"نموذج غرفة قفل و تقاطع"},"geometry":{"type":"Polygon","coordinates":[[[31.552709917823627,30.28015157493677],[31.55228785965874,30.279823701661556],[31.55206219746948,30.280065509937156],[31.552484256532697,30.280393383955914],[31.552709917823627,30.28015157493677]]]}},{"type":"Feature","properties":{"GlobalID":"{65395ED5-8041-4258-936A-F59544B953DD}","Room_Id":31,"Room_type":"تقاطع","Room_contents":"اتنين محبس","sectors":"القطاع الخامس","Implementing":"السلام","Start":"1/3/2022","End_":"3/2/2025","GL":180.757,"IL":179.157,"Depth":1.5999999999999943,"diameter":"150-150","dimention":null,"Fault_statement":null,"Manufacturing_material":"بولى إيثيلين عالى الكثافة (HDPE)","TYPE":null,"material":"مواسير بي في سي","diameter2":"150مم","SHAPE_Length":202.48508366423277,"SHAPE_Area":2401.400823510262,"__networkId":"water","__networkName":"شبكة المياه","__layerId":"water_rooms","__layerName":"غرف المياه","__assetName":"غرف المياه","__geometryKind":"polygon","__featureIndex":31,"__length_m":202.49,"__area_m2":2401.4,"__typeValue":"تقاطع"},"geometry":{"type":"Polygon","coordinates":[[[31.559636437110647,30.281869313147318],[31.559214346606396,30.281541464229637],[31.558998672784796,30.28177041106585],[31.559420764187344,30.28209826077002],[31.559636437110647,30.281869313147318]]]}},{"type":"Feature","properties":{"GlobalID":"{D92E23CC-5F2C-4C9A-9700-3FEBFF44426D}","Room_Id":32,"Room_type":"نموذج غرفة قفل و تقاطع","Room_contents":"ثلاث محابس","sectors":"القطاع الخامس","Implementing":"السلام","Start":"1/3/2022","End_":"3/2/2025","GL":170.479,"IL":168.879,"Depth":1.6000000000000227,"diameter":"150-150-150","dimention":null,"Fault_statement":null,"Manufacturing_material":"بولى إيثيلين عالى الكثافة (HDPE)","TYPE":null,"material":"مواسير بي في سي","diameter2":"150مم","SHAPE_Length":13.455018343392277,"SHAPE_Area":11.301047109127127,"__networkId":"water","__networkName":"شبكة المياه","__layerId":"water_rooms","__layerName":"غرف المياه","__assetName":"غرف المياه","__geometryKind":"polygon","__featureIndex":32,"__length_m":13.46,"__area_m2":11.3,"__typeValue":"نموذج غرفة قفل و تقاطع"},"geometry":{"type":"Polygon","coordinates":[[[31.558118020175808,30.284442022305065],[31.558096396828578,30.284425120043355],[31.55807552806624,30.284445226822726],[31.558097153210063,30.284462129080964],[31.558118020175808,30.284442022305065]]]}},{"type":"Feature","properties":{"GlobalID":"{50C80C01-D8AB-44E6-827D-840BF623704F}","Room_Id":33,"Room_type":"غرفة هواء","Room_contents":"محبس واحد","sectors":"القطاع الثالث عشر","Implementing":null,"Start":null,"End_":null,"GL":149.9,"IL":148.3,"Depth":1.5999999999999943,"diameter":"400","dimention":null,"Fault_statement":null,"Manufacturing_material":"بولى إيثيلين عالى الكثافة (HDPE)","TYPE":null,"material":"مواسير بي في سي","diameter2":"400مم","SHAPE_Length":42.06843360740659,"SHAPE_Area":108.87399325681173,"__networkId":"water","__networkName":"شبكة المياه","__layerId":"water_rooms","__layerName":"غرف المياه","__assetName":"غرف المياه","__geometryKind":"polygon","__featureIndex":33,"__length_m":42.07,"__area_m2":108.87,"__typeValue":"غرفة هواء"},"geometry":{"type":"Polygon","coordinates":[[[31.517087792967136,30.277923781814593],[31.517088273565818,30.27801559020552],[31.517170914978692,30.27801526437988],[31.51717043438001,30.277923455988713],[31.517087792967136,30.277923781814593]]]}},{"type":"Feature","properties":{"GlobalID":"{C1BB4E6E-4F50-4CD7-979B-09F0FB08C0AA}","Room_Id":34,"Room_type":"غرفةمحابس","Room_contents":"ثلاث محابس","sectors":"القطاع الثاني عشر","Implementing":null,"Start":null,"End_":null,"GL":159.2,"IL":157.6,"Depth":1.5999999999999943,"diameter":"(300/200/200)","dimention":null,"Fault_statement":null,"Manufacturing_material":"بولى إيثيلين عالى الكثافة (HDPE)","TYPE":null,"material":"مواسير بي في سي","diameter2":"300-200-200مم","SHAPE_Length":42.4052300871097,"SHAPE_Area":111.93377386181592,"__networkId":"water","__networkName":"شبكة المياه","__layerId":"water_rooms","__layerName":"غرف المياه","__assetName":"غرف المياه","__geometryKind":"polygon","__featureIndex":34,"__length_m":42.41,"__area_m2":111.93,"__typeValue":"غرفةمحابس"},"geometry":{"type":"Polygon","coordinates":[[[31.533214994836325,30.279825686833888],[31.533226301930817,30.279749293744032],[31.533125850519127,30.279738094849527],[31.533114543424627,30.279814487948105],[31.533214994836325,30.279825686833888]]]}},{"type":"Feature","properties":{"GlobalID":"{8D18C9DE-9F3A-4263-91DB-CC2F8623C2F1}","Room_Id":35,"Room_type":"غرفةمحابس","Room_contents":"اتنين محبس","sectors":"القطاع الثاني عشر","Implementing":null,"Start":null,"End_":null,"GL":161.35,"IL":159.75,"Depth":1.5999999999999943,"diameter":"(300/300)","dimention":null,"Fault_statement":null,"Manufacturing_material":"بولى إيثيلين عالى الكثافة (HDPE)","TYPE":null,"material":"مواسير بي في سي","diameter2":"300-300مم","SHAPE_Length":55.30618103874592,"SHAPE_Area":190.95461501250915,"__networkId":"water","__networkName":"شبكة المياه","__layerId":"water_rooms","__layerName":"غرف المياه","__assetName":"غرف المياه","__geometryKind":"polygon","__featureIndex":35,"__length_m":55.31,"__area_m2":190.95,"__typeValue":"غرفةمحابس"},"geometry":{"type":"Polygon","coordinates":[[[31.531836389895666,30.276023337212138],[31.53188176380066,30.275927382677935],[31.531763070300503,30.275885099689894],[31.53171769549718,30.275981052713817],[31.531836389895666,30.276023337212138]]]}},{"type":"Feature","properties":{"GlobalID":"{52F62144-9D2C-4D75-882C-5F3902497BFB}","Room_Id":36,"Room_type":"غرفةمحابس","Room_contents":"اربع محابس ","sectors":"القطاع الثاني عشر","Implementing":null,"Start":null,"End_":null,"GL":151.34,"IL":149.74,"Depth":1.5999999999999943,"diameter":"(150/150/150/100)","dimention":null,"Fault_statement":null,"Manufacturing_material":"بولى إيثيلين عالى الكثافة (HDPE)","TYPE":null,"material":"مواسير بي في سي","diameter2":"150-150-150-100مم","SHAPE_Length":55.30708010643121,"SHAPE_Area":190.96084446254068,"__networkId":"water","__networkName":"شبكة المياه","__layerId":"water_rooms","__layerName":"غرف المياه","__assetName":"غرف المياه","__geometryKind":"polygon","__featureIndex":36,"__length_m":55.31,"__area_m2":190.96,"__typeValue":"غرفةمحابس"},"geometry":{"type":"Polygon","coordinates":[[[31.52656169275311,30.277699230869924],[31.526607074742945,30.27760328030164],[31.526488381242757,30.277560991053615],[31.526442999252925,30.277656943214826],[31.52656169275311,30.277699230869924]]]}},{"type":"Feature","properties":{"GlobalID":"{AA3CAC9E-40E1-442E-8B83-519CA3E48C3E}","Room_Id":37,"Room_type":"غرفةمحابس","Room_contents":"اربع محابس","sectors":"القطاع الثاني عشر","Implementing":null,"Start":null,"End_":null,"GL":150.85,"IL":149.25,"Depth":1.5999999999999943,"diameter":"(150/150/150/100)","dimention":null,"Fault_statement":null,"Manufacturing_material":"بولى إيثيلين عالى الكثافة (HDPE)","TYPE":null,"material":"مواسير بي في سي","diameter2":"150-150-150-100مم","SHAPE_Length":74.14649919132215,"SHAPE_Area":340.1139707283284,"__networkId":"water","__networkName":"شبكة المياه","__layerId":"water_rooms","__layerName":"غرف المياه","__assetName":"غرف المياه","__geometryKind":"polygon","__featureIndex":37,"__length_m":74.15,"__area_m2":340.11,"__typeValue":"غرفةمحابس"},"geometry":{"type":"Polygon","coordinates":[[[31.52512960301874,30.277138219369],[31.52519834929078,30.276991490141285],[31.52505992160045,30.27694216659862],[31.524991172633456,30.27708889590008],[31.52512960301874,30.277138219369]]]}},{"type":"Feature","properties":{"GlobalID":"{C3BD7263-9950-4CC2-9E9F-FF9F97AD6EBC}","Room_Id":38,"Room_type":"غرفةمحابس","Room_contents":"ثلاث محابس","sectors":"القطاع الثاني عشر","Implementing":null,"Start":null,"End_":null,"GL":152.89,"IL":151.29,"Depth":1.5999999999999943,"diameter":"(150/150/100)","dimention":null,"Fault_statement":null,"Manufacturing_material":"بولى إيثيلين عالى الكثافة (HDPE)","TYPE":null,"material":"مواسير بي في سي","diameter2":"150-150-100مم","SHAPE_Length":61.024304076268386,"SHAPE_Area":231.82027403531902,"__networkId":"water","__networkName":"شبكة المياه","__layerId":"water_rooms","__layerName":"غرف المياه","__assetName":"غرف المياه","__geometryKind":"polygon","__featureIndex":38,"__length_m":61.02,"__area_m2":231.82,"__typeValue":"غرفةمحابس"},"geometry":{"type":"Polygon","coordinates":[[[31.525688560839658,30.276080788398765],[31.525743977909528,30.275964418970112],[31.525625286206,30.275922129015946],[31.525569869136092,30.276038498494685],[31.525688560839658,30.276080788398765]]]}},{"type":"Feature","properties":{"GlobalID":"{6A6F1288-3336-4A63-94E3-D19D0B88CF62}","Room_Id":39,"Room_type":"غرفةمحابس","Room_contents":"ثلاث محابس","sectors":"القطاع الثالث عشر","Implementing":null,"Start":null,"End_":null,"GL":152.54,"IL":150.94,"Depth":1.5999999999999943,"diameter":"(150/150/150)","dimention":null,"Fault_statement":null,"Manufacturing_material":"بولى إيثيلين عالى الكثافة (HDPE)","TYPE":null,"material":"مواسير بي في سي","diameter2":"150-150-150مم","SHAPE_Length":55.305814260429315,"SHAPE_Area":190.95209482685274,"__networkId":"water","__networkName":"شبكة المياه","__layerId":"water_rooms","__layerName":"غرف المياه","__assetName":"غرف المياه","__geometryKind":"polygon","__featureIndex":39,"__length_m":55.31,"__area_m2":190.95,"__typeValue":"غرفةمحابس"},"geometry":{"type":"Polygon","coordinates":[[[31.519012699364666,30.275224276973574],[31.51905808764272,30.27512832864041],[31.518939400430774,30.275086032895295],[31.518894011254396,30.275181982045687],[31.519012699364666,30.275224276973574]]]}},{"type":"Feature","properties":{"GlobalID":"{7AABC33F-E392-4575-B1E6-07690FD73901}","Room_Id":40,"Room_type":"غرفةمحابس","Room_contents":"ثلاث محابس","sectors":"القطاع الثالث عشر","Implementing":null,"Start":null,"End_":null,"GL":150.77,"IL":149.17,"Depth":1.6000000000000227,"diameter":"(150/150/150)","dimention":null,"Fault_statement":null,"Manufacturing_material":"بولى إيثيلين عالى الكثافة (HDPE)","TYPE":null,"material":"مواسير بي في سي","diameter2":"150-150-150مم","SHAPE_Length":55.30532580860945,"SHAPE_Area":190.9581512585075,"__networkId":"water","__networkName":"شبكة المياه","__layerId":"water_rooms","__layerName":"غرف المياه","__assetName":"غرف المياه","__geometryKind":"polygon","__featureIndex":40,"__length_m":55.31,"__area_m2":190.96,"__typeValue":"غرفةمحابس"},"geometry":{"type":"Polygon","coordinates":[[[31.518836471465512,30.2763742664253],[31.51884980695589,30.27627119281838],[31.518722303677734,30.27625876700431],[31.518708968187354,30.276361840624286],[31.518836471465512,30.2763742664253]]]}},{"type":"Feature","properties":{"GlobalID":"{FCBAB5F5-E023-4613-89ED-5DC900DFFECB}","Room_Id":41,"Room_type":"غرفةمحابس","Room_contents":"اربع محابس","sectors":"القطاع الثالث عشر","Implementing":null,"Start":null,"End_":null,"GL":150.41,"IL":148.81,"Depth":1.5999999999999943,"diameter":"(150/150/150/100)","dimention":null,"Fault_statement":null,"Manufacturing_material":"بولى إيثيلين عالى الكثافة (HDPE)","TYPE":null,"material":"مواسير بي في سي","diameter2":"150-150-150-100مم","SHAPE_Length":55.30528009273857,"SHAPE_Area":190.9578609983497,"__networkId":"water","__networkName":"شبكة المياه","__layerId":"water_rooms","__layerName":"غرف المياه","__assetName":"غرف المياه","__geometryKind":"polygon","__featureIndex":41,"__length_m":55.31,"__area_m2":190.96,"__typeValue":"غرفةمحابس"},"geometry":{"type":"Polygon","coordinates":[[[31.521280415451084,30.276673805565267],[31.521293748246503,30.276570732272933],[31.52116624496835,30.27655830882413],[31.52115291217289,30.276661382905314],[31.521280415451084,30.276673805565267]]]}},{"type":"Feature","properties":{"GlobalID":"{7A623128-F523-47A3-A8C7-DA84D1D9D4BD}","Room_Id":42,"Room_type":"غرفةمحابس","Room_contents":"اربع محابس","sectors":"القطاع الثالث عشر","Implementing":null,"Start":null,"End_":null,"GL":152.55,"IL":150.95,"Depth":1.6000000000000227,"diameter":"(150/150/150/150)","dimention":null,"Fault_statement":null,"Manufacturing_material":"بولى إيثيلين عالى الكثافة (HDPE)","TYPE":null,"material":"مواسير بي في سي","diameter2":"150-150-150-150مم","SHAPE_Length":55.30537441644597,"SHAPE_Area":190.95318978887082,"__networkId":"water","__networkName":"شبكة المياه","__layerId":"water_rooms","__layerName":"غرف المياه","__assetName":"غرف المياه","__geometryKind":"polygon","__featureIndex":42,"__length_m":55.31,"__area_m2":190.95,"__typeValue":"غرفةمحابس"},"geometry":{"type":"Polygon","coordinates":[[[31.521357592412084,30.276029865493292],[31.521392776726803,30.275930742632045],[31.521270163877038,30.27589795301268],[31.521234976867365,30.275997076682785],[31.521357592412084,30.276029865493292]]]}},{"type":"Feature","properties":{"GlobalID":"{7F84269A-A1AE-4169-82A0-D2F3D98412D3}","Room_Id":43,"Room_type":"غرفةمحابس","Room_contents":"اتنين محبس","sectors":"القطاع الثاني عشر","Implementing":null,"Start":null,"End_":null,"GL":156.87,"IL":155.27,"Depth":1.5999999999999943,"diameter":"(150/150)","dimention":null,"Fault_statement":null,"Manufacturing_material":"بولى إيثيلين عالى الكثافة (HDPE)","TYPE":null,"material":"مواسير بي في سي","diameter2":"150-150مم","SHAPE_Length":55.30502358725035,"SHAPE_Area":190.9465956790505,"__networkId":"water","__networkName":"شبكة المياه","__layerId":"water_rooms","__layerName":"غرف المياه","__assetName":"غرف المياه","__geometryKind":"polygon","__featureIndex":43,"__length_m":55.31,"__area_m2":190.95,"__typeValue":"غرفةمحابس"},"geometry":{"type":"Polygon","coordinates":[[[31.526560395585836,30.274158451335115],[31.52660577667734,30.274062500408384],[31.526487087668773,30.27402021118629],[31.526441706577234,30.27411616137856],[31.526560395585836,30.274158451335115]]]}},{"type":"Feature","properties":{"GlobalID":"{CEA4094D-EA20-429D-8190-C4985999A9A6}","Room_Id":44,"Room_type":"غرفةمحابس","Room_contents":"اربع محابس","sectors":"القطاع الثالث عشر","Implementing":null,"Start":null,"End_":null,"GL":154.18,"IL":152.58,"Depth":1.5999999999999943,"diameter":"(150/150/100/100)","dimention":null,"Fault_statement":null,"Manufacturing_material":"بولى إيثيلين عالى الكثافة (HDPE)","TYPE":null,"material":"مواسير بي في سي","diameter2":"150-150-100-100مم","SHAPE_Length":64.82959620127944,"SHAPE_Area":262.46458703051474,"__networkId":"water","__networkName":"شبكة المياه","__layerId":"water_rooms","__layerName":"غرف المياه","__assetName":"غرف المياه","__geometryKind":"polygon","__featureIndex":44,"__length_m":64.83,"__area_m2":262.46,"__typeValue":"غرفةمحابس"},"geometry":{"type":"Polygon","coordinates":[[[31.52191613700797,30.274935267993147],[31.521969625394945,30.274822187376305],[31.52183120129784,30.274772860416046],[31.5217777129109,30.274885941089718],[31.52191613700797,30.274935267993147]]]}},{"type":"Feature","properties":{"GlobalID":"{D6E85F8E-7879-4A51-AAD3-A1D6052EC2C6}","Room_Id":45,"Room_type":"غرفةمحابس","Room_contents":"اربع محابس","sectors":"القطاع الثاني عشر","Implementing":null,"Start":null,"End_":null,"GL":155.99,"IL":154.39,"Depth":1.6000000000000227,"diameter":"(200/200/150/150)","dimention":null,"Fault_statement":null,"Manufacturing_material":"بولى إيثيلين عالى الكثافة (HDPE)","TYPE":null,"material":"مواسير بي في سي","diameter2":"200-200-150-150مم","SHAPE_Length":67.65215691878446,"SHAPE_Area":285.72355106213956,"__networkId":"water","__networkName":"شبكة المياه","__layerId":"water_rooms","__layerName":"غرف المياه","__assetName":"غرف المياه","__geometryKind":"polygon","__featureIndex":45,"__length_m":67.65,"__area_m2":285.72,"__typeValue":"غرفةمحابس"},"geometry":{"type":"Polygon","coordinates":[[[31.526172537182113,30.275033540808437],[31.526228049473414,30.274916169356388],[31.52608286196056,30.274864438238634],[31.526027351465924,30.274981809752557],[31.526172537182113,30.275033540808437]]]}},{"type":"Feature","properties":{"GlobalID":"{93CE55F0-41A8-499C-B21F-D3C3D0982B57}","Room_Id":47,"Room_type":"غرفةمحابس","Room_contents":"ثلاث محابس","sectors":"القطاع الثالث عشر","Implementing":null,"Start":null,"End_":null,"GL":152.8,"IL":151.2,"Depth":1.6000000000000227,"diameter":"(250/250/100)","dimention":null,"Fault_statement":null,"Manufacturing_material":"بولى إيثيلين عالى الكثافة (HDPE)","TYPE":null,"material":"مواسير بي في سي","diameter2":"250-250-100مم","SHAPE_Length":55.306194552897914,"SHAPE_Area":190.96400823141354,"__networkId":"water","__networkName":"شبكة المياه","__layerId":"water_rooms","__layerName":"غرف المياه","__assetName":"غرف المياه","__geometryKind":"polygon","__featureIndex":46,"__length_m":55.31,"__area_m2":190.96,"__typeValue":"غرفةمحابس"},"geometry":{"type":"Polygon","coordinates":[[[31.518134545868804,30.277961558219218],[31.51814905725392,30.27785860419737],[31.51802170040112,30.277845082411933],[31.51800718901604,30.277948036447963],[31.518134545868804,30.277961558219218]]]}},{"type":"Feature","properties":{"GlobalID":"{3A160063-C030-4F48-B1E2-EC14EEF2900A}","Room_Id":48,"Room_type":"غرفةمحابس","Room_contents":"ثلاث محابس","sectors":"القطاع الثالث عشر","Implementing":null,"Start":null,"End_":null,"GL":151.01,"IL":149.41,"Depth":1.5999999999999943,"diameter":"(250/200/100)","dimention":null,"Fault_statement":null,"Manufacturing_material":"بولى إيثيلين عالى الكثافة (HDPE)","TYPE":null,"material":"مواسير بي في سي","diameter2":"250-200-100مم","SHAPE_Length":55.30623315139752,"SHAPE_Area":190.96424879401323,"__networkId":"water","__networkName":"شبكة المياه","__layerId":"water_rooms","__layerName":"غرف المياه","__assetName":"غرف المياه","__geometryKind":"polygon","__featureIndex":47,"__length_m":55.31,"__area_m2":190.96,"__typeValue":"غرفةمحابس"},"geometry":{"type":"Polygon","coordinates":[[[31.519324341106422,30.278114517017393],[31.51933885069488,30.27801156315602],[31.519211493842114,30.277998042167447],[31.51919698335533,30.278100996043012],[31.519324341106422,30.278114517017393]]]}},{"type":"Feature","properties":{"GlobalID":"{40ED339B-3533-4AF2-B639-41FE81E80E79}","Room_Id":49,"Room_type":"غرفةمحابس","Room_contents":"ثلاث محابس","sectors":"القطاع الثالث عشر","Implementing":null,"Start":null,"End_":null,"GL":147.27,"IL":145.67,"Depth":1.6000000000000227,"diameter":"(200/150/100)","dimention":null,"Fault_statement":null,"Manufacturing_material":"بولى إيثيلين عالى الكثافة (HDPE)","TYPE":null,"material":"مواسير بي في سي","diameter2":"200-150-100مم","SHAPE_Length":55.30631026460034,"SHAPE_Area":190.9647817595283,"__networkId":"water","__networkName":"شبكة المياه","__layerId":"water_rooms","__layerName":"غرف المياه","__assetName":"غرف المياه","__geometryKind":"polygon","__featureIndex":48,"__length_m":55.31,"__area_m2":190.96,"__typeValue":"غرفةمحابس"},"geometry":{"type":"Polygon","coordinates":[[[31.52103837966913,30.278317426054],[31.521052887460947,30.278214472405487],[31.520925529709853,30.278200952996443],[31.520911021918028,30.27830390743493],[31.52103837966913,30.278317426054]]]}},{"type":"Feature","properties":{"GlobalID":"{FC0B79BA-2431-479A-88DA-24F728022044}","Room_Id":50,"Room_type":"غرفةمحابس","Room_contents":"ثلاث محابس","sectors":"القطاع الثالث عشر","Implementing":null,"Start":null,"End_":null,"GL":146.61,"IL":145.01,"Depth":1.6000000000000227,"diameter":"(150/150/100)","dimention":null,"Fault_statement":null,"Manufacturing_material":"بولى إيثيلين عالى الكثافة (HDPE)","TYPE":null,"material":"مواسير بي في سي","diameter2":"150-150-100مم","SHAPE_Length":55.30634877778887,"SHAPE_Area":190.96507415300178,"__networkId":"water","__networkName":"شبكة المياه","__layerId":"water_rooms","__layerName":"غرف المياه","__assetName":"غرف المياه","__geometryKind":"polygon","__featureIndex":49,"__length_m":55.31,"__area_m2":190.97,"__typeValue":"غرفةمحابس"},"geometry":{"type":"Polygon","coordinates":[[[31.522495567434202,30.278465056297577],[31.52251007432773,30.278362102028158],[31.522382716576637,30.278348584190965],[31.52236820968311,30.278451538474567],[31.522495567434202,30.278465056297577]]]}},{"type":"Feature","properties":{"GlobalID":"{48E57296-B41D-4186-BE9E-DBF2006DFBDF}","Room_Id":51,"Room_type":"غرفةمحابس","Room_contents":"ثلاث محابس","sectors":"القطاع الثاني عشر","Implementing":null,"Start":null,"End_":null,"GL":148.2,"IL":146.6,"Depth":1.5999999999999943,"diameter":"(150/150/150)","dimention":null,"Fault_statement":null,"Manufacturing_material":"بولى إيثيلين عالى الكثافة (HDPE)","TYPE":null,"material":"مواسير بي في سي","diameter2":"150-150-150مم","SHAPE_Length":55.3064016283179,"SHAPE_Area":190.96539414546558,"__networkId":"water","__networkName":"شبكة المياه","__layerId":"water_rooms","__layerName":"غرف المياه","__assetName":"غرف المياه","__geometryKind":"polygon","__featureIndex":50,"__length_m":55.31,"__area_m2":190.97,"__typeValue":"غرفةمحابس"},"geometry":{"type":"Polygon","coordinates":[[[31.524878456523187,30.27868554433425],[31.524892960721754,30.278582590296157],[31.524765602072364,30.278569074816637],[31.524751097873757,30.27867202886891],[31.524878456523187,30.27868554433425]]]}},{"type":"Feature","properties":{"GlobalID":"{D4A6B6AF-F0B9-44B0-9A8C-6DA5B7896C23}","Room_Id":52,"Room_type":"غرفةمحابس","Room_contents":"ثلاث محابس","sectors":"القطاع الثاني عشر","Implementing":null,"Start":null,"End_":null,"GL":150.8,"IL":149.2,"Depth":1.6000000000000227,"diameter":"(150/150/100)","dimention":null,"Fault_statement":null,"Manufacturing_material":"بولى إيثيلين عالى الكثافة (HDPE)","TYPE":null,"material":"مواسير بي في سي","diameter2":"150-150-100مم","SHAPE_Length":55.30641638438274,"SHAPE_Area":190.96553857588975,"__networkId":"water","__networkName":"شبكة المياه","__layerId":"water_rooms","__layerName":"غرف المياه","__assetName":"غرف المياه","__geometryKind":"polygon","__featureIndex":51,"__length_m":55.31,"__area_m2":190.97,"__typeValue":"غرفةمحابس"},"geometry":{"type":"Polygon","coordinates":[[[31.526909944435907,30.27896700336028],[31.52692444683788,30.278864048841683],[31.526797087290163,30.278850533400927],[31.526782587583142,30.27895348793371],[31.526909944435907,30.27896700336028]]]}},{"type":"Feature","properties":{"GlobalID":"{D7CA0B0F-D01F-4D6D-97A2-B2CCE4ADD410}","Room_Id":53,"Room_type":"غرفةمحابس","Room_contents":"ثلاث محابس","sectors":"القطاع الثاني عشر","Implementing":null,"Start":null,"End_":null,"GL":156.2,"IL":154.6,"Depth":1.5999999999999943,"diameter":"(200/200/150)","dimention":null,"Fault_statement":null,"Manufacturing_material":"بولى إيثيلين عالى الكثافة (HDPE)","TYPE":null,"material":"مواسير بي في سي","diameter2":"200-200-150مم","SHAPE_Length":55.306904507256995,"SHAPE_Area":190.96896078374004,"__networkId":"water","__networkName":"شبكة المياه","__layerId":"water_rooms","__layerName":"غرف المياه","__assetName":"غرف المياه","__geometryKind":"polygon","__featureIndex":52,"__length_m":55.31,"__area_m2":190.97,"__typeValue":"غرفةمحابس"},"geometry":{"type":"Polygon","coordinates":[[[31.53036082978638,30.279387295581103],[31.530375328595067,30.279284339176176],[31.53024796904735,30.27927082922369],[31.530233470238663,30.279373784091245],[31.53036082978638,30.279387295581103]]]}},{"type":"Feature","properties":{"GlobalID":"{834621CA-6BE9-4C9E-AE97-7F1AA4BE64D3}","Room_Id":54,"Room_type":"غرفةمحابس","Room_contents":"ثلاث محابس","sectors":"القطاع الثاني عشر","Implementing":null,"Start":null,"End_":null,"GL":158.78,"IL":157.18,"Depth":1.5999999999999943,"diameter":"(150/150/100)","dimention":null,"Fault_statement":null,"Manufacturing_material":"بولى إيثيلين عالى الكثافة (HDPE)","TYPE":null,"material":"مواسير بي في سي","diameter2":"150-150-100مم","SHAPE_Length":55.30698184611046,"SHAPE_Area":190.9695332931161,"__networkId":"water","__networkName":"شبكة المياه","__layerId":"water_rooms","__layerName":"غرف المياه","__assetName":"غرف المياه","__geometryKind":"polygon","__featureIndex":53,"__length_m":55.31,"__area_m2":190.97,"__typeValue":"غرفةمحابس"},"geometry":{"type":"Polygon","coordinates":[[[31.532037278346046,30.27959186677297],[31.53205177356144,30.279488909806965],[31.53192441491205,30.27947540143414],[31.53190991789999,30.27957835686284],[31.532037278346046,30.27959186677297]]]}},{"type":"Feature","properties":{"GlobalID":"{18AB9B76-A895-4F54-A578-CFE0C56A60C2}","Room_Id":55,"Room_type":"غرفةمحابس","Room_contents":"ثلاث محابس","sectors":"القطاع الثاني عشر","Implementing":null,"Start":null,"End_":null,"GL":159.94,"IL":158.34,"Depth":1.5999999999999943,"diameter":"(200/200/100)","dimention":null,"Fault_statement":null,"Manufacturing_material":"بولى إيثيلين عالى الكثافة (HDPE)","TYPE":null,"material":"مواسير بي في سي","diameter2":"200-200-100مم","SHAPE_Length":55.307145991702754,"SHAPE_Area":190.9705657579522,"__networkId":"water","__networkName":"شبكة المياه","__layerId":"water_rooms","__layerName":"غرف المياه","__assetName":"غرف المياه","__geometryKind":"polygon","__featureIndex":54,"__length_m":55.31,"__area_m2":190.97,"__typeValue":"غرفةمحابس"},"geometry":{"type":"Polygon","coordinates":[[[31.534446868958483,30.27998101499976],[31.53446136327561,30.27987805921775],[31.534334001931263,30.279864553225817],[31.534319507614132,30.279967508246223],[31.534446868958483,30.27998101499976]]]}},{"type":"Feature","properties":{"GlobalID":"{B85E6146-B93D-472A-A878-7222371E0F88}","Room_Id":56,"Room_type":"غرفةمحابس","Room_contents":"ثلاث محابس","sectors":"القطاع الثاني عشر","Implementing":null,"Start":null,"End_":null,"GL":160.97,"IL":159.37,"Depth":1.5999999999999943,"diameter":"(200/200/100)","dimention":null,"Fault_statement":null,"Manufacturing_material":"بولى إيثيلين عالى الكثافة (HDPE)","TYPE":null,"material":"مواسير بي في سي","diameter2":"200-200-100مم","SHAPE_Length":50.769157962346256,"SHAPE_Area":158.55577674119476,"__networkId":"water","__networkName":"شبكة المياه","__layerId":"water_rooms","__layerName":"غرف المياه","__assetName":"غرف المياه","__geometryKind":"polygon","__featureIndex":55,"__length_m":50.77,"__area_m2":158.56,"__typeValue":"غرفةمحابس"},"geometry":{"type":"Polygon","coordinates":[[[31.535714682878545,30.28003104993791],[31.535726103160744,30.279945504591797],[31.535598743613026,30.279931999384928],[31.535587321534198,30.280017545518515],[31.535714682878545,30.28003104993791]]]}},{"type":"Feature","properties":{"GlobalID":"{2D5EB549-6117-459C-B2DF-2178D81086FE}","Room_Id":57,"Room_type":"غرفةمحابس","Room_contents":"ثلاث محابس","sectors":"القطاع الثاني عشر","Implementing":null,"Start":null,"End_":null,"GL":163.18,"IL":161.58,"Depth":1.5999999999999943,"diameter":"(100/100/100)","dimention":null,"Fault_statement":null,"Manufacturing_material":"بولى إيثيلين عالى الكثافة (HDPE)","TYPE":null,"material":"مواسير بي في سي","diameter2":"100-100-100مم","SHAPE_Length":55.30630352612729,"SHAPE_Area":190.96477945123198,"__networkId":"water","__networkName":"شبكة المياه","__layerId":"water_rooms","__layerName":"غرف المياه","__assetName":"غرف المياه","__geometryKind":"polygon","__featureIndex":56,"__length_m":55.31,"__area_m2":190.96,"__typeValue":"غرفةمحابس"},"geometry":{"type":"Polygon","coordinates":[[[31.53462928086009,30.278751123250885],[31.534643772482266,30.278648167730015],[31.53451641473117,30.278634661568812],[31.534501920414037,30.278737617103786],[31.53462928086009,30.278751123250885]]]}},{"type":"Feature","properties":{"GlobalID":"{E11DCAA0-6461-4551-9C63-6EE009B1D3DF}","Room_Id":58,"Room_type":"غرفةمحابس","Room_contents":"ثلاث محابس ","sectors":"القطاع الثاني عشر","Implementing":null,"Start":null,"End_":null,"GL":161.78,"IL":160.18,"Depth":1.5999999999999943,"diameter":"(100/100/100)","dimention":null,"Fault_statement":null,"Manufacturing_material":"بولى إيثيلين عالى الكثافة (HDPE)","TYPE":null,"material":"مواسير بي في سي","diameter2":"100-100-100مم","SHAPE_Length":55.30729279595786,"SHAPE_Area":190.96359845905533,"__networkId":"water","__networkName":"شبكة المياه","__layerId":"water_rooms","__layerName":"غرف المياه","__assetName":"غرف المياه","__geometryKind":"polygon","__featureIndex":57,"__length_m":55.31,"__area_m2":190.96,"__typeValue":"غرفةمحابس"},"geometry":{"type":"Polygon","coordinates":[[[31.533618402179304,30.27860037018512],[31.533660820627016,30.27850340268576],[31.533540868587124,30.27846387557304],[31.533498451936044,30.27856084311139],[31.533618402179304,30.27860037018512]]]}},{"type":"Feature","properties":{"GlobalID":"{E6E63DC7-A60B-460E-B980-EE4D7AF9A099}","Room_Id":59,"Room_type":"غرفةمحابس","Room_contents":"ثلاث محابس ","sectors":"القطاع الثاني عشر","Implementing":null,"Start":null,"End_":null,"GL":161.89,"IL":160.29,"Depth":1.5999999999999943,"diameter":"(100/100/100)","dimention":null,"Fault_statement":null,"Manufacturing_material":"بولى إيثيلين عالى الكثافة (HDPE)","TYPE":null,"material":"مواسير بي في سي","diameter2":"100-100-100مم","SHAPE_Length":55.30718959517438,"SHAPE_Area":190.96287468559458,"__networkId":"water","__networkName":"شبكة المياه","__layerId":"water_rooms","__layerName":"غرف المياه","__assetName":"غرف المياه","__geometryKind":"polygon","__featureIndex":58,"__length_m":55.31,"__area_m2":190.96,"__typeValue":"غرفةمحابس"},"geometry":{"type":"Polygon","coordinates":[[[31.53240771033154,30.278362784707976],[31.532450130575874,30.278265817749705],[31.532330178535986,30.278226289765428],[31.532287760986577,30.278323256762818],[31.53240771033154,30.278362784707976]]]}},{"type":"Feature","properties":{"GlobalID":"{2E12C3FC-04E0-48AD-8B02-9DCA9345018D}","Room_Id":60,"Room_type":"غرفةمحابس","Room_contents":"ثلاث محابس","sectors":"القطاع الثاني عشر","Implementing":null,"Start":null,"End_":null,"GL":164.15,"IL":162.55,"Depth":1.5999999999999943,"diameter":"(150/150/100)","dimention":null,"Fault_statement":null,"Manufacturing_material":"بولى إيثيلين عالى الكثافة (HDPE)","TYPE":null,"material":"مواسير بي في سي","diameter2":"150-150-100مم","SHAPE_Length":55.306847726099804,"SHAPE_Area":190.96047963808994,"__networkId":"water","__networkName":"شبكة المياه","__layerId":"water_rooms","__layerName":"غرف المياه","__assetName":"غرف المياه","__geometryKind":"polygon","__featureIndex":59,"__length_m":55.31,"__area_m2":190.96,"__typeValue":"غرفةمحابس"},"geometry":{"type":"Polygon","coordinates":[[[31.53335928493221,30.27764779834214],[31.533401703379948,30.2775508306774],[31.53328175134006,30.27751130395673],[31.53323933558728,30.27760827088473],[31.53335928493221,30.27764779834214]]]}},{"type":"Feature","properties":{"GlobalID":"{FBC3CED4-0CF5-4326-B2A6-F719364AF186}","Room_Id":61,"Room_type":"غرفةمحابس","Room_contents":"ثلاث محابس","sectors":"القطاع الثاني عشر","Implementing":null,"Start":null,"End_":null,"GL":163.2,"IL":161.6,"Depth":1.5999999999999943,"diameter":"(150/100/100)","dimention":null,"Fault_statement":null,"Manufacturing_material":"بولى إيثيلين عالى الكثافة (HDPE)","TYPE":null,"material":"مواسير بي في سي","diameter2":"150-100-100مم","SHAPE_Length":55.30602616707145,"SHAPE_Area":190.96381989537096,"__networkId":"water","__networkName":"شبكة المياه","__layerId":"water_rooms","__layerName":"غرف المياه","__assetName":"غرف المياه","__geometryKind":"polygon","__featureIndex":60,"__length_m":55.31,"__area_m2":190.96,"__typeValue":"غرفةمحابس"},"geometry":{"type":"Polygon","coordinates":[[[31.53582971664226,30.278892739086032],[31.535834642104945,30.278789106467308],[31.535706445327396,30.2787845154654],[31.535701519864674,30.278888148088964],[31.53582971664226,30.278892739086032]]]}},{"type":"Feature","properties":{"GlobalID":"{5008166E-5C69-47EA-8461-8DBD04FCA852}","Room_Id":62,"Room_type":"غرفةمحابس","Room_contents":"ثلاث محابس","sectors":"القطاع الثاني عشر","Implementing":null,"Start":null,"End_":null,"GL":157.82,"IL":156.22,"Depth":1.5999999999999943,"diameter":"(200/200/150)","dimention":null,"Fault_statement":null,"Manufacturing_material":"بولى إيثيلين عالى الكثافة (HDPE)","TYPE":null,"material":"مواسير بي في سي","diameter2":"200-200-150مم","SHAPE_Length":55.30609374274442,"SHAPE_Area":190.95529910986284,"__networkId":"water","__networkName":"شبكة المياه","__layerId":"water_rooms","__layerName":"غرف المياه","__assetName":"غرف المياه","__geometryKind":"polygon","__featureIndex":61,"__length_m":55.31,"__area_m2":190.96,"__typeValue":"غرفةمحابس"},"geometry":{"type":"Polygon","coordinates":[[[31.529898071650933,30.276360588501923],[31.529940490996974,30.2762636218927],[31.529820544346965,30.276224092326242],[31.5297781232043,30.276321058198718],[31.529898071650933,30.276360588501923]]]}},{"type":"Feature","properties":{"GlobalID":"{75F3190B-1114-4BC4-8670-CD6E2E6CC3F8}","Room_Id":63,"Room_type":"غرفةمحابس","Room_contents":"ثلاث محابس","sectors":"القطاع الثالث عشر","Implementing":null,"Start":null,"End_":null,"GL":153.04,"IL":151.44,"Depth":1.5999999999999943,"diameter":"(300/300/150)","dimention":null,"Fault_statement":null,"Manufacturing_material":"بولى إيثيلين عالى الكثافة (HDPE)","TYPE":null,"material":"مواسير بي في سي","diameter2":"300-300-150مم","SHAPE_Length":55.305415092641994,"SHAPE_Area":190.95876859630147,"__networkId":"water","__networkName":"شبكة المياه","__layerId":"water_rooms","__layerName":"غرف المياه","__assetName":"غرف المياه","__geometryKind":"polygon","__featureIndex":62,"__length_m":55.31,"__area_m2":190.96,"__typeValue":"غرفةمحابس"},"geometry":{"type":"Polygon","coordinates":[[[31.516994963760606,30.27617110356673],[31.51700830104765,30.27606802974643],[31.516880797769495,30.276055602355033],[31.51686746048245,30.276158676188437],[31.516994963760606,30.27617110356673]]]}},{"type":"Feature","properties":{"GlobalID":"{E861C634-83FA-49AA-8815-84CEEC2A0421}","Room_Id":64,"Room_type":"غرفةمحابس","Room_contents":"ثلاث محابس","sectors":"القطاع الثالث عشر","Implementing":null,"Start":null,"End_":null,"GL":151.68,"IL":150.08,"Depth":1.5999999999999943,"diameter":"(150/150/100)","dimention":null,"Fault_statement":null,"Manufacturing_material":"بولى إيثيلين عالى الكثافة (HDPE)","TYPE":null,"material":"مواسير بي في سي","diameter2":"150-150-100مم","SHAPE_Length":55.305591746720864,"SHAPE_Area":190.95997655674907,"__networkId":"water","__networkName":"شبكة المياه","__layerId":"water_rooms","__layerName":"غرف المياه","__assetName":"غرف المياه","__geometryKind":"polygon","__featureIndex":63,"__length_m":55.31,"__area_m2":190.96,"__typeValue":"غرفةمحابس"},"geometry":{"type":"Polygon","coordinates":[[[31.51827879104894,30.276813048945225],[31.51829212653931,30.27670997579907],[31.518164623261157,30.27669754771322],[31.51815128687245,30.276800621648164],[31.51827879104894,30.276813048945225]]]}},{"type":"Feature","properties":{"GlobalID":"{314028EA-01CB-4AB3-B5A7-A66EA768461B}","Room_Id":65,"Room_type":"غرفةمحابس","Room_contents":"ثلاث محابس","sectors":"القطاع الثالث عشر","Implementing":null,"Start":null,"End_":null,"GL":150.75,"IL":149.15,"Depth":1.5999999999999943,"diameter":"(150/150/100)","dimention":null,"Fault_statement":null,"Manufacturing_material":"بولى إيثيلين عالى الكثافة (HDPE)","TYPE":null,"material":"مواسير بي في سي","diameter2":"150-150-100مم","SHAPE_Length":55.30550235914659,"SHAPE_Area":190.95931985000456,"__networkId":"water","__networkName":"شبكة المياه","__layerId":"water_rooms","__layerName":"غرف المياه","__assetName":"غرف المياه","__geometryKind":"polygon","__featureIndex":64,"__length_m":55.31,"__area_m2":190.96,"__typeValue":"غرفةمحابس"},"geometry":{"type":"Polygon","coordinates":[[[31.51950775013798,30.276963835012147],[31.51952108473006,30.27686076280015],[31.51939358055357,30.276848336284935],[31.51938024596149,30.27695141006157],[31.51950775013798,30.276963835012147]]]}},{"type":"Feature","properties":{"GlobalID":"{A11363B0-F1AE-4CD1-82CD-EBB6601A0EA1}","Room_Id":66,"Room_type":"غرفةمحابس","Room_contents":"اربع محابس","sectors":"القطاع الثاني عشر","Implementing":null,"Start":null,"End_":null,"GL":150.32,"IL":148.72,"Depth":1.5999999999999943,"diameter":"(150/150/150/150)","dimention":null,"Fault_statement":null,"Manufacturing_material":"بولى إيثيلين عالى الكثافة (HDPE)","TYPE":null,"material":"مواسير بي في سي","diameter2":"150-150-150-150مم","SHAPE_Length":55.30594145838005,"SHAPE_Area":190.9624197461871,"__networkId":"water","__networkName":"شبكة المياه","__layerId":"water_rooms","__layerName":"غرف المياه","__assetName":"غرف المياه","__geometryKind":"polygon","__featureIndex":65,"__length_m":55.31,"__area_m2":190.96,"__typeValue":"غرفةمحابس"},"geometry":{"type":"Polygon","coordinates":[[[31.525068603817665,30.277541777336747],[31.525081933019862,30.277438703404414],[31.524954427945076,30.277426281617082],[31.524941098742882,30.27752935633824],[31.525068603817665,30.277541777336747]]]}},{"type":"Feature","properties":{"GlobalID":"{5D2D23CA-59D6-43F7-93A1-E7CFC3FE504B}","Room_Id":67,"Room_type":"غرفةمحابس","Room_contents":"ثلاث محابس","sectors":"القطاع الثالث عشر","Implementing":null,"Start":null,"End_":null,"GL":154.55,"IL":152.95,"Depth":1.6000000000000227,"diameter":"(300/250/100)","dimention":null,"Fault_statement":null,"Manufacturing_material":"بولى إيثيلين عالى الكثافة (HDPE)","TYPE":null,"material":"مواسير بي في سي","diameter2":"300-250-100مم","SHAPE_Length":55.3044215021554,"SHAPE_Area":190.95207424873584,"__networkId":"water","__networkName":"شبكة المياه","__layerId":"water_rooms","__layerName":"غرف المياه","__assetName":"غرف المياه","__geometryKind":"polygon","__featureIndex":66,"__length_m":55.3,"__area_m2":190.95,"__typeValue":"غرفةمحابس"},"geometry":{"type":"Polygon","coordinates":[[[31.517167906520815,30.27502052833369],[31.51718124380782,30.27491745485661],[31.517053744122915,30.274905025767957],[31.51704040773421,30.27500810158547],[31.517167906520815,30.27502052833369]]]}},{"type":"Feature","properties":{"GlobalID":"{D8005871-8CB9-44EE-93A0-5EE1016AC9DB}","Room_Id":68,"Room_type":"غرفةمحابس","Room_contents":"ثلاث محابس","sectors":"القطاع الثالث عشر","Implementing":null,"Start":null,"End_":null,"GL":155.63,"IL":154.03,"Depth":1.5999999999999943,"diameter":"(250/250/100)","dimention":null,"Fault_statement":null,"Manufacturing_material":"بولى إيثيلين عالى الكثافة (HDPE)","TYPE":null,"material":"مواسير بي في سي","diameter2":"250-250-100مم","SHAPE_Length":55.3052851404109,"SHAPE_Area":190.94910114732164,"__networkId":"water","__networkName":"شبكة المياه","__layerId":"water_rooms","__layerName":"غرف المياه","__assetName":"غرف المياه","__geometryKind":"polygon","__featureIndex":67,"__length_m":55.31,"__area_m2":190.95,"__typeValue":"غرفةمحابس"},"geometry":{"type":"Polygon","coordinates":[[[31.517348450824926,30.274329687807562],[31.51739249522331,30.27423326691031],[31.51727322410639,30.274192225256996],[31.51722918419959,30.274288646194627],[31.517348450824926,30.274329687807562]]]}},{"type":"Feature","properties":{"GlobalID":"{C8CE5CD5-2B66-4AF0-8AE1-8EE8D55F4620}","Room_Id":69,"Room_type":"غرفةمحابس","Room_contents":"ثلاث محابس","sectors":"القطاع الثالث عشر","Implementing":null,"Start":null,"End_":null,"GL":155.75,"IL":154.15,"Depth":1.5999999999999943,"diameter":"(250/250/100)","dimention":null,"Fault_statement":null,"Manufacturing_material":"بولى إيثيلين عالى الكثافة (HDPE)","TYPE":null,"material":"مواسير بي في سي","diameter2":"250-250-100مم","SHAPE_Length":55.304597389458785,"SHAPE_Area":190.9442320599003,"__networkId":"water","__networkName":"شبكة المياه","__layerId":"water_rooms","__layerName":"غرف المياه","__assetName":"غرف المياه","__geometryKind":"polygon","__featureIndex":68,"__length_m":55.3,"__area_m2":190.94,"__typeValue":"غرفةمحابس"},"geometry":{"type":"Polygon","coordinates":[[[31.5178148300693,30.273333446719437],[31.517858871772738,30.273237026395183],[31.517739603350773,30.273195985101122],[31.51769556164734,30.273292403914105],[31.5178148300693,30.273333446719437]]]}},{"type":"Feature","properties":{"GlobalID":"{27E0AD6A-7E82-4738-9151-4DD823F0128E}","Room_Id":70,"Room_type":"غرفةمحابس","Room_contents":"ثلاث محابس","sectors":"القطاع الثالث عشر","Implementing":null,"Start":null,"End_":null,"GL":153.68,"IL":152.08,"Depth":1.5999999999999943,"diameter":"(100/100/100)","dimention":null,"Fault_statement":null,"Manufacturing_material":"بولى إيثيلين عالى الكثافة (HDPE)","TYPE":null,"material":"مواسير بي في سي","diameter2":"100-100-100مم","SHAPE_Length":55.305026138376405,"SHAPE_Area":190.94726743298588,"__networkId":"water","__networkName":"شبكة المياه","__layerId":"water_rooms","__layerName":"غرف المياه","__assetName":"غرف المياه","__geometryKind":"polygon","__featureIndex":69,"__length_m":55.31,"__area_m2":190.95,"__typeValue":"غرفةمحابس"},"geometry":{"type":"Polygon","coordinates":[[[31.51911098763319,30.273817691254877],[31.51915502933662,30.27372126985465],[31.519035760016358,30.273680227987253],[31.518991720109554,30.273776648652024],[31.51911098763319,30.273817691254877]]]}},{"type":"Feature","properties":{"GlobalID":"{93E9F247-44A9-46CE-9E63-F1718F3F2274}","Room_Id":71,"Room_type":"غرفةمحابس","Room_contents":"ثلاث محابس","sectors":"القطاع الثالث عشر","Implementing":null,"Start":null,"End_":null,"GL":153.89,"IL":152.29,"Depth":1.5999999999999943,"diameter":"(150/150/100)","dimention":null,"Fault_statement":null,"Manufacturing_material":"بولى إيثيلين عالى الكثافة (HDPE)","TYPE":null,"material":"مواسير بي في سي","diameter2":"150-150-100مم","SHAPE_Length":55.3049340320339,"SHAPE_Area":190.94655898422403,"__networkId":"water","__networkName":"شبكة المياه","__layerId":"water_rooms","__layerName":"غرف المياه","__assetName":"غرف المياه","__geometryKind":"polygon","__featureIndex":70,"__length_m":55.3,"__area_m2":190.95,"__typeValue":"غرفةمحابس"},"geometry":{"type":"Polygon","coordinates":[[[31.519520887998993,30.274086308355763],[31.519564928804126,30.273989889546822],[31.519445658585536,30.273948847791747],[31.51940161867873,30.274045268968404],[31.519520887998993,30.274086308355763]]]}},{"type":"Feature","properties":{"GlobalID":"{F935F65C-A61F-42D0-8D50-F00D10B38FC1}","Room_Id":72,"Room_type":"غرفةمحابس","Room_contents":"ثلاث محابس ","sectors":"القطاع الثالث عشر","Implementing":null,"Start":null,"End_":null,"GL":153.41,"IL":151.81,"Depth":1.5999999999999943,"diameter":"(200/200/100)","dimention":null,"Fault_statement":null,"Manufacturing_material":"بولى إيثيلين عالى الكثافة (HDPE)","TYPE":null,"material":"مواسير بي في سي","diameter2":"200-200-100مم","SHAPE_Length":55.30422916973868,"SHAPE_Area":190.9416645835759,"__networkId":"water","__networkName":"شبكة المياه","__layerId":"water_rooms","__layerName":"غرف المياه","__assetName":"غرف المياه","__geometryKind":"polygon","__featureIndex":71,"__length_m":55.3,"__area_m2":190.94,"__typeValue":"غرفةمحابس"},"geometry":{"type":"Polygon","coordinates":[[[31.519672562246523,30.27270873896502],[31.519716601255023,30.2726123195787],[31.519597332833058,30.272571278023438],[31.51955329382455,30.27266769900173],[31.519672562246523,30.27270873896502]]]}},{"type":"Feature","properties":{"GlobalID":"{8D76A95A-7782-4660-B294-6B4F2F3C96F2}","Room_Id":73,"Room_type":"غرفةمحابس","Room_contents":"ثلاث محابس","sectors":"القطاع الثالث عشر","Implementing":null,"Start":null,"End_":null,"GL":153.15,"IL":151.55,"Depth":1.5999999999999943,"diameter":"(200/200/100)","dimention":null,"Fault_statement":null,"Manufacturing_material":"بولى إيثيلين عالى الكثافة (HDPE)","TYPE":null,"material":"مواسير بي في سي","diameter2":"200-200-100مم","SHAPE_Length":55.30449159305812,"SHAPE_Area":190.94356306821655,"__networkId":"water","__networkName":"شبكة المياه","__layerId":"water_rooms","__layerName":"غرف المياه","__assetName":"غرف المياه","__geometryKind":"polygon","__featureIndex":72,"__length_m":55.3,"__area_m2":190.94,"__typeValue":"غرفةمحابس"},"geometry":{"type":"Polygon","coordinates":[[[31.521248548614683,30.273262542106796],[31.52129258672486,30.273166120937002],[31.521173317404592,30.2731250827166],[31.52112927929442,30.27322150392666],[31.521248548614683,30.273262542106796]]]}},{"type":"Feature","properties":{"GlobalID":"{7389FBDC-1741-47C6-AB92-1A5085999DEF}","Room_Id":74,"Room_type":"غرفةمحابس","Room_contents":"ثلاث محابس","sectors":"القطاع الثالث عشر","Implementing":null,"Start":null,"End_":null,"GL":153.6,"IL":152.0,"Depth":1.5999999999999943,"diameter":"(200/200/150)","dimention":null,"Fault_statement":null,"Manufacturing_material":"بولى إيثيلين عالى الكثافة (HDPE)","TYPE":null,"material":"مواسير بي في سي","diameter2":"200-200-150مم","SHAPE_Length":55.30473494423453,"SHAPE_Area":190.94523204117365,"__networkId":"water","__networkName":"شبكة المياه","__layerId":"water_rooms","__layerName":"غرف المياه","__assetName":"غرف المياه","__geometryKind":"polygon","__featureIndex":73,"__length_m":55.3,"__area_m2":190.95,"__typeValue":"غرفةمحابس"},"geometry":{"type":"Polygon","coordinates":[[[31.522458347537032,30.273673101400615],[31.522502384748915,30.273576679858294],[31.522383114530317,30.273535640257904],[31.5223390791151,30.273632062616308],[31.522458347537032,30.273673101400615]]]}},{"type":"Feature","properties":{"GlobalID":"{F68FB738-B58D-4FA7-915D-1B9E7FF3641A}","Room_Id":75,"Room_type":"غرفةمحابس","Room_contents":"ثلاث محابس","sectors":"القطاع الثالث عشر","Implementing":null,"Start":null,"End_":null,"GL":155.2,"IL":153.6,"Depth":1.5999999999999943,"diameter":"(200/200/100)","dimention":null,"Fault_statement":null,"Manufacturing_material":"بولى إيثيلين عالى الكثافة (HDPE)","TYPE":null,"material":"مواسير بي في سي","diameter2":"200-200-100مم","SHAPE_Length":55.305515308174,"SHAPE_Area":190.95065132070482,"__networkId":"water","__networkName":"شبكة المياه","__layerId":"water_rooms","__layerName":"غرف المياه","__assetName":"غرف المياه","__geometryKind":"polygon","__featureIndex":74,"__length_m":55.31,"__area_m2":190.95,"__typeValue":"غرفةمحابس"},"geometry":{"type":"Polygon","coordinates":[[[31.523220076677177,30.273960775054153],[31.52326411299069,30.273864352242843],[31.523144841873798,30.27382331586597],[31.523100802865297,30.273919738717584],[31.523220076677177,30.273960775054153]]]}},{"type":"Feature","properties":{"GlobalID":"{73FE503C-6E2B-49DB-BB59-E6BAA57AEFCF}","Room_Id":76,"Room_type":"غرفةمحابس","Room_contents":"ثلاث محابس","sectors":"القطاع الثالث عشر","Implementing":null,"Start":null,"End_":null,"GL":156.32,"IL":154.72,"Depth":1.5999999999999943,"diameter":"(200/200/100)","dimention":null,"Fault_statement":null,"Manufacturing_material":"بولى إيثيلين عالى الكثافة (HDPE)","TYPE":null,"material":"مواسير بي في سي","diameter2":"200-200-100مم","SHAPE_Length":55.305330337848474,"SHAPE_Area":190.9493079076692,"__networkId":"water","__networkName":"شبكة المياه","__layerId":"water_rooms","__layerName":"غرف المياه","__assetName":"غرف المياه","__geometryKind":"polygon","__featureIndex":75,"__length_m":55.31,"__area_m2":190.95,"__typeValue":"غرفةمحابس"},"geometry":{"type":"Polygon","coordinates":[[[31.523790799733348,30.274165568576862],[31.523834836046895,30.27406914596675],[31.523715564031672,30.274028108899678],[31.523671527718125,30.274124530774287],[31.523790799733348,30.274165568576862]]]}},{"type":"Feature","properties":{"GlobalID":"{2814B226-0BB1-46CE-AD46-370978BA5D8E}","Room_Id":77,"Room_type":"غرفةمحابس","Room_contents":"ثلاث محابس","sectors":"القطاع الثالث عشر","Implementing":null,"Start":null,"End_":null,"GL":156.36,"IL":154.76,"Depth":1.6000000000000227,"diameter":"(200/200/100)","dimention":null,"Fault_statement":null,"Manufacturing_material":"بولى إيثيلين عالى الكثافة (HDPE)","TYPE":null,"material":"مواسير بي في سي","diameter2":"200-200-100مم","SHAPE_Length":55.30527715386502,"SHAPE_Area":190.94899300613903,"__networkId":"water","__networkName":"شبكة المياه","__layerId":"water_rooms","__layerName":"غرف المياه","__assetName":"غرف المياه","__geometryKind":"polygon","__featureIndex":76,"__length_m":55.31,"__area_m2":190.95,"__typeValue":"غرفةمحابس"},"geometry":{"type":"Polygon","coordinates":[[[31.52496242474774,30.274581171464042],[31.525006459264624,30.274484748486454],[31.52488718724941,30.274443713920526],[31.52484315183419,30.274540136162674],[31.52496242474774,30.274581171464042]]]}},{"type":"Feature","properties":{"GlobalID":"{6D52BC53-7352-4D07-B645-9A07C0F949C8}","Room_Id":78,"Room_type":"غرفةمحابس","Room_contents":"ثلاث محابس","sectors":"القطاع الثاني عشر","Implementing":null,"Start":null,"End_":null,"GL":155.89,"IL":154.29,"Depth":1.5999999999999943,"diameter":"(200/200/150)","dimention":null,"Fault_statement":null,"Manufacturing_material":"بولى إيثيلين عالى الكثافة (HDPE)","TYPE":null,"material":"مواسير بي في سي","diameter2":"200-200-150مم","SHAPE_Length":55.30572627599807,"SHAPE_Area":190.9520343204484,"__networkId":"water","__networkName":"شبكة المياه","__layerId":"water_rooms","__layerName":"غرف المياه","__assetName":"غرف المياه","__geometryKind":"polygon","__featureIndex":77,"__length_m":55.31,"__area_m2":190.95,"__typeValue":"غرفةمحابس"},"geometry":{"type":"Polygon","coordinates":[[[31.527544592506068,30.27550709270677],[31.527588625226326,30.275410669087144],[31.52746935051618,30.275369636459953],[31.527425317795885,30.27546605856827],[31.527544592506068,30.27550709270677]]]}},{"type":"Feature","properties":{"GlobalID":"{E8A74437-E069-4E1D-A0C7-96BCD2916E7B}","Room_Id":79,"Room_type":"غرفةمحابس","Room_contents":"ثلاث محابس","sectors":"القطاع الثاني عشر","Implementing":null,"Start":null,"End_":null,"GL":156.97,"IL":155.37,"Depth":1.5999999999999943,"diameter":"(200/200/150)","dimention":null,"Fault_statement":null,"Manufacturing_material":"بولى إيثيلين عالى الكثافة (HDPE)","TYPE":null,"material":"مواسير بي في سي","diameter2":"200-200-150مم","SHAPE_Length":55.30578210164437,"SHAPE_Area":190.9525148923812,"__networkId":"water","__networkName":"شبكة المياه","__layerId":"water_rooms","__layerName":"غرف المياه","__assetName":"غرف المياه","__geometryKind":"polygon","__featureIndex":78,"__length_m":55.31,"__area_m2":190.95,"__typeValue":"غرفةمحابس"},"geometry":{"type":"Polygon","coordinates":[[[31.528542268647104,30.275863394575985],[31.528586303164026,30.275766972082216],[31.52846702755555,30.27572593882817],[31.52842299573359,30.275822362913814],[31.528542268647104,30.275863394575985]]]}},{"type":"Feature","properties":{"GlobalID":"{0DFFD08B-B39C-44EA-B8B5-2433D920DA73}","Room_Id":80,"Room_type":"غرفةمحابس","Room_contents":"ثلاث محابس","sectors":"القطاع الثاني عشر","Implementing":null,"Start":null,"End_":null,"GL":153.6,"IL":152.0,"Depth":1.5999999999999943,"diameter":"(150/150/150)","dimention":null,"Fault_statement":null,"Manufacturing_material":"بولى إيثيلين عالى الكثافة (HDPE)","TYPE":null,"material":"مواسير بي في سي","diameter2":"150-150-150مم","SHAPE_Length":55.30711881567739,"SHAPE_Area":190.96165137001242,"__networkId":"water","__networkName":"شبكة المياه","__layerId":"water_rooms","__layerName":"غرف المياه","__assetName":"غرف المياه","__geometryKind":"polygon","__featureIndex":79,"__length_m":55.31,"__area_m2":190.96,"__typeValue":"غرفةمحابس"},"geometry":{"type":"Polygon","coordinates":[[[31.527800103017253,30.27771804890939],[31.527844136635874,30.277621625134664],[31.52772485923074,30.27758059265605],[31.52768082471385,30.277677014919504],[31.527800103017253,30.27771804890939]]]}},{"type":"Feature","properties":{"GlobalID":"{7D3CF553-F18D-434A-895D-34D7F62B938C}","Room_Id":81,"Room_type":"غرفةمحابس","Room_contents":"ثلاث محابس","sectors":"القطاع الثاني عشر","Implementing":null,"Start":null,"End_":null,"GL":157.09,"IL":155.49,"Depth":1.5999999999999943,"diameter":"(150/150/150)","dimention":null,"Fault_statement":null,"Manufacturing_material":"بولى إيثيلين عالى الكثافة (HDPE)","TYPE":null,"material":"مواسير بي في سي","diameter2":"150-150-150مم","SHAPE_Length":64.83179341187822,"SHAPE_Area":262.483119482091,"__networkId":"water","__networkName":"شبكة المياه","__layerId":"water_rooms","__layerName":"غرف المياه","__assetName":"غرف المياه","__geometryKind":"polygon","__featureIndex":80,"__length_m":64.83,"__area_m2":262.48,"__typeValue":"غرفةمحابس"},"geometry":{"type":"Polygon","coordinates":[[[31.52906284684583,30.278103869512027],[31.529114742519816,30.27799022933304],[31.52897562851661,30.27794237483602],[31.52892373463925,30.278056014294688],[31.52906284684583,30.278103869512027]]]}},{"type":"Feature","properties":{"GlobalID":"{66475145-BF5A-439B-B2C9-7A98055F7670}","Room_Id":82,"Room_type":"غرفةمحابس","Room_contents":"ثلاث محابس","sectors":"القطاع الثاني عشر","Implementing":null,"Start":null,"End_":null,"GL":155.69,"IL":154.09,"Depth":1.5999999999999943,"diameter":"(150/150/100)","dimention":null,"Fault_statement":null,"Manufacturing_material":"بولى إيثيلين عالى الكثافة (HDPE)","TYPE":null,"material":"مواسير بي في سي","diameter2":"150-150-100مم","SHAPE_Length":70.71909217204534,"SHAPE_Area":311.2822385568167,"__networkId":"water","__networkName":"شبكة المياه","__layerId":"water_rooms","__layerName":"غرف المياه","__assetName":"غرف المياه","__geometryKind":"polygon","__featureIndex":81,"__length_m":70.72,"__area_m2":311.28,"__typeValue":"غرفةمحابس"},"geometry":{"type":"Polygon","coordinates":[[[31.52840264619747,30.277963827363063],[31.528461222642175,30.277845872928264],[31.528306124915108,30.277787854130285],[31.528247548470375,30.277905808634813],[31.52840264619747,30.277963827363063]]]}},{"type":"Feature","properties":{"GlobalID":"{E1701B03-F073-4EBB-8DBD-B0EF4E3BAFB8}","Room_Id":83,"Room_type":"غرفةمحابس","Room_contents":"ثلاث محابس","sectors":"القطاع الثالث عشر","Implementing":null,"Start":null,"End_":null,"GL":150.63,"IL":149.03,"Depth":1.5999999999999943,"diameter":"(150/150/150)","dimention":null,"Fault_statement":null,"Manufacturing_material":"بولى إيثيلين عالى الكثافة (HDPE)","TYPE":null,"material":"مواسير بي في سي","diameter2":"150-150-150مم","SHAPE_Length":67.84605664605313,"SHAPE_Area":286.53109799420463,"__networkId":"water","__networkName":"شبكة المياه","__layerId":"water_rooms","__layerName":"غرف المياه","__assetName":"غرف المياه","__geometryKind":"polygon","__featureIndex":82,"__length_m":67.85,"__area_m2":286.53,"__typeValue":"غرفةمحابس"},"geometry":{"type":"Polygon","coordinates":[[[31.524017123082675,30.277014291963155],[31.524035223237323,30.276892064143876],[31.523874509243107,30.276874134994845],[31.523856408190127,30.27699636283645],[31.524017123082675,30.277014291963155]]]}},{"type":"Feature","properties":{"GlobalID":"{6D84B801-8156-4514-B71A-18548DEB1817}","Room_Id":84,"Room_type":"غرفةمحابس","Room_contents":"ثلاث محابس","sectors":"القطاع الثالث عشر","Implementing":null,"Start":null,"End_":null,"GL":150.96,"IL":149.36,"Depth":1.5999999999999943,"diameter":"(150/150/100)","dimention":null,"Fault_statement":null,"Manufacturing_material":"بولى إيثيلين عالى الكثافة (HDPE)","TYPE":null,"material":"مواسير بي في سي","diameter2":"150-150-100مم","SHAPE_Length":64.83020677280888,"SHAPE_Area":262.47428693736435,"__networkId":"water","__networkName":"شبكة المياه","__layerId":"water_rooms","__layerName":"غرف المياه","__assetName":"غرف المياه","__geometryKind":"polygon","__featureIndex":83,"__length_m":64.83,"__area_m2":262.47,"__typeValue":"غرفةمحابس"},"geometry":{"type":"Polygon","coordinates":[[[31.52272305500014,30.276478872104178],[31.522764522131954,30.276362052414502],[31.522621514830323,30.276323811472658],[31.522580047698476,30.27644063275939],[31.52272305500014,30.276478872104178]]]}},{"type":"Feature","properties":{"GlobalID":"{CE726BB9-1E8A-459D-9650-0E4E8B957794}","Room_Id":85,"Room_type":"غرفةمحابس","Room_contents":"اربع محابس","sectors":"القطاع الثالث عشر","Implementing":null,"Start":null,"End_":null,"GL":153.29,"IL":151.69,"Depth":1.5999999999999943,"diameter":"(100/100/100/100)","dimention":null,"Fault_statement":null,"Manufacturing_material":"بولى إيثيلين عالى الكثافة (HDPE)","TYPE":null,"material":"مواسير بي في سي","diameter2":"100-100-100-100مم","SHAPE_Length":55.30527817804274,"SHAPE_Area":190.9525112104556,"__networkId":"water","__networkName":"شبكة المياه","__layerId":"water_rooms","__layerName":"غرف المياه","__assetName":"غرف المياه","__geometryKind":"polygon","__featureIndex":84,"__length_m":55.31,"__area_m2":190.95,"__typeValue":"غرفةمحابس"},"geometry":{"type":"Polygon","coordinates":[[[31.52434758902117,30.27577131729896],[31.524382772437594,30.275672193400787],[31.524260156892908,30.275639406798213],[31.524224974374786,30.275738530729438],[31.52434758902117,30.27577131729896]]]}},{"type":"Feature","properties":{"GlobalID":"{2E27DBA4-D9BD-4BD6-B774-6FA557613002}","Room_Id":86,"Room_type":"غرفةمحابس","Room_contents":"اربع محابس","sectors":"القطاع الثالث عشر","Implementing":null,"Start":null,"End_":null,"GL":153.81,"IL":152.21,"Depth":1.5999999999999943,"diameter":"(100/100/100/100)","dimention":null,"Fault_statement":null,"Manufacturing_material":"بولى إيثيلين عالى الكثافة (HDPE)","TYPE":null,"material":"مواسير بي في سي","diameter2":"100-100-100-100مم","SHAPE_Length":74.03762117565927,"SHAPE_Area":329.3961047805209,"__networkId":"water","__networkName":"شبكة المياه","__layerId":"water_rooms","__layerName":"غرف المياه","__assetName":"غرف المياه","__geometryKind":"polygon","__featureIndex":85,"__length_m":74.04,"__area_m2":329.4,"__typeValue":"غرفةمحابس"},"geometry":{"type":"Polygon","coordinates":[[[31.52326983346244,30.275276163836875],[31.523145897394258,30.275232999262588],[31.52307214031954,30.275392533305787],[31.52319607638772,30.275435700137287],[31.52326983346244,30.275276163836875]]]}},{"type":"Feature","properties":{"GlobalID":"{D6089156-53F3-457D-A326-A15C2FC442CA}","Room_Id":87,"Room_type":"غرفةمحابس","Room_contents":"ثلاث محابس","sectors":"القطاع الثاني عشر","Implementing":null,"Start":null,"End_":null,"GL":162.49,"IL":160.89,"Depth":1.6000000000000227,"diameter":"(100/100/100)","dimention":null,"Fault_statement":null,"Manufacturing_material":"بولى إيثيلين عالى الكثافة (HDPE)","TYPE":null,"material":"مواسير بي في سي","diameter2":"100-100-100مم","SHAPE_Length":55.30746644063227,"SHAPE_Area":190.96474641254315,"__networkId":"water","__networkName":"شبكة المياه","__layerId":"water_rooms","__layerName":"غرف المياه","__assetName":"غرف المياه","__geometryKind":"polygon","__featureIndex":86,"__length_m":55.31,"__area_m2":190.96,"__typeValue":"غرفةمحابس"},"geometry":{"type":"Polygon","coordinates":[[[31.533327161177667,30.278728463022595],[31.533369577828747,30.278631495649876],[31.533249625788862,30.278591969364456],[31.533207208239446,30.27868893677624],[31.533327161177667,30.278728463022595]]]}},{"type":"Feature","properties":{"GlobalID":"{E2BAF6E8-2339-4E5F-A66E-34CEFC7D0D12}","Room_Id":88,"Room_type":"غرفةمحابس","Room_contents":"ثلاث محابس ","sectors":"القطاع الثاني عشر","Implementing":null,"Start":null,"End_":null,"GL":159.36,"IL":157.76,"Depth":1.6000000000000227,"diameter":"(100/100/100)","dimention":null,"Fault_statement":null,"Manufacturing_material":"بولى إيثيلين عالى الكثافة (HDPE)","TYPE":null,"material":"مواسير بي في سي","diameter2":"100-100-100مم","SHAPE_Length":55.30593214007102,"SHAPE_Area":190.96242500902966,"__networkId":"water","__networkName":"شبكة المياه","__layerId":"water_rooms","__layerName":"غرف المياه","__assetName":"غرف المياه","__geometryKind":"polygon","__featureIndex":87,"__length_m":55.31,"__area_m2":190.96,"__typeValue":"غرفةمحابس"},"geometry":{"type":"Polygon","coordinates":[[[31.5312213358785,30.27836289254039],[31.531233727239528,30.278259731032268],[31.531106112570303,30.278248184421294],[31.531093721209274,30.278351345165706],[31.5312213358785,30.27836289254039]]]}},{"type":"Feature","properties":{"GlobalID":"{B769DAA2-78C0-4154-8424-8A84399D1205}","Room_Id":89,"Room_type":"غرفةمحابس","Room_contents":"ثلاث محابس","sectors":"القطاع الثالث عشر","Implementing":null,"Start":null,"End_":null,"GL":148.89,"IL":147.29,"Depth":1.5999999999999943,"diameter":"(150/150/100)","dimention":null,"Fault_statement":null,"Manufacturing_material":"بولى إيثيلين عالى الكثافة (HDPE)","TYPE":null,"material":"مواسير بي في سي","diameter2":"150-150-100مم","SHAPE_Length":63.7373265069878,"SHAPE_Area":253.62552036954227,"__networkId":"water","__networkName":"شبكة المياه","__layerId":"water_rooms","__layerName":"غرف المياه","__assetName":"غرف المياه","__geometryKind":"polygon","__featureIndex":88,"__length_m":63.74,"__area_m2":253.63,"__typeValue":"غرفةمحابس"},"geometry":{"type":"Polygon","coordinates":[[[31.5220639511947,30.277309769488546],[31.522075864652006,30.27719068240204],[31.521928553521818,30.27717958018825],[31.52191664006451,30.2772986665125],[31.5220639511947,30.277309769488546]]]}},{"type":"Feature","properties":{"GlobalID":"{A38999F7-3A0F-4A15-A6B5-44273D5B8C00}","Room_Id":90,"Room_type":"غرفةمحابس","Room_contents":"ثلاث محابس","sectors":"القطاع الثاني عشر","Implementing":null,"Start":null,"End_":null,"GL":163.17,"IL":161.57,"Depth":1.5999999999999943,"diameter":"(150/150/100)","dimention":null,"Fault_statement":null,"Manufacturing_material":"بولى إيثيلين عالى الكثافة (HDPE)","TYPE":null,"material":"مواسير بي في سي","diameter2":"150-150-100مم","SHAPE_Length":55.306717294526024,"SHAPE_Area":190.95965056058017,"__networkId":"water","__networkName":"شبكة المياه","__layerId":"water_rooms","__layerName":"غرف المياه","__assetName":"غرف المياه","__geometryKind":"polygon","__featureIndex":89,"__length_m":55.31,"__area_m2":190.96,"__typeValue":"غرفةمحابس"},"geometry":{"type":"Polygon","coordinates":[[[31.53281608356138,30.27746027318431],[31.53285850200909,30.277363306110015],[31.532738551765824,30.27732378086541],[31.532696132419822,30.27742074797875],[31.53281608356138,30.27746027318431]]]}},{"type":"Feature","properties":{"GlobalID":"{9E3D66CE-1DB5-425E-A836-14450DC3726A}","Room_Id":91,"Room_type":"غرفةمحابس","Room_contents":"اربع محابس","sectors":"القطاع الثاني عشر","Implementing":null,"Start":null,"End_":null,"GL":159.43,"IL":157.83,"Depth":1.5999999999999943,"diameter":"(300/300/200/150)","dimention":null,"Fault_statement":null,"Manufacturing_material":"بولى إيثيلين عالى الكثافة (HDPE)","TYPE":null,"material":"مواسير بي في سي","diameter2":"300-300-200-150مم","SHAPE_Length":66.12121221837059,"SHAPE_Area":266.6266393799783,"__networkId":"water","__networkName":"شبكة المياه","__layerId":"water_rooms","__layerName":"غرف المياه","__assetName":"غرف المياه","__geometryKind":"polygon","__featureIndex":90,"__length_m":66.12,"__area_m2":266.63,"__typeValue":"غرفةمحابس"},"geometry":{"type":"Polygon","coordinates":[[[31.53136089814106,30.276721824371606],[31.531291803322684,30.276857477353182],[31.53140691434148,30.276900403047325],[31.531476010058192,30.276764749349283],[31.53136089814106,30.276721824371606]]]}},{"type":"Feature","properties":{"GlobalID":"{ABD3E51E-BB38-4D34-9900-ABEFD7F086B4}","Room_Id":92,"Room_type":"غرفةمحابس","Room_contents":"اربع محابس","sectors":"القطاع الثالث عشر","Implementing":null,"Start":null,"End_":null,"GL":153.83,"IL":152.23,"Depth":1.6000000000000227,"diameter":"(100/100/100/100)","dimention":null,"Fault_statement":null,"Manufacturing_material":"بولى إيثيلين عالى الكثافة (HDPE)","TYPE":null,"material":"مواسير بي في سي","diameter2":"100-100-100-100مم","SHAPE_Length":64.18859987045181,"SHAPE_Area":244.34150854568188,"__networkId":"water","__networkName":"شبكة المياه","__layerId":"water_rooms","__layerName":"غرف المياه","__assetName":"غرف المياه","__geometryKind":"polygon","__featureIndex":91,"__length_m":64.19,"__area_m2":244.34,"__typeValue":"غرفةمحابس"},"geometry":{"type":"Polygon","coordinates":[[[31.52072747005434,30.274393415463553],[31.52062401198139,30.27435737781434],[31.5205584682033,30.27449914196166],[31.520661926276283,30.27453517800725],[31.52072747005434,30.274393415463553]]]}},{"type":"Feature","properties":{"GlobalID":"{99684271-47B0-4E91-8008-DDF5DB30D0E6}","Room_Id":93,"Room_type":"غرفةمحابس","Room_contents":"ثلاث محابس","sectors":"القطاع الثالث عشر","Implementing":null,"Start":null,"End_":null,"GL":153.28,"IL":151.68,"Depth":1.5999999999999943,"diameter":"(100/100/100)","dimention":null,"Fault_statement":null,"Manufacturing_material":"بولى إيثيلين عالى الكثافة (HDPE)","TYPE":null,"material":"مواسير بي في سي","diameter2":"100-100-100مم","SHAPE_Length":55.30453081801008,"SHAPE_Area":190.9526554084498,"__networkId":"water","__networkName":"شبكة المياه","__layerId":"water_rooms","__layerName":"غرف المياه","__assetName":"غرف المياه","__geometryKind":"polygon","__featureIndex":92,"__length_m":55.3,"__area_m2":190.95,"__typeValue":"غرفةمحابس"},"geometry":{"type":"Polygon","coordinates":[[[31.518549480393478,30.27519067485812],[31.51856281588389,30.275087601559726],[31.51843531440233,30.275075175595802],[31.51842197891195,30.27517824890725],[31.518549480393478,30.27519067485812]]]}},{"type":"Feature","properties":{"GlobalID":"{AF02132C-9D84-4BD2-87A4-2946A1871302}","Room_Id":94,"Room_type":"غرفةمحابس","Room_contents":"ثلاث محابس","sectors":"القطاع الثاني عشر","Implementing":null,"Start":null,"End_":null,"GL":161.87,"IL":160.27,"Depth":1.5999999999999943,"diameter":"(100/100/100)","dimention":null,"Fault_statement":null,"Manufacturing_material":"بولى إيثيلين عالى الكثافة (HDPE)","TYPE":null,"material":"مواسير بي في سي","diameter2":"100-100-100مم","SHAPE_Length":45.382381926585815,"SHAPE_Area":128.61583824450017,"__networkId":"water","__networkName":"شبكة المياه","__layerId":"water_rooms","__layerName":"غرف المياه","__assetName":"غرف المياه","__geometryKind":"polygon","__featureIndex":93,"__length_m":45.38,"__area_m2":128.62,"__typeValue":"غرفةمحابس"},"geometry":{"type":"Polygon","coordinates":[[[31.53276993890188,30.27848561734886],[31.532810973045727,30.278407813637838],[31.532715728269405,30.278369973791687],[31.532674694125557,30.278447775981174],[31.53276993890188,30.27848561734886]]]}},{"type":"Feature","properties":{"GlobalID":"{B410D458-C80A-4077-BF3E-544232276B21}","Room_Id":95,"Room_type":"غرفةمحابس","Room_contents":"اربع محابس","sectors":"القطاع الثالث عشر","Implementing":null,"Start":null,"End_":null,"GL":152.92,"IL":151.32,"Depth":1.5999999999999943,"diameter":"(100/100/100/100)","dimention":null,"Fault_statement":null,"Manufacturing_material":"بولى إيثيلين عالى الكثافة (HDPE)","TYPE":null,"material":"مواسير بي في سي","diameter2":"100-100-100-100مم","SHAPE_Length":64.18991643015802,"SHAPE_Area":244.35257392227163,"__networkId":"water","__networkName":"شبكة المياه","__layerId":"water_rooms","__layerName":"غرف المياه","__assetName":"غرف المياه","__geometryKind":"polygon","__featureIndex":94,"__length_m":64.19,"__area_m2":244.35,"__typeValue":"غرفةمحابس"},"geometry":{"type":"Polygon","coordinates":[[[31.525269643184984,30.27600002701676],[31.525166180620488,30.275963993060596],[31.525100641333985,30.27610575799056],[31.525204104796813,30.276141791894666],[31.525269643184984,30.27600002701676]]]}},{"type":"Feature","properties":{"GlobalID":"{213BDD13-894B-48C1-89BD-9F71FA8B0667}","Room_Id":96,"Room_type":"غرفةمحابس","Room_contents":"ثلاث محابس","sectors":"القطاع الثاني عشر","Implementing":null,"Start":null,"End_":null,"GL":159.2,"IL":157.6,"Depth":1.5999999999999943,"diameter":" (400/300/300)","dimention":null,"Fault_statement":null,"Manufacturing_material":"بولى إيثيلين عالى الكثافة (HDPE)","TYPE":null,"material":"مواسير بي في سي","diameter2":"400-300-300مم","SHAPE_Length":29.08952622162117,"SHAPE_Area":52.67389892299667,"__networkId":"water","__networkName":"شبكة المياه","__layerId":"water_rooms","__layerName":"غرف المياه","__assetName":"غرف المياه","__geometryKind":"polygon","__featureIndex":95,"__length_m":29.09,"__area_m2":52.67,"__typeValue":"غرفةمحابس"},"geometry":{"type":"Polygon","coordinates":[[[31.528690470906046,30.279314895012494],[31.52869822875685,30.27926248897011],[31.528629319889735,30.279254805789204],[31.528621562937268,30.279307209508406],[31.528690470906046,30.279314895012494]]]}},{"type":"Feature","properties":{"GlobalID":"{CC0CEF81-873F-4495-9807-681C16E40CE5}","Room_Id":97,"Room_type":"غرفةمحابس","Room_contents":"اربع محابس ","sectors":"القطاع الثاني عشر","Implementing":null,"Start":null,"End_":null,"GL":154.5,"IL":152.9,"Depth":1.5999999999999943,"diameter":" (300/200/150/150)","dimention":null,"Fault_statement":null,"Manufacturing_material":"بولى إيثيلين عالى الكثافة (HDPE)","TYPE":null,"material":"مواسير بي في سي","diameter2":"300-200-150-150مم","SHAPE_Length":44.365504771663055,"SHAPE_Area":122.58497650359132,"__networkId":"water","__networkName":"شبكة المياه","__layerId":"water_rooms","__layerName":"غرف المياه","__assetName":"غرف المياه","__geometryKind":"polygon","__featureIndex":96,"__length_m":44.37,"__area_m2":122.58,"__typeValue":"غرفةمحابس"},"geometry":{"type":"Polygon","coordinates":[[[31.52873425838627,30.279204405845316],[31.528746144894125,30.27912412413019],[31.528641462417436,30.279112449619404],[31.528629578604534,30.27919273134409],[31.52873425838627,30.279204405845316]]]}},{"type":"Feature","properties":{"GlobalID":"{CF824B0D-F869-4499-9063-DBCEEF2DCCC0}","Room_Id":98,"Room_type":"غرفةمحابس","Room_contents":"ثلاث محابس","sectors":"القطاع الثاني عشر","Implementing":null,"Start":null,"End_":null,"GL":159.77,"IL":158.17,"Depth":1.6000000000000227,"diameter":"(200/150/100)","dimention":null,"Fault_statement":null,"Manufacturing_material":"بولى إيثيلين عالى الكثافة (HDPE)","TYPE":null,"material":"مواسير بي في سي","diameter2":"200-150-100مم","SHAPE_Length":42.405016305913314,"SHAPE_Area":111.93266886217418,"__networkId":"water","__networkName":"شبكة المياه","__layerId":"water_rooms","__layerName":"غرف المياه","__assetName":"غرف المياه","__geometryKind":"polygon","__featureIndex":97,"__length_m":42.41,"__area_m2":111.93,"__typeValue":"غرفةمحابس"},"geometry":{"type":"Polygon","coordinates":[[[31.533207236985554,30.27971396788354],[31.533218542283397,30.279637574706776],[31.533118090871696,30.279626377351015],[31.533106786472157,30.279702770536563],[31.533207236985554,30.27971396788354]]]}},{"type":"Feature","properties":{"GlobalID":"{AE7B7962-3E63-470B-9BAE-393BB9DCB23C}","Room_Id":99,"Room_type":"غرفةمحابس","Room_contents":"ثلاث محابس","sectors":"القطاع الثالث عشر","Implementing":null,"Start":null,"End_":null,"GL":154.16,"IL":152.56,"Depth":1.5999999999999943,"diameter":" (400/400/250)","dimention":null,"Fault_statement":null,"Manufacturing_material":"بولى إيثيلين عالى الكثافة (HDPE)","TYPE":null,"material":"مواسير بي في سي","diameter2":"400-400-250مم","SHAPE_Length":46.596218949163145,"SHAPE_Area":135.55184342331836,"__networkId":"water","__networkName":"شبكة المياه","__layerId":"water_rooms","__layerName":"غرف المياه","__assetName":"غرف المياه","__geometryKind":"polygon","__featureIndex":98,"__length_m":46.6,"__area_m2":135.55,"__typeValue":"غرفةمحابس"},"geometry":{"type":"Polygon","coordinates":[[[31.516706231753567,30.277782194060674],[31.516718459621224,30.27769545360789],[31.516611160352117,30.27768405975875],[31.516598932484463,30.27777080022161],[31.516706231753567,30.277782194060674]]]}},{"type":"Feature","properties":{"GlobalID":"{E1597C74-9F49-4BDE-92D1-696EFCDEE676}","Room_Id":100,"Room_type":"غرفةمحابس","Room_contents":"ثلاث محابس","sectors":"القطاع الثالث عشر","Implementing":null,"Start":null,"End_":null,"GL":153.75,"IL":152.15,"Depth":1.5999999999999943,"diameter":"(200/600/500)","dimention":null,"Fault_statement":null,"Manufacturing_material":"بولى إيثيلين عالى الكثافة (HDPE)","TYPE":null,"material":"مواسير بي في سي","diameter2":"200-600-500مم","SHAPE_Length":67.65024898163438,"SHAPE_Area":285.7074035387927,"__networkId":"water","__networkName":"شبكة المياه","__layerId":"water_rooms","__layerName":"غرف المياه","__assetName":"غرف المياه","__geometryKind":"polygon","__featureIndex":99,"__length_m":67.65,"__area_m2":285.71,"__typeValue":"غرفةمحابس"},"geometry":{"type":"Polygon","coordinates":[[[31.518294719077232,30.27219780846946],[31.51835023855505,30.27208043983304],[31.51820505912704,30.272028700238327],[31.518149541445855,30.272146068160776],[31.518294719077232,30.27219780846946]]]}},{"type":"Feature","properties":{"GlobalID":"{7C140FD0-B8A8-4E7C-9743-C7CB9D18E9F9}","Room_Id":101,"Room_type":"غرفةمحابس","Room_contents":"ثلاث محابس ","sectors":"القطاع الثاني عشر","Implementing":null,"Start":null,"End_":null,"GL":165.15,"IL":163.55,"Depth":1.5999999999999943,"diameter":"(300/200/150)","dimention":null,"Fault_statement":null,"Manufacturing_material":"بولى إيثيلين عالى الكثافة (HDPE)","TYPE":null,"material":"مواسير بي في سي","diameter2":"300-200-150مم","SHAPE_Length":64.8314748884487,"SHAPE_Area":262.4812756426139,"__networkId":"water","__networkName":"شبكة المياه","__layerId":"water_rooms","__layerName":"غرف المياه","__assetName":"غرف المياه","__geometryKind":"polygon","__featureIndex":100,"__length_m":64.83,"__area_m2":262.48,"__typeValue":"غرفةمحابس"},"geometry":{"type":"Polygon","coordinates":[[[31.53587740550574,30.278445274116955],[31.535927391361394,30.278330993544966],[31.53578749402725,30.27828489556453],[31.535737505476636,30.27839917619014],[31.53587740550574,30.278445274116955]]]}},{"type":"Feature","properties":{"GlobalID":"{AADD6A5C-7609-4F81-9F11-13F2803252C9}","Room_Id":102,"Room_type":"غرفة غسيل","Room_contents":"محبس واحد","sectors":"القطاع الثالث عشر","Implementing":null,"Start":null,"End_":null,"GL":153.21,"IL":151.61,"Depth":1.5999999999999943,"diameter":"300","dimention":null,"Fault_statement":null,"Manufacturing_material":"بولى إيثيلين عالى الكثافة (HDPE)","TYPE":null,"material":"مواسير بي في سي","diameter2":"300","SHAPE_Length":64.92501509527676,"SHAPE_Area":263.21115517462545,"__networkId":"water","__networkName":"شبكة المياه","__layerId":"water_rooms","__layerName":"غرف المياه","__assetName":"غرف المياه","__geometryKind":"polygon","__featureIndex":101,"__length_m":64.93,"__area_m2":263.21,"__typeValue":"غرفة غسيل"},"geometry":{"type":"Polygon","coordinates":[[[31.516933533368235,30.276547006385808],[31.516952194071635,30.276425624369082],[31.51680333783917,30.276410890605458],[31.516784679830693,30.2765322726404],[31.516933533368235,30.276547006385808]]]}},{"type":"Feature","properties":{"GlobalID":"{5ACDBD28-3712-4D9E-A9B1-3DDCB6CA6684}","Room_Id":103,"Room_type":"غرفةمحابس","Room_contents":"ثلاث محابس","sectors":"القطاع الثالث عشر","Implementing":null,"Start":null,"End_":null,"GL":152.91,"IL":151.31,"Depth":1.5999999999999943,"diameter":"(400/300/150)","dimention":null,"Fault_statement":null,"Manufacturing_material":"بولى إيثيلين عالى الكثافة (HDPE)","TYPE":null,"material":"مواسير بي في سي","diameter2":"400-300-150مم","SHAPE_Length":62.38653020318687,"SHAPE_Area":242.07253661037345,"__networkId":"water","__networkName":"شبكة المياه","__layerId":"water_rooms","__layerName":"غرف المياه","__assetName":"غرف المياه","__geometryKind":"polygon","__featureIndex":102,"__length_m":62.39,"__area_m2":242.07,"__typeValue":"غرفةمحابس"},"geometry":{"type":"Polygon","coordinates":[[[31.516917350218385,30.27665879798642],[31.516933515401924,30.276547124305445],[31.516784679830693,30.2765322726404],[31.51676849668085,30.276644064257795],[31.516917350218385,30.27665879798642]]]}},{"type":"Feature","properties":{"GlobalID":"{EFA57A1F-376F-4F14-A273-B5F46C26F869}","Room_Id":104,"Room_type":"غرفة غسيل","Room_contents":"ثلاث محابس","sectors":"القطاع الثالث عشر","Implementing":null,"Start":null,"End_":null,"GL":149.9,"IL":148.3,"Depth":1.5999999999999943,"diameter":"400","dimention":null,"Fault_statement":null,"Manufacturing_material":"بولى إيثيلين عالى الكثافة (HDPE)","TYPE":null,"material":"مواسير بي في سي","diameter2":"400مم","SHAPE_Length":42.06884181034948,"SHAPE_Area":108.87561224692543,"__networkId":"water","__networkName":"شبكة المياه","__layerId":"water_rooms","__layerName":"غرف المياه","__assetName":"غرف المياه","__geometryKind":"polygon","__featureIndex":103,"__length_m":42.07,"__area_m2":108.88,"__typeValue":"غرفة غسيل"},"geometry":{"type":"Polygon","coordinates":[[[31.522251163693163,30.278474699915265],[31.52225164878343,30.278566510118036],[31.522334289297977,30.2785661811912],[31.522333804207747,30.278474370988075],[31.522251163693163,30.278474699915265]]]}},{"type":"Feature","properties":{"GlobalID":"{F680424C-7726-4A9B-92D4-83A2B9E3DB23}","Room_Id":105,"Room_type":"غرفةمحابس","Room_contents":"اتنين محبس","sectors":"القطاع الرابع عشر","Implementing":null,"Start":null,"End_":null,"GL":153.2,"IL":151.6,"Depth":1.5999999999999943,"diameter":"(600/300)","dimention":null,"Fault_statement":null,"Manufacturing_material":"بولى إيثيلين عالى الكثافة (HDPE)","TYPE":null,"material":"مواسير بي في سي","diameter2":"600-300مم","SHAPE_Length":82.9589235787407,"SHAPE_Area":429.6624554262817,"__networkId":"water","__networkName":"شبكة المياه","__layerId":"water_rooms","__layerName":"غرف المياه","__assetName":"غرف المياه","__geometryKind":"polygon","__featureIndex":104,"__length_m":82.96,"__area_m2":429.66,"__typeValue":"غرفةمحابس"},"geometry":{"type":"Polygon","coordinates":[[[31.51468418154121,30.277549309374866],[31.51449482925573,30.277519431795568],[31.514462765688297,30.27767250454646],[31.514652120668703,30.277702382854933],[31.51468418154121,30.277549309374866]]]}},{"type":"Feature","properties":{"GlobalID":"{EF0575D5-836C-4E00-AF01-6C3BFA83C25D}","Room_Id":106,"Room_type":"غرفةمحابس","Room_contents":"اتنين محبس","sectors":"القطاع الرابع عشر","Implementing":null,"Start":null,"End_":null,"GL":156.46,"IL":154.86,"Depth":1.5999999999999943,"diameter":"(250/250.)","dimention":null,"Fault_statement":null,"Manufacturing_material":"بولى إيثيلين عالى الكثافة (HDPE)","TYPE":null,"material":"مواسير بي في سي","diameter2":"250-250.مم","SHAPE_Length":82.95593481646567,"SHAPE_Area":429.63345036613794,"__networkId":"water","__networkName":"شبكة المياه","__layerId":"water_rooms","__layerName":"غرف المياه","__assetName":"غرف المياه","__geometryKind":"polygon","__featureIndex":105,"__length_m":82.96,"__area_m2":429.63,"__typeValue":"غرفةمحابس"},"geometry":{"type":"Polygon","coordinates":[[[31.514936090706435,30.27390894956009],[31.514910847148634,30.27406298140841],[31.515101380718704,30.27408650541055],[31.515126623378205,30.273932473599153],[31.514936090706435,30.27390894956009]]]}},{"type":"Feature","properties":{"GlobalID":"{E72282F7-186A-45B3-B7EA-2455E1B7850A}","Room_Id":107,"Room_type":"غرفةمحابس","Room_contents":"محبس واحد","sectors":"القطاع الرابع عشر","Implementing":null,"Start":null,"End_":null,"GL":153.17,"IL":151.57,"Depth":1.5999999999999943,"diameter":"300","dimention":null,"Fault_statement":null,"Manufacturing_material":"بولى إيثيلين عالى الكثافة (HDPE)","TYPE":null,"material":"مواسير بي في سي","diameter2":"300","SHAPE_Length":82.95770348067384,"SHAPE_Area":429.65118364884506,"__networkId":"water","__networkName":"شبكة المياه","__layerId":"water_rooms","__layerName":"غرف المياه","__assetName":"غرف المياه","__geometryKind":"polygon","__featureIndex":106,"__length_m":82.96,"__area_m2":429.65,"__typeValue":"غرفةمحابس"},"geometry":{"type":"Polygon","coordinates":[[[31.514526683515705,30.276412123332495],[31.51471684697987,30.2764378197531],[31.51474442166584,30.276284089534766],[31.51455425730335,30.276258393073906],[31.514526683515705,30.276412123332495]]]}},{"type":"Feature","properties":{"GlobalID":"{38096690-2295-4FF0-A027-E270A370E2C3}","Room_Id":108,"Room_type":"غرفةمحابس","Room_contents":"اتنين محبس","sectors":"القطاع الرابع عشر","Implementing":null,"Start":null,"End_":null,"GL":155.96,"IL":154.36,"Depth":1.5999999999999943,"diameter":"(200/200)","dimention":null,"Fault_statement":null,"Manufacturing_material":"بولى إيثيلين عالى الكثافة (HDPE)","TYPE":null,"material":"مواسير بي في سي","diameter2":"200-200مم","SHAPE_Length":82.95716797516172,"SHAPE_Area":429.621177518313,"__networkId":"water","__networkName":"شبكة المياه","__layerId":"water_rooms","__layerName":"غرف المياه","__assetName":"غرف المياه","__geometryKind":"polygon","__featureIndex":107,"__length_m":82.96,"__area_m2":429.62,"__typeValue":"غرفةمحابس"},"geometry":{"type":"Polygon","coordinates":[[[31.515400613133117,30.2729779588058],[31.515325631654655,30.27311927419759],[31.51550043302916,30.273189148633538],[31.515575414507616,30.273047833342336],[31.515400613133117,30.2729779588058]]]}},{"type":"Feature","properties":{"GlobalID":"{916B5EB4-8252-4604-AE5B-329C7A2FEEE1}","Room_Id":1,"Room_type":"غرف مياه","Room_contents":"2","sectors":"القطاع الرابع عشر","Implementing":null,"Start":null,"End_":null,"GL":null,"IL":null,"Depth":null,"diameter":"(200-150)","dimention":null,"Fault_statement":null,"Manufacturing_material":"بولى إيثيلين عالى الكثافة (HDPE)","TYPE":"محبس مياه","material":"مواسير بي في سي","diameter2":"(200-150)","SHAPE_Length":82.95381093274031,"SHAPE_Area":429.5992788177263,"__networkId":"water","__networkName":"شبكة المياه","__layerId":"water_rooms","__layerName":"غرف المياه","__assetName":"غرف المياه","__geometryKind":"polygon","__featureIndex":108,"__length_m":82.95,"__area_m2":429.6,"__typeValue":"غرف مياه"},"geometry":{"type":"Polygon","coordinates":[[[31.51065768989265,30.27046477141945],[31.51060259891122,30.270316721828078],[31.51041947105236,30.27036806276975],[31.510474562033785,30.270516114611237],[31.51065768989265,30.27046477141945]]]}},{"type":"Feature","properties":{"GlobalID":"{CCFFDBB9-E370-4A15-A575-01383AB1C4AC}","Room_Id":2,"Room_type":"غرف مياه","Room_contents":"2","sectors":"القطاع الرابع عشر","Implementing":null,"Start":null,"End_":null,"GL":null,"IL":null,"Depth":null,"diameter":"(200-110)","dimention":null,"Fault_statement":null,"Manufacturing_material":"بولى إيثيلين عالى الكثافة (HDPE)","TYPE":"محبس مياه","material":"مواسير بي في سي","diameter2":"(200-110)","SHAPE_Length":82.95994072497682,"SHAPE_Area":429.60494905257093,"__networkId":"water","__networkName":"شبكة المياه","__layerId":"water_rooms","__layerName":"غرف المياه","__assetName":"غرف المياه","__geometryKind":"polygon","__featureIndex":109,"__length_m":82.96,"__area_m2":429.6,"__typeValue":"غرف مياه"},"geometry":{"type":"Polygon","coordinates":[[[31.514165977589784,30.27067266005279],[31.51402465373095,30.27055927970814],[31.513902990400457,30.270673532865228],[31.514044315157587,30.270786913853755],[31.514165977589784,30.27067266005279]]]}},{"type":"Feature","properties":{"GlobalID":"{095A35D5-B624-4D8A-BA6F-7FBAA5C9F05A}","Room_Id":3,"Room_type":"غرف مياه","Room_contents":"2","sectors":"القطاع الرابع عشر","Implementing":null,"Start":null,"End_":null,"GL":null,"IL":null,"Depth":null,"diameter":"(100_100)","dimention":null,"Fault_statement":null,"Manufacturing_material":"بولى إيثيلين عالى الكثافة (HDPE)","TYPE":"محبس مياه","material":"مواسير بي في سي","diameter2":"(100_100)","SHAPE_Length":38.67311018510827,"SHAPE_Area":93.31071936932742,"__networkId":"water","__networkName":"شبكة المياه","__layerId":"water_rooms","__layerName":"غرف المياه","__assetName":"غرف المياه","__geometryKind":"polygon","__featureIndex":110,"__length_m":38.67,"__area_m2":93.31,"__typeValue":"غرف مياه"},"geometry":{"type":"Polygon","coordinates":[[[31.51201509099935,30.270907997942032],[31.511991091608223,30.270839189427047],[31.511904515574393,30.270861939145835],[31.511928514067222,30.270930748420653],[31.51201509099935,30.270907997942032]]]}},{"type":"Feature","properties":{"GlobalID":"{B00D4E66-C0F2-4463-97BA-0329CE547470}","Room_Id":4,"Room_type":"غرفه غسيل","Room_contents":"3","sectors":"القطاع الرابع عشر","Implementing":null,"Start":null,"End_":null,"GL":null,"IL":null,"Depth":null,"diameter":"(600-600-600)","dimention":null,"Fault_statement":null,"Manufacturing_material":"بولى إيثيلين عالى الكثافة (HDPE)","TYPE":"محبس غسيل","material":"مواسير بي في سي","diameter2":"(600-600)","SHAPE_Length":86.33862478343264,"SHAPE_Area":404.86368198369325,"__networkId":"water","__networkName":"شبكة المياه","__layerId":"water_rooms","__layerName":"غرف المياه","__assetName":"غرف المياه","__geometryKind":"polygon","__featureIndex":111,"__length_m":86.34,"__area_m2":404.86,"__typeValue":"غرفه غسيل"},"geometry":{"type":"Polygon","coordinates":[[[31.508488246803402,30.270911951578988],[31.50845329784726,30.270809450230757],[31.50819953635592,30.270872563386064],[31.508234485312062,30.27097506466839],[31.508488246803402,30.270911951578988]]]}},{"type":"Feature","properties":{"GlobalID":"{E72E3C9A-068B-4CD1-8EB3-E56A5B5D5D5A}","Room_Id":5,"Room_type":"غرف مياه","Room_contents":"2","sectors":"القطاع الرابع عشر","Implementing":null,"Start":null,"End_":null,"GL":null,"IL":null,"Depth":null,"diameter":"(200_150)","dimention":null,"Fault_statement":null,"Manufacturing_material":"بولى إيثيلين عالى الكثافة (HDPE)","TYPE":"محبس مياه","material":"مواسير بي في سي","diameter2":"(200_150)","SHAPE_Length":82.95503416113829,"SHAPE_Area":429.61156236665784,"__networkId":"water","__networkName":"شبكة المياه","__layerId":"water_rooms","__layerName":"غرف المياه","__assetName":"غرف المياه","__geometryKind":"polygon","__featureIndex":112,"__length_m":82.96,"__area_m2":429.61,"__typeValue":"غرف مياه"},"geometry":{"type":"Polygon","coordinates":[[[31.50690281105677,30.271329885641],[31.506719679604654,30.27138122217363],[31.506774767891123,30.27152927559037],[31.50695789934324,30.271477939135167],[31.50690281105677,30.271329885641]]]}},{"type":"Feature","properties":{"GlobalID":"{3087A3C8-A417-4120-A0F4-FA3339D365A1}","Room_Id":6,"Room_type":"غرف مياه","Room_contents":"2","sectors":"القطاع الرابع عشر","Implementing":null,"Start":null,"End_":null,"GL":null,"IL":null,"Depth":null,"diameter":"(600-600)","dimention":null,"Fault_statement":null,"Manufacturing_material":"بولى إيثيلين عالى الكثافة (HDPE)","TYPE":"محبس مياه","material":"مواسير بي في سي","diameter2":"(600)","SHAPE_Length":55.31181801021445,"SHAPE_Area":190.94246765295532,"__networkId":"water","__networkName":"شبكة المياه","__layerId":"water_rooms","__layerName":"غرف المياه","__assetName":"غرف المياه","__geometryKind":"polygon","__featureIndex":113,"__length_m":55.31,"__area_m2":190.94,"__typeValue":"غرف مياه"},"geometry":{"type":"Polygon","coordinates":[[[31.506742902851354,30.271260999838884],[31.50662891293003,30.27129212530376],[31.506667412926465,30.271398354775354],[31.50678140284782,30.271367230120006],[31.506742902851354,30.271260999838884]]]}},{"type":"Feature","properties":{"GlobalID":"{752AB0DE-C7AC-4EA0-B0CF-17D16EBA532F}","Room_Id":7,"Room_type":"غرف مياه","Room_contents":"2","sectors":"القطاع الرابع عشر","Implementing":null,"Start":null,"End_":null,"GL":null,"IL":null,"Depth":null,"diameter":"(200_150)","dimention":null,"Fault_statement":null,"Manufacturing_material":"بولى إيثيلين عالى الكثافة (HDPE)","TYPE":"محبس مياه","material":"مواسير بي في سي","diameter2":"(200_150)","SHAPE_Length":82.95511387992362,"SHAPE_Area":429.6128602156705,"__networkId":"water","__networkName":"شبكة المياه","__layerId":"water_rooms","__layerName":"غرف المياه","__assetName":"غرف المياه","__geometryKind":"polygon","__featureIndex":114,"__length_m":82.96,"__area_m2":429.61,"__typeValue":"غرف مياه"},"geometry":{"type":"Polygon","coordinates":[[[31.504825985171635,30.272058865767534],[31.504770901376723,30.271910811597877],[31.504587768127976,30.271962146275094],[31.50464285192286,30.27211019881565],[31.504825985171635,30.272058865767534]]]}},{"type":"Feature","properties":{"GlobalID":"{3F848F75-2AAB-497E-A81B-9E3C8D58FBF5}","Room_Id":8,"Room_type":"غرف مياه","Room_contents":"2","sectors":"القطاع الرابع عشر","Implementing":null,"Start":null,"End_":null,"GL":null,"IL":null,"Depth":null,"diameter":"(100_100)","dimention":null,"Fault_statement":null,"Manufacturing_material":"بولى إيثيلين عالى الكثافة (HDPE)","TYPE":"محبس مياه","material":"مواسير بي في سي","diameter2":"(100_100)","SHAPE_Length":82.95396392122527,"SHAPE_Area":429.61509630756905,"__networkId":"water","__networkName":"شبكة المياه","__layerId":"water_rooms","__layerName":"غرف المياه","__assetName":"غرف المياه","__geometryKind":"polygon","__featureIndex":115,"__length_m":82.95,"__area_m2":429.62,"__typeValue":"غرف مياه"},"geometry":{"type":"Polygon","coordinates":[[[31.511326646420112,30.272460157505584],[31.51131144243394,30.27230513629844],[31.51111968895168,30.272319305105448],[31.51113489293789,30.272474325514384],[31.511326646420112,30.272460157505584]]]}},{"type":"Feature","properties":{"GlobalID":"{07EBA583-C52A-4DD5-8CDD-E379DC3E828E}","Room_Id":9,"Room_type":"غرف مياه","Room_contents":"2","sectors":"القطاع الرابع عشر","Implementing":null,"Start":null,"End_":null,"GL":null,"IL":null,"Depth":null,"diameter":"(200_150)","dimention":null,"Fault_statement":null,"Manufacturing_material":"بولى إيثيلين عالى الكثافة (HDPE)","TYPE":"محبس مياه","material":"مواسير بي في سي","diameter2":"(200_150)","SHAPE_Length":82.9560865712044,"SHAPE_Area":429.6230279394325,"__networkId":"water","__networkName":"شبكة المياه","__layerId":"water_rooms","__layerName":"غرف المياه","__assetName":"غرف المياه","__geometryKind":"polygon","__featureIndex":116,"__length_m":82.96,"__area_m2":429.62,"__typeValue":"غرف مياه"},"geometry":{"type":"Polygon","coordinates":[[[31.501256576102595,30.272990222889923],[31.50120149679926,30.27284216702179],[31.50101836085552,30.272893496557014],[31.501073439260562,30.273041552347717],[31.501256576102595,30.272990222889923]]]}},{"type":"Feature","properties":{"GlobalID":"{1794DCC0-020F-45EA-848A-7312E1F3A369}","Room_Id":10,"Room_type":"غرف مياه","Room_contents":"2","sectors":"القطاع الرابع عشر","Implementing":null,"Start":null,"End_":null,"GL":null,"IL":null,"Depth":null,"diameter":"(600-400)","dimention":null,"Fault_statement":null,"Manufacturing_material":"بولى إيثيلين عالى الكثافة (HDPE)","TYPE":"محبس مياه","material":"مواسير بي في سي","diameter2":"(600-400)","SHAPE_Length":82.96814844962329,"SHAPE_Area":429.62439784824403,"__networkId":"water","__networkName":"شبكة المياه","__layerId":"water_rooms","__layerName":"غرف المياه","__assetName":"غرف المياه","__geometryKind":"polygon","__featureIndex":117,"__length_m":82.97,"__area_m2":429.62,"__typeValue":"غرف مياه"},"geometry":{"type":"Polygon","coordinates":[[[31.499151643728844,30.273396524116208],[31.499090859225138,30.273238034176256],[31.498920787480593,30.273287173385434],[31.49898157198429,30.273445663245987],[31.499151643728844,30.273396524116208]]]}},{"type":"Feature","properties":{"GlobalID":"{3F3ADD24-1811-47CE-912E-5A097996D3E5}","Room_Id":11,"Room_type":"غرف مياه","Room_contents":"3","sectors":"القطاع الرابع عشر","Implementing":null,"Start":null,"End_":null,"GL":null,"IL":null,"Depth":null,"diameter":"(150-150-150)","dimention":null,"Fault_statement":null,"Manufacturing_material":"بولى إيثيلين عالى الكثافة (HDPE)","TYPE":"محبس مياه","material":"مواسير بي في سي","diameter2":"(150-150-150)","SHAPE_Length":96.29259740375363,"SHAPE_Area":549.756398636912,"__networkId":"water","__networkName":"شبكة المياه","__layerId":"water_rooms","__layerName":"غرف المياه","__assetName":"غرف المياه","__geometryKind":"polygon","__featureIndex":118,"__length_m":96.29,"__area_m2":549.76,"__typeValue":"غرف مياه"},"geometry":{"type":"Polygon","coordinates":[[[31.50925803383161,30.273265327274867],[31.509094065241108,30.27323686502605],[31.509042301619495,30.273461546431275],[31.509206271108326,30.273490006287474],[31.50925803383161,30.273265327274867]]]}},{"type":"Feature","properties":{"GlobalID":"{C3FCA896-3A3F-49B2-9430-28F7A506C63E}","Room_Id":12,"Room_type":"غرف مياه","Room_contents":"4","sectors":"القطاع الرابع عشر","Implementing":null,"Start":null,"End_":null,"GL":null,"IL":null,"Depth":null,"diameter":"(150-150-150-150)","dimention":null,"Fault_statement":null,"Manufacturing_material":"بولى إيثيلين عالى الكثافة (HDPE)","TYPE":"محبس مياه","material":"مواسير بي في سي","diameter2":"(150-150-150-100)","SHAPE_Length":96.29662275211325,"SHAPE_Area":549.7584580081219,"__networkId":"water","__networkName":"شبكة المياه","__layerId":"water_rooms","__layerName":"غرف المياه","__assetName":"غرف المياه","__geometryKind":"polygon","__featureIndex":119,"__length_m":96.3,"__area_m2":549.76,"__typeValue":"غرف مياه"},"geometry":{"type":"Polygon","coordinates":[[[31.50735726247079,30.27337608302538],[31.507190264761178,30.273368680227595],[31.5071767954218,30.273597509588246],[31.507343794029747,30.27360491392042],[31.50735726247079,30.27337608302538]]]}},{"type":"Feature","properties":{"GlobalID":"{57155F5C-2FA1-4E5C-B086-1225304547F8}","Room_Id":13,"Room_type":"غرف مياه","Room_contents":"3","sectors":"القطاع الرابع عشر","Implementing":null,"Start":null,"End_":null,"GL":null,"IL":null,"Depth":null,"diameter":"(150-150-150)","dimention":null,"Fault_statement":null,"Manufacturing_material":"بولى إيثيلين عالى الكثافة (HDPE)","TYPE":"محبس مياه","material":"مواسير بي في سي","diameter2":"(150-150-100)","SHAPE_Length":96.29657364703438,"SHAPE_Area":549.7661089035527,"__networkId":"water","__networkName":"شبكة المياه","__layerId":"water_rooms","__layerName":"غرف المياه","__assetName":"غرف المياه","__geometryKind":"polygon","__featureIndex":120,"__length_m":96.3,"__area_m2":549.77,"__typeValue":"غرف مياه"},"geometry":{"type":"Polygon","coordinates":[[[31.511023256602563,30.273442503366184],[31.510856769136034,30.27342895614635],[31.510832129246083,30.273657084810285],[31.510998616712644,30.273670632774472],[31.511023256602563,30.273442503366184]]]}},{"type":"Feature","properties":{"GlobalID":"{B31E8C48-652C-4C9C-9D9D-D9956B8C15CB}","Room_Id":14,"Room_type":"غرف مياه","Room_contents":"3","sectors":"القطاع الرابع عشر","Implementing":null,"Start":null,"End_":null,"GL":null,"IL":null,"Depth":null,"diameter":"(150-150-150)","dimention":null,"Fault_statement":null,"Manufacturing_material":"بولى إيثيلين عالى الكثافة (HDPE)","TYPE":"محبس مياه","material":"مواسير بي في سي","diameter2":"(150-100)","SHAPE_Length":96.19141103004162,"SHAPE_Area":549.7639363746594,"__networkId":"water","__networkName":"شبكة المياه","__layerId":"water_rooms","__layerName":"غرف المياه","__assetName":"غرف المياه","__geometryKind":"polygon","__featureIndex":121,"__length_m":96.19,"__area_m2":549.76,"__typeValue":"غرف مياه"},"geometry":{"type":"Polygon","coordinates":[[[31.511774311062165,30.273546407733722],[31.511513230996208,30.273512523424458],[31.511488504867998,30.273656067723746],[31.51174958493399,30.273689951207622],[31.511774311062165,30.273546407733722]]]}},{"type":"Feature","properties":{"GlobalID":"{DC742C16-8190-4585-9A8C-1AA95518A75A}","Room_Id":15,"Room_type":"غرف مياه","Room_contents":"3","sectors":"القطاع الرابع عشر","Implementing":null,"Start":null,"End_":null,"GL":null,"IL":null,"Depth":null,"diameter":"(150-150-150)","dimention":null,"Fault_statement":null,"Manufacturing_material":"بولى إيثيلين عالى الكثافة (HDPE)","TYPE":"محبس مياه","material":"مواسير بي في سي","diameter2":"(150-150-150)","SHAPE_Length":96.18963880386161,"SHAPE_Area":549.7597888555392,"__networkId":"water","__networkName":"شبكة المياه","__layerId":"water_rooms","__layerName":"غرف المياه","__assetName":"غرف المياه","__geometryKind":"polygon","__featureIndex":122,"__length_m":96.19,"__area_m2":549.76,"__typeValue":"غرف مياه"},"geometry":{"type":"Polygon","coordinates":[[[31.505400317658648,30.27375984773581],[31.505384386037086,30.27361536951297],[31.505121606358593,30.27363719925363],[31.50513753618352,30.273781678220157],[31.505400317658648,30.27375984773581]]]}},{"type":"Feature","properties":{"GlobalID":"{3D311CB7-795D-4731-9784-FFEC58DC3001}","Room_Id":16,"Room_type":"غرف مياه","Room_contents":"2","sectors":"القطاع الرابع عشر","Implementing":null,"Start":null,"End_":null,"GL":null,"IL":null,"Depth":null,"diameter":"(800-600)","dimention":null,"Fault_statement":null,"Manufacturing_material":"بولى إيثيلين عالى الكثافة (HDPE)","TYPE":"محبس مياه","material":"مواسير بي في سي","diameter2":"(800-600)","SHAPE_Length":82.95725105563129,"SHAPE_Area":429.63508177229994,"__networkId":"water","__networkName":"شبكة المياه","__layerId":"water_rooms","__layerName":"غرف المياه","__assetName":"غرف المياه","__geometryKind":"polygon","__featureIndex":123,"__length_m":82.96,"__area_m2":429.64,"__typeValue":"غرف مياه"},"geometry":{"type":"Polygon","coordinates":[[[31.497724169538387,30.273858767200355],[31.497669092930014,30.273710709539085],[31.49748595249472,30.273762032413646],[31.497541026408175,30.273910089997443],[31.497724169538387,30.273858767200355]]]}},{"type":"Feature","properties":{"GlobalID":"{9EB701C0-17A7-43CB-8DE9-9E2F2D3FEB4B}","Room_Id":17,"Room_type":"غرف مياه","Room_contents":"3","sectors":"القطاع الرابع عشر","Implementing":null,"Start":null,"End_":null,"GL":null,"IL":null,"Depth":null,"diameter":"(150-100-100)","dimention":null,"Fault_statement":null,"Manufacturing_material":"بولى إيثيلين عالى الكثافة (HDPE)","TYPE":"محبس مياه","material":"مواسير بي في سي","diameter2":"(150-100-100)","SHAPE_Length":96.29620661322441,"SHAPE_Area":549.7622855676175,"__networkId":"water","__networkName":"شبكة المياه","__layerId":"water_rooms","__layerName":"غرف المياه","__assetName":"غرف المياه","__geometryKind":"polygon","__featureIndex":124,"__length_m":96.3,"__area_m2":549.76,"__typeValue":"غرف مياه"},"geometry":{"type":"Polygon","coordinates":[[[31.51311715407137,30.273696682906085],[31.512950666604805,30.273683138048785],[31.512926031206476,30.27391126612196],[31.513092518673037,30.27392481017201],[31.51311715407137,30.273696682906085]]]}},{"type":"Feature","properties":{"GlobalID":"{37EC7B2A-0210-4E8B-B264-532E3BAA3C83}","Room_Id":18,"Room_type":"غرف مياه","Room_contents":"2","sectors":"القطاع الرابع عشر","Implementing":null,"Start":null,"End_":null,"GL":null,"IL":null,"Depth":null,"diameter":"(150-150)","dimention":null,"Fault_statement":null,"Manufacturing_material":"بولى إيثيلين عالى الكثافة (HDPE)","TYPE":"محبس مياه","material":"مواسير بي في سي","diameter2":"(150-150)","SHAPE_Length":82.97029212003693,"SHAPE_Area":429.63581470397867,"__networkId":"water","__networkName":"شبكة المياه","__layerId":"water_rooms","__layerName":"غرف المياه","__assetName":"غرف المياه","__geometryKind":"polygon","__featureIndex":125,"__length_m":82.97,"__area_m2":429.64,"__typeValue":"غرف مياه"},"geometry":{"type":"Polygon","coordinates":[[[31.50374561821035,30.274071222024812],[31.503715286594783,30.273906269144362],[31.503538276262987,30.273930789321014],[31.50356861057351,30.274095744487596],[31.50374561821035,30.274071222024812]]]}},{"type":"Feature","properties":{"GlobalID":"{C1128AA1-A867-4F99-862A-A1D1A580AD74}","Room_Id":19,"Room_type":"غرف مياه","Room_contents":"3","sectors":"القطاع الرابع عشر","Implementing":null,"Start":null,"End_":null,"GL":null,"IL":null,"Depth":null,"diameter":"(150-150-150)","dimention":null,"Fault_statement":null,"Manufacturing_material":"بولى إيثيلين عالى الكثافة (HDPE)","TYPE":"محبس مياه","material":"مواسير بي في سي","diameter2":"(150-150-150)","SHAPE_Length":96.1987200101043,"SHAPE_Area":549.7696679035599,"__networkId":"water","__networkName":"شبكة المياه","__layerId":"water_rooms","__layerName":"غرف المياه","__assetName":"غرف المياه","__geometryKind":"polygon","__featureIndex":126,"__length_m":96.2,"__area_m2":549.77,"__typeValue":"غرف مياه"},"geometry":{"type":"Polygon","coordinates":[[[31.501784070430674,30.27427314871819],[31.50173564135538,30.274134229900717],[31.50148297041879,30.2742005884398],[31.501531399494077,30.274339507163408],[31.501784070430674,30.27427314871819]]]}},{"type":"Feature","properties":{"GlobalID":"{6CDC7BF2-A992-4695-83BB-ABABD9072533}","Room_Id":20,"Room_type":"غرف مياه","Room_contents":"2","sectors":"القطاع الرابع عشر","Implementing":null,"Start":null,"End_":null,"GL":null,"IL":null,"Depth":null,"diameter":"(200_150)","dimention":null,"Fault_statement":null,"Manufacturing_material":"بولى إيثيلين عالى الكثافة (HDPE)","TYPE":"محبس مياه","material":"مواسير بي في سي","diameter2":"(200_150)","SHAPE_Length":82.97033044938692,"SHAPE_Area":429.63844511939476,"__networkId":"water","__networkName":"شبكة المياه","__layerId":"water_rooms","__layerName":"غرف المياه","__assetName":"غرف المياه","__geometryKind":"polygon","__featureIndex":127,"__length_m":82.97,"__area_m2":429.64,"__typeValue":"غرف مياه"},"geometry":{"type":"Polygon","coordinates":[[[31.498154486813984,30.274885268471106],[31.498117510360263,30.274721340240713],[31.49794159956638,30.27475123263625],[31.497978576020106,30.27491516081672],[31.498154486813984,30.274885268471106]]]}},{"type":"Feature","properties":{"GlobalID":"{1EE80EA9-2338-4E62-8A62-D7C7502F8635}","Room_Id":21,"Room_type":"غرف مياه","Room_contents":"2","sectors":"القطاع الرابع عشر","Implementing":null,"Start":null,"End_":null,"GL":null,"IL":null,"Depth":null,"diameter":"(150-150)","dimention":null,"Fault_statement":null,"Manufacturing_material":"بولى إيثيلين عالى الكثافة (HDPE)","TYPE":"محبس مياه","material":"مواسير بي في سي","diameter2":"(150-150)","SHAPE_Length":82.95673993654478,"SHAPE_Area":429.6406414685272,"__networkId":"water","__networkName":"شبكة المياه","__layerId":"water_rooms","__layerName":"غرف المياه","__assetName":"غرف المياه","__geometryKind":"polygon","__featureIndex":128,"__length_m":82.96,"__area_m2":429.64,"__typeValue":"غرف مياه"},"geometry":{"type":"Polygon","coordinates":[[[31.510955926973715,30.27476534833567],[31.51076607432661,30.274737987383713],[31.510736711993253,30.274891468664574],[31.51092656643698,30.274918828797983],[31.510955926973715,30.27476534833567]]]}},{"type":"Feature","properties":{"GlobalID":"{98145AC2-DBA7-40CE-9327-62D8F73F7888}","Room_Id":22,"Room_type":"غرف مياه","Room_contents":"2","sectors":"القطاع الرابع عشر","Implementing":null,"Start":null,"End_":null,"GL":null,"IL":null,"Depth":null,"diameter":"(150-150)","dimention":null,"Fault_statement":null,"Manufacturing_material":"بولى إيثيلين عالى الكثافة (HDPE)","TYPE":"محبس مياه","material":"مواسير بي في سي","diameter2":"(150-100)","SHAPE_Length":82.95632999784004,"SHAPE_Area":429.6375485269797,"__networkId":"water","__networkName":"شبكة المياه","__layerId":"water_rooms","__layerName":"غرف المياه","__assetName":"غرف المياه","__geometryKind":"polygon","__featureIndex":129,"__length_m":82.96,"__area_m2":429.64,"__typeValue":"غرف مياه"},"geometry":{"type":"Polygon","coordinates":[[[31.51292278110178,30.27499528771194],[31.512732246633377,30.274971761600217],[31.512707001278947,30.275125791780624],[31.512897533950717,30.27514931863123],[31.51292278110178,30.27499528771194]]]}},{"type":"Feature","properties":{"GlobalID":"{793EAADF-E0D6-4633-9394-803C813066BF}","Room_Id":23,"Room_type":"غرف مياه","Room_contents":"3","sectors":"القطاع الرابع عشر","Implementing":null,"Start":null,"End_":null,"GL":null,"IL":null,"Depth":null,"diameter":"(150-150-150)","dimention":null,"Fault_statement":null,"Manufacturing_material":"بولى إيثيلين عالى الكثافة (HDPE)","TYPE":"محبس مياه","material":"مواسير بي في سي","diameter2":"(150-150-100)","SHAPE_Length":82.95685757061749,"SHAPE_Area":429.64105816020077,"__networkId":"water","__networkName":"شبكة المياه","__layerId":"water_rooms","__layerName":"غرف المياه","__assetName":"غرف المياه","__geometryKind":"polygon","__featureIndex":130,"__length_m":82.96,"__area_m2":429.64,"__typeValue":"غرف مياه"},"geometry":{"type":"Polygon","coordinates":[[[31.509524784961975,30.275077332315604],[31.509335438964705,30.275047447001636],[31.509303368210727,30.275200518953298],[31.50949271690296,30.27523040422072],[31.509524784961975,30.275077332315604]]]}},{"type":"Feature","properties":{"GlobalID":"{94BF85E5-D001-4360-B8FC-DDAA390E8F47}","Room_Id":24,"Room_type":"غرف مياه","Room_contents":"3","sectors":"القطاع الرابع عشر","Implementing":null,"Start":null,"End_":null,"GL":null,"IL":null,"Depth":null,"diameter":"(200-150-150)","dimention":null,"Fault_statement":null,"Manufacturing_material":"بولى إيثيلين عالى الكثافة (HDPE)","TYPE":"محبس مياه","material":"مواسير بي في سي","diameter2":"(200-150-150)","SHAPE_Length":96.19163518084707,"SHAPE_Area":549.7828240799329,"__networkId":"water","__networkName":"شبكة المياه","__layerId":"water_rooms","__layerName":"غرف المياه","__assetName":"غرف المياه","__geometryKind":"polygon","__featureIndex":131,"__length_m":96.19,"__area_m2":549.78,"__typeValue":"غرف مياه"},"geometry":{"type":"Polygon","coordinates":[[[31.51087905364326,30.275224943383492],[31.510616321575515,30.275202639207883],[31.51060004410254,30.27534709026877],[31.51086277706866,30.275369393635742],[31.51087905364326,30.275224943383492]]]}},{"type":"Feature","properties":{"GlobalID":"{ED5837D6-02A2-4907-B652-8DD7A21A8334}","Room_Id":25,"Room_type":"غرف مياه","Room_contents":"2","sectors":"القطاع الرابع عشر","Implementing":null,"Start":null,"End_":null,"GL":null,"IL":null,"Depth":null,"diameter":"(250-150)","dimention":null,"Fault_statement":null,"Manufacturing_material":"بولى إيثيلين عالى الكثافة (HDPE)","TYPE":"محبس مياه","material":"مواسير بي في سي","diameter2":"(250-150)","SHAPE_Length":82.95669831532359,"SHAPE_Area":429.6413275273685,"__networkId":"water","__networkName":"شبكة المياه","__layerId":"water_rooms","__layerName":"غرف المياه","__assetName":"غرف المياه","__geometryKind":"polygon","__featureIndex":132,"__length_m":82.96,"__area_m2":429.64,"__typeValue":"غرف مياه"},"geometry":{"type":"Polygon","coordinates":[[[31.51492605023651,30.275256850370663],[31.514735515768113,30.275233325873213],[31.51471027131198,30.275387356418936],[31.514900806678707,30.275410881655226],[31.51492605023651,30.275256850370663]]]}},{"type":"Feature","properties":{"GlobalID":"{810F02C1-6796-4B4B-8F35-80652857DB9D}","Room_Id":26,"Room_type":"غرف مياه","Room_contents":"2","sectors":"القطاع الرابع عشر","Implementing":null,"Start":null,"End_":null,"GL":null,"IL":null,"Depth":null,"diameter":"(150_150)","dimention":null,"Fault_statement":null,"Manufacturing_material":"بولى إيثيلين عالى الكثافة (HDPE)","TYPE":"محبس مياه","material":"مواسير بي في سي","diameter2":"(150_110)","SHAPE_Length":82.97114663017513,"SHAPE_Area":429.6424241784824,"__networkId":"water","__networkName":"شبكة المياه","__layerId":"water_rooms","__layerName":"غرف المياه","__assetName":"غرف المياه","__geometryKind":"polygon","__featureIndex":133,"__length_m":82.97,"__area_m2":429.64,"__typeValue":"غرف مياه"},"geometry":{"type":"Polygon","coordinates":[[[31.505110578640153,30.27553112373264],[31.504932105851083,30.27551663964072],[31.504914190749368,30.275682955987424],[31.505092663538438,30.275697436951628],[31.505110578640153,30.27553112373264]]]}},{"type":"Feature","properties":{"GlobalID":"{E596F676-6727-43F3-B3C8-D2ECDE2B9192}","Room_Id":27,"Room_type":"غرف مياه","Room_contents":"2","sectors":"القطاع الرابع عشر","Implementing":null,"Start":null,"End_":null,"GL":null,"IL":null,"Depth":null,"diameter":"(200_150)","dimention":null,"Fault_statement":null,"Manufacturing_material":"بولى إيثيلين عالى الكثافة (HDPE)","TYPE":"محبس مياه","material":"مواسير بي في سي","diameter2":"(200_150)","SHAPE_Length":82.97163092894607,"SHAPE_Area":429.64790552023373,"__networkId":"water","__networkName":"شبكة المياه","__layerId":"water_rooms","__layerName":"غرف المياه","__assetName":"غرف المياه","__geometryKind":"polygon","__featureIndex":134,"__length_m":82.97,"__area_m2":429.65,"__typeValue":"غرف مياه"},"geometry":{"type":"Polygon","coordinates":[[[31.50195633765776,30.275922258573175],[31.50177811729527,30.27590558835729],[31.501757497366267,30.27607166820453],[31.50193571862705,30.276088336064845],[31.50195633765776,30.275922258573175]]]}},{"type":"Feature","properties":{"GlobalID":"{65C2DFD6-1D52-426A-B277-553A73BD3575}","Room_Id":28,"Room_type":"غرف مياه","Room_contents":"2","sectors":"القطاع الرابع عشر","Implementing":null,"Start":null,"End_":null,"GL":null,"IL":null,"Depth":null,"diameter":"(150_100)","dimention":null,"Fault_statement":null,"Manufacturing_material":"بولى إيثيلين عالى الكثافة (HDPE)","TYPE":"محبس مياه","material":"مواسير بي في سي","diameter2":"(150_100)","SHAPE_Length":82.95726317365933,"SHAPE_Area":429.64713012676407,"__networkId":"water","__networkName":"شبكة المياه","__layerId":"water_rooms","__layerName":"غرف المياه","__assetName":"غرف المياه","__geometryKind":"polygon","__featureIndex":135,"__length_m":82.96,"__area_m2":429.65,"__typeValue":"غرف مياه"},"geometry":{"type":"Polygon","coordinates":[[[31.512817328768868,30.27606240448817],[31.51262679250388,30.27603887863224],[31.512601545352787,30.276192907913735],[31.512792081617814,30.276216435284283],[31.512817328768868,30.27606240448817]]]}},{"type":"Feature","properties":{"GlobalID":"{09DFD1C6-F5DC-4BF3-B298-EB856419FFDB}","Room_Id":29,"Room_type":"غرف مياه","Room_contents":"3","sectors":"القطاع الرابع عشر","Implementing":null,"Start":null,"End_":null,"GL":null,"IL":null,"Depth":null,"diameter":"(200_200-150)","dimention":null,"Fault_statement":null,"Manufacturing_material":"بولى إيثيلين عالى الكثافة (HDPE)","TYPE":"محبس مياه","material":"مواسير بي في سي","diameter2":"(200_150)","SHAPE_Length":82.95740341901413,"SHAPE_Area":429.64632321934084,"__networkId":"water","__networkName":"شبكة المياه","__layerId":"water_rooms","__layerName":"غرف المياه","__assetName":"غرف المياه","__geometryKind":"polygon","__featureIndex":136,"__length_m":82.96,"__area_m2":429.65,"__typeValue":"غرف مياه"},"geometry":{"type":"Polygon","coordinates":[[[31.503256973323342,30.276092963655078],[31.503224894484557,30.276246032424517],[31.503414241380124,30.276275926683038],[31.50344632201557,30.276122857960218],[31.503256973323342,30.276092963655078]]]}},{"type":"Feature","properties":{"GlobalID":"{87F25C9C-D299-4B79-B9D4-1FD0ADDB72B9}","Room_Id":30,"Room_type":"غرف مياه","Room_contents":"3","sectors":"القطاع الرابع عشر","Implementing":null,"Start":null,"End_":null,"GL":null,"IL":null,"Depth":null,"diameter":"(200-200-150)","dimention":null,"Fault_statement":null,"Manufacturing_material":"بولى إيثيلين عالى الكثافة (HDPE)","TYPE":"محبس مياه","material":"مواسير بي في سي","diameter2":"(200_150)","SHAPE_Length":82.95830678180151,"SHAPE_Area":429.6539156626437,"__networkId":"water","__networkName":"شبكة المياه","__layerId":"water_rooms","__layerName":"غرف المياه","__assetName":"غرف المياه","__geometryKind":"polygon","__featureIndex":137,"__length_m":82.96,"__area_m2":429.65,"__typeValue":"غرف مياه"},"geometry":{"type":"Polygon","coordinates":[[[31.503341469757288,30.276098315833305],[31.503309389121846,30.276251386921803],[31.503498738712405,30.276281281178687],[31.503530818449516,30.276128210136818],[31.503341469757288,30.276098315833305]]]}},{"type":"Feature","properties":{"GlobalID":"{BB9C7C98-7859-4472-9BFC-E584AEF55056}","Room_Id":31,"Room_type":"غرف مياه","Room_contents":"2","sectors":"القطاع الرابع عشر","Implementing":null,"Start":null,"End_":null,"GL":null,"IL":null,"Depth":null,"diameter":"(200_200)","dimention":null,"Fault_statement":null,"Manufacturing_material":"بولى إيثيلين عالى الكثافة (HDPE)","TYPE":"محبس مياه","material":"مواسير بي في سي","diameter2":"(200_100)","SHAPE_Length":82.95774320104258,"SHAPE_Area":429.6521508195458,"__networkId":"water","__networkName":"شبكة المياه","__layerId":"water_rooms","__layerName":"غرف المياه","__assetName":"غرف المياه","__geometryKind":"polygon","__featureIndex":138,"__length_m":82.96,"__area_m2":429.65,"__typeValue":"غرف مياه"},"geometry":{"type":"Polygon","coordinates":[[[31.510620748473205,30.276259254975685],[31.51043021220818,30.276235724512194],[31.51040496146387,30.276389754260535],[31.510595497728893,30.276413286238643],[31.510620748473205,30.276259254975685]]]}},{"type":"Feature","properties":{"GlobalID":"{01DE9CDE-FE40-47AE-9FE3-801FC0DDE61E}","Room_Id":32,"Room_type":"غرف مياه","Room_contents":"2","sectors":"القطاع الرابع عشر","Implementing":null,"Start":null,"End_":null,"GL":null,"IL":null,"Depth":null,"diameter":"(200-150)","dimention":null,"Fault_statement":null,"Manufacturing_material":"بولى إيثيلين عالى الكثافة (HDPE)","TYPE":"محبس مياه","material":"مواسير بي في سي","diameter2":"(200-150)","SHAPE_Length":82.97192457258582,"SHAPE_Area":429.65091530229057,"__networkId":"water","__networkName":"شبكة المياه","__layerId":"water_rooms","__layerName":"غرف المياه","__assetName":"غرف المياه","__geometryKind":"polygon","__featureIndex":139,"__length_m":82.97,"__area_m2":429.65,"__typeValue":"غرف مياه"},"geometry":{"type":"Polygon","coordinates":[[[31.505018012640047,30.27627588401467],[31.50483979137923,30.276259217737806],[31.504819175941773,30.276425297762433],[31.50499739810089,30.276441962459547],[31.505018012640047,30.27627588401467]]]}},{"type":"Feature","properties":{"GlobalID":"{A5D768C8-5064-4592-8794-043F81C283C8}","Room_Id":33,"Room_type":"غرف مياه","Room_contents":"2","sectors":"القطاع الرابع عشر","Implementing":null,"Start":null,"End_":null,"GL":null,"IL":null,"Depth":null,"diameter":"(800-800)","dimention":null,"Fault_statement":null,"Manufacturing_material":"بولى إيثيلين عالى الكثافة (HDPE)","TYPE":"محبس مياه","material":"مواسير بي في سي","diameter2":"(800-800)","SHAPE_Length":82.95788844595461,"SHAPE_Area":429.65119539907175,"__networkId":"water","__networkName":"شبكة المياه","__layerId":"water_rooms","__layerName":"غرف المياه","__assetName":"غرف المياه","__geometryKind":"polygon","__featureIndex":140,"__length_m":82.96,"__area_m2":429.65,"__typeValue":"غرف مياه"},"geometry":{"type":"Polygon","coordinates":[[[31.49863500733758,30.27643840081813],[31.498601513652197,30.276285559654788],[31.49841244792929,30.27631677119052],[31.498445941614666,30.276469613080998],[31.49863500733758,30.27643840081813]]]}},{"type":"Feature","properties":{"GlobalID":"{B4BED721-2BB5-4964-B810-EE167BE83AFC}","Room_Id":35,"Room_type":"غرف مياه","Room_contents":"3","sectors":"القطاع الرابع عشر","Implementing":null,"Start":null,"End_":null,"GL":null,"IL":null,"Depth":null,"diameter":"(800-800-800)","dimention":null,"Fault_statement":null,"Manufacturing_material":"بولى إيثيلين عالى الكثافة (HDPE)","TYPE":"محبس مياه","material":"مواسير بي في سي","diameter2":"(800-800)","SHAPE_Length":86.3346260386351,"SHAPE_Area":404.90939388689605,"__networkId":"water","__networkName":"شبكة المياه","__layerId":"water_rooms","__layerName":"غرف المياه","__assetName":"غرف المياه","__geometryKind":"polygon","__featureIndex":141,"__length_m":86.33,"__area_m2":404.91,"__typeValue":"غرف مياه"},"geometry":{"type":"Polygon","coordinates":[[[31.504621536697798,30.276392938870686],[31.504359333737735,30.276366333214494],[31.504346095265376,30.276472609947987],[31.50460829912377,30.276499214799635],[31.504621536697798,30.276392938870686]]]}},{"type":"Feature","properties":{"GlobalID":"{0ADBB0A9-51D1-415D-A767-0217524B6237}","Room_Id":36,"Room_type":"غرف مياه","Room_contents":"2","sectors":"القطاع الرابع عشر","Implementing":null,"Start":null,"End_":null,"GL":null,"IL":null,"Depth":null,"diameter":"(150_150)","dimention":null,"Fault_statement":null,"Manufacturing_material":"بولى إيثيلين عالى الكثافة (HDPE)","TYPE":"محبس مياه","material":"مواسير بي في سي","diameter2":"(150_150)","SHAPE_Length":82.95870923507617,"SHAPE_Area":429.66035253203063,"__networkId":"water","__networkName":"شبكة المياه","__layerId":"water_rooms","__layerName":"غرف المياه","__assetName":"غرف المياه","__geometryKind":"polygon","__featureIndex":142,"__length_m":82.96,"__area_m2":429.66,"__typeValue":"غرف مياه"},"geometry":{"type":"Polygon","coordinates":[[[31.507006632947416,30.276522913545698],[31.50681728425522,30.276493024792913],[31.506785209009657,30.27664609759319],[31.506974560396838,30.27667598707511],[31.507006632947416,30.276522913545698]]]}},{"type":"Feature","properties":{"GlobalID":"{2E92BD34-9ECC-4C5E-B252-02CB7EF2540F}","Room_Id":37,"Room_type":"غرف مياه","Room_contents":"2","sectors":"القطاع الرابع عشر","Implementing":null,"Start":null,"End_":null,"GL":null,"IL":null,"Depth":null,"diameter":"(200-150)","dimention":null,"Fault_statement":null,"Manufacturing_material":"بولى إيثيلين عالى الكثافة (HDPE)","TYPE":"محبس مياه","material":"مواسير بي في سي","diameter2":"(200-150)","SHAPE_Length":82.95836034085448,"SHAPE_Area":429.6565582847012,"__networkId":"water","__networkName":"شبكة المياه","__layerId":"water_rooms","__layerName":"غرف المياه","__assetName":"غرف المياه","__geometryKind":"polygon","__featureIndex":143,"__length_m":82.96,"__area_m2":429.66,"__typeValue":"غرف مياه"},"geometry":{"type":"Polygon","coordinates":[[[31.510614833067088,30.276969993957778],[31.510425482578235,30.276940109995863],[31.510393413620882,30.277093181323014],[31.510582765906367,30.27712306601412],[31.510614833067088,30.276969993957778]]]}},{"type":"Feature","properties":{"GlobalID":"{72C85358-8C01-4E56-A15C-885FD1D87B85}","Room_Id":38,"Room_type":"غرفه هواء","Room_contents":"2","sectors":"القطاع الرابع عشر","Implementing":null,"Start":null,"End_":null,"GL":null,"IL":null,"Depth":null,"diameter":"(800-800)","dimention":null,"Fault_statement":null,"Manufacturing_material":"بولى إيثيلين عالى الكثافة (HDPE)","TYPE":"محبس هواء","material":"مواسير بي في سي","diameter2":"(800)","SHAPE_Length":87.01869066024615,"SHAPE_Area":472.4453664954461,"__networkId":"water","__networkName":"شبكة المياه","__layerId":"water_rooms","__layerName":"غرف المياه","__assetName":"غرف المياه","__geometryKind":"polygon","__featureIndex":144,"__length_m":87.02,"__area_m2":472.45,"__typeValue":"غرفه هواء"},"geometry":{"type":"Polygon","coordinates":[[[31.510155936789026,30.277107490631206],[31.509954067378388,30.277084883552437],[31.50993021800588,30.27724531216441],[31.510132089213183,30.27726791610311],[31.510155936789026,30.277107490631206]]]}},{"type":"Feature","properties":{"GlobalID":"{7237D945-2DE3-455C-8BB6-843D2889C90D}","Room_Id":39,"Room_type":"غرف مياه","Room_contents":"2","sectors":"القطاع الرابع عشر","Implementing":null,"Start":null,"End_":null,"GL":null,"IL":null,"Depth":null,"diameter":"(800-800)","dimention":null,"Fault_statement":null,"Manufacturing_material":"بولى إيثيلين عالى الكثافة (HDPE)","TYPE":"محبس مياه","material":"مواسير بي في سي","diameter2":"(800)","SHAPE_Length":82.95850685474467,"SHAPE_Area":429.6608766615282,"__networkId":"water","__networkName":"شبكة المياه","__layerId":"water_rooms","__layerName":"غرف المياه","__assetName":"غرف المياه","__geometryKind":"polygon","__featureIndex":145,"__length_m":82.96,"__area_m2":429.66,"__typeValue":"غرف مياه"},"geometry":{"type":"Polygon","coordinates":[[[31.510560018766768,30.27714704078797],[31.510368972258657,30.277126849504366],[31.510347304894,30.277281290569654],[31.51053835140211,30.277301481821485],[31.510560018766768,30.27714704078797]]]}},{"type":"Feature","properties":{"GlobalID":"{98E4F86F-0AE2-4525-ABEE-C239A859DEC2}","Room_Id":40,"Room_type":"غرف مياه","Room_contents":"2","sectors":"القطاع الرابع عشر","Implementing":null,"Start":null,"End_":null,"GL":null,"IL":null,"Depth":null,"diameter":"(150-100)","dimention":null,"Fault_statement":null,"Manufacturing_material":"بولى إيثيلين عالى الكثافة (HDPE)","TYPE":"محبس مياه","material":"مواسير بي في سي","diameter2":"(200-150-100)","SHAPE_Length":82.97289723018719,"SHAPE_Area":429.6609560792992,"__networkId":"water","__networkName":"شبكة المياه","__layerId":"water_rooms","__layerName":"غرف المياه","__assetName":"غرف المياه","__geometryKind":"polygon","__featureIndex":146,"__length_m":82.97,"__area_m2":429.66,"__typeValue":"غرف مياه"},"geometry":{"type":"Polygon","coordinates":[[[31.513152182079256,30.27724005779717],[31.51297395722519,30.27722340642385],[31.512953356160786,30.277389487144212],[31.513131581913154,30.277406139265082],[31.513152182079256,30.27724005779717]]]}},{"type":"Feature","properties":{"GlobalID":"{A595021D-E837-4F44-8625-FEF3B579AA8A}","Room_Id":42,"Room_type":"غرفه غسيل","Room_contents":"2","sectors":"القطاع الرابع عشر","Implementing":null,"Start":null,"End_":null,"GL":null,"IL":null,"Depth":null,"diameter":"(600-200)","dimention":null,"Fault_statement":null,"Manufacturing_material":"بولى إيثيلين عالى الكثافة (HDPE)","TYPE":"محبس غسيل","material":"مواسير بي في سي","diameter2":"(600-200)","SHAPE_Length":61.879258659795354,"SHAPE_Area":238.89866628221688,"__networkId":"water","__networkName":"شبكة المياه","__layerId":"water_rooms","__layerName":"غرف المياه","__assetName":"غرف المياه","__geometryKind":"polygon","__featureIndex":147,"__length_m":61.88,"__area_m2":238.9,"__typeValue":"غرفه غسيل"},"geometry":{"type":"Polygon","coordinates":[[[31.5154649531687,30.27768893319533],[31.515322638468128,30.277666043091518],[31.515298488160024,30.27777914292922],[31.515440803758924,30.277802033782443],[31.5154649531687,30.27768893319533]]]}},{"type":"Feature","properties":{"GlobalID":"{B48CB9ED-F053-4ECB-A702-24295B264335}","Room_Id":43,"Room_type":"غرف مياه","Room_contents":"2","sectors":"القطاع الثالث عشر","Implementing":null,"Start":null,"End_":null,"GL":null,"IL":null,"Depth":null,"diameter":"(600-400)","dimention":null,"Fault_statement":null,"Manufacturing_material":"بولى إيثيلين عالى الكثافة (HDPE)","TYPE":"محبس مياه","material":"مواسير بي في سي","diameter2":"(600-400-400)","SHAPE_Length":38.675330483292946,"SHAPE_Area":93.32358372714084,"__networkId":"water","__networkName":"شبكة المياه","__layerId":"water_rooms","__layerName":"غرف المياه","__assetName":"غرف المياه","__geometryKind":"polygon","__featureIndex":148,"__length_m":38.68,"__area_m2":93.32,"__typeValue":"غرف مياه"},"geometry":{"type":"Polygon","coordinates":[[[31.51662407812591,30.27787477370571],[31.516535164675698,30.277860308578337],[31.516519904993974,30.27793097093046],[31.51660882113911,30.277945436047474],[31.51662407812591,30.27787477370571]]]}},{"type":"Feature","properties":{"GlobalID":"{67F38289-B169-4F2F-8253-E21AAC11C089}","Room_Id":44,"Room_type":"غرف مياه","Room_contents":"2","sectors":"القطاع الرابع عشر","Implementing":null,"Start":null,"End_":null,"GL":null,"IL":null,"Depth":null,"diameter":"(150-150-150)","dimention":null,"Fault_statement":null,"Manufacturing_material":"بولى إيثيلين عالى الكثافة (HDPE)","TYPE":"محبس مياه","material":"مواسير بي في سي","diameter2":"(150-150)","SHAPE_Length":82.95361307834493,"SHAPE_Area":429.600230569563,"__networkId":"water","__networkName":"شبكة المياه","__layerId":"water_rooms","__layerName":"غرف المياه","__assetName":"غرف المياه","__geometryKind":"polygon","__featureIndex":149,"__length_m":82.95,"__area_m2":429.6,"__typeValue":"غرف مياه"},"geometry":{"type":"Polygon","coordinates":[[[31.5108151322226,30.27092065020043],[31.510765640440347,30.270771117904793],[31.51058067732335,30.27081724113767],[31.510630171800557,30.27096677413883],[31.5108151322226,30.27092065020043]]]}},{"type":"Feature","properties":{"GlobalID":"{6D9A14A1-1195-4A56-A743-2946C016E501}","Room_Id":45,"Room_type":"غرف مياه","Room_contents":"2","sectors":"القطاع الرابع عشر","Implementing":null,"Start":null,"End_":null,"GL":null,"IL":null,"Depth":null,"diameter":"(200-110)","dimention":null,"Fault_statement":null,"Manufacturing_material":"بولى إيثيلين عالى الكثافة (HDPE)","TYPE":"محبس مياه","material":"مواسير بي في سي","diameter2":"(200-110)","SHAPE_Length":82.965487277179,"SHAPE_Area":429.6066955525318,"__networkId":"water","__networkName":"شبكة المياه","__layerId":"water_rooms","__layerName":"غرف المياه","__assetName":"غرف المياه","__geometryKind":"polygon","__featureIndex":150,"__length_m":82.97,"__area_m2":429.61,"__typeValue":"غرف مياه"},"geometry":{"type":"Polygon","coordinates":[[[31.515026959788994,30.27110804742791],[31.514863372982493,30.27104445418502],[31.51478471290295,30.271196904733635],[31.51494830060778,30.271260496326118],[31.515026959788994,30.27110804742791]]]}},{"type":"Feature","properties":{"GlobalID":"{C4D3C16A-CB48-485F-8949-9870CA7A0EB7}","Room_Id":46,"Room_type":"غرف مياه","Room_contents":"3","sectors":"القطاع الرابع عشر","Implementing":null,"Start":null,"End_":null,"GL":null,"IL":null,"Depth":null,"diameter":"(150-100-100)","dimention":null,"Fault_statement":null,"Manufacturing_material":"بولى إيثيلين عالى الكثافة (HDPE)","TYPE":"محبس مياه","material":"مواسير بي في سي","diameter2":"(150-100-100-100)","SHAPE_Length":96.19722061583025,"SHAPE_Area":549.7369821402061,"__networkId":"water","__networkName":"شبكة المياه","__layerId":"water_rooms","__layerName":"غرف المياه","__assetName":"غرف المياه","__geometryKind":"polygon","__featureIndex":151,"__length_m":96.2,"__area_m2":549.74,"__typeValue":"غرف مياه"},"geometry":{"type":"Polygon","coordinates":[[[31.510929234433355,30.27126035202197],[31.51087720311378,30.271122418899232],[31.510626332401035,30.271193713748275],[31.510678362822286,30.271331649098293],[31.510929234433355,30.27126035202197]]]}},{"type":"Feature","properties":{"GlobalID":"{F44BC5CF-8AC9-4A8F-828B-023ED33A8BFB}","Room_Id":47,"Room_type":"غرف مياه","Room_contents":"2","sectors":"القطاع الرابع عشر","Implementing":null,"Start":null,"End_":null,"GL":null,"IL":null,"Depth":null,"diameter":"(200-200)","dimention":null,"Fault_statement":null,"Manufacturing_material":"بولى إيثيلين عالى الكثافة (HDPE)","TYPE":"محبس مياه","material":"مواسير بي في سي","diameter2":"(200-200)","SHAPE_Length":82.956009392135,"SHAPE_Area":429.6098315386962,"__networkId":"water","__networkName":"شبكة المياه","__layerId":"water_rooms","__layerName":"غرف المياه","__assetName":"غرف المياه","__geometryKind":"polygon","__featureIndex":152,"__length_m":82.96,"__area_m2":429.61,"__typeValue":"غرف مياه"},"geometry":{"type":"Polygon","coordinates":[[[31.516374873787985,30.271573296753875],[31.516199638527187,30.27150424975067],[31.516125547279184,30.27164591871306],[31.51630078253998,30.27171496484084],[31.516374873787985,30.271573296753875]]]}},{"type":"Feature","properties":{"GlobalID":"{8A47B0D7-62B8-457C-A40A-76B308CB18CB}","Room_Id":48,"Room_type":"غرف مياه","Room_contents":"2","sectors":"القطاع الرابع عشر","Implementing":null,"Start":null,"End_":null,"GL":null,"IL":null,"Depth":null,"diameter":"(110-110)","dimention":null,"Fault_statement":null,"Manufacturing_material":"بولى إيثيلين عالى الكثافة (HDPE)","TYPE":"محبس مياه","material":"مواسير بي في سي","diameter2":"(110-110)","SHAPE_Length":82.95694382301966,"SHAPE_Area":429.61887802226,"__networkId":"water","__networkName":"شبكة المياه","__layerId":"water_rooms","__layerName":"غرف المياه","__assetName":"غرف المياه","__geometryKind":"polygon","__featureIndex":153,"__length_m":82.96,"__area_m2":429.62,"__typeValue":"غرف مياه"},"geometry":{"type":"Polygon","coordinates":[[[31.513934563487737,30.27201667731496],[31.513759765706496,30.271946800492707],[31.51368478063478,30.272088115041534],[31.51385958111098,30.272157994090634],[31.513934563487737,30.27201667731496]]]}},{"type":"Feature","properties":{"GlobalID":"{54BA4091-B3EE-4A8B-A386-144BA57E5C5E}","Room_Id":50,"Room_type":"غرف مياه","Room_contents":"2","sectors":"القطاع الرابع عشر","Implementing":null,"Start":null,"End_":null,"GL":null,"IL":null,"Depth":null,"diameter":"(200_200)","dimention":null,"Fault_statement":null,"Manufacturing_material":"بولى إيثيلين عالى الكثافة (HDPE)","TYPE":"محبس مياه","material":"مواسير بي في سي","diameter2":"(200_200)","SHAPE_Length":38.674646622409135,"SHAPE_Area":93.31512805035308,"__networkId":"water","__networkName":"شبكة المياه","__layerId":"water_rooms","__layerName":"غرف المياه","__assetName":"غرف المياه","__geometryKind":"polygon","__featureIndex":154,"__length_m":38.67,"__area_m2":93.32,"__typeValue":"غرف مياه"},"geometry":{"type":"Polygon","coordinates":[[[31.518229221113238,30.272279420952028],[31.518145988608897,30.272248671297497],[31.51811354954568,30.272314821639895],[31.51819678384664,30.272345572049474],[31.518229221113238,30.272279420952028]]]}},{"type":"Feature","properties":{"GlobalID":"{978A7625-14CD-4CFF-BE78-1C4DDA3CA9E5}","Room_Id":51,"Room_type":"غرف مياه","Room_contents":"2","sectors":"القطاع الرابع عشر","Implementing":null,"Start":null,"End_":null,"GL":null,"IL":null,"Depth":null,"diameter":"(110_110)","dimention":null,"Fault_statement":null,"Manufacturing_material":"بولى إيثيلين عالى الكثافة (HDPE)","TYPE":"محبس مياه","material":"مواسير بي في سي","diameter2":"(110_110)","SHAPE_Length":82.9566727411245,"SHAPE_Area":429.6160781262663,"__networkId":"water","__networkName":"شبكة المياه","__layerId":"water_rooms","__layerName":"غرف المياه","__assetName":"غرف المياه","__geometryKind":"polygon","__featureIndex":155,"__length_m":82.96,"__area_m2":429.62,"__typeValue":"غرف مياه"},"geometry":{"type":"Polygon","coordinates":[[[31.51507241544069,30.272420754417464],[31.51489761496449,30.27235087943453],[31.51482263528269,30.272492194953287],[31.51499743396223,30.272562070611407],[31.51507241544069,30.272420754417464]]]}},{"type":"Feature","properties":{"GlobalID":"{5A6651F5-9EEC-44E8-B846-1A38413E1C31}","Room_Id":52,"Room_type":"غرف مياه","Room_contents":"3","sectors":"القطاع الرابع عشر","Implementing":null,"Start":null,"End_":null,"GL":null,"IL":null,"Depth":null,"diameter":"(110-110-100)","dimention":null,"Fault_statement":null,"Manufacturing_material":"بولى إيثيلين عالى الكثافة (HDPE)","TYPE":"محبس مياه","material":"مواسير بي في سي","diameter2":"(110-100-100)","SHAPE_Length":96.29526694690291,"SHAPE_Area":549.7520613383717,"__networkId":"water","__networkName":"شبكة المياه","__layerId":"water_rooms","__layerName":"غرف المياه","__assetName":"غرف المياه","__geometryKind":"polygon","__featureIndex":156,"__length_m":96.3,"__area_m2":549.75,"__typeValue":"غرف مياه"},"geometry":{"type":"Polygon","coordinates":[[[31.51254818542493,30.272435130351546],[31.512381698856704,30.272421584544315],[31.512357062560035,30.27264971244628],[31.512523548229932,30.272663258222025],[31.51254818542493,30.272435130351546]]]}},{"type":"Feature","properties":{"GlobalID":"{2C031806-AB5E-42B4-894A-E3ACDD88F16C}","Room_Id":53,"Room_type":"غرف مياه","Room_contents":"3","sectors":"القطاع الرابع عشر","Implementing":null,"Start":null,"End_":null,"GL":null,"IL":null,"Depth":null,"diameter":"(100-100-100)","dimention":null,"Fault_statement":null,"Manufacturing_material":"بولى إيثيلين عالى الكثافة (HDPE)","TYPE":"محبس مياه","material":"مواسير بي في سي","diameter2":"(100-100-100-100)","SHAPE_Length":96.29475983644967,"SHAPE_Area":549.7467972273445,"__networkId":"water","__networkName":"شبكة المياه","__layerId":"water_rooms","__layerName":"غرف المياه","__assetName":"غرف المياه","__geometryKind":"polygon","__featureIndex":157,"__length_m":96.29,"__area_m2":549.75,"__typeValue":"غرف مياه"},"geometry":{"type":"Polygon","coordinates":[[[31.5132679892924,30.27252315710581],[31.513101503622504,30.27250961208657],[31.513076867325843,30.272737737456513],[31.513243352995744,30.272751283995934],[31.5132679892924,30.27252315710581]]]}},{"type":"Feature","properties":{"GlobalID":"{DA03C942-4AE5-4244-B431-196648A88737}","Room_Id":55,"Room_type":"غرف مياه","Room_contents":"3","sectors":"القطاع الرابع عشر","Implementing":null,"Start":null,"End_":null,"GL":null,"IL":null,"Depth":null,"diameter":"(150-110-100)","dimention":null,"Fault_statement":null,"Manufacturing_material":"بولى إيثيلين عالى الكثافة (HDPE)","TYPE":"محبس مياه","material":"مواسير بي في سي","diameter2":"(150-110-100)","SHAPE_Length":96.29656764019614,"SHAPE_Area":549.7661367997715,"__networkId":"water","__networkName":"شبكة المياه","__layerId":"water_rooms","__layerName":"غرف المياه","__assetName":"غرف المياه","__geometryKind":"polygon","__featureIndex":158,"__length_m":96.3,"__area_m2":549.77,"__typeValue":"غرف مياه"},"geometry":{"type":"Polygon","coordinates":[[[31.513950080087636,30.27379672037447],[31.51378359262111,30.2737831763068],[31.513758958121073,30.274011304923285],[31.513925446485928,30.274024848959524],[31.513950080087636,30.27379672037447]]]}}]}