{"type": "FeatureCollection", "features": [{"type": "Feature", "geometry": {"type": "LineString", "coordinates": [[31.5088173701974, 30.2573867132405], [31.508904417532, 30.2573590652475], [31.5089930433501, 30.257335453377], [31.5090829970206, 30.2573159444055], [31.5091740241569, 30.2573005935064], [31.5092658673368, 30.2572894440936], [31.5093582668303, 30.2572825276986], [31.5094509613343, 30.2572798638819], [31.5095436887113, 30.2572814601768], [31.5096361867308, 30.257287312069], [31.5097281938111, 30.2572974030087], [31.5098194497585, 30.2573117044576], [31.509909696504, 30.25733017597], [31.5099986788321, 30.2573527653064], [31.5100861451034, 30.2573794085821], [31.5101718479656, 30.2574100304474], [31.5102555450535, 30.2574445443007], [31.5116853692502, 30.2586198364851]]}, "properties": {"OBJECTID": 2, "اسم_الحي": "حي 39", "نوع_الطريق": "2", "اسم_القطاع": "ABOR 20", "موقف_التنفيذ": "تم التسليم", "موقف_المتخلص": "3", "Length": 0.283013698630137, "Field": "رئيسي"}}, {"type": "Feature", "geometry": {"type": "LineString", "coordinates": [[31.5905973801302, 30.2508797016127], [31.590563189649, 30.2505216762935]]}, "properties": {"OBJECTID": 5, "اسم_الحي": "حي 15", "نوع_الطريق": "3", "اسم_القطاع": "ABOR 7", "موقف_التنفيذ": "جاري العمل ميدانيا", "موقف_المتخلص": "3", "Length": 0.1752358490566038, "Field": "ثانوي"}}, {"type": "Feature", "geometry": {"type": "LineString", "coordinates": [[31.5726170771636, 30.2585907704298], [31.5721417430735, 30.2585672701921]]}, "properties": {"OBJECTID": 8, "اسم_الحي": "حي 15", "نوع_الطريق": "3", "اسم_القطاع": "ABOR 8", "موقف_التنفيذ": "جاري العمل ميدانيا", "موقف_المتخلص": "3", "Length": 0.1752358490566038, "Field": "ثانوي"}}, {"type": "Feature", "geometry": {"type": "LineString", "coordinates": [[31.5866401689244, 30.2541603453496], [31.586680810401, 30.2535445685921], [31.5867326242871, 30.2527594829814], [31.5867619470936, 30.25231517786], [31.5868390286695, 30.2511472215226], [31.5868550158628, 30.2509049783631], [31.5869068733801, 30.2501192025461]]}, "properties": {"OBJECTID": 11, "اسم_الحي": "حي 15", "نوع_الطريق": "2", "اسم_القطاع": "ABOR 7", "موقف_التنفيذ": "جاري العمل ميدانيا", "موقف_المتخلص": "3", "Length": 0.1752358490566038, "Field": "رئيسي"}}, {"type": "Feature", "geometry": {"type": "LineString", "coordinates": [[31.509819617325, 30.260675851301], [31.5099891669845, 30.2603036681411]]}, "properties": {"OBJECTID": 14, "اسم_الحي": "حي 39", "نوع_الطريق": "2", "اسم_القطاع": "ABOR 20", "موقف_التنفيذ": "تم التسليم", "موقف_المتخلص": "3", "Length": 0.283013698630137, "Field": "رئيسي"}}, {"type": "Feature", "geometry": {"type": "LineString", "coordinates": [[31.5842246445534, 30.2522130230818], [31.5842453867367, 30.2518272477367]]}, "properties": {"OBJECTID": 17, "اسم_الحي": "حي 15", "نوع_الطريق": "3", "اسم_القطاع": "ABOR 7", "موقف_التنفيذ": "جاري العمل ميدانيا", "موقف_المتخلص": "3", "Length": 0.1752358490566038, "Field": "ثانوي"}}, {"type": "Feature", "geometry": {"type": "LineString", "coordinates": [[31.5815892483925, 30.256546932507], [31.5815814890829, 30.2565905091669], [31.5815640319669, 30.2566319394286], [31.5815375485938, 30.2566696295352], [31.5815030577394, 30.2567021296094], [31.5814618862158, 30.2567281894274], [31.5814156178301, 30.2567468065123], [31.5813660324583, 30.2567572646968], [31.581315037576, 30.2567591616728], [31.581315037576, 30.2567591616728]]}, "properties": {"OBJECTID": 21, "اسم_الحي": "حي 15", "نوع_الطريق": "2", "اسم_القطاع": "ABOR 7", "موقف_التنفيذ": "جاري العمل ميدانيا", "موقف_المتخلص": "3", "Length": 0.1752358490566038, "Field": "رئيسي"}}, {"type": "Feature", "geometry": {"type": "LineString", "coordinates": [[31.5085321433555, 30.2584926367628], [31.5090674743332, 30.2580695111689]]}, "properties": {"OBJECTID": 25, "اسم_الحي": "حي 39", "نوع_الطريق": "2", "اسم_القطاع": "ABOR 20", "موقف_التنفيذ": "تم التسليم", "موقف_المتخلص": "3", "Length": 0.283013698630137, "Field": "رئيسي"}}, {"type": "Feature", "geometry": {"type": "LineString", "coordinates": [[31.505070901838, 30.2732415380503], [31.5050957605949, 30.2733071931799], [31.5051177039918, 30.2733736187684], [31.505136700145, 30.2734407182985], [31.5051527214533, 30.2735083942736], [31.5051657446378, 30.27357654836], [31.5051757507759, 30.2736450815292], [31.5051827253288, 30.2737138942024], [31.5051866581625, 30.2737828863947]]}, "properties": {"OBJECTID": 28, "اسم_الحي": "حي 39", "نوع_الطريق": "1", "اسم_القطاع": "ABOR 15", "موقف_التنفيذ": "تم التسليم", "موقف_المتخلص": "3", "Length": 0.283013698630137, "Field": "رئيسي"}}, {"type": "Feature", "geometry": {"type": "LineString", "coordinates": [[31.5583092654099, 30.25045438869], [31.5582815034062, 30.2510834962752]]}, "properties": {"OBJECTID": 31, "اسم_الحي": "حي 16", "نوع_الطريق": "3", "اسم_القطاع": "ABOR 10", "موقف_التنفيذ": "جاري العمل مكتبيا", "موقف_المتخلص": "3", "Length": 0.1752358490566038, "Field": "ثانوي"}}, {"type": "Feature", "geometry": {"type": "LineString", "coordinates": [[31.5665339483429, 30.2533337467853], [31.5660172155909, 30.253307582779]]}, "properties": {"OBJECTID": 34, "اسم_الحي": "حي 16", "نوع_الطريق": "3", "اسم_القطاع": "ABOR 10", "موقف_التنفيذ": "جاري العمل مكتبيا", "موقف_المتخلص": "3", "Length": 0.1752358490566038, "Field": "ثانوي"}}, {"type": "Feature", "geometry": {"type": "LineString", "coordinates": [[31.5238390277021, 30.2675229982737], [31.5257016370038, 30.2670368230153]]}, "properties": {"OBJECTID": 38, "اسم_الحي": "حي 39", "نوع_الطريق": "2", "اسم_القطاع": "ABOR 17", "موقف_التنفيذ": "تم التسليم", "موقف_المتخلص": "3", "Length": 0.283013698630137, "Field": "رئيسي"}}, {"type": "Feature", "geometry": {"type": "LineString", "coordinates": [[31.5744063180355, 30.2518019598228], [31.5744222396499, 30.2515601918402]]}, "properties": {"OBJECTID": 41, "اسم_الحي": "حي 15", "نوع_الطريق": "3", "اسم_القطاع": "ABOR 8", "موقف_التنفيذ": "جاري العمل ميدانيا", "موقف_المتخلص": "3", "Length": 0.1752358490566038, "Field": "ثانوي"}}, {"type": "Feature", "geometry": {"type": "LineString", "coordinates": [[31.5222416210682, 30.2707517457788], [31.5219507187168, 30.2706487288978], [31.5209882953597, 30.2703079023926], [31.5208641814804, 30.2702639489277]]}, "properties": {"OBJECTID": 44, "اسم_الحي": "حي 39", "نوع_الطريق": "2", "اسم_القطاع": "ABOR 17", "موقف_التنفيذ": "تم التسليم", "موقف_المتخلص": "3", "Length": 0.283013698630137, "Field": "رئيسي"}}, {"type": "Feature", "geometry": {"type": "LineString", "coordinates": [[31.5770355371033, 30.2519324332159], [31.5770352524468, 30.2519367511823], [31.5770187356465, 30.2521876560255]]}, "properties": {"OBJECTID": 47, "اسم_الحي": "حي 15", "نوع_الطريق": "3", "اسم_القطاع": "ABOR 8", "موقف_التنفيذ": "جاري العمل ميدانيا", "موقف_المتخلص": "3", "Length": 0.1752358490566038, "Field": "ثانوي"}}, {"type": "Feature", "geometry": {"type": "LineString", "coordinates": [[31.5666634457367, 30.251378955047], [31.5656482964185, 30.2511322640332], [31.5647777716001, 30.2508822793364], [31.5638774506915, 30.2505846631341], [31.5631831717086, 30.2503267129114], [31.562288128729, 30.2499555609416], [31.5617369298405, 30.2497041748045]]}, "properties": {"OBJECTID": 50, "اسم_الحي": "حي 16", "نوع_الطريق": "2", "اسم_القطاع": "ABOR 10", "موقف_التنفيذ": "جاري العمل مكتبيا", "موقف_المتخلص": "3", "Length": 0.1752358490566038, "Field": "رئيسي"}}, {"type": "Feature", "geometry": {"type": "LineString", "coordinates": [[31.513495549756, 30.2661985882422], [31.5127636921347, 30.2665037432847]]}, "properties": {"OBJECTID": 53, "اسم_الحي": "حي 39", "نوع_الطريق": "2", "اسم_القطاع": "ABOR 20", "موقف_التنفيذ": "تم التسليم", "موقف_المتخلص": "3", "Length": 0.283013698630137, "Field": "رئيسي"}}, {"type": "Feature", "geometry": {"type": "LineString", "coordinates": [[31.5521346183642, 30.2763079785782], [31.5521346183642, 30.2763079785782], [31.5532633104101, 30.2752206377585]]}, "properties": {"OBJECTID": 56, "اسم_الحي": "حي 13", "نوع_الطريق": "2", "اسم_القطاع": "ABOR 5", "موقف_التنفيذ": "تم التسليم", "موقف_المتخلص": "3", "Length": 0.283013698630137, "Field": "رئيسي"}}, {"type": "Feature", "geometry": {"type": "LineString", "coordinates": [[31.5199922807457, 30.2635576101306], [31.5200616605904, 30.2635739802332], [31.5204860775115, 30.2637321491011], [31.5206018765499, 30.2638168340626], [31.5206929433499, 30.2639216589677], [31.5207547076637, 30.2640413630534], [31.5210478303659, 30.2650971754415]]}, "properties": {"OBJECTID": 59, "اسم_الحي": "حي 39", "نوع_الطريق": "2", "اسم_القطاع": "ABOR 19", "موقف_التنفيذ": "تم التسليم", "موقف_المتخلص": "3", "Length": 0.283013698630137, "Field": "رئيسي"}}, {"type": "Feature", "geometry": {"type": "LineString", "coordinates": [[31.568783351005, 30.2590179934613], [31.5713592382575, 30.2591467801005], [31.5725762761828, 30.2592076106498], [31.5770595290091, 30.2594315933797], [31.5779558647493, 30.2594763569374], [31.5870526942149, 30.2599302967902], [31.5887010871914, 30.2600124852673], [31.5888268569314, 30.2600187554555]]}, "properties": {"OBJECTID": 62, "اسم_الحي": "حي 15", "نوع_الطريق": "1", "اسم_القطاع": "ABOR 7", "موقف_التنفيذ": "جاري العمل ميدانيا", "موقف_المتخلص": "3", "Length": 0.1752358490566038, "Field": "رئيسي"}}, {"type": "Feature", "geometry": {"type": "LineString", "coordinates": [[31.5682246094558, 30.2526203690934], [31.5686375524831, 30.2526409462681]]}, "properties": {"OBJECTID": 66, "اسم_الحي": "حي 16", "نوع_الطريق": "3", "اسم_القطاع": "ABOR 9", "موقف_التنفيذ": "جاري العمل ميدانيا", "موقف_المتخلص": "3", "Length": 0.1752358490566038, "Field": "ثانوي"}}, {"type": "Feature", "geometry": {"type": "LineString", "coordinates": [[31.5662113378157, 30.2581968922069], [31.5666859102123, 30.2582206916072]]}, "properties": {"OBJECTID": 69, "اسم_الحي": "حي 16", "نوع_الطريق": "3", "اسم_القطاع": "ABOR 9", "موقف_التنفيذ": "جاري العمل ميدانيا", "موقف_المتخلص": "3", "Length": 0.1752358490566038, "Field": "ثانوي"}}, {"type": "Feature", "geometry": {"type": "LineString", "coordinates": [[31.5831179813999, 30.2530037014311], [31.5835309672588, 30.2530243215014]]}, "properties": {"OBJECTID": 72, "اسم_الحي": "حي 15", "نوع_الطريق": "3", "اسم_القطاع": "ABOR 7", "موقف_التنفيذ": "جاري العمل ميدانيا", "موقف_المتخلص": "3", "Length": 0.1752358490566038, "Field": "ثانوي"}}, {"type": "Feature", "geometry": {"type": "LineString", "coordinates": [[31.5754700207723, 30.2553857302913], [31.5754498220305, 30.2556908447071]]}, "properties": {"OBJECTID": 76, "اسم_الحي": "حي 15", "نوع_الطريق": "3", "اسم_القطاع": "ABOR 8", "موقف_التنفيذ": "جاري العمل ميدانيا", "موقف_المتخلص": "3", "Length": 0.1752358490566038, "Field": "ثانوي"}}, {"type": "Feature", "geometry": {"type": "LineString", "coordinates": [[31.5085321433555, 30.2584926367628], [31.5086243078213, 30.2585848221677], [31.5087186061772, 30.2586753830542], [31.5088150000567, 30.2587642825807], [31.5089134502406, 30.2588514845819], [31.5090139166731, 30.258936953583], [31.509116358478, 30.2590206548143], [31.5092207339754, 30.2591025542254], [31.5093270006989, 30.259182618499], [31.5094351154122, 30.2592608150643], [31.5095450341275, 30.2593371121105], [31.5096567121228, 30.2594114785996], [31.5097701039604, 30.2594838842788], [31.5098851635052, 30.2595542996935], [31.5100018439437, 30.2596226961983], [31.5101200978029, 30.2596890459695], [31.5102398769695, 30.2597533220159]]}, "properties": {"OBJECTID": 79, "اسم_الحي": "حي 39", "نوع_الطريق": "2", "اسم_القطاع": "ABOR 20", "موقف_التنفيذ": "تم التسليم", "موقف_المتخلص": "3", "Length": 0.283013698630137, "Field": "رئيسي"}}, {"type": "Feature", "geometry": {"type": "LineString", "coordinates": [[31.5110386679205, 30.2736227242694], [31.5112170733536, 30.2724779485661], [31.5112191232212, 30.2724633108379], [31.5112207166632, 30.2724486308018], [31.5112218525278, 30.2724339190712], [31.5112225299936, 30.2724191862822], [31.5112227485709, 30.2724044430862], [31.5112225081016, 30.2723897001422], [31.5112218087597, 30.272374968109], [31.5112206510507, 30.2723602576374], [31.5112190358116, 30.2723455793628], [31.5112169642102, 30.2723309438972], [31.5112144377442, 30.2723163618217], [31.5112114582402, 30.2723018436788], [31.5112080278523, 30.2722873999648], [31.5112041490605, 30.2722730411221], [31.5111998246692, 30.2722587775319], [31.5111950578047, 30.2722446195064], [31.5108445529706, 30.2712537090522], [31.5108050052517, 30.2711419024991]]}, "properties": {"OBJECTID": 82, "اسم_الحي": "حي 39", "نوع_الطريق": "1", "اسم_القطاع": "ABOR 14", "موقف_التنفيذ": "تم التسليم", "موقف_المتخلص": "3", "Length": 0.283013698630137, "Field": "رئيسي"}}, {"type": "Feature", "geometry": {"type": "LineString", "coordinates": [[31.5754198946925, 30.2559807011609], [31.5753817147179, 30.2565574205034]]}, "properties": {"OBJECTID": 85, "اسم_الحي": "حي 15", "نوع_الطريق": "3", "اسم_القطاع": "ABOR 8", "موقف_التنفيذ": "جاري العمل ميدانيا", "موقف_المتخلص": "3", "Length": 0.1752358490566038, "Field": "ثانوي"}}, {"type": "Feature", "geometry": {"type": "LineString", "coordinates": [[31.5299645534507, 30.266495527761], [31.5291033373504, 30.266724957136]]}, "properties": {"OBJECTID": 88, "اسم_الحي": "حي 39", "نوع_الطريق": "2", "اسم_القطاع": "ABOR 16", "موقف_التنفيذ": "تم التسليم", "موقف_المتخلص": "3", "Length": 0.283013698630137, "Field": "رئيسي"}}, {"type": "Feature", "geometry": {"type": "LineString", "coordinates": [[31.590242983482, 30.2520499602425], [31.5906922229627, 30.2521042776213]]}, "properties": {"OBJECTID": 91, "اسم_الحي": "حي 15", "نوع_الطريق": "3", "اسم_القطاع": "ABOR 7", "موقف_التنفيذ": "جاري العمل ميدانيا", "موقف_المتخلص": "3", "Length": 0.1752358490566038, "Field": "ثانوي"}}, {"type": "Feature", "geometry": {"type": "LineString", "coordinates": [[31.5274328026826, 30.272137905461], [31.5260598282072, 30.2716695150351]]}, "properties": {"OBJECTID": 94, "اسم_الحي": "حي 39", "نوع_الطريق": "3", "اسم_القطاع": "ABOR 17", "موقف_التنفيذ": "تم التسليم", "موقف_المتخلص": "3", "Length": 0.283013698630137, "Field": "ثانوي"}}, {"type": "Feature", "geometry": {"type": "LineString", "coordinates": [[31.579706254375, 30.2527932863212], [31.5796849183121, 30.2531925685542]]}, "properties": {"OBJECTID": 97, "اسم_الحي": "حي 15", "نوع_الطريق": "3", "اسم_القطاع": "ABOR 7", "موقف_التنفيذ": "جاري العمل ميدانيا", "موقف_المتخلص": "3", "Length": 0.1752358490566038, "Field": "ثانوي"}}, {"type": "Feature", "geometry": {"type": "LineString", "coordinates": [[31.5173417937251, 30.2605387274962], [31.5170922444985, 30.2612216490018]]}, "properties": {"OBJECTID": 100, "اسم_الحي": "حي 39", "نوع_الطريق": "2", "اسم_القطاع": "ABOR 19", "موقف_التنفيذ": "تم التسليم", "موقف_المتخلص": "3", "Length": 0.283013698630137, "Field": "رئيسي"}}, {"type": "Feature", "geometry": {"type": "LineString", "coordinates": [[31.5179252253683, 30.2624773232482], [31.518128321374, 30.2623827510705], [31.518339706148, 30.2623028704089], [31.5185579580841, 30.2622382185139], [31.5187816093928, 30.2621892302133], [31.5195523417457, 30.2621339014374], [31.5195819371555, 30.2621303569661], [31.519610791493, 30.262123657875], [31.5196384558552, 30.2621139083848], [31.5196645368764, 30.2621012426661], [31.519688609021, 30.2620858734226], [31.5197102887627, 30.2620680444657], [31.5197292414218, 30.2620480310278], [31.5197995701688, 30.2619170994262]]}, "properties": {"OBJECTID": 104, "اسم_الحي": "حي 39", "نوع_الطريق": "2", "اسم_القطاع": "ABOR 19", "موقف_التنفيذ": "تم التسليم", "موقف_المتخلص": "3", "Length": 0.283013698630137, "Field": "رئيسي"}}, {"type": "Feature", "geometry": {"type": "LineString", "coordinates": [[31.5159249660075, 30.2618280971777], [31.5157646134105, 30.2623787020113]]}, "properties": {"OBJECTID": 107, "اسم_الحي": "حي 39", "نوع_الطريق": "2", "اسم_القطاع": "ABOR 19", "موقف_التنفيذ": "تم التسليم", "موقف_المتخلص": "3", "Length": 0.283013698630137, "Field": "رئيسي"}}, {"type": "Feature", "geometry": {"type": "LineString", "coordinates": [[31.5139485438361, 30.2670171737948], [31.513495549756, 30.2661985882422]]}, "properties": {"OBJECTID": 110, "اسم_الحي": "حي 39", "نوع_الطريق": "2", "اسم_القطاع": "ABOR 20", "موقف_التنفيذ": "تم التسليم", "موقف_المتخلص": "3", "Length": 0.283013698630137, "Field": "رئيسي"}}, {"type": "Feature", "geometry": {"type": "LineString", "coordinates": [[31.5616320458287, 30.2512823692401], [31.5620656868361, 30.2513041155506]]}, "properties": {"OBJECTID": 114, "اسم_الحي": "حي 16", "نوع_الطريق": "3", "اسم_القطاع": "ABOR 10", "موقف_التنفيذ": "جاري العمل مكتبيا", "موقف_المتخلص": "3", "Length": 0.1752358490566038, "Field": "ثانوي"}}, {"type": "Feature", "geometry": {"type": "LineString", "coordinates": [[31.5129747965216, 30.2657282871548], [31.5130229803457, 30.2657145235583], [31.5130716032869, 30.26570196467], [31.5131207308467, 30.2656905962172], [31.5131702183715, 30.2656804590976], [31.5132200244988, 30.2656715617843], [31.5132701075998, 30.2656639117143], [31.5133204258142, 30.2656575152818], [31.5133709370852, 30.2656523778334], [31.5134215991946, 30.2656485036632], [31.5134723697982, 30.2656458960095], [31.513523206461, 30.2656445570519], [31.5135740666929, 30.2656444879095], [31.513624907984, 30.2656456886402], [31.5136756878404, 30.2656481582403], [31.5137263638192, 30.2656518946456], [31.5137768935648, 30.265656894733], [31.5138272348435, 30.2656631543232], [31.5138773455792, 30.2656706681839]]}, "properties": {"OBJECTID": 117, "اسم_الحي": "حي 39", "نوع_الطريق": "2", "اسم_القطاع": "ABOR 20", "موقف_التنفيذ": "تم التسليم", "موقف_المتخلص": "3", "Length": 0.283013698630137, "Field": "رئيسي"}}, {"type": "Feature", "geometry": {"type": "LineString", "coordinates": [[31.5197995701688, 30.2619170994262], [31.5200131307208, 30.2615109349232], [31.5200141870545, 30.2615019098754], [31.5200149182422, 30.2614928608365], [31.520015323578, 30.2614837965436], [31.5200154026705, 30.2614747257484], [31.5200151554434, 30.2614656572088], [31.5200145821353, 30.2614565996808], [31.5200136832998, 30.2614475619095], [31.5200124598048, 30.261438552621], [31.5200109128315, 30.2614295805139], [31.5200090438736, 30.261420654251], [31.5200068547355, 30.2614117824508], [31.520004347531, 30.261402973679], [31.5200015246808, 30.2613942364408], [31.5199983889103, 30.2613855791721], [31.5199949432473, 30.2613770102317], [31.5199911910185, 30.2613685378929]]}, "properties": {"OBJECTID": 120, "اسم_الحي": "حي 39", "نوع_الطريق": "2", "اسم_القطاع": "ABOR 19", "موقف_التنفيذ": "تم التسليم", "موقف_المتخلص": "3", "Length": 0.283013698630137, "Field": "رئيسي"}}, {"type": "Feature", "geometry": {"type": "LineString", "coordinates": [[31.5688874205465, 30.2517993178178], [31.5689110194405, 30.2514408426708]]}, "properties": {"OBJECTID": 124, "اسم_الحي": "حي 16", "نوع_الطريق": "3", "اسم_القطاع": "ABOR 9", "موقف_التنفيذ": "جاري العمل ميدانيا", "موقف_المتخلص": "3", "Length": 0.1752358490566038, "Field": "ثانوي"}}, {"type": "Feature", "geometry": {"type": "LineString", "coordinates": [[31.5120535781312, 30.2636065113786], [31.5114036205583, 30.2634327778365]]}, "properties": {"OBJECTID": 127, "اسم_الحي": "حي 39", "نوع_الطريق": "2", "اسم_القطاع": "ABOR 20", "موقف_التنفيذ": "تم التسليم", "موقف_المتخلص": "3", "Length": 0.283013698630137, "Field": "رئيسي"}}, {"type": "Feature", "geometry": {"type": "LineString", "coordinates": [[31.528305263761, 30.2684103699709], [31.5273991764807, 30.2654950836971]]}, "properties": {"OBJECTID": 130, "اسم_الحي": "حي 39", "نوع_الطريق": "1", "اسم_القطاع": "ABOR 17", "موقف_التنفيذ": "تم التسليم", "موقف_المتخلص": "3", "Length": 0.283013698630137, "Field": "رئيسي"}}, {"type": "Feature", "geometry": {"type": "LineString", "coordinates": [[31.5277190060158, 30.2715058390402], [31.5296289163978, 30.2721906213075], [31.5296312015109, 30.2721914400736], [31.5302142055622, 30.2724004639095], [31.530540032705, 30.2725146793229], [31.531228573272, 30.2727560361813]]}, "properties": {"OBJECTID": 133, "اسم_الحي": "حي 39", "نوع_الطريق": "1", "اسم_القطاع": "ABOR 16", "موقف_التنفيذ": "تم التسليم", "موقف_المتخلص": "3", "Length": 0.283013698630137, "Field": "رئيسي"}}, {"type": "Feature", "geometry": {"type": "LineString", "coordinates": [[31.5272940199816, 30.2760082593908], [31.5262507037027, 30.2756523466925]]}, "properties": {"OBJECTID": 136, "اسم_الحي": "حي 39", "نوع_الطريق": "3", "اسم_القطاع": "ABOR 12", "موقف_التنفيذ": "تم التسليم", "موقف_المتخلص": "3", "Length": 0.283013698630137, "Field": "ثانوي"}}, {"type": "Feature", "geometry": {"type": "LineString", "coordinates": [[31.5754867434611, 30.2542351993992], [31.5754674517261, 30.2545485047829]]}, "properties": {"OBJECTID": 139, "اسم_الحي": "حي 15", "نوع_الطريق": "3", "اسم_القطاع": "ABOR 8", "موقف_التنفيذ": "جاري العمل ميدانيا", "موقف_المتخلص": "3", "Length": 0.1752358490566038, "Field": "ثانوي"}}, {"type": "Feature", "geometry": {"type": "LineString", "coordinates": [[31.5895745541213, 30.2509525182944], [31.5895407802104, 30.2505946199869]]}, "properties": {"OBJECTID": 142, "اسم_الحي": "حي 15", "نوع_الطريق": "3", "اسم_القطاع": "ABOR 7", "موقف_التنفيذ": "جاري العمل ميدانيا", "موقف_المتخلص": "3", "Length": 0.1752358490566038, "Field": "ثانوي"}}, {"type": "Feature", "geometry": {"type": "LineString", "coordinates": [[31.5200817566894, 30.2742174732451], [31.5200817384518, 30.2742175109344], [31.5196856992989, 30.2750579280751]]}, "properties": {"OBJECTID": 145, "اسم_الحي": "حي 39", "نوع_الطريق": "3", "اسم_القطاع": "ABOR 13", "موقف_التنفيذ": "تم التسليم", "موقف_المتخلص": "3", "Length": 0.283013698630137, "Field": "ثانوي"}}, {"type": "Feature", "geometry": {"type": "LineString", "coordinates": [[31.523242694338, 30.2738039154822], [31.5228069098659, 30.2747266537335]]}, "properties": {"OBJECTID": 148, "اسم_الحي": "حي 39", "نوع_الطريق": "3", "اسم_القطاع": "ABOR 13", "موقف_التنفيذ": "تم التسليم", "موقف_المتخلص": "3", "Length": 0.283013698630137, "Field": "ثانوي"}}, {"type": "Feature", "geometry": {"type": "LineString", "coordinates": [[31.4913688820492, 30.2718382070315], [31.4905709346983, 30.2726364078412], [31.4900790861096, 30.27312840364]]}, "properties": {"OBJECTID": 151, "اسم_الحي": "حي 39", "نوع_الطريق": "2", "اسم_القطاع": "ABOR 22", "موقف_التنفيذ": "تم التسليم", "موقف_المتخلص": "3", "Length": 0.283013698630137, "Field": "رئيسي"}}, {"type": "Feature", "geometry": {"type": "LineString", "coordinates": [[31.5747030894969, 30.2553474640591], [31.5747252480323, 30.2550338923238]]}, "properties": {"OBJECTID": 154, "اسم_الحي": "حي 15", "نوع_الطريق": "3", "اسم_القطاع": "ABOR 8", "موقف_التنفيذ": "جاري العمل ميدانيا", "موقف_المتخلص": "3", "Length": 0.1752358490566038, "Field": "ثانوي"}}, {"type": "Feature", "geometry": {"type": "LineString", "coordinates": [[31.5715804870167, 30.2525900638339], [31.5709964109095, 30.2524296429248]]}, "properties": {"OBJECTID": 157, "اسم_الحي": "حي 16", "نوع_الطريق": "3", "اسم_القطاع": "ABOR 9", "موقف_التنفيذ": "جاري العمل ميدانيا", "موقف_المتخلص": "3", "Length": 0.1752358490566038, "Field": "ثانوي"}}, {"type": "Feature", "geometry": {"type": "LineString", "coordinates": [[31.5713592382575, 30.2591467801005], [31.5713592382575, 30.2591467801005], [31.57142287441, 30.2581848808884], [31.5714947865907, 30.2570978812973]]}, "properties": {"OBJECTID": 160, "اسم_الحي": "حي 15", "نوع_الطريق": "2", "اسم_القطاع": "ABOR 8", "موقف_التنفيذ": "جاري العمل ميدانيا", "موقف_المتخلص": "3", "Length": 0.1752358490566038, "Field": "رئيسي"}}, {"type": "Feature", "geometry": {"type": "LineString", "coordinates": [[31.5237442520955, 30.2755047331573], [31.5248906685736, 30.2759076530885]]}, "properties": {"OBJECTID": 164, "اسم_الحي": "حي 39", "نوع_الطريق": "2", "اسم_القطاع": "ABOR 13", "موقف_التنفيذ": "تم التسليم", "موقف_المتخلص": "3", "Length": 0.283013698630137, "Field": "رئيسي"}}, {"type": "Feature", "geometry": {"type": "LineString", "coordinates": [[31.5876558498508, 30.2515355366053], [31.5872013798313, 30.2515129600088]]}, "properties": {"OBJECTID": 167, "اسم_الحي": "حي 15", "نوع_الطريق": "3", "اسم_القطاع": "ABOR 7", "موقف_التنفيذ": "جاري العمل ميدانيا", "موقف_المتخلص": "3", "Length": 0.1752358490566038, "Field": "ثانوي"}}, {"type": "Feature", "geometry": {"type": "LineString", "coordinates": [[31.5108079151029, 30.2587406129993], [31.5113940712391, 30.2591423709662]]}, "properties": {"OBJECTID": 170, "اسم_الحي": "حي 39", "نوع_الطريق": "2", "اسم_القطاع": "ABOR 20", "موقف_التنفيذ": "تم التسليم", "موقف_المتخلص": "3", "Length": 0.283013698630137, "Field": "رئيسي"}}, {"type": "Feature", "geometry": {"type": "LineString", "coordinates": [[31.5808754258037, 30.2537595101361], [31.5811639424963, 30.2539959283771]]}, "properties": {"OBJECTID": 173, "اسم_الحي": "حي 15", "نوع_الطريق": "3", "اسم_القطاع": "ABOR 7", "موقف_التنفيذ": "جاري العمل ميدانيا", "موقف_المتخلص": "3", "Length": 0.1752358490566038, "Field": "ثانوي"}}, {"type": "Feature", "geometry": {"type": "LineString", "coordinates": [[31.5130990377652, 30.2738667426466], [31.5110386679205, 30.2736227242694], [31.5091811381258, 30.2734026987329]]}, "properties": {"OBJECTID": 177, "اسم_الحي": "حي 39", "نوع_الطريق": "1", "اسم_القطاع": "ABOR 14", "موقف_التنفيذ": "تم التسليم", "موقف_المتخلص": "3", "Length": 0.283013698630137, "Field": "رئيسي"}}, {"type": "Feature", "geometry": {"type": "LineString", "coordinates": [[31.5732485332174, 30.2558723490363], [31.5732125490088, 30.2564157266371]]}, "properties": {"OBJECTID": 180, "اسم_الحي": "حي 15", "نوع_الطريق": "3", "اسم_القطاع": "ABOR 8", "موقف_التنفيذ": "جاري العمل ميدانيا", "موقف_المتخلص": "3", "Length": 0.1752358490566038, "Field": "ثانوي"}}, {"type": "Feature", "geometry": {"type": "LineString", "coordinates": [[31.579155047289, 30.2515005805692], [31.5791315089646, 30.2512114808868]]}, "properties": {"OBJECTID": 184, "اسم_الحي": "حي 15", "نوع_الطريق": "3", "اسم_القطاع": "ABOR 7", "موقف_التنفيذ": "جاري العمل ميدانيا", "موقف_المتخلص": "3", "Length": 0.1752358490566038, "Field": "ثانوي"}}, {"type": "Feature", "geometry": {"type": "LineString", "coordinates": [[31.528307303183, 30.2763914611703], [31.529326799211, 30.2767318173266]]}, "properties": {"OBJECTID": 187, "اسم_الحي": "حي 39", "نوع_الطريق": "3", "اسم_القطاع": "ABOR 12", "موقف_التنفيذ": "تم التسليم", "موقف_المتخلص": "3", "Length": 0.283013698630137, "Field": "ثانوي"}}, {"type": "Feature", "geometry": {"type": "LineString", "coordinates": [[31.5089879734695, 30.2645604975401], [31.5091579276934, 30.2640637968417]]}, "properties": {"OBJECTID": 190, "اسم_الحي": "حي 39", "نوع_الطريق": "2", "اسم_القطاع": "ABOR 20", "موقف_التنفيذ": "تم التسليم", "موقف_المتخلص": "3", "Length": 0.283013698630137, "Field": "رئيسي"}}, {"type": "Feature", "geometry": {"type": "LineString", "coordinates": [[31.5334588197816, 30.2774139589795], [31.5329859498112, 30.2784201248527]]}, "properties": {"OBJECTID": 193, "اسم_الحي": "حي 39", "نوع_الطريق": "3", "اسم_القطاع": "ABOR 12", "موقف_التنفيذ": "تم التسليم", "موقف_المتخلص": "3", "Length": 0.283013698630137, "Field": "ثانوي"}}, {"type": "Feature", "geometry": {"type": "LineString", "coordinates": [[31.5798735726657, 30.2528000353369], [31.579894469009, 30.2524363110789]]}, "properties": {"OBJECTID": 197, "اسم_الحي": "حي 15", "نوع_الطريق": "3", "اسم_القطاع": "ABOR 7", "موقف_التنفيذ": "جاري العمل ميدانيا", "موقف_المتخلص": "3", "Length": 0.1752358490566038, "Field": "ثانوي"}}, {"type": "Feature", "geometry": {"type": "LineString", "coordinates": [[31.5124803017049, 30.2774362288976], [31.5126447494858, 30.2763936062325]]}, "properties": {"OBJECTID": 200, "اسم_الحي": "حي 39", "نوع_الطريق": "3", "اسم_القطاع": "ABOR 14", "موقف_التنفيذ": "تم التسليم", "موقف_المتخلص": "3", "Length": 0.283013698630137, "Field": "ثانوي"}}, {"type": "Feature", "geometry": {"type": "LineString", "coordinates": [[31.5880427566276, 30.2535012525316], [31.5880290266375, 30.253760159269]]}, "properties": {"OBJECTID": 203, "اسم_الحي": "حي 15", "نوع_الطريق": "3", "اسم_القطاع": "ABOR 7", "موقف_التنفيذ": "جاري العمل ميدانيا", "موقف_المتخلص": "3", "Length": 0.1752358490566038, "Field": "ثانوي"}}, {"type": "Feature", "geometry": {"type": "LineString", "coordinates": [[31.5222077180928, 30.2626870010916], [31.5221532841504, 30.2628391926155], [31.5221367255317, 30.2629265784205], [31.5221243615835, 30.2630144804812], [31.5221162134247, 30.2631027486505], [31.5221122949731, 30.2631912321564], [31.522112612922, 30.2632797798595], [31.5221171667281, 30.2633682405112], [31.5221259486132, 30.263456463012], [31.5221389435769, 30.2635442966695]]}, "properties": {"OBJECTID": 206, "اسم_الحي": "حي 39", "نوع_الطريق": "2", "اسم_القطاع": "ABOR 19", "موقف_التنفيذ": "تم التسليم", "موقف_المتخلص": "3", "Length": 0.283013698630137, "Field": "رئيسي"}}, {"type": "Feature", "geometry": {"type": "LineString", "coordinates": [[31.5861784932487, 30.2535195301803], [31.5861602121169, 30.2537788151719]]}, "properties": {"OBJECTID": 209, "اسم_الحي": "حي 15", "نوع_الطريق": "3", "اسم_القطاع": "ABOR 7", "موقف_التنفيذ": "جاري العمل ميدانيا", "موقف_المتخلص": "3", "Length": 0.1752358490566038, "Field": "ثانوي"}}, {"type": "Feature", "geometry": {"type": "LineString", "coordinates": [[31.5159249660075, 30.2618280971777], [31.5148187834106, 30.2615281779556]]}, "properties": {"OBJECTID": 212, "اسم_الحي": "حي 39", "نوع_الطريق": "2", "اسم_القطاع": "ABOR 19", "موقف_التنفيذ": "تم التسليم", "موقف_المتخلص": "3", "Length": 0.283013698630137, "Field": "رئيسي"}}, {"type": "Feature", "geometry": {"type": "LineString", "coordinates": [[31.5114200891158, 30.2652626779298], [31.5108190271565, 30.2650820624586]]}, "properties": {"OBJECTID": 215, "اسم_الحي": "حي 39", "نوع_الطريق": "2", "اسم_القطاع": "ABOR 20", "موقف_التنفيذ": "تم التسليم", "موقف_المتخلص": "3", "Length": 0.283013698630137, "Field": "رئيسي"}}, {"type": "Feature", "geometry": {"type": "LineString", "coordinates": [[31.5286387985811, 30.2694744634134], [31.5310143676467, 30.2688222643703], [31.53302859966, 30.2682692263564]]}, "properties": {"OBJECTID": 218, "اسم_الحي": "حي 39", "نوع_الطريق": "1", "اسم_القطاع": "ABOR 16", "موقف_التنفيذ": "تم التسليم", "موقف_المتخلص": "3", "Length": 0.283013698630137, "Field": "رئيسي"}}, {"type": "Feature", "geometry": {"type": "LineString", "coordinates": [[31.5807753474742, 30.2563286302506], [31.581186039265, 30.2563509781596]]}, "properties": {"OBJECTID": 221, "اسم_الحي": "حي 15", "نوع_الطريق": "3", "اسم_القطاع": "ABOR 7", "موقف_التنفيذ": "جاري العمل ميدانيا", "موقف_المتخلص": "3", "Length": 0.1752358490566038, "Field": "ثانوي"}}, {"type": "Feature", "geometry": {"type": "LineString", "coordinates": [[31.5886566052189, 30.2575896511284], [31.5872120033799, 30.2575177705096]]}, "properties": {"OBJECTID": 225, "اسم_الحي": "حي 15", "نوع_الطريق": "2", "اسم_القطاع": "ABOR 7", "موقف_التنفيذ": "جاري العمل ميدانيا", "موقف_المتخلص": "3", "Length": 0.1752358490566038, "Field": "رئيسي"}}, {"type": "Feature", "geometry": {"type": "LineString", "coordinates": [[31.5258810911218, 30.2676028908091], [31.5262136829983, 30.2685736514649]]}, "properties": {"OBJECTID": 228, "اسم_الحي": "حي 39", "نوع_الطريق": "3", "اسم_القطاع": "ABOR 17", "موقف_التنفيذ": "تم التسليم", "موقف_المتخلص": "3", "Length": 0.283013698630137, "Field": "ثانوي"}}, {"type": "Feature", "geometry": {"type": "LineString", "coordinates": [[31.5830940590956, 30.2533657379845], [31.5831179813999, 30.2530037014311], [31.5831441420163, 30.2526077882451], [31.5831730243845, 30.2521706689364]]}, "properties": {"OBJECTID": 231, "اسم_الحي": "حي 15", "نوع_الطريق": "2", "اسم_القطاع": "ABOR 7", "موقف_التنفيذ": "جاري العمل ميدانيا", "موقف_المتخلص": "3", "Length": 0.1752358490566038, "Field": "رئيسي"}}, {"type": "Feature", "geometry": {"type": "LineString", "coordinates": [[31.5137022874323, 30.2775799717001], [31.5138703648689, 30.2765143335743]]}, "properties": {"OBJECTID": 234, "اسم_الحي": "حي 39", "نوع_الطريق": "3", "اسم_القطاع": "ABOR 14", "موقف_التنفيذ": "تم التسليم", "موقف_المتخلص": "3", "Length": 0.283013698630137, "Field": "ثانوي"}}, {"type": "Feature", "geometry": {"type": "LineString", "coordinates": [[31.5616782508343, 30.2505871252054], [31.5616782508343, 30.2505871252054], [31.562111888797, 30.2506088721685]]}, "properties": {"OBJECTID": 237, "اسم_الحي": "حي 16", "نوع_الطريق": "3", "اسم_القطاع": "ABOR 10", "موقف_التنفيذ": "جاري العمل مكتبيا", "موقف_المتخلص": "3", "Length": 0.1752358490566038, "Field": "ثانوي"}}, {"type": "Feature", "geometry": {"type": "LineString", "coordinates": [[31.5831179813999, 30.2530037014311], [31.5827102523514, 30.2529833904923]]}, "properties": {"OBJECTID": 240, "اسم_الحي": "حي 15", "نوع_الطريق": "3", "اسم_القطاع": "ABOR 7", "موقف_التنفيذ": "جاري العمل ميدانيا", "موقف_المتخلص": "3", "Length": 0.1752358490566038, "Field": "ثانوي"}}, {"type": "Feature", "geometry": {"type": "LineString", "coordinates": [[31.5051745582167, 30.2740394534308], [31.504998268966, 30.2753982122571], [31.5048498839059, 30.2765414100643]]}, "properties": {"OBJECTID": 243, "اسم_الحي": "حي 39", "نوع_الطريق": "1", "اسم_القطاع": "ABOR 15", "موقف_التنفيذ": "تم التسليم", "موقف_المتخلص": "3", "Length": 0.283013698630137, "Field": "رئيسي"}}, {"type": "Feature", "geometry": {"type": "LineString", "coordinates": [[31.5080855845878, 30.2680331423761], [31.5080546468367, 30.2679754093079], [31.5080260239987, 30.2679167922508], [31.5079997498712, 30.2678573604172], [31.5079758554783, 30.2677971839818], [31.5079543690341, 30.2677363339989], [31.5079353159094, 30.2676748823178], [31.5079187186019, 30.2676129014988], [31.5079045967095, 30.2675504647268], [31.5078929669069, 30.2674876457255], [31.5078838429266, 30.2674245186698], [31.5078772355419, 30.2673611580987], [31.5078731525549, 30.267297638827], [31.5078715987865, 30.2672340358569], [31.5078725760714, 30.2671704242898], [31.5078760832558, 30.2671068792373], [31.5078821161984, 30.2670434757326]]}, "properties": {"OBJECTID": 246, "اسم_الحي": "حي 39", "نوع_الطريق": "2", "اسم_القطاع": "ABOR 21", "موقف_التنفيذ": "تم التسليم", "موقف_المتخلص": "3", "Length": 0.283013698630137, "Field": "رئيسي"}}, {"type": "Feature", "geometry": {"type": "LineString", "coordinates": [[31.5198724089408, 30.2687288701428], [31.5200356897733, 30.2692543494126], [31.5201393905156, 30.2695880829939], [31.5201580600865, 30.2696513923123], [31.5201748535588, 30.2697150923265], [31.5201897600016, 30.2697791415729], [31.5202027697124, 30.2698434983611], [31.5202138742229, 30.2699081208002], [31.5202230663052, 30.2699729668268], [31.5202303399761, 30.2700379942318], [31.5202356905012, 30.2701031606883], [31.5202391143978, 30.2701684237788], [31.5202406094371, 30.2702337410232], [31.5202401746462, 30.2702990699059], [31.5202378103081, 30.2703643679042], [31.5202335179616, 30.2704295925154], [31.5202273004006, 30.2704947012846], [31.5202191616724, 30.2705596518324], [31.5202091070742, 30.2706244018827]]}, "properties": {"OBJECTID": 249, "اسم_الحي": "حي 39", "نوع_الطريق": "2", "اسم_القطاع": "ABOR 17", "موقف_التنفيذ": "تم التسليم", "موقف_المتخلص": "3", "Length": 0.283013698630137, "Field": "رئيسي"}}, {"type": "Feature", "geometry": {"type": "LineString", "coordinates": [[31.5258810911218, 30.2676028908091], [31.5249444673427, 30.2678766004171]]}, "properties": {"OBJECTID": 252, "اسم_الحي": "حي 39", "نوع_الطريق": "2", "اسم_القطاع": "ABOR 17", "موقف_التنفيذ": "تم التسليم", "موقف_المتخلص": "3", "Length": 0.283013698630137, "Field": "رئيسي"}}, {"type": "Feature", "geometry": {"type": "LineString", "coordinates": [[31.5810825721556, 30.2532563780257], [31.5814966578828, 30.2532751306601]]}, "properties": {"OBJECTID": 256, "اسم_الحي": "حي 15", "نوع_الطريق": "3", "اسم_القطاع": "ABOR 7", "موقف_التنفيذ": "جاري العمل ميدانيا", "موقف_المتخلص": "3", "Length": 0.1752358490566038, "Field": "ثانوي"}}, {"type": "Feature", "geometry": {"type": "LineString", "coordinates": [[31.5562534532515, 30.2629306634562], [31.560837568853, 30.2636299805524], [31.5618088475148, 30.2638847770091], [31.5640299019503, 30.2646486261245], [31.5661395297314, 30.2656313871568], [31.5681775700935, 30.2668753267159], [31.5692021136729, 30.2676317816603], [31.5709512061199, 30.2691880873839], [31.5720465531802, 30.2702895180422], [31.5741091820593, 30.2723635166472]]}, "properties": {"OBJECTID": 259, "اسم_الحي": "حي 14", "نوع_الطريق": "1", "اسم_القطاع": "ABOR 2", "موقف_التنفيذ": "تم التسليم", "موقف_المتخلص": "2", "Length": 0.283013698630137, "Field": "رئيسي"}}, {"type": "Feature", "geometry": {"type": "LineString", "coordinates": [[31.5065926606836, 30.2690768411668], [31.5082941878278, 30.2686249974404]]}, "properties": {"OBJECTID": 263, "اسم_الحي": "حي 39", "نوع_الطريق": "2", "اسم_القطاع": "ABOR 21", "موقف_التنفيذ": "تم التسليم", "موقف_المتخلص": "3", "Length": 0.283013698630137, "Field": "رئيسي"}}, {"type": "Feature", "geometry": {"type": "LineString", "coordinates": [[31.5096597500701, 30.2647336974788], [31.5098543327304, 30.2642457881926]]}, "properties": {"OBJECTID": 266, "اسم_الحي": "حي 39", "نوع_الطريق": "2", "اسم_القطاع": "ABOR 20", "موقف_التنفيذ": "تم التسليم", "موقف_المتخلص": "3", "Length": 0.283013698630137, "Field": "رئيسي"}}, {"type": "Feature", "geometry": {"type": "LineString", "coordinates": [[31.5291928050245, 30.2751306705961], [31.5300363619273, 30.2733189343606]]}, "properties": {"OBJECTID": 269, "اسم_الحي": "حي 39", "نوع_الطريق": "2", "اسم_القطاع": "ABOR 16", "موقف_التنفيذ": "تم التسليم", "موقف_المتخلص": "3", "Length": 0.283013698630137, "Field": "رئيسي"}}, {"type": "Feature", "geometry": {"type": "LineString", "coordinates": [[31.5875366482705, 30.2510975731991], [31.5875028827967, 30.2507396737164]]}, "properties": {"OBJECTID": 272, "اسم_الحي": "حي 15", "نوع_الطريق": "3", "اسم_القطاع": "ABOR 7", "موقف_التنفيذ": "جاري العمل ميدانيا", "موقف_المتخلص": "3", "Length": 0.1752358490566038, "Field": "ثانوي"}}, {"type": "Feature", "geometry": {"type": "LineString", "coordinates": [[31.5157508248755, 30.2727147702296], [31.5149895618457, 30.2724464456741], [31.5139360300941, 30.272075110883], [31.5138188050497, 30.2720337842002], [31.5129939219809, 30.2717430335461]]}, "properties": {"OBJECTID": 275, "اسم_الحي": "حي 39", "نوع_الطريق": "2", "اسم_القطاع": "ABOR 14", "موقف_التنفيذ": "تم التسليم", "موقف_المتخلص": "3", "Length": 0.283013698630137, "Field": "رئيسي"}}, {"type": "Feature", "geometry": {"type": "LineString", "coordinates": [[31.5894424060572, 30.2535571878242], [31.589426312261, 30.2538607399239]]}, "properties": {"OBJECTID": 279, "اسم_الحي": "حي 15", "نوع_الطريق": "3", "اسم_القطاع": "ABOR 7", "موقف_التنفيذ": "جاري العمل ميدانيا", "موقف_المتخلص": "3", "Length": 0.1752358490566038, "Field": "ثانوي"}}, {"type": "Feature", "geometry": {"type": "LineString", "coordinates": [[31.5367194141781, 30.2683411228659], [31.53302859966, 30.2682692263564]]}, "properties": {"OBJECTID": 282, "اسم_الحي": "حي 39", "نوع_الطريق": "1", "اسم_القطاع": "ABOR 16", "موقف_التنفيذ": "تم التسليم", "موقف_المتخلص": "3", "Length": 0.283013698630137, "Field": "رئيسي"}}, {"type": "Feature", "geometry": {"type": "LineString", "coordinates": [[31.5854803651258, 30.2531214987853], [31.585888126156, 30.2531418501866]]}, "properties": {"OBJECTID": 285, "اسم_الحي": "حي 15", "نوع_الطريق": "3", "اسم_القطاع": "ABOR 7", "موقف_التنفيذ": "جاري العمل ميدانيا", "موقف_المتخلص": "3", "Length": 0.1752358490566038, "Field": "ثانوي"}}, {"type": "Feature", "geometry": {"type": "LineString", "coordinates": [[31.5840966161139, 30.2510743893643], [31.5840766325131, 30.2508151989856]]}, "properties": {"OBJECTID": 288, "اسم_الحي": "حي 15", "نوع_الطريق": "3", "اسم_القطاع": "ABOR 7", "موقف_التنفيذ": "جاري العمل ميدانيا", "موقف_المتخلص": "3", "Length": 0.1752358490566038, "Field": "ثانوي"}}, {"type": "Feature", "geometry": {"type": "LineString", "coordinates": [[31.5218043144241, 30.2785231424164], [31.5219418059, 30.2774387006807]]}, "properties": {"OBJECTID": 291, "اسم_الحي": "حي 39", "نوع_الطريق": "3", "اسم_القطاع": "ABOR 13", "موقف_التنفيذ": "تم التسليم", "موقف_المتخلص": "3", "Length": 0.283013698630137, "Field": "ثانوي"}}, {"type": "Feature", "geometry": {"type": "LineString", "coordinates": [[31.5074701457844, 30.2641321217389], [31.5076321436591, 30.2636650479141]]}, "properties": {"OBJECTID": 294, "اسم_الحي": "حي 39", "نوع_الطريق": "2", "اسم_القطاع": "ABOR 20", "موقف_التنفيذ": "تم التسليم", "موقف_المتخلص": "3", "Length": 0.283013698630137, "Field": "رئيسي"}}, {"type": "Feature", "geometry": {"type": "LineString", "coordinates": [[31.5843550487109, 30.2522182746347], [31.5850726448366, 30.2522471698162], [31.5855369624516, 30.2522658648776], [31.5867619470936, 30.25231517786]]}, "properties": {"OBJECTID": 297, "اسم_الحي": "حي 15", "نوع_الطريق": "2", "اسم_القطاع": "ABOR 7", "موقف_التنفيذ": "جاري العمل ميدانيا", "موقف_المتخلص": "3", "Length": 0.1752358490566038, "Field": "رئيسي"}}, {"type": "Feature", "geometry": {"type": "LineString", "coordinates": [[31.5630307116706, 30.2526212726353], [31.56349063592, 30.2526443051687], [31.5646051576337, 30.2527001108395], [31.5650463161214, 30.2527221977869]]}, "properties": {"OBJECTID": 300, "اسم_الحي": "حي 16", "نوع_الطريق": "2", "اسم_القطاع": "ABOR 10", "موقف_التنفيذ": "جاري العمل مكتبيا", "موقف_المتخلص": "3", "Length": 0.1752358490566038, "Field": "رئيسي"}}, {"type": "Feature", "geometry": {"type": "LineString", "coordinates": [[31.4966187877297, 30.2711432777498], [31.4965882360581, 30.2711511177131], [31.4956046424304, 30.2714035007158], [31.4949557263465, 30.2715700034038]]}, "properties": {"OBJECTID": 303, "اسم_الحي": "حي 39", "نوع_الطريق": "2", "اسم_القطاع": "ABOR 22", "موقف_التنفيذ": "تم التسليم", "موقف_المتخلص": "3", "Length": 0.283013698630137, "Field": "رئيسي"}}, {"type": "Feature", "geometry": {"type": "LineString", "coordinates": [[31.5166058203749, 30.2607906986121], [31.5165770313587, 30.2607868504413], [31.5165479622771, 30.260788499506], [31.5165200032792, 30.2607955669439], [31.5164944914277, 30.260807714773], [31.5161676973195, 30.2610827117183], [31.5159921288532, 30.2611303079996], [31.5158082601747, 30.2611366054373], [31.5156288796713, 30.2611011660414], [31.5150692726273, 30.2609534519012]]}, "properties": {"OBJECTID": 306, "اسم_الحي": "حي 39", "نوع_الطريق": "2", "اسم_القطاع": "ABOR 19", "موقف_التنفيذ": "تم التسليم", "موقف_المتخلص": "3", "Length": 0.283013698630137, "Field": "رئيسي"}}, {"type": "Feature", "geometry": {"type": "LineString", "coordinates": [[31.5139360300941, 30.272075110883], [31.5137063086437, 30.2725661186651]]}, "properties": {"OBJECTID": 310, "اسم_الحي": "حي 39", "نوع_الطريق": "3", "اسم_القطاع": "ABOR 14", "موقف_التنفيذ": "تم التسليم", "موقف_المتخلص": "3", "Length": 0.283013698630137, "Field": "ثانوي"}}, {"type": "Feature", "geometry": {"type": "LineString", "coordinates": [[31.569872151766, 30.2518482329514], [31.56984826851, 30.2522087028813], [31.5698039676397, 30.2528773361392], [31.5697600159942, 30.253540677598], [31.5697329950074, 30.2539484831877]]}, "properties": {"OBJECTID": 313, "اسم_الحي": "حي 16", "نوع_الطريق": "2", "اسم_القطاع": "ABOR 9", "موقف_التنفيذ": "جاري العمل ميدانيا", "موقف_المتخلص": "3", "Length": 0.1752358490566038, "Field": "رئيسي"}}, {"type": "Feature", "geometry": {"type": "LineString", "coordinates": [[31.5726119992236, 30.251712887167], [31.5725966990504, 30.2519451505893]]}, "properties": {"OBJECTID": 316, "اسم_الحي": "حي 15", "نوع_الطريق": "3", "اسم_القطاع": "ABOR 8", "موقف_التنفيذ": "جاري العمل ميدانيا", "موقف_المتخلص": "3", "Length": 0.1752358490566038, "Field": "ثانوي"}}, {"type": "Feature", "geometry": {"type": "LineString", "coordinates": [[31.5223499734583, 30.2641553221846], [31.5229438455784, 30.2640007689639]]}, "properties": {"OBJECTID": 319, "اسم_الحي": "حي 39", "نوع_الطريق": "2", "اسم_القطاع": "ABOR 19", "موقف_التنفيذ": "تم التسليم", "موقف_المتخلص": "3", "Length": 0.283013698630137, "Field": "رئيسي"}}, {"type": "Feature", "geometry": {"type": "LineString", "coordinates": [[31.5184834301658, 30.2657560327881], [31.5197120454519, 30.2655345163845]]}, "properties": {"OBJECTID": 322, "اسم_الحي": "حي 39", "نوع_الطريق": "2", "اسم_القطاع": "ABOR 19", "موقف_التنفيذ": "تم التسليم", "موقف_المتخلص": "3", "Length": 0.283013698630137, "Field": "رئيسي"}}, {"type": "Feature", "geometry": {"type": "LineString", "coordinates": [[31.507268040352, 30.2735096192502], [31.5051866581625, 30.2737828863947]]}, "properties": {"OBJECTID": 326, "اسم_الحي": "حي 39", "نوع_الطريق": "2", "اسم_القطاع": "ABOR 15", "موقف_التنفيذ": "تم التسليم", "موقف_المتخلص": "3", "Length": 0.283013698630137, "Field": "رئيسي"}}, {"type": "Feature", "geometry": {"type": "LineString", "coordinates": [[31.5802616347485, 30.2514326677437], [31.5803011468346, 30.2516945658917]]}, "properties": {"OBJECTID": 329, "اسم_الحي": "حي 15", "نوع_الطريق": "3", "اسم_القطاع": "ABOR 7", "موقف_التنفيذ": "جاري العمل ميدانيا", "موقف_المتخلص": "3", "Length": 0.1752358490566038, "Field": "ثانوي"}}, {"type": "Feature", "geometry": {"type": "LineString", "coordinates": [[31.4965882360581, 30.2711511177131], [31.4961446142068, 30.2699406612794], [31.4960808072123, 30.2697885310376], [31.4960187582431, 30.269678254708], [31.4960002336507, 30.2696453319089], [31.4959804996586, 30.2696102604429], [31.4956733133962, 30.2691500697647]]}, "properties": {"OBJECTID": 332, "اسم_الحي": "حي 39", "نوع_الطريق": "2", "اسم_القطاع": "ABOR 22", "موقف_التنفيذ": "تم التسليم", "موقف_المتخلص": "3", "Length": 0.283013698630137, "Field": "رئيسي"}}, {"type": "Feature", "geometry": {"type": "LineString", "coordinates": [[31.5562534532515, 30.2629306634562], [31.5557100592123, 30.2649273259046], [31.5554650636531, 30.2656971955389], [31.5553873990812, 30.2659281241871], [31.5551952871411, 30.2664761904067], [31.5548686056742, 30.2673431634886], [31.5545249959276, 30.2681828794137]]}, "properties": {"OBJECTID": 335, "اسم_الحي": "حي 14", "نوع_الطريق": "1", "اسم_القطاع": "ABOR 3", "موقف_التنفيذ": "تم التسليم", "موقف_المتخلص": "2", "Length": 0.283013698630137, "Field": "رئيسي"}}, {"type": "Feature", "geometry": {"type": "LineString", "coordinates": [[31.59096703106, 30.2529298540363], [31.5909091321925, 30.2532195846576], [31.5908477311073, 30.2535087759118], [31.5907828345111, 30.2537973962165], [31.5907144494923, 30.2540854140519], [31.5906425835203, 30.2543727979642], [31.5905672444449, 30.2546595165691], [31.5904884404951, 30.2549455385553], [31.5904061802783, 30.2552308326879]]}, "properties": {"OBJECTID": 338, "اسم_الحي": "حي 15", "نوع_الطريق": "1", "اسم_القطاع": "ABOR 7", "موقف_التنفيذ": "جاري العمل ميدانيا", "موقف_المتخلص": "3", "Length": 0.1752358490566038, "Field": "رئيسي"}}, {"type": "Feature", "geometry": {"type": "LineString", "coordinates": [[31.5899459495367, 30.2535773076444], [31.5894424060572, 30.2535571878242], [31.588873549337, 30.2535344558128], [31.5880427566276, 30.2535012525316], [31.5875274931719, 30.2534806570371]]}, "properties": {"OBJECTID": 341, "اسم_الحي": "حي 15", "نوع_الطريق": "2", "اسم_القطاع": "ABOR 7", "موقف_التنفيذ": "جاري العمل ميدانيا", "موقف_المتخلص": "3", "Length": 0.1752358490566038, "Field": "رئيسي"}}, {"type": "Feature", "geometry": {"type": "LineString", "coordinates": [[31.5615188566111, 30.252985495292], [31.5610348862165, 30.252961295637], [31.5601283157371, 30.2529159603692]]}, "properties": {"OBJECTID": 344, "اسم_الحي": "حي 16", "نوع_الطريق": "2", "اسم_القطاع": "ABOR 10", "موقف_التنفيذ": "جاري العمل مكتبيا", "موقف_المتخلص": "3", "Length": 0.1752358490566038, "Field": "رئيسي"}}, {"type": "Feature", "geometry": {"type": "LineString", "coordinates": [[31.5341016715745, 30.2752774084642], [31.5350478631133, 30.2752735513698], [31.5364489821273, 30.2752678276734], [31.5365404655528, 30.2752674537001]]}, "properties": {"OBJECTID": 347, "اسم_الحي": "حي 39", "نوع_الطريق": "2", "اسم_القطاع": "ABOR 16", "موقف_التنفيذ": "تم التسليم", "موقف_المتخلص": "3", "Length": 0.283013698630137, "Field": "رئيسي"}}, {"type": "Feature", "geometry": {"type": "LineString", "coordinates": [[31.5799482786817, 30.2555202116923], [31.5799320385196, 30.2557887425141]]}, "properties": {"OBJECTID": 350, "اسم_الحي": "حي 15", "نوع_الطريق": "3", "اسم_القطاع": "ABOR 7", "موقف_التنفيذ": "جاري العمل ميدانيا", "موقف_المتخلص": "3", "Length": 0.1752358490566038, "Field": "ثانوي"}}, {"type": "Feature", "geometry": {"type": "LineString", "coordinates": [[31.4965981267261, 30.2693303881824], [31.4965807517277, 30.2693395406901], [31.4960480102045, 30.269620165154], [31.4960002336507, 30.2696453319089]]}, "properties": {"OBJECTID": 353, "اسم_الحي": "حي 39", "نوع_الطريق": "2", "اسم_القطاع": "ABOR 22", "موقف_التنفيذ": "تم التسليم", "موقف_المتخلص": "3", "Length": 0.283013698630137, "Field": "رئيسي"}}, {"type": "Feature", "geometry": {"type": "LineString", "coordinates": [[31.5212509190844, 30.2632336612859], [31.5202153385573, 30.2629480941378], [31.5197871367917, 30.2628300122794], [31.5197300910119, 30.2628153127325], [31.5196724342631, 30.2628025144481], [31.5196142514516, 30.2627916362739], [31.5195556282586, 30.2627826942299], [31.5194966510138, 30.2627757014849], [31.519437406568, 30.2627706683369], [31.5193779821659, 30.2627676021981], [31.5193184653168, 30.2627665075841], [31.5192589436664, 30.2627673861068], [31.5191995048675, 30.2627702364724], [31.5191402364506, 30.2627750544832], [31.5190812256956, 30.2627818330439], [31.5190225595029, 30.2627905621719], [31.5189643242653, 30.2628012290118], [31.5189066057413, 30.262813817855], [31.518849488928, 30.2628283101621], [31.5181237263328, 30.263025552019]]}, "properties": {"OBJECTID": 356, "اسم_الحي": "حي 39", "نوع_الطريق": "2", "اسم_القطاع": "ABOR 19", "موقف_التنفيذ": "تم التسليم", "موقف_المتخلص": "3", "Length": 0.283013698630137, "Field": "رئيسي"}}, {"type": "Feature", "geometry": {"type": "LineString", "coordinates": [[31.5855369624516, 30.2522658648776], [31.5855649389028, 30.2518429117913], [31.5855941262423, 30.2514016507444], [31.5856219692056, 30.2509807154669]]}, "properties": {"OBJECTID": 359, "اسم_الحي": "حي 15", "نوع_الطريق": "2", "اسم_القطاع": "ABOR 7", "موقف_التنفيذ": "جاري العمل ميدانيا", "موقف_المتخلص": "3", "Length": 0.1752358490566038, "Field": "رئيسي"}}, {"type": "Feature", "geometry": {"type": "LineString", "coordinates": [[31.5577494756651, 30.2491782496472], [31.5583090028304, 30.2492397161912]]}, "properties": {"OBJECTID": 362, "اسم_الحي": "حي 16", "نوع_الطريق": "3", "اسم_القطاع": "ABOR 10", "موقف_التنفيذ": "جاري العمل مكتبيا", "موقف_المتخلص": "3", "Length": 0.1752358490566038, "Field": "ثانوي"}}, {"type": "Feature", "geometry": {"type": "LineString", "coordinates": [[31.558331132818, 30.2811523507064], [31.5593077601577, 30.2802183291247], [31.5593415924171, 30.2801986554766], [31.5593792329897, 30.2801850884078], [31.5594192223717, 30.2801781539804], [31.5594600099847, 30.2801781210766], [31.5595000142993, 30.2801849909723], [31.5595376841582, 30.2801984972875], [31.559571558922, 30.2802181163157], [31.5600593431723, 30.2806878594938], [31.5601091413203, 30.2809124562806], [31.5601302687285, 30.2811404035071], [31.5601224731925, 30.2813689800813], [31.5601077449164, 30.2814826510915]]}, "properties": {"OBJECTID": 365, "اسم_الحي": "حي 13", "نوع_الطريق": "2", "اسم_القطاع": "ABOR 5", "موقف_التنفيذ": "تم التسليم", "موقف_المتخلص": "3", "Length": 0.283013698630137, "Field": "رئيسي"}}, {"type": "Feature", "geometry": {"type": "LineString", "coordinates": [[31.5113940712391, 30.2591423709662], [31.5109302581575, 30.2599743512742], [31.5108754160638, 30.2600866427272]]}, "properties": {"OBJECTID": 368, "اسم_الحي": "حي 39", "نوع_الطريق": "2", "اسم_القطاع": "ABOR 20", "موقف_التنفيذ": "تم التسليم", "موقف_المتخلص": "3", "Length": 0.283013698630137, "Field": "رئيسي"}}, {"type": "Feature", "geometry": {"type": "LineString", "coordinates": [[31.5078821161984, 30.2670434757326], [31.5078903543769, 30.2669822592987], [31.5079009475524, 30.2669213136259], [31.5079138839815, 30.2668607062767], [31.5079291493236, 30.2668005044388], [31.507946726656, 30.2667407748502], [31.5079665964933, 30.2666815837257], [31.5079887368085, 30.2666229966833], [31.5080131230577, 30.2665650786713], [31.5080689262073, 30.2664391301919]]}, "properties": {"OBJECTID": 371, "اسم_الحي": "حي 39", "نوع_الطريق": "2", "اسم_القطاع": "ABOR 21", "موقف_التنفيذ": "تم التسليم", "موقف_المتخلص": "3", "Length": 0.283013698630137, "Field": "رئيسي"}}, {"type": "Feature", "geometry": {"type": "LineString", "coordinates": [[31.57142287441, 30.2581848808884], [31.5707258531259, 30.2581490198193], [31.5705975996688, 30.2581337847069], [31.5704711372025, 30.2581098583682], [31.5703472538676, 30.258077389911], [31.5693560567959, 30.2577430387139], [31.5693560567959, 30.2577430387139]]}, "properties": {"OBJECTID": 374, "اسم_الحي": "حي 15", "نوع_الطريق": "2", "اسم_القطاع": "ABOR 8", "موقف_التنفيذ": "جاري العمل ميدانيا", "موقف_المتخلص": "3", "Length": 0.1752358490566038, "Field": "رئيسي"}}, {"type": "Feature", "geometry": {"type": "LineString", "coordinates": [[31.5540845966389, 30.2791206877194], [31.5512233041616, 30.2768843230184]]}, "properties": {"OBJECTID": 377, "اسم_الحي": "حي 13", "نوع_الطريق": "2", "اسم_القطاع": "ABOR 5", "موقف_التنفيذ": "تم التسليم", "موقف_المتخلص": "3", "Length": 0.283013698630137, "Field": "رئيسي"}}, {"type": "Feature", "geometry": {"type": "LineString", "coordinates": [[31.5615737765375, 30.2521591422972], [31.5620230245013, 30.2521816728909]]}, "properties": {"OBJECTID": 380, "اسم_الحي": "حي 16", "نوع_الطريق": "3", "اسم_القطاع": "ABOR 10", "موقف_التنفيذ": "جاري العمل مكتبيا", "موقف_المتخلص": "3", "Length": 0.1752358490566038, "Field": "ثانوي"}}, {"type": "Feature", "geometry": {"type": "LineString", "coordinates": [[31.5650098378178, 30.2532713524821], [31.5654227860545, 30.2532920499785]]}, "properties": {"OBJECTID": 383, "اسم_الحي": "حي 16", "نوع_الطريق": "3", "اسم_القطاع": "ABOR 10", "موقف_التنفيذ": "جاري العمل مكتبيا", "موقف_المتخلص": "3", "Length": 0.1752358490566038, "Field": "ثانوي"}}, {"type": "Feature", "geometry": {"type": "LineString", "coordinates": [[31.5160386261957, 30.266459714917], [31.5145920699205, 30.2668590290157]]}, "properties": {"OBJECTID": 386, "اسم_الحي": "حي 39", "نوع_الطريق": "2", "اسم_القطاع": "ABOR 20", "موقف_التنفيذ": "تم التسليم", "موقف_المتخلص": "3", "Length": 0.283013698630137, "Field": "رئيسي"}}, {"type": "Feature", "geometry": {"type": "LineString", "coordinates": [[31.5898366321218, 30.2540355400148], [31.5902065313593, 30.2541156170692]]}, "properties": {"OBJECTID": 391, "اسم_الحي": "حي 15", "نوع_الطريق": "3", "اسم_القطاع": "ABOR 7", "موقف_التنفيذ": "جاري العمل ميدانيا", "موقف_المتخلص": "3", "Length": 0.1752358490566038, "Field": "ثانوي"}}, {"type": "Feature", "geometry": {"type": "LineString", "coordinates": [[31.5496529746802, 30.2779734376192], [31.5501860226428, 30.2774616103528], [31.5502373799198, 30.2774282891046], [31.5502953021447, 30.2774043044814], [31.5503575435804, 30.2773905864123], [31.5504216910276, 30.2773876667732], [31.5504852573875, 30.277395658764], [31.5505457780913, 30.2774142525199], [31.5506009066548, 30.2774427271257], [31.5534991340805, 30.2797059552143], [31.5535400279074, 30.2797489658367], [31.5535704688053, 30.2797980167537], [31.5535892972484, 30.2798512395569], [31.5535957960417, 30.2799066069288], [31.5535897176393, 30.2799620098662], [31.5535712935738, 30.2800153380149], [31.5535412256374, 30.2800645600546], [31.5530003526173, 30.2805905482661], [31.5530003526173, 30.2805905482661]]}, "properties": {"OBJECTID": 394, "اسم_الحي": "حي 13", "نوع_الطريق": "2", "اسم_القطاع": "ABOR 5", "موقف_التنفيذ": "تم التسليم", "موقف_المتخلص": "3", "Length": 0.283013698630137, "Field": "رئيسي"}}, {"type": "Feature", "geometry": {"type": "LineString", "coordinates": [[31.5803315307479, 30.2539803461453], [31.5803801497478, 30.2543256079285]]}, "properties": {"OBJECTID": 397, "اسم_الحي": "حي 15", "نوع_الطريق": "3", "اسم_القطاع": "ABOR 7", "موقف_التنفيذ": "جاري العمل ميدانيا", "موقف_المتخلص": "3", "Length": 0.1752358490566038, "Field": "ثانوي"}}, {"type": "Feature", "geometry": {"type": "LineString", "coordinates": [[31.5806613541749, 30.2558618130336], [31.5810575290988, 30.2556047690849]]}, "properties": {"OBJECTID": 401, "اسم_الحي": "حي 15", "نوع_الطريق": "3", "اسم_القطاع": "ABOR 7", "موقف_التنفيذ": "جاري العمل ميدانيا", "موقف_المتخلص": "3", "Length": 0.1752358490566038, "Field": "ثانوي"}}, {"type": "Feature", "geometry": {"type": "LineString", "coordinates": [[31.5663920186296, 30.2554750241383], [31.5668666647972, 30.255498573488]]}, "properties": {"OBJECTID": 404, "اسم_الحي": "حي 16", "نوع_الطريق": "3", "اسم_القطاع": "ABOR 9", "موقف_التنفيذ": "جاري العمل ميدانيا", "موقف_المتخلص": "3", "Length": 0.1752358490566038, "Field": "ثانوي"}}, {"type": "Feature", "geometry": {"type": "LineString", "coordinates": [[31.5303995139571, 30.2625388824118], [31.5275088270891, 30.2633323200706]]}, "properties": {"OBJECTID": 407, "اسم_الحي": "حي 39", "نوع_الطريق": "2", "اسم_القطاع": "ABOR 18", "موقف_التنفيذ": "تم التسليم", "موقف_المتخلص": "3", "Length": 0.283013698630137, "Field": "رئيسي"}}, {"type": "Feature", "geometry": {"type": "LineString", "coordinates": [[31.5145920699205, 30.2668590290157], [31.5145917776606, 30.2668591096115], [31.5139485438361, 30.2670171737948]]}, "properties": {"OBJECTID": 411, "اسم_الحي": "حي 39", "نوع_الطريق": "2", "اسم_القطاع": "ABOR 20", "موقف_التنفيذ": "تم التسليم", "موقف_المتخلص": "3", "Length": 0.283013698630137, "Field": "رئيسي"}}, {"type": "Feature", "geometry": {"type": "LineString", "coordinates": [[31.5807937057228, 30.2547846253349], [31.5814243826063, 30.2553978712883], [31.5814639327016, 30.2554320128101], [31.5815056584083, 30.2554646918157], [31.5815494516737, 30.255495760962], [31.5815951877784, 30.2555250754322], [31.5816427252073, 30.2555525019574], [31.5816794658382, 30.2555717613144], [31.5817297654434, 30.2555956031545], [31.5817814008695, 30.2556172587594], [31.5818341788882, 30.2556366493404], [31.58188790088, 30.2556537095851], [31.5819423627182, 30.2556683957767], [31.5819973548722, 30.2556806785768], [31.5820526716831, 30.2556905485395], [31.5821081051538, 30.25569801424], [31.5821634553676, 30.2557031005823], [31.5833196203393, 30.2557610077424], [31.5857589059789, 30.2558825377686], [31.5858281827685, 30.2558873362518], [31.5858983564979, 30.2558949658433], [31.585969219617, 30.2559055497188], [31.5860405471941, 30.2559191910167], [31.5861120946435, 30.2559359863476], [31.5861836011275, 30.2559560059809], [31.5862547946483, 30.2559793011176], [31.586325387853, 30.2560059065528], [31.5863950855397, 30.2560358245148], [31.5864635886336, 30.2560690373403], [31.5865305953936, 30.2561054957577], [31.5865958054273, 30.2561451288557], [31.5866589271324, 30.2561878324334], [31.5867196775295, 30.2562334807287], [31.5867777886125, 30.2562819183657], [31.5868330113899, 30.2563329685191], [31.5868851180141, 30.2563864293279], [31.5869339047447, 30.2564420847546], [31.5869791972729, 30.25649969562], [31.5870208494378, 30.2565590167323], [31.587058748564, 30.2566197870197], [31.5870928100595, 30.2566817439086], [31.5871229857807, 30.2567446198047], [31.5871492545643, 30.2568081501113], [31.5871716295009, 30.2568720733078], [31.5871901505843, 30.2569361362841], [31.5872048846982, 30.2570000952427], [31.5872159234734, 30.2570637201872], [31.5872231743236, 30.2571245477709], [31.5872267031403, 30.2571736180663], [31.5872282227004, 30.2572352608446], [31.5872265613587, 30.2572958452077], [31.5872147067485, 30.2574768230927]]}, "properties": {"OBJECTID": 414, "اسم_الحي": "حي 15", "نوع_الطريق": "2", "اسم_القطاع": "ABOR 7", "موقف_التنفيذ": "جاري العمل ميدانيا", "موقف_المتخلص": "3", "Length": 0.1752358490566038, "Field": "رئيسي"}}, {"type": "Feature", "geometry": {"type": "LineString", "coordinates": [[31.5269482276069, 30.2732080452559], [31.5255752285457, 30.2727394381299]]}, "properties": {"OBJECTID": 417, "اسم_الحي": "حي 39", "نوع_الطريق": "3", "اسم_القطاع": "ABOR 17", "موقف_التنفيذ": "تم التسليم", "موقف_المتخلص": "3", "Length": 0.283013698630137, "Field": "ثانوي"}}, {"type": "Feature", "geometry": {"type": "LineString", "coordinates": [[31.5709847021903, 30.2692217689606], [31.5712746517104, 30.2696661234233], [31.5714842777412, 30.2701429678701], [31.5716363133372, 30.2707317861173], [31.5716940422205, 30.2713329999836], [31.5716587316768, 30.2719188913932], [31.5715338462047, 30.2724955730379], [31.571303981194, 30.2730898312609], [31.5709789073155, 30.2736499484513], [31.5706387577351, 30.2741052089768], [31.5702603127266, 30.2745373380359], [31.5702603127266, 30.2745373380359]]}, "properties": {"OBJECTID": 420, "اسم_الحي": "حي 14", "نوع_الطريق": "2", "اسم_القطاع": "ABOR 2", "موقف_التنفيذ": "تم التسليم", "موقف_المتخلص": "2", "Length": 0.283013698630137, "Field": "رئيسي"}}, {"type": "Feature", "geometry": {"type": "LineString", "coordinates": [[31.5047808657959, 30.2640694968413], [31.5045150473056, 30.2647604050457], [31.5038134468841, 30.2665839379196]]}, "properties": {"OBJECTID": 423, "اسم_الحي": "حي 39", "نوع_الطريق": "2", "اسم_القطاع": "ABOR 21", "موقف_التنفيذ": "تم التسليم", "موقف_المتخلص": "3", "Length": 0.283013698630137, "Field": "رئيسي"}}, {"type": "Feature", "geometry": {"type": "LineString", "coordinates": [[31.5225393347122, 30.2647036003961], [31.5243013333086, 30.2642450370137]]}, "properties": {"OBJECTID": 426, "اسم_الحي": "حي 39", "نوع_الطريق": "2", "اسم_القطاع": "ABOR 19", "موقف_التنفيذ": "تم التسليم", "موقف_المتخلص": "3", "Length": 0.283013698630137, "Field": "رئيسي"}}, {"type": "Feature", "geometry": {"type": "LineString", "coordinates": [[31.5885688437885, 30.2559299362443], [31.588568008517, 30.2559425565966], [31.5885451871115, 30.2562875782475]]}, "properties": {"OBJECTID": 430, "اسم_الحي": "حي 15", "نوع_الطريق": "3", "اسم_القطاع": "ABOR 7", "موقف_التنفيذ": "جاري العمل ميدانيا", "موقف_المتخلص": "3", "Length": 0.1752358490566038, "Field": "ثانوي"}}, {"type": "Feature", "geometry": {"type": "LineString", "coordinates": [[31.5225197531745, 30.2695573499936], [31.5220360717247, 30.2680026247779], [31.521998394736, 30.2679279608398], [31.5219441285712, 30.2678613503411], [31.5218754831221, 30.2678055058931], [31.5217952538505, 30.2677627016801], [31.5217067079486, 30.2677346808443], [31.5216134512884, 30.2677225844967], [31.5215192815788, 30.2677269052449], [31.520307611381, 30.2680511146448], [31.520307611381, 30.2680511146448]]}, "properties": {"OBJECTID": 433, "اسم_الحي": "حي 39", "نوع_الطريق": "2", "اسم_القطاع": "ABOR 17", "موقف_التنفيذ": "تم التسليم", "موقف_المتخلص": "3", "Length": 0.283013698630137, "Field": "رئيسي"}}, {"type": "Feature", "geometry": {"type": "LineString", "coordinates": [[31.5833196203393, 30.2557610077424], [31.5832554716463, 30.25673116777]]}, "properties": {"OBJECTID": 436, "اسم_الحي": "حي 15", "نوع_الطريق": "3", "اسم_القطاع": "ABOR 7", "موقف_التنفيذ": "جاري العمل ميدانيا", "موقف_المتخلص": "3", "Length": 0.1752358490566038, "Field": "ثانوي"}}, {"type": "Feature", "geometry": {"type": "LineString", "coordinates": [[31.5181946021345, 30.2652365664857], [31.5184834301658, 30.2657560327881]]}, "properties": {"OBJECTID": 439, "اسم_الحي": "حي 39", "نوع_الطريق": "2", "اسم_القطاع": "ABOR 19", "موقف_التنفيذ": "تم التسليم", "موقف_المتخلص": "3", "Length": 0.283013698630137, "Field": "رئيسي"}}, {"type": "Feature", "geometry": {"type": "LineString", "coordinates": [[31.5368844729003, 30.2631070991744], [31.536777725022, 30.2660840635131], [31.5367194141781, 30.2683411228659], [31.5366600614722, 30.2706385079059], [31.5366019157952, 30.27288908821], [31.5365214668707, 30.2760027724021], [31.5364578449799, 30.2784650521624]]}, "properties": {"OBJECTID": 442, "اسم_الحي": "حي 39", "نوع_الطريق": "1", "اسم_القطاع": "ABOR 16", "موقف_التنفيذ": "تم التسليم", "موقف_المتخلص": "3", "Length": 0.283013698630137, "Field": "رئيسي"}}, {"type": "Feature", "geometry": {"type": "LineString", "coordinates": [[31.5876290197714, 30.2519421270412], [31.5871745478806, 30.2519195511955]]}, "properties": {"OBJECTID": 447, "اسم_الحي": "حي 15", "نوع_الطريق": "3", "اسم_القطاع": "ABOR 7", "موقف_التنفيذ": "جاري العمل ميدانيا", "موقف_المتخلص": "3", "Length": 0.1752358490566038, "Field": "ثانوي"}}, {"type": "Feature", "geometry": {"type": "LineString", "coordinates": [[31.5070836337101, 30.2588211412972], [31.5064513678442, 30.259342962364], [31.5063333152931, 30.2594403922188]]}, "properties": {"OBJECTID": 451, "اسم_الحي": "حي 39", "نوع_الطريق": "2", "اسم_القطاع": "ABOR 20", "موقف_التنفيذ": "تم التسليم", "موقف_المتخلص": "3", "Length": 0.283013698630137, "Field": "رئيسي"}}, {"type": "Feature", "geometry": {"type": "LineString", "coordinates": [[31.5603890575919, 30.2497879565995], [31.5604139263327, 30.2494130930371], [31.56041411803, 30.2494026995168], [31.5604146593211, 30.2493923151983], [31.5604155497488, 30.2493819488545], [31.5604167885608, 30.2493716092432], [31.5604183747105, 30.2493613050993], [31.560420306858, 30.249351045128], [31.5604225833708, 30.249340837997], [31.5604252023258, 30.2493306923297], [31.5604281615105, 30.2493206166972], [31.5604314584249, 30.2493106196116], [31.5604350902836, 30.2493007095187], [31.5604390540185, 30.2492908947906], [31.5604433462809, 30.249281183719], [31.5604479634446, 30.2492715845082], [31.560452901609, 30.2492621052676], [31.5604581566022, 30.2492527540055], [31.560949549927, 30.2484100360991]]}, "properties": {"OBJECTID": 454, "اسم_الحي": "حي 16", "نوع_الطريق": "2", "اسم_القطاع": "ABOR 10", "موقف_التنفيذ": "جاري العمل مكتبيا", "موقف_المتخلص": "3", "Length": 0.1752358490566038, "Field": "رئيسي"}}, {"type": "Feature", "geometry": {"type": "LineString", "coordinates": [[31.5063744313276, 30.2684576450445], [31.5062588872793, 30.268129801733], [31.5062383162564, 30.2680633502343], [31.5062209638606, 30.267996217099], [31.5062068601361, 30.2679285185615], [31.5061960295024, 30.2678603718353], [31.506188490712, 30.2677918949104], [31.5061842568176, 30.2677232063485], [31.5061833351499, 30.2676544250781], [31.5061857273046, 30.2675856701884], [31.5061914291401, 30.2675170607234], [31.5062004307839, 30.2674487154752], [31.5062127166504, 30.2673807527789], [31.5062282654677, 30.2673132903074], [31.5062470503142, 30.267246444868], [31.5062690386655, 30.2671803321994], [31.5062941924503, 30.2671150667721], [31.506322468117, 30.2670507615899], [31.5065143491508, 30.2666404901841]]}, "properties": {"OBJECTID": 457, "اسم_الحي": "حي 39", "نوع_الطريق": "2", "اسم_القطاع": "ABOR 21", "موقف_التنفيذ": "تم التسليم", "موقف_المتخلص": "3", "Length": 0.283013698630137, "Field": "رئيسي"}}, {"type": "Feature", "geometry": {"type": "LineString", "coordinates": [[31.4930581267903, 30.2748421180555], [31.4930588329976, 30.2748440669649], [31.4934099841687, 30.2758133783747], [31.493412792752, 30.2758207887937], [31.4934158282549, 30.2758281321745], [31.4934190885357, 30.2758354033357], [31.4934225712938, 30.2758425971468], [31.4934262740719, 30.2758497085321], [31.4934301942574, 30.2758567324737], [31.4934343290841, 30.2758636640157], [31.4934386756346, 30.2758704982673], [31.4934432308421, 30.2758772304062], [31.4934479914923, 30.2758838556823], [31.4934529542262, 30.275890369421], [31.4934581155421, 30.2758967670262], [31.4934634717983, 30.2759030439838], [31.4934690192155, 30.2759091958649], [31.4934747538793, 30.2759152183288], [31.4934806717436, 30.2759211071262], [31.4938892255411, 30.2763167487306]]}, "properties": {"OBJECTID": 460, "اسم_الحي": "حي 39", "نوع_الطريق": "2", "اسم_القطاع": "ABOR 15", "موقف_التنفيذ": "تم التسليم", "موقف_المتخلص": "3", "Length": 0.283013698630137, "Field": "رئيسي"}}, {"type": "Feature", "geometry": {"type": "LineString", "coordinates": [[31.4980042793743, 30.274871465622], [31.498166266758, 30.2752975361416], [31.4985838816165, 30.2763959487283]]}, "properties": {"OBJECTID": 464, "اسم_الحي": "حي 39", "نوع_الطريق": "1", "اسم_القطاع": "ABOR 15", "موقف_التنفيذ": "تم التسليم", "موقف_المتخلص": "3", "Length": 0.283013698630137, "Field": "رئيسي"}}, {"type": "Feature", "geometry": {"type": "LineString", "coordinates": [[31.493404518038, 30.2713334862393], [31.4921164605321, 30.2717019217318], [31.4920565877101, 30.271719047402], [31.4914206128442, 30.2718966439926], [31.4914136851343, 30.271898578928]]}, "properties": {"OBJECTID": 468, "اسم_الحي": "حي 39", "نوع_الطريق": "2", "اسم_القطاع": "ABOR 22", "موقف_التنفيذ": "تم التسليم", "موقف_المتخلص": "3", "Length": 0.283013698630137, "Field": "رئيسي"}}, {"type": "Feature", "geometry": {"type": "LineString", "coordinates": [[31.5324605297057, 30.2747021816497], [31.5341016715745, 30.2752774084642]]}, "properties": {"OBJECTID": 471, "اسم_الحي": "حي 39", "نوع_الطريق": "2", "اسم_القطاع": "ABOR 16", "موقف_التنفيذ": "تم التسليم", "موقف_المتخلص": "3", "Length": 0.283013698630137, "Field": "رئيسي"}}, {"type": "Feature", "geometry": {"type": "LineString", "coordinates": [[31.5875957593877, 30.2550909056223], [31.5863777609177, 30.256028034815]]}, "properties": {"OBJECTID": 474, "اسم_الحي": "حي 15", "نوع_الطريق": "2", "اسم_القطاع": "ABOR 7", "موقف_التنفيذ": "جاري العمل ميدانيا", "موقف_المتخلص": "3", "Length": 0.1752358490566038, "Field": "رئيسي"}}, {"type": "Feature", "geometry": {"type": "LineString", "coordinates": [[31.5898249788405, 30.2509346904308], [31.5898588100278, 30.2512925847768]]}, "properties": {"OBJECTID": 477, "اسم_الحي": "حي 15", "نوع_الطريق": "3", "اسم_القطاع": "ABOR 7", "موقف_التنفيذ": "جاري العمل ميدانيا", "موقف_المتخلص": "3", "Length": 0.1752358490566038, "Field": "ثانوي"}}, {"type": "Feature", "geometry": {"type": "LineString", "coordinates": [[31.5878357312208, 30.2542335757839], [31.5875761909835, 30.2545037386541]]}, "properties": {"OBJECTID": 480, "اسم_الحي": "حي 15", "نوع_الطريق": "3", "اسم_القطاع": "ABOR 7", "موقف_التنفيذ": "جاري العمل ميدانيا", "موقف_المتخلص": "3", "Length": 0.1752358490566038, "Field": "ثانوي"}}, {"type": "Feature", "geometry": {"type": "LineString", "coordinates": [[31.5366019157952, 30.27288908821], [31.5357816349671, 30.2728731185324]]}, "properties": {"OBJECTID": 483, "اسم_الحي": "حي 39", "نوع_الطريق": "3", "اسم_القطاع": "ABOR 16", "موقف_التنفيذ": "تم التسليم", "موقف_المتخلص": "3", "Length": 0.283013698630137, "Field": "ثانوي"}}, {"type": "Feature", "geometry": {"type": "LineString", "coordinates": [[31.5845237290565, 30.251048161288], [31.5844602856761, 30.2502694679429]]}, "properties": {"OBJECTID": 487, "اسم_الحي": "حي 15", "نوع_الطريق": "2", "اسم_القطاع": "ABOR 7", "موقف_التنفيذ": "جاري العمل ميدانيا", "موقف_المتخلص": "3", "Length": 0.1752358490566038, "Field": "رئيسي"}}, {"type": "Feature", "geometry": {"type": "LineString", "coordinates": [[31.5660217969776, 30.2512285372486], [31.5660217969776, 30.2512285372486], [31.5661357285736, 30.2508824016518]]}, "properties": {"OBJECTID": 491, "اسم_الحي": "حي 16", "نوع_الطريق": "3", "اسم_القطاع": "ABOR 10", "موقف_التنفيذ": "جاري العمل مكتبيا", "موقف_المتخلص": "3", "Length": 0.1752358490566038, "Field": "ثانوي"}}, {"type": "Feature", "geometry": {"type": "LineString", "coordinates": [[31.5080447335286, 30.2580279109648], [31.5085321433555, 30.2584926367628]]}, "properties": {"OBJECTID": 494, "اسم_الحي": "حي 39", "نوع_الطريق": "2", "اسم_القطاع": "ABOR 20", "موقف_التنفيذ": "تم التسليم", "موقف_المتخلص": "3", "Length": 0.283013698630137, "Field": "رئيسي"}}, {"type": "Feature", "geometry": {"type": "LineString", "coordinates": [[31.5602577164389, 30.2497813897156], [31.560233543147, 30.2501445040807]]}, "properties": {"OBJECTID": 498, "اسم_الحي": "حي 16", "نوع_الطريق": "3", "اسم_القطاع": "ABOR 10", "موقف_التنفيذ": "جاري العمل مكتبيا", "موقف_المتخلص": "3", "Length": 0.1752358490566038, "Field": "ثانوي"}}, {"type": "Feature", "geometry": {"type": "LineString", "coordinates": [[31.5681042358329, 30.2517604100604], [31.5681278375635, 30.2514019342419]]}, "properties": {"OBJECTID": 501, "اسم_الحي": "حي 16", "نوع_الطريق": "3", "اسم_القطاع": "ABOR 9", "موقف_التنفيذ": "جاري العمل ميدانيا", "موقف_المتخلص": "3", "Length": 0.1752358490566038, "Field": "ثانوي"}}, {"type": "Feature", "geometry": {"type": "LineString", "coordinates": [[31.5488332017814, 30.2702023910146], [31.54911997883, 30.2696711185577], [31.5495911800662, 30.268742395351], [31.5500305066075, 30.2678020803451], [31.5504375772956, 30.2668509890334], [31.5508120389574, 30.265889946279], [31.5511535667111, 30.2649197855998], [31.5514618642485, 30.2639413484467], [31.5517366640916, 30.2629554834745], [31.5518614267319, 30.2624600325497]]}, "properties": {"OBJECTID": 504, "اسم_الحي": "حي 14", "نوع_الطريق": "1", "اسم_القطاع": "ABOR 4", "موقف_التنفيذ": "تم التسليم", "موقف_المتخلص": "3", "Length": 0.283013698630137, "Field": "رئيسي"}}, {"type": "Feature", "geometry": {"type": "LineString", "coordinates": [[31.5240367541477, 30.2680937767144], [31.5238390277021, 30.2675229982737]]}, "properties": {"OBJECTID": 507, "اسم_الحي": "حي 39", "نوع_الطريق": "2", "اسم_القطاع": "ABOR 17", "موقف_التنفيذ": "تم التسليم", "موقف_المتخلص": "3", "Length": 0.283013698630137, "Field": "رئيسي"}}, {"type": "Feature", "geometry": {"type": "LineString", "coordinates": [[31.5229438455784, 30.2640007689639], [31.5241119629292, 30.2636967601154]]}, "properties": {"OBJECTID": 510, "اسم_الحي": "حي 39", "نوع_الطريق": "2", "اسم_القطاع": "ABOR 19", "موقف_التنفيذ": "تم التسليم", "موقف_المتخلص": "3", "Length": 0.283013698630137, "Field": "رئيسي"}}, {"type": "Feature", "geometry": {"type": "LineString", "coordinates": [[31.5897243169669, 30.2544696379773], [31.5882969170875, 30.254397987732], [31.5881641432792, 30.2543776411593], [31.5880366841852, 30.2543396155105], [31.5879176739833, 30.2542848458041], [31.5878074576459, 30.2542126960668], [31.587705475976, 30.2541193107921], [31.5876234448109, 30.2540122591449], [31.5875637719389, 30.2538946832786], [31.5875296904322, 30.2537779778271], [31.587518214546, 30.2536822021411], [31.5875274931719, 30.2534806570371], [31.5875728528676, 30.2527933005844]]}, "properties": {"OBJECTID": 513, "اسم_الحي": "حي 15", "نوع_الطريق": "2", "اسم_القطاع": "ABOR 7", "موقف_التنفيذ": "جاري العمل ميدانيا", "موقف_المتخلص": "3", "Length": 0.1752358490566038, "Field": "رئيسي"}}, {"type": "Feature", "geometry": {"type": "LineString", "coordinates": [[31.5262040570914, 30.2748514302133], [31.5262040398953, 30.2748514679153], [31.5256111049528, 30.2761608326597], [31.5252035246737, 30.2770608614313], [31.5250615543081, 30.2773743588108], [31.5250598965106, 30.2773781294489], [31.525058325523, 30.2773819277051], [31.5250564703164, 30.2773867512934], [31.5250547549686, 30.2773916133334], [31.5250531805465, 30.2773965108011], [31.5250517480293, 30.2774014406509], [31.5250504583077, 30.2774063998166], [31.5250493121841, 30.2774113852141], [31.5250483103711, 30.2774163937428], [31.5250474534918, 30.2774214222878], [31.5248313423419, 30.278809353583]]}, "properties": {"OBJECTID": 518, "اسم_الحي": "حي 39", "نوع_الطريق": "1", "اسم_القطاع": "ABOR 12", "موقف_التنفيذ": "تم التسليم", "موقف_المتخلص": "3", "Length": 0.283013698630137, "Field": "رئيسي"}}, {"type": "Feature", "geometry": {"type": "LineString", "coordinates": [[31.5072046589209, 30.2572650260318], [31.5073456565854, 30.2573930697904], [31.5080447335286, 30.2580279109648]]}, "properties": {"OBJECTID": 521, "اسم_الحي": "حي 39", "نوع_الطريق": "2", "اسم_القطاع": "ABOR 20", "موقف_التنفيذ": "تم التسليم", "موقف_المتخلص": "3", "Length": 0.283013698630137, "Field": "رئيسي"}}, {"type": "Feature", "geometry": {"type": "LineString", "coordinates": [[31.5178384681279, 30.2600571034059], [31.5178119848189, 30.2600547709721], [31.5177853790614, 30.260054002625], [31.5177587745267, 30.2600548019362], [31.5177322948804, 30.2600571651903], [31.5177060632075, 30.2600610814019], [31.5176802014406, 30.2600665323673], [31.5176548297927, 30.2600734927485], [31.5176300661986, 30.2600819301913], [31.5176060257667, 30.2600918054757], [31.517582820244, 30.2601030726979], [31.5175605574963, 30.2601156794843], [31.5175393410076, 30.2601295672342], [31.5175192693982, 30.260144671393], [31.5175004359667, 30.2601609217514], [31.5174829282566, 30.2601782427725], [31.5174668276487, 30.2601965539427], [31.5173417937251, 30.2605387274962]]}, "properties": {"OBJECTID": 524, "اسم_الحي": "حي 39", "نوع_الطريق": "2", "اسم_القطاع": "ABOR 19", "موقف_التنفيذ": "تم التسليم", "موقف_المتخلص": "3", "Length": 0.283013698630137, "Field": "رئيسي"}}, {"type": "Feature", "geometry": {"type": "LineString", "coordinates": [[31.5224205042534, 30.2668614993197], [31.5220152733023, 30.2655197295074], [31.5220067644946, 30.2654915573435]]}, "properties": {"OBJECTID": 527, "اسم_الحي": "حي 39", "نوع_الطريق": "2", "اسم_القطاع": "ABOR 19", "موقف_التنفيذ": "تم التسليم", "موقف_المتخلص": "3", "Length": 0.283013698630137, "Field": "رئيسي"}}, {"type": "Feature", "geometry": {"type": "LineString", "coordinates": [[31.5168503309005, 30.276472207997], [31.5158281476645, 30.2763522397758], [31.5147905177458, 30.2762304507408]]}, "properties": {"OBJECTID": 530, "اسم_الحي": "حي 39", "نوع_الطريق": "2", "اسم_القطاع": "ABOR 13", "موقف_التنفيذ": "تم التسليم", "موقف_المتخلص": "3", "Length": 0.283013698630137, "Field": "رئيسي"}}, {"type": "Feature", "geometry": {"type": "LineString", "coordinates": [[31.5110646432155, 30.2624258747899], [31.5107829469299, 30.2632747263638]]}, "properties": {"OBJECTID": 533, "اسم_الحي": "حي 39", "نوع_الطريق": "2", "اسم_القطاع": "ABOR 20", "موقف_التنفيذ": "تم التسليم", "موقف_المتخلص": "3", "Length": 0.283013698630137, "Field": "رئيسي"}}, {"type": "Feature", "geometry": {"type": "LineString", "coordinates": [[31.5110386679205, 30.2736227242694], [31.5107849367687, 30.2752507946503], [31.5107668730389, 30.2753666971538]]}, "properties": {"OBJECTID": 536, "اسم_الحي": "حي 39", "نوع_الطريق": "1", "اسم_القطاع": "ABOR 14", "موقف_التنفيذ": "تم التسليم", "موقف_المتخلص": "3", "Length": 0.283013698630137, "Field": "رئيسي"}}, {"type": "Feature", "geometry": {"type": "LineString", "coordinates": [[31.5893961775668, 30.2555843954875], [31.589779299533, 30.2556762603277]]}, "properties": {"OBJECTID": 539, "اسم_الحي": "حي 15", "نوع_الطريق": "3", "اسم_القطاع": "ABOR 7", "موقف_التنفيذ": "جاري العمل ميدانيا", "موقف_المتخلص": "3", "Length": 0.1752358490566038, "Field": "ثانوي"}}, {"type": "Feature", "geometry": {"type": "LineString", "coordinates": [[31.5063744313276, 30.2684576450445], [31.5080855845878, 30.2680331423761]]}, "properties": {"OBJECTID": 542, "اسم_الحي": "حي 39", "نوع_الطريق": "2", "اسم_القطاع": "ABOR 21", "موقف_التنفيذ": "تم التسليم", "موقف_المتخلص": "3", "Length": 0.283013698630137, "Field": "رئيسي"}}, {"type": "Feature", "geometry": {"type": "LineString", "coordinates": [[31.5698039676397, 30.2528773361392], [31.5702169164329, 30.2528979806056]]}, "properties": {"OBJECTID": 545, "اسم_الحي": "حي 16", "نوع_الطريق": "3", "اسم_القطاع": "ABOR 9", "موقف_التنفيذ": "جاري العمل ميدانيا", "موقف_المتخلص": "3", "Length": 0.1752358490566038, "Field": "ثانوي"}}, {"type": "Feature", "geometry": {"type": "LineString", "coordinates": [[31.5324307723687, 30.2641503658879], [31.5324330770394, 30.2641575458817], [31.5326305582362, 30.2647727388724]]}, "properties": {"OBJECTID": 548, "اسم_الحي": "حي 39", "نوع_الطريق": "3", "اسم_القطاع": "ABOR 16", "موقف_التنفيذ": "تم التسليم", "موقف_المتخلص": "3", "Length": 0.283013698630137, "Field": "ثانوي"}}, {"type": "Feature", "geometry": {"type": "LineString", "coordinates": [[31.5243013333086, 30.2642450370137], [31.5241119629292, 30.2636967601154]]}, "properties": {"OBJECTID": 551, "اسم_الحي": "حي 39", "نوع_الطريق": "2", "اسم_القطاع": "ABOR 19", "موقف_التنفيذ": "تم التسليم", "موقف_المتخلص": "3", "Length": 0.283013698630137, "Field": "رئيسي"}}, {"type": "Feature", "geometry": {"type": "LineString", "coordinates": [[31.5082941878278, 30.2686249974404], [31.5080855845878, 30.2680331423761]]}, "properties": {"OBJECTID": 554, "اسم_الحي": "حي 39", "نوع_الطريق": "2", "اسم_القطاع": "ABOR 21", "موقف_التنفيذ": "تم التسليم", "موقف_المتخلص": "3", "Length": 0.283013698630137, "Field": "رئيسي"}}, {"type": "Feature", "geometry": {"type": "LineString", "coordinates": [[31.5644996643444, 30.2717165402096], [31.5655311443048, 30.272732253767], [31.5669440465439, 30.2741235134554], [31.5685394024595, 30.2756943655141]]}, "properties": {"OBJECTID": 557, "اسم_الحي": "حي 14", "نوع_الطريق": "2", "اسم_القطاع": "ABOR 1", "موقف_التنفيذ": "تم التسليم", "موقف_المتخلص": "2", "Length": 0.283013698630137, "Field": "رئيسي"}}, {"type": "Feature", "geometry": {"type": "LineString", "coordinates": [[31.5420582206979, 30.2789772750244], [31.5440481784003, 30.2764604881232], [31.5441019526298, 30.2764007104765], [31.5450656138506, 30.2753657515895], [31.5462552706463, 30.2739547277926], [31.5473541678475, 30.2724898156669], [31.5483590427947, 30.2709753622696], [31.5488332017814, 30.2702023910146]]}, "properties": {"OBJECTID": 561, "اسم_الحي": "حي 13", "نوع_الطريق": "1", "اسم_القطاع": "ABOR 6", "موقف_التنفيذ": "تم التسليم", "موقف_المتخلص": "3", "Length": 0.283013698630137, "Field": "رئيسي"}}, {"type": "Feature", "geometry": {"type": "LineString", "coordinates": [[31.5857090986855, 30.2509753637825], [31.5857090986855, 30.2509753637825], [31.5856891118747, 30.250716174425]]}, "properties": {"OBJECTID": 565, "اسم_الحي": "حي 15", "نوع_الطريق": "3", "اسم_القطاع": "ABOR 7", "موقف_التنفيذ": "جاري العمل ميدانيا", "موقف_المتخلص": "3", "Length": 0.1752358490566038, "Field": "ثانوي"}}, {"type": "Feature", "geometry": {"type": "LineString", "coordinates": [[31.5779558647493, 30.2594763569374], [31.5780759008921, 30.2576674361144], [31.578094538368, 30.2575550317814], [31.5781312162307, 30.257435708575], [31.5781997249705, 30.2572944494186], [31.5782922665503, 30.257163810912], [31.5784066957617, 30.2570468214374], [31.5785299908416, 30.2569525358667], [31.5786231545065, 30.2568784218306], [31.5787065889972, 30.2567961124899], [31.5787793337992, 30.2567065553867], [31.5788402246524, 30.2566113734696], [31.5788883120993, 30.2565130001727], [31.5789242871599, 30.2564108384559], [31.5789477592051, 30.2563059976147], [31.579006758922, 30.2554732678125], [31.5791592369193, 30.2531594871469], [31.5791564763501, 30.2530530092494], [31.5791406972107, 30.2529473803136], [31.5791120764211, 30.2528437846834], [31.5790727748034, 30.2527472382106], [31.5790290453762, 30.2526657162775], [31.5789770391636, 30.2525879050817], [31.5789171741804, 30.2525144300619], [31.5787067961196, 30.2523060967068], [31.5785735209114, 30.2521472466697], [31.578478536516, 30.2519690467204], [31.5784254669786, 30.2517782958336], [31.57841633712, 30.2515822718883], [31.5784791012384, 30.2506366263419]]}, "properties": {"OBJECTID": 568, "اسم_الحي": "حي 15", "نوع_الطريق": "1", "اسم_القطاع": "ABOR 7", "موقف_التنفيذ": "جاري العمل ميدانيا", "موقف_المتخلص": "3", "Length": 0.1752358490566038, "Field": "رئيسي"}}, {"type": "Feature", "geometry": {"type": "LineString", "coordinates": [[31.5880654177369, 30.2521227077683], [31.5880464222646, 30.2524814260129]]}, "properties": {"OBJECTID": 571, "اسم_الحي": "حي 15", "نوع_الطريق": "3", "اسم_القطاع": "ABOR 7", "موقف_التنفيذ": "جاري العمل ميدانيا", "موقف_المتخلص": "3", "Length": 0.1752358490566038, "Field": "ثانوي"}}, {"type": "Feature", "geometry": {"type": "LineString", "coordinates": [[31.5761586665276, 30.251888924845], [31.5761822141663, 30.2515348423189]]}, "properties": {"OBJECTID": 574, "اسم_الحي": "حي 15", "نوع_الطريق": "3", "اسم_القطاع": "ABOR 8", "موقف_التنفيذ": "جاري العمل ميدانيا", "موقف_المتخلص": "3", "Length": 0.1752358490566038, "Field": "ثانوي"}}, {"type": "Feature", "geometry": {"type": "LineString", "coordinates": [[31.5310265904, 30.2710969461882], [31.5310262009667, 30.2711424061401], [31.531024538877, 30.2711878446466], [31.5310216051028, 30.271233235137], [31.5310174013597, 30.2712785510686], [31.5310119301058, 30.2713237659425], [31.5310051945406, 30.2713688533188], [31.5309971986028, 30.271413786832], [31.5309879469682, 30.2714585402071], [31.5309774450466, 30.271503087274], [31.5309656989794, 30.2715474019834], [31.5309527156352, 30.2715914584222], [31.5309385026061, 30.2716352308279], [31.5309230682035, 30.2716786936045], [31.5309064214528, 30.2717218213368], [31.5308885720885, 30.2717645888059], [31.5308695305482, 30.2718069710032], [31.530540032705, 30.2725146793229]]}, "properties": {"OBJECTID": 578, "اسم_الحي": "حي 39", "نوع_الطريق": "2", "اسم_القطاع": "ABOR 16", "موقف_التنفيذ": "تم التسليم", "موقف_المتخلص": "3", "Length": 0.283013698630137, "Field": "رئيسي"}}, {"type": "Feature", "geometry": {"type": "LineString", "coordinates": [[31.5197120454519, 30.2655345163845], [31.5197240105752, 30.2655323589771], [31.5197513280208, 30.2655106819394], [31.5197794117178, 30.2654897480775], [31.5198082345745, 30.2654695775862], [31.5198377687864, 30.2654501899241], [31.5198679858624, 30.2654316037944], [31.5198988566528, 30.2654138371271], [31.5199303513774, 30.2653969070618], [31.5199624396539, 30.2653808299309], [31.5199950905276, 30.2653656212441], [31.520028272501, 30.2653512956732], [31.5200619535642, 30.2653378670381], [31.5200961012258, 30.2653253482936], [31.5201306825446, 30.2653137515164], [31.5201656641607, 30.2653030878941], [31.5202010123282, 30.2652933677139], [31.5202366929476, 30.2652846003528], [31.5204485927847, 30.2652356383875]]}, "properties": {"OBJECTID": 581, "اسم_الحي": "حي 39", "نوع_الطريق": "2", "اسم_القطاع": "ABOR 19", "موقف_التنفيذ": "تم التسليم", "موقف_المتخلص": "3", "Length": 0.283013698630137, "Field": "رئيسي"}}, {"type": "Feature", "geometry": {"type": "LineString", "coordinates": [[31.5179559936176, 30.272776964582], [31.5190088321906, 30.2731362133552]]}, "properties": {"OBJECTID": 584, "اسم_الحي": "حي 39", "نوع_الطريق": "3", "اسم_القطاع": "ABOR 13", "موقف_التنفيذ": "تم التسليم", "موقف_المتخلص": "3", "Length": 0.283013698630137, "Field": "ثانوي"}}, {"type": "Feature", "geometry": {"type": "LineString", "coordinates": [[31.5229438455784, 30.2640007689639], [31.5228190252407, 30.2635523651166], [31.5228116074457, 30.2635325714186], [31.5228047619471, 30.263512624485], [31.5227984929804, 30.2634925366575], [31.5227928044245, 30.2634723203653], [31.5227876997992, 30.2634519881168], [31.5227831822628, 30.2634315524924], [31.5227792546105, 30.2634110261364], [31.5227759192725, 30.2633904217491], [31.5227731783126, 30.2633697520792], [31.5227710334266, 30.2633490299159], [31.5227694859417, 30.2633282680806], [31.5227685368154, 30.2633074794197], [31.522768186635, 30.2632866767958], [31.522768435617, 30.2632658730802], [31.5227692836076, 30.2632450811452], [31.5227707300819, 30.2632243138555], [31.5229175191012, 30.2627789289282]]}, "properties": {"OBJECTID": 587, "اسم_الحي": "حي 39", "نوع_الطريق": "2", "اسم_القطاع": "ABOR 19", "موقف_التنفيذ": "تم التسليم", "موقف_المتخلص": "3", "Length": 0.283013698630137, "Field": "رئيسي"}}, {"type": "Feature", "geometry": {"type": "LineString", "coordinates": [[31.5070836337101, 30.2588211412972], [31.5070647136787, 30.2588973323788], [31.5070495870636, 30.2589741531436], [31.5070382815979, 30.2590514627478], [31.5070308180087, 30.2591291194516], [31.50702720998, 30.2592069808792], [31.5070274641264, 30.2592849042798], [31.5070315799822, 30.2593627467893], [31.5070395500013, 30.2594403656924], [31.5070513595716, 30.2595176186838], [31.5070669870415, 30.2595943641296], [31.5070864037597, 30.2596704613267], [31.5071095741278, 30.2597457707609], [31.5071364556654, 30.2598201543624], [31.5071669990882, 30.2598934757593], [31.507201148398, 30.2599656005272], [31.5072388409859, 30.2600363964359], [31.5079007754092, 30.2608324754599]]}, "properties": {"OBJECTID": 590, "اسم_الحي": "حي 39", "نوع_الطريق": "2", "اسم_القطاع": "ABOR 20", "موقف_التنفيذ": "تم التسليم", "موقف_المتخلص": "3", "Length": 0.283013698630137, "Field": "رئيسي"}}, {"type": "Feature", "geometry": {"type": "LineString", "coordinates": [[31.5265705300062, 30.2776082837791], [31.5250810836624, 30.2773853339723], [31.525058325523, 30.2773819277051]]}, "properties": {"OBJECTID": 593, "اسم_الحي": "حي 39", "نوع_الطريق": "1", "اسم_القطاع": "ABOR 12", "موقف_التنفيذ": "تم التسليم", "موقف_المتخلص": "3", "Length": 0.283013698630137, "Field": "رئيسي"}}, {"type": "Feature", "geometry": {"type": "LineString", "coordinates": [[31.5179252253683, 30.2624773232482], [31.5177877618351, 30.2620976678864], [31.5177545320002, 30.2619705368848], [31.5177226362565, 30.2618431510488], [31.517692077219, 30.2617155208215], [31.5176628573931, 30.261587656666]]}, "properties": {"OBJECTID": 596, "اسم_الحي": "حي 39", "نوع_الطريق": "2", "اسم_القطاع": "ABOR 19", "موقف_التنفيذ": "تم التسليم", "موقف_المتخلص": "3", "Length": 0.283013698630137, "Field": "رئيسي"}}, {"type": "Feature", "geometry": {"type": "LineString", "coordinates": [[31.5856331605406, 30.2573981548096], [31.5856072679427, 30.2577891890123]]}, "properties": {"OBJECTID": 599, "اسم_الحي": "حي 15", "نوع_الطريق": "3", "اسم_القطاع": "ABOR 7", "موقف_التنفيذ": "جاري العمل ميدانيا", "موقف_المتخلص": "3", "Length": 0.1752358490566038, "Field": "ثانوي"}}, {"type": "Feature", "geometry": {"type": "LineString", "coordinates": [[31.5747299235366, 30.2518180218355], [31.5747118527547, 30.252092435612]]}, "properties": {"OBJECTID": 602, "اسم_الحي": "حي 15", "نوع_الطريق": "3", "اسم_القطاع": "ABOR 8", "موقف_التنفيذ": "جاري العمل ميدانيا", "موقف_المتخلص": "3", "Length": 0.1752358490566038, "Field": "ثانوي"}}, {"type": "Feature", "geometry": {"type": "LineString", "coordinates": [[31.528415495702, 30.2770787615302], [31.5281278189669, 30.2776459511772]]}, "properties": {"OBJECTID": 605, "اسم_الحي": "حي 39", "نوع_الطريق": "3", "اسم_القطاع": "ABOR 12", "موقف_التنفيذ": "تم التسليم", "موقف_المتخلص": "3", "Length": 0.283013698630137, "Field": "ثانوي"}}, {"type": "Feature", "geometry": {"type": "LineString", "coordinates": [[31.5096015770375, 30.2682536328894], [31.5092866497618, 30.2673455631333], [31.5092846216928, 30.2673340041405], [31.5092827425348, 30.2673224263876], [31.5092810125198, 30.2673108313056], [31.5092794318618, 30.2672992203277], [31.5092780007561, 30.2672875948889], [31.5092767193796, 30.267275956426], [31.5092755878907, 30.2672643063776], [31.5092746064292, 30.2672526461835]]}, "properties": {"OBJECTID": 608, "اسم_الحي": "حي 39", "نوع_الطريق": "2", "اسم_القطاع": "ABOR 21", "موقف_التنفيذ": "تم التسليم", "موقف_المتخلص": "3", "Length": 0.283013698630137, "Field": "رئيسي"}}, {"type": "Feature", "geometry": {"type": "LineString", "coordinates": [[31.510006114036, 30.2579899166469], [31.5100949685862, 30.2580922992574], [31.5101872351284, 30.2581924047369], [31.5102828354964, 30.258290148285], [31.5103816886994, 30.2583854471027], [31.5104837109911, 30.258478220462], [31.5105888159401, 30.2585683897742], [31.5106969145037, 30.2586558786572], [31.5108079151029, 30.2587406129993]]}, "properties": {"OBJECTID": 613, "اسم_الحي": "حي 39", "نوع_الطريق": "2", "اسم_القطاع": "ABOR 20", "موقف_التنفيذ": "تم التسليم", "موقف_المتخلص": "3", "Length": 0.283013698630137, "Field": "رئيسي"}}, {"type": "Feature", "geometry": {"type": "LineString", "coordinates": [[31.5350478631133, 30.2752735513698], [31.5350376473702, 30.2733871858781]]}, "properties": {"OBJECTID": 616, "اسم_الحي": "حي 39", "نوع_الطريق": "2", "اسم_القطاع": "ABOR 16", "موقف_التنفيذ": "تم التسليم", "موقف_المتخلص": "3", "Length": 0.283013698630137, "Field": "رئيسي"}}, {"type": "Feature", "geometry": {"type": "LineString", "coordinates": [[31.4899477654709, 30.2773532304058], [31.4898824556259, 30.2772175166823], [31.4894078583876, 30.2762312811512], [31.4893313610419, 30.2760723129409]]}, "properties": {"OBJECTID": 619, "اسم_الحي": "حي 39", "نوع_الطريق": "2", "اسم_القطاع": "ABOR 15", "موقف_التنفيذ": "تم التسليم", "موقف_المتخلص": "3", "Length": 0.283013698630137, "Field": "رئيسي"}}, {"type": "Feature", "geometry": {"type": "LineString", "coordinates": [[31.4956046424304, 30.2714035007158], [31.4954845133471, 30.2710630283453], [31.4952121203201, 30.2703446423688], [31.4951260699545, 30.2701332151088]]}, "properties": {"OBJECTID": 622, "اسم_الحي": "حي 39", "نوع_الطريق": "2", "اسم_القطاع": "ABOR 22", "موقف_التنفيذ": "تم التسليم", "موقف_المتخلص": "3", "Length": 0.283013698630137, "Field": "رئيسي"}}, {"type": "Feature", "geometry": {"type": "LineString", "coordinates": [[31.5866401689244, 30.2541603453496], [31.5875957593877, 30.2550909056223]]}, "properties": {"OBJECTID": 625, "اسم_الحي": "حي 15", "نوع_الطريق": "2", "اسم_القطاع": "ABOR 7", "موقف_التنفيذ": "جاري العمل ميدانيا", "موقف_المتخلص": "3", "Length": 0.1752358490566038, "Field": "رئيسي"}}, {"type": "Feature", "geometry": {"type": "LineString", "coordinates": [[31.5366852273495, 30.2696644163583], [31.5354914860141, 30.2696411759409]]}, "properties": {"OBJECTID": 629, "اسم_الحي": "حي 39", "نوع_الطريق": "3", "اسم_القطاع": "ABOR 16", "موقف_التنفيذ": "تم التسليم", "موقف_المتخلص": "3", "Length": 0.283013698630137, "Field": "ثانوي"}}, {"type": "Feature", "geometry": {"type": "LineString", "coordinates": [[31.5303995139571, 30.2625388824118], [31.5302439218959, 30.2624701363257], [31.5300817904906, 30.2624137801673], [31.5284339276122, 30.2619064868733], [31.528121730552, 30.2619094069263], [31.5278132325903, 30.2619508969468], [31.5275147878508, 30.262030102318], [31.5274424742227, 30.2620556221503]]}, "properties": {"OBJECTID": 633, "اسم_الحي": "حي 39", "نوع_الطريق": "2", "اسم_القطاع": "ABOR 18", "موقف_التنفيذ": "تم التسليم", "موقف_المتخلص": "3", "Length": 0.283013698630137, "Field": "رئيسي"}}, {"type": "Feature", "geometry": {"type": "LineString", "coordinates": [[31.5902168820988, 30.2522086827941], [31.5897962312539, 30.2521918757666], [31.5896555136842, 30.2521862532967], [31.5892994735781, 30.252172026209], [31.5888731725374, 30.2521549902424], [31.5888567451933, 30.2521543332267], [31.5880654177369, 30.2521227077683], [31.5876182826817, 30.2521048349738]]}, "properties": {"OBJECTID": 636, "اسم_الحي": "حي 15", "نوع_الطريق": "2", "اسم_القطاع": "ABOR 7", "موقف_التنفيذ": "جاري العمل ميدانيا", "موقف_المتخلص": "3", "Length": 0.1752358490566038, "Field": "رئيسي"}}, {"type": "Feature", "geometry": {"type": "LineString", "coordinates": [[31.5728226226849, 30.2528935826373], [31.5727987109263, 30.253256667794]]}, "properties": {"OBJECTID": 639, "اسم_الحي": "حي 15", "نوع_الطريق": "3", "اسم_القطاع": "ABOR 8", "موقف_التنفيذ": "جاري العمل ميدانيا", "موقف_المتخلص": "3", "Length": 0.1752358490566038, "Field": "ثانوي"}}, {"type": "Feature", "geometry": {"type": "LineString", "coordinates": [[31.5330522410821, 30.273395269902], [31.5347687444873, 30.273388282744], [31.5350376473702, 30.2733871858781], [31.5364852476086, 30.2733812721515], [31.5365892095374, 30.2733808472257]]}, "properties": {"OBJECTID": 642, "اسم_الحي": "حي 39", "نوع_الطريق": "1", "اسم_القطاع": "ABOR 16", "موقف_التنفيذ": "تم التسليم", "موقف_المتخلص": "3", "Length": 0.283013698630137, "Field": "رئيسي"}}, {"type": "Feature", "geometry": {"type": "LineString", "coordinates": [[31.5723544772088, 30.2528701990655], [31.5723777776056, 30.2525208148888]]}, "properties": {"OBJECTID": 645, "اسم_الحي": "حي 15", "نوع_الطريق": "3", "اسم_القطاع": "ABOR 8", "موقف_التنفيذ": "جاري العمل ميدانيا", "موقف_المتخلص": "3", "Length": 0.1752358490566038, "Field": "ثانوي"}}, {"type": "Feature", "geometry": {"type": "LineString", "coordinates": [[31.5176628573931, 30.261587656666], [31.5176348226519, 30.2615207447149], [31.5175907842532, 30.2614606056227], [31.5175328029367, 30.2614100535623], [31.5174635918896, 30.2613714540913], [31.5171289877628, 30.2612316231837], [31.5170995242922, 30.2612238283727], [31.5170922444985, 30.2612216490018]]}, "properties": {"OBJECTID": 648, "اسم_الحي": "حي 39", "نوع_الطريق": "2", "اسم_القطاع": "ABOR 19", "موقف_التنفيذ": "تم التسليم", "موقف_المتخلص": "3", "Length": 0.283013698630137, "Field": "رئيسي"}}, {"type": "Feature", "geometry": {"type": "LineString", "coordinates": [[31.5512233041616, 30.2768843230184], [31.5511800276178, 30.2768430917228], [31.5511468508913, 30.2767953852816], [31.5511250381829, 30.2767430215431], [31.5511154206669, 30.2766879958243], [31.5511183648192, 30.2766324048802], [31.5511337584528, 30.2765783670074], [31.5511610149924, 30.2765279413259], [31.5511990958264, 30.2764830493157], [31.5517183598384, 30.2759825230741]]}, "properties": {"OBJECTID": 651, "اسم_الحي": "حي 13", "نوع_الطريق": "2", "اسم_القطاع": "ABOR 5", "موقف_التنفيذ": "تم التسليم", "موقف_المتخلص": "3", "Length": 0.283013698630137, "Field": "رئيسي"}}, {"type": "Feature", "geometry": {"type": "LineString", "coordinates": [[31.5690127112834, 30.2570654176131], [31.5687846656491, 30.2575733162664]]}, "properties": {"OBJECTID": 654, "اسم_الحي": "حي 16", "نوع_الطريق": "3", "اسم_القطاع": "ABOR 9", "موقف_التنفيذ": "جاري العمل ميدانيا", "موقف_المتخلص": "3", "Length": 0.1752358490566038, "Field": "ثانوي"}}, {"type": "Feature", "geometry": {"type": "LineString", "coordinates": [[31.579006758922, 30.2554732678125], [31.5800360145648, 30.2555249069978], [31.5801327757413, 30.2555373760288], [31.5802390013641, 30.2555634201768], [31.5803733156272, 30.2556174259704], [31.5804941166059, 30.2556915127421], [31.5805974248297, 30.2557832398558], [31.5806768997112, 30.2558849419603], [31.5807287019183, 30.2559820073235], [31.5807630711989, 30.2560846840153], [31.5807792306265, 30.2561906509889], [31.5807753474742, 30.2563286302506], [31.5807487684039, 30.2567309695074]]}, "properties": {"OBJECTID": 658, "اسم_الحي": "حي 15", "نوع_الطريق": "2", "اسم_القطاع": "ABOR 7", "موقف_التنفيذ": "جاري العمل ميدانيا", "موقف_المتخلص": "3", "Length": 0.1752358490566038, "Field": "رئيسي"}}, {"type": "Feature", "geometry": {"type": "LineString", "coordinates": [[31.5573338318001, 30.2523854311554], [31.557891222584, 30.2524315104031]]}, "properties": {"OBJECTID": 661, "اسم_الحي": "حي 16", "نوع_الطريق": "3", "اسم_القطاع": "ABOR 10", "موقف_التنفيذ": "جاري العمل مكتبيا", "موقف_المتخلص": "3", "Length": 0.1752358490566038, "Field": "ثانوي"}}, {"type": "Feature", "geometry": {"type": "LineString", "coordinates": [[31.5518336366339, 30.2806496383222], [31.5523901269645, 30.2801134713683]]}, "properties": {"OBJECTID": 664, "اسم_الحي": "حي 13", "نوع_الطريق": "2", "اسم_القطاع": "ABOR 6", "موقف_التنفيذ": "تم التسليم", "موقف_المتخلص": "3", "Length": 0.283013698630137, "Field": "رئيسي"}}, {"type": "Feature", "geometry": {"type": "LineString", "coordinates": [[31.529081528204, 30.2773002778501], [31.5287797938069, 30.2778837396507]]}, "properties": {"OBJECTID": 667, "اسم_الحي": "حي 39", "نوع_الطريق": "3", "اسم_القطاع": "ABOR 12", "موقف_التنفيذ": "تم التسليم", "موقف_المتخلص": "3", "Length": 0.283013698630137, "Field": "ثانوي"}}, {"type": "Feature", "geometry": {"type": "LineString", "coordinates": [[31.5690127112834, 30.2570654176131], [31.5691244771665, 30.2568164926385]]}, "properties": {"OBJECTID": 670, "اسم_الحي": "حي 16", "نوع_الطريق": "3", "اسم_القطاع": "ABOR 9", "موقف_التنفيذ": "جاري العمل ميدانيا", "موقف_المتخلص": "3", "Length": 0.1752358490566038, "Field": "ثانوي"}}, {"type": "Feature", "geometry": {"type": "LineString", "coordinates": [[31.5735656246215, 30.2517602300615], [31.5735810638158, 30.2515258088101]]}, "properties": {"OBJECTID": 673, "اسم_الحي": "حي 15", "نوع_الطريق": "3", "اسم_القطاع": "ABOR 8", "موقف_التنفيذ": "جاري العمل ميدانيا", "موقف_المتخلص": "3", "Length": 0.1752358490566038, "Field": "ثانوي"}}, {"type": "Feature", "geometry": {"type": "LineString", "coordinates": [[31.5864136913211, 30.2574369815116], [31.5864490152787, 30.2569018007334]]}, "properties": {"OBJECTID": 676, "اسم_الحي": "حي 15", "نوع_الطريق": "3", "اسم_القطاع": "ABOR 7", "موقف_التنفيذ": "جاري العمل ميدانيا", "موقف_المتخلص": "3", "Length": 0.1752358490566038, "Field": "ثانوي"}}, {"type": "Feature", "geometry": {"type": "LineString", "coordinates": [[31.588873549337, 30.2535344558128], [31.5888599638148, 30.2537906790222]]}, "properties": {"OBJECTID": 681, "اسم_الحي": "حي 15", "نوع_الطريق": "3", "اسم_القطاع": "ABOR 7", "موقف_التنفيذ": "جاري العمل ميدانيا", "موقف_المتخلص": "3", "Length": 0.1752358490566038, "Field": "ثانوي"}}, {"type": "Feature", "geometry": {"type": "LineString", "coordinates": [[31.5849584161479, 30.257381589171], [31.5849351351443, 30.2562295193114], [31.5849348778264, 30.256211466414], [31.5849348286306, 30.256193412195], [31.5849349875619, 30.2561753584447], [31.5849353546044, 30.2561573069531], [31.584943583796, 30.2558419221152]]}, "properties": {"OBJECTID": 684, "اسم_الحي": "حي 15", "نوع_الطريق": "2", "اسم_القطاع": "ABOR 7", "موقف_التنفيذ": "جاري العمل ميدانيا", "موقف_المتخلص": "3", "Length": 0.1752358490566038, "Field": "رئيسي"}}, {"type": "Feature", "geometry": {"type": "LineString", "coordinates": [[31.5855228548181, 30.255870778758], [31.585519339685, 30.2567393676431]]}, "properties": {"OBJECTID": 687, "اسم_الحي": "حي 15", "نوع_الطريق": "3", "اسم_القطاع": "ABOR 7", "موقف_التنفيذ": "جاري العمل ميدانيا", "موقف_المتخلص": "3", "Length": 0.1752358490566038, "Field": "ثانوي"}}, {"type": "Feature", "geometry": {"type": "LineString", "coordinates": [[31.5252035246737, 30.2770608614313], [31.5212758189656, 30.2766001025133]]}, "properties": {"OBJECTID": 690, "اسم_الحي": "حي 39", "نوع_الطريق": "1", "اسم_القطاع": "ABOR 13", "موقف_التنفيذ": "تم التسليم", "موقف_المتخلص": "3", "Length": 0.283013698630137, "Field": "رئيسي"}}, {"type": "Feature", "geometry": {"type": "LineString", "coordinates": [[31.5245960099016, 30.2706490498599], [31.5247380274724, 30.2706185477702], [31.5248833938973, 30.270603969711], [31.5250297255314, 30.270605554733], [31.5251746229031, 30.270623276845], [31.5253740771603, 30.2706758137163], [31.5253740771603, 30.2706758137163]]}, "properties": {"OBJECTID": 694, "اسم_الحي": "حي 39", "نوع_الطريق": "1", "اسم_القطاع": "ABOR 17", "موقف_التنفيذ": "تم التسليم", "موقف_المتخلص": "3", "Length": 0.283013698630137, "Field": "رئيسي"}}, {"type": "Feature", "geometry": {"type": "LineString", "coordinates": [[31.5045034357278, 30.2718343851734], [31.5045068600174, 30.2718428749643], [31.505070901838, 30.2732415380503]]}, "properties": {"OBJECTID": 698, "اسم_الحي": "حي 39", "نوع_الطريق": "1", "اسم_القطاع": "ABOR 15", "موقف_التنفيذ": "تم التسليم", "موقف_المتخلص": "3", "Length": 0.283013698630137, "Field": "رئيسي"}}, {"type": "Feature", "geometry": {"type": "LineString", "coordinates": [[31.5806835226109, 30.2528326998978], [31.5806621904931, 30.2532319815118]]}, "properties": {"OBJECTID": 701, "اسم_الحي": "حي 15", "نوع_الطريق": "3", "اسم_القطاع": "ABOR 7", "موقف_التنفيذ": "جاري العمل ميدانيا", "موقف_المتخلص": "3", "Length": 0.1752358490566038, "Field": "ثانوي"}}, {"type": "Feature", "geometry": {"type": "LineString", "coordinates": [[31.5253676115585, 30.2692168149473], [31.5251560743677, 30.2685468201293], [31.5249444673427, 30.2678766004171]]}, "properties": {"OBJECTID": 704, "اسم_الحي": "حي 39", "نوع_الطريق": "2", "اسم_القطاع": "ABOR 17", "موقف_التنفيذ": "تم التسليم", "موقف_المتخلص": "3", "Length": 0.283013698630137, "Field": "رئيسي"}}, {"type": "Feature", "geometry": {"type": "LineString", "coordinates": [[31.5107829469299, 30.2632747263638], [31.5104041590891, 30.2631782684701]]}, "properties": {"OBJECTID": 707, "اسم_الحي": "حي 39", "نوع_الطريق": "2", "اسم_القطاع": "ABOR 20", "موقف_التنفيذ": "تم التسليم", "موقف_المتخلص": "3", "Length": 0.283013698630137, "Field": "رئيسي"}}, {"type": "Feature", "geometry": {"type": "LineString", "coordinates": [[31.5221389435769, 30.2635442966695], [31.5223499734583, 30.2641553221846]]}, "properties": {"OBJECTID": 710, "اسم_الحي": "حي 39", "نوع_الطريق": "2", "اسم_القطاع": "ABOR 19", "موقف_التنفيذ": "تم التسليم", "موقف_المتخلص": "3", "Length": 0.283013698630137, "Field": "رئيسي"}}, {"type": "Feature", "geometry": {"type": "LineString", "coordinates": [[31.5854245918251, 30.253481946765], [31.5854063087281, 30.2537412315898]]}, "properties": {"OBJECTID": 714, "اسم_الحي": "حي 15", "نوع_الطريق": "3", "اسم_القطاع": "ABOR 7", "موقف_التنفيذ": "جاري العمل ميدانيا", "موقف_المتخلص": "3", "Length": 0.1752358490566038, "Field": "ثانوي"}}, {"type": "Feature", "geometry": {"type": "LineString", "coordinates": [[31.5780220773981, 30.2584743970463], [31.5789970237316, 30.2585229790266], [31.5799878718071, 30.2585723442653], [31.5809126535753, 30.2586184118725], [31.5818762160663, 30.2586664042692], [31.5831174545765, 30.2587282154411], [31.5836449969187, 30.2587544836562], [31.5840759263947, 30.2587759390034], [31.5853662453813, 30.2588401733324], [31.585533837501, 30.2588485153401], [31.586045517349, 30.2588739817912], [31.5863243700708, 30.2588878613824], [31.5871189209285, 30.2589274039173], [31.5876914415008, 30.2589558924843], [31.5880282221728, 30.2589726498173], [31.5882797789819, 30.2589851671361], [31.5889512387985, 30.2590185722625], [31.5892354894222, 30.2590327131624], [31.5893637914179, 30.2590390958079]]}, "properties": {"OBJECTID": 717, "اسم_الحي": "حي 15", "نوع_الطريق": "2", "اسم_القطاع": "ABOR 7", "موقف_التنفيذ": "جاري العمل ميدانيا", "موقف_المتخلص": "3", "Length": 0.1752358490566038, "Field": "رئيسي"}}, {"type": "Feature", "geometry": {"type": "LineString", "coordinates": [[31.5809126535753, 30.2586184118725], [31.5808890192024, 30.2589769100726]]}, "properties": {"OBJECTID": 721, "اسم_الحي": "حي 15", "نوع_الطريق": "3", "اسم_القطاع": "ABOR 7", "موقف_التنفيذ": "جاري العمل ميدانيا", "موقف_المتخلص": "3", "Length": 0.1752358490566038, "Field": "ثانوي"}}, {"type": "Feature", "geometry": {"type": "LineString", "coordinates": [[31.5607918587841, 30.2498080966874], [31.5608158908472, 30.2494451096309]]}, "properties": {"OBJECTID": 724, "اسم_الحي": "حي 16", "نوع_الطريق": "3", "اسم_القطاع": "ABOR 10", "موقف_التنفيذ": "جاري العمل مكتبيا", "موقف_المتخلص": "3", "Length": 0.1752358490566038, "Field": "ثانوي"}}, {"type": "Feature", "geometry": {"type": "LineString", "coordinates": [[31.5733245602523, 30.2552786710908], [31.5733047060669, 30.2555784752239]]}, "properties": {"OBJECTID": 727, "اسم_الحي": "حي 15", "نوع_الطريق": "3", "اسم_القطاع": "ABOR 8", "موقف_التنفيذ": "جاري العمل ميدانيا", "موقف_المتخلص": "3", "Length": 0.1752358490566038, "Field": "ثانوي"}}, {"type": "Feature", "geometry": {"type": "LineString", "coordinates": [[31.5887973711776, 30.2528425752051], [31.5887791436521, 30.2531840229839]]}, "properties": {"OBJECTID": 731, "اسم_الحي": "حي 15", "نوع_الطريق": "3", "اسم_القطاع": "ABOR 7", "موقف_التنفيذ": "جاري العمل ميدانيا", "موقف_المتخلص": "3", "Length": 0.1752358490566038, "Field": "ثانوي"}}, {"type": "Feature", "geometry": {"type": "LineString", "coordinates": [[31.5616026426425, 30.2517248248532], [31.5616320458287, 30.2512823692401], [31.5616758626348, 30.2506230694949], [31.5616782508343, 30.2505871252054], [31.561726913043, 30.2498548475728]]}, "properties": {"OBJECTID": 734, "اسم_الحي": "حي 16", "نوع_الطريق": "2", "اسم_القطاع": "ABOR 10", "موقف_التنفيذ": "جاري العمل مكتبيا", "موقف_المتخلص": "3", "Length": 0.1752358490566038, "Field": "رئيسي"}}, {"type": "Feature", "geometry": {"type": "LineString", "coordinates": [[31.5256202745993, 30.2789063140691], [31.5257857725175, 30.2778236093815]]}, "properties": {"OBJECTID": 738, "اسم_الحي": "حي 39", "نوع_الطريق": "3", "اسم_القطاع": "ABOR 12", "موقف_التنفيذ": "تم التسليم", "موقف_المتخلص": "3", "Length": 0.283013698630137, "Field": "ثانوي"}}, {"type": "Feature", "geometry": {"type": "LineString", "coordinates": [[31.4938922202309, 30.2769160032385], [31.4938892255411, 30.2763167487306]]}, "properties": {"OBJECTID": 741, "اسم_الحي": "حي 39", "نوع_الطريق": "2", "اسم_القطاع": "ABOR 15", "موقف_التنفيذ": "تم التسليم", "موقف_المتخلص": "3", "Length": 0.283013698630137, "Field": "رئيسي"}}, {"type": "Feature", "geometry": {"type": "LineString", "coordinates": [[31.5808754258037, 30.2537595101361], [31.5808488750491, 30.2537836661697], [31.5808209707076, 30.2538066556211], [31.5807917813888, 30.253828421966], [31.5807613788619, 30.2538489116871], [31.580729837879, 30.2538680744065], [31.5806972359913, 30.2538858630084], [31.5806636533586, 30.2539022337562], [31.5806291725522, 30.2539171463989], [31.5805938783514, 30.2539305642708], [31.5805578575359, 30.2539424543815], [31.5805211986716, 30.2539527874966], [31.5804839918935, 30.2539615382103], [31.5804463286835, 30.2539686850071], [31.5804083016459, 30.2539742103152], [31.5803700042795, 30.2539781005495], [31.5803315307479, 30.2539803461453], [31.5802928342787, 30.2539809216603], [31.5802541527684, 30.2539798285516]]}, "properties": {"OBJECTID": 744, "اسم_الحي": "حي 15", "نوع_الطريق": "2", "اسم_القطاع": "ABOR 7", "موقف_التنفيذ": "جاري العمل ميدانيا", "موقف_المتخلص": "3", "Length": 0.1752358490566038, "Field": "رئيسي"}}, {"type": "Feature", "geometry": {"type": "LineString", "coordinates": [[31.5330497662152, 30.2721929941051], [31.5330466953116, 30.2721930066131], [31.5315589729228, 30.2721990443775]]}, "properties": {"OBJECTID": 747, "اسم_الحي": "حي 39", "نوع_الطريق": "3", "اسم_القطاع": "ABOR 16", "موقف_التنفيذ": "تم التسليم", "موقف_المتخلص": "3", "Length": 0.283013698630137, "Field": "ثانوي"}}, {"type": "Feature", "geometry": {"type": "LineString", "coordinates": [[31.5138280919055, 30.2640815336012], [31.5147140530862, 30.2643175567274]]}, "properties": {"OBJECTID": 750, "اسم_الحي": "حي 39", "نوع_الطريق": "2", "اسم_القطاع": "ABOR 20", "موقف_التنفيذ": "تم التسليم", "موقف_المتخلص": "3", "Length": 0.283013698630137, "Field": "رئيسي"}}, {"type": "Feature", "geometry": {"type": "LineString", "coordinates": [[31.5622062235675, 30.2539605800216], [31.5616388442488, 30.2534076777611], [31.5616307664811, 30.2533994161452], [31.5616228850079, 30.2533909500614], [31.5616152111415, 30.2533822877546], [31.5616077541948, 30.2533734320338], [31.561600522389, 30.2533643893055], [31.5615935249713, 30.2533551668895], [31.561586771202, 30.2533457712036], [31.5615802682763, 30.2533362077405], [31.5615740243364, 30.2533264883194], [31.5615680465906, 30.253316617531], [31.561562343247, 30.2533066026836], [31.5615569193171, 30.2532964564645], [31.5615517819961, 30.2532861843662], [31.561546936335, 30.2532757963696], [31.561542387385, 30.2532653024552], [31.5615381391579, 30.2532547125922], [31.5615341967311, 30.2532440349571], [31.5615305630511, 30.2532332813119], [31.5615272400645, 30.2532224607009], [31.5615242307441, 30.253211583082], [31.5615215380364, 30.253200660217], [31.5615191607837, 30.2531897002141], [31.5615170988152, 30.2531787148009], [31.5615153540511, 30.253167714826], [31.5615139253339, 30.2531567083974], [31.5615128104012, 30.2531457081221], [31.5615120091477, 30.2531347212172], [31.5615115182717, 30.2531237602786], [31.5615113335114, 30.2531128324776], [31.5615114536828, 30.2531019477264], [31.5615118734325, 30.2530911167937], [31.5615121952134, 30.2530857246624]]}, "properties": {"OBJECTID": 753, "اسم_الحي": "حي 16", "نوع_الطريق": "2", "اسم_القطاع": "ABOR 10", "موقف_التنفيذ": "جاري العمل مكتبيا", "موقف_المتخلص": "3", "Length": 0.1752358490566038, "Field": "رئيسي"}}, {"type": "Feature", "geometry": {"type": "LineString", "coordinates": [[31.5682128181823, 30.2527982983222], [31.5677999103022, 30.2527776976228]]}, "properties": {"OBJECTID": 756, "اسم_الحي": "حي 16", "نوع_الطريق": "3", "اسم_القطاع": "ABOR 9", "موقف_التنفيذ": "جاري العمل ميدانيا", "موقف_المتخلص": "3", "Length": 0.1752358490566038, "Field": "ثانوي"}}, {"type": "Feature", "geometry": {"type": "LineString", "coordinates": [[31.5179917451869, 30.2607807417324], [31.5180053059848, 30.2607671171253], [31.5180191340927, 30.2607536944615], [31.5180332254803, 30.2607404776531], [31.5180475760405, 30.2607274705525], [31.5180621815907, 30.2607146769508], [31.5180770378739, 30.2607021005769], [31.5180921405602, 30.2606897450963], [31.5181074852476, 30.2606776141104], [31.5184636133872, 30.2602295099396]]}, "properties": {"OBJECTID": 759, "اسم_الحي": "حي 39", "نوع_الطريق": "2", "اسم_القطاع": "ABOR 19", "موقف_التنفيذ": "تم التسليم", "موقف_المتخلص": "3", "Length": 0.283013698630137, "Field": "رئيسي"}}, {"type": "Feature", "geometry": {"type": "LineString", "coordinates": [[31.5170922444985, 30.2612216490018], [31.5170292241813, 30.2612719548648], [31.5169646394955, 30.2613207580597], [31.5168985384501, 30.2613680223109], [31.5168309701815, 30.2614137124867], [31.5167619849163, 30.2614577946256], [31.5166916339348, 30.2615002359614], [31.5166199695324, 30.2615410049474], [31.5165470449807, 30.2615800712801], [31.5164729144883, 30.2616174059216], [31.5163976331599, 30.2616529811212], [31.516321256956, 30.2616867704361], [31.5162438426508, 30.2617187487508], [31.5161654477901, 30.261748892296], [31.5160861306488, 30.2617771786662], [31.5160059501872, 30.2618035868365], [31.5159249660075, 30.2618280971777]]}, "properties": {"OBJECTID": 762, "اسم_الحي": "حي 39", "نوع_الطريق": "2", "اسم_القطاع": "ABOR 19", "موقف_التنفيذ": "تم التسليم", "موقف_المتخلص": "3", "Length": 0.283013698630137, "Field": "رئيسي"}}, {"type": "Feature", "geometry": {"type": "LineString", "coordinates": [[31.5605176599653, 30.253292374243], [31.5601047124745, 30.2532716549831]]}, "properties": {"OBJECTID": 765, "اسم_الحي": "حي 16", "نوع_الطريق": "3", "اسم_القطاع": "ABOR 10", "موقف_التنفيذ": "جاري العمل مكتبيا", "موقف_المتخلص": "3", "Length": 0.1752358490566038, "Field": "ثانوي"}}, {"type": "Feature", "geometry": {"type": "LineString", "coordinates": [[31.5176628573931, 30.261587656666], [31.5177774866371, 30.2612228370718]]}, "properties": {"OBJECTID": 768, "اسم_الحي": "حي 39", "نوع_الطريق": "2", "اسم_القطاع": "ABOR 19", "موقف_التنفيذ": "تم التسليم", "موقف_المتخلص": "3", "Length": 0.283013698630137, "Field": "رئيسي"}}, {"type": "Feature", "geometry": {"type": "LineString", "coordinates": [[31.5789767260345, 30.2515115233841], [31.5790007276218, 30.2518063161287]]}, "properties": {"OBJECTID": 772, "اسم_الحي": "حي 15", "نوع_الطريق": "3", "اسم_القطاع": "ABOR 7", "موقف_التنفيذ": "جاري العمل ميدانيا", "موقف_المتخلص": "3", "Length": 0.1752358490566038, "Field": "ثانوي"}}, {"type": "Feature", "geometry": {"type": "LineString", "coordinates": [[31.5170862281173, 30.2639813915111], [31.5170976919831, 30.2639791727225], [31.517858107758, 30.2638320038043]]}, "properties": {"OBJECTID": 775, "اسم_الحي": "حي 39", "نوع_الطريق": "2", "اسم_القطاع": "ABOR 19", "موقف_التنفيذ": "تم التسليم", "موقف_المتخلص": "3", "Length": 0.283013698630137, "Field": "رئيسي"}}, {"type": "Feature", "geometry": {"type": "LineString", "coordinates": [[31.5065143491508, 30.2666404901841], [31.5067789255682, 30.2660747766208]]}, "properties": {"OBJECTID": 778, "اسم_الحي": "حي 39", "نوع_الطريق": "2", "اسم_القطاع": "ABOR 21", "موقف_التنفيذ": "تم التسليم", "موقف_المتخلص": "3", "Length": 0.283013698630137, "Field": "رئيسي"}}, {"type": "Feature", "geometry": {"type": "LineString", "coordinates": [[31.5497001581877, 30.2918894189243], [31.5468145204986, 30.2893683316273], [31.5462619656504, 30.2889603304796], [31.5428782211307, 30.2867605005728], [31.5420415328466, 30.286156625462], [31.5412554319975, 30.2855035655657], [31.5405237463566, 30.2848045016867], [31.5372664785526, 30.2813118519039], [31.5372664785526, 30.2813118519039]]}, "properties": {"OBJECTID": 781, "اسم_الحي": "حي 13", "نوع_الطريق": "1", "اسم_القطاع": "ABOR 6", "موقف_التنفيذ": "تم التسليم", "موقف_المتخلص": "3", "Length": 0.283013698630137, "Field": "رئيسي"}}, {"type": "Feature", "geometry": {"type": "LineString", "coordinates": [[31.5567076384126, 30.2763874068175], [31.5567076384126, 30.2763874068175], [31.558681714175, 30.2745024713381]]}, "properties": {"OBJECTID": 784, "اسم_الحي": "حي 14", "نوع_الطريق": "2", "اسم_القطاع": "ABOR 3", "موقف_التنفيذ": "تم التسليم", "موقف_المتخلص": "2", "Length": 0.283013698630137, "Field": "رئيسي"}}, {"type": "Feature", "geometry": {"type": "LineString", "coordinates": [[31.5880654177369, 30.2521227077683], [31.5880844664712, 30.2517640306768]]}, "properties": {"OBJECTID": 787, "اسم_الحي": "حي 15", "نوع_الطريق": "3", "اسم_القطاع": "ABOR 7", "موقف_التنفيذ": "جاري العمل ميدانيا", "موقف_المتخلص": "3", "Length": 0.1752358490566038, "Field": "ثانوي"}}, {"type": "Feature", "geometry": {"type": "LineString", "coordinates": [[31.58030700882, 30.256708976355], [31.5803309629484, 30.2563459638847]]}, "properties": {"OBJECTID": 790, "اسم_الحي": "حي 15", "نوع_الطريق": "3", "اسم_القطاع": "ABOR 7", "موقف_التنفيذ": "جاري العمل ميدانيا", "موقف_المتخلص": "3", "Length": 0.1752358490566038, "Field": "ثانوي"}}, {"type": "Feature", "geometry": {"type": "LineString", "coordinates": [[31.5594007967464, 30.2505090881635], [31.5593619622182, 30.2510932262524]]}, "properties": {"OBJECTID": 793, "اسم_الحي": "حي 16", "نوع_الطريق": "3", "اسم_القطاع": "ABOR 10", "موقف_التنفيذ": "جاري العمل مكتبيا", "موقف_المتخلص": "3", "Length": 0.1752358490566038, "Field": "ثانوي"}}, {"type": "Feature", "geometry": {"type": "LineString", "coordinates": [[31.558331132818, 30.2811523507064], [31.5569193899717, 30.280048733737], [31.5553899683162, 30.2788530727411], [31.5541720831338, 30.2779009299231], [31.552546765577, 30.2766302104126], [31.5513069735275, 30.2756608745963], [31.5505513838587, 30.2750700942149]]}, "properties": {"OBJECTID": 796, "اسم_الحي": "حي 13", "نوع_الطريق": "1", "اسم_القطاع": "ABOR 5", "موقف_التنفيذ": "تم التسليم", "موقف_المتخلص": "3", "Length": 0.283013698630137, "Field": "رئيسي"}}, {"type": "Feature", "geometry": {"type": "LineString", "coordinates": [[31.5080447335286, 30.2580279109648], [31.5088173701974, 30.2573867132405]]}, "properties": {"OBJECTID": 799, "اسم_الحي": "حي 39", "نوع_الطريق": "2", "اسم_القطاع": "ABOR 20", "موقف_التنفيذ": "تم التسليم", "موقف_المتخلص": "3", "Length": 0.283013698630137, "Field": "رئيسي"}}, {"type": "Feature", "geometry": {"type": "LineString", "coordinates": [[31.5882797789819, 30.2589851671361], [31.5882578320187, 30.259316719575]]}, "properties": {"OBJECTID": 802, "اسم_الحي": "حي 15", "نوع_الطريق": "3", "اسم_القطاع": "ABOR 7", "موقف_التنفيذ": "جاري العمل ميدانيا", "موقف_المتخلص": "3", "Length": 0.1752358490566038, "Field": "ثانوي"}}, {"type": "Feature", "geometry": {"type": "LineString", "coordinates": [[31.5751709941809, 30.2530108572665], [31.5751950058361, 30.2526478727174]]}, "properties": {"OBJECTID": 805, "اسم_الحي": "حي 15", "نوع_الطريق": "3", "اسم_القطاع": "ABOR 8", "موقف_التنفيذ": "جاري العمل ميدانيا", "موقف_المتخلص": "3", "Length": 0.1752358490566038, "Field": "ثانوي"}}, {"type": "Feature", "geometry": {"type": "LineString", "coordinates": [[31.5327757067784, 30.2740060557132], [31.5323070390205, 30.2738461979267], [31.5313881731497, 30.2735327731666]]}, "properties": {"OBJECTID": 808, "اسم_الحي": "حي 39", "نوع_الطريق": "3", "اسم_القطاع": "ABOR 16", "موقف_التنفيذ": "تم التسليم", "موقف_المتخلص": "3", "Length": 0.283013698630137, "Field": "ثانوي"}}, {"type": "Feature", "geometry": {"type": "LineString", "coordinates": [[31.5163466324331, 30.2713993526629], [31.5162995447598, 30.2715033131599], [31.5157508248755, 30.2727147702296], [31.5156500523575, 30.2729372489502], [31.515121976033, 30.2741030941513], [31.5151214858535, 30.2741062384273], [31.5148503802376, 30.275846247332], [31.5147905177458, 30.2762304507408], [31.5145644431219, 30.2776813883802]]}, "properties": {"OBJECTID": 811, "اسم_الحي": "حي 39", "نوع_الطريق": "1", "اسم_القطاع": "ABOR 14", "موقف_التنفيذ": "تم التسليم", "موقف_المتخلص": "3", "Length": 0.283013698630137, "Field": "رئيسي"}}, {"type": "Feature", "geometry": {"type": "LineString", "coordinates": [[31.5255047899639, 30.2698646124041], [31.5254313321303, 30.2696793346106], [31.5252596980583, 30.2692464365206]]}, "properties": {"OBJECTID": 814, "اسم_الحي": "حي 39", "نوع_الطريق": "2", "اسم_القطاع": "ABOR 17", "موقف_التنفيذ": "تم التسليم", "موقف_المتخلص": "3", "Length": 0.283013698630137, "Field": "رئيسي"}}, {"type": "Feature", "geometry": {"type": "LineString", "coordinates": [[31.5731801609783, 30.2529114403246], [31.5732032732666, 30.2525621423158]]}, "properties": {"OBJECTID": 817, "اسم_الحي": "حي 15", "نوع_الطريق": "3", "اسم_القطاع": "ABOR 8", "موقف_التنفيذ": "جاري العمل ميدانيا", "موقف_المتخلص": "3", "Length": 0.1752358490566038, "Field": "ثانوي"}}, {"type": "Feature", "geometry": {"type": "LineString", "coordinates": [[31.5089879734695, 30.2645604975401], [31.5085941783404, 30.2644589659188], [31.5074701457844, 30.2641321217389]]}, "properties": {"OBJECTID": 820, "اسم_الحي": "حي 39", "نوع_الطريق": "2", "اسم_القطاع": "ABOR 20", "موقف_التنفيذ": "تم التسليم", "موقف_المتخلص": "3", "Length": 0.283013698630137, "Field": "رئيسي"}}, {"type": "Feature", "geometry": {"type": "LineString", "coordinates": [[31.4929652649793, 30.2721005229367], [31.4931573341352, 30.2726610714215], [31.493377878071, 30.2732824246226]]}, "properties": {"OBJECTID": 824, "اسم_الحي": "حي 39", "نوع_الطريق": "2", "اسم_القطاع": "ABOR 22", "موقف_التنفيذ": "تم التسليم", "موقف_المتخلص": "3", "Length": 0.283013698630137, "Field": "رئيسي"}}, {"type": "Feature", "geometry": {"type": "LineString", "coordinates": [[31.5272134964236, 30.2687100895265], [31.5272479049618, 30.2687999815046], [31.5272977983946, 30.2689374433334], [31.5273293680817, 30.2690697777655], [31.5273357958789, 30.2692047775947], [31.5273169132681, 30.2693389035173], [31.5272732152962, 30.2694686391551], [31.5265088406407, 30.2710755205654]]}, "properties": {"OBJECTID": 827, "اسم_الحي": "حي 39", "نوع_الطريق": "2", "اسم_القطاع": "ABOR 17", "موقف_التنفيذ": "تم التسليم", "موقف_المتخلص": "3", "Length": 0.283013698630137, "Field": "رئيسي"}}, {"type": "Feature", "geometry": {"type": "LineString", "coordinates": [[31.5038089668849, 30.2687781982059], [31.5041463509009, 30.2696655027719], [31.5041662881826, 30.2697179350993]]}, "properties": {"OBJECTID": 830, "اسم_الحي": "حي 39", "نوع_الطريق": "2", "اسم_القطاع": "ABOR 21", "موقف_التنفيذ": "تم التسليم", "موقف_المتخلص": "3", "Length": 0.283013698630137, "Field": "رئيسي"}}, {"type": "Feature", "geometry": {"type": "LineString", "coordinates": [[31.5221389435769, 30.2635442966695], [31.522141033891, 30.2635730711161], [31.5221373540667, 30.2636017264151], [31.5221280141232, 30.2636294058302], [31.5221132933065, 30.2636552818029], [31.5220936317399, 30.2636785806947], [31.5220696172651, 30.2636986059167], [31.5220419678676, 30.2637147587567], [31.5220115102095, 30.2637265562788], [31.5219284536811, 30.263742115904], [31.5218525583045, 30.2637751501418], [31.5217886640095, 30.2638235523471], [31.5217408454041, 30.263884235839], [31.5215521099602, 30.2642034116531]]}, "properties": {"OBJECTID": 833, "اسم_الحي": "حي 39", "نوع_الطريق": "2", "اسم_القطاع": "ABOR 19", "موقف_التنفيذ": "تم التسليم", "موقف_المتخلص": "3", "Length": 0.283013698630137, "Field": "رئيسي"}}, {"type": "Feature", "geometry": {"type": "LineString", "coordinates": [[31.5085009475209, 30.2692116142357], [31.5082941878278, 30.2686249974404]]}, "properties": {"OBJECTID": 836, "اسم_الحي": "حي 39", "نوع_الطريق": "2", "اسم_القطاع": "ABOR 21", "موقف_التنفيذ": "تم التسليم", "موقف_المتخلص": "3", "Length": 0.283013698630137, "Field": "رئيسي"}}, {"type": "Feature", "geometry": {"type": "LineString", "coordinates": [[31.5781180431059, 30.2574723034466], [31.5821097241746, 30.2576710485545], [31.5828087446034, 30.2576649459401], [31.5835004214661, 30.2575774423409], [31.5842449824666, 30.2574428451784], [31.5845496661666, 30.257406105019], [31.5848752461679, 30.2573843015911], [31.5851274764675, 30.2573796417252], [31.585352833008, 30.2573844746516], [31.5856331605406, 30.2573981548096]]}, "properties": {"OBJECTID": 839, "اسم_الحي": "حي 15", "نوع_الطريق": "2", "اسم_القطاع": "ABOR 7", "موقف_التنفيذ": "جاري العمل ميدانيا", "موقف_المتخلص": "3", "Length": 0.1752358490566038, "Field": "رئيسي"}}, {"type": "Feature", "geometry": {"type": "LineString", "coordinates": [[31.5229175191012, 30.2627789289282], [31.5231308380857, 30.2621907645617]]}, "properties": {"OBJECTID": 842, "اسم_الحي": "حي 39", "نوع_الطريق": "2", "اسم_القطاع": "ABOR 19", "موقف_التنفيذ": "تم التسليم", "موقف_المتخلص": "3", "Length": 0.283013698630137, "Field": "رئيسي"}}, {"type": "Feature", "geometry": {"type": "LineString", "coordinates": [[31.574066508465, 30.2529557063013], [31.5740435025956, 30.2533051049162]]}, "properties": {"OBJECTID": 845, "اسم_الحي": "حي 15", "نوع_الطريق": "3", "اسم_القطاع": "ABOR 8", "موقف_التنفيذ": "جاري العمل ميدانيا", "موقف_المتخلص": "3", "Length": 0.1752358490566038, "Field": "ثانوي"}}, {"type": "Feature", "geometry": {"type": "LineString", "coordinates": [[31.5831441420163, 30.2526077882451], [31.5835571636275, 30.2526284094881]]}, "properties": {"OBJECTID": 849, "اسم_الحي": "حي 15", "نوع_الطريق": "3", "اسم_القطاع": "ABOR 7", "موقف_التنفيذ": "جاري العمل ميدانيا", "موقف_المتخلص": "3", "Length": 0.1752358490566038, "Field": "ثانوي"}}, {"type": "Feature", "geometry": {"type": "LineString", "coordinates": [[31.521061033978, 30.2709187287162], [31.5221366320298, 30.2712992855712], [31.5227149576315, 30.2715038982055]]}, "properties": {"OBJECTID": 853, "اسم_الحي": "حي 39", "نوع_الطريق": "2", "اسم_القطاع": "ABOR 17", "موقف_التنفيذ": "تم التسليم", "موقف_المتخلص": "3", "Length": 0.283013698630137, "Field": "رئيسي"}}, {"type": "Feature", "geometry": {"type": "LineString", "coordinates": [[31.536666482259, 30.2703899876325], [31.5358781784001, 30.2703746407854]]}, "properties": {"OBJECTID": 856, "اسم_الحي": "حي 39", "نوع_الطريق": "3", "اسم_القطاع": "ABOR 16", "موقف_التنفيذ": "تم التسليم", "موقف_المتخلص": "3", "Length": 0.283013698630137, "Field": "ثانوي"}}, {"type": "Feature", "geometry": {"type": "LineString", "coordinates": [[31.5760673898352, 30.2583922598983], [31.5760437342141, 30.2587508017465]]}, "properties": {"OBJECTID": 859, "اسم_الحي": "حي 15", "نوع_الطريق": "3", "اسم_القطاع": "ABOR 8", "موقف_التنفيذ": "جاري العمل ميدانيا", "موقف_المتخلص": "3", "Length": 0.1752358490566038, "Field": "ثانوي"}}, {"type": "Feature", "geometry": {"type": "LineString", "coordinates": [[31.5181237263328, 30.263025552019], [31.5179252253683, 30.2624773232482]]}, "properties": {"OBJECTID": 862, "اسم_الحي": "حي 39", "نوع_الطريق": "2", "اسم_القطاع": "ABOR 19", "موقف_التنفيذ": "تم التسليم", "موقف_المتخلص": "3", "Length": 0.283013698630137, "Field": "رئيسي"}}, {"type": "Feature", "geometry": {"type": "LineString", "coordinates": [[31.5736157031797, 30.2529331936412], [31.5740504220672, 30.2529549031635], [31.574066508465, 30.2529557063013], [31.5751709941809, 30.2530108572665], [31.5755908790215, 30.253031821032], [31.5760984829121, 30.253057162272], [31.5768846977671, 30.2530964099938], [31.5774774157198, 30.2531259947729]]}, "properties": {"OBJECTID": 865, "اسم_الحي": "حي 15", "نوع_الطريق": "2", "اسم_القطاع": "ABOR 8", "موقف_التنفيذ": "جاري العمل ميدانيا", "موقف_المتخلص": "3", "Length": 0.1752358490566038, "Field": "رئيسي"}}, {"type": "Feature", "geometry": {"type": "LineString", "coordinates": [[31.5532360924907, 30.2749572057252], [31.5532670010968, 30.2749828332048], [31.5532912290963, 30.275013353551], [31.5533077639238, 30.2750474912174], [31.5533159145362, 30.2750838194789], [31.5533153402934, 30.2751208200603], [31.5533060651948, 30.2751569465894], [31.5532884768764, 30.2751906892252], [31.5532633104101, 30.2752206377585], [31.5532633104101, 30.2752206377585]]}, "properties": {"OBJECTID": 868, "اسم_الحي": "حي 13", "نوع_الطريق": "2", "اسم_القطاع": "ABOR 5", "موقف_التنفيذ": "تم التسليم", "موقف_المتخلص": "3", "Length": 0.283013698630137, "Field": "رئيسي"}}, {"type": "Feature", "geometry": {"type": "LineString", "coordinates": [[31.5682816578452, 30.2669491701518], [31.5674167243959, 30.2678677847221], [31.5673826118392, 30.2679040126355]]}, "properties": {"OBJECTID": 871, "اسم_الحي": "حي 14", "نوع_الطريق": "3", "اسم_القطاع": "ABOR 2", "موقف_التنفيذ": "تم التسليم", "موقف_المتخلص": "3", "Length": 0.283013698630137, "Field": "ثانوي"}}, {"type": "Feature", "geometry": {"type": "LineString", "coordinates": [[31.5707698421332, 30.269016635093], [31.5697266133457, 30.2697412200677], [31.5696639756532, 30.2697847242561]]}, "properties": {"OBJECTID": 874, "اسم_الحي": "حي 14", "نوع_الطريق": "3", "اسم_القطاع": "ABOR 2", "موقف_التنفيذ": "تم التسليم", "موقف_المتخلص": "3", "Length": 0.283013698630137, "Field": "ثانوي"}}, {"type": "Feature", "geometry": {"type": "LineString", "coordinates": [[31.5715338462047, 30.2724955730379], [31.5715338462047, 30.2724955730379], [31.5706751139465, 30.272322449253], [31.5706397674491, 30.2723153232769]]}, "properties": {"OBJECTID": 877, "اسم_الحي": "حي 14", "نوع_الطريق": "3", "اسم_القطاع": "ABOR 2", "موقف_التنفيذ": "تم التسليم", "موقف_المتخلص": "3", "Length": 0.283013698630137, "Field": "ثانوي"}}, {"type": "Feature", "geometry": {"type": "LineString", "coordinates": [[31.5685624619798, 30.2736566463813], [31.5690428625825, 30.2732890781496], [31.569141045733, 30.2732139543118]]}, "properties": {"OBJECTID": 880, "اسم_الحي": "حي 14", "نوع_الطريق": "3", "اسم_القطاع": "ABOR 2", "موقف_التنفيذ": "تم التسليم", "موقف_المتخلص": "3", "Length": 0.283013698630137, "Field": "ثانوي"}}, {"type": "Feature", "geometry": {"type": "LineString", "coordinates": [[31.5663703436801, 30.2691209574723], [31.5669456299594, 30.2684628143797], [31.5670018162383, 30.268398535261]]}, "properties": {"OBJECTID": 883, "اسم_الحي": "حي 14", "نوع_الطريق": "3", "اسم_القطاع": "ABOR 2", "موقف_التنفيذ": "تم التسليم", "موقف_المتخلص": "3", "Length": 0.283013698630137, "Field": "ثانوي"}}, {"type": "Feature", "geometry": {"type": "LineString", "coordinates": [[31.5686400250986, 30.2708318590538], [31.5690812921485, 30.270463323718], [31.5691314087157, 30.2704214667986]]}, "properties": {"OBJECTID": 886, "اسم_الحي": "حي 14", "نوع_الطريق": "3", "اسم_القطاع": "ABOR 2", "موقف_التنفيذ": "تم التسليم", "موقف_المتخلص": "3", "Length": 0.283013698630137, "Field": "ثانوي"}}, {"type": "Feature", "geometry": {"type": "LineString", "coordinates": [[31.5641550320408, 30.2678529316283], [31.5638567205717, 30.2682941464313], [31.5638070664951, 30.2683634953664]]}, "properties": {"OBJECTID": 889, "اسم_الحي": "حي 14", "نوع_الطريق": "3", "اسم_القطاع": "ABOR 2", "موقف_التنفيذ": "تم التسليم", "موقف_المتخلص": "3", "Length": 0.283013698630137, "Field": "ثانوي"}}, {"type": "Feature", "geometry": {"type": "LineString", "coordinates": [[31.5670159863684, 30.2695595475989], [31.566608665663, 30.2699938397323], [31.5665794163705, 30.2700250245479]]}, "properties": {"OBJECTID": 892, "اسم_الحي": "حي 14", "نوع_الطريق": "3", "اسم_القطاع": "ABOR 2", "موقف_التنفيذ": "تم التسليم", "موقف_المتخلص": "3", "Length": 0.283013698630137, "Field": "ثانوي"}}, {"type": "Feature", "geometry": {"type": "LineString", "coordinates": [[31.5640285990465, 30.2698076445944], [31.5643091737493, 30.2694440588495], [31.5643561822054, 30.2693846617902]]}, "properties": {"OBJECTID": 895, "اسم_الحي": "حي 14", "نوع_الطريق": "3", "اسم_القطاع": "ABOR 2", "موقف_التنفيذ": "تم التسليم", "موقف_المتخلص": "3", "Length": 0.283013698630137, "Field": "ثانوي"}}, {"type": "Feature", "geometry": {"type": "LineString", "coordinates": [[31.566376317262, 30.2715301976953], [31.5668955394303, 30.2711014038208], [31.5669342620946, 30.2710694248684]]}, "properties": {"OBJECTID": 898, "اسم_الحي": "حي 14", "نوع_الطريق": "3", "اسم_القطاع": "ABOR 2", "موقف_التنفيذ": "تم التسليم", "موقف_المتخلص": "3", "Length": 0.283013698630137, "Field": "ثانوي"}}, {"type": "Feature", "geometry": {"type": "LineString", "coordinates": [[31.5628787058921, 30.2642194376119], [31.5624229968706, 30.2652746692199], [31.5623906079922, 30.2653539049643]]}, "properties": {"OBJECTID": 901, "اسم_الحي": "حي 14", "نوع_الطريق": "3", "اسم_القطاع": "ABOR 2", "موقف_التنفيذ": "تم التسليم", "موقف_المتخلص": "3", "Length": 0.283013698630137, "Field": "ثانوي"}}, {"type": "Feature", "geometry": {"type": "LineString", "coordinates": [[31.5626610528366, 30.2671763120769], [31.5630728027676, 30.2664206331721], [31.5631004299825, 30.266369927557]]}, "properties": {"OBJECTID": 904, "اسم_الحي": "حي 14", "نوع_الطريق": "3", "اسم_القطاع": "ABOR 2", "موقف_التنفيذ": "تم التسليم", "موقف_المتخلص": "3", "Length": 0.283013698630137, "Field": "ثانوي"}}, {"type": "Feature", "geometry": {"type": "LineString", "coordinates": [[31.5597884292967, 30.2662167929175], [31.5597653044322, 30.2653576641635], [31.5597649911657, 30.2653119781147]]}, "properties": {"OBJECTID": 907, "اسم_الحي": "حي 14", "نوع_الطريق": "3", "اسم_القطاع": "ABOR 2", "موقف_التنفيذ": "تم التسليم", "موقف_المتخلص": "3", "Length": 0.283013698630137, "Field": "ثانوي"}}, {"type": "Feature", "geometry": {"type": "LineString", "coordinates": [[31.5555155269211, 30.2656332923122], [31.5567683475693, 30.2661138242014], [31.5568423043287, 30.2661421274257]]}, "properties": {"OBJECTID": 910, "اسم_الحي": "حي 14", "نوع_الطريق": "3", "اسم_القطاع": "ABOR 2", "موقف_التنفيذ": "تم التسليم", "موقف_المتخلص": "3", "Length": 0.283013698630137, "Field": "ثانوي"}}, {"type": "Feature", "geometry": {"type": "LineString", "coordinates": [[31.558099649426, 30.2676669535968], [31.558099649426, 30.2676669535968], [31.5571886913898, 30.2673728669805], [31.5571127158821, 30.2673483393948]]}, "properties": {"OBJECTID": 913, "اسم_الحي": "حي 14", "نوع_الطريق": "3", "اسم_القطاع": "ABOR 2", "موقف_التنفيذ": "تم التسليم", "موقف_المتخلص": "3", "Length": 0.283013698630137, "Field": "ثانوي"}}, {"type": "Feature", "geometry": {"type": "LineString", "coordinates": [[31.5577142068669, 30.2685892873833], [31.5577142503201, 30.2685893013962], [31.5582451548246, 30.26876328192], [31.5583792212249, 30.2688072160017]]}, "properties": {"OBJECTID": 916, "اسم_الحي": "حي 14", "نوع_الطريق": "3", "اسم_القطاع": "ABOR 2", "موقف_التنفيذ": "تم التسليم", "موقف_المتخلص": "3", "Length": 0.283013698630137, "Field": "ثانوي"}}, {"type": "Feature", "geometry": {"type": "LineString", "coordinates": [[31.5542806170558, 30.2687428856061], [31.555487537311, 30.2691616683876], [31.5555819097799, 30.2691944139655]]}, "properties": {"OBJECTID": 919, "اسم_الحي": "حي 14", "نوع_الطريق": "3", "اسم_القطاع": "ABOR 3", "موقف_التنفيذ": "تم التسليم", "موقف_المتخلص": "3", "Length": 0.283013698630137, "Field": "ثانوي"}}, {"type": "Feature", "geometry": {"type": "LineString", "coordinates": [[31.556639246485, 30.270679200901], [31.556639246485, 30.270679200901], [31.5557678495525, 30.2703375586104], [31.5557045230932, 30.2703127302992]]}, "properties": {"OBJECTID": 922, "اسم_الحي": "حي 14", "نوع_الطريق": "3", "اسم_القطاع": "ABOR 3", "موقف_التنفيذ": "تم التسليم", "موقف_المتخلص": "3", "Length": 0.283013698630137, "Field": "ثانوي"}}, {"type": "Feature", "geometry": {"type": "LineString", "coordinates": [[31.5571506766754, 30.2697548100432], [31.5571507201158, 30.2697548249585], [31.557764144341, 30.2699649492315], [31.5578495577747, 30.269992017503]]}, "properties": {"OBJECTID": 925, "اسم_الحي": "حي 14", "نوع_الطريق": "3", "اسم_القطاع": "ABOR 3", "موقف_التنفيذ": "تم التسليم", "موقف_المتخلص": "3", "Length": 0.283013698630137, "Field": "ثانوي"}}, {"type": "Feature", "geometry": {"type": "LineString", "coordinates": [[31.5562749583831, 30.2712789723098], [31.5569392507709, 30.2716175798296], [31.5569997296639, 30.2716484079315]]}, "properties": {"OBJECTID": 928, "اسم_الحي": "حي 14", "نوع_الطريق": "3", "اسم_القطاع": "ABOR 3", "موقف_التنفيذ": "تم التسليم", "موقف_المتخلص": "3", "Length": 0.283013698630137, "Field": "ثانوي"}}, {"type": "Feature", "geometry": {"type": "LineString", "coordinates": [[31.5537115918893, 30.2736292252238], [31.5537115918893, 30.2736292252238], [31.5545816874216, 30.2732322778053], [31.5546251893619, 30.2732093096166]]}, "properties": {"OBJECTID": 931, "اسم_الحي": "حي 14", "نوع_الطريق": "3", "اسم_القطاع": "ABOR 3", "موقف_التنفيذ": "تم التسليم", "موقف_المتخلص": "3", "Length": 0.283013698630137, "Field": "ثانوي"}}, {"type": "Feature", "geometry": {"type": "LineString", "coordinates": [[31.5573646067715, 30.273463306195], [31.5566834293671, 30.2740594965812], [31.5566333839581, 30.2741069470967]]}, "properties": {"OBJECTID": 934, "اسم_الحي": "حي 14", "نوع_الطريق": "3", "اسم_القطاع": "ABOR 3", "موقف_التنفيذ": "تم التسليم", "موقف_المتخلص": "3", "Length": 0.283013698630137, "Field": "ثانوي"}}, {"type": "Feature", "geometry": {"type": "LineString", "coordinates": [[31.5553696186293, 30.2753365268255], [31.5560789669543, 30.2746561251475], [31.5561313286407, 30.2746042268957]]}, "properties": {"OBJECTID": 937, "اسم_الحي": "حي 14", "نوع_الطريق": "3", "اسم_القطاع": "ABOR 3", "موقف_التنفيذ": "تم التسليم", "موقف_المتخلص": "3", "Length": 0.283013698630137, "Field": "ثانوي"}}, {"type": "Feature", "geometry": {"type": "LineString", "coordinates": [[31.558191668206, 30.2741158411331], [31.5588509736586, 30.2734862872833], [31.5588876232874, 30.2734512905976]]}, "properties": {"OBJECTID": 940, "اسم_الحي": "حي 14", "نوع_الطريق": "3", "اسم_القطاع": "ABOR 3", "موقف_التنفيذ": "تم التسليم", "موقف_المتخلص": "3", "Length": 0.283013698630137, "Field": "ثانوي"}}, {"type": "Feature", "geometry": {"type": "LineString", "coordinates": [[31.5610674017131, 30.2711470085529], [31.5616195101724, 30.2715793239491], [31.5616883362409, 30.2716332164518]]}, "properties": {"OBJECTID": 943, "اسم_الحي": "حي 14", "نوع_الطريق": "3", "اسم_القطاع": "ABOR 1", "موقف_التنفيذ": "تم التسليم", "موقف_المتخلص": "3", "Length": 0.283013698630137, "Field": "ثانوي"}}, {"type": "Feature", "geometry": {"type": "LineString", "coordinates": [[31.5648733196791, 30.2714228335795], [31.5641904374492, 30.2707708170699], [31.5640667407673, 30.2706614868753]]}, "properties": {"OBJECTID": 946, "اسم_الحي": "حي 14", "نوع_الطريق": "3", "اسم_القطاع": "ABOR 1", "موقف_التنفيذ": "تم التسليم", "موقف_المتخلص": "3", "Length": 0.283013698630137, "Field": "ثانوي"}}, {"type": "Feature", "geometry": {"type": "LineString", "coordinates": [[31.5623693953357, 30.2735814921119], [31.5615788671335, 30.272962508151], [31.5615227878681, 30.2729185986447]]}, "properties": {"OBJECTID": 949, "اسم_الحي": "حي 14", "نوع_الطريق": "3", "اسم_القطاع": "ABOR 1", "موقف_التنفيذ": "تم التسليم", "موقف_المتخلص": "3", "Length": 0.283013698630137, "Field": "ثانوي"}}, {"type": "Feature", "geometry": {"type": "LineString", "coordinates": [[31.5607816084366, 30.2732038098667], [31.5604604577603, 30.2734631796007], [31.5603903948947, 30.2735197627416]]}, "properties": {"OBJECTID": 952, "اسم_الحي": "حي 14", "نوع_الطريق": "3", "اسم_القطاع": "ABOR 3", "موقف_التنفيذ": "تم التسليم", "موقف_المتخلص": "3", "Length": 0.283013698630137, "Field": "ثانوي"}}, {"type": "Feature", "geometry": {"type": "LineString", "coordinates": [[31.5606769491967, 30.2760765942844], [31.5613243864763, 30.2754583583862], [31.5613662998038, 30.2754183363042]]}, "properties": {"OBJECTID": 955, "اسم_الحي": "حي 14", "نوع_الطريق": "3", "اسم_القطاع": "ABOR 3", "موقف_التنفيذ": "تم التسليم", "موقف_المتخلص": "3", "Length": 0.283013698630137, "Field": "ثانوي"}}, {"type": "Feature", "geometry": {"type": "LineString", "coordinates": [[31.5639331950169, 30.2764845171765], [31.5646801089942, 30.2770782849584], [31.5647121417743, 30.2771037494177]]}, "properties": {"OBJECTID": 958, "اسم_الحي": "حي 14", "نوع_الطريق": "3", "اسم_القطاع": "ABOR 3", "موقف_التنفيذ": "تم التسليم", "موقف_المتخلص": "3", "Length": 0.283013698630137, "Field": "ثانوي"}}, {"type": "Feature", "geometry": {"type": "LineString", "coordinates": [[31.5616247046116, 30.2767745793614], [31.5611573086472, 30.2774868860653], [31.5611203576135, 30.2775431982551]]}, "properties": {"OBJECTID": 961, "اسم_الحي": "حي 14", "نوع_الطريق": "3", "اسم_القطاع": "ABOR 3", "موقف_التنفيذ": "تم التسليم", "موقف_المتخلص": "3", "Length": 0.283013698630137, "Field": "ثانوي"}}, {"type": "Feature", "geometry": {"type": "LineString", "coordinates": [[31.5592627638692, 30.274960893487], [31.5586569568025, 30.2755393590812], [31.5585776443263, 30.2756150913241]]}, "properties": {"OBJECTID": 964, "اسم_الحي": "حي 14", "نوع_الطريق": "3", "اسم_القطاع": "ABOR 3", "موقف_التنفيذ": "تم التسليم", "موقف_المتخلص": "3", "Length": 0.283013698630137, "Field": "ثانوي"}}, {"type": "Feature", "geometry": {"type": "LineString", "coordinates": [[31.5639316286971, 30.279157970238], [31.5639316286971, 30.279157970238], [31.5636601502975, 30.2785457245908], [31.5636371415718, 30.2785100115215]]}, "properties": {"OBJECTID": 967, "اسم_الحي": "حي 14", "نوع_الطريق": "3", "اسم_القطاع": "ABOR 3", "موقف_التنفيذ": "تم التسليم", "موقف_المتخلص": "3", "Length": 0.283013698630137, "Field": "ثانوي"}}, {"type": "Feature", "geometry": {"type": "LineString", "coordinates": [[31.559747702611, 30.2787748901105], [31.5604260761207, 30.2780721907032], [31.5604874430526, 30.2780105557872]]}, "properties": {"OBJECTID": 970, "اسم_الحي": "حي 14", "نوع_الطريق": "3", "اسم_القطاع": "ABOR 3", "موقف_التنفيذ": "تم التسليم", "موقف_المتخلص": "3", "Length": 0.283013698630137, "Field": "ثانوي"}}, {"type": "Feature", "geometry": {"type": "LineString", "coordinates": [[31.5572778769102, 30.2768352394061], [31.5580106946024, 30.2761323115129], [31.5580424357195, 30.2761018644761]]}, "properties": {"OBJECTID": 973, "اسم_الحي": "حي 14", "نوع_الطريق": "3", "اسم_القطاع": "ABOR 3", "موقف_التنفيذ": "تم التسليم", "موقف_المتخلص": "3", "Length": 0.283013698630137, "Field": "ثانوي"}}, {"type": "Feature", "geometry": {"type": "LineString", "coordinates": [[31.559747702611, 30.2787748901105], [31.5590326213018, 30.27951559897], [31.5590000441692, 30.2795493438729]]}, "properties": {"OBJECTID": 976, "اسم_الحي": "حي 13", "نوع_الطريق": "3", "اسم_القطاع": "ABOR 5", "موقف_التنفيذ": "تم التسليم", "موقف_المتخلص": "3", "Length": 0.283013698630137, "Field": "ثانوي"}}, {"type": "Feature", "geometry": {"type": "LineString", "coordinates": [[31.5572778769102, 30.2768352394061], [31.5565460493867, 30.2775371993537], [31.5564666199163, 30.2776133863922]]}, "properties": {"OBJECTID": 979, "اسم_الحي": "حي 13", "نوع_الطريق": "3", "اسم_القطاع": "ABOR 5", "موقف_التنفيذ": "تم التسليم", "موقف_المتخلص": "3", "Length": 0.283013698630137, "Field": "ثانوي"}}, {"type": "Feature", "geometry": {"type": "LineString", "coordinates": [[31.5533570983664, 30.2772637581325], [31.5540193106612, 30.276625691393], [31.5541245703781, 30.2765282870991]]}, "properties": {"OBJECTID": 982, "اسم_الحي": "حي 13", "نوع_الطريق": "3", "اسم_القطاع": "ABOR 5", "موقف_التنفيذ": "تم التسليم", "موقف_المتخلص": "3", "Length": 0.283013698630137, "Field": "ثانوي"}}, {"type": "Feature", "geometry": {"type": "LineString", "coordinates": [[31.5569193899717, 30.280048733737], [31.557594042064, 30.279398659545], [31.5576872844246, 30.2793088119338]]}, "properties": {"OBJECTID": 985, "اسم_الحي": "حي 13", "نوع_الطريق": "3", "اسم_القطاع": "ABOR 5", "موقف_التنفيذ": "تم التسليم", "موقف_المتخلص": "3", "Length": 0.283013698630137, "Field": "ثانوي"}}, {"type": "Feature", "geometry": {"type": "LineString", "coordinates": [[31.5559512244877, 30.2828974744316], [31.5563616784485, 30.2825030209982]]}, "properties": {"OBJECTID": 988, "اسم_الحي": "حي 13", "نوع_الطريق": "3", "اسم_القطاع": "ABOR 5", "موقف_التنفيذ": "تم التسليم", "موقف_المتخلص": "3", "Length": 0.283013698630137, "Field": "ثانوي"}}, {"type": "Feature", "geometry": {"type": "LineString", "coordinates": [[31.5527015642168, 30.2803569524017], [31.5530983306336, 30.2799746711929]]}, "properties": {"OBJECTID": 991, "اسم_الحي": "حي 13", "نوع_الطريق": "3", "اسم_القطاع": "ABOR 5", "موقف_التنفيذ": "تم التسليم", "موقف_المتخلص": "3", "Length": 0.283013698630137, "Field": "ثانوي"}}, {"type": "Feature", "geometry": {"type": "LineString", "coordinates": [[31.5499571104439, 30.2782112300875], [31.5503789101284, 30.2778048394128]]}, "properties": {"OBJECTID": 994, "اسم_الحي": "حي 13", "نوع_الطريق": "3", "اسم_القطاع": "ABOR 5", "موقف_التنفيذ": "تم التسليم", "موقف_المتخلص": "3", "Length": 0.283013698630137, "Field": "ثانوي"}}, {"type": "Feature", "geometry": {"type": "LineString", "coordinates": [[31.5540582755014, 30.2778119531395], [31.5533920273353, 30.2783760008441]]}, "properties": {"OBJECTID": 997, "اسم_الحي": "حي 13", "نوع_الطريق": "3", "اسم_القطاع": "ABOR 5", "موقف_التنفيذ": "تم التسليم", "موقف_المتخلص": "3", "Length": 0.283013698630137, "Field": "ثانوي"}}, {"type": "Feature", "geometry": {"type": "LineString", "coordinates": [[31.5571996301301, 30.280267813671], [31.5567531377279, 30.2806794510103]]}, "properties": {"OBJECTID": 1000, "اسم_الحي": "حي 13", "نوع_الطريق": "3", "اسم_القطاع": "ABOR 5", "موقف_التنفيذ": "تم التسليم", "موقف_المتخلص": "3", "Length": 0.283013698630137, "Field": "ثانوي"}}, {"type": "Feature", "geometry": {"type": "LineString", "coordinates": [[31.5478244527581, 30.26954749203], [31.5473651785653, 30.2703987439621], [31.5468767681139, 30.2712378039841], [31.5463596542809, 30.2720639287611], [31.5458142953826, 30.2728763864366], [31.5452411747691, 30.2736744572797], [31.5446408003955, 30.2744574343217], [31.5440137043719, 30.2752246239814], [31.5433604424917, 30.2759753466787], [31.5426815937389, 30.2767089374354], [31.5419777597753, 30.2774247464634], [31.5412495644068, 30.2781221397389], [31.540497653031, 30.2788004995631], [31.5397226920646, 30.2794592251083], [31.5389253683533, 30.2800977329491], [31.5381063885628, 30.2807154575776], [31.5372664785526, 30.2813118519039], [31.5372664785526, 30.2813118519039]]}, "properties": {"OBJECTID": 1100, "اسم_الحي": "حي 13", "نوع_الطريق": "1", "اسم_القطاع": "ABOR 6", "موقف_التنفيذ": "تم التسليم", "موقف_المتخلص": "3", "Length": 0.283013698630137, "Field": "رئيسي"}}, {"type": "Feature", "geometry": {"type": "LineString", "coordinates": [[31.5372664785526, 30.2813118519039], [31.5363007542456, 30.2802746146485], [31.5359593139379, 30.2799078824149]]}, "properties": {"OBJECTID": 1104, "اسم_الحي": "حي 39", "نوع_الطريق": "1", "اسم_القطاع": "ABOR 12", "موقف_التنفيذ": "تم التسليم", "موقف_المتخلص": "3", "Length": 0.283013698630137, "Field": "رئيسي"}}, {"type": "Feature", "geometry": {"type": "LineString", "coordinates": [[31.5721281022334, 30.2509967335305], [31.5721296625988, 30.250996707232], [31.5723896488775, 30.2509922617194], [31.5724089633427, 30.250991818992], [31.5732767370483, 30.250955721035], [31.5744367283563, 30.2509074584755], [31.5761608083255, 30.2507788619317], [31.5774540843558, 30.2506995201217], [31.57763895654, 30.2506881767942], [31.5782169818502, 30.250652711174], [31.5784791012384, 30.2506366263419], [31.5793830831595, 30.2505811531172], [31.5793831955027, 30.2505811462151], [31.5793833234457, 30.25058113858], [31.5820946999004, 30.250414713039], [31.5844602856761, 30.2502694679429], [31.5869068733801, 30.2501192025461], [31.5913633982842, 30.249845373725], [31.5916350135425, 30.2498286833501], [31.5917851249478, 30.2498194590691]]}, "properties": {"OBJECTID": 1108, "اسم_الحي": "حي 15", "نوع_الطريق": "1", "اسم_القطاع": "ABOR 7", "موقف_التنفيذ": "جاري العمل ميدانيا", "موقف_المتخلص": "3", "Length": 0.1752358490566038, "Field": "رئيسي"}}, {"type": "Feature", "geometry": {"type": "LineString", "coordinates": [[31.5624832034436, 30.2809230464255], [31.5617697057121, 30.2816464709305], [31.5607808351408, 30.2824932290473], [31.5604303530771, 30.282793337107], [31.5582374482286, 30.2846709968148], [31.5582290971537, 30.2846781474287], [31.5578237444304, 30.2849397271016]]}, "properties": {"OBJECTID": 1114, "اسم_الحي": "حي 13", "نوع_الطريق": "1", "اسم_القطاع": "ABOR 5", "موقف_التنفيذ": "تم التسليم", "موقف_المتخلص": "3", "Length": 0.283013698630137, "Field": "رئيسي"}}, {"type": "Feature", "geometry": {"type": "LineString", "coordinates": [[31.561726913043, 30.2498548475728], [31.5617369298405, 30.2497041748045], [31.5617886283428, 30.2489262638903], [31.5617993805731, 30.2487644703753]]}, "properties": {"OBJECTID": 1118, "اسم_الحي": "حي 16", "نوع_الطريق": "2", "اسم_القطاع": "ABOR 10", "موقف_التنفيذ": "جاري العمل مكتبيا", "موقف_المتخلص": "3", "Length": 0.1752358490566038, "Field": "رئيسي"}}, {"type": "Feature", "geometry": {"type": "LineString", "coordinates": [[31.5616026426425, 30.2517248248532], [31.5602119768911, 30.2516551571792], [31.5588388141913, 30.251586351302], [31.5574366081643, 30.2515160760901]]}, "properties": {"OBJECTID": 1125, "اسم_الحي": "حي 16", "نوع_الطريق": "2", "اسم_القطاع": "ABOR 10", "موقف_التنفيذ": "جاري العمل مكتبيا", "موقف_المتخلص": "3", "Length": 0.1752358490566038, "Field": "رئيسي"}}, {"type": "Feature", "geometry": {"type": "LineString", "coordinates": [[31.590091413009, 30.2528946350558], [31.5909623806886, 30.2529296668563], [31.59096703106, 30.2529298540363]]}, "properties": {"OBJECTID": 1130, "اسم_الحي": "حي 15", "نوع_الطريق": "2", "اسم_القطاع": "ABOR 7", "موقف_التنفيذ": "جاري العمل ميدانيا", "موقف_المتخلص": "3", "Length": 0.1752358490566038, "Field": "رئيسي"}}, {"type": "Feature", "geometry": {"type": "LineString", "coordinates": [[31.5820024752366, 30.2521235151864], [31.5825394926763, 30.2521451490882], [31.5831730243845, 30.2521706689364], [31.5833056387663, 30.2521760104077], [31.583769486997, 30.2521946922118]]}, "properties": {"OBJECTID": 1133, "اسم_الحي": "حي 15", "نوع_الطريق": "2", "اسم_القطاع": "ABOR 7", "موقف_التنفيذ": "جاري العمل ميدانيا", "موقف_المتخلص": "3", "Length": 0.1752358490566038, "Field": "رئيسي"}}, {"type": "Feature", "geometry": {"type": "LineString", "coordinates": [[31.5904002448302, 30.2508937374117], [31.5903623039539, 30.2512151555412], [31.590335288049, 30.2514238977764], [31.5903064218067, 30.2516324546731], [31.5902756305449, 30.2518413128847], [31.590242983482, 30.2520499602425], [31.5902168820988, 30.2522086827941], [31.5901731987462, 30.2524606067875], [31.5901333133858, 30.2526777628211], [31.590091413009, 30.2528946350558]]}, "properties": {"OBJECTID": 1136, "اسم_الحي": "حي 15", "نوع_الطريق": "2", "اسم_القطاع": "ABOR 7", "موقف_التنفيذ": "جاري العمل ميدانيا", "موقف_المتخلص": "3", "Length": 0.1752358490566038, "Field": "رئيسي"}}, {"type": "Feature", "geometry": {"type": "LineString", "coordinates": [[31.5593117450457, 30.2698532155078], [31.5574313250749, 30.2691970295422]]}, "properties": {"OBJECTID": 1142, "اسم_الحي": "حي 14", "نوع_الطريق": "1", "اسم_القطاع": "ABOR 3", "موقف_التنفيذ": "تم التسليم", "موقف_المتخلص": "2", "Length": 0.283013698630137, "Field": "رئيسي"}}, {"type": "Feature", "geometry": {"type": "LineString", "coordinates": [[31.5530003526173, 30.2805905482661], [31.5538504238028, 30.2812551325539]]}, "properties": {"OBJECTID": 1149, "اسم_الحي": "حي 13", "نوع_الطريق": "1", "اسم_القطاع": "ABOR 6", "موقف_التنفيذ": "تم التسليم", "موقف_المتخلص": "3", "Length": 0.283013698630137, "Field": "رئيسي"}}, {"type": "Feature", "geometry": {"type": "LineString", "coordinates": [[31.589849006043, 30.2569028417816], [31.5897036719225, 30.2572837678355], [31.5895520595399, 30.2576628622548], [31.589421497116, 30.2579760076076], [31.5892866491438, 30.2582877940179], [31.5891475345482, 30.2585981777424], [31.5890041728525, 30.2589071152351], [31.5889512387985, 30.2590185722625]]}, "properties": {"OBJECTID": 1158, "اسم_الحي": "حي 15", "نوع_الطريق": "1", "اسم_القطاع": "ABOR 7", "موقف_التنفيذ": "جاري العمل ميدانيا", "موقف_المتخلص": "3", "Length": 0.1752358490566038, "Field": "رئيسي"}}, {"type": "Feature", "geometry": {"type": "LineString", "coordinates": [[31.5904061802783, 30.2552308326879], [31.5906809657423, 30.2552445110459], [31.5908193197382, 30.2552513982488]]}, "properties": {"OBJECTID": 1161, "اسم_الحي": "حي 15", "نوع_الطريق": "2", "اسم_القطاع": "ABOR 7", "موقف_التنفيذ": "جاري العمل ميدانيا", "موقف_المتخلص": "3", "Length": 0.1752358490566038, "Field": "رئيسي"}}, {"type": "Feature", "geometry": {"type": "LineString", "coordinates": [[31.589519868482, 30.255186711474], [31.5894588880723, 30.2553857544315], [31.5893961775668, 30.2555843954875]]}, "properties": {"OBJECTID": 1164, "اسم_الحي": "حي 15", "نوع_الطريق": "2", "اسم_القطاع": "ABOR 7", "موقف_التنفيذ": "جاري العمل ميدانيا", "موقف_المتخلص": "3", "Length": 0.1752358490566038, "Field": "رئيسي"}}, {"type": "Feature", "geometry": {"type": "LineString", "coordinates": [[31.5856331605406, 30.2573981548096], [31.5861414118698, 30.257423437533]]}, "properties": {"OBJECTID": 1167, "اسم_الحي": "حي 15", "نوع_الطريق": "2", "اسم_القطاع": "ABOR 7", "موقف_التنفيذ": "جاري العمل ميدانيا", "موقف_المتخلص": "3", "Length": 0.1752358490566038, "Field": "رئيسي"}}, {"type": "Feature", "geometry": {"type": "LineString", "coordinates": [[31.5810768178575, 30.2533432530318], [31.5810742245931, 30.2533719076779], [31.5810702282492, 30.2534004416831], [31.5810648360022, 30.2534288038082], [31.5810580575352, 30.2534569431224], [31.5810499050204, 30.2534848090952], [31.5810403930977, 30.2535123516871], [31.5810295388479, 30.253539521439], [31.5810173617624, 30.2535662695617], [31.581003883708, 30.2535925480231], [31.5809891288876, 30.2536183096343], [31.5809731237971, 30.2536435081348], [31.5809558971773, 30.2536680982753], [31.5809374799626, 30.2536920358988], [31.5809179052256, 30.2537152780202], [31.5808972081171, 30.2537377829035], [31.5808754258037, 30.2537595101361]]}, "properties": {"OBJECTID": 1172, "اسم_الحي": "حي 15", "نوع_الطريق": "2", "اسم_القطاع": "ABOR 7", "موقف_التنفيذ": "جاري العمل ميدانيا", "موقف_المتخلص": "3", "Length": 0.1752358490566038, "Field": "رئيسي"}}, {"type": "Feature", "geometry": {"type": "LineString", "coordinates": [[31.5819385419932, 30.2533081044023], [31.582403694879, 30.2533313049939], [31.5830940590956, 30.2533657379845], [31.5831173793994, 30.2533669006918], [31.5838419935984, 30.2534030374763], [31.5842752372093, 30.2534246403282]]}, "properties": {"OBJECTID": 1176, "اسم_الحي": "حي 15", "نوع_الطريق": "2", "اسم_القطاع": "ABOR 7", "موقف_التنفيذ": "جاري العمل ميدانيا", "موقف_المتخلص": "3", "Length": 0.1752358490566038, "Field": "رئيسي"}}, {"type": "Feature", "geometry": {"type": "LineString", "coordinates": [[31.5714947865907, 30.2570978812973], [31.572711808991, 30.2571585519985]]}, "properties": {"OBJECTID": 1179, "اسم_الحي": "حي 15", "نوع_الطريق": "2", "اسم_القطاع": "ABOR 8", "موقف_التنفيذ": "جاري العمل ميدانيا", "موقف_المتخلص": "3", "Length": 0.1752358490566038, "Field": "رئيسي"}}, {"type": "Feature", "geometry": {"type": "LineString", "coordinates": [[31.5663022281598, 30.2568276926798], [31.5676781014047, 30.2568970217575]]}, "properties": {"OBJECTID": 1184, "اسم_الحي": "حي 16", "نوع_الطريق": "2", "اسم_القطاع": "ABOR 9", "موقف_التنفيذ": "جاري العمل ميدانيا", "موقف_المتخلص": "3", "Length": 0.1752358490566038, "Field": "رئيسي"}}, {"type": "Feature", "geometry": {"type": "LineString", "coordinates": [[31.571491641737, 30.2528270974134], [31.572087926028, 30.2528568834832], [31.5723544772088, 30.2528701990655], [31.5728226226849, 30.2528935826373], [31.5731801609783, 30.2529114403246], [31.5736157031797, 30.2529331936412]]}, "properties": {"OBJECTID": 1187, "اسم_الحي": "حي 15", "نوع_الطريق": "2", "اسم_القطاع": "ABOR 8", "موقف_التنفيذ": "جاري العمل ميدانيا", "موقف_المتخلص": "3", "Length": 0.1752358490566038, "Field": "رئيسي"}}, {"type": "Feature", "geometry": {"type": "LineString", "coordinates": [[31.5774774157198, 30.2531259947729], [31.5773975943361, 30.2543305234707]]}, "properties": {"OBJECTID": 1191, "اسم_الحي": "حي 15", "نوع_الطريق": "1", "اسم_القطاع": "ABOR 7", "موقف_التنفيذ": "جاري العمل ميدانيا", "موقف_المتخلص": "3", "Length": 0.1752358490566038, "Field": "رئيسي"}}, {"type": "Feature", "geometry": {"type": "LineString", "coordinates": [[31.5710187126141, 30.2540127756597], [31.5697329950074, 30.2539484831877], [31.5681418653707, 30.2538689020953], [31.5665040699317, 30.2537869656055], [31.5665039234887, 30.2537869585889]]}, "properties": {"OBJECTID": 1198, "اسم_الحي": "حي 16", "نوع_الطريق": "2", "اسم_القطاع": "ABOR 9", "موقف_التنفيذ": "جاري العمل ميدانيا", "موقف_المتخلص": "3", "Length": 0.1752358490566038, "Field": "رئيسي"}}, {"type": "Feature", "geometry": {"type": "LineString", "coordinates": [[31.5601283157371, 30.2529159603692], [31.5587551275617, 30.2528472783883]]}, "properties": {"OBJECTID": 1201, "اسم_الحي": "حي 16", "نوع_الطريق": "2", "اسم_القطاع": "ABOR 10", "موقف_التنفيذ": "جاري العمل مكتبيا", "موقف_المتخلص": "3", "Length": 0.1752358490566038, "Field": "رئيسي"}}, {"type": "Feature", "geometry": {"type": "LineString", "coordinates": [[31.5148974925895, 30.2592459747923], [31.516792457604, 30.259768620145], [31.5178384681279, 30.2600571034059], [31.5184636133872, 30.2602295099396], [31.5204560333126, 30.2607789682743], [31.5219939879015, 30.2612030701423]]}, "properties": {"OBJECTID": 1204, "اسم_الحي": "حي 39", "نوع_الطريق": "1", "اسم_القطاع": "ABOR 19", "موقف_التنفيذ": "تم التسليم", "موقف_المتخلص": "3", "Length": 0.283013698630137, "Field": "رئيسي"}}, {"type": "Feature", "geometry": {"type": "LineString", "coordinates": [[31.51220627134, 30.2682389038343], [31.5119200223593, 30.2683204914389], [31.5085009475209, 30.2692116142357], [31.5076442380325, 30.2694348841916], [31.5061225088328, 30.2698548002134]]}, "properties": {"OBJECTID": 1215, "اسم_الحي": "حي 39", "نوع_الطريق": "1", "اسم_القطاع": "ABOR 21", "موقف_التنفيذ": "تم التسليم", "موقف_المتخلص": "3", "Length": 0.283013698630137, "Field": "رئيسي"}}, {"type": "Feature", "geometry": {"type": "LineString", "coordinates": [[31.5285157902831, 30.2651900016671], [31.530443126322, 30.2646633886373], [31.5312343224265, 30.264447196709], [31.5316595120589, 30.2643310134187], [31.5318945748413, 30.2642759566951]]}, "properties": {"OBJECTID": 1218, "اسم_الحي": "حي 39", "نوع_الطريق": "1", "اسم_القطاع": "ABOR 16", "موقف_التنفيذ": "تم التسليم", "موقف_المتخلص": "3", "Length": 0.283013698630137, "Field": "رئيسي"}}, {"type": "Feature", "geometry": {"type": "LineString", "coordinates": [[31.5055260647006, 30.2682862658836], [31.5055005869838, 30.2682129376645], [31.5054784479325, 30.268138805202], [31.505459681396, 30.2680639818379], [31.5054443160669, 30.2679885819707], [31.5054323754377, 30.2679127208804], [31.5054238777651, 30.2678365145527], [31.5054188360411, 30.2677600795011], [31.5054172579745, 30.2676835325895], [31.5054191459778, 30.2676069908526], [31.5054244971645, 30.2675305713178], [31.505433303353, 30.2674543908258], [31.5054455510791, 30.2673785658523], [31.5054612216171, 30.2673032123293], [31.5054802910075, 30.2672284454686], [31.5055027300947, 30.2671543795852], [31.5055285045708, 30.2670811279225]]}, "properties": {"OBJECTID": 1221, "اسم_الحي": "حي 39", "نوع_الطريق": "1", "اسم_القطاع": "ABOR 21", "موقف_التنفيذ": "تم التسليم", "موقف_المتخلص": "3", "Length": 0.283013698630137, "Field": "رئيسي"}}, {"type": "Feature", "geometry": {"type": "LineString", "coordinates": [[31.5131291328795, 30.2694670897575], [31.5132127661732, 30.2695787439912], [31.5137144230432, 30.2700430358629], [31.5144135908897, 30.2706849006681], [31.514527602562, 30.2707580487133], [31.5145287356051, 30.270758601129], [31.5163466324331, 30.2713993526629], [31.5172226506981, 30.2717081096933], [31.5174651083205, 30.2717914584246], [31.5182768879408, 30.2720684608679]]}, "properties": {"OBJECTID": 1224, "اسم_الحي": "حي 39", "نوع_الطريق": "1", "اسم_القطاع": "ABOR 17", "موقف_التنفيذ": "تم التسليم", "موقف_المتخلص": "3", "Length": 0.283013698630137, "Field": "رئيسي"}}, {"type": "Feature", "geometry": {"type": "LineString", "coordinates": [[31.526512035873, 30.2741713178719], [31.5272356595579, 30.274430772506], [31.5284600766473, 30.2748697717328], [31.5289666987436, 30.2750514112847], [31.5291928050245, 30.2751306705961], [31.5298792679203, 30.2753713004568], [31.53110766093, 30.2758018846251], [31.5318455197151, 30.2760605148349]]}, "properties": {"OBJECTID": 1227, "اسم_الحي": "حي 39", "نوع_الطريق": "1", "اسم_القطاع": "ABOR 16", "موقف_التنفيذ": "تم التسليم", "موقف_المتخلص": "3", "Length": 0.283013698630137, "Field": "رئيسي"}}, {"type": "Feature", "geometry": {"type": "LineString", "coordinates": [[31.5302665141774, 30.279510782734], [31.5312163363756, 30.2774131166162], [31.5315231505812, 30.2767355009386]]}, "properties": {"OBJECTID": 1233, "اسم_الحي": "حي 39", "نوع_الطريق": "1", "اسم_القطاع": "ABOR 12", "موقف_التنفيذ": "تم التسليم", "موقف_المتخلص": "3", "Length": 0.283013698630137, "Field": "رئيسي"}}, {"type": "Feature", "geometry": {"type": "LineString", "coordinates": [[31.5118109281898, 30.2583946041904], [31.5088746211903, 30.2558935952773], [31.5055107655228, 30.2586804526263], [31.5028609959461, 30.2614216215785], [31.5018935166733, 30.2624406847849], [31.5009807034788, 30.2632715908199], [31.500667425952, 30.2635735622367], [31.5003059366481, 30.2638322463002], [31.4981409518976, 30.2650463543201], [31.4954568487107, 30.2664078753596]]}, "properties": {"OBJECTID": 1254, "اسم_الحي": "حي 39", "نوع_الطريق": "1", "اسم_القطاع": "ABOR 21", "موقف_التنفيذ": "تم التسليم", "Length": 0.283013698630137, "Field": "رئيسي"}}, {"type": "Feature", "geometry": {"type": "LineString", "coordinates": [[31.4965971527237, 30.2680852730023], [31.4968891309743, 30.2685114816432], [31.4971112293985, 30.2688356807621], [31.4973615649385, 30.2692344279748], [31.4977106604905, 30.2701152695024], [31.4977130453972, 30.2701217995306]]}, "properties": {"OBJECTID": 1283, "اسم_الحي": "حي 39", "نوع_الطريق": "1", "اسم_القطاع": "ABOR 22", "موقف_التنفيذ": "تم التسليم", "موقف_المتخلص": "3", "Length": 0.283013698630137, "Field": "رئيسي"}}, {"type": "Feature", "geometry": {"type": "LineString", "coordinates": [[31.5091811381258, 30.2734026987329], [31.5076951059204, 30.273226658983], [31.5072902976892, 30.2731794502872]]}, "properties": {"OBJECTID": 1287, "اسم_الحي": "حي 39", "نوع_الطريق": "1", "اسم_القطاع": "ABOR 14", "موقف_التنفيذ": "تم التسليم", "موقف_المتخلص": "3", "Length": 0.283013698630137, "Field": "رئيسي"}}, {"type": "Feature", "geometry": {"type": "LineString", "coordinates": [[31.498391609163, 30.2719795946346], [31.4985588451812, 30.2724374469904], [31.4990392265811, 30.2733165705298]]}, "properties": {"OBJECTID": 1291, "اسم_الحي": "حي 39", "نوع_الطريق": "1", "اسم_القطاع": "ABOR 22", "موقف_التنفيذ": "تم التسليم", "موقف_المتخلص": "3", "Length": 0.283013698630137, "Field": "رئيسي"}}, {"type": "Feature", "geometry": {"type": "LineString", "coordinates": [[31.5130990377652, 30.2738667426466], [31.5128276050701, 30.2756086277764]]}, "properties": {"OBJECTID": 1294, "اسم_الحي": "حي 39", "نوع_الطريق": "2", "اسم_القطاع": "ABOR 14", "موقف_التنفيذ": "تم التسليم", "موقف_المتخلص": "3", "Length": 0.283013698630137, "Field": "رئيسي"}}, {"type": "Feature", "geometry": {"type": "LineString", "coordinates": [[31.5136116100269, 30.265341235128], [31.5131215174807, 30.2656391115785]]}, "properties": {"OBJECTID": 1297, "اسم_الحي": "حي 39", "نوع_الطريق": "2", "اسم_القطاع": "ABOR 20", "موقف_التنفيذ": "تم التسليم", "موقف_المتخلص": "3", "Length": 0.283013698630137, "Field": "رئيسي"}}, {"type": "Feature", "geometry": {"type": "LineString", "coordinates": [[31.5104910050121, 30.2608737382294], [31.5104766147849, 30.2609032025097], [31.5102513445579, 30.261488836699]]}, "properties": {"OBJECTID": 1304, "اسم_الحي": "حي 39", "نوع_الطريق": "2", "اسم_القطاع": "ABOR 20", "موقف_التنفيذ": "تم التسليم", "موقف_المتخلص": "3", "Length": 0.283013698630137, "Field": "رئيسي"}}, {"type": "Feature", "geometry": {"type": "LineString", "coordinates": [[31.5096579681512, 30.2630313975274], [31.5094655278273, 30.26353165969]]}, "properties": {"OBJECTID": 1311, "اسم_الحي": "حي 39", "نوع_الطريق": "2", "اسم_القطاع": "ABOR 20", "موقف_التنفيذ": "تم التسليم", "موقف_المتخلص": "3", "Length": 0.283013698630137, "Field": "رئيسي"}}, {"type": "Feature", "geometry": {"type": "LineString", "coordinates": [[31.5062301879745, 30.2652573002795], [31.5055285045708, 30.2670811279225]]}, "properties": {"OBJECTID": 1316, "اسم_الحي": "حي 39", "نوع_الطريق": "1", "اسم_القطاع": "ABOR 21", "موقف_التنفيذ": "تم التسليم", "موقف_المتخلص": "3", "Length": 0.283013698630137, "Field": "رئيسي"}}, {"type": "Feature", "geometry": {"type": "LineString", "coordinates": [[31.5112030074219, 30.263998304186], [31.511820466305, 30.264164132724], [31.5128948701722, 30.2644526719729]]}, "properties": {"OBJECTID": 1321, "اسم_الحي": "حي 39", "نوع_الطريق": "2", "اسم_القطاع": "ABOR 20", "موقف_التنفيذ": "تم التسليم", "موقف_المتخلص": "3", "Length": 0.283013698630137, "Field": "رئيسي"}}, {"type": "Feature", "geometry": {"type": "LineString", "coordinates": [[31.5139831280981, 30.2635166577102], [31.5134262994036, 30.2633682784612], [31.5133225997557, 30.2633406446011], [31.5133225997557, 30.2633406446011]]}, "properties": {"OBJECTID": 1327, "اسم_الحي": "حي 39", "نوع_الطريق": "2", "اسم_القطاع": "ABOR 20", "موقف_التنفيذ": "تم التسليم", "موقف_المتخلص": "3", "Length": 0.283013698630137, "Field": "رئيسي"}}, {"type": "Feature", "geometry": {"type": "LineString", "coordinates": [[31.515884967301, 30.2658642153143], [31.5165489812744, 30.2656837730049]]}, "properties": {"OBJECTID": 1331, "اسم_الحي": "حي 39", "نوع_الطريق": "2", "اسم_القطاع": "ABOR 20", "موقف_التنفيذ": "تم التسليم", "موقف_المتخلص": "3", "Length": 0.283013698630137, "Field": "رئيسي"}}, {"type": "Feature", "geometry": {"type": "LineString", "coordinates": [[31.5219562072066, 30.2655044648281], [31.5198781903925, 30.2660692369575], [31.51790343356, 30.2666059089269], [31.5179017740556, 30.2666063602268]]}, "properties": {"OBJECTID": 1335, "اسم_الحي": "حي 39", "نوع_الطريق": "1", "اسم_القطاع": "ABOR 19", "موقف_التنفيذ": "تم التسليم", "موقف_المتخلص": "3", "Length": 0.283013698630137, "Field": "رئيسي"}}, {"type": "Feature", "geometry": {"type": "LineString", "coordinates": [[31.5061225088328, 30.2698548002134], [31.5031693816531, 30.2706696445624], [31.5030189003994, 30.2707110606649], [31.49868335095, 30.2719042355886], [31.498391609163, 30.2719795946346]]}, "properties": {"OBJECTID": 1340, "اسم_الحي": "حي 39", "نوع_الطريق": "1", "اسم_القطاع": "ABOR 21", "موقف_التنفيذ": "تم التسليم", "موقف_المتخلص": "3", "Length": 0.283013698630137, "Field": "رئيسي"}}, {"type": "Feature", "geometry": {"type": "LineString", "coordinates": [[31.5061225088328, 30.2698548002134], [31.5066533259004, 30.2712507104402]]}, "properties": {"OBJECTID": 1343, "اسم_الحي": "حي 39", "نوع_الطريق": "1", "اسم_القطاع": "ABOR 21", "موقف_التنفيذ": "تم التسليم", "موقف_المتخلص": "3", "Length": 0.283013698630137, "Field": "رئيسي"}}, {"type": "Feature", "geometry": {"type": "LineString", "coordinates": [[31.5223810634499, 30.2668723119042], [31.5223815299932, 30.2668721845349], [31.5224205042534, 30.2668614993197]]}, "properties": {"OBJECTID": 1348, "اسم_الحي": "حي 39", "نوع_الطريق": "1", "اسم_القطاع": "ABOR 19", "موقف_التنفيذ": "تم التسليم", "موقف_المتخلص": "3", "Length": 0.283013698630137, "Field": "رئيسي"}}, {"type": "Feature", "geometry": {"type": "LineString", "coordinates": [[31.5179017740556, 30.2666063602268], [31.516922786806, 30.2668724019331], [31.5166500532412, 30.2669465163193], [31.5148319610907, 30.267477710373], [31.5130364082976, 30.2680022900277]]}, "properties": {"OBJECTID": 1353, "اسم_الحي": "حي 39", "نوع_الطريق": "1", "اسم_القطاع": "ABOR 20", "موقف_التنفيذ": "تم التسليم", "موقف_المتخلص": "3", "Length": 0.283013698630137, "Field": "رئيسي"}}, {"type": "Feature", "geometry": {"type": "LineString", "coordinates": [[31.5131274638072, 30.2694648611343], [31.5104710188462, 30.2701976712699], [31.5066533259004, 30.2712507104402]]}, "properties": {"OBJECTID": 1357, "اسم_الحي": "حي 39", "نوع_الطريق": "1", "اسم_القطاع": "ABOR 21", "موقف_التنفيذ": "تم التسليم", "موقف_المتخلص": "3", "Length": 0.283013698630137, "Field": "رئيسي"}}, {"type": "Feature", "geometry": {"type": "LineString", "coordinates": [[31.5223810634499, 30.2668723119042], [31.5227169116417, 30.2679530787199]]}, "properties": {"OBJECTID": 1360, "اسم_الحي": "حي 39", "نوع_الطريق": "1", "اسم_القطاع": "ABOR 17", "موقف_التنفيذ": "تم التسليم", "موقف_المتخلص": "3", "Length": 0.283013698630137, "Field": "رئيسي"}}, {"type": "Feature", "geometry": {"type": "LineString", "coordinates": [[31.5183245001331, 30.2679669208747], [31.5179017740556, 30.2666063602268]]}, "properties": {"OBJECTID": 1365, "اسم_الحي": "حي 39", "نوع_الطريق": "1", "اسم_القطاع": "ABOR 20", "موقف_التنفيذ": "تم التسليم", "موقف_المتخلص": "3", "Length": 0.283013698630137, "Field": "رئيسي"}}, {"type": "Feature", "geometry": {"type": "LineString", "coordinates": [[31.5312322976621, 30.2621626207912], [31.5314676610004, 30.2629025192544]]}, "properties": {"OBJECTID": 1368, "اسم_الحي": "حي 39", "نوع_الطريق": "1", "اسم_القطاع": "ABOR 18", "موقف_التنفيذ": "تم التسليم", "موقف_المتخلص": "3", "Length": 0.283013698630137, "Field": "رئيسي"}}, {"type": "Feature", "geometry": {"type": "LineString", "coordinates": [[31.5273991764807, 30.2654950836971], [31.5269784941313, 30.2641415000446]]}, "properties": {"OBJECTID": 1371, "اسم_الحي": "حي 39", "نوع_الطريق": "1", "اسم_القطاع": "ABOR 18", "موقف_التنفيذ": "تم التسليم", "موقف_المتخلص": "3", "Length": 0.283013698630137, "Field": "رئيسي"}}, {"type": "Feature", "geometry": {"type": "LineString", "coordinates": [[31.5318945748413, 30.2642759566951], [31.5324307723687, 30.2641503658879], [31.5334415471592, 30.2639136096065], [31.5340175053403, 30.26377869759], [31.5368844729003, 30.2631070991744]]}, "properties": {"OBJECTID": 1374, "اسم_الحي": "حي 39", "نوع_الطريق": "1", "اسم_القطاع": "ABOR 16", "موقف_التنفيذ": "تم التسليم", "موقف_المتخلص": "3", "Length": 0.283013698630137, "Field": "رئيسي"}}, {"type": "Feature", "geometry": {"type": "LineString", "coordinates": [[31.5273991764807, 30.2654950836971], [31.5285157902831, 30.2651900016671]]}, "properties": {"OBJECTID": 1377, "اسم_الحي": "حي 39", "نوع_الطريق": "1", "اسم_القطاع": "ABOR 16", "موقف_التنفيذ": "تم التسليم", "موقف_المتخلص": "3", "Length": 0.283013698630137, "Field": "رئيسي"}}, {"type": "Feature", "geometry": {"type": "LineString", "coordinates": [[31.5303819263626, 30.2678402356431], [31.528305263761, 30.2684103699709]]}, "properties": {"OBJECTID": 1381, "اسم_الحي": "حي 39", "نوع_الطريق": "1", "اسم_القطاع": "ABOR 16", "موقف_التنفيذ": "تم التسليم", "موقف_المتخلص": "3", "Length": 0.283013698630137, "Field": "رئيسي"}}, {"type": "Feature", "geometry": {"type": "LineString", "coordinates": [[31.5259227816787, 30.2708690897916], [31.5256758019159, 30.2714145720623]]}, "properties": {"OBJECTID": 1384, "اسم_الحي": "حي 39", "نوع_الطريق": "1", "اسم_القطاع": "ABOR 17", "موقف_التنفيذ": "تم التسليم", "موقف_المتخلص": "3", "Length": 0.283013698630137, "Field": "رئيسي"}}, {"type": "Feature", "geometry": {"type": "LineString", "coordinates": [[31.5521220474753, 30.2727976233452], [31.5521268737524, 30.2727895661198], [31.5527235705662, 30.2717934122109], [31.5528621441403, 30.2715505614926], [31.5529985926073, 30.2713068142918], [31.5531329082027, 30.2710621844723], [31.5532650832833, 30.2708166859479], [31.5533242754811, 30.270705148855], [31.5533830259354, 30.270593437562], [31.5534095896609, 30.2705425924761]]}, "properties": {"OBJECTID": 1400, "اسم_الحي": "حي 14", "نوع_الطريق": "1", "اسم_القطاع": "ABOR 3", "موقف_التنفيذ": "تم التسليم", "موقف_المتخلص": "2", "Length": 0.283013698630137, "Field": "رئيسي"}}, {"type": "Feature", "geometry": {"type": "LineString", "coordinates": [[31.5219177439164, 30.269698299685], [31.5225197531745, 30.2695573499936]]}, "properties": {"OBJECTID": 1405, "اسم_الحي": "حي 39", "نوع_الطريق": "2", "اسم_القطاع": "ABOR 17", "موقف_التنفيذ": "تم التسليم", "موقف_المتخلص": "3", "Length": 0.283013698630137, "Field": "رئيسي"}}, {"type": "Feature", "geometry": {"type": "LineString", "coordinates": [[31.5194842164966, 30.2709489065988], [31.5205921766221, 30.2713269502052], [31.5208369077696, 30.2714136189463]]}, "properties": {"OBJECTID": 1409, "اسم_الحي": "حي 39", "نوع_الطريق": "2", "اسم_القطاع": "ABOR 17", "موقف_التنفيذ": "تم التسليم", "موقف_المتخلص": "3", "Length": 0.283013698630137, "Field": "رئيسي"}}, {"type": "Feature", "geometry": {"type": "LineString", "coordinates": [[31.5148227252261, 30.2699966099685], [31.5148534813874, 30.2700253223449], [31.5149197090001, 30.2700772575419], [31.5149924303189, 30.2701222490467], [31.5150706747153, 30.270159696357], [31.5151134715852, 30.2701761102411], [31.5185848648413, 30.2713884680619]]}, "properties": {"OBJECTID": 1412, "اسم_الحي": "حي 39", "نوع_الطريق": "1", "اسم_القطاع": "ABOR 17", "موقف_التنفيذ": "تم التسليم", "موقف_المتخلص": "3", "Length": 0.283013698630137, "Field": "رئيسي"}}, {"type": "Feature", "geometry": {"type": "LineString", "coordinates": [[31.5296312015109, 30.2721914400736], [31.5292921783541, 30.272902702438], [31.5292851927749, 30.2729322799385], [31.5292848407111, 30.2729624649085], [31.529291134986, 30.2729921579177], [31.5293038463424, 30.2730202774556], [31.5293225117934, 30.2730457993231], [31.5293464514852, 30.2730677939369], [31.5293747934601, 30.2730854601874], [31.5293902979786, 30.2730924622537]]}, "properties": {"OBJECTID": 1417, "اسم_الحي": "حي 39", "نوع_الطريق": "2", "اسم_القطاع": "ABOR 16", "موقف_التنفيذ": "تم التسليم", "موقف_المتخلص": "3", "Length": 0.283013698630137, "Field": "رئيسي"}}, {"type": "Feature", "geometry": {"type": "LineString", "coordinates": [[31.5262040570914, 30.2748514302133], [31.5262040742874, 30.2748513925114], [31.526512035873, 30.2741713178719]]}, "properties": {"OBJECTID": 1425, "اسم_الحي": "حي 39", "نوع_الطريق": "1", "اسم_القطاع": "ABOR 16", "موقف_التنفيذ": "تم التسليم", "موقف_المتخلص": "3", "Length": 0.283013698630137, "Field": "رئيسي"}}, {"type": "Feature", "geometry": {"type": "LineString", "coordinates": [[31.5299620909241, 30.2761883175731], [31.529409238959, 30.2774092707581]]}, "properties": {"OBJECTID": 1428, "اسم_الحي": "حي 39", "نوع_الطريق": "1", "اسم_القطاع": "ABOR 12", "موقف_التنفيذ": "تم التسليم", "موقف_المتخلص": "3", "Length": 0.283013698630137, "Field": "رئيسي"}}, {"type": "Feature", "geometry": {"type": "LineString", "coordinates": [[31.5324605297057, 30.2747021816497], [31.5318455197151, 30.2760605148349]]}, "properties": {"OBJECTID": 1432, "اسم_الحي": "حي 39", "نوع_الطريق": "1", "اسم_القطاع": "ABOR 16", "موقف_التنفيذ": "تم التسليم", "موقف_المتخلص": "3", "Length": 0.283013698630137, "Field": "رئيسي"}}, {"type": "Feature", "geometry": {"type": "LineString", "coordinates": [[31.5194347630009, 30.2739900449991], [31.5200817566894, 30.2742174732451]]}, "properties": {"OBJECTID": 1438, "اسم_الحي": "حي 39", "نوع_الطريق": "2", "اسم_القطاع": "ABOR 13", "موقف_التنفيذ": "تم التسليم", "موقف_المتخلص": "3", "Length": 0.283013698630137, "Field": "رئيسي"}}, {"type": "Feature", "geometry": {"type": "LineString", "coordinates": [[31.522499327951, 30.2735416961951], [31.521903331075, 30.2748577137137]]}, "properties": {"OBJECTID": 1442, "اسم_الحي": "حي 39", "نوع_الطريق": "1", "اسم_القطاع": "ABOR 13", "موقف_التنفيذ": "تم التسليم", "موقف_المتخلص": "3", "Length": 0.283013698630137, "Field": "رئيسي"}}, {"type": "Feature", "geometry": {"type": "LineString", "coordinates": [[31.5248906685736, 30.2759076530885], [31.5256111049528, 30.2761608326597]]}, "properties": {"OBJECTID": 1445, "اسم_الحي": "حي 39", "نوع_الطريق": "2", "اسم_القطاع": "ABOR 13", "موقف_التنفيذ": "تم التسليم", "موقف_المتخلص": "3", "Length": 0.283013698630137, "Field": "رئيسي"}}, {"type": "Feature", "geometry": {"type": "LineString", "coordinates": [[31.5131215174807, 30.2656391115785], [31.5129747965216, 30.2657282871548]]}, "properties": {"OBJECTID": 1471, "اسم_الحي": "حي 39", "نوع_الطريق": "2", "اسم_القطاع": "ABOR 20", "موقف_التنفيذ": "تم التسليم", "موقف_المتخلص": "3", "Length": 0.283013698630137, "Field": "رئيسي"}}, {"type": "Feature", "geometry": {"type": "LineString", "coordinates": [[31.5567435748314, 30.2645355155398], [31.5566723586146, 30.2645814344956], [31.5566618856838, 30.2645884389641], [31.5565153282295, 30.2646901735203], [31.5565137793219, 30.2646912491089], [31.5565125297838, 30.2646921818282], [31.5564923371528, 30.2647067842006], [31.5564722253128, 30.2647214695107], [31.5563380781057, 30.2648232851808], [31.5562078273226, 30.2649288073506], [31.5560816101882, 30.2650379248362], [31.5559595596774, 30.2651505226659], [31.5558418043757, 30.2652664822015], [31.5557284683432, 30.265385681263], [31.5556196709841, 30.2655079942577], [31.5555155269211, 30.2656332923122], [31.5554901504754, 30.2656651586247], [31.5554650636531, 30.2656971955389]]}, "properties": {"OBJECTID": 1475, "اسم_الحي": "حي 14", "نوع_الطريق": "2", "اسم_القطاع": "ABOR 2", "موقف_التنفيذ": "تم التسليم", "موقف_المتخلص": "2", "Length": 0.283013698630137, "Field": "رئيسي"}}, {"type": "Feature", "geometry": {"type": "LineString", "coordinates": [[31.5140250968227, 30.2692083971645], [31.5148227252261, 30.2699966099685]]}, "properties": {"OBJECTID": 1479, "اسم_الحي": "حي 39", "نوع_الطريق": "1", "اسم_القطاع": "ABOR 17", "موقف_التنفيذ": "تم التسليم", "موقف_المتخلص": "3", "Length": 0.283013698630137, "Field": "رئيسي"}}, {"type": "Feature", "geometry": {"type": "LineString", "coordinates": [[31.4965971530644, 30.2680852730893], [31.4981705747424, 30.2672896077899], [31.4985355207165, 30.2671050522368]]}, "properties": {"OBJECTID": 1483, "اسم_الحي": "حي 39", "نوع_الطريق": "2", "اسم_القطاع": "ABOR 21", "موقف_التنفيذ": "تم التسليم", "Length": 0.283013698630137, "Field": "رئيسي"}}, {"type": "Feature", "geometry": {"type": "Polygon", "coordinates": [[[31.5916350132326, 30.2498286799756], [31.578479101455, 30.2506366263611], [31.5779558651413, 30.2594763568394], [31.5889982539561, 30.2594820008942], [31.5895040333088, 30.2584504959876], [31.5899668462415, 30.2573401293929], [31.5903757809184, 30.2562140807614], [31.5907301303654, 30.2550742995337], [31.5910292810331, 30.2539227592888], [31.591272715492, 30.2527614515416], [31.5914600115337, 30.2515923880729], [31.5915908448667, 30.2504175923974], [31.5916350132326, 30.2498286799756]]]}, "properties": {"OBJECTID": 2, "اسم_القطاع": "القطاع السابع"}}, {"type": "Feature", "geometry": {"type": "Polygon", "coordinates": [[[31.5273634229745, 30.2654949650446], [31.5278046251364, 30.2713215819524], [31.5364578447401, 30.2784650524187], [31.5365254842877, 30.2758472937817], [31.5367194143879, 30.2683411229446], [31.5367777249313, 30.266084063626], [31.5368844726348, 30.2631070992947], [31.5273634229745, 30.2654949650446]]]}, "properties": {"OBJECTID": 5, "اسم_القطاع": "القطاع السادس عشر"}}, {"type": "Feature", "geometry": {"type": "Polygon", "coordinates": [[[31.5543454741732, 30.2682210675743], [31.5541456816675, 30.2688122538986], [31.5539182282376, 30.2693959327057], [31.5536634884809, 30.269971139762], [31.5533818846056, 30.2705369240431], [31.5530738819391, 30.2710923508369], [31.5527399907244, 30.2716365017413], [31.5523807607305, 30.2721684762152], [31.5519967875404, 30.272687397007], [31.5632544522231, 30.2802382969276], [31.558580657937, 30.2714259563889], [31.5543454741732, 30.2682210675743]]]}, "properties": {"OBJECTID": 8, "اسم_القطاع": "القطاع الثالث"}}, {"type": "Feature", "geometry": {"type": "Polygon", "coordinates": [[[31.5478244562021, 30.2695474904926], [31.5519967875404, 30.2726873946796], [31.5523807607305, 30.2721684738878], [31.5527399907244, 30.2716364994139], [31.5530738819391, 30.2710923485093], [31.5533818846056, 30.2705369217156], [31.5536634884809, 30.2699711374344], [31.5539182282376, 30.2693959303782], [31.5541456816675, 30.268812251571], [31.5543454741732, 30.2682210652468], [31.5504279391855, 30.2623209822171], [31.5502276247586, 30.2631925142243], [31.5499990969436, 30.2640588447185], [31.5497425363018, 30.2649192926152], [31.5494581440559, 30.2657731815086], [31.549146142988, 30.2666198404458], [31.548806780135, 30.2674586039268], [31.5484403204996, 30.2682888126794], [31.5480470533396, 30.2691098136582], [31.5478244562021, 30.2695474904926]]]}, "properties": {"OBJECTID": 11, "اسم_القطاع": "القطاع الرابع"}}, {"type": "Feature", "geometry": {"type": "Polygon", "coordinates": [[[31.5260796657548, 30.2749614969988], [31.5250946199266, 30.2788342438092], [31.528725134198, 30.2793303141163], [31.5351451680564, 30.2800818668155], [31.5353901898384, 30.2800875213222], [31.5357296820488, 30.2800173073604], [31.5359962723808, 30.2798841287681], [31.5361322117378, 30.2797769178335], [31.5362465708667, 30.2796523289316], [31.5363364122766, 30.2795135627959], [31.5364087024024, 30.2793333869209], [31.5364578447401, 30.2784650524187], [31.5260796657548, 30.2749614969988]]]}, "properties": {"OBJECTID": 14, "اسم_القطاع": "القطاع الثاني عشر"}}, {"type": "Feature", "geometry": {"type": "Polygon", "coordinates": [[[31.4989888348634, 30.2733093686068], [31.4949117626744, 30.2666843606099], [31.4940353186725, 30.2671388937578], [31.4932900358887, 30.2675858539823], [31.492882965216, 30.2679182541339], [31.4925287424314, 30.2682930868488], [31.4916459653068, 30.2691065341586], [31.4909623249177, 30.2696504741802], [31.4893214334736, 30.2710077349027], [31.4889810546259, 30.2712819689335], [31.4889248209875, 30.2713542807771], [31.4888973487095, 30.2714380934313], [31.4889013489074, 30.2715251319007], [31.4890255275207, 30.2720014874815], [31.4890532180894, 30.272191212437], [31.4890319450851, 30.2723703928583], [31.487439780957, 30.2742621493565], [31.4871842147502, 30.2747369028136], [31.4872161408755, 30.275041335259], [31.4873240249478, 30.2753324680579], [31.4875026926713, 30.275596343237], [31.4883795759494, 30.2764693112996], [31.4968428827188, 30.2739164663609], [31.4989888348634, 30.2733093686068]]]}, "properties": {"OBJECTID": 17, "اسم_القطاع": "القطاع الثاني و عشرون"}}, {"type": "Feature", "geometry": {"type": "Polygon", "coordinates": [[[31.5250242629753, 30.262034754099], [31.5369898953233, 30.2615847309364], [31.5357053754339, 30.260037578682], [31.5353592087408, 30.2598832470492], [31.5349856919407, 30.259787679441], [31.5345980590141, 30.2597542598143], [31.5342100416086, 30.2597841738374], [31.5332523979898, 30.2599628826427], [31.532841583139, 30.2601389165385], [31.5324854478413, 30.2603884657243], [31.5322013241916, 30.2606993866156], [31.529122829154, 30.2613747738902], [31.5287725706348, 30.2612748448053], [31.5284073336066, 30.2612302363172], [31.5280387296927, 30.261242366085], [31.5276784810093, 30.2613108500135], [31.5250242629753, 30.262034754099]]]}, "properties": {"OBJECTID": 20, "اسم_القطاع": "القطاع الثامن عشر"}}, {"type": "Feature", "geometry": {"type": "Polygon", "coordinates": [[[31.5595874079608, 30.2695913682383], [31.5610390674936, 30.2684479894797], [31.5621067735992, 30.2688537710684], [31.5630378091193, 30.2692936183047], [31.5645517982581, 30.2701396215577], [31.5652265210714, 30.2705960014857], [31.5658519667997, 30.2710727347495], [31.56639652283, 30.2715422163761], [31.5681601519897, 30.2732451064876], [31.5699657926602, 30.2747190880895], [31.5741091820767, 30.2723635159905], [31.5707351997011, 30.2689838845173], [31.5691615193082, 30.2676006426048], [31.5674218464206, 30.2663827752828], [31.5658211878232, 30.2654726571064], [31.5650995460026, 30.2651192968895], [31.5640242132002, 30.2646515326066], [31.5618142659731, 30.2639789036438], [31.5590777173433, 30.2632672776374], [31.5558925302977, 30.264332452625], [31.5543454741732, 30.2682210667985], [31.5574494562121, 30.269205785719], [31.55815405789, 30.269429304052], [31.5595874079608, 30.2695913682383]]]}, "properties": {"OBJECTID": 23, "اسم_القطاع": "القطاع الثاني"}}, {"type": "Feature", "geometry": {"type": "MultiPolygon", "coordinates": [[[[31.57212965272, 30.2509967362471], [31.5720055289039, 30.2509978699666], [31.5720882781146, 30.2509971808886], [31.57212965272, 30.2509967362471]]], [[[31.57212965272, 30.2509967362471], [31.5718129579548, 30.2519446159179], [31.5715409974941, 30.2526960414978], [31.5712268485544, 30.2535056590183], [31.5708358981495, 30.2544412938631], [31.5703731328275, 30.2554787435527], [31.5695768841259, 30.2572514263735], [31.5770595288458, 30.2594315931259], [31.5888663929505, 30.2597215361764], [31.5893800038159, 30.2587254114401], [31.589856163917, 30.2576192667199], [31.5902786380019, 30.2564969566896], [31.5906466957401, 30.2553604253371], [31.5909596984295, 30.2542116384608], [31.5912171052843, 30.253052584449], [31.5914184698417, 30.2518852704039], [31.5915634435555, 30.2507117174884], [31.5793833231621, 30.2505811382894], [31.5776389565771, 30.2506881770221], [31.5729951229024, 30.2509709035777], [31.57212965272, 30.2509967362471]]]]}, "properties": {"OBJECTID": 3}}, {"type": "Feature", "geometry": {"type": "Polygon", "coordinates": [[[31.5378125670706, 30.2604854480146], [31.5369898953233, 30.2615847309364], [31.5367904450757, 30.2655917188401], [31.5367224426087, 30.2682239048675], [31.5365404654917, 30.2752674539644], [31.5364578447401, 30.2784650524187], [31.5364087024024, 30.2793333869209], [31.5363364122766, 30.2795135627959], [31.5362465708667, 30.2796523289316], [31.5361322117378, 30.2797769178335], [31.5359962723808, 30.2798841287681], [31.5375257673397, 30.2811316833479], [31.5386057255675, 30.2803435896871], [31.5398288572853, 30.2793715995383], [31.5409995004411, 30.2783525367525], [31.5421152277869, 30.2772885115396], [31.5431737279576, 30.2761817280081], [31.5441728090637, 30.2750344771976], [31.5451103986921, 30.273849135542], [31.5459845555833, 30.2726281571255], [31.5467327507053, 30.2714731150432], [31.5472541867951, 30.270594430422], [31.5477436239962, 30.269702114169], [31.5482005853031, 30.2687970348629], [31.5486779284856, 30.2677586233746], [31.5492540055008, 30.2663363000502], [31.5497511493487, 30.2648919118495], [31.5501682353385, 30.2634287242998], [31.5476424584238, 30.2620507469807], [31.5461863261792, 30.2619205071826], [31.5447427874166, 30.2617102622178], [31.543317726101, 30.2614208697252], [31.5419169543324, 30.261053507611], [31.5409152160096, 30.26080022643], [31.5398924229731, 30.2606203661421], [31.5388557743218, 30.2605151926658], [31.5378125670706, 30.2604854480146], [31.5378125670706, 30.2604854480146]]]}, "properties": {"OBJECTID": 6}}]}